mtllib jaro-letter-d.mtl
o D
usemtl plastic
v -0.738066 -7.155088 -2.873884
v -0.738066 -14.849261 -2.873884
v -5.950247 -19.382160 -2.873884
v -5.950247 -19.382160 -2.873884
v -0.738066 -14.849261 -2.873884
v 0.189415 -14.849261 -2.873884
v -5.929836 -19.525038 -2.873884
v -5.945144 -19.458702 -2.873884
v -5.950247 -19.382160 -2.873884
v -5.868602 -19.627093 -2.873884
v -5.904322 -19.581168 -2.873884
v -5.929836 -19.525038 -2.873884
v -5.766547 -19.688327 -2.873884
v -5.822678 -19.662813 -2.873884
v -5.868602 -19.627093 -2.873884
v -5.623669 -19.708738 -2.873884
v -5.700211 -19.703635 -2.873884
v -5.766547 -19.688327 -2.873884
v 2.679979 -19.705268 -2.873884
v 2.606090 -19.708738 -2.873884
v -5.623669 -19.708738 -2.873884
v 2.820407 -19.677509 -2.873884
v 2.751417 -19.694858 -2.873884
v 2.679979 -19.705268 -2.873884
v 2.951038 -19.621991 -2.873884
v 2.886948 -19.653220 -2.873884
v 2.820407 -19.677509 -2.873884
v 3.071872 -19.538713 -2.873884
v 3.012679 -19.583822 -2.873884
v 2.951038 -19.621991 -2.873884
v 5.741237 -16.874043 -2.873884
v 3.128615 -19.486665 -2.873884
v 3.071872 -19.538713 -2.873884
v 5.832678 -16.763007 -2.873884
v 5.790224 -16.820158 -2.873884
v 5.741237 -16.874043 -2.873884
v 5.897994 -16.638907 -2.873884
v 5.868601 -16.702590 -2.873884
v 5.832678 -16.763007 -2.873884
v 5.937184 -16.501744 -2.873884
v 5.920855 -16.571958 -2.873884
v 5.897994 -16.638907 -2.873884
v 5.950246 -16.351519 -2.873884
v 5.946980 -16.428264 -2.873884
v 5.937184 -16.501744 -2.873884
v 5.946980 -5.565879 -2.873884
v 5.950246 -5.639768 -2.873884
v 5.950246 -16.351519 -2.873884
v 5.920855 -5.425451 -2.873884
v 5.937184 -5.494441 -2.873884
v 5.946980 -5.565879 -2.873884
v 5.868601 -5.294820 -2.873884
v 5.897994 -5.358911 -2.873884
v 5.920855 -5.425451 -2.873884
v 5.790224 -5.173986 -2.873884
v 5.832678 -5.233179 -2.873884
v 5.868601 -5.294820 -2.873884
v 3.128615 -2.504622 -2.873884
v 5.741237 -5.117244 -2.873884
v 5.790224 -5.173986 -2.873884
v 3.012679 -2.413180 -2.873884
v 3.071872 -2.455635 -2.873884
v 3.128615 -2.504622 -2.873884
v 2.886948 -2.347864 -2.873884
v 2.951038 -2.377256 -2.873884
v 3.012679 -2.413180 -2.873884
v 2.751417 -2.308675 -2.873884
v 2.820407 -2.325004 -2.873884
v 2.886948 -2.347864 -2.873884
v 2.606090 -2.295612 -2.873884
v 2.679979 -2.298877 -2.873884
v 2.751417 -2.308675 -2.873884
v -5.700211 -2.300715 -2.873884
v -5.623669 -2.295612 -2.873884
v 2.606090 -2.295612 -2.873884
v -5.822678 -2.341537 -2.873884
v -5.766547 -2.316022 -2.873884
v -5.700211 -2.300715 -2.873884
v -5.904322 -2.423182 -2.873884
v -5.868602 -2.377256 -2.873884
v -5.822678 -2.341537 -2.873884
v -5.945144 -2.545647 -2.873884
v -5.929836 -2.479311 -2.873884
v -5.904322 -2.423182 -2.873884
v -5.950247 -19.382160 -2.873884
v -5.950247 -2.622190 -2.873884
v -5.945144 -2.545647 -2.873884
v -5.950247 -19.382160 -2.873884
v 0.189415 -14.849261 -2.873884
v 0.318005 -14.837627 -2.873884
v -5.868602 -19.627093 -2.873884
v -5.929836 -19.525038 -2.873884
v -5.950247 -19.382160 -2.873884
v -5.623669 -19.708738 -2.873884
v -5.766547 -19.688327 -2.873884
v -5.868602 -19.627093 -2.873884
v 2.820407 -19.677509 -2.873884
v 2.679979 -19.705268 -2.873884
v -5.623669 -19.708738 -2.873884
v 3.071872 -19.538713 -2.873884
v 2.951038 -19.621991 -2.873884
v 2.820407 -19.677509 -2.873884
v 5.832678 -16.763007 -2.873884
v 5.741237 -16.874043 -2.873884
v 3.071872 -19.538713 -2.873884
v 5.937184 -16.501744 -2.873884
v 5.897994 -16.638907 -2.873884
v 5.832678 -16.763007 -2.873884
v 5.946980 -5.565879 -2.873884
v 5.950246 -16.351519 -2.873884
v 5.937184 -16.501744 -2.873884
v 5.868601 -5.294820 -2.873884
v 5.920855 -5.425451 -2.873884
v 5.946980 -5.565879 -2.873884
v 3.128615 -2.504622 -2.873884
v 5.790224 -5.173986 -2.873884
v 5.868601 -5.294820 -2.873884
v 2.886948 -2.347864 -2.873884
v 3.012679 -2.413180 -2.873884
v 3.128615 -2.504622 -2.873884
v 2.606090 -2.295612 -2.873884
v 2.751417 -2.308675 -2.873884
v 2.886948 -2.347864 -2.873884
v -5.822678 -2.341537 -2.873884
v -5.700211 -2.300715 -2.873884
v 2.606090 -2.295612 -2.873884
v -5.945144 -2.545647 -2.873884
v -5.904322 -2.423182 -2.873884
v -5.822678 -2.341537 -2.873884
v -0.738066 -7.155088 -2.873884
v -5.950247 -19.382160 -2.873884
v -5.945144 -2.545647 -2.873884
v -5.950247 -19.382160 -2.873884
v 0.318005 -14.837627 -2.873884
v 0.429450 -14.802724 -2.873884
v -5.623669 -19.708738 -2.873884
v -5.868602 -19.627093 -2.873884
v -5.950247 -19.382160 -2.873884
v 3.071872 -19.538713 -2.873884
v 2.820407 -19.677509 -2.873884
v -5.623669 -19.708738 -2.873884
v 5.937184 -16.501744 -2.873884
v 5.832678 -16.763007 -2.873884
v 3.071872 -19.538713 -2.873884
v 5.868601 -5.294820 -2.873884
v 5.946980 -5.565879 -2.873884
v 5.937184 -16.501744 -2.873884
v 2.886948 -2.347864 -2.873884
v 3.128615 -2.504622 -2.873884
v 5.868601 -5.294820 -2.873884
v -5.822678 -2.341537 -2.873884
v 2.606090 -2.295612 -2.873884
v 2.886948 -2.347864 -2.873884
v -0.738066 -7.155088 -2.873884
v -5.945144 -2.545647 -2.873884
v -5.822678 -2.341537 -2.873884
v -5.950247 -19.382160 -2.873884
v 0.429450 -14.802724 -2.873884
v 0.523749 -14.744552 -2.873884
v 3.071872 -19.538713 -2.873884
v -5.623669 -19.708738 -2.873884
v -5.950247 -19.382160 -2.873884
v 5.868601 -5.294820 -2.873884
v 5.937184 -16.501744 -2.873884
v 3.071872 -19.538713 -2.873884
v -5.822678 -2.341537 -2.873884
v 2.886948 -2.347864 -2.873884
v 5.868601 -5.294820 -2.873884
v 0.189415 -7.155088 -2.873884
v -0.738066 -7.155088 -2.873884
v -5.822678 -2.341537 -2.873884
v 3.071872 -19.538713 -2.873884
v -5.950247 -19.382160 -2.873884
v 0.523749 -14.744552 -2.873884
v 0.189415 -7.155088 -2.873884
v -5.822678 -2.341537 -2.873884
v 5.868601 -5.294820 -2.873884
v 3.071872 -19.538713 -2.873884
v 0.523749 -14.744552 -2.873884
v 0.600903 -14.663112 -2.873884
v 0.318005 -7.166518 -2.873884
v 0.189415 -7.155088 -2.873884
v 5.868601 -5.294820 -2.873884
v 3.071872 -19.538713 -2.873884
v 0.600903 -14.663112 -2.873884
v 0.660912 -14.558403 -2.873884
v 0.429450 -7.200809 -2.873884
v 0.318005 -7.166518 -2.873884
v 5.868601 -5.294820 -2.873884
v 3.071872 -19.538713 -2.873884
v 0.660912 -14.558403 -2.873884
v 0.703775 -14.430425 -2.873884
v 0.523749 -7.257961 -2.873884
v 0.429450 -7.200809 -2.873884
v 5.868601 -5.294820 -2.873884
v 3.071872 -19.538713 -2.873884
v 0.703775 -14.430425 -2.873884
v 0.729493 -14.279179 -2.873884
v 0.600903 -7.337972 -2.873884
v 0.523749 -7.257961 -2.873884
v 5.868601 -5.294820 -2.873884
v 3.071872 -19.538713 -2.873884
v 0.729493 -14.279179 -2.873884
v 0.738065 -14.104664 -2.873884
v 0.660912 -7.440844 -2.873884
v 0.600903 -7.337972 -2.873884
v 5.868601 -5.294820 -2.873884
v 3.071872 -19.538713 -2.873884
v 0.738065 -14.104664 -2.873884
v 0.738065 -7.886623 -2.873884
v 0.703775 -7.566577 -2.873884
v 0.660912 -7.440844 -2.873884
v 5.868601 -5.294820 -2.873884
v 3.071872 -19.538713 -2.873884
v 0.738065 -7.886623 -2.873884
v 0.729493 -7.715169 -2.873884
v 0.703775 -7.566577 -2.873884
v 5.868601 -5.294820 -2.873884
v 3.071872 -19.538713 -2.873884
v 3.071872 -19.538713 -2.873884
v 0.729493 -7.715169 -2.873884
v 0.703775 -7.566577 -2.873884
v -5.950247 -19.382160 2.873884
v -0.738066 -14.849261 2.873884
v -0.738066 -7.155088 2.873884
v 0.189415 -14.849261 2.873884
v -0.738066 -14.849261 2.873884
v -5.950247 -19.382160 2.873884
v -5.950247 -19.382160 2.873884
v -5.945144 -19.458702 2.873884
v -5.929836 -19.525038 2.873884
v -5.929836 -19.525038 2.873884
v -5.904322 -19.581168 2.873884
v -5.868602 -19.627093 2.873884
v -5.868602 -19.627093 2.873884
v -5.822678 -19.662813 2.873884
v -5.766547 -19.688327 2.873884
v -5.766547 -19.688327 2.873884
v -5.700211 -19.703635 2.873884
v -5.623669 -19.708738 2.873884
v -5.623669 -19.708738 2.873884
v 2.606090 -19.708738 2.873884
v 2.679979 -19.705268 2.873884
v 2.679979 -19.705268 2.873884
v 2.751417 -19.694858 2.873884
v 2.820407 -19.677509 2.873884
v 2.820407 -19.677509 2.873884
v 2.886948 -19.653220 2.873884
v 2.951038 -19.621991 2.873884
v 2.951038 -19.621991 2.873884
v 3.012679 -19.583822 2.873884
v 3.071872 -19.538713 2.873884
v 3.071872 -19.538713 2.873884
v 3.128615 -19.486665 2.873884
v 5.741237 -16.874043 2.873884
v 5.741237 -16.874043 2.873884
v 5.790224 -16.820158 2.873884
v 5.832678 -16.763007 2.873884
v 5.832678 -16.763007 2.873884
v 5.868601 -16.702590 2.873884
v 5.897994 -16.638907 2.873884
v 5.897994 -16.638907 2.873884
v 5.920855 -16.571958 2.873884
v 5.937184 -16.501744 2.873884
v 5.937184 -16.501744 2.873884
v 5.946980 -16.428264 2.873884
v 5.950246 -16.351519 2.873884
v 5.950246 -16.351519 2.873884
v 5.950246 -5.639768 2.873884
v 5.946980 -5.565879 2.873884
v 5.946980 -5.565879 2.873884
v 5.937184 -5.494441 2.873884
v 5.920855 -5.425451 2.873884
v 5.920855 -5.425451 2.873884
v 5.897994 -5.358911 2.873884
v 5.868601 -5.294820 2.873884
v 5.868601 -5.294820 2.873884
v 5.832678 -5.233179 2.873884
v 5.790224 -5.173986 2.873884
v 5.790224 -5.173986 2.873884
v 5.741237 -5.117244 2.873884
v 3.128615 -2.504622 2.873884
v 3.128615 -2.504622 2.873884
v 3.071872 -2.455635 2.873884
v 3.012679 -2.413180 2.873884
v 3.012679 -2.413180 2.873884
v 2.951038 -2.377256 2.873884
v 2.886948 -2.347864 2.873884
v 2.886948 -2.347864 2.873884
v 2.820407 -2.325004 2.873884
v 2.751417 -2.308675 2.873884
v 2.751417 -2.308675 2.873884
v 2.679979 -2.298877 2.873884
v 2.606090 -2.295612 2.873884
v 2.606090 -2.295612 2.873884
v -5.623669 -2.295612 2.873884
v -5.700211 -2.300715 2.873884
v -5.700211 -2.300715 2.873884
v -5.766547 -2.316022 2.873884
v -5.822678 -2.341537 2.873884
v -5.822678 -2.341537 2.873884
v -5.868602 -2.377256 2.873884
v -5.904322 -2.423182 2.873884
v -5.904322 -2.423182 2.873884
v -5.929836 -2.479311 2.873884
v -5.945144 -2.545647 2.873884
v -5.945144 -2.545647 2.873884
v -5.950247 -2.622190 2.873884
v -5.950247 -19.382160 2.873884
v 0.318005 -14.837627 2.873884
v 0.189415 -14.849261 2.873884
v -5.950247 -19.382160 2.873884
v -5.950247 -19.382160 2.873884
v -5.929836 -19.525038 2.873884
v -5.868602 -19.627093 2.873884
v -5.868602 -19.627093 2.873884
v -5.766547 -19.688327 2.873884
v -5.623669 -19.708738 2.873884
v -5.623669 -19.708738 2.873884
v 2.679979 -19.705268 2.873884
v 2.820407 -19.677509 2.873884
v 2.820407 -19.677509 2.873884
v 2.951038 -19.621991 2.873884
v 3.071872 -19.538713 2.873884
v 3.071872 -19.538713 2.873884
v 5.741237 -16.874043 2.873884
v 5.832678 -16.763007 2.873884
v 5.832678 -16.763007 2.873884
v 5.897994 -16.638907 2.873884
v 5.937184 -16.501744 2.873884
v 5.937184 -16.501744 2.873884
v 5.950246 -16.351519 2.873884
v 5.946980 -5.565879 2.873884
v 5.946980 -5.565879 2.873884
v 5.920855 -5.425451 2.873884
v 5.868601 -5.294820 2.873884
v 5.868601 -5.294820 2.873884
v 5.790224 -5.173986 2.873884
v 3.128615 -2.504622 2.873884
v 3.128615 -2.504622 2.873884
v 3.012679 -2.413180 2.873884
v 2.886948 -2.347864 2.873884
v 2.886948 -2.347864 2.873884
v 2.751417 -2.308675 2.873884
v 2.606090 -2.295612 2.873884
v 2.606090 -2.295612 2.873884
v -5.700211 -2.300715 2.873884
v -5.822678 -2.341537 2.873884
v -5.822678 -2.341537 2.873884
v -5.904322 -2.423182 2.873884
v -5.945144 -2.545647 2.873884
v -5.945144 -2.545647 2.873884
v -5.950247 -19.382160 2.873884
v -0.738066 -7.155088 2.873884
v 0.429450 -14.802724 2.873884
v 0.318005 -14.837627 2.873884
v -5.950247 -19.382160 2.873884
v -5.950247 -19.382160 2.873884
v -5.868602 -19.627093 2.873884
v -5.623669 -19.708738 2.873884
v -5.623669 -19.708738 2.873884
v 2.820407 -19.677509 2.873884
v 3.071872 -19.538713 2.873884
v 3.071872 -19.538713 2.873884
v 5.832678 -16.763007 2.873884
v 5.937184 -16.501744 2.873884
v 5.937184 -16.501744 2.873884
v 5.946980 -5.565879 2.873884
v 5.868601 -5.294820 2.873884
v 5.868601 -5.294820 2.873884
v 3.128615 -2.504622 2.873884
v 2.886948 -2.347864 2.873884
v 2.886948 -2.347864 2.873884
v 2.606090 -2.295612 2.873884
v -5.822678 -2.341537 2.873884
v -5.822678 -2.341537 2.873884
v -5.945144 -2.545647 2.873884
v -0.738066 -7.155088 2.873884
v 0.523749 -14.744552 2.873884
v 0.429450 -14.802724 2.873884
v -5.950247 -19.382160 2.873884
v -5.950247 -19.382160 2.873884
v -5.623669 -19.708738 2.873884
v 3.071872 -19.538713 2.873884
v 3.071872 -19.538713 2.873884
v 5.937184 -16.501744 2.873884
v 5.868601 -5.294820 2.873884
v 5.868601 -5.294820 2.873884
v 2.886948 -2.347864 2.873884
v -5.822678 -2.341537 2.873884
v -5.822678 -2.341537 2.873884
v -0.738066 -7.155088 2.873884
v 0.189415 -7.155088 2.873884
v 0.523749 -14.744552 2.873884
v -5.950247 -19.382160 2.873884
v 3.071872 -19.538713 2.873884
v 5.868601 -5.294820 2.873884
v -5.822678 -2.341537 2.873884
v 0.189415 -7.155088 2.873884
v 0.600903 -14.663112 2.873884
v 0.523749 -14.744552 2.873884
v 3.071872 -19.538713 2.873884
v 5.868601 -5.294820 2.873884
v 0.189415 -7.155088 2.873884
v 0.318005 -7.166518 2.873884
v 0.660912 -14.558403 2.873884
v 0.600903 -14.663112 2.873884
v 3.071872 -19.538713 2.873884
v 5.868601 -5.294820 2.873884
v 0.318005 -7.166518 2.873884
v 0.429450 -7.200809 2.873884
v 0.703775 -14.430425 2.873884
v 0.660912 -14.558403 2.873884
v 3.071872 -19.538713 2.873884
v 5.868601 -5.294820 2.873884
v 0.429450 -7.200809 2.873884
v 0.523749 -7.257961 2.873884
v 0.729493 -14.279179 2.873884
v 0.703775 -14.430425 2.873884
v 3.071872 -19.538713 2.873884
v 5.868601 -5.294820 2.873884
v 0.523749 -7.257961 2.873884
v 0.600903 -7.337972 2.873884
v 0.738065 -14.104664 2.873884
v 0.729493 -14.279179 2.873884
v 3.071872 -19.538713 2.873884
v 5.868601 -5.294820 2.873884
v 0.600903 -7.337972 2.873884
v 0.660912 -7.440844 2.873884
v 0.738065 -7.886623 2.873884
v 0.738065 -14.104664 2.873884
v 3.071872 -19.538713 2.873884
v 5.868601 -5.294820 2.873884
v 0.660912 -7.440844 2.873884
v 0.703775 -7.566577 2.873884
v 0.729493 -7.715169 2.873884
v 0.738065 -7.886623 2.873884
v 3.071872 -19.538713 2.873884
v 3.071872 -19.538713 2.873884
v 5.868601 -5.294820 2.873884
v 0.703775 -7.566577 2.873884
v 0.703775 -7.566577 2.873884
v 0.729493 -7.715169 2.873884
v 3.071872 -19.538713 2.873884
v 2.606090 -19.708738 -2.873884
v 2.679979 -19.705268 -2.873884
v 2.610426 -19.893478 -2.797362
v 2.679979 -19.705268 -2.873884
v 2.697673 -19.889381 -2.797362
v 2.610426 -19.893478 -2.797362
v 2.610426 -19.893478 -2.797362
v 2.697673 -19.889381 -2.797362
v 2.612222 -19.970000 -2.612622
v 2.697673 -19.889381 -2.797362
v 2.705002 -19.965643 -2.612622
v 2.612222 -19.970000 -2.612622
v 2.612222 -19.970000 -2.612622
v 2.705002 -19.965643 -2.612622
v 2.612222 -19.970000 2.612622
v 2.705002 -19.965643 -2.612622
v 2.705002 -19.965643 2.612622
v 2.612222 -19.970000 2.612622
v 2.612222 -19.970000 2.612622
v 2.705002 -19.965643 2.612622
v 2.610426 -19.893478 2.797363
v 2.705002 -19.965643 2.612622
v 2.697673 -19.889381 2.797363
v 2.610426 -19.893478 2.797363
v 2.610426 -19.893478 2.797363
v 2.697673 -19.889381 2.797363
v 2.606090 -19.708738 2.873884
v 2.697673 -19.889381 2.797363
v 2.679979 -19.705268 2.873884
v 2.606090 -19.708738 2.873884
v 2.679979 -19.705268 -2.873884
v 2.751417 -19.694858 -2.873884
v 2.697673 -19.889381 -2.797362
v 2.751417 -19.694858 -2.873884
v 2.787357 -19.876313 -2.797362
v 2.697673 -19.889381 -2.797362
v 2.697673 -19.889381 -2.797362
v 2.787357 -19.876313 -2.797362
v 2.705002 -19.965643 -2.612622
v 2.787357 -19.876313 -2.797362
v 2.802243 -19.951473 -2.612622
v 2.705002 -19.965643 -2.612622
v 2.705002 -19.965643 -2.612622
v 2.802243 -19.951473 -2.612622
v 2.705002 -19.965643 2.612622
v 2.802243 -19.951473 -2.612622
v 2.802243 -19.951473 2.612622
v 2.705002 -19.965643 2.612622
v 2.705002 -19.965643 2.612622
v 2.802243 -19.951473 2.612622
v 2.697673 -19.889381 2.797363
v 2.802243 -19.951473 2.612622
v 2.787357 -19.876313 2.797363
v 2.697673 -19.889381 2.797363
v 2.697673 -19.889381 2.797363
v 2.787357 -19.876313 2.797363
v 2.679979 -19.705268 2.873884
v 2.787357 -19.876313 2.797363
v 2.751417 -19.694858 2.873884
v 2.679979 -19.705268 2.873884
v 2.751417 -19.694858 -2.873884
v 2.820407 -19.677509 -2.873884
v 2.787357 -19.876313 -2.797362
v 2.820407 -19.677509 -2.873884
v 2.874754 -19.854334 -2.797362
v 2.787357 -19.876313 -2.797362
v 2.787357 -19.876313 -2.797362
v 2.874754 -19.854334 -2.797362
v 2.802243 -19.951473 -2.612622
v 2.874754 -19.854334 -2.797362
v 2.897265 -19.927577 -2.612622
v 2.802243 -19.951473 -2.612622
v 2.802243 -19.951473 -2.612622
v 2.897265 -19.927577 -2.612622
v 2.802243 -19.951473 2.612622
v 2.897265 -19.927577 -2.612622
v 2.897265 -19.927577 2.612622
v 2.802243 -19.951473 2.612622
v 2.802243 -19.951473 2.612622
v 2.897265 -19.927577 2.612622
v 2.787357 -19.876313 2.797363
v 2.897265 -19.927577 2.612622
v 2.874754 -19.854334 2.797363
v 2.787357 -19.876313 2.797363
v 2.787357 -19.876313 2.797363
v 2.874754 -19.854334 2.797363
v 2.751417 -19.694858 2.873884
v 2.874754 -19.854334 2.797363
v 2.820407 -19.677509 2.873884
v 2.751417 -19.694858 2.873884
v 2.820407 -19.677509 -2.873884
v 2.886948 -19.653220 -2.873884
v 2.874754 -19.854334 -2.797362
v 2.886948 -19.653220 -2.873884
v 2.959275 -19.823481 -2.797362
v 2.874754 -19.854334 -2.797362
v 2.874754 -19.854334 -2.797362
v 2.959275 -19.823481 -2.797362
v 2.897265 -19.927577 -2.612622
v 2.959275 -19.823481 -2.797362
v 2.989234 -19.894006 -2.612622
v 2.897265 -19.927577 -2.612622
v 2.897265 -19.927577 -2.612622
v 2.989234 -19.894006 -2.612622
v 2.897265 -19.927577 2.612622
v 2.989234 -19.894006 -2.612622
v 2.989234 -19.894006 2.612622
v 2.897265 -19.927577 2.612622
v 2.897265 -19.927577 2.612622
v 2.989234 -19.894006 2.612622
v 2.874754 -19.854334 2.797363
v 2.989234 -19.894006 2.612622
v 2.959275 -19.823481 2.797363
v 2.874754 -19.854334 2.797363
v 2.874754 -19.854334 2.797363
v 2.959275 -19.823481 2.797363
v 2.820407 -19.677509 2.873884
v 2.959275 -19.823481 2.797363
v 2.886948 -19.653220 2.873884
v 2.820407 -19.677509 2.873884
v 2.886948 -19.653220 -2.873884
v 2.951038 -19.621991 -2.873884
v 2.959275 -19.823481 -2.797362
v 2.951038 -19.621991 -2.873884
v 3.040355 -19.783974 -2.797362
v 2.959275 -19.823481 -2.797362
v 2.959275 -19.823481 -2.797362
v 3.040355 -19.783974 -2.797362
v 2.989234 -19.894006 -2.612622
v 3.040355 -19.783974 -2.797362
v 3.077351 -19.851070 -2.612622
v 2.989234 -19.894006 -2.612622
v 2.989234 -19.894006 -2.612622
v 3.077351 -19.851070 -2.612622
v 2.989234 -19.894006 2.612622
v 3.077351 -19.851070 -2.612622
v 3.077351 -19.851070 2.612622
v 2.989234 -19.894006 2.612622
v 2.989234 -19.894006 2.612622
v 3.077351 -19.851070 2.612622
v 2.959275 -19.823481 2.797363
v 3.077351 -19.851070 2.612622
v 3.040355 -19.783974 2.797363
v 2.959275 -19.823481 2.797363
v 2.959275 -19.823481 2.797363
v 3.040355 -19.783974 2.797363
v 2.886948 -19.653220 2.873884
v 3.040355 -19.783974 2.797363
v 2.951038 -19.621991 2.873884
v 2.886948 -19.653220 2.873884
v 2.951038 -19.621991 -2.873884
v 3.012679 -19.583822 -2.873884
v 3.040355 -19.783974 -2.797362
v 3.012679 -19.583822 -2.873884
v 3.117541 -19.736180 -2.797362
v 3.040355 -19.783974 -2.797362
v 3.040355 -19.783974 -2.797362
v 3.117541 -19.736180 -2.797362
v 3.077351 -19.851070 -2.612622
v 3.117541 -19.736180 -2.797362
v 3.160976 -19.799289 -2.612622
v 3.077351 -19.851070 -2.612622
v 3.077351 -19.851070 -2.612622
v 3.160976 -19.799289 -2.612622
v 3.077351 -19.851070 2.612622
v 3.160976 -19.799289 -2.612622
v 3.160976 -19.799289 2.612622
v 3.077351 -19.851070 2.612622
v 3.077351 -19.851070 2.612622
v 3.160976 -19.799289 2.612622
v 3.040355 -19.783974 2.797363
v 3.160976 -19.799289 2.612622
v 3.117541 -19.736180 2.797363
v 3.040355 -19.783974 2.797363
v 3.040355 -19.783974 2.797363
v 3.117541 -19.736180 2.797363
v 2.951038 -19.621991 2.873884
v 3.117541 -19.736180 2.797363
v 3.012679 -19.583822 2.873884
v 2.951038 -19.621991 2.873884
v 3.012679 -19.583822 -2.873884
v 3.071872 -19.538713 -2.873884
v 3.117541 -19.736180 -2.797362
v 3.071872 -19.538713 -2.873884
v 3.190545 -19.680546 -2.797362
v 3.117541 -19.736180 -2.797362
v 3.117541 -19.736180 -2.797362
v 3.190545 -19.680546 -2.797362
v 3.160976 -19.799289 -2.612622
v 3.190545 -19.680546 -2.797362
v 3.239701 -19.739295 -2.612622
v 3.160976 -19.799289 -2.612622
v 3.160976 -19.799289 -2.612622
v 3.239701 -19.739295 -2.612622
v 3.160976 -19.799289 2.612622
v 3.239701 -19.739295 -2.612622
v 3.239701 -19.739295 2.612622
v 3.160976 -19.799289 2.612622
v 3.160976 -19.799289 2.612622
v 3.239701 -19.739295 2.612622
v 3.117541 -19.736180 2.797363
v 3.239701 -19.739295 2.612622
v 3.190545 -19.680546 2.797363
v 3.117541 -19.736180 2.797363
v 3.117541 -19.736180 2.797363
v 3.190545 -19.680546 2.797363
v 3.012679 -19.583822 2.873884
v 3.190545 -19.680546 2.797363
v 3.071872 -19.538713 2.873884
v 3.012679 -19.583822 2.873884
v 3.071872 -19.538713 -2.873884
v 3.128615 -19.486665 -2.873884
v 3.190545 -19.680546 -2.797362
v 3.128615 -19.486665 -2.873884
v 3.256429 -19.620113 -2.797362
v 3.190545 -19.680546 -2.797362
v 3.190545 -19.680546 -2.797362
v 3.256429 -19.620113 -2.797362
v 3.239701 -19.739295 -2.612622
v 3.256429 -19.620113 -2.797362
v 3.309371 -19.675389 -2.612622
v 3.239701 -19.739295 -2.612622
v 3.239701 -19.739295 -2.612622
v 3.309371 -19.675389 -2.612622
v 3.239701 -19.739295 2.612622
v 3.309371 -19.675389 -2.612622
v 3.309371 -19.675389 2.612622
v 3.239701 -19.739295 2.612622
v 3.239701 -19.739295 2.612622
v 3.309371 -19.675389 2.612622
v 3.190545 -19.680546 2.797363
v 3.309371 -19.675389 2.612622
v 3.256429 -19.620113 2.797363
v 3.190545 -19.680546 2.797363
v 3.190545 -19.680546 2.797363
v 3.256429 -19.620113 2.797363
v 3.071872 -19.538713 2.873884
v 3.256429 -19.620113 2.797363
v 3.128615 -19.486665 2.873884
v 3.071872 -19.538713 2.873884
v 3.128615 -19.486665 -2.873884
v 5.741237 -16.874043 -2.873884
v 3.256429 -19.620113 -2.797362
v 5.741237 -16.874043 -2.873884
v 5.874977 -17.001565 -2.797362
v 3.256429 -19.620113 -2.797362
v 3.256429 -19.620113 -2.797362
v 5.874977 -17.001565 -2.797362
v 3.309371 -19.675389 -2.612622
v 5.874977 -17.001565 -2.797362
v 5.930373 -17.054387 -2.612622
v 3.309371 -19.675389 -2.612622
v 3.309371 -19.675389 -2.612622
v 5.930373 -17.054387 -2.612622
v 3.309371 -19.675389 2.612622
v 5.930373 -17.054387 -2.612622
v 5.930373 -17.054387 2.612622
v 3.309371 -19.675389 2.612622
v 3.309371 -19.675389 2.612622
v 5.930373 -17.054387 2.612622
v 3.256429 -19.620113 2.797363
v 5.930373 -17.054387 2.612622
v 5.874977 -17.001565 2.797363
v 3.256429 -19.620113 2.797363
v 3.256429 -19.620113 2.797363
v 5.874977 -17.001565 2.797363
v 3.128615 -19.486665 2.873884
v 5.874977 -17.001565 2.797363
v 5.741237 -16.874043 2.873884
v 3.128615 -19.486665 2.873884
v 5.741237 -16.874043 -2.873884
v 5.790224 -16.820158 -2.873884
v 5.874977 -17.001565 -2.797362
v 5.790224 -16.820158 -2.873884
v 5.933070 -16.937662 -2.797362
v 5.874977 -17.001565 -2.797362
v 5.874977 -17.001565 -2.797362
v 5.933070 -16.937662 -2.797362
v 5.930373 -17.054387 -2.612622
v 5.933070 -16.937662 -2.797362
v 5.992239 -16.986334 -2.612622
v 5.930373 -17.054387 -2.612622
v 5.930373 -17.054387 -2.612622
v 5.992239 -16.986334 -2.612622
v 5.930373 -17.054387 2.612622
v 5.992239 -16.986334 -2.612622
v 5.992239 -16.986334 2.612622
v 5.930373 -17.054387 2.612622
v 5.930373 -17.054387 2.612622
v 5.992239 -16.986334 2.612622
v 5.874977 -17.001565 2.797363
v 5.992239 -16.986334 2.612622
v 5.933070 -16.937662 2.797363
v 5.874977 -17.001565 2.797363
v 5.874977 -17.001565 2.797363
v 5.933070 -16.937662 2.797363
v 5.741237 -16.874043 2.873884
v 5.933070 -16.937662 2.797363
v 5.790224 -16.820158 2.873884
v 5.741237 -16.874043 2.873884
v 5.790224 -16.820158 -2.873884
v 5.832678 -16.763007 -2.873884
v 5.933070 -16.937662 -2.797362
v 5.832678 -16.763007 -2.873884
v 5.986628 -16.865566 -2.797362
v 5.933070 -16.937662 -2.797362
v 5.933070 -16.937662 -2.797362
v 5.986628 -16.865566 -2.797362
v 5.992239 -16.986334 -2.612622
v 5.986628 -16.865566 -2.797362
v 6.050395 -16.908048 -2.612622
v 5.992239 -16.986334 -2.612622
v 5.992239 -16.986334 -2.612622
v 6.050395 -16.908048 -2.612622
v 5.992239 -16.986334 2.612622
v 6.050395 -16.908048 -2.612622
v 6.050395 -16.908048 2.612622
v 5.992239 -16.986334 2.612622
v 5.992239 -16.986334 2.612622
v 6.050395 -16.908048 2.612622
v 5.933070 -16.937662 2.797363
v 6.050395 -16.908048 2.612622
v 5.986628 -16.865566 2.797363
v 5.933070 -16.937662 2.797363
v 5.933070 -16.937662 2.797363
v 5.986628 -16.865566 2.797363
v 5.790224 -16.820158 2.873884
v 5.986628 -16.865566 2.797363
v 5.832678 -16.763007 2.873884
v 5.790224 -16.820158 2.873884
v 5.832678 -16.763007 -2.873884
v 5.868601 -16.702590 -2.873884
v 5.986628 -16.865566 -2.797362
v 5.868601 -16.702590 -2.873884
v 6.032309 -16.788739 -2.797362
v 5.986628 -16.865566 -2.797362
v 5.986628 -16.865566 -2.797362
v 6.032309 -16.788739 -2.797362
v 6.050395 -16.908048 -2.612622
v 6.032309 -16.788739 -2.797362
v 6.100117 -16.824423 -2.612622
v 6.050395 -16.908048 -2.612622
v 6.050395 -16.908048 -2.612622
v 6.100117 -16.824423 -2.612622
v 6.050395 -16.908048 2.612622
v 6.100117 -16.824423 -2.612622
v 6.100117 -16.824423 2.612622
v 6.050395 -16.908048 2.612622
v 6.050395 -16.908048 2.612622
v 6.100117 -16.824423 2.612622
v 5.986628 -16.865566 2.797363
v 6.100117 -16.824423 2.612622
v 6.032309 -16.788739 2.797363
v 5.986628 -16.865566 2.797363
v 5.986628 -16.865566 2.797363
v 6.032309 -16.788739 2.797363
v 5.832678 -16.763007 2.873884
v 6.032309 -16.788739 2.797363
v 5.868601 -16.702590 2.873884
v 5.832678 -16.763007 2.873884
v 5.868601 -16.702590 -2.873884
v 5.897994 -16.638907 -2.873884
v 6.032309 -16.788739 -2.797362
v 5.897994 -16.638907 -2.873884
v 6.069735 -16.707648 -2.797362
v 6.032309 -16.788739 -2.797362
v 6.032309 -16.788739 -2.797362
v 6.069735 -16.707648 -2.797362
v 6.100117 -16.824423 -2.612622
v 6.069735 -16.707648 -2.797362
v 6.140873 -16.736121 -2.612622
v 6.100117 -16.824423 -2.612622
v 6.100117 -16.824423 -2.612622
v 6.140873 -16.736121 -2.612622
v 6.100117 -16.824423 2.612622
v 6.140873 -16.736121 -2.612622
v 6.140873 -16.736121 2.612622
v 6.100117 -16.824423 2.612622
v 6.100117 -16.824423 2.612622
v 6.140873 -16.736121 2.612622
v 6.032309 -16.788739 2.797363
v 6.140873 -16.736121 2.612622
v 6.069735 -16.707648 2.797363
v 6.032309 -16.788739 2.797363
v 6.032309 -16.788739 2.797363
v 6.069735 -16.707648 2.797363
v 5.868601 -16.702590 2.873884
v 6.069735 -16.707648 2.797363
v 5.897994 -16.638907 2.873884
v 5.868601 -16.702590 2.873884
v 5.897994 -16.638907 -2.873884
v 5.920855 -16.571958 -2.873884
v 6.069735 -16.707648 -2.797362
v 5.920855 -16.571958 -2.873884
v 6.098687 -16.622859 -2.797362
v 6.069735 -16.707648 -2.797362
v 6.069735 -16.707648 -2.797362
v 6.098687 -16.622859 -2.797362
v 6.140873 -16.736121 -2.612622
v 6.098687 -16.622859 -2.797362
v 6.172348 -16.643943 -2.612622
v 6.140873 -16.736121 -2.612622
v 6.140873 -16.736121 -2.612622
v 6.172348 -16.643943 -2.612622
v 6.140873 -16.736121 2.612622
v 6.172348 -16.643943 -2.612622
v 6.172348 -16.643943 2.612622
v 6.140873 -16.736121 2.612622
v 6.140873 -16.736121 2.612622
v 6.172348 -16.643943 2.612622
v 6.069735 -16.707648 2.797363
v 6.172348 -16.643943 2.612622
v 6.098687 -16.622859 2.797363
v 6.069735 -16.707648 2.797363
v 6.069735 -16.707648 2.797363
v 6.098687 -16.622859 2.797363
v 5.897994 -16.638907 2.873884
v 6.098687 -16.622859 2.797363
v 5.920855 -16.571958 2.873884
v 5.897994 -16.638907 2.873884
v 5.920855 -16.571958 -2.873884
v 5.937184 -16.501744 -2.873884
v 6.098687 -16.622859 -2.797362
v 5.937184 -16.501744 -2.873884
v 6.119131 -16.534952 -2.797362
v 6.098687 -16.622859 -2.797362
v 6.098687 -16.622859 -2.797362
v 6.119131 -16.534952 -2.797362
v 6.172348 -16.643943 -2.612622
v 6.119131 -16.534952 -2.797362
v 6.194496 -16.548707 -2.612622
v 6.172348 -16.643943 -2.612622
v 6.172348 -16.643943 -2.612622
v 6.194496 -16.548707 -2.612622
v 6.172348 -16.643943 2.612622
v 6.194496 -16.548707 -2.612622
v 6.194496 -16.548707 2.612622
v 6.172348 -16.643943 2.612622
v 6.172348 -16.643943 2.612622
v 6.194496 -16.548707 2.612622
v 6.098687 -16.622859 2.797363
v 6.194496 -16.548707 2.612622
v 6.119131 -16.534952 2.797363
v 6.098687 -16.622859 2.797363
v 6.098687 -16.622859 2.797363
v 6.119131 -16.534952 2.797363
v 5.920855 -16.571958 2.873884
v 6.119131 -16.534952 2.797363
v 5.937184 -16.501744 2.873884
v 5.920855 -16.571958 2.873884
v 5.937184 -16.501744 -2.873884
v 5.946980 -16.428264 -2.873884
v 6.119131 -16.534952 -2.797362
v 5.946980 -16.428264 -2.873884
v 6.131201 -16.444432 -2.797362
v 6.119131 -16.534952 -2.797362
v 6.119131 -16.534952 -2.797362
v 6.131201 -16.444432 -2.797362
v 6.194496 -16.548707 -2.612622
v 6.131201 -16.444432 -2.797362
v 6.207506 -16.451129 -2.612622
v 6.194496 -16.548707 -2.612622
v 6.194496 -16.548707 -2.612622
v 6.207506 -16.451129 -2.612622
v 6.194496 -16.548707 2.612622
v 6.207506 -16.451129 -2.612622
v 6.207506 -16.451129 2.612622
v 6.194496 -16.548707 2.612622
v 6.194496 -16.548707 2.612622
v 6.207506 -16.451129 2.612622
v 6.119131 -16.534952 2.797363
v 6.207506 -16.451129 2.612622
v 6.131201 -16.444432 2.797363
v 6.119131 -16.534952 2.797363
v 6.119131 -16.534952 2.797363
v 6.131201 -16.444432 2.797363
v 5.937184 -16.501744 2.873884
v 6.131201 -16.444432 2.797363
v 5.946980 -16.428264 2.873884
v 5.937184 -16.501744 2.873884
v 5.946980 -16.428264 -2.873884
v 5.950246 -16.351519 -2.873884
v 6.131201 -16.444432 -2.797362
v 5.950246 -16.351519 -2.873884
v 6.134987 -16.355447 -2.797362
v 6.131201 -16.444432 -2.797362
v 6.131201 -16.444432 -2.797362
v 6.134987 -16.355447 -2.797362
v 6.207506 -16.451129 -2.612622
v 6.134987 -16.355447 -2.797362
v 6.211509 -16.357075 -2.612622
v 6.207506 -16.451129 -2.612622
v 6.207506 -16.451129 -2.612622
v 6.211509 -16.357075 -2.612622
v 6.207506 -16.451129 2.612622
v 6.211509 -16.357075 -2.612622
v 6.211509 -16.357075 2.612622
v 6.207506 -16.451129 2.612622
v 6.207506 -16.451129 2.612622
v 6.211509 -16.357075 2.612622
v 6.131201 -16.444432 2.797363
v 6.211509 -16.357075 2.612622
v 6.134987 -16.355447 2.797363
v 6.131201 -16.444432 2.797363
v 6.131201 -16.444432 2.797363
v 6.134987 -16.355447 2.797363
v 5.946980 -16.428264 2.873884
v 6.134987 -16.355447 2.797363
v 5.950246 -16.351519 2.873884
v 5.946980 -16.428264 2.873884
v 5.950246 -16.351519 -2.873884
v 5.950246 -5.639768 -2.873884
v 6.134987 -16.355447 -2.797362
v 5.950246 -5.639768 -2.873884
v 6.134987 -5.635688 -2.797362
v 6.134987 -16.355447 -2.797362
v 6.134987 -16.355447 -2.797362
v 6.134987 -5.635688 -2.797362
v 6.211509 -16.357075 -2.612622
v 6.134987 -5.635688 -2.797362
v 6.211509 -5.633997 -2.612622
v 6.211509 -16.357075 -2.612622
v 6.211509 -16.357075 -2.612622
v 6.211509 -5.633997 -2.612622
v 6.211509 -16.357075 2.612622
v 6.211509 -5.633997 -2.612622
v 6.211509 -5.633997 2.612622
v 6.211509 -16.357075 2.612622
v 6.211509 -16.357075 2.612622
v 6.211509 -5.633997 2.612622
v 6.134987 -16.355447 2.797363
v 6.211509 -5.633997 2.612622
v 6.134987 -5.635688 2.797363
v 6.134987 -16.355447 2.797363
v 6.134987 -16.355447 2.797363
v 6.134987 -5.635688 2.797363
v 5.950246 -16.351519 2.873884
v 6.134987 -5.635688 2.797363
v 5.950246 -5.639768 2.873884
v 5.950246 -16.351519 2.873884
v 5.950246 -5.639768 -2.873884
v 5.946980 -5.565879 -2.873884
v 6.134987 -5.635688 -2.797362
v 5.946980 -5.565879 -2.873884
v 6.131164 -5.549215 -2.797362
v 6.134987 -5.635688 -2.797362
v 6.134987 -5.635688 -2.797362
v 6.131164 -5.549215 -2.797362
v 6.211509 -5.633997 -2.612622
v 6.131164 -5.549215 -2.797362
v 6.207456 -5.542313 -2.612622
v 6.211509 -5.633997 -2.612622
v 6.211509 -5.633997 -2.612622
v 6.207456 -5.542313 -2.612622
v 6.211509 -5.633997 2.612622
v 6.207456 -5.542313 -2.612622
v 6.207456 -5.542313 2.612622
v 6.211509 -5.633997 2.612622
v 6.211509 -5.633997 2.612622
v 6.207456 -5.542313 2.612622
v 6.134987 -5.635688 2.797363
v 6.207456 -5.542313 2.612622
v 6.131164 -5.549215 2.797363
v 6.134987 -5.635688 2.797363
v 6.134987 -5.635688 2.797363
v 6.131164 -5.549215 2.797363
v 5.950246 -5.639768 2.873884
v 6.131164 -5.549215 2.797363
v 5.946980 -5.565879 2.873884
v 5.950246 -5.639768 2.873884
v 5.946980 -5.565879 -2.873884
v 5.937184 -5.494441 -2.873884
v 6.131164 -5.549215 -2.797362
v 5.937184 -5.494441 -2.873884
v 6.119004 -5.460538 -2.797362
v 6.131164 -5.549215 -2.797362
v 6.131164 -5.549215 -2.797362
v 6.119004 -5.460538 -2.797362
v 6.207456 -5.542313 -2.612622
v 6.119004 -5.460538 -2.797362
v 6.194316 -5.446494 -2.612622
v 6.207456 -5.542313 -2.612622
v 6.207456 -5.542313 -2.612622
v 6.194316 -5.446494 -2.612622
v 6.207456 -5.542313 2.612622
v 6.194316 -5.446494 -2.612622
v 6.194316 -5.446494 2.612622
v 6.207456 -5.542313 2.612622
v 6.207456 -5.542313 2.612622
v 6.194316 -5.446494 2.612622
v 6.131164 -5.549215 2.797363
v 6.194316 -5.446494 2.612622
v 6.119004 -5.460538 2.797363
v 6.131164 -5.549215 2.797363
v 6.131164 -5.549215 2.797363
v 6.119004 -5.460538 2.797363
v 5.946980 -5.565879 2.873884
v 6.119004 -5.460538 2.797363
v 5.937184 -5.494441 2.873884
v 5.946980 -5.565879 2.873884
v 5.937184 -5.494441 -2.873884
v 5.920855 -5.425451 -2.873884
v 6.119004 -5.460538 -2.797362
v 5.920855 -5.425451 -2.873884
v 6.098530 -5.374040 -2.797362
v 6.119004 -5.460538 -2.797362
v 6.119004 -5.460538 -2.797362
v 6.098530 -5.374040 -2.797362
v 6.194316 -5.446494 -2.612622
v 6.098530 -5.374040 -2.797362
v 6.172125 -5.352743 -2.612622
v 6.194316 -5.446494 -2.612622
v 6.194316 -5.446494 -2.612622
v 6.172125 -5.352743 -2.612622
v 6.194316 -5.446494 2.612622
v 6.172125 -5.352743 -2.612622
v 6.172125 -5.352743 2.612622
v 6.194316 -5.446494 2.612622
v 6.194316 -5.446494 2.612622
v 6.172125 -5.352743 2.612622
v 6.119004 -5.460538 2.797363
v 6.172125 -5.352743 2.612622
v 6.098530 -5.374040 2.797363
v 6.119004 -5.460538 2.797363
v 6.119004 -5.460538 2.797363
v 6.098530 -5.374040 2.797363
v 5.937184 -5.494441 2.873884
v 6.098530 -5.374040 2.797363
v 5.920855 -5.425451 2.873884
v 5.937184 -5.494441 2.873884
v 5.920855 -5.425451 -2.873884
v 5.897994 -5.358911 -2.873884
v 6.098530 -5.374040 -2.797362
v 5.897994 -5.358911 -2.873884
v 6.069735 -5.290225 -2.797362
v 6.098530 -5.374040 -2.797362
v 6.098530 -5.374040 -2.797362
v 6.069735 -5.290225 -2.797362
v 6.172125 -5.352743 -2.612622
v 6.069735 -5.290225 -2.797362
v 6.140873 -5.261775 -2.612622
v 6.172125 -5.352743 -2.612622
v 6.172125 -5.352743 -2.612622
v 6.140873 -5.261775 -2.612622
v 6.172125 -5.352743 2.612622
v 6.140873 -5.261775 -2.612622
v 6.140873 -5.261775 2.612622
v 6.172125 -5.352743 2.612622
v 6.172125 -5.352743 2.612622
v 6.140873 -5.261775 2.612622
v 6.098530 -5.374040 2.797363
v 6.140873 -5.261775 2.612622
v 6.069735 -5.290225 2.797363
v 6.098530 -5.374040 2.797363
v 6.098530 -5.374040 2.797363
v 6.069735 -5.290225 2.797363
v 5.920855 -5.425451 2.873884
v 6.069735 -5.290225 2.797363
v 5.897994 -5.358911 2.873884
v 5.920855 -5.425451 2.873884
v 5.897994 -5.358911 -2.873884
v 5.868601 -5.294820 -2.873884
v 6.069735 -5.290225 -2.797362
v 5.868601 -5.294820 -2.873884
v 6.032762 -5.209602 -2.797362
v 6.069735 -5.290225 -2.797362
v 6.069735 -5.290225 -2.797362
v 6.032762 -5.209602 -2.797362
v 6.140873 -5.261775 -2.612622
v 6.032762 -5.209602 -2.797362
v 6.100759 -5.174304 -2.612622
v 6.140873 -5.261775 -2.612622
v 6.140873 -5.261775 -2.612622
v 6.100759 -5.174304 -2.612622
v 6.140873 -5.261775 2.612622
v 6.100759 -5.174304 -2.612622
v 6.100759 -5.174304 2.612622
v 6.140873 -5.261775 2.612622
v 6.140873 -5.261775 2.612622
v 6.100759 -5.174304 2.612622
v 6.069735 -5.290225 2.797363
v 6.100759 -5.174304 2.612622
v 6.032762 -5.209602 2.797363
v 6.069735 -5.290225 2.797363
v 6.069735 -5.290225 2.797363
v 6.032762 -5.209602 2.797363
v 5.897994 -5.358911 2.873884
v 6.032762 -5.209602 2.797363
v 5.868601 -5.294820 2.873884
v 5.897994 -5.358911 2.873884
v 5.868601 -5.294820 -2.873884
v 5.832678 -5.233179 -2.873884
v 6.032762 -5.209602 -2.797362
v 5.832678 -5.233179 -2.873884
v 5.987892 -5.132607 -2.797362
v 6.032762 -5.209602 -2.797362
v 6.032762 -5.209602 -2.797362
v 5.987892 -5.132607 -2.797362
v 6.100759 -5.174304 -2.612622
v 5.987892 -5.132607 -2.797362
v 6.052182 -5.090951 -2.612622
v 6.100759 -5.174304 -2.612622
v 6.100759 -5.174304 -2.612622
v 6.052182 -5.090951 -2.612622
v 6.100759 -5.174304 2.612622
v 6.052182 -5.090951 -2.612622
v 6.052182 -5.090951 2.612622
v 6.100759 -5.174304 2.612622
v 6.100759 -5.174304 2.612622
v 6.052182 -5.090951 2.612622
v 6.032762 -5.209602 2.797363
v 6.052182 -5.090951 2.612622
v 5.987892 -5.132607 2.797363
v 6.032762 -5.209602 2.797363
v 6.032762 -5.209602 2.797363
v 5.987892 -5.132607 2.797363
v 5.868601 -5.294820 2.873884
v 5.987892 -5.132607 2.797363
v 5.832678 -5.233179 2.873884
v 5.868601 -5.294820 2.873884
v 5.832678 -5.233179 -2.873884
v 5.790224 -5.173986 -2.873884
v 5.987892 -5.132607 -2.797362
v 5.790224 -5.173986 -2.873884
v 5.935497 -5.059557 -2.797362
v 5.987892 -5.132607 -2.797362
v 5.987892 -5.132607 -2.797362
v 5.935497 -5.059557 -2.797362
v 6.052182 -5.090951 -2.612622
v 5.935497 -5.059557 -2.797362
v 5.995670 -5.012159 -2.612622
v 6.052182 -5.090951 -2.612622
v 6.052182 -5.090951 -2.612622
v 5.995670 -5.012159 -2.612622
v 6.052182 -5.090951 2.612622
v 5.995670 -5.012159 -2.612622
v 5.995670 -5.012159 2.612622
v 6.052182 -5.090951 2.612622
v 6.052182 -5.090951 2.612622
v 5.995670 -5.012159 2.612622
v 5.987892 -5.132607 2.797363
v 5.995670 -5.012159 2.612622
v 5.935497 -5.059557 2.797363
v 5.987892 -5.132607 2.797363
v 5.987892 -5.132607 2.797363
v 5.935497 -5.059557 2.797363
v 5.832678 -5.233179 2.873884
v 5.935497 -5.059557 2.797363
v 5.790224 -5.173986 2.873884
v 5.832678 -5.233179 2.873884
v 5.790224 -5.173986 -2.873884
v 5.741237 -5.117244 -2.873884
v 5.935497 -5.059557 -2.797362
v 5.741237 -5.117244 -2.873884
v 5.876654 -4.991398 -2.797362
v 5.935497 -5.059557 -2.797362
v 5.935497 -5.059557 -2.797362
v 5.876654 -4.991398 -2.797362
v 5.995670 -5.012159 -2.612622
v 5.876654 -4.991398 -2.797362
v 5.932744 -4.939270 -2.612622
v 5.995670 -5.012159 -2.612622
v 5.995670 -5.012159 -2.612622
v 5.932744 -4.939270 -2.612622
v 5.995670 -5.012159 2.612622
v 5.932744 -4.939270 -2.612622
v 5.932744 -4.939270 2.612622
v 5.995670 -5.012159 2.612622
v 5.995670 -5.012159 2.612622
v 5.932744 -4.939270 2.612622
v 5.935497 -5.059557 2.797363
v 5.932744 -4.939270 2.612622
v 5.876654 -4.991398 2.797363
v 5.935497 -5.059557 2.797363
v 5.935497 -5.059557 2.797363
v 5.876654 -4.991398 2.797363
v 5.790224 -5.173986 2.873884
v 5.876654 -4.991398 2.797363
v 5.741237 -5.117244 2.873884
v 5.790224 -5.173986 2.873884
v 5.741237 -5.117244 -2.873884
v 3.128615 -2.504622 -2.873884
v 5.876654 -4.991398 -2.797362
v 3.128615 -2.504622 -2.873884
v 3.254460 -2.369205 -2.797362
v 5.876654 -4.991398 -2.797362
v 5.876654 -4.991398 -2.797362
v 3.254460 -2.369205 -2.797362
v 5.932744 -4.939270 -2.612622
v 3.254460 -2.369205 -2.797362
v 3.306588 -2.313114 -2.612622
v 5.932744 -4.939270 -2.612622
v 5.932744 -4.939270 -2.612622
v 3.306588 -2.313114 -2.612622
v 5.932744 -4.939270 2.612622
v 3.306588 -2.313114 -2.612622
v 3.306588 -2.313114 2.612622
v 5.932744 -4.939270 2.612622
v 5.932744 -4.939270 2.612622
v 3.306588 -2.313114 2.612622
v 5.876654 -4.991398 2.797363
v 3.306588 -2.313114 2.612622
v 3.254460 -2.369205 2.797363
v 5.876654 -4.991398 2.797363
v 5.876654 -4.991398 2.797363
v 3.254460 -2.369205 2.797363
v 5.741237 -5.117244 2.873884
v 3.254460 -2.369205 2.797363
v 3.128615 -2.504622 2.873884
v 5.741237 -5.117244 2.873884
v 3.128615 -2.504622 -2.873884
v 3.071872 -2.455635 -2.873884
v 3.254460 -2.369205 -2.797362
v 3.071872 -2.455635 -2.873884
v 3.186301 -2.310362 -2.797362
v 3.254460 -2.369205 -2.797362
v 3.254460 -2.369205 -2.797362
v 3.186301 -2.310362 -2.797362
v 3.306588 -2.313114 -2.612622
v 3.186301 -2.310362 -2.797362
v 3.233699 -2.250189 -2.612622
v 3.306588 -2.313114 -2.612622
v 3.306588 -2.313114 -2.612622
v 3.233699 -2.250189 -2.612622
v 3.306588 -2.313114 2.612622
v 3.233699 -2.250189 -2.612622
v 3.233699 -2.250189 2.612622
v 3.306588 -2.313114 2.612622
v 3.306588 -2.313114 2.612622
v 3.233699 -2.250189 2.612622
v 3.254460 -2.369205 2.797363
v 3.233699 -2.250189 2.612622
v 3.186301 -2.310362 2.797363
v 3.254460 -2.369205 2.797363
v 3.254460 -2.369205 2.797363
v 3.186301 -2.310362 2.797363
v 3.128615 -2.504622 2.873884
v 3.186301 -2.310362 2.797363
v 3.071872 -2.455635 2.873884
v 3.128615 -2.504622 2.873884
v 3.071872 -2.455635 -2.873884
v 3.012679 -2.413180 -2.873884
v 3.186301 -2.310362 -2.797362
v 3.012679 -2.413180 -2.873884
v 3.113250 -2.257967 -2.797362
v 3.186301 -2.310362 -2.797362
v 3.186301 -2.310362 -2.797362
v 3.113250 -2.257967 -2.797362
v 3.233699 -2.250189 -2.612622
v 3.113250 -2.257967 -2.797362
v 3.154908 -2.193676 -2.612622
v 3.233699 -2.250189 -2.612622
v 3.233699 -2.250189 -2.612622
v 3.154908 -2.193676 -2.612622
v 3.233699 -2.250189 2.612622
v 3.154908 -2.193676 -2.612622
v 3.154908 -2.193676 2.612622
v 3.233699 -2.250189 2.612622
v 3.233699 -2.250189 2.612622
v 3.154908 -2.193676 2.612622
v 3.186301 -2.310362 2.797363
v 3.154908 -2.193676 2.612622
v 3.113250 -2.257967 2.797363
v 3.186301 -2.310362 2.797363
v 3.186301 -2.310362 2.797363
v 3.113250 -2.257967 2.797363
v 3.071872 -2.455635 2.873884
v 3.113250 -2.257967 2.797363
v 3.012679 -2.413180 2.873884
v 3.071872 -2.455635 2.873884
v 3.012679 -2.413180 -2.873884
v 2.951038 -2.377256 -2.873884
v 3.113250 -2.257967 -2.797362
v 2.951038 -2.377256 -2.873884
v 3.036256 -2.213096 -2.797362
v 3.113250 -2.257967 -2.797362
v 3.113250 -2.257967 -2.797362
v 3.036256 -2.213096 -2.797362
v 3.154908 -2.193676 -2.612622
v 3.036256 -2.213096 -2.797362
v 3.071554 -2.145099 -2.612622
v 3.154908 -2.193676 -2.612622
v 3.154908 -2.193676 -2.612622
v 3.071554 -2.145099 -2.612622
v 3.154908 -2.193676 2.612622
v 3.071554 -2.145099 -2.612622
v 3.071554 -2.145099 2.612622
v 3.154908 -2.193676 2.612622
v 3.154908 -2.193676 2.612622
v 3.071554 -2.145099 2.612622
v 3.113250 -2.257967 2.797363
v 3.071554 -2.145099 2.612622
v 3.036256 -2.213096 2.797363
v 3.113250 -2.257967 2.797363
v 3.113250 -2.257967 2.797363
v 3.036256 -2.213096 2.797363
v 3.012679 -2.413180 2.873884
v 3.036256 -2.213096 2.797363
v 2.951038 -2.377256 2.873884
v 3.012679 -2.413180 2.873884
v 2.951038 -2.377256 -2.873884
v 2.886948 -2.347864 -2.873884
v 3.036256 -2.213096 -2.797362
v 2.886948 -2.347864 -2.873884
v 2.955633 -2.176122 -2.797362
v 3.036256 -2.213096 -2.797362
v 3.036256 -2.213096 -2.797362
v 2.955633 -2.176122 -2.797362
v 3.071554 -2.145099 -2.612622
v 2.955633 -2.176122 -2.797362
v 2.984083 -2.104985 -2.612622
v 3.071554 -2.145099 -2.612622
v 3.071554 -2.145099 -2.612622
v 2.984083 -2.104985 -2.612622
v 3.071554 -2.145099 2.612622
v 2.984083 -2.104985 -2.612622
v 2.984083 -2.104985 2.612622
v 3.071554 -2.145099 2.612622
v 3.071554 -2.145099 2.612622
v 2.984083 -2.104985 2.612622
v 3.036256 -2.213096 2.797363
v 2.984083 -2.104985 2.612622
v 2.955633 -2.176122 2.797363
v 3.036256 -2.213096 2.797363
v 3.036256 -2.213096 2.797363
v 2.955633 -2.176122 2.797363
v 2.951038 -2.377256 2.873884
v 2.955633 -2.176122 2.797363
v 2.886948 -2.347864 2.873884
v 2.951038 -2.377256 2.873884
v 2.886948 -2.347864 -2.873884
v 2.820407 -2.325004 -2.873884
v 2.955633 -2.176122 -2.797362
v 2.820407 -2.325004 -2.873884
v 2.871819 -2.147329 -2.797362
v 2.955633 -2.176122 -2.797362
v 2.955633 -2.176122 -2.797362
v 2.871819 -2.147329 -2.797362
v 2.984083 -2.104985 -2.612622
v 2.871819 -2.147329 -2.797362
v 2.893115 -2.073732 -2.612622
v 2.984083 -2.104985 -2.612622
v 2.984083 -2.104985 -2.612622
v 2.893115 -2.073732 -2.612622
v 2.984083 -2.104985 2.612622
v 2.893115 -2.073732 -2.612622
v 2.893115 -2.073732 2.612622
v 2.984083 -2.104985 2.612622
v 2.984083 -2.104985 2.612622
v 2.893115 -2.073732 2.612622
v 2.955633 -2.176122 2.797363
v 2.893115 -2.073732 2.612622
v 2.871819 -2.147329 2.797363
v 2.955633 -2.176122 2.797363
v 2.955633 -2.176122 2.797363
v 2.871819 -2.147329 2.797363
v 2.886948 -2.347864 2.873884
v 2.871819 -2.147329 2.797363
v 2.820407 -2.325004 2.873884
v 2.886948 -2.347864 2.873884
v 2.820407 -2.325004 -2.873884
v 2.751417 -2.308675 -2.873884
v 2.871819 -2.147329 -2.797362
v 2.751417 -2.308675 -2.873884
v 2.785321 -2.126855 -2.797362
v 2.871819 -2.147329 -2.797362
v 2.871819 -2.147329 -2.797362
v 2.785321 -2.126855 -2.797362
v 2.893115 -2.073732 -2.612622
v 2.785321 -2.126855 -2.797362
v 2.799364 -2.051543 -2.612622
v 2.893115 -2.073732 -2.612622
v 2.893115 -2.073732 -2.612622
v 2.799364 -2.051543 -2.612622
v 2.893115 -2.073732 2.612622
v 2.799364 -2.051543 -2.612622
v 2.799364 -2.051543 2.612622
v 2.893115 -2.073732 2.612622
v 2.893115 -2.073732 2.612622
v 2.799364 -2.051543 2.612622
v 2.871819 -2.147329 2.797363
v 2.799364 -2.051543 2.612622
v 2.785321 -2.126855 2.797363
v 2.871819 -2.147329 2.797363
v 2.871819 -2.147329 2.797363
v 2.785321 -2.126855 2.797363
v 2.820407 -2.325004 2.873884
v 2.785321 -2.126855 2.797363
v 2.751417 -2.308675 2.873884
v 2.820407 -2.325004 2.873884
v 2.751417 -2.308675 -2.873884
v 2.679979 -2.298877 -2.873884
v 2.785321 -2.126855 -2.797362
v 2.679979 -2.298877 -2.873884
v 2.696643 -2.114693 -2.797362
v 2.785321 -2.126855 -2.797362
v 2.785321 -2.126855 -2.797362
v 2.696643 -2.114693 -2.797362
v 2.799364 -2.051543 -2.612622
v 2.696643 -2.114693 -2.797362
v 2.703546 -2.038401 -2.612622
v 2.799364 -2.051543 -2.612622
v 2.799364 -2.051543 -2.612622
v 2.703546 -2.038401 -2.612622
v 2.799364 -2.051543 2.612622
v 2.703546 -2.038401 -2.612622
v 2.703546 -2.038401 2.612622
v 2.799364 -2.051543 2.612622
v 2.799364 -2.051543 2.612622
v 2.703546 -2.038401 2.612622
v 2.785321 -2.126855 2.797363
v 2.703546 -2.038401 2.612622
v 2.696643 -2.114693 2.797363
v 2.785321 -2.126855 2.797363
v 2.785321 -2.126855 2.797363
v 2.696643 -2.114693 2.797363
v 2.751417 -2.308675 2.873884
v 2.696643 -2.114693 2.797363
v 2.679979 -2.298877 2.873884
v 2.751417 -2.308675 2.873884
v 2.679979 -2.298877 -2.873884
v 2.606090 -2.295612 -2.873884
v 2.696643 -2.114693 -2.797362
v 2.606090 -2.295612 -2.873884
v 2.610171 -2.110872 -2.797362
v 2.696643 -2.114693 -2.797362
v 2.696643 -2.114693 -2.797362
v 2.610171 -2.110872 -2.797362
v 2.703546 -2.038401 -2.612622
v 2.610171 -2.110872 -2.797362
v 2.611861 -2.034349 -2.612622
v 2.703546 -2.038401 -2.612622
v 2.703546 -2.038401 -2.612622
v 2.611861 -2.034349 -2.612622
v 2.703546 -2.038401 2.612622
v 2.611861 -2.034349 -2.612622
v 2.611861 -2.034349 2.612622
v 2.703546 -2.038401 2.612622
v 2.703546 -2.038401 2.612622
v 2.611861 -2.034349 2.612622
v 2.696643 -2.114693 2.797363
v 2.611861 -2.034349 2.612622
v 2.610171 -2.110872 2.797363
v 2.696643 -2.114693 2.797363
v 2.696643 -2.114693 2.797363
v 2.610171 -2.110872 2.797363
v 2.679979 -2.298877 2.873884
v 2.610171 -2.110872 2.797363
v 2.606090 -2.295612 2.873884
v 2.679979 -2.298877 2.873884
v 2.606090 -2.295612 -2.873884
v -5.623669 -2.295612 -2.873884
v 2.610171 -2.110872 -2.797362
v -5.623669 -2.295612 -2.873884
v -5.629820 -2.110872 -2.797362
v 2.610171 -2.110872 -2.797362
v 2.610171 -2.110872 -2.797362
v -5.629820 -2.110872 -2.797362
v 2.611861 -2.034349 -2.612622
v -5.629820 -2.110872 -2.797362
v -5.632368 -2.034349 -2.612622
v 2.611861 -2.034349 -2.612622
v 2.611861 -2.034349 -2.612622
v -5.632368 -2.034349 -2.612622
v 2.611861 -2.034349 2.612622
v -5.632368 -2.034349 -2.612622
v -5.632368 -2.034349 2.612622
v 2.611861 -2.034349 2.612622
v 2.611861 -2.034349 2.612622
v -5.632368 -2.034349 2.612622
v 2.610171 -2.110872 2.797363
v -5.632368 -2.034349 2.612622
v -5.629820 -2.110872 2.797363
v 2.610171 -2.110872 2.797363
v 2.610171 -2.110872 2.797363
v -5.629820 -2.110872 2.797363
v 2.606090 -2.295612 2.873884
v -5.629820 -2.110872 2.797363
v -5.623669 -2.295612 2.873884
v 2.606090 -2.295612 2.873884
v -5.623669 -2.295612 -2.873884
v -5.700211 -2.300715 -2.873884
v -5.629820 -2.110872 -2.797362
v -5.700211 -2.300715 -2.873884
v -5.727299 -2.117370 -2.797362
v -5.629820 -2.110872 -2.797362
v -5.629820 -2.110872 -2.797362
v -5.727299 -2.117370 -2.797362
v -5.632368 -2.034349 -2.612622
v -5.727299 -2.117370 -2.797362
v -5.738519 -2.041426 -2.612622
v -5.632368 -2.034349 -2.612622
v -5.632368 -2.034349 -2.612622
v -5.738519 -2.041426 -2.612622
v -5.632368 -2.034349 2.612622
v -5.738519 -2.041426 -2.612622
v -5.738519 -2.041426 2.612622
v -5.632368 -2.034349 2.612622
v -5.632368 -2.034349 2.612622
v -5.738519 -2.041426 2.612622
v -5.629820 -2.110872 2.797363
v -5.738519 -2.041426 2.612622
v -5.727299 -2.117370 2.797363
v -5.629820 -2.110872 2.797363
v -5.629820 -2.110872 2.797363
v -5.727299 -2.117370 2.797363
v -5.623669 -2.295612 2.873884
v -5.727299 -2.117370 2.797363
v -5.700211 -2.300715 2.873884
v -5.623669 -2.295612 2.873884
v -5.700211 -2.300715 -2.873884
v -5.766547 -2.316022 -2.873884
v -5.727299 -2.117370 -2.797362
v -5.766547 -2.316022 -2.873884
v -5.826133 -2.140178 -2.797362
v -5.727299 -2.117370 -2.797362
v -5.727299 -2.117370 -2.797362
v -5.826133 -2.140178 -2.797362
v -5.738519 -2.041426 -2.612622
v -5.826133 -2.140178 -2.797362
v -5.850814 -2.067341 -2.612622
v -5.738519 -2.041426 -2.612622
v -5.738519 -2.041426 -2.612622
v -5.850814 -2.067341 -2.612622
v -5.738519 -2.041426 2.612622
v -5.850814 -2.067341 -2.612622
v -5.850814 -2.067341 2.612622
v -5.738519 -2.041426 2.612622
v -5.738519 -2.041426 2.612622
v -5.850814 -2.067341 2.612622
v -5.727299 -2.117370 2.797363
v -5.850814 -2.067341 2.612622
v -5.826133 -2.140178 2.797363
v -5.727299 -2.117370 2.797363
v -5.727299 -2.117370 2.797363
v -5.826133 -2.140178 2.797363
v -5.700211 -2.300715 2.873884
v -5.826133 -2.140178 2.797363
v -5.766547 -2.316022 2.873884
v -5.700211 -2.300715 2.873884
v -5.766547 -2.316022 -2.873884
v -5.822678 -2.341537 -2.873884
v -5.826133 -2.140178 -2.797362
v -5.822678 -2.341537 -2.873884
v -5.918926 -2.182358 -2.797362
v -5.826133 -2.140178 -2.797362
v -5.826133 -2.140178 -2.797362
v -5.918926 -2.182358 -2.797362
v -5.850814 -2.067341 -2.612622
v -5.918926 -2.182358 -2.797362
v -5.958794 -2.116423 -2.612622
v -5.850814 -2.067341 -2.612622
v -5.850814 -2.067341 -2.612622
v -5.958794 -2.116423 -2.612622
v -5.850814 -2.067341 2.612622
v -5.958794 -2.116423 -2.612622
v -5.958794 -2.116423 2.612622
v -5.850814 -2.067341 2.612622
v -5.850814 -2.067341 2.612622
v -5.958794 -2.116423 2.612622
v -5.826133 -2.140178 2.797363
v -5.958794 -2.116423 2.612622
v -5.918926 -2.182358 2.797363
v -5.826133 -2.140178 2.797363
v -5.826133 -2.140178 2.797363
v -5.918926 -2.182358 2.797363
v -5.766547 -2.316022 2.873884
v -5.918926 -2.182358 2.797363
v -5.822678 -2.341537 2.873884
v -5.766547 -2.316022 2.873884
v -5.822678 -2.341537 -2.873884
v -5.868602 -2.377256 -2.873884
v -5.918926 -2.182358 -2.797362
v -5.868602 -2.377256 -2.873884
v -6.000250 -2.245608 -2.797362
v -5.918926 -2.182358 -2.797362
v -5.918926 -2.182358 -2.797362
v -6.000250 -2.245608 -2.797362
v -5.958794 -2.116423 -2.612622
v -6.000250 -2.245608 -2.797362
v -6.054780 -2.191078 -2.612622
v -5.958794 -2.116423 -2.612622
v -5.958794 -2.116423 -2.612622
v -6.054780 -2.191078 -2.612622
v -5.958794 -2.116423 2.612622
v -6.054780 -2.191078 -2.612622
v -6.054780 -2.191078 2.612622
v -5.958794 -2.116423 2.612622
v -5.958794 -2.116423 2.612622
v -6.054780 -2.191078 2.612622
v -5.918926 -2.182358 2.797363
v -6.054780 -2.191078 2.612622
v -6.000250 -2.245608 2.797363
v -5.918926 -2.182358 2.797363
v -5.918926 -2.182358 2.797363
v -6.000250 -2.245608 2.797363
v -5.822678 -2.341537 2.873884
v -6.000250 -2.245608 2.797363
v -5.868602 -2.377256 2.873884
v -5.822678 -2.341537 2.873884
v -5.868602 -2.377256 -2.873884
v -5.904322 -2.423182 -2.873884
v -6.000250 -2.245608 -2.797362
v -5.904322 -2.423182 -2.873884
v -6.063502 -2.326932 -2.797362
v -6.000250 -2.245608 -2.797362
v -6.000250 -2.245608 -2.797362
v -6.063502 -2.326932 -2.797362
v -6.054780 -2.191078 -2.612622
v -6.063502 -2.326932 -2.797362
v -6.129437 -2.287064 -2.612622
v -6.054780 -2.191078 -2.612622
v -6.054780 -2.191078 -2.612622
v -6.129437 -2.287064 -2.612622
v -6.054780 -2.191078 2.612622
v -6.129437 -2.287064 -2.612622
v -6.129437 -2.287064 2.612622
v -6.054780 -2.191078 2.612622
v -6.054780 -2.191078 2.612622
v -6.129437 -2.287064 2.612622
v -6.000250 -2.245608 2.797363
v -6.129437 -2.287064 2.612622
v -6.063502 -2.326932 2.797363
v -6.000250 -2.245608 2.797363
v -6.000250 -2.245608 2.797363
v -6.063502 -2.326932 2.797363
v -5.868602 -2.377256 2.873884
v -6.063502 -2.326932 2.797363
v -5.904322 -2.423182 2.873884
v -5.868602 -2.377256 2.873884
v -5.904322 -2.423182 -2.873884
v -5.929836 -2.479311 -2.873884
v -6.063502 -2.326932 -2.797362
v -5.929836 -2.479311 -2.873884
v -6.105681 -2.419726 -2.797362
v -6.063502 -2.326932 -2.797362
v -6.063502 -2.326932 -2.797362
v -6.105681 -2.419726 -2.797362
v -6.129437 -2.287064 -2.612622
v -6.105681 -2.419726 -2.797362
v -6.178518 -2.395043 -2.612622
v -6.129437 -2.287064 -2.612622
v -6.129437 -2.287064 -2.612622
v -6.178518 -2.395043 -2.612622
v -6.129437 -2.287064 2.612622
v -6.178518 -2.395043 -2.612622
v -6.178518 -2.395043 2.612622
v -6.129437 -2.287064 2.612622
v -6.129437 -2.287064 2.612622
v -6.178518 -2.395043 2.612622
v -6.063502 -2.326932 2.797363
v -6.178518 -2.395043 2.612622
v -6.105681 -2.419726 2.797363
v -6.063502 -2.326932 2.797363
v -6.063502 -2.326932 2.797363
v -6.105681 -2.419726 2.797363
v -5.904322 -2.423182 2.873884
v -6.105681 -2.419726 2.797363
v -5.929836 -2.479311 2.873884
v -5.904322 -2.423182 2.873884
v -5.929836 -2.479311 -2.873884
v -5.945144 -2.545647 -2.873884
v -6.105681 -2.419726 -2.797362
v -5.945144 -2.545647 -2.873884
v -6.128489 -2.518560 -2.797362
v -6.105681 -2.419726 -2.797362
v -6.105681 -2.419726 -2.797362
v -6.128489 -2.518560 -2.797362
v -6.178518 -2.395043 -2.612622
v -6.128489 -2.518560 -2.797362
v -6.204432 -2.507339 -2.612622
v -6.178518 -2.395043 -2.612622
v -6.178518 -2.395043 -2.612622
v -6.204432 -2.507339 -2.612622
v -6.178518 -2.395043 2.612622
v -6.204432 -2.507339 -2.612622
v -6.204432 -2.507339 2.612622
v -6.178518 -2.395043 2.612622
v -6.178518 -2.395043 2.612622
v -6.204432 -2.507339 2.612622
v -6.105681 -2.419726 2.797363
v -6.204432 -2.507339 2.612622
v -6.128489 -2.518560 2.797363
v -6.105681 -2.419726 2.797363
v -6.105681 -2.419726 2.797363
v -6.128489 -2.518560 2.797363
v -5.929836 -2.479311 2.873884
v -6.128489 -2.518560 2.797363
v -5.945144 -2.545647 2.873884
v -5.929836 -2.479311 2.873884
v -5.945144 -2.545647 -2.873884
v -5.950247 -2.622190 -2.873884
v -6.128489 -2.518560 -2.797362
v -5.950247 -2.622190 -2.873884
v -6.134987 -2.616038 -2.797362
v -6.128489 -2.518560 -2.797362
v -6.128489 -2.518560 -2.797362
v -6.134987 -2.616038 -2.797362
v -6.204432 -2.507339 -2.612622
v -6.134987 -2.616038 -2.797362
v -6.211509 -2.613491 -2.612622
v -6.204432 -2.507339 -2.612622
v -6.204432 -2.507339 -2.612622
v -6.211509 -2.613491 -2.612622
v -6.204432 -2.507339 2.612622
v -6.211509 -2.613491 -2.612622
v -6.211509 -2.613491 2.612622
v -6.204432 -2.507339 2.612622
v -6.204432 -2.507339 2.612622
v -6.211509 -2.613491 2.612622
v -6.128489 -2.518560 2.797363
v -6.211509 -2.613491 2.612622
v -6.134987 -2.616038 2.797363
v -6.128489 -2.518560 2.797363
v -6.128489 -2.518560 2.797363
v -6.134987 -2.616038 2.797363
v -5.945144 -2.545647 2.873884
v -6.134987 -2.616038 2.797363
v -5.950247 -2.622190 2.873884
v -5.945144 -2.545647 2.873884
v -5.950247 -2.622190 -2.873884
v -5.950247 -19.382160 -2.873884
v -6.134987 -2.616038 -2.797362
v -5.950247 -19.382160 -2.873884
v -6.134987 -19.388311 -2.797362
v -6.134987 -2.616038 -2.797362
v -6.134987 -2.616038 -2.797362
v -6.134987 -19.388311 -2.797362
v -6.211509 -2.613491 -2.612622
v -6.134987 -19.388311 -2.797362
v -6.211509 -19.390859 -2.612622
v -6.211509 -2.613491 -2.612622
v -6.211509 -2.613491 -2.612622
v -6.211509 -19.390859 -2.612622
v -6.211509 -2.613491 2.612622
v -6.211509 -19.390859 -2.612622
v -6.211509 -19.390859 2.612622
v -6.211509 -2.613491 2.612622
v -6.211509 -2.613491 2.612622
v -6.211509 -19.390859 2.612622
v -6.134987 -2.616038 2.797363
v -6.211509 -19.390859 2.612622
v -6.134987 -19.388311 2.797363
v -6.134987 -2.616038 2.797363
v -6.134987 -2.616038 2.797363
v -6.134987 -19.388311 2.797363
v -5.950247 -2.622190 2.873884
v -6.134987 -19.388311 2.797363
v -5.950247 -19.382160 2.873884
v -5.950247 -2.622190 2.873884
v -5.950247 -19.382160 -2.873884
v -5.945144 -19.458702 -2.873884
v -6.134987 -19.388311 -2.797362
v -5.945144 -19.458702 -2.873884
v -6.128489 -19.485790 -2.797362
v -6.134987 -19.388311 -2.797362
v -6.134987 -19.388311 -2.797362
v -6.128489 -19.485790 -2.797362
v -6.211509 -19.390859 -2.612622
v -6.128489 -19.485790 -2.797362
v -6.204432 -19.497010 -2.612622
v -6.211509 -19.390859 -2.612622
v -6.211509 -19.390859 -2.612622
v -6.204432 -19.497010 -2.612622
v -6.211509 -19.390859 2.612622
v -6.204432 -19.497010 -2.612622
v -6.204432 -19.497010 2.612622
v -6.211509 -19.390859 2.612622
v -6.211509 -19.390859 2.612622
v -6.204432 -19.497010 2.612622
v -6.134987 -19.388311 2.797363
v -6.204432 -19.497010 2.612622
v -6.128489 -19.485790 2.797363
v -6.134987 -19.388311 2.797363
v -6.134987 -19.388311 2.797363
v -6.128489 -19.485790 2.797363
v -5.950247 -19.382160 2.873884
v -6.128489 -19.485790 2.797363
v -5.945144 -19.458702 2.873884
v -5.950247 -19.382160 2.873884
v -5.945144 -19.458702 -2.873884
v -5.929836 -19.525038 -2.873884
v -6.128489 -19.485790 -2.797362
v -5.929836 -19.525038 -2.873884
v -6.105681 -19.584624 -2.797362
v -6.128489 -19.485790 -2.797362
v -6.128489 -19.485790 -2.797362
v -6.105681 -19.584624 -2.797362
v -6.204432 -19.497010 -2.612622
v -6.105681 -19.584624 -2.797362
v -6.178518 -19.609305 -2.612622
v -6.204432 -19.497010 -2.612622
v -6.204432 -19.497010 -2.612622
v -6.178518 -19.609305 -2.612622
v -6.204432 -19.497010 2.612622
v -6.178518 -19.609305 -2.612622
v -6.178518 -19.609305 2.612622
v -6.204432 -19.497010 2.612622
v -6.204432 -19.497010 2.612622
v -6.178518 -19.609305 2.612622
v -6.128489 -19.485790 2.797363
v -6.178518 -19.609305 2.612622
v -6.105681 -19.584624 2.797363
v -6.128489 -19.485790 2.797363
v -6.128489 -19.485790 2.797363
v -6.105681 -19.584624 2.797363
v -5.945144 -19.458702 2.873884
v -6.105681 -19.584624 2.797363
v -5.929836 -19.525038 2.873884
v -5.945144 -19.458702 2.873884
v -5.929836 -19.525038 -2.873884
v -5.904322 -19.581168 -2.873884
v -6.105681 -19.584624 -2.797362
v -5.904322 -19.581168 -2.873884
v -6.063502 -19.677417 -2.797362
v -6.105681 -19.584624 -2.797362
v -6.105681 -19.584624 -2.797362
v -6.063502 -19.677417 -2.797362
v -6.178518 -19.609305 -2.612622
v -6.063502 -19.677417 -2.797362
v -6.129437 -19.717285 -2.612622
v -6.178518 -19.609305 -2.612622
v -6.178518 -19.609305 -2.612622
v -6.129437 -19.717285 -2.612622
v -6.178518 -19.609305 2.612622
v -6.129437 -19.717285 -2.612622
v -6.129437 -19.717285 2.612622
v -6.178518 -19.609305 2.612622
v -6.178518 -19.609305 2.612622
v -6.129437 -19.717285 2.612622
v -6.105681 -19.584624 2.797363
v -6.129437 -19.717285 2.612622
v -6.063502 -19.677417 2.797363
v -6.105681 -19.584624 2.797363
v -6.105681 -19.584624 2.797363
v -6.063502 -19.677417 2.797363
v -5.929836 -19.525038 2.873884
v -6.063502 -19.677417 2.797363
v -5.904322 -19.581168 2.873884
v -5.929836 -19.525038 2.873884
v -5.904322 -19.581168 -2.873884
v -5.868602 -19.627093 -2.873884
v -6.063502 -19.677417 -2.797362
v -5.868602 -19.627093 -2.873884
v -6.000250 -19.758741 -2.797362
v -6.063502 -19.677417 -2.797362
v -6.063502 -19.677417 -2.797362
v -6.000250 -19.758741 -2.797362
v -6.129437 -19.717285 -2.612622
v -6.000250 -19.758741 -2.797362
v -6.054780 -19.813271 -2.612622
v -6.129437 -19.717285 -2.612622
v -6.129437 -19.717285 -2.612622
v -6.054780 -19.813271 -2.612622
v -6.129437 -19.717285 2.612622
v -6.054780 -19.813271 -2.612622
v -6.054780 -19.813271 2.612622
v -6.129437 -19.717285 2.612622
v -6.129437 -19.717285 2.612622
v -6.054780 -19.813271 2.612622
v -6.063502 -19.677417 2.797363
v -6.054780 -19.813271 2.612622
v -6.000250 -19.758741 2.797363
v -6.063502 -19.677417 2.797363
v -6.063502 -19.677417 2.797363
v -6.000250 -19.758741 2.797363
v -5.904322 -19.581168 2.873884
v -6.000250 -19.758741 2.797363
v -5.868602 -19.627093 2.873884
v -5.904322 -19.581168 2.873884
v -5.868602 -19.627093 -2.873884
v -5.822678 -19.662813 -2.873884
v -6.000250 -19.758741 -2.797362
v -5.822678 -19.662813 -2.873884
v -5.918926 -19.821993 -2.797362
v -6.000250 -19.758741 -2.797362
v -6.000250 -19.758741 -2.797362
v -5.918926 -19.821993 -2.797362
v -6.054780 -19.813271 -2.612622
v -5.918926 -19.821993 -2.797362
v -5.958794 -19.887927 -2.612622
v -6.054780 -19.813271 -2.612622
v -6.054780 -19.813271 -2.612622
v -5.958794 -19.887927 -2.612622
v -6.054780 -19.813271 2.612622
v -5.958794 -19.887927 -2.612622
v -5.958794 -19.887927 2.612622
v -6.054780 -19.813271 2.612622
v -6.054780 -19.813271 2.612622
v -5.958794 -19.887927 2.612622
v -6.000250 -19.758741 2.797363
v -5.958794 -19.887927 2.612622
v -5.918926 -19.821993 2.797363
v -6.000250 -19.758741 2.797363
v -6.000250 -19.758741 2.797363
v -5.918926 -19.821993 2.797363
v -5.868602 -19.627093 2.873884
v -5.918926 -19.821993 2.797363
v -5.822678 -19.662813 2.873884
v -5.868602 -19.627093 2.873884
v -5.822678 -19.662813 -2.873884
v -5.766547 -19.688327 -2.873884
v -5.918926 -19.821993 -2.797362
v -5.766547 -19.688327 -2.873884
v -5.826133 -19.864172 -2.797362
v -5.918926 -19.821993 -2.797362
v -5.918926 -19.821993 -2.797362
v -5.826133 -19.864172 -2.797362
v -5.958794 -19.887927 -2.612622
v -5.826133 -19.864172 -2.797362
v -5.850814 -19.937009 -2.612622
v -5.958794 -19.887927 -2.612622
v -5.958794 -19.887927 -2.612622
v -5.850814 -19.937009 -2.612622
v -5.958794 -19.887927 2.612622
v -5.850814 -19.937009 -2.612622
v -5.850814 -19.937009 2.612622
v -5.958794 -19.887927 2.612622
v -5.958794 -19.887927 2.612622
v -5.850814 -19.937009 2.612622
v -5.918926 -19.821993 2.797363
v -5.850814 -19.937009 2.612622
v -5.826133 -19.864172 2.797363
v -5.918926 -19.821993 2.797363
v -5.918926 -19.821993 2.797363
v -5.826133 -19.864172 2.797363
v -5.822678 -19.662813 2.873884
v -5.826133 -19.864172 2.797363
v -5.766547 -19.688327 2.873884
v -5.822678 -19.662813 2.873884
v -5.766547 -19.688327 -2.873884
v -5.700211 -19.703635 -2.873884
v -5.826133 -19.864172 -2.797362
v -5.700211 -19.703635 -2.873884
v -5.727299 -19.886979 -2.797362
v -5.826133 -19.864172 -2.797362
v -5.826133 -19.864172 -2.797362
v -5.727299 -19.886979 -2.797362
v -5.850814 -19.937009 -2.612622
v -5.727299 -19.886979 -2.797362
v -5.738519 -19.962923 -2.612622
v -5.850814 -19.937009 -2.612622
v -5.850814 -19.937009 -2.612622
v -5.738519 -19.962923 -2.612622
v -5.850814 -19.937009 2.612622
v -5.738519 -19.962923 -2.612622
v -5.738519 -19.962923 2.612622
v -5.850814 -19.937009 2.612622
v -5.850814 -19.937009 2.612622
v -5.738519 -19.962923 2.612622
v -5.826133 -19.864172 2.797363
v -5.738519 -19.962923 2.612622
v -5.727299 -19.886979 2.797363
v -5.826133 -19.864172 2.797363
v -5.826133 -19.864172 2.797363
v -5.727299 -19.886979 2.797363
v -5.766547 -19.688327 2.873884
v -5.727299 -19.886979 2.797363
v -5.700211 -19.703635 2.873884
v -5.766547 -19.688327 2.873884
v -5.700211 -19.703635 -2.873884
v -5.623669 -19.708738 -2.873884
v -5.727299 -19.886979 -2.797362
v -5.623669 -19.708738 -2.873884
v -5.629820 -19.893478 -2.797362
v -5.727299 -19.886979 -2.797362
v -5.727299 -19.886979 -2.797362
v -5.629820 -19.893478 -2.797362
v -5.738519 -19.962923 -2.612622
v -5.629820 -19.893478 -2.797362
v -5.632368 -19.970000 -2.612622
v -5.738519 -19.962923 -2.612622
v -5.738519 -19.962923 -2.612622
v -5.632368 -19.970000 -2.612622
v -5.738519 -19.962923 2.612622
v -5.632368 -19.970000 -2.612622
v -5.632368 -19.970000 2.612622
v -5.738519 -19.962923 2.612622
v -5.738519 -19.962923 2.612622
v -5.632368 -19.970000 2.612622
v -5.727299 -19.886979 2.797363
v -5.632368 -19.970000 2.612622
v -5.629820 -19.893478 2.797363
v -5.727299 -19.886979 2.797363
v -5.727299 -19.886979 2.797363
v -5.629820 -19.893478 2.797363
v -5.700211 -19.703635 2.873884
v -5.629820 -19.893478 2.797363
v -5.623669 -19.708738 2.873884
v -5.700211 -19.703635 2.873884
v -5.623669 -19.708738 -2.873884
v 2.606090 -19.708738 -2.873884
v -5.629820 -19.893478 -2.797362
v 2.606090 -19.708738 -2.873884
v 2.610426 -19.893478 -2.797362
v -5.629820 -19.893478 -2.797362
v -5.629820 -19.893478 -2.797362
v 2.610426 -19.893478 -2.797362
v -5.632368 -19.970000 -2.612622
v 2.610426 -19.893478 -2.797362
v 2.612222 -19.970000 -2.612622
v -5.632368 -19.970000 -2.612622
v -5.632368 -19.970000 -2.612622
v 2.612222 -19.970000 -2.612622
v -5.632368 -19.970000 2.612622
v 2.612222 -19.970000 -2.612622
v 2.612222 -19.970000 2.612622
v -5.632368 -19.970000 2.612622
v -5.632368 -19.970000 2.612622
v 2.612222 -19.970000 2.612622
v -5.629820 -19.893478 2.797363
v 2.612222 -19.970000 2.612622
v 2.610426 -19.893478 2.797363
v -5.629820 -19.893478 2.797363
v -5.629820 -19.893478 2.797363
v 2.610426 -19.893478 2.797363
v -5.623669 -19.708738 2.873884
v 2.610426 -19.893478 2.797363
v 2.606090 -19.708738 2.873884
v -5.623669 -19.708738 2.873884
v -0.738066 -7.155088 -2.873884
v 0.189415 -7.155088 -2.873884
v -0.553325 -7.339829 -2.797362
v 0.189415 -7.155088 -2.873884
v 0.181220 -7.339829 -2.797362
v -0.553325 -7.339829 -2.797362
v -0.553325 -7.339829 -2.797362
v 0.181220 -7.339829 -2.797362
v -0.476804 -7.416351 -2.612622
v 0.181220 -7.339829 -2.797362
v 0.177826 -7.416351 -2.612622
v -0.476804 -7.416351 -2.612622
v -0.476804 -7.416351 -2.612622
v 0.177826 -7.416351 -2.612622
v -0.476804 -7.416351 2.612622
v 0.177826 -7.416351 -2.612622
v 0.177826 -7.416351 2.612622
v -0.476804 -7.416351 2.612622
v -0.476804 -7.416351 2.612622
v 0.177826 -7.416351 2.612622
v -0.553325 -7.339829 2.797363
v 0.177826 -7.416351 2.612622
v 0.181220 -7.339829 2.797363
v -0.553325 -7.339829 2.797363
v -0.553325 -7.339829 2.797363
v 0.181220 -7.339829 2.797363
v -0.738066 -7.155088 2.873884
v 0.181220 -7.339829 2.797363
v 0.189415 -7.155088 2.873884
v -0.738066 -7.155088 2.873884
v 0.189415 -7.155088 -2.873884
v 0.318005 -7.166518 -2.873884
v 0.181220 -7.339829 -2.797362
v 0.318005 -7.166518 -2.873884
v 0.282269 -7.348811 -2.797362
v 0.181220 -7.339829 -2.797362
v 0.181220 -7.339829 -2.797362
v 0.282269 -7.348811 -2.797362
v 0.177826 -7.416351 -2.612622
v 0.282269 -7.348811 -2.797362
v 0.267468 -7.424319 -2.612622
v 0.177826 -7.416351 -2.612622
v 0.177826 -7.416351 -2.612622
v 0.267468 -7.424319 -2.612622
v 0.177826 -7.416351 2.612622
v 0.267468 -7.424319 -2.612622
v 0.267468 -7.424319 2.612622
v 0.177826 -7.416351 2.612622
v 0.177826 -7.416351 2.612622
v 0.267468 -7.424319 2.612622
v 0.181220 -7.339829 2.797363
v 0.267468 -7.424319 2.612622
v 0.282269 -7.348811 2.797363
v 0.181220 -7.339829 2.797363
v 0.181220 -7.339829 2.797363
v 0.282269 -7.348811 2.797363
v 0.189415 -7.155088 2.873884
v 0.282269 -7.348811 2.797363
v 0.318005 -7.166518 2.873884
v 0.189415 -7.155088 2.873884
v 0.318005 -7.166518 -2.873884
v 0.429450 -7.200809 -2.873884
v 0.282269 -7.348811 -2.797362
v 0.429450 -7.200809 -2.873884
v 0.353259 -7.370654 -2.797362
v 0.282269 -7.348811 -2.797362
v 0.282269 -7.348811 -2.797362
v 0.353259 -7.370654 -2.797362
v 0.267468 -7.424319 -2.612622
v 0.353259 -7.370654 -2.797362
v 0.321700 -7.441006 -2.612622
v 0.267468 -7.424319 -2.612622
v 0.267468 -7.424319 -2.612622
v 0.321700 -7.441006 -2.612622
v 0.267468 -7.424319 2.612622
v 0.321700 -7.441006 -2.612622
v 0.321700 -7.441006 2.612622
v 0.267468 -7.424319 2.612622
v 0.267468 -7.424319 2.612622
v 0.321700 -7.441006 2.612622
v 0.282269 -7.348811 2.797363
v 0.321700 -7.441006 2.612622
v 0.353259 -7.370654 2.797363
v 0.282269 -7.348811 2.797363
v 0.282269 -7.348811 2.797363
v 0.353259 -7.370654 2.797363
v 0.318005 -7.166518 2.873884
v 0.353259 -7.370654 2.797363
v 0.429450 -7.200809 2.873884
v 0.318005 -7.166518 2.873884
v 0.429450 -7.200809 -2.873884
v 0.523749 -7.257961 -2.873884
v 0.353259 -7.370654 -2.797362
v 0.523749 -7.257961 -2.873884
v 0.407446 -7.403495 -2.797362
v 0.353259 -7.370654 -2.797362
v 0.353259 -7.370654 -2.797362
v 0.407446 -7.403495 -2.797362
v 0.321700 -7.441006 -2.612622
v 0.407446 -7.403495 -2.797362
v 0.359271 -7.463777 -2.612622
v 0.321700 -7.441006 -2.612622
v 0.321700 -7.441006 -2.612622
v 0.359271 -7.463777 -2.612622
v 0.321700 -7.441006 2.612622
v 0.359271 -7.463777 -2.612622
v 0.359271 -7.463777 2.612622
v 0.321700 -7.441006 2.612622
v 0.321700 -7.441006 2.612622
v 0.359271 -7.463777 2.612622
v 0.353259 -7.370654 2.797363
v 0.359271 -7.463777 2.612622
v 0.407446 -7.403495 2.797363
v 0.353259 -7.370654 2.797363
v 0.353259 -7.370654 2.797363
v 0.407446 -7.403495 2.797363
v 0.429450 -7.200809 2.873884
v 0.407446 -7.403495 2.797363
v 0.523749 -7.257961 2.873884
v 0.429450 -7.200809 2.873884
v 0.523749 -7.257961 -2.873884
v 0.600903 -7.337972 -2.873884
v 0.407446 -7.403495 -2.797362
v 0.600903 -7.337972 -2.873884
v 0.452512 -7.450229 -2.797362
v 0.407446 -7.403495 -2.797362
v 0.407446 -7.403495 -2.797362
v 0.452512 -7.450229 -2.797362
v 0.359271 -7.463777 -2.612622
v 0.452512 -7.450229 -2.797362
v 0.391047 -7.496728 -2.612622
v 0.359271 -7.463777 -2.612622
v 0.359271 -7.463777 -2.612622
v 0.391047 -7.496728 -2.612622
v 0.359271 -7.463777 2.612622
v 0.391047 -7.496728 -2.612622
v 0.391047 -7.496728 2.612622
v 0.359271 -7.463777 2.612622
v 0.359271 -7.463777 2.612622
v 0.391047 -7.496728 2.612622
v 0.407446 -7.403495 2.797363
v 0.391047 -7.496728 2.612622
v 0.452512 -7.450229 2.797363
v 0.407446 -7.403495 2.797363
v 0.407446 -7.403495 2.797363
v 0.452512 -7.450229 2.797363
v 0.523749 -7.257961 2.873884
v 0.452512 -7.450229 2.797363
v 0.600903 -7.337972 2.873884
v 0.523749 -7.257961 2.873884
v 0.600903 -7.337972 -2.873884
v 0.660912 -7.440844 -2.873884
v 0.452512 -7.450229 -2.797362
v 0.660912 -7.440844 -2.873884
v 0.492020 -7.517957 -2.797362
v 0.452512 -7.450229 -2.797362
v 0.452512 -7.450229 -2.797362
v 0.492020 -7.517957 -2.797362
v 0.391047 -7.496728 -2.612622
v 0.492020 -7.517957 -2.797362
v 0.422062 -7.549899 -2.612622
v 0.391047 -7.496728 -2.612622
v 0.391047 -7.496728 -2.612622
v 0.422062 -7.549899 -2.612622
v 0.391047 -7.496728 2.612622
v 0.422062 -7.549899 -2.612622
v 0.422062 -7.549899 2.612622
v 0.391047 -7.496728 2.612622
v 0.391047 -7.496728 2.612622
v 0.422062 -7.549899 2.612622
v 0.452512 -7.450229 2.797363
v 0.422062 -7.549899 2.612622
v 0.492020 -7.517957 2.797363
v 0.452512 -7.450229 2.797363
v 0.452512 -7.450229 2.797363
v 0.492020 -7.517957 2.797363
v 0.600903 -7.337972 2.873884
v 0.492020 -7.517957 2.797363
v 0.660912 -7.440844 2.873884
v 0.600903 -7.337972 2.873884
v 0.660912 -7.440844 -2.873884
v 0.703775 -7.566577 -2.873884
v 0.492020 -7.517957 -2.797362
v 0.703775 -7.566577 -2.873884
v 0.524221 -7.612418 -2.797362
v 0.492020 -7.517957 -2.797362
v 0.492020 -7.517957 -2.797362
v 0.524221 -7.612418 -2.797362
v 0.422062 -7.549899 -2.612622
v 0.524221 -7.612418 -2.797362
v 0.449849 -7.631406 -2.612622
v 0.422062 -7.549899 -2.612622
v 0.422062 -7.549899 -2.612622
v 0.449849 -7.631406 -2.612622
v 0.422062 -7.549899 2.612622
v 0.449849 -7.631406 -2.612622
v 0.449849 -7.631406 2.612622
v 0.422062 -7.549899 2.612622
v 0.422062 -7.549899 2.612622
v 0.449849 -7.631406 2.612622
v 0.492020 -7.517957 2.797363
v 0.449849 -7.631406 2.612622
v 0.524221 -7.612418 2.797363
v 0.492020 -7.517957 2.797363
v 0.492020 -7.517957 2.797363
v 0.524221 -7.612418 2.797363
v 0.660912 -7.440844 2.873884
v 0.524221 -7.612418 2.797363
v 0.703775 -7.566577 2.873884
v 0.660912 -7.440844 2.873884
v 0.703775 -7.566577 -2.873884
v 0.729493 -7.715169 -2.873884
v 0.524221 -7.612418 -2.797362
v 0.729493 -7.715169 -2.873884
v 0.545544 -7.735611 -2.797362
v 0.524221 -7.612418 -2.797362
v 0.524221 -7.612418 -2.797362
v 0.545544 -7.735611 -2.797362
v 0.449849 -7.631406 -2.612622
v 0.545544 -7.735611 -2.797362
v 0.469349 -7.744077 -2.612622
v 0.449849 -7.631406 -2.612622
v 0.449849 -7.631406 -2.612622
v 0.469349 -7.744077 -2.612622
v 0.449849 -7.631406 2.612622
v 0.469349 -7.744077 -2.612622
v 0.469349 -7.744077 2.612622
v 0.449849 -7.631406 2.612622
v 0.449849 -7.631406 2.612622
v 0.469349 -7.744077 2.612622
v 0.524221 -7.612418 2.797363
v 0.469349 -7.744077 2.612622
v 0.545544 -7.735611 2.797363
v 0.524221 -7.612418 2.797363
v 0.524221 -7.612418 2.797363
v 0.545544 -7.735611 2.797363
v 0.703775 -7.566577 2.873884
v 0.545544 -7.735611 2.797363
v 0.729493 -7.715169 2.873884
v 0.703775 -7.566577 2.873884
v 0.729493 -7.715169 -2.873884
v 0.738065 -7.886623 -2.873884
v 0.545544 -7.735611 -2.797362
v 0.738065 -7.886623 -2.873884
v 0.553325 -7.891238 -2.797362
v 0.545544 -7.735611 -2.797362
v 0.545544 -7.735611 -2.797362
v 0.553325 -7.891238 -2.797362
v 0.469349 -7.744077 -2.612622
v 0.553325 -7.891238 -2.797362
v 0.476803 -7.893151 -2.612622
v 0.469349 -7.744077 -2.612622
v 0.469349 -7.744077 -2.612622
v 0.476803 -7.893151 -2.612622
v 0.469349 -7.744077 2.612622
v 0.476803 -7.893151 -2.612622
v 0.476803 -7.893151 2.612622
v 0.469349 -7.744077 2.612622
v 0.469349 -7.744077 2.612622
v 0.476803 -7.893151 2.612622
v 0.545544 -7.735611 2.797363
v 0.476803 -7.893151 2.612622
v 0.553325 -7.891238 2.797363
v 0.545544 -7.735611 2.797363
v 0.545544 -7.735611 2.797363
v 0.553325 -7.891238 2.797363
v 0.729493 -7.715169 2.873884
v 0.553325 -7.891238 2.797363
v 0.738065 -7.886623 2.873884
v 0.729493 -7.715169 2.873884
v 0.738065 -7.886623 -2.873884
v 0.738065 -14.104664 -2.873884
v 0.553325 -7.891238 -2.797362
v 0.738065 -14.104664 -2.873884
v 0.553325 -14.100129 -2.797362
v 0.553325 -7.891238 -2.797362
v 0.553325 -7.891238 -2.797362
v 0.553325 -14.100129 -2.797362
v 0.476803 -7.893151 -2.612622
v 0.553325 -14.100129 -2.797362
v 0.476803 -14.098250 -2.612622
v 0.476803 -7.893151 -2.612622
v 0.476803 -7.893151 -2.612622
v 0.476803 -14.098250 -2.612622
v 0.476803 -7.893151 2.612622
v 0.476803 -14.098250 -2.612622
v 0.476803 -14.098250 2.612622
v 0.476803 -7.893151 2.612622
v 0.476803 -7.893151 2.612622
v 0.476803 -14.098250 2.612622
v 0.553325 -7.891238 2.797363
v 0.476803 -14.098250 2.612622
v 0.553325 -14.100129 2.797363
v 0.553325 -7.891238 2.797363
v 0.553325 -7.891238 2.797363
v 0.553325 -14.100129 2.797363
v 0.738065 -7.886623 2.873884
v 0.553325 -14.100129 2.797363
v 0.738065 -14.104664 2.873884
v 0.738065 -7.886623 2.873884
v 0.738065 -14.104664 -2.873884
v 0.729493 -14.279179 -2.873884
v 0.553325 -14.100129 -2.797362
v 0.729493 -14.279179 -2.873884
v 0.545516 -14.259091 -2.797362
v 0.553325 -14.100129 -2.797362
v 0.553325 -14.100129 -2.797362
v 0.545516 -14.259091 -2.797362
v 0.476803 -14.098250 -2.612622
v 0.545516 -14.259091 -2.797362
v 0.469311 -14.250770 -2.612622
v 0.476803 -14.098250 -2.612622
v 0.476803 -14.098250 -2.612622
v 0.469311 -14.250770 -2.612622
v 0.476803 -14.098250 2.612622
v 0.469311 -14.250770 -2.612622
v 0.469311 -14.250770 2.612622
v 0.476803 -14.098250 2.612622
v 0.476803 -14.098250 2.612622
v 0.469311 -14.250770 2.612622
v 0.553325 -14.100129 2.797363
v 0.469311 -14.250770 2.612622
v 0.545516 -14.259091 2.797363
v 0.553325 -14.100129 2.797363
v 0.553325 -14.100129 2.797363
v 0.545516 -14.259091 2.797363
v 0.738065 -14.104664 2.873884
v 0.545516 -14.259091 2.797363
v 0.729493 -14.279179 2.873884
v 0.738065 -14.104664 2.873884
v 0.729493 -14.279179 -2.873884
v 0.703775 -14.430425 -2.873884
v 0.545516 -14.259091 -2.797362
v 0.703775 -14.430425 -2.873884
v 0.524050 -14.385335 -2.797362
v 0.545516 -14.259091 -2.797362
v 0.545516 -14.259091 -2.797362
v 0.524050 -14.385335 -2.797362
v 0.469311 -14.250770 -2.612622
v 0.524050 -14.385335 -2.797362
v 0.449605 -14.366658 -2.612622
v 0.469311 -14.250770 -2.612622
v 0.469311 -14.250770 -2.612622
v 0.449605 -14.366658 -2.612622
v 0.469311 -14.250770 2.612622
v 0.449605 -14.366658 -2.612622
v 0.449605 -14.366658 2.612622
v 0.469311 -14.250770 2.612622
v 0.469311 -14.250770 2.612622
v 0.449605 -14.366658 2.612622
v 0.545516 -14.259091 2.797363
v 0.449605 -14.366658 2.612622
v 0.524050 -14.385335 2.797363
v 0.545516 -14.259091 2.797363
v 0.545516 -14.259091 2.797363
v 0.524050 -14.385335 2.797363
v 0.729493 -14.279179 2.873884
v 0.524050 -14.385335 2.797363
v 0.703775 -14.430425 2.873884
v 0.729493 -14.279179 2.873884
v 0.703775 -14.430425 -2.873884
v 0.660912 -14.558403 -2.873884
v 0.524050 -14.385335 -2.797362
v 0.660912 -14.558403 -2.873884
v 0.491540 -14.482401 -2.797362
v 0.524050 -14.385335 -2.797362
v 0.524050 -14.385335 -2.797362
v 0.491540 -14.482401 -2.797362
v 0.449605 -14.366658 -2.612622
v 0.491540 -14.482401 -2.797362
v 0.421384 -14.450920 -2.612622
v 0.449605 -14.366658 -2.612622
v 0.449605 -14.366658 -2.612622
v 0.421384 -14.450920 -2.612622
v 0.449605 -14.366658 2.612622
v 0.421384 -14.450920 -2.612622
v 0.421384 -14.450920 2.612622
v 0.449605 -14.366658 2.612622
v 0.449605 -14.366658 2.612622
v 0.421384 -14.450920 2.612622
v 0.524050 -14.385335 2.797363
v 0.421384 -14.450920 2.612622
v 0.491540 -14.482401 2.797363
v 0.524050 -14.385335 2.797363
v 0.524050 -14.385335 2.797363
v 0.491540 -14.482401 2.797363
v 0.703775 -14.430425 2.873884
v 0.491540 -14.482401 2.797363
v 0.660912 -14.558403 2.873884
v 0.703775 -14.430425 2.873884
v 0.660912 -14.558403 -2.873884
v 0.600903 -14.663112 -2.873884
v 0.491540 -14.482401 -2.797362
v 0.600903 -14.663112 -2.873884
v 0.451601 -14.552091 -2.797362
v 0.491540 -14.482401 -2.797362
v 0.491540 -14.482401 -2.797362
v 0.451601 -14.552091 -2.797362
v 0.421384 -14.450920 -2.612622
v 0.451601 -14.552091 -2.797362
v 0.389758 -14.506104 -2.612622
v 0.421384 -14.450920 -2.612622
v 0.421384 -14.450920 -2.612622
v 0.389758 -14.506104 -2.612622
v 0.421384 -14.450920 2.612622
v 0.389758 -14.506104 -2.612622
v 0.389758 -14.506104 2.612622
v 0.421384 -14.450920 2.612622
v 0.421384 -14.450920 2.612622
v 0.389758 -14.506104 2.612622
v 0.491540 -14.482401 2.797363
v 0.389758 -14.506104 2.612622
v 0.451601 -14.552091 2.797363
v 0.491540 -14.482401 2.797363
v 0.491540 -14.482401 2.797363
v 0.451601 -14.552091 2.797363
v 0.660912 -14.558403 2.873884
v 0.451601 -14.552091 2.797363
v 0.600903 -14.663112 2.873884
v 0.660912 -14.558403 2.873884
v 0.600903 -14.663112 -2.873884
v 0.523749 -14.744552 -2.873884
v 0.451601 -14.552091 -2.797362
v 0.523749 -14.744552 -2.873884
v 0.406226 -14.599986 -2.797362
v 0.451601 -14.552091 -2.797362
v 0.451601 -14.552091 -2.797362
v 0.406226 -14.599986 -2.797362
v 0.389758 -14.506104 -2.612622
v 0.406226 -14.599986 -2.797362
v 0.357546 -14.540105 -2.612622
v 0.389758 -14.506104 -2.612622
v 0.389758 -14.506104 -2.612622
v 0.357546 -14.540105 -2.612622
v 0.389758 -14.506104 2.612622
v 0.357546 -14.540105 -2.612622
v 0.357546 -14.540105 2.612622
v 0.389758 -14.506104 2.612622
v 0.389758 -14.506104 2.612622
v 0.357546 -14.540105 2.612622
v 0.451601 -14.552091 2.797363
v 0.357546 -14.540105 2.612622
v 0.406226 -14.599986 2.797363
v 0.451601 -14.552091 2.797363
v 0.451601 -14.552091 2.797363
v 0.406226 -14.599986 2.797363
v 0.600903 -14.663112 2.873884
v 0.406226 -14.599986 2.797363
v 0.523749 -14.744552 2.873884
v 0.600903 -14.663112 2.873884
v 0.523749 -14.744552 -2.873884
v 0.429450 -14.802724 -2.873884
v 0.406226 -14.599986 -2.797362
v 0.429450 -14.802724 -2.873884
v 0.352152 -14.633344 -2.797362
v 0.406226 -14.599986 -2.797362
v 0.406226 -14.599986 -2.797362
v 0.352152 -14.633344 -2.797362
v 0.357546 -14.540105 -2.612622
v 0.352152 -14.633344 -2.797362
v 0.320134 -14.563184 -2.612622
v 0.357546 -14.540105 -2.612622
v 0.357546 -14.540105 -2.612622
v 0.320134 -14.563184 -2.612622
v 0.357546 -14.540105 2.612622
v 0.320134 -14.563184 -2.612622
v 0.320134 -14.563184 2.612622
v 0.357546 -14.540105 2.612622
v 0.357546 -14.540105 2.612622
v 0.320134 -14.563184 2.612622
v 0.406226 -14.599986 2.797363
v 0.320134 -14.563184 2.612622
v 0.352152 -14.633344 2.797363
v 0.406226 -14.599986 2.797363
v 0.406226 -14.599986 2.797363
v 0.352152 -14.633344 2.797363
v 0.523749 -14.744552 2.873884
v 0.352152 -14.633344 2.797363
v 0.429450 -14.802724 2.873884
v 0.523749 -14.744552 2.873884
v 0.429450 -14.802724 -2.873884
v 0.318005 -14.837627 -2.873884
v 0.352152 -14.633344 -2.797362
v 0.318005 -14.837627 -2.873884
v 0.281663 -14.655420 -2.797362
v 0.352152 -14.633344 -2.797362
v 0.352152 -14.633344 -2.797362
v 0.281663 -14.655420 -2.797362
v 0.320134 -14.563184 -2.612622
v 0.281663 -14.655420 -2.797362
v 0.266610 -14.579947 -2.612622
v 0.320134 -14.563184 -2.612622
v 0.320134 -14.563184 -2.612622
v 0.266610 -14.579947 -2.612622
v 0.320134 -14.563184 2.612622
v 0.266610 -14.579947 -2.612622
v 0.266610 -14.579947 2.612622
v 0.320134 -14.563184 2.612622
v 0.320134 -14.563184 2.612622
v 0.266610 -14.579947 2.612622
v 0.352152 -14.633344 2.797363
v 0.266610 -14.579947 2.612622
v 0.281663 -14.655420 2.797363
v 0.352152 -14.633344 2.797363
v 0.352152 -14.633344 2.797363
v 0.281663 -14.655420 2.797363
v 0.429450 -14.802724 2.873884
v 0.281663 -14.655420 2.797363
v 0.318005 -14.837627 2.873884
v 0.429450 -14.802724 2.873884
v 0.318005 -14.837627 -2.873884
v 0.189415 -14.849261 -2.873884
v 0.281663 -14.655420 -2.797362
v 0.189415 -14.849261 -2.873884
v 0.181074 -14.664520 -2.797362
v 0.281663 -14.655420 -2.797362
v 0.281663 -14.655420 -2.797362
v 0.181074 -14.664520 -2.797362
v 0.266610 -14.579947 -2.612622
v 0.181074 -14.664520 -2.797362
v 0.177620 -14.587999 -2.612622
v 0.266610 -14.579947 -2.612622
v 0.266610 -14.579947 -2.612622
v 0.177620 -14.587999 -2.612622
v 0.266610 -14.579947 2.612622
v 0.177620 -14.587999 -2.612622
v 0.177620 -14.587999 2.612622
v 0.266610 -14.579947 2.612622
v 0.266610 -14.579947 2.612622
v 0.177620 -14.587999 2.612622
v 0.281663 -14.655420 2.797363
v 0.177620 -14.587999 2.612622
v 0.181074 -14.664520 2.797363
v 0.281663 -14.655420 2.797363
v 0.281663 -14.655420 2.797363
v 0.181074 -14.664520 2.797363
v 0.318005 -14.837627 2.873884
v 0.181074 -14.664520 2.797363
v 0.189415 -14.849261 2.873884
v 0.318005 -14.837627 2.873884
v 0.189415 -14.849261 -2.873884
v -0.738066 -14.849261 -2.873884
v 0.181074 -14.664520 -2.797362
v -0.738066 -14.849261 -2.873884
v -0.553325 -14.664520 -2.797362
v 0.181074 -14.664520 -2.797362
v 0.181074 -14.664520 -2.797362
v -0.553325 -14.664520 -2.797362
v 0.177620 -14.587999 -2.612622
v -0.553325 -14.664520 -2.797362
v -0.476804 -14.587999 -2.612622
v 0.177620 -14.587999 -2.612622
v 0.177620 -14.587999 -2.612622
v -0.476804 -14.587999 -2.612622
v 0.177620 -14.587999 2.612622
v -0.476804 -14.587999 -2.612622
v -0.476804 -14.587999 2.612622
v 0.177620 -14.587999 2.612622
v 0.177620 -14.587999 2.612622
v -0.476804 -14.587999 2.612622
v 0.181074 -14.664520 2.797363
v -0.476804 -14.587999 2.612622
v -0.553325 -14.664520 2.797363
v 0.181074 -14.664520 2.797363
v 0.181074 -14.664520 2.797363
v -0.553325 -14.664520 2.797363
v 0.189415 -14.849261 2.873884
v -0.553325 -14.664520 2.797363
v -0.738066 -14.849261 2.873884
v 0.189415 -14.849261 2.873884
v -0.738066 -14.849261 -2.873884
v -0.738066 -7.155088 -2.873884
v -0.553325 -14.664520 -2.797362
v -0.738066 -7.155088 -2.873884
v -0.553325 -7.339829 -2.797362
v -0.553325 -14.664520 -2.797362
v -0.553325 -14.664520 -2.797362
v -0.553325 -7.339829 -2.797362
v -0.476804 -14.587999 -2.612622
v -0.553325 -7.339829 -2.797362
v -0.476804 -7.416351 -2.612622
v -0.476804 -14.587999 -2.612622
v -0.476804 -14.587999 -2.612622
v -0.476804 -7.416351 -2.612622
v -0.476804 -14.587999 2.612622
v -0.476804 -7.416351 -2.612622
v -0.476804 -7.416351 2.612622
v -0.476804 -14.587999 2.612622
v -0.476804 -14.587999 2.612622
v -0.476804 -7.416351 2.612622
v -0.553325 -14.664520 2.797363
v -0.476804 -7.416351 2.612622
v -0.553325 -7.339829 2.797363
v -0.553325 -14.664520 2.797363
v -0.553325 -14.664520 2.797363
v -0.553325 -7.339829 2.797363
v -0.738066 -14.849261 2.873884
v -0.553325 -7.339829 2.797363
v -0.738066 -7.155088 2.873884
v -0.738066 -14.849261 2.873884
vt 456 961
vt 456 372
vt 57 25
vt 57 25
vt 456 372
vt 527 372
vt 58.5625 14.0625
vt 57.390625 19.140625
vt 57 25
vt 63.25 6.25
vt 60.515625 9.765625
vt 58.5625 14.0625
vt 71.0625 1.5625
vt 66.765625 3.515625
vt 63.25 6.25
vt 82 0
vt 76.140625 0.390625
vt 71.0625 1.5625
vt 717.65625 0.265625
vt 712 0
vt 82 0
vt 728.40625 2.390625
vt 723.125 1.0625
vt 717.65625 0.265625
vt 738.40625 6.640625
vt 733.5 4.25
vt 728.40625 2.390625
vt 747.65625 13.015625
vt 743.125 9.5625
vt 738.40625 6.640625
vt 952 217
vt 752 17
vt 747.65625 13.015625
vt 959 225.5
vt 955.75 221.125
vt 952 217
vt 964 235
vt 961.75 230.125
vt 959 225.5
vt 967 245.5
vt 965.75 240.125
vt 964 235
vt 968 257
vt 967.75 251.125
vt 967 245.5
vt 967.75 1082.65625
vt 968 1077
vt 968 257
vt 965.75 1093.40625
vt 967 1088.125
vt 967.75 1082.65625
vt 961.75 1103.40625
vt 964 1098.5
vt 965.75 1093.40625
vt 955.75 1112.65625
vt 959 1108.125
vt 961.75 1103.40625
vt 752 1317
vt 952 1117
vt 955.75 1112.65625
vt 743.125 1324
vt 747.65625 1320.75
vt 752 1317
vt 733.5 1329
vt 738.40625 1326.75
vt 743.125 1324
vt 723.125 1332
vt 728.40625 1330.75
vt 733.5 1329
vt 712 1333
vt 717.65625 1332.75
vt 723.125 1332
vt 76.140625 1332.609375
vt 82 1333
vt 712 1333
vt 66.765625 1329.484375
vt 71.0625 1331.4375
vt 76.140625 1332.609375
vt 60.515625 1323.234375
vt 63.25 1326.75
vt 66.765625 1329.484375
vt 57.390625 1313.859375
vt 58.5625 1318.9375
vt 60.515625 1323.234375
vt 57 25
vt 57 1308
vt 57.390625 1313.859375
vt 57 25
vt 527 372
vt 536.84375 372.890625
vt 63.25 6.25
vt 58.5625 14.0625
vt 57 25
vt 82 0
vt 71.0625 1.5625
vt 63.25 6.25
vt 728.40625 2.390625
vt 717.65625 0.265625
vt 82 0
vt 747.65625 13.015625
vt 738.40625 6.640625
vt 728.40625 2.390625
vt 959 225.5
vt 952 217
vt 747.65625 13.015625
vt 967 245.5
vt 964 235
vt 959 225.5
vt 967.75 1082.65625
vt 968 257
vt 967 245.5
vt 961.75 1103.40625
vt 965.75 1093.40625
vt 967.75 1082.65625
vt 752 1317
vt 955.75 1112.65625
vt 961.75 1103.40625
vt 733.5 1329
vt 743.125 1324
vt 752 1317
vt 712 1333
vt 723.125 1332
vt 733.5 1329
vt 66.765625 1329.484375
vt 76.140625 1332.609375
vt 712 1333
vt 57.390625 1313.859375
vt 60.515625 1323.234375
vt 66.765625 1329.484375
vt 456 961
vt 57 25
vt 57.390625 1313.859375
vt 57 25
vt 536.84375 372.890625
vt 545.375 375.5625
vt 82 0
vt 63.25 6.25
vt 57 25
vt 747.65625 13.015625
vt 728.40625 2.390625
vt 82 0
vt 967 245.5
vt 959 225.5
vt 747.65625 13.015625
vt 961.75 1103.40625
vt 967.75 1082.65625
vt 967 245.5
vt 733.5 1329
vt 752 1317
vt 961.75 1103.40625
vt 66.765625 1329.484375
vt 712 1333
vt 733.5 1329
vt 456 961
vt 57.390625 1313.859375
vt 66.765625 1329.484375
vt 57 25
vt 545.375 375.5625
vt 552.59375 380.015625
vt 747.65625 13.015625
vt 82 0
vt 57 25
vt 961.75 1103.40625
vt 967 245.5
vt 747.65625 13.015625
vt 66.765625 1329.484375
vt 733.5 1329
vt 961.75 1103.40625
vt 527 961
vt 456 961
vt 66.765625 1329.484375
vt 747.65625 13.015625
vt 57 25
vt 552.59375 380.015625
vt 527 961
vt 66.765625 1329.484375
vt 961.75 1103.40625
vt 747.65625 13.015625
vt 552.59375 380.015625
vt 558.5 386.25
vt 536.84375 960.125
vt 527 961
vt 961.75 1103.40625
vt 747.65625 13.015625
vt 558.5 386.25
vt 563.09375 394.265625
vt 545.375 957.5
vt 536.84375 960.125
vt 961.75 1103.40625
vt 747.65625 13.015625
vt 563.09375 394.265625
vt 566.375 404.0625
vt 552.59375 953.125
vt 545.375 957.5
vt 961.75 1103.40625
vt 747.65625 13.015625
vt 566.375 404.0625
vt 568.34375 415.640625
vt 558.5 947
vt 552.59375 953.125
vt 961.75 1103.40625
vt 747.65625 13.015625
vt 568.34375 415.640625
vt 569 429
vt 563.09375 939.125
vt 558.5 947
vt 961.75 1103.40625
vt 747.65625 13.015625
vt 569 429
vt 569 905
vt 566.375 929.5
vt 563.09375 939.125
vt 961.75 1103.40625
vt 747.65625 13.015625
vt 569 905
vt 568.34375 918.125
vt 566.375 929.5
vt 961.75 1103.40625
vt 747.65625 13.015625
vt 747.65625 13.015625
vt 568.34375 918.125
vt 566.375 929.5
vt 57 25
vt 456 372
vt 456 961
vt 527 372
vt 456 372
vt 57 25
vt 57 25
vt 57.390625 19.140625
vt 58.5625 14.0625
vt 58.5625 14.0625
vt 60.515625 9.765625
vt 63.25 6.25
vt 63.25 6.25
vt 66.765625 3.515625
vt 71.0625 1.5625
vt 71.0625 1.5625
vt 76.140625 0.390625
vt 82 0
vt 82 0
vt 712 0
vt 717.65625 0.265625
vt 717.65625 0.265625
vt 723.125 1.0625
vt 728.40625 2.390625
vt 728.40625 2.390625
vt 733.5 4.25
vt 738.40625 6.640625
vt 738.40625 6.640625
vt 743.125 9.5625
vt 747.65625 13.015625
vt 747.65625 13.015625
vt 752 17
vt 952 217
vt 952 217
vt 955.75 221.125
vt 959 225.5
vt 959 225.5
vt 961.75 230.125
vt 964 235
vt 964 235
vt 965.75 240.125
vt 967 245.5
vt 967 245.5
vt 967.75 251.125
vt 968 257
vt 968 257
vt 968 1077
vt 967.75 1082.65625
vt 967.75 1082.65625
vt 967 1088.125
vt 965.75 1093.40625
vt 965.75 1093.40625
vt 964 1098.5
vt 961.75 1103.40625
vt 961.75 1103.40625
vt 959 1108.125
vt 955.75 1112.65625
vt 955.75 1112.65625
vt 952 1117
vt 752 1317
vt 752 1317
vt 747.65625 1320.75
vt 743.125 1324
vt 743.125 1324
vt 738.40625 1326.75
vt 733.5 1329
vt 733.5 1329
vt 728.40625 1330.75
vt 723.125 1332
vt 723.125 1332
vt 717.65625 1332.75
vt 712 1333
vt 712 1333
vt 82 1333
vt 76.140625 1332.609375
vt 76.140625 1332.609375
vt 71.0625 1331.4375
vt 66.765625 1329.484375
vt 66.765625 1329.484375
vt 63.25 1326.75
vt 60.515625 1323.234375
vt 60.515625 1323.234375
vt 58.5625 1318.9375
vt 57.390625 1313.859375
vt 57.390625 1313.859375
vt 57 1308
vt 57 25
vt 536.84375 372.890625
vt 527 372
vt 57 25
vt 57 25
vt 58.5625 14.0625
vt 63.25 6.25
vt 63.25 6.25
vt 71.0625 1.5625
vt 82 0
vt 82 0
vt 717.65625 0.265625
vt 728.40625 2.390625
vt 728.40625 2.390625
vt 738.40625 6.640625
vt 747.65625 13.015625
vt 747.65625 13.015625
vt 952 217
vt 959 225.5
vt 959 225.5
vt 964 235
vt 967 245.5
vt 967 245.5
vt 968 257
vt 967.75 1082.65625
vt 967.75 1082.65625
vt 965.75 1093.40625
vt 961.75 1103.40625
vt 961.75 1103.40625
vt 955.75 1112.65625
vt 752 1317
vt 752 1317
vt 743.125 1324
vt 733.5 1329
vt 733.5 1329
vt 723.125 1332
vt 712 1333
vt 712 1333
vt 76.140625 1332.609375
vt 66.765625 1329.484375
vt 66.765625 1329.484375
vt 60.515625 1323.234375
vt 57.390625 1313.859375
vt 57.390625 1313.859375
vt 57 25
vt 456 961
vt 545.375 375.5625
vt 536.84375 372.890625
vt 57 25
vt 57 25
vt 63.25 6.25
vt 82 0
vt 82 0
vt 728.40625 2.390625
vt 747.65625 13.015625
vt 747.65625 13.015625
vt 959 225.5
vt 967 245.5
vt 967 245.5
vt 967.75 1082.65625
vt 961.75 1103.40625
vt 961.75 1103.40625
vt 752 1317
vt 733.5 1329
vt 733.5 1329
vt 712 1333
vt 66.765625 1329.484375
vt 66.765625 1329.484375
vt 57.390625 1313.859375
vt 456 961
vt 552.59375 380.015625
vt 545.375 375.5625
vt 57 25
vt 57 25
vt 82 0
vt 747.65625 13.015625
vt 747.65625 13.015625
vt 967 245.5
vt 961.75 1103.40625
vt 961.75 1103.40625
vt 733.5 1329
vt 66.765625 1329.484375
vt 66.765625 1329.484375
vt 456 961
vt 527 961
vt 552.59375 380.015625
vt 57 25
vt 747.65625 13.015625
vt 961.75 1103.40625
vt 66.765625 1329.484375
vt 527 961
vt 558.5 386.25
vt 552.59375 380.015625
vt 747.65625 13.015625
vt 961.75 1103.40625
vt 527 961
vt 536.84375 960.125
vt 563.09375 394.265625
vt 558.5 386.25
vt 747.65625 13.015625
vt 961.75 1103.40625
vt 536.84375 960.125
vt 545.375 957.5
vt 566.375 404.0625
vt 563.09375 394.265625
vt 747.65625 13.015625
vt 961.75 1103.40625
vt 545.375 957.5
vt 552.59375 953.125
vt 568.34375 415.640625
vt 566.375 404.0625
vt 747.65625 13.015625
vt 961.75 1103.40625
vt 552.59375 953.125
vt 558.5 947
vt 569 429
vt 568.34375 415.640625
vt 747.65625 13.015625
vt 961.75 1103.40625
vt 558.5 947
vt 563.09375 939.125
vt 569 905
vt 569 429
vt 747.65625 13.015625
vt 961.75 1103.40625
vt 563.09375 939.125
vt 566.375 929.5
vt 568.34375 918.125
vt 569 905
vt 747.65625 13.015625
vt 747.65625 13.015625
vt 961.75 1103.40625
vt 566.375 929.5
vt 566.375 929.5
vt 568.34375 918.125
vt 747.65625 13.015625
vt 712 21
vt 717.65625 21
vt 712.3319091796875 15.142135620117188
vt 717.65625 21
vt 719.0108032226562 15.142135620117188
vt 712.3319091796875 15.142135620117188
vt 712.3319091796875 15.142135620117188
vt 719.0108032226562 15.142135620117188
vt 712.4693603515625 1
vt 719.0108032226562 15.142135620117188
vt 719.5718383789062 1
vt 712.4693603515625 1
vt 712.4693603515625 1
vt 719.5718383789062 1
vt 712.4693603515625 -399
vt 719.5718383789062 1
vt 719.5718383789062 -399
vt 712.4693603515625 -399
vt 712.4693603515625 -399
vt 719.5718383789062 -399
vt 712.3319091796875 -413.14215087890625
vt 719.5718383789062 -399
vt 719.0108032226562 -413.14215087890625
vt 712.3319091796875 -413.14215087890625
vt 712.3319091796875 -413.14215087890625
vt 719.0108032226562 -413.14215087890625
vt 712 -419
vt 719.0108032226562 -413.14215087890625
vt 717.65625 -419
vt 712 -419
vt 717.65625 21
vt 723.125 21
vt 719.0108032226562 15.142135620117188
vt 723.125 21
vt 725.876220703125 15.142135620117188
vt 719.0108032226562 15.142135620117188
vt 719.0108032226562 15.142135620117188
vt 725.876220703125 15.142135620117188
vt 719.5718383789062 1
vt 725.876220703125 15.142135620117188
vt 727.0158081054688 1
vt 719.5718383789062 1
vt 719.5718383789062 1
vt 727.0158081054688 1
vt 719.5718383789062 -399
vt 727.0158081054688 1
vt 727.0158081054688 -399
vt 719.5718383789062 -399
vt 719.5718383789062 -399
vt 727.0158081054688 -399
vt 719.0108032226562 -413.14215087890625
vt 727.0158081054688 -399
vt 725.876220703125 -413.14215087890625
vt 719.0108032226562 -413.14215087890625
vt 719.0108032226562 -413.14215087890625
vt 725.876220703125 -413.14215087890625
vt 717.65625 -419
vt 725.876220703125 -413.14215087890625
vt 723.125 -419
vt 717.65625 -419
vt 723.125 21
vt 728.40625 21
vt 725.876220703125 15.142135620117188
vt 728.40625 21
vt 732.5665893554688 15.142135620117188
vt 725.876220703125 15.142135620117188
vt 725.876220703125 15.142135620117188
vt 732.5665893554688 15.142135620117188
vt 727.0158081054688 1
vt 732.5665893554688 15.142135620117188
vt 734.2898559570312 1
vt 727.0158081054688 1
vt 727.0158081054688 1
vt 734.2898559570312 1
vt 727.0158081054688 -399
vt 734.2898559570312 1
vt 734.2898559570312 -399
vt 727.0158081054688 -399
vt 727.0158081054688 -399
vt 734.2898559570312 -399
vt 725.876220703125 -413.14215087890625
vt 734.2898559570312 -399
vt 732.5665893554688 -413.14215087890625
vt 725.876220703125 -413.14215087890625
vt 725.876220703125 -413.14215087890625
vt 732.5665893554688 -413.14215087890625
vt 723.125 -419
vt 732.5665893554688 -413.14215087890625
vt 728.40625 -419
vt 723.125 -419
vt 728.40625 21
vt 733.5 21
vt 732.5665893554688 15.142135620117188
vt 733.5 21
vt 739.0368041992188 15.142135620117188
vt 732.5665893554688 15.142135620117188
vt 732.5665893554688 15.142135620117188
vt 739.0368041992188 15.142135620117188
vt 734.2898559570312 1
vt 739.0368041992188 15.142135620117188
vt 741.3302001953125 1
vt 734.2898559570312 1
vt 734.2898559570312 1
vt 741.3302001953125 1
vt 734.2898559570312 -399
vt 741.3302001953125 1
vt 741.3302001953125 -399
vt 734.2898559570312 -399
vt 734.2898559570312 -399
vt 741.3302001953125 -399
vt 732.5665893554688 -413.14215087890625
vt 741.3302001953125 -399
vt 739.0368041992188 -413.14215087890625
vt 732.5665893554688 -413.14215087890625
vt 732.5665893554688 -413.14215087890625
vt 739.0368041992188 -413.14215087890625
vt 728.40625 -419
vt 739.0368041992188 -413.14215087890625
vt 733.5 -419
vt 728.40625 -419
vt 733.5 21
vt 738.40625 21
vt 739.0368041992188 15.142135620117188
vt 738.40625 21
vt 745.2435913085938 15.142135620117188
vt 739.0368041992188 15.142135620117188
vt 739.0368041992188 15.142135620117188
vt 745.2435913085938 15.142135620117188
vt 741.3302001953125 1
vt 745.2435913085938 15.142135620117188
vt 748.07568359375 1
vt 741.3302001953125 1
vt 741.3302001953125 1
vt 748.07568359375 1
vt 741.3302001953125 -399
vt 748.07568359375 1
vt 748.07568359375 -399
vt 741.3302001953125 -399
vt 741.3302001953125 -399
vt 748.07568359375 -399
vt 739.0368041992188 -413.14215087890625
vt 748.07568359375 -399
vt 745.2435913085938 -413.14215087890625
vt 739.0368041992188 -413.14215087890625
vt 739.0368041992188 -413.14215087890625
vt 745.2435913085938 -413.14215087890625
vt 733.5 -419
vt 745.2435913085938 -413.14215087890625
vt 738.40625 -419
vt 733.5 -419
vt 738.40625 21
vt 743.125 21
vt 745.2435913085938 15.142135620117188
vt 743.125 21
vt 751.1522827148438 15.142135620117188
vt 745.2435913085938 15.142135620117188
vt 745.2435913085938 15.142135620117188
vt 751.1522827148438 15.142135620117188
vt 748.07568359375 1
vt 751.1522827148438 15.142135620117188
vt 754.477294921875 1
vt 748.07568359375 1
vt 748.07568359375 1
vt 754.477294921875 1
vt 748.07568359375 -399
vt 754.477294921875 1
vt 754.477294921875 -399
vt 748.07568359375 -399
vt 748.07568359375 -399
vt 754.477294921875 -399
vt 745.2435913085938 -413.14215087890625
vt 754.477294921875 -399
vt 751.1522827148438 -413.14215087890625
vt 745.2435913085938 -413.14215087890625
vt 745.2435913085938 -413.14215087890625
vt 751.1522827148438 -413.14215087890625
vt 738.40625 -419
vt 751.1522827148438 -413.14215087890625
vt 743.125 -419
vt 738.40625 -419
vt 743.125 21
vt 747.65625 21
vt 751.1522827148438 15.142135620117188
vt 747.65625 21
vt 756.7408447265625 15.142135620117188
vt 751.1522827148438 15.142135620117188
vt 751.1522827148438 15.142135620117188
vt 756.7408447265625 15.142135620117188
vt 754.477294921875 1
vt 756.7408447265625 15.142135620117188
vt 760.5037841796875 1
vt 754.477294921875 1
vt 754.477294921875 1
vt 760.5037841796875 1
vt 754.477294921875 -399
vt 760.5037841796875 1
vt 760.5037841796875 -399
vt 754.477294921875 -399
vt 754.477294921875 -399
vt 760.5037841796875 -399
vt 751.1522827148438 -413.14215087890625
vt 760.5037841796875 -399
vt 756.7408447265625 -413.14215087890625
vt 751.1522827148438 -413.14215087890625
vt 751.1522827148438 -413.14215087890625
vt 756.7408447265625 -413.14215087890625
vt 743.125 -419
vt 756.7408447265625 -413.14215087890625
vt 747.65625 -419
vt 743.125 -419
vt 747.65625 21
vt 752 21
vt 756.7408447265625 15.142135620117188
vt 752 21
vt 761.7843627929688 15.142135620117188
vt 756.7408447265625 15.142135620117188
vt 756.7408447265625 15.142135620117188
vt 761.7843627929688 15.142135620117188
vt 760.5037841796875 1
vt 761.7843627929688 15.142135620117188
vt 765.837158203125 1
vt 760.5037841796875 1
vt 760.5037841796875 1
vt 765.837158203125 1
vt 760.5037841796875 -399
vt 765.837158203125 1
vt 765.837158203125 -399
vt 760.5037841796875 -399
vt 760.5037841796875 -399
vt 765.837158203125 -399
vt 756.7408447265625 -413.14215087890625
vt 765.837158203125 -399
vt 761.7843627929688 -413.14215087890625
vt 756.7408447265625 -413.14215087890625
vt 756.7408447265625 -413.14215087890625
vt 761.7843627929688 -413.14215087890625
vt 747.65625 -419
vt 761.7843627929688 -413.14215087890625
vt 752 -419
vt 747.65625 -419
vt 17 21
vt 217 21
vt 6.7843403816223145 15.142135620117188
vt 217 21
vt 207.2379608154297 15.142135620117188
vt 6.7843403816223145 15.142135620117188
vt 761.7843627929688 15.142135620117188
vt 962.2379760742188 15.142135620117188
vt 765.837158203125 1
vt 962.2379760742188 15.142135620117188
vt 966.4786376953125 1
vt 765.837158203125 1
vt 765.837158203125 1
vt 966.4786376953125 1
vt 765.837158203125 -399
vt 966.4786376953125 1
vt 966.4786376953125 -399
vt 765.837158203125 -399
vt 765.837158203125 -399
vt 966.4786376953125 -399
vt 761.7843627929688 -413.14215087890625
vt 966.4786376953125 -399
vt 962.2379760742188 -413.14215087890625
vt 761.7843627929688 -413.14215087890625
vt 761.7843627929688 -413.14215087890625
vt 962.2379760742188 -413.14215087890625
vt 752 -419
vt 962.2379760742188 -413.14215087890625
vt 952 -419
vt 752 -419
vt 217 21
vt 221.125 21
vt 207.2379608154297 15.142135620117188
vt 221.125 21
vt 212.12985229492188 15.142135620117188
vt 207.2379608154297 15.142135620117188
vt 207.2379608154297 15.142135620117188
vt 212.12985229492188 15.142135620117188
vt 203.19439697265625 1
vt 212.12985229492188 15.142135620117188
vt 208.40394592285156 1
vt 203.19439697265625 1
vt 203.19439697265625 1
vt 208.40394592285156 1
vt 203.19439697265625 -399
vt 208.40394592285156 1
vt 208.40394592285156 -399
vt 203.19439697265625 -399
vt 203.19439697265625 -399
vt 208.40394592285156 -399
vt 207.2379608154297 -413.14215087890625
vt 208.40394592285156 -399
vt 212.12985229492188 -413.14215087890625
vt 207.2379608154297 -413.14215087890625
vt 207.2379608154297 -413.14215087890625
vt 212.12985229492188 -413.14215087890625
vt 217 -419
vt 212.12985229492188 -413.14215087890625
vt 221.125 -419
vt 217 -419
vt 221.125 21
vt 225.5 21
vt 212.12985229492188 15.142135620117188
vt 225.5 21
vt 217.64891052246094 15.142135620117188
vt 212.12985229492188 15.142135620117188
vt 212.12985229492188 15.142135620117188
vt 217.64891052246094 15.142135620117188
vt 208.40394592285156 1
vt 217.64891052246094 15.142135620117188
vt 214.39688110351562 1
vt 208.40394592285156 1
vt 208.40394592285156 1
vt 214.39688110351562 1
vt 208.40394592285156 -399
vt 214.39688110351562 1
vt 214.39688110351562 -399
vt 208.40394592285156 -399
vt 208.40394592285156 -399
vt 214.39688110351562 -399
vt 212.12985229492188 -413.14215087890625
vt 214.39688110351562 -399
vt 217.64891052246094 -413.14215087890625
vt 212.12985229492188 -413.14215087890625
vt 212.12985229492188 -413.14215087890625
vt 217.64891052246094 -413.14215087890625
vt 221.125 -419
vt 217.64891052246094 -413.14215087890625
vt 225.5 -419
vt 221.125 -419
vt 225.5 21
vt 230.125 21
vt 217.64891052246094 15.142135620117188
vt 230.125 21
vt 223.53013610839844 15.142135620117188
vt 217.64891052246094 15.142135620117188
vt 217.64891052246094 15.142135620117188
vt 223.53013610839844 15.142135620117188
vt 214.39688110351562 1
vt 223.53013610839844 15.142135620117188
vt 220.7984619140625 1
vt 214.39688110351562 1
vt 214.39688110351562 1
vt 220.7984619140625 1
vt 214.39688110351562 -399
vt 220.7984619140625 1
vt 220.7984619140625 -399
vt 214.39688110351562 -399
vt 214.39688110351562 -399
vt 220.7984619140625 -399
vt 217.64891052246094 -413.14215087890625
vt 220.7984619140625 -399
vt 223.53013610839844 -413.14215087890625
vt 217.64891052246094 -413.14215087890625
vt 217.64891052246094 -413.14215087890625
vt 223.53013610839844 -413.14215087890625
vt 225.5 -419
vt 223.53013610839844 -413.14215087890625
vt 230.125 -419
vt 225.5 -419
vt 230.125 21
vt 235 21
vt 223.53013610839844 15.142135620117188
vt 235 21
vt 229.73779296875 15.142135620117188
vt 223.53013610839844 15.142135620117188
vt 223.53013610839844 15.142135620117188
vt 229.73779296875 15.142135620117188
vt 220.7984619140625 1
vt 229.73779296875 15.142135620117188
vt 227.55812072753906 1
vt 220.7984619140625 1
vt 220.7984619140625 1
vt 227.55812072753906 1
vt 220.7984619140625 -399
vt 227.55812072753906 1
vt 227.55812072753906 -399
vt 220.7984619140625 -399
vt 220.7984619140625 -399
vt 227.55812072753906 -399
vt 223.53013610839844 -413.14215087890625
vt 227.55812072753906 -399
vt 229.73779296875 -413.14215087890625
vt 223.53013610839844 -413.14215087890625
vt 223.53013610839844 -413.14215087890625
vt 229.73779296875 -413.14215087890625
vt 230.125 -419
vt 229.73779296875 -413.14215087890625
vt 235 -419
vt 230.125 -419
vt 235 21
vt 240.125 21
vt 229.73779296875 15.142135620117188
vt 240.125 21
vt 236.22850036621094 15.142135620117188
vt 229.73779296875 15.142135620117188
vt 229.73779296875 15.142135620117188
vt 236.22850036621094 15.142135620117188
vt 227.55812072753906 1
vt 236.22850036621094 15.142135620117188
vt 234.614501953125 1
vt 227.55812072753906 1
vt 227.55812072753906 1
vt 234.614501953125 1
vt 227.55812072753906 -399
vt 234.614501953125 1
vt 234.614501953125 -399
vt 227.55812072753906 -399
vt 227.55812072753906 -399
vt 234.614501953125 -399
vt 229.73779296875 -413.14215087890625
vt 234.614501953125 -399
vt 236.22850036621094 -413.14215087890625
vt 229.73779296875 -413.14215087890625
vt 229.73779296875 -413.14215087890625
vt 236.22850036621094 -413.14215087890625
vt 235 -419
vt 236.22850036621094 -413.14215087890625
vt 240.125 -419
vt 235 -419
vt 240.125 21
vt 245.5 21
vt 236.22850036621094 15.142135620117188
vt 245.5 21
vt 242.95791625976562 15.142135620117188
vt 236.22850036621094 15.142135620117188
vt 236.22850036621094 15.142135620117188
vt 242.95791625976562 15.142135620117188
vt 234.614501953125 1
vt 242.95791625976562 15.142135620117188
vt 241.90496826171875 1
vt 234.614501953125 1
vt 234.614501953125 1
vt 241.90496826171875 1
vt 234.614501953125 -399
vt 241.90496826171875 1
vt 241.90496826171875 -399
vt 234.614501953125 -399
vt 234.614501953125 -399
vt 241.90496826171875 -399
vt 236.22850036621094 -413.14215087890625
vt 241.90496826171875 -399
vt 242.95791625976562 -413.14215087890625
vt 236.22850036621094 -413.14215087890625
vt 236.22850036621094 -413.14215087890625
vt 242.95791625976562 -413.14215087890625
vt 240.125 -419
vt 242.95791625976562 -413.14215087890625
vt 245.5 -419
vt 240.125 -419
vt 245.5 21
vt 251.125 21
vt 242.95791625976562 15.142135620117188
vt 251.125 21
vt 249.8873291015625 15.142135620117188
vt 242.95791625976562 15.142135620117188
vt 242.95791625976562 15.142135620117188
vt 249.8873291015625 15.142135620117188
vt 241.90496826171875 1
vt 249.8873291015625 15.142135620117188
vt 249.37466430664062 1
vt 241.90496826171875 1
vt 241.90496826171875 1
vt 249.37466430664062 1
vt 241.90496826171875 -399
vt 249.37466430664062 1
vt 249.37466430664062 -399
vt 241.90496826171875 -399
vt 241.90496826171875 -399
vt 249.37466430664062 -399
vt 242.95791625976562 -413.14215087890625
vt 249.37466430664062 -399
vt 249.8873291015625 -413.14215087890625
vt 242.95791625976562 -413.14215087890625
vt 242.95791625976562 -413.14215087890625
vt 249.8873291015625 -413.14215087890625
vt 245.5 -419
vt 249.8873291015625 -413.14215087890625
vt 251.125 -419
vt 245.5 -419
vt 251.125 21
vt 257 21
vt 249.8873291015625 15.142135620117188
vt 257 21
vt 256.6992492675781 15.142135620117188
vt 249.8873291015625 15.142135620117188
vt 249.8873291015625 15.142135620117188
vt 256.6992492675781 15.142135620117188
vt 249.37466430664062 1
vt 256.6992492675781 15.142135620117188
vt 256.57464599609375 1
vt 249.37466430664062 1
vt 249.37466430664062 1
vt 256.57464599609375 1
vt 249.37466430664062 -399
vt 256.57464599609375 1
vt 256.57464599609375 -399
vt 249.37466430664062 -399
vt 249.37466430664062 -399
vt 256.57464599609375 -399
vt 249.8873291015625 -413.14215087890625
vt 256.57464599609375 -399
vt 256.6992492675781 -413.14215087890625
vt 249.8873291015625 -413.14215087890625
vt 249.8873291015625 -413.14215087890625
vt 256.6992492675781 -413.14215087890625
vt 251.125 -419
vt 256.6992492675781 -413.14215087890625
vt 257 -419
vt 251.125 -419
vt 257 21
vt 1077 21
vt 256.6992492675781 15.142135620117188
vt 1077 21
vt 1077.3123779296875 15.142135620117188
vt 256.6992492675781 15.142135620117188
vt 256.6992492675781 15.142135620117188
vt 1077.3123779296875 15.142135620117188
vt 256.57464599609375 1
vt 1077.3123779296875 15.142135620117188
vt 1077.4417724609375 1
vt 256.57464599609375 1
vt 256.57464599609375 1
vt 1077.4417724609375 1
vt 256.57464599609375 -399
vt 1077.4417724609375 1
vt 1077.4417724609375 -399
vt 256.57464599609375 -399
vt 256.57464599609375 -399
vt 1077.4417724609375 -399
vt 256.6992492675781 -413.14215087890625
vt 1077.4417724609375 -399
vt 1077.3123779296875 -413.14215087890625
vt 256.6992492675781 -413.14215087890625
vt 256.6992492675781 -413.14215087890625
vt 1077.3123779296875 -413.14215087890625
vt 257 -419
vt 1077.3123779296875 -413.14215087890625
vt 1077 -419
vt 257 -419
vt 1077 21
vt 1082.65625 21
vt 1077.3123779296875 15.142135620117188
vt 1082.65625 21
vt 1083.931884765625 15.142135620117188
vt 1077.3123779296875 15.142135620117188
vt 1077.3123779296875 15.142135620117188
vt 1083.931884765625 15.142135620117188
vt 1077.4417724609375 1
vt 1083.931884765625 15.142135620117188
vt 1084.4603271484375 1
vt 1077.4417724609375 1
vt 1077.4417724609375 1
vt 1084.4603271484375 1
vt 1077.4417724609375 -399
vt 1084.4603271484375 1
vt 1084.4603271484375 -399
vt 1077.4417724609375 -399
vt 1077.4417724609375 -399
vt 1084.4603271484375 -399
vt 1077.3123779296875 -413.14215087890625
vt 1084.4603271484375 -399
vt 1083.931884765625 -413.14215087890625
vt 1077.3123779296875 -413.14215087890625
vt 1077.3123779296875 -413.14215087890625
vt 1083.931884765625 -413.14215087890625
vt 1077 -419
vt 1083.931884765625 -413.14215087890625
vt 1082.65625 -419
vt 1077 -419
vt 1082.65625 21
vt 1088.125 21
vt 1083.931884765625 15.142135620117188
vt 1088.125 21
vt 1090.7203369140625 15.142135620117188
vt 1083.931884765625 15.142135620117188
vt 1083.931884765625 15.142135620117188
vt 1090.7203369140625 15.142135620117188
vt 1084.4603271484375 1
vt 1090.7203369140625 15.142135620117188
vt 1091.79541015625 1
vt 1084.4603271484375 1
vt 1084.4603271484375 1
vt 1091.79541015625 1
vt 1084.4603271484375 -399
vt 1091.79541015625 1
vt 1091.79541015625 -399
vt 1084.4603271484375 -399
vt 1084.4603271484375 -399
vt 1091.79541015625 -399
vt 1083.931884765625 -413.14215087890625
vt 1091.79541015625 -399
vt 1090.7203369140625 -413.14215087890625
vt 1083.931884765625 -413.14215087890625
vt 1083.931884765625 -413.14215087890625
vt 1090.7203369140625 -413.14215087890625
vt 1082.65625 -419
vt 1090.7203369140625 -413.14215087890625
vt 1088.125 -419
vt 1082.65625 -419
vt 1088.125 21
vt 1093.40625 21
vt 1090.7203369140625 15.142135620117188
vt 1093.40625 21
vt 1097.3419189453125 15.142135620117188
vt 1090.7203369140625 15.142135620117188
vt 1090.7203369140625 15.142135620117188
vt 1097.3419189453125 15.142135620117188
vt 1091.79541015625 1
vt 1097.3419189453125 15.142135620117188
vt 1098.97216796875 1
vt 1091.79541015625 1
vt 1091.79541015625 1
vt 1098.97216796875 1
vt 1091.79541015625 -399
vt 1098.97216796875 1
vt 1098.97216796875 -399
vt 1091.79541015625 -399
vt 1091.79541015625 -399
vt 1098.97216796875 -399
vt 1090.7203369140625 -413.14215087890625
vt 1098.97216796875 -399
vt 1097.3419189453125 -413.14215087890625
vt 1090.7203369140625 -413.14215087890625
vt 1090.7203369140625 -413.14215087890625
vt 1097.3419189453125 -413.14215087890625
vt 1088.125 -419
vt 1097.3419189453125 -413.14215087890625
vt 1093.40625 -419
vt 1088.125 -419
vt 1093.40625 21
vt 1098.5 21
vt 1097.3419189453125 15.142135620117188
vt 1098.5 21
vt 1103.758056640625 15.142135620117188
vt 1097.3419189453125 15.142135620117188
vt 1097.3419189453125 15.142135620117188
vt 1103.758056640625 15.142135620117188
vt 1098.97216796875 1
vt 1103.758056640625 15.142135620117188
vt 1105.9359130859375 1
vt 1098.97216796875 1
vt 1098.97216796875 1
vt 1105.9359130859375 1
vt 1098.97216796875 -399
vt 1105.9359130859375 1
vt 1105.9359130859375 -399
vt 1098.97216796875 -399
vt 1098.97216796875 -399
vt 1105.9359130859375 -399
vt 1097.3419189453125 -413.14215087890625
vt 1105.9359130859375 -399
vt 1103.758056640625 -413.14215087890625
vt 1097.3419189453125 -413.14215087890625
vt 1097.3419189453125 -413.14215087890625
vt 1103.758056640625 -413.14215087890625
vt 1093.40625 -419
vt 1103.758056640625 -413.14215087890625
vt 1098.5 -419
vt 1093.40625 -419
vt 1098.5 21
vt 1103.40625 21
vt 1103.758056640625 15.142135620117188
vt 1103.40625 21
vt 1109.9298095703125 15.142135620117188
vt 1103.758056640625 15.142135620117188
vt 1103.758056640625 15.142135620117188
vt 1109.9298095703125 15.142135620117188
vt 1105.9359130859375 1
vt 1109.9298095703125 15.142135620117188
vt 1112.6319580078125 1
vt 1105.9359130859375 1
vt 1105.9359130859375 1
vt 1112.6319580078125 1
vt 1105.9359130859375 -399
vt 1112.6319580078125 1
vt 1112.6319580078125 -399
vt 1105.9359130859375 -399
vt 1105.9359130859375 -399
vt 1112.6319580078125 -399
vt 1103.758056640625 -413.14215087890625
vt 1112.6319580078125 -399
vt 1109.9298095703125 -413.14215087890625
vt 1103.758056640625 -413.14215087890625
vt 1103.758056640625 -413.14215087890625
vt 1109.9298095703125 -413.14215087890625
vt 1098.5 -419
vt 1109.9298095703125 -413.14215087890625
vt 1103.40625 -419
vt 1098.5 -419
vt 1103.40625 21
vt 1108.125 21
vt 1109.9298095703125 15.142135620117188
vt 1108.125 21
vt 1115.8238525390625 15.142135620117188
vt 1109.9298095703125 15.142135620117188
vt 1109.9298095703125 15.142135620117188
vt 1115.8238525390625 15.142135620117188
vt 1112.6319580078125 1
vt 1115.8238525390625 15.142135620117188
vt 1119.0126953125 1
vt 1112.6319580078125 1
vt 1112.6319580078125 1
vt 1119.0126953125 1
vt 1112.6319580078125 -399
vt 1119.0126953125 1
vt 1119.0126953125 -399
vt 1112.6319580078125 -399
vt 1112.6319580078125 -399
vt 1119.0126953125 -399
vt 1109.9298095703125 -413.14215087890625
vt 1119.0126953125 -399
vt 1115.8238525390625 -413.14215087890625
vt 1109.9298095703125 -413.14215087890625
vt 1109.9298095703125 -413.14215087890625
vt 1115.8238525390625 -413.14215087890625
vt 1103.40625 -419
vt 1115.8238525390625 -413.14215087890625
vt 1108.125 -419
vt 1103.40625 -419
vt 1108.125 21
vt 1112.65625 21
vt 1115.8238525390625 15.142135620117188
vt 1112.65625 21
vt 1121.416015625 15.142135620117188
vt 1115.8238525390625 15.142135620117188
vt 1115.8238525390625 15.142135620117188
vt 1121.416015625 15.142135620117188
vt 1119.0126953125 1
vt 1121.416015625 15.142135620117188
vt 1125.0443115234375 1
vt 1119.0126953125 1
vt 1119.0126953125 1
vt 1125.0443115234375 1
vt 1119.0126953125 -399
vt 1125.0443115234375 1
vt 1125.0443115234375 -399
vt 1119.0126953125 -399
vt 1119.0126953125 -399
vt 1125.0443115234375 -399
vt 1115.8238525390625 -413.14215087890625
vt 1125.0443115234375 -399
vt 1121.416015625 -413.14215087890625
vt 1115.8238525390625 -413.14215087890625
vt 1115.8238525390625 -413.14215087890625
vt 1121.416015625 -413.14215087890625
vt 1108.125 -419
vt 1121.416015625 -413.14215087890625
vt 1112.65625 -419
vt 1108.125 -419
vt 1112.65625 21
vt 1117 21
vt 1121.416015625 15.142135620117188
vt 1117 21
vt 1126.6336669921875 15.142135620117188
vt 1121.416015625 15.142135620117188
vt 1121.416015625 15.142135620117188
vt 1126.6336669921875 15.142135620117188
vt 1125.0443115234375 1
vt 1126.6336669921875 15.142135620117188
vt 1130.6241455078125 1
vt 1125.0443115234375 1
vt 1125.0443115234375 1
vt 1130.6241455078125 1
vt 1125.0443115234375 -399
vt 1130.6241455078125 1
vt 1130.6241455078125 -399
vt 1125.0443115234375 -399
vt 1125.0443115234375 -399
vt 1130.6241455078125 -399
vt 1121.416015625 -413.14215087890625
vt 1130.6241455078125 -399
vt 1126.6336669921875 -413.14215087890625
vt 1121.416015625 -413.14215087890625
vt 1121.416015625 -413.14215087890625
vt 1126.6336669921875 -413.14215087890625
vt 1112.65625 -419
vt 1126.6336669921875 -413.14215087890625
vt 1117 -419
vt 1112.65625 -419
vt 1117 21
vt 1317 21
vt 1126.6336669921875 15.142135620117188
vt 1317 21
vt 1327.3663330078125 15.142135620117188
vt 1126.6336669921875 15.142135620117188
vt 962.3663330078125 15.142135620117188
vt 761.6336669921875 15.142135620117188
vt 966.66015625 1
vt 761.6336669921875 15.142135620117188
vt 765.6240844726562 1
vt 966.66015625 1
vt 966.66015625 1
vt 765.6240844726562 1
vt 966.66015625 -399
vt 765.6240844726562 1
vt 765.6240844726562 -399
vt 966.66015625 -399
vt 966.66015625 -399
vt 765.6240844726562 -399
vt 962.3663330078125 -413.14215087890625
vt 765.6240844726562 -399
vt 761.6336669921875 -413.14215087890625
vt 962.3663330078125 -413.14215087890625
vt 962.3663330078125 -413.14215087890625
vt 761.6336669921875 -413.14215087890625
vt 952 -419
vt 761.6336669921875 -413.14215087890625
vt 752 -419
vt 952 -419
vt 752 21
vt 747.65625 21
vt 761.6336669921875 15.142135620117188
vt 747.65625 21
vt 756.4159545898438 15.142135620117188
vt 761.6336669921875 15.142135620117188
vt 761.6336669921875 15.142135620117188
vt 756.4159545898438 15.142135620117188
vt 765.6240844726562 1
vt 756.4159545898438 15.142135620117188
vt 760.0443725585938 1
vt 765.6240844726562 1
vt 765.6240844726562 1
vt 760.0443725585938 1
vt 765.6240844726562 -399
vt 760.0443725585938 1
vt 760.0443725585938 -399
vt 765.6240844726562 -399
vt 765.6240844726562 -399
vt 760.0443725585938 -399
vt 761.6336669921875 -413.14215087890625
vt 760.0443725585938 -399
vt 756.4159545898438 -413.14215087890625
vt 761.6336669921875 -413.14215087890625
vt 761.6336669921875 -413.14215087890625
vt 756.4159545898438 -413.14215087890625
vt 752 -419
vt 756.4159545898438 -413.14215087890625
vt 747.65625 -419
vt 752 -419
vt 747.65625 21
vt 743.125 21
vt 756.4159545898438 15.142135620117188
vt 743.125 21
vt 750.8237915039062 15.142135620117188
vt 756.4159545898438 15.142135620117188
vt 756.4159545898438 15.142135620117188
vt 750.8237915039062 15.142135620117188
vt 760.0443725585938 1
vt 750.8237915039062 15.142135620117188
vt 754.0127563476562 1
vt 760.0443725585938 1
vt 760.0443725585938 1
vt 754.0127563476562 1
vt 760.0443725585938 -399
vt 754.0127563476562 1
vt 754.0127563476562 -399
vt 760.0443725585938 -399
vt 760.0443725585938 -399
vt 754.0127563476562 -399
vt 756.4159545898438 -413.14215087890625
vt 754.0127563476562 -399
vt 750.8237915039062 -413.14215087890625
vt 756.4159545898438 -413.14215087890625
vt 756.4159545898438 -413.14215087890625
vt 750.8237915039062 -413.14215087890625
vt 747.65625 -419
vt 750.8237915039062 -413.14215087890625
vt 743.125 -419
vt 747.65625 -419
vt 743.125 21
vt 738.40625 21
vt 750.8237915039062 15.142135620117188
vt 738.40625 21
vt 744.9298095703125 15.142135620117188
vt 750.8237915039062 15.142135620117188
vt 750.8237915039062 15.142135620117188
vt 744.9298095703125 15.142135620117188
vt 754.0127563476562 1
vt 744.9298095703125 15.142135620117188
vt 747.6319580078125 1
vt 754.0127563476562 1
vt 754.0127563476562 1
vt 747.6319580078125 1
vt 754.0127563476562 -399
vt 747.6319580078125 1
vt 747.6319580078125 -399
vt 754.0127563476562 -399
vt 754.0127563476562 -399
vt 747.6319580078125 -399
vt 750.8237915039062 -413.14215087890625
vt 747.6319580078125 -399
vt 744.9298095703125 -413.14215087890625
vt 750.8237915039062 -413.14215087890625
vt 750.8237915039062 -413.14215087890625
vt 744.9298095703125 -413.14215087890625
vt 743.125 -419
vt 744.9298095703125 -413.14215087890625
vt 738.40625 -419
vt 743.125 -419
vt 738.40625 21
vt 733.5 21
vt 744.9298095703125 15.142135620117188
vt 733.5 21
vt 738.7579956054688 15.142135620117188
vt 744.9298095703125 15.142135620117188
vt 744.9298095703125 15.142135620117188
vt 738.7579956054688 15.142135620117188
vt 747.6319580078125 1
vt 738.7579956054688 15.142135620117188
vt 740.9359130859375 1
vt 747.6319580078125 1
vt 747.6319580078125 1
vt 740.9359130859375 1
vt 747.6319580078125 -399
vt 740.9359130859375 1
vt 740.9359130859375 -399
vt 747.6319580078125 -399
vt 747.6319580078125 -399
vt 740.9359130859375 -399
vt 744.9298095703125 -413.14215087890625
vt 740.9359130859375 -399
vt 738.7579956054688 -413.14215087890625
vt 744.9298095703125 -413.14215087890625
vt 744.9298095703125 -413.14215087890625
vt 738.7579956054688 -413.14215087890625
vt 738.40625 -419
vt 738.7579956054688 -413.14215087890625
vt 733.5 -419
vt 738.40625 -419
vt 733.5 21
vt 728.40625 21
vt 738.7579956054688 15.142135620117188
vt 728.40625 21
vt 732.3419189453125 15.142135620117188
vt 738.7579956054688 15.142135620117188
vt 738.7579956054688 15.142135620117188
vt 732.3419189453125 15.142135620117188
vt 740.9359130859375 1
vt 732.3419189453125 15.142135620117188
vt 733.97216796875 1
vt 740.9359130859375 1
vt 740.9359130859375 1
vt 733.97216796875 1
vt 740.9359130859375 -399
vt 733.97216796875 1
vt 733.97216796875 -399
vt 740.9359130859375 -399
vt 740.9359130859375 -399
vt 733.97216796875 -399
vt 738.7579956054688 -413.14215087890625
vt 733.97216796875 -399
vt 732.3419189453125 -413.14215087890625
vt 738.7579956054688 -413.14215087890625
vt 738.7579956054688 -413.14215087890625
vt 732.3419189453125 -413.14215087890625
vt 733.5 -419
vt 732.3419189453125 -413.14215087890625
vt 728.40625 -419
vt 733.5 -419
vt 728.40625 21
vt 723.125 21
vt 732.3419189453125 15.142135620117188
vt 723.125 21
vt 725.7203979492188 15.142135620117188
vt 732.3419189453125 15.142135620117188
vt 732.3419189453125 15.142135620117188
vt 725.7203979492188 15.142135620117188
vt 733.97216796875 1
vt 725.7203979492188 15.142135620117188
vt 726.79541015625 1
vt 733.97216796875 1
vt 733.97216796875 1
vt 726.79541015625 1
vt 733.97216796875 -399
vt 726.79541015625 1
vt 726.79541015625 -399
vt 733.97216796875 -399
vt 733.97216796875 -399
vt 726.79541015625 -399
vt 732.3419189453125 -413.14215087890625
vt 726.79541015625 -399
vt 725.7203979492188 -413.14215087890625
vt 732.3419189453125 -413.14215087890625
vt 732.3419189453125 -413.14215087890625
vt 725.7203979492188 -413.14215087890625
vt 728.40625 -419
vt 725.7203979492188 -413.14215087890625
vt 723.125 -419
vt 728.40625 -419
vt 723.125 21
vt 717.65625 21
vt 725.7203979492188 15.142135620117188
vt 717.65625 21
vt 718.9319458007812 15.142135620117188
vt 725.7203979492188 15.142135620117188
vt 725.7203979492188 15.142135620117188
vt 718.9319458007812 15.142135620117188
vt 726.79541015625 1
vt 718.9319458007812 15.142135620117188
vt 719.4603271484375 1
vt 726.79541015625 1
vt 726.79541015625 1
vt 719.4603271484375 1
vt 726.79541015625 -399
vt 719.4603271484375 1
vt 719.4603271484375 -399
vt 726.79541015625 -399
vt 726.79541015625 -399
vt 719.4603271484375 -399
vt 725.7203979492188 -413.14215087890625
vt 719.4603271484375 -399
vt 718.9319458007812 -413.14215087890625
vt 725.7203979492188 -413.14215087890625
vt 725.7203979492188 -413.14215087890625
vt 718.9319458007812 -413.14215087890625
vt 723.125 -419
vt 718.9319458007812 -413.14215087890625
vt 717.65625 -419
vt 723.125 -419
vt 717.65625 21
vt 712 21
vt 718.9319458007812 15.142135620117188
vt 712 21
vt 712.3123779296875 15.142135620117188
vt 718.9319458007812 15.142135620117188
vt 718.9319458007812 15.142135620117188
vt 712.3123779296875 15.142135620117188
vt 719.4603271484375 1
vt 712.3123779296875 15.142135620117188
vt 712.4417724609375 1
vt 719.4603271484375 1
vt 719.4603271484375 1
vt 712.4417724609375 1
vt 719.4603271484375 -399
vt 712.4417724609375 1
vt 712.4417724609375 -399
vt 719.4603271484375 -399
vt 719.4603271484375 -399
vt 712.4417724609375 -399
vt 718.9319458007812 -413.14215087890625
vt 712.4417724609375 -399
vt 712.3123779296875 -413.14215087890625
vt 718.9319458007812 -413.14215087890625
vt 718.9319458007812 -413.14215087890625
vt 712.3123779296875 -413.14215087890625
vt 717.65625 -419
vt 712.3123779296875 -413.14215087890625
vt 712 -419
vt 717.65625 -419
vt 712 21
vt 82 21
vt 712.3123779296875 15.142135620117188
vt 82 21
vt 81.52912139892578 15.142135620117188
vt 712.3123779296875 15.142135620117188
vt 712.3123779296875 15.142135620117188
vt 81.52912139892578 15.142135620117188
vt 712.4417724609375 1
vt 81.52912139892578 15.142135620117188
vt 81.33407592773438 1
vt 712.4417724609375 1
vt 712.4417724609375 1
vt 81.33407592773438 1
vt 712.4417724609375 -399
vt 81.33407592773438 1
vt 81.33407592773438 -399
vt 712.4417724609375 -399
vt 712.4417724609375 -399
vt 81.33407592773438 -399
vt 712.3123779296875 -413.14215087890625
vt 81.33407592773438 -399
vt 81.52912139892578 -413.14215087890625
vt 712.3123779296875 -413.14215087890625
vt 712.3123779296875 -413.14215087890625
vt 81.52912139892578 -413.14215087890625
vt 712 -419
vt 81.52912139892578 -413.14215087890625
vt 82 -419
vt 712 -419
vt 82 21
vt 76.140625 21
vt 81.52912139892578 15.142135620117188
vt 76.140625 21
vt 74.06698608398438 15.142135620117188
vt 81.52912139892578 15.142135620117188
vt 81.52912139892578 15.142135620117188
vt 74.06698608398438 15.142135620117188
vt 81.33407592773438 1
vt 74.06698608398438 15.142135620117188
vt 73.20806121826172 1
vt 81.33407592773438 1
vt 81.33407592773438 1
vt 73.20806121826172 1
vt 81.33407592773438 -399
vt 73.20806121826172 1
vt 73.20806121826172 -399
vt 81.33407592773438 -399
vt 81.33407592773438 -399
vt 73.20806121826172 -399
vt 81.52912139892578 -413.14215087890625
vt 73.20806121826172 -399
vt 74.06698608398438 -413.14215087890625
vt 81.52912139892578 -413.14215087890625
vt 81.52912139892578 -413.14215087890625
vt 74.06698608398438 -413.14215087890625
vt 82 -419
vt 74.06698608398438 -413.14215087890625
vt 76.140625 -419
vt 82 -419
vt 76.140625 21
vt 71.0625 21
vt 74.06698608398438 15.142135620117188
vt 71.0625 21
vt 66.50109100341797 15.142135620117188
vt 74.06698608398438 15.142135620117188
vt 74.06698608398438 15.142135620117188
vt 66.50109100341797 15.142135620117188
vt 73.20806121826172 1
vt 66.50109100341797 15.142135620117188
vt 64.6116943359375 1
vt 73.20806121826172 1
vt 73.20806121826172 1
vt 64.6116943359375 1
vt 73.20806121826172 -399
vt 64.6116943359375 1
vt 64.6116943359375 -399
vt 73.20806121826172 -399
vt 73.20806121826172 -399
vt 64.6116943359375 -399
vt 74.06698608398438 -413.14215087890625
vt 64.6116943359375 -399
vt 66.50109100341797 -413.14215087890625
vt 74.06698608398438 -413.14215087890625
vt 74.06698608398438 -413.14215087890625
vt 66.50109100341797 -413.14215087890625
vt 76.140625 -419
vt 66.50109100341797 -413.14215087890625
vt 71.0625 -419
vt 76.140625 -419
vt 71.0625 21
vt 66.765625 21
vt 66.50109100341797 15.142135620117188
vt 66.765625 21
vt 59.39762496948242 15.142135620117188
vt 66.50109100341797 15.142135620117188
vt 66.50109100341797 15.142135620117188
vt 59.39762496948242 15.142135620117188
vt 64.6116943359375 1
vt 59.39762496948242 15.142135620117188
vt 56.345699310302734 1
vt 64.6116943359375 1
vt 64.6116943359375 1
vt 56.345699310302734 1
vt 64.6116943359375 -399
vt 56.345699310302734 1
vt 56.345699310302734 -399
vt 64.6116943359375 -399
vt 64.6116943359375 -399
vt 56.345699310302734 -399
vt 66.50109100341797 -413.14215087890625
vt 56.345699310302734 -399
vt 59.39762496948242 -413.14215087890625
vt 66.50109100341797 -413.14215087890625
vt 66.50109100341797 -413.14215087890625
vt 59.39762496948242 -413.14215087890625
vt 71.0625 -419
vt 59.39762496948242 -413.14215087890625
vt 66.765625 -419
vt 71.0625 -419
vt 66.765625 21
vt 63.25 21
vt 59.39762496948242 15.142135620117188
vt 63.25 21
vt 53.172176361083984 15.142135620117188
vt 59.39762496948242 15.142135620117188
vt 59.39762496948242 15.142135620117188
vt 53.172176361083984 15.142135620117188
vt 56.345699310302734 1
vt 53.172176361083984 15.142135620117188
vt 48.997806549072266 1
vt 56.345699310302734 1
vt 56.345699310302734 1
vt 48.997806549072266 1
vt 56.345699310302734 -399
vt 48.997806549072266 1
vt 48.997806549072266 -399
vt 56.345699310302734 -399
vt 56.345699310302734 -399
vt 48.997806549072266 -399
vt 59.39762496948242 -413.14215087890625
vt 48.997806549072266 -399
vt 53.172176361083984 -413.14215087890625
vt 59.39762496948242 -413.14215087890625
vt 59.39762496948242 -413.14215087890625
vt 53.172176361083984 -413.14215087890625
vt 66.765625 -419
vt 53.172176361083984 -413.14215087890625
vt 63.25 -419
vt 66.765625 -419
vt 1326.75 21
vt 1323.234375 21
vt 1336.827880859375 15.142135620117188
vt 1323.234375 21
vt 1330.6024169921875 15.142135620117188
vt 1336.827880859375 15.142135620117188
vt 1336.827880859375 15.142135620117188
vt 1330.6024169921875 15.142135620117188
vt 1341.002197265625 1
vt 1330.6024169921875 15.142135620117188
vt 1333.654296875 1
vt 1341.002197265625 1
vt 1341.002197265625 1
vt 1333.654296875 1
vt 1341.002197265625 -399
vt 1333.654296875 1
vt 1333.654296875 -399
vt 1341.002197265625 -399
vt 1341.002197265625 -399
vt 1333.654296875 -399
vt 1336.827880859375 -413.14215087890625
vt 1333.654296875 -399
vt 1330.6024169921875 -413.14215087890625
vt 1336.827880859375 -413.14215087890625
vt 1336.827880859375 -413.14215087890625
vt 1330.6024169921875 -413.14215087890625
vt 1326.75 -419
vt 1330.6024169921875 -413.14215087890625
vt 1323.234375 -419
vt 1326.75 -419
vt 1323.234375 21
vt 1318.9375 21
vt 1330.6024169921875 15.142135620117188
vt 1318.9375 21
vt 1323.4989013671875 15.142135620117188
vt 1330.6024169921875 15.142135620117188
vt 1330.6024169921875 15.142135620117188
vt 1323.4989013671875 15.142135620117188
vt 1333.654296875 1
vt 1323.4989013671875 15.142135620117188
vt 1325.3883056640625 1
vt 1333.654296875 1
vt 1333.654296875 1
vt 1325.3883056640625 1
vt 1333.654296875 -399
vt 1325.3883056640625 1
vt 1325.3883056640625 -399
vt 1333.654296875 -399
vt 1333.654296875 -399
vt 1325.3883056640625 -399
vt 1330.6024169921875 -413.14215087890625
vt 1325.3883056640625 -399
vt 1323.4989013671875 -413.14215087890625
vt 1330.6024169921875 -413.14215087890625
vt 1330.6024169921875 -413.14215087890625
vt 1323.4989013671875 -413.14215087890625
vt 1323.234375 -419
vt 1323.4989013671875 -413.14215087890625
vt 1318.9375 -419
vt 1323.234375 -419
vt 1318.9375 21
vt 1313.859375 21
vt 1323.4989013671875 15.142135620117188
vt 1313.859375 21
vt 1315.9329833984375 15.142135620117188
vt 1323.4989013671875 15.142135620117188
vt 1323.4989013671875 15.142135620117188
vt 1315.9329833984375 15.142135620117188
vt 1325.3883056640625 1
vt 1315.9329833984375 15.142135620117188
vt 1316.7919921875 1
vt 1325.3883056640625 1
vt 1325.3883056640625 1
vt 1316.7919921875 1
vt 1325.3883056640625 -399
vt 1316.7919921875 1
vt 1316.7919921875 -399
vt 1325.3883056640625 -399
vt 1325.3883056640625 -399
vt 1316.7919921875 -399
vt 1323.4989013671875 -413.14215087890625
vt 1316.7919921875 -399
vt 1315.9329833984375 -413.14215087890625
vt 1323.4989013671875 -413.14215087890625
vt 1323.4989013671875 -413.14215087890625
vt 1315.9329833984375 -413.14215087890625
vt 1318.9375 -419
vt 1315.9329833984375 -413.14215087890625
vt 1313.859375 -419
vt 1318.9375 -419
vt 1313.859375 21
vt 1308 21
vt 1315.9329833984375 15.142135620117188
vt 1308 21
vt 1308.4708251953125 15.142135620117188
vt 1315.9329833984375 15.142135620117188
vt 1315.9329833984375 15.142135620117188
vt 1308.4708251953125 15.142135620117188
vt 1316.7919921875 1
vt 1308.4708251953125 15.142135620117188
vt 1308.6658935546875 1
vt 1316.7919921875 1
vt 1316.7919921875 1
vt 1308.6658935546875 1
vt 1316.7919921875 -399
vt 1308.6658935546875 1
vt 1308.6658935546875 -399
vt 1316.7919921875 -399
vt 1316.7919921875 -399
vt 1308.6658935546875 -399
vt 1315.9329833984375 -413.14215087890625
vt 1308.6658935546875 -399
vt 1308.4708251953125 -413.14215087890625
vt 1315.9329833984375 -413.14215087890625
vt 1315.9329833984375 -413.14215087890625
vt 1308.4708251953125 -413.14215087890625
vt 1313.859375 -419
vt 1308.4708251953125 -413.14215087890625
vt 1308 -419
vt 1313.859375 -419
vt 1308 21
vt 25 21
vt 1308.4708251953125 15.142135620117188
vt 25 21
vt 24.529117584228516 15.142135620117188
vt 1308.4708251953125 15.142135620117188
vt 1308.4708251953125 15.142135620117188
vt 24.529117584228516 15.142135620117188
vt 1308.6658935546875 1
vt 24.529117584228516 15.142135620117188
vt 24.33407211303711 1
vt 1308.6658935546875 1
vt 1308.6658935546875 1
vt 24.33407211303711 1
vt 1308.6658935546875 -399
vt 24.33407211303711 1
vt 24.33407211303711 -399
vt 1308.6658935546875 -399
vt 1308.6658935546875 -399
vt 24.33407211303711 -399
vt 1308.4708251953125 -413.14215087890625
vt 24.33407211303711 -399
vt 24.529117584228516 -413.14215087890625
vt 1308.4708251953125 -413.14215087890625
vt 1308.4708251953125 -413.14215087890625
vt 24.529117584228516 -413.14215087890625
vt 1308 -419
vt 24.529117584228516 -413.14215087890625
vt 25 -419
vt 1308 -419
vt 25 21
vt 19.140625 21
vt 24.529117584228516 15.142135620117188
vt 19.140625 21
vt 17.066986083984375 15.142135620117188
vt 24.529117584228516 15.142135620117188
vt 24.529117584228516 15.142135620117188
vt 17.066986083984375 15.142135620117188
vt 24.33407211303711 1
vt 17.066986083984375 15.142135620117188
vt 16.208057403564453 1
vt 24.33407211303711 1
vt 24.33407211303711 1
vt 16.208057403564453 1
vt 24.33407211303711 -399
vt 16.208057403564453 1
vt 16.208057403564453 -399
vt 24.33407211303711 -399
vt 24.33407211303711 -399
vt 16.208057403564453 -399
vt 24.529117584228516 -413.14215087890625
vt 16.208057403564453 -399
vt 17.066986083984375 -413.14215087890625
vt 24.529117584228516 -413.14215087890625
vt 24.529117584228516 -413.14215087890625
vt 17.066986083984375 -413.14215087890625
vt 25 -419
vt 17.066986083984375 -413.14215087890625
vt 19.140625 -419
vt 25 -419
vt 19.140625 21
vt 14.0625 21
vt 17.066986083984375 15.142135620117188
vt 14.0625 21
vt 9.501090049743652 15.142135620117188
vt 17.066986083984375 15.142135620117188
vt 17.066986083984375 15.142135620117188
vt 9.501090049743652 15.142135620117188
vt 16.208057403564453 1
vt 9.501090049743652 15.142135620117188
vt 7.611691951751709 1
vt 16.208057403564453 1
vt 16.208057403564453 1
vt 7.611691951751709 1
vt 16.208057403564453 -399
vt 7.611691951751709 1
vt 7.611691951751709 -399
vt 16.208057403564453 -399
vt 16.208057403564453 -399
vt 7.611691951751709 -399
vt 17.066986083984375 -413.14215087890625
vt 7.611691951751709 -399
vt 9.501090049743652 -413.14215087890625
vt 17.066986083984375 -413.14215087890625
vt 17.066986083984375 -413.14215087890625
vt 9.501090049743652 -413.14215087890625
vt 19.140625 -419
vt 9.501090049743652 -413.14215087890625
vt 14.0625 -419
vt 19.140625 -419
vt 14.0625 21
vt 9.765625 21
vt 9.501090049743652 15.142135620117188
vt 9.765625 21
vt 2.3976240158081055 15.142135620117188
vt 9.501090049743652 15.142135620117188
vt 9.501090049743652 15.142135620117188
vt 2.3976240158081055 15.142135620117188
vt 7.611691951751709 1
vt 2.3976240158081055 15.142135620117188
vt -0.6543018817901611 1
vt 7.611691951751709 1
vt 7.611691951751709 1
vt -0.6543018817901611 1
vt 7.611691951751709 -399
vt -0.6543018817901611 1
vt -0.6543018817901611 -399
vt 7.611691951751709 -399
vt 7.611691951751709 -399
vt -0.6543018817901611 -399
vt 9.501090049743652 -413.14215087890625
vt -0.6543018817901611 -399
vt 2.3976240158081055 -413.14215087890625
vt 9.501090049743652 -413.14215087890625
vt 9.501090049743652 -413.14215087890625
vt 2.3976240158081055 -413.14215087890625
vt 14.0625 -419
vt 2.3976240158081055 -413.14215087890625
vt 9.765625 -419
vt 14.0625 -419
vt 9.765625 21
vt 6.25 21
vt 2.3976240158081055 15.142135620117188
vt 6.25 21
vt -3.827822208404541 15.142135620117188
vt 2.3976240158081055 15.142135620117188
vt 2.3976240158081055 15.142135620117188
vt -3.827822208404541 15.142135620117188
vt -0.6543018817901611 1
vt -3.827822208404541 15.142135620117188
vt -8.002192497253418 1
vt -0.6543018817901611 1
vt -0.6543018817901611 1
vt -8.002192497253418 1
vt -0.6543018817901611 -399
vt -8.002192497253418 1
vt -8.002192497253418 -399
vt -0.6543018817901611 -399
vt -0.6543018817901611 -399
vt -8.002192497253418 -399
vt 2.3976240158081055 -413.14215087890625
vt -8.002192497253418 -399
vt -3.827822208404541 -413.14215087890625
vt 2.3976240158081055 -413.14215087890625
vt 2.3976240158081055 -413.14215087890625
vt -3.827822208404541 -413.14215087890625
vt 9.765625 -419
vt -3.827822208404541 -413.14215087890625
vt 6.25 -419
vt 9.765625 -419
vt 63.25 21
vt 66.765625 21
vt 53.172176361083984 15.142135620117188
vt 66.765625 21
vt 59.39762496948242 15.142135620117188
vt 53.172176361083984 15.142135620117188
vt 53.172176361083984 15.142135620117188
vt 59.39762496948242 15.142135620117188
vt 48.997806549072266 1
vt 59.39762496948242 15.142135620117188
vt 56.345699310302734 1
vt 48.997806549072266 1
vt 48.997806549072266 1
vt 56.345699310302734 1
vt 48.997806549072266 -399
vt 56.345699310302734 1
vt 56.345699310302734 -399
vt 48.997806549072266 -399
vt 48.997806549072266 -399
vt 56.345699310302734 -399
vt 53.172176361083984 -413.14215087890625
vt 56.345699310302734 -399
vt 59.39762496948242 -413.14215087890625
vt 53.172176361083984 -413.14215087890625
vt 53.172176361083984 -413.14215087890625
vt 59.39762496948242 -413.14215087890625
vt 63.25 -419
vt 59.39762496948242 -413.14215087890625
vt 66.765625 -419
vt 63.25 -419
vt 66.765625 21
vt 71.0625 21
vt 59.39762496948242 15.142135620117188
vt 71.0625 21
vt 66.50109100341797 15.142135620117188
vt 59.39762496948242 15.142135620117188
vt 59.39762496948242 15.142135620117188
vt 66.50109100341797 15.142135620117188
vt 56.345699310302734 1
vt 66.50109100341797 15.142135620117188
vt 64.6116943359375 1
vt 56.345699310302734 1
vt 56.345699310302734 1
vt 64.6116943359375 1
vt 56.345699310302734 -399
vt 64.6116943359375 1
vt 64.6116943359375 -399
vt 56.345699310302734 -399
vt 56.345699310302734 -399
vt 64.6116943359375 -399
vt 59.39762496948242 -413.14215087890625
vt 64.6116943359375 -399
vt 66.50109100341797 -413.14215087890625
vt 59.39762496948242 -413.14215087890625
vt 59.39762496948242 -413.14215087890625
vt 66.50109100341797 -413.14215087890625
vt 66.765625 -419
vt 66.50109100341797 -413.14215087890625
vt 71.0625 -419
vt 66.765625 -419
vt 71.0625 21
vt 76.140625 21
vt 66.50109100341797 15.142135620117188
vt 76.140625 21
vt 74.06698608398438 15.142135620117188
vt 66.50109100341797 15.142135620117188
vt 66.50109100341797 15.142135620117188
vt 74.06698608398438 15.142135620117188
vt 64.6116943359375 1
vt 74.06698608398438 15.142135620117188
vt 73.20806121826172 1
vt 64.6116943359375 1
vt 64.6116943359375 1
vt 73.20806121826172 1
vt 64.6116943359375 -399
vt 73.20806121826172 1
vt 73.20806121826172 -399
vt 64.6116943359375 -399
vt 64.6116943359375 -399
vt 73.20806121826172 -399
vt 66.50109100341797 -413.14215087890625
vt 73.20806121826172 -399
vt 74.06698608398438 -413.14215087890625
vt 66.50109100341797 -413.14215087890625
vt 66.50109100341797 -413.14215087890625
vt 74.06698608398438 -413.14215087890625
vt 71.0625 -419
vt 74.06698608398438 -413.14215087890625
vt 76.140625 -419
vt 71.0625 -419
vt 76.140625 21
vt 82 21
vt 74.06698608398438 15.142135620117188
vt 82 21
vt 81.52912139892578 15.142135620117188
vt 74.06698608398438 15.142135620117188
vt 74.06698608398438 15.142135620117188
vt 81.52912139892578 15.142135620117188
vt 73.20806121826172 1
vt 81.52912139892578 15.142135620117188
vt 81.33407592773438 1
vt 73.20806121826172 1
vt 73.20806121826172 1
vt 81.33407592773438 1
vt 73.20806121826172 -399
vt 81.33407592773438 1
vt 81.33407592773438 -399
vt 73.20806121826172 -399
vt 73.20806121826172 -399
vt 81.33407592773438 -399
vt 74.06698608398438 -413.14215087890625
vt 81.33407592773438 -399
vt 81.52912139892578 -413.14215087890625
vt 74.06698608398438 -413.14215087890625
vt 74.06698608398438 -413.14215087890625
vt 81.52912139892578 -413.14215087890625
vt 76.140625 -419
vt 81.52912139892578 -413.14215087890625
vt 82 -419
vt 76.140625 -419
vt 82 21
vt 712 21
vt 81.52912139892578 15.142135620117188
vt 712 21
vt 712.3319091796875 15.142135620117188
vt 81.52912139892578 15.142135620117188
vt 81.52912139892578 15.142135620117188
vt 712.3319091796875 15.142135620117188
vt 81.33407592773438 1
vt 712.3319091796875 15.142135620117188
vt 712.4693603515625 1
vt 81.33407592773438 1
vt 81.33407592773438 1
vt 712.4693603515625 1
vt 81.33407592773438 -399
vt 712.4693603515625 1
vt 712.4693603515625 -399
vt 81.33407592773438 -399
vt 81.33407592773438 -399
vt 712.4693603515625 -399
vt 81.52912139892578 -413.14215087890625
vt 712.4693603515625 -399
vt 712.3319091796875 -413.14215087890625
vt 81.52912139892578 -413.14215087890625
vt 81.52912139892578 -413.14215087890625
vt 712.3319091796875 -413.14215087890625
vt 82 -419
vt 712.3319091796875 -413.14215087890625
vt 712 -419
vt 82 -419
vt 456 21
vt 527 21
vt 470.14215087890625 15.142135620117188
vt 527 21
vt 526.3726806640625 15.142135620117188
vt 470.14215087890625 15.142135620117188
vt 470.14215087890625 15.142135620117188
vt 526.3726806640625 15.142135620117188
vt 476 1
vt 526.3726806640625 15.142135620117188
vt 526.1128540039062 1
vt 476 1
vt 476 1
vt 526.1128540039062 1
vt 476 -399
vt 526.1128540039062 1
vt 526.1128540039062 -399
vt 476 -399
vt 476 -399
vt 526.1128540039062 -399
vt 470.14215087890625 -413.14215087890625
vt 526.1128540039062 -399
vt 526.3726806640625 -413.14215087890625
vt 470.14215087890625 -413.14215087890625
vt 470.14215087890625 -413.14215087890625
vt 526.3726806640625 -413.14215087890625
vt 456 -419
vt 526.3726806640625 -413.14215087890625
vt 527 -419
vt 456 -419
vt 527 21
vt 536.84375 21
vt 526.3726806640625 15.142135620117188
vt 536.84375 21
vt 534.108154296875 15.142135620117188
vt 526.3726806640625 15.142135620117188
vt 526.3726806640625 15.142135620117188
vt 534.108154296875 15.142135620117188
vt 526.1128540039062 1
vt 534.108154296875 15.142135620117188
vt 532.9750366210938 1
vt 526.1128540039062 1
vt 526.1128540039062 1
vt 532.9750366210938 1
vt 526.1128540039062 -399
vt 532.9750366210938 1
vt 532.9750366210938 -399
vt 526.1128540039062 -399
vt 526.1128540039062 -399
vt 532.9750366210938 -399
vt 526.3726806640625 -413.14215087890625
vt 532.9750366210938 -399
vt 534.108154296875 -413.14215087890625
vt 526.3726806640625 -413.14215087890625
vt 526.3726806640625 -413.14215087890625
vt 534.108154296875 -413.14215087890625
vt 527 -419
vt 534.108154296875 -413.14215087890625
vt 536.84375 -419
vt 527 -419
vt 536.84375 21
vt 545.375 21
vt 534.108154296875 15.142135620117188
vt 545.375 21
vt 539.54248046875 15.142135620117188
vt 534.108154296875 15.142135620117188
vt 534.108154296875 15.142135620117188
vt 539.54248046875 15.142135620117188
vt 532.9750366210938 1
vt 539.54248046875 15.142135620117188
vt 537.1265869140625 1
vt 532.9750366210938 1
vt 532.9750366210938 1
vt 537.1265869140625 1
vt 532.9750366210938 -399
vt 537.1265869140625 1
vt 537.1265869140625 -399
vt 532.9750366210938 -399
vt 532.9750366210938 -399
vt 537.1265869140625 -399
vt 534.108154296875 -413.14215087890625
vt 537.1265869140625 -399
vt 539.54248046875 -413.14215087890625
vt 534.108154296875 -413.14215087890625
vt 534.108154296875 -413.14215087890625
vt 539.54248046875 -413.14215087890625
vt 536.84375 -419
vt 539.54248046875 -413.14215087890625
vt 545.375 -419
vt 536.84375 -419
vt 545.375 21
vt 552.59375 21
vt 539.54248046875 15.142135620117188
vt 552.59375 21
vt 543.6906127929688 15.142135620117188
vt 539.54248046875 15.142135620117188
vt 539.54248046875 15.142135620117188
vt 543.6906127929688 15.142135620117188
vt 537.1265869140625 1
vt 543.6906127929688 15.142135620117188
vt 540.0027465820312 1
vt 537.1265869140625 1
vt 537.1265869140625 1
vt 540.0027465820312 1
vt 537.1265869140625 -399
vt 540.0027465820312 1
vt 540.0027465820312 -399
vt 537.1265869140625 -399
vt 537.1265869140625 -399
vt 540.0027465820312 -399
vt 539.54248046875 -413.14215087890625
vt 540.0027465820312 -399
vt 543.6906127929688 -413.14215087890625
vt 539.54248046875 -413.14215087890625
vt 539.54248046875 -413.14215087890625
vt 543.6906127929688 -413.14215087890625
vt 545.375 -419
vt 543.6906127929688 -413.14215087890625
vt 552.59375 -419
vt 545.375 -419
vt 953.125 21
vt 947 21
vt 941.9841918945312 15.142135620117188
vt 947 21
vt 938.4065551757812 15.142135620117188
vt 941.9841918945312 15.142135620117188
vt 941.9841918945312 15.142135620117188
vt 938.4065551757812 15.142135620117188
vt 937.3695068359375 1
vt 938.4065551757812 15.142135620117188
vt 934.8469848632812 1
vt 937.3695068359375 1
vt 937.3695068359375 1
vt 934.8469848632812 1
vt 937.3695068359375 -399
vt 934.8469848632812 1
vt 934.8469848632812 -399
vt 937.3695068359375 -399
vt 937.3695068359375 -399
vt 934.8469848632812 -399
vt 941.9841918945312 -413.14215087890625
vt 934.8469848632812 -399
vt 938.4065551757812 -413.14215087890625
vt 941.9841918945312 -413.14215087890625
vt 941.9841918945312 -413.14215087890625
vt 938.4065551757812 -413.14215087890625
vt 953.125 -419
vt 938.4065551757812 -413.14215087890625
vt 947 -419
vt 953.125 -419
vt 947 21
vt 939.125 21
vt 938.4065551757812 15.142135620117188
vt 939.125 21
vt 933.2218627929688 15.142135620117188
vt 938.4065551757812 15.142135620117188
vt 938.4065551757812 15.142135620117188
vt 933.2218627929688 15.142135620117188
vt 934.8469848632812 1
vt 933.2218627929688 15.142135620117188
vt 930.7767333984375 1
vt 934.8469848632812 1
vt 934.8469848632812 1
vt 930.7767333984375 1
vt 934.8469848632812 -399
vt 930.7767333984375 1
vt 930.7767333984375 -399
vt 934.8469848632812 -399
vt 934.8469848632812 -399
vt 930.7767333984375 -399
vt 938.4065551757812 -413.14215087890625
vt 930.7767333984375 -399
vt 933.2218627929688 -413.14215087890625
vt 938.4065551757812 -413.14215087890625
vt 938.4065551757812 -413.14215087890625
vt 933.2218627929688 -413.14215087890625
vt 947 -419
vt 933.2218627929688 -413.14215087890625
vt 939.125 -419
vt 947 -419
vt 939.125 21
vt 929.5 21
vt 933.2218627929688 15.142135620117188
vt 929.5 21
vt 925.9907836914062 15.142135620117188
vt 933.2218627929688 15.142135620117188
vt 933.2218627929688 15.142135620117188
vt 925.9907836914062 15.142135620117188
vt 930.7767333984375 1
vt 925.9907836914062 15.142135620117188
vt 924.5372314453125 1
vt 930.7767333984375 1
vt 930.7767333984375 1
vt 924.5372314453125 1
vt 930.7767333984375 -399
vt 924.5372314453125 1
vt 924.5372314453125 -399
vt 930.7767333984375 -399
vt 930.7767333984375 -399
vt 924.5372314453125 -399
vt 933.2218627929688 -413.14215087890625
vt 924.5372314453125 -399
vt 925.9907836914062 -413.14215087890625
vt 933.2218627929688 -413.14215087890625
vt 933.2218627929688 -413.14215087890625
vt 925.9907836914062 -413.14215087890625
vt 939.125 -419
vt 925.9907836914062 -413.14215087890625
vt 929.5 -419
vt 939.125 -419
vt 929.5 21
vt 918.125 21
vt 925.9907836914062 15.142135620117188
vt 918.125 21
vt 916.5602416992188 15.142135620117188
vt 925.9907836914062 15.142135620117188
vt 925.9907836914062 15.142135620117188
vt 916.5602416992188 15.142135620117188
vt 924.5372314453125 1
vt 916.5602416992188 15.142135620117188
vt 915.9120483398438 1
vt 924.5372314453125 1
vt 924.5372314453125 1
vt 915.9120483398438 1
vt 924.5372314453125 -399
vt 915.9120483398438 1
vt 915.9120483398438 -399
vt 924.5372314453125 -399
vt 924.5372314453125 -399
vt 915.9120483398438 -399
vt 925.9907836914062 -413.14215087890625
vt 915.9120483398438 -399
vt 916.5602416992188 -413.14215087890625
vt 925.9907836914062 -413.14215087890625
vt 925.9907836914062 -413.14215087890625
vt 916.5602416992188 -413.14215087890625
vt 929.5 -419
vt 916.5602416992188 -413.14215087890625
vt 918.125 -419
vt 929.5 -419
vt 918.125 21
vt 905 21
vt 916.5602416992188 15.142135620117188
vt 905 21
vt 904.6466674804688 15.142135620117188
vt 916.5602416992188 15.142135620117188
vt 916.5602416992188 15.142135620117188
vt 904.6466674804688 15.142135620117188
vt 915.9120483398438 1
vt 904.6466674804688 15.142135620117188
vt 904.5003051757812 1
vt 915.9120483398438 1
vt 915.9120483398438 1
vt 904.5003051757812 1
vt 915.9120483398438 -399
vt 904.5003051757812 1
vt 904.5003051757812 -399
vt 915.9120483398438 -399
vt 915.9120483398438 -399
vt 904.5003051757812 -399
vt 916.5602416992188 -413.14215087890625
vt 904.5003051757812 -399
vt 904.6466674804688 -413.14215087890625
vt 916.5602416992188 -413.14215087890625
vt 916.5602416992188 -413.14215087890625
vt 904.6466674804688 -413.14215087890625
vt 918.125 -419
vt 904.6466674804688 -413.14215087890625
vt 905 -419
vt 918.125 -419
vt 905 21
vt 429 21
vt 904.6466674804688 15.142135620117188
vt 429 21
vt 429.3471374511719 15.142135620117188
vt 904.6466674804688 15.142135620117188
vt 904.6466674804688 15.142135620117188
vt 429.3471374511719 15.142135620117188
vt 904.5003051757812 1
vt 429.3471374511719 15.142135620117188
vt 429.4909362792969 1
vt 904.5003051757812 1
vt 904.5003051757812 1
vt 429.4909362792969 1
vt 904.5003051757812 -399
vt 429.4909362792969 1
vt 429.4909362792969 -399
vt 904.5003051757812 -399
vt 904.5003051757812 -399
vt 429.4909362792969 -399
vt 904.6466674804688 -413.14215087890625
vt 429.4909362792969 -399
vt 429.3471374511719 -413.14215087890625
vt 904.6466674804688 -413.14215087890625
vt 904.6466674804688 -413.14215087890625
vt 429.3471374511719 -413.14215087890625
vt 905 -419
vt 429.3471374511719 -413.14215087890625
vt 429 -419
vt 905 -419
vt 429 21
vt 415.640625 21
vt 429.3471374511719 15.142135620117188
vt 415.640625 21
vt 417.1783752441406 15.142135620117188
vt 429.3471374511719 15.142135620117188
vt 429.3471374511719 15.142135620117188
vt 417.1783752441406 15.142135620117188
vt 429.4909362792969 1
vt 417.1783752441406 15.142135620117188
vt 417.8153381347656 1
vt 429.4909362792969 1
vt 429.4909362792969 1
vt 417.8153381347656 1
vt 429.4909362792969 -399
vt 417.8153381347656 1
vt 417.8153381347656 -399
vt 429.4909362792969 -399
vt 429.4909362792969 -399
vt 417.8153381347656 -399
vt 429.3471374511719 -413.14215087890625
vt 417.8153381347656 -399
vt 417.1783752441406 -413.14215087890625
vt 429.3471374511719 -413.14215087890625
vt 429.3471374511719 -413.14215087890625
vt 417.1783752441406 -413.14215087890625
vt 429 -419
vt 417.1783752441406 -413.14215087890625
vt 415.640625 -419
vt 429 -419
vt 415.640625 21
vt 404.0625 21
vt 417.1783752441406 15.142135620117188
vt 404.0625 21
vt 407.51416015625 15.142135620117188
vt 417.1783752441406 15.142135620117188
vt 417.1783752441406 15.142135620117188
vt 407.51416015625 15.142135620117188
vt 417.8153381347656 1
vt 407.51416015625 15.142135620117188
vt 408.94390869140625 1
vt 417.8153381347656 1
vt 417.8153381347656 1
vt 408.94390869140625 1
vt 417.8153381347656 -399
vt 408.94390869140625 1
vt 408.94390869140625 -399
vt 417.8153381347656 -399
vt 417.8153381347656 -399
vt 408.94390869140625 -399
vt 417.1783752441406 -413.14215087890625
vt 408.94390869140625 -399
vt 407.51416015625 -413.14215087890625
vt 417.1783752441406 -413.14215087890625
vt 417.1783752441406 -413.14215087890625
vt 407.51416015625 -413.14215087890625
vt 415.640625 -419
vt 407.51416015625 -413.14215087890625
vt 404.0625 -419
vt 415.640625 -419
vt 404.0625 21
vt 394.265625 21
vt 407.51416015625 15.142135620117188
vt 394.265625 21
vt 400.0836486816406 15.142135620117188
vt 407.51416015625 15.142135620117188
vt 407.51416015625 15.142135620117188
vt 400.0836486816406 15.142135620117188
vt 408.94390869140625 1
vt 400.0836486816406 15.142135620117188
vt 402.4935607910156 1
vt 408.94390869140625 1
vt 408.94390869140625 1
vt 402.4935607910156 1
vt 408.94390869140625 -399
vt 402.4935607910156 1
vt 402.4935607910156 -399
vt 408.94390869140625 -399
vt 408.94390869140625 -399
vt 402.4935607910156 -399
vt 407.51416015625 -413.14215087890625
vt 402.4935607910156 -399
vt 400.0836486816406 -413.14215087890625
vt 407.51416015625 -413.14215087890625
vt 407.51416015625 -413.14215087890625
vt 400.0836486816406 -413.14215087890625
vt 404.0625 -419
vt 400.0836486816406 -413.14215087890625
vt 394.265625 -419
vt 404.0625 -419
vt 394.265625 21
vt 386.25 21
vt 400.0836486816406 15.142135620117188
vt 386.25 21
vt 394.7488098144531 15.142135620117188
vt 400.0836486816406 15.142135620117188
vt 400.0836486816406 15.142135620117188
vt 394.7488098144531 15.142135620117188
vt 402.4935607910156 1
vt 394.7488098144531 15.142135620117188
vt 398.2691345214844 1
vt 402.4935607910156 1
vt 402.4935607910156 1
vt 398.2691345214844 1
vt 402.4935607910156 -399
vt 398.2691345214844 1
vt 398.2691345214844 -399
vt 402.4935607910156 -399
vt 402.4935607910156 -399
vt 398.2691345214844 -399
vt 400.0836486816406 -413.14215087890625
vt 398.2691345214844 -399
vt 394.7488098144531 -413.14215087890625
vt 400.0836486816406 -413.14215087890625
vt 400.0836486816406 -413.14215087890625
vt 394.7488098144531 -413.14215087890625
vt 394.265625 -419
vt 394.7488098144531 -413.14215087890625
vt 386.25 -419
vt 394.265625 -419
vt 386.25 21
vt 380.015625 21
vt 394.7488098144531 15.142135620117188
vt 380.015625 21
vt 391.08233642578125 15.142135620117188
vt 394.7488098144531 15.142135620117188
vt 394.7488098144531 15.142135620117188
vt 391.08233642578125 15.142135620117188
vt 398.2691345214844 1
vt 391.08233642578125 15.142135620117188
vt 395.66632080078125 1
vt 398.2691345214844 1
vt 398.2691345214844 1
vt 395.66632080078125 1
vt 398.2691345214844 -399
vt 395.66632080078125 1
vt 395.66632080078125 -399
vt 398.2691345214844 -399
vt 398.2691345214844 -399
vt 395.66632080078125 -399
vt 394.7488098144531 -413.14215087890625
vt 395.66632080078125 -399
vt 391.08233642578125 -413.14215087890625
vt 394.7488098144531 -413.14215087890625
vt 394.7488098144531 -413.14215087890625
vt 391.08233642578125 -413.14215087890625
vt 386.25 -419
vt 391.08233642578125 -413.14215087890625
vt 380.015625 -419
vt 386.25 -419
vt 552.59375 21
vt 545.375 21
vt 543.5972290039062 15.142135620117188
vt 545.375 21
vt 539.457763671875 15.142135620117188
vt 543.5972290039062 15.142135620117188
vt 543.5972290039062 15.142135620117188
vt 539.457763671875 15.142135620117188
vt 539.8707275390625 1
vt 539.457763671875 15.142135620117188
vt 537.0067749023438 1
vt 539.8707275390625 1
vt 539.8707275390625 1
vt 537.0067749023438 1
vt 539.8707275390625 -399
vt 537.0067749023438 1
vt 537.0067749023438 -399
vt 539.8707275390625 -399
vt 539.8707275390625 -399
vt 537.0067749023438 -399
vt 543.5972290039062 -413.14215087890625
vt 537.0067749023438 -399
vt 539.457763671875 -413.14215087890625
vt 543.5972290039062 -413.14215087890625
vt 543.5972290039062 -413.14215087890625
vt 539.457763671875 -413.14215087890625
vt 552.59375 -419
vt 539.457763671875 -413.14215087890625
vt 545.375 -419
vt 552.59375 -419
vt 545.375 21
vt 536.84375 21
vt 539.457763671875 15.142135620117188
vt 536.84375 21
vt 534.0617065429688 15.142135620117188
vt 539.457763671875 15.142135620117188
vt 539.457763671875 15.142135620117188
vt 534.0617065429688 15.142135620117188
vt 537.0067749023438 1
vt 534.0617065429688 15.142135620117188
vt 532.9093627929688 1
vt 537.0067749023438 1
vt 537.0067749023438 1
vt 532.9093627929688 1
vt 537.0067749023438 -399
vt 532.9093627929688 1
vt 532.9093627929688 -399
vt 537.0067749023438 -399
vt 537.0067749023438 -399
vt 532.9093627929688 -399
vt 539.457763671875 -413.14215087890625
vt 532.9093627929688 -399
vt 534.0617065429688 -413.14215087890625
vt 539.457763671875 -413.14215087890625
vt 539.457763671875 -413.14215087890625
vt 534.0617065429688 -413.14215087890625
vt 545.375 -419
vt 534.0617065429688 -413.14215087890625
vt 536.84375 -419
vt 545.375 -419
vt 536.84375 21
vt 527 21
vt 534.0617065429688 15.142135620117188
vt 527 21
vt 526.3615112304688 15.142135620117188
vt 534.0617065429688 15.142135620117188
vt 534.0617065429688 15.142135620117188
vt 526.3615112304688 15.142135620117188
vt 532.9093627929688 1
vt 526.3615112304688 15.142135620117188
vt 526.0971069335938 1
vt 532.9093627929688 1
vt 532.9093627929688 1
vt 526.0971069335938 1
vt 532.9093627929688 -399
vt 526.0971069335938 1
vt 526.0971069335938 -399
vt 532.9093627929688 -399
vt 532.9093627929688 -399
vt 526.0971069335938 -399
vt 534.0617065429688 -413.14215087890625
vt 526.0971069335938 -399
vt 526.3615112304688 -413.14215087890625
vt 534.0617065429688 -413.14215087890625
vt 534.0617065429688 -413.14215087890625
vt 526.3615112304688 -413.14215087890625
vt 536.84375 -419
vt 526.3615112304688 -413.14215087890625
vt 527 -419
vt 536.84375 -419
vt 527 21
vt 456 21
vt 526.3615112304688 15.142135620117188
vt 456 21
vt 470.14215087890625 15.142135620117188
vt 526.3615112304688 15.142135620117188
vt 526.3615112304688 15.142135620117188
vt 470.14215087890625 15.142135620117188
vt 526.0971069335938 1
vt 470.14215087890625 15.142135620117188
vt 476 1
vt 526.0971069335938 1
vt 526.0971069335938 1
vt 476 1
vt 526.0971069335938 -399
vt 476 1
vt 476 -399
vt 526.0971069335938 -399
vt 526.0971069335938 -399
vt 476 -399
vt 526.3615112304688 -413.14215087890625
vt 476 -399
vt 470.14215087890625 -413.14215087890625
vt 526.3615112304688 -413.14215087890625
vt 526.3615112304688 -413.14215087890625
vt 470.14215087890625 -413.14215087890625
vt 527 -419
vt 470.14215087890625 -413.14215087890625
vt 456 -419
vt 527 -419
vt 372 21
vt 961 21
vt 386.14215087890625 15.142135620117188
vt 961 21
vt 946.8578491210938 15.142135620117188
vt 386.14215087890625 15.142135620117188
vt 386.14215087890625 15.142135620117188
vt 946.8578491210938 15.142135620117188
vt 392 1
vt 946.8578491210938 15.142135620117188
vt 941 1
vt 392 1
vt 392 1
vt 941 1
vt 392 -399
vt 941 1
vt 941 -399
vt 392 -399
vt 392 -399
vt 941 -399
vt 386.14215087890625 -413.14215087890625
vt 941 -399
vt 946.8578491210938 -413.14215087890625
vt 386.14215087890625 -413.14215087890625
vt 386.14215087890625 -413.14215087890625
vt 946.8578491210938 -413.14215087890625
vt 372 -419
vt 946.8578491210938 -413.14215087890625
vt 961 -419
vt 372 -419
vn 0 0 -1
vn 0 0 -1
vn 0 0 -1
vn 0 0 -1
vn 0 0 -1
vn 0 0 -1
vn 0 0 -1
vn 0 0 -1
vn 0 0 -1
vn 0 0 -1
vn 0 0 -1
vn 0 0 -1
vn 0 0 -1
vn 0 0 -1
vn 0 0 -1
vn 0 0 -1
vn 0 0 -1
vn 0 0 -1
vn 0 0 -1
vn 0 0 -1
vn 0 0 -1
vn 0 0 -1
vn 0 0 -1
vn 0 0 -1
vn 0 0 -1
vn 0 0 -1
vn 0 0 -1
vn 0 0 -1
vn 0 0 -1
vn 0 0 -1
vn 0 0 -1
vn 0 0 -1
vn 0 0 -1
vn 0 0 -1
vn 0 0 -1
vn 0 0 -1
vn 0 0 -1
vn 0 0 -1
vn 0 0 -1
vn 0 0 -1
vn 0 0 -1
vn 0 0 -1
vn 0 0 -1
vn 0 0 -1
vn 0 0 -1
vn 0 0 -1
vn 0 0 -1
vn 0 0 -1
vn 0 0 -1
vn 0 0 -1
vn 0 0 -1
vn 0 0 -1
vn 0 0 -1
vn 0 0 -1
vn 0 0 -1
vn 0 0 -1
vn 0 0 -1
vn 0 0 -1
vn 0 0 -1
vn 0 0 -1
vn 0 0 -1
vn 0 0 -1
vn 0 0 -1
vn 0 0 -1
vn 0 0 -1
vn 0 0 -1
vn 0 0 -1
vn 0 0 -1
vn 0 0 -1
vn 0 0 -1
vn 0 0 -1
vn 0 0 -1
vn 0 0 -1
vn 0 0 -1
vn 0 0 -1
vn 0 0 -1
vn 0 0 -1
vn 0 0 -1
vn 0 0 -1
vn 0 0 -1
vn 0 0 -1
vn 0 0 -1
vn 0 0 -1
vn 0 0 -1
vn 0 0 -1
vn 0 0 -1
vn 0 0 -1
vn 0 0 -1
vn 0 0 -1
vn 0 0 -1
vn 0 0 -1
vn 0 0 -1
vn 0 0 -1
vn 0 0 -1
vn 0 0 -1
vn 0 0 -1
vn 0 0 -1
vn 0 0 -1
vn 0 0 -1
vn 0 0 -1
vn 0 0 -1
vn 0 0 -1
vn 0 0 -1
vn 0 0 -1
vn 0 0 -1
vn 0 0 -1
vn 0 0 -1
vn 0 0 -1
vn 0 0 -1
vn 0 0 -1
vn 0 0 -1
vn 0 0 -1
vn 0 0 -1
vn 0 0 -1
vn 0 0 -1
vn 0 0 -1
vn 0 0 -1
vn 0 0 -1
vn 0 0 -1
vn 0 0 -1
vn 0 0 -1
vn 0 0 -1
vn 0 0 -1
vn 0 0 -1
vn 0 0 -1
vn 0 0 -1
vn 0 0 -1
vn 0 0 -1
vn 0 0 -1
vn 0 0 -1
vn 0 0 -1
vn 0 0 -1
vn 0 0 -1
vn 0 0 -1
vn 0 0 -1
vn 0 0 -1
vn 0 0 -1
vn 0 0 -1
vn 0 0 -1
vn 0 0 -1
vn 0 0 -1
vn 0 0 -1
vn 0 0 -1
vn 0 0 -1
vn 0 0 -1
vn 0 0 -1
vn 0 0 -1
vn 0 0 -1
vn 0 0 -1
vn 0 0 -1
vn 0 0 -1
vn 0 0 -1
vn 0 0 -1
vn 0 0 -1
vn 0 0 -1
vn 0 0 -1
vn 0 0 -1
vn 0 0 -1
vn 0 0 -1
vn 0 0 -1
vn 0 0 -1
vn 0 0 -1
vn 0 0 -1
vn 0 0 -1
vn 0 0 -1
vn 0 0 -1
vn 0 0 -1
vn 0 0 -1
vn 0 0 -1
vn 0 0 -1
vn 0 0 -1
vn 0 0 -1
vn 0 0 -1
vn 0 0 -1
vn 0 0 -1
vn 0 0 -1
vn 0 0 -1
vn 0 0 -1
vn 0 0 -1
vn 0 0 -1
vn 0 0 -1
vn 0 0 -1
vn 0 0 -1
vn 0 0 -1
vn 0 0 -1
vn 0 0 -1
vn 0 0 -1
vn 0 0 -1
vn 0 0 -1
vn 0 0 -1
vn 0 0 -1
vn 0 0 -1
vn 0 0 -1
vn 0 0 -1
vn 0 0 -1
vn 0 0 -1
vn 0 0 -1
vn 0 0 -1
vn 0 0 -1
vn 0 0 -1
vn 0 0 -1
vn 0 0 -1
vn 0 0 -1
vn 0 0 -1
vn 0 0 -1
vn 0 0 -1
vn 0 0 -1
vn 0 0 -1
vn 0 0 -1
vn 0 0 -1
vn 0 0 -1
vn 0 0 -1
vn 0 0 -1
vn 0 0 -1
vn 0 0 -1
vn 0 0 -1
vn 0 0 -1
vn 0 0 -1
vn 0 0 -1
vn 0 0 -1
vn 0 0 -1
vn 0 0 -1
vn 0 0 1
vn 0 0 1
vn 0 0 1
vn 0 0 1
vn 0 0 1
vn 0 0 1
vn 0 0 1
vn 0 0 1
vn 0 0 1
vn 0 0 1
vn 0 0 1
vn 0 0 1
vn 0 0 1
vn 0 0 1
vn 0 0 1
vn 0 0 1
vn 0 0 1
vn 0 0 1
vn 0 0 1
vn 0 0 1
vn 0 0 1
vn 0 0 1
vn 0 0 1
vn 0 0 1
vn 0 0 1
vn 0 0 1
vn 0 0 1
vn 0 0 1
vn 0 0 1
vn 0 0 1
vn 0 0 1
vn 0 0 1
vn 0 0 1
vn 0 0 1
vn 0 0 1
vn 0 0 1
vn 0 0 1
vn 0 0 1
vn 0 0 1
vn 0 0 1
vn 0 0 1
vn 0 0 1
vn 0 0 1
vn 0 0 1
vn 0 0 1
vn 0 0 1
vn 0 0 1
vn 0 0 1
vn 0 0 1
vn 0 0 1
vn 0 0 1
vn 0 0 1
vn 0 0 1
vn 0 0 1
vn 0 0 1
vn 0 0 1
vn 0 0 1
vn 0 0 1
vn 0 0 1
vn 0 0 1
vn 0 0 1
vn 0 0 1
vn 0 0 1
vn 0 0 1
vn 0 0 1
vn 0 0 1
vn 0 0 1
vn 0 0 1
vn 0 0 1
vn 0 0 1
vn 0 0 1
vn 0 0 1
vn 0 0 1
vn 0 0 1
vn 0 0 1
vn 0 0 1
vn 0 0 1
vn 0 0 1
vn 0 0 1
vn 0 0 1
vn 0 0 1
vn 0 0 1
vn 0 0 1
vn 0 0 1
vn 0 0 1
vn 0 0 1
vn 0 0 1
vn 0 0 1
vn 0 0 1
vn 0 0 1
vn 0 0 1
vn 0 0 1
vn 0 0 1
vn 0 0 1
vn 0 0 1
vn 0 0 1
vn 0 0 1
vn 0 0 1
vn 0 0 1
vn 0 0 1
vn 0 0 1
vn 0 0 1
vn 0 0 1
vn 0 0 1
vn 0 0 1
vn 0 0 1
vn 0 0 1
vn 0 0 1
vn 0 0 1
vn 0 0 1
vn 0 0 1
vn 0 0 1
vn 0 0 1
vn 0 0 1
vn 0 0 1
vn 0 0 1
vn 0 0 1
vn 0 0 1
vn 0 0 1
vn 0 0 1
vn 0 0 1
vn 0 0 1
vn 0 0 1
vn 0 0 1
vn 0 0 1
vn 0 0 1
vn 0 0 1
vn 0 0 1
vn 0 0 1
vn 0 0 1
vn 0 0 1
vn 0 0 1
vn 0 0 1
vn 0 0 1
vn 0 0 1
vn 0 0 1
vn 0 0 1
vn 0 0 1
vn 0 0 1
vn 0 0 1
vn 0 0 1
vn 0 0 1
vn 0 0 1
vn 0 0 1
vn 0 0 1
vn 0 0 1
vn 0 0 1
vn 0 0 1
vn 0 0 1
vn 0 0 1
vn 0 0 1
vn 0 0 1
vn 0 0 1
vn 0 0 1
vn 0 0 1
vn 0 0 1
vn 0 0 1
vn 0 0 1
vn 0 0 1
vn 0 0 1
vn 0 0 1
vn 0 0 1
vn 0 0 1
vn 0 0 1
vn 0 0 1
vn 0 0 1
vn 0 0 1
vn 0 0 1
vn 0 0 1
vn 0 0 1
vn 0 0 1
vn 0 0 1
vn 0 0 1
vn 0 0 1
vn 0 0 1
vn 0 0 1
vn 0 0 1
vn 0 0 1
vn 0 0 1
vn 0 0 1
vn 0 0 1
vn 0 0 1
vn 0 0 1
vn 0 0 1
vn 0 0 1
vn 0 0 1
vn 0 0 1
vn 0 0 1
vn 0 0 1
vn 0 0 1
vn 0 0 1
vn 0 0 1
vn 0 0 1
vn 0 0 1
vn 0 0 1
vn 0 0 1
vn 0 0 1
vn 0 0 1
vn 0 0 1
vn 0 0 1
vn 0 0 1
vn 0 0 1
vn 0 0 1
vn 0 0 1
vn 0 0 1
vn 0 0 1
vn 0 0 1
vn 0 0 1
vn 0 0 1
vn 0 0 1
vn 0 0 1
vn 0 0 1
vn 0 0 1
vn 0 0 1
vn 0 0 1
vn 0 0 1
vn 0 0 1
vn 0 0 1
vn 0 0 1
vn 0 0 1
vn 0 0 1
vn 0 0 1
vn 0.01795153481579731 -0.3822621054887311 -0.9238795511889412
vn 0.01795153481579731 -0.3822621054887311 -0.9238795511889412
vn 0.01795153481579731 -0.3822621054887311 -0.9238795511889412
vn 0.017951505023079333 -0.3822621056932402 -0.923879551683214
vn 0.017951505023079333 -0.3822621056932402 -0.923879551683214
vn 0.017951505023079333 -0.3822621056932402 -0.923879551683214
vn 0.04333877256398093 -0.9228624840871368 -0.3826834021187318
vn 0.04333877256398093 -0.9228624840871368 -0.3826834021187318
vn 0.04333877256398093 -0.9228624840871368 -0.3826834021187318
vn 0.043338858579000404 -0.922862491185344 -0.38268337525982243
vn 0.043338858579000404 -0.922862491185344 -0.38268337525982243
vn 0.043338858579000404 -0.922862491185344 -0.38268337525982243
vn 0.04690964030316906 -0.9988991368735021 0
vn 0.04690964030316906 -0.9988991368735021 0
vn 0.04690964030316906 -0.9988991368735021 0
vn 0.04690964030316906 -0.9988991368735021 0
vn 0.04690964030316906 -0.9988991368735021 0
vn 0.04690964030316906 -0.9988991368735021 0
vn 0.04333886430078279 -0.922862633186056 0.3826830321689447
vn 0.04333886430078279 -0.922862633186056 0.3826830321689447
vn 0.04333886430078279 -0.922862633186056 0.3826830321689447
vn 0.04333877927431109 -0.9228626471380645 0.38268300815209544
vn 0.04333877927431109 -0.9228626471380645 0.38268300815209544
vn 0.04333877927431109 -0.9228626471380645 0.38268300815209544
vn 0.01795146571511091 -0.38226126713078623 0.9238798994080588
vn 0.01795146571511091 -0.38226126713078623 0.9238798994080588
vn 0.01795146571511091 -0.38226126713078623 0.9238798994080588
vn 0.017951495507828614 -0.38226126692627804 0.9238798989137869
vn 0.017951495507828614 -0.38226126692627804 0.9238798989137869
vn 0.017951495507828614 -0.38226126692627804 0.9238798989137869
vn 0.055179704915884205 -0.37868419931392716 -0.9238795794665915
vn 0.055179704915884205 -0.37868419931392716 -0.9238795794665915
vn 0.055179704915884205 -0.37868419931392716 -0.9238795794665915
vn 0.05518000691602781 -0.3786842904477201 -0.9238795240748947
vn 0.05518000691602781 -0.3786842904477201 -0.9238795240748947
vn 0.05518000691602781 -0.3786842904477201 -0.9238795240748947
vn 0.13321633599113325 -0.9142248008510035 -0.38268318663620504
vn 0.13321633599113325 -0.9142248008510035 -0.38268318663620504
vn 0.13321633599113325 -0.9142248008510035 -0.38268318663620504
vn 0.133215751485376 -0.9142247777889632 -0.38268344520361425
vn 0.133215751485376 -0.9142247777889632 -0.38268344520361425
vn 0.133215751485376 -0.9142247777889632 -0.38268344520361425
vn 0.14419169974508056 -0.9895497732426723 0
vn 0.14419169974508056 -0.9895497732426723 0
vn 0.14419169974508056 -0.9895497732426723 0
vn 0.14419169974508056 -0.9895497732426723 0
vn 0.14419169974508056 -0.9895497732426723 0
vn 0.14419169974508056 -0.9895497732426723 0
vn 0.13321578362742328 -0.9142250322644603 0.3826828260760836
vn 0.13321578362742328 -0.9142250322644603 0.3826828260760836
vn 0.13321578362742328 -0.9142250322644603 0.3826828260760836
vn 0.13321635366647372 -0.9142248198893839 0.38268313500078954
vn 0.13321635366647372 -0.9142248198893839 0.38268313500078954
vn 0.13321635366647372 -0.9142248198893839 0.38268313500078954
vn 0.05517986815735259 -0.37868333043957564 0.923879925854723
vn 0.05517986815735259 -0.37868333043957564 0.923879925854723
vn 0.05517986815735259 -0.37868333043957564 0.923879925854723
vn 0.05517959387288738 -0.37868345916761736 0.9238798894731234
vn 0.05517959387288738 -0.37868345916761736 0.9238798894731234
vn 0.05517959387288738 -0.37868345916761736 0.9238798894731234
vn 0.09333099528693838 -0.3711279671958575 -0.9238795144843402
vn 0.09333099528693838 -0.3711279671958575 -0.9238795144843402
vn 0.09333099528693838 -0.3711279671958575 -0.9238795144843402
vn 0.09333122321075722 -0.3711279848931078 -0.9238794843501856
vn 0.09333122321075722 -0.3711279848931078 -0.9238794843501856
vn 0.09333122321075722 -0.3711279848931078 -0.9238794843501856
vn 0.22532144220503272 -0.8959819687066388 -0.38268336707416456
vn 0.22532144220503272 -0.8959819687066388 -0.38268336707416456
vn 0.22532144220503272 -0.8959819687066388 -0.38268336707416456
vn 0.22532147049429835 -0.8959819626900279 -0.38268336450440643
vn 0.22532147049429835 -0.8959819626900279 -0.38268336450440643
vn 0.22532147049429835 -0.8959819626900279 -0.38268336450440643
vn 0.24388619945958934 -0.9698038573408322 0
vn 0.24388619945958934 -0.9698038573408322 0
vn 0.24388619945958934 -0.9698038573408322 0
vn 0.24388619945958934 -0.9698038573408322 0
vn 0.24388619945958934 -0.9698038573408322 0
vn 0.24388619945958934 -0.9698038573408322 0
vn 0.22532150298444595 -0.8959820925873486 0.38268304124382874
vn 0.22532150298444595 -0.8959820925873486 0.38268304124382874
vn 0.22532150298444595 -0.8959820925873486 0.38268304124382874
vn 0.22532149140956956 -0.8959821058141906 0.3826830170908241
vn 0.22532149140956956 -0.8959821058141906 0.3826830170908241
vn 0.22532149140956956 -0.8959821058141906 0.3826830170908241
vn 0.09333099541841697 -0.3711270736489954 0.9238798734137144
vn 0.09333099541841697 -0.3711270736489954 0.9238798734137144
vn 0.09333099541841697 -0.3711270736489954 0.9238798734137144
vn 0.09333080664726134 -0.37112718289071334 0.9238798486005496
vn 0.09333080664726134 -0.37112718289071334 0.9238798486005496
vn 0.09333080664726134 -0.37112718289071334 0.9238798486005496
vn 0.13122205624212724 -0.3594822935103829 -0.9238794578342474
vn 0.13122205624212724 -0.3594822935103829 -0.9238794578342474
vn 0.13122205624212724 -0.3594822935103829 -0.9238794578342474
vn 0.1312212509828991 -0.35948229187623026 -0.9238795728437207
vn 0.1312212509828991 -0.35948229187623026 -0.9238795728437207
vn 0.1312212509828991 -0.35948229187623026 -0.9238795728437207
vn 0.31679623833488 -0.8678672776709043 -0.3826833308689622
vn 0.31679623833488 -0.8678672776709043 -0.3826833308689622
vn 0.31679623833488 -0.8678672776709043 -0.3826833308689622
vn 0.31679672538284714 -0.86786718643423 -0.3826831345871391
vn 0.31679672538284714 -0.86786718643423 -0.3826831345871391
vn 0.31679672538284714 -0.86786718643423 -0.3826831345871391
vn 0.34289825346637437 -0.9393725500405631 0
vn 0.34289825346637437 -0.9393725500405631 0
vn 0.34289825346637437 -0.9393725500405631 0
vn 0.34289825346637437 -0.9393725500405631 0
vn 0.34289825346637437 -0.9393725500405631 0
vn 0.34289825346637437 -0.9393725500405631 0
vn 0.31679672706038164 -0.8678672506344954 0.3826829876019468
vn 0.31679672706038164 -0.8678672506344954 0.3826829876019468
vn 0.31679672706038164 -0.8678672506344954 0.3826829876019468
vn 0.3167963650649728 -0.8678674770881725 0.3826827737098063
vn 0.3167963650649728 -0.8678674770881725 0.3826827737098063
vn 0.3167963650649728 -0.8678674770881725 0.3826827737098063
vn 0.13122105258975425 -0.35948168301420835 0.9238798379305121
vn 0.13122105258975425 -0.35948168301420835 0.9238798379305121
vn 0.13122105258975425 -0.35948168301420835 0.9238798379305121
vn 0.1312216492256043 -0.3594811481871266 0.9238799612896567
vn 0.1312216492256043 -0.3594811481871266 0.9238799612896567
vn 0.1312216492256043 -0.3594811481871266 0.9238799612896567
vn 0.16762625979778162 -0.3440172931027734 -0.9238796128676328
vn 0.16762625979778162 -0.3440172931027734 -0.9238796128676328
vn 0.16762625979778162 -0.3440172931027734 -0.9238796128676328
vn 0.16762654591386839 -0.34401726944504557 -0.9238795697646749
vn 0.16762654591386839 -0.34401726944504557 -0.9238795697646749
vn 0.16762654591386839 -0.34401726944504557 -0.9238795697646749
vn 0.40468644829630485 -0.8305314724650905 -0.3826830957989792
vn 0.40468644829630485 -0.8305314724650905 -0.3826830957989792
vn 0.40468644829630485 -0.8305314724650905 -0.3826830957989792
vn 0.40468692403115003 -0.8305313509935519 -0.3826828563380278
vn 0.40468692403115003 -0.8305313509935519 -0.3826828563380278
vn 0.40468692403115003 -0.8305313509935519 -0.3826828563380278
vn 0.43802986078288175 -0.8989604224116483 0
vn 0.43802986078288175 -0.8989604224116483 0
vn 0.43802986078288175 -0.8989604224116483 0
vn 0.43802986078288175 -0.8989604224116483 0
vn 0.43802986078288175 -0.8989604224116483 0
vn 0.43802986078288175 -0.8989604224116483 0
vn 0.4046869519962094 -0.8305314068276165 0.3826827055890529
vn 0.4046869519962094 -0.8305314068276165 0.3826827055890529
vn 0.4046869519962094 -0.8305314068276165 0.3826827055890529
vn 0.40468653985037434 -0.830531715290133 0.3826824719805714
vn 0.40468653985037434 -0.830531715290133 0.3826824719805714
vn 0.40468653985037434 -0.830531715290133 0.3826824719805714
vn 0.16762612562871224 -0.3440163989128067 0.9238799701724093
vn 0.16762612562871224 -0.3440163989128067 0.9238799701724093
vn 0.16762612562871224 -0.3440163989128067 0.9238799701724093
vn 0.16762593455738048 -0.34401661295481967 0.9238799251390077
vn 0.16762593455738048 -0.34401661295481967 0.9238799251390077
vn 0.16762593455738048 -0.34401661295481967 0.9238799251390077
vn 0.20146423681367864 -0.32535934614754863 -0.9238795685366797
vn 0.20146423681367864 -0.32535934614754863 -0.9238795685366797
vn 0.20146423681367864 -0.32535934614754863 -0.9238795685366797
vn 0.20146517139316603 -0.3253591605609797 -0.9238794300960362
vn 0.20146517139316603 -0.3253591605609797 -0.9238794300960362
vn 0.20146517139316603 -0.3253591605609797 -0.9238794300960362
vn 0.48637979709165075 -0.7854862726246801 -0.3826826472408584
vn 0.48637979709165075 -0.7854862726246801 -0.3826826472408584
vn 0.48637979709165075 -0.7854862726246801 -0.3826826472408584
vn 0.4863785483871253 -0.785486754295441 -0.38268324564219725
vn 0.4863785483871253 -0.785486754295441 -0.38268324564219725
vn 0.4863785483871253 -0.785486754295441 -0.38268324564219725
vn 0.5264523112659681 -0.850204660045286 0
vn 0.5264523112659681 -0.850204660045286 0
vn 0.5264523112659681 -0.850204660045286 0
vn 0.5264523112659681 -0.850204660045286 0
vn 0.5264523112659681 -0.850204660045286 0
vn 0.5264523112659681 -0.850204660045286 0
vn 0.48637873745414983 -0.785487068877098 0.38268235963965247
vn 0.48637873745414983 -0.785487068877098 0.38268235963965247
vn 0.48637873745414983 -0.785487068877098 0.38268235963965247
vn 0.48637972445480043 -0.7854861804985404 0.38268292865646225
vn 0.48637972445480043 -0.7854861804985404 0.38268292865646225
vn 0.48637972445480043 -0.7854861804985404 0.38268292865646225
vn 0.20146456095466206 -0.3253581779065275 0.923879909267806
vn 0.20146456095466206 -0.3253581779065275 0.923879909267806
vn 0.20146456095466206 -0.3253581779065275 0.923879909267806
vn 0.2014639735457148 -0.3253589369138973 0.923879770063957
vn 0.2014639735457148 -0.3253589369138973 0.923879770063957
vn 0.2014639735457148 -0.3253589369138973 0.923879770063957
vn 0.2319545184727489 -0.3043746994070489 -0.923879398904935
vn 0.2319545184727489 -0.3043746994070489 -0.923879398904935
vn 0.2319545184727489 -0.3043746994070489 -0.923879398904935
vn 0.23195329875042917 -0.3043750598862797 -0.9238795863736885
vn 0.23195329875042917 -0.3043750598862797 -0.9238795863736885
vn 0.23195329875042917 -0.3043750598862797 -0.9238795863736885
vn 0.559985049979677 -0.7348266949700587 -0.3826832530417802
vn 0.559985049979677 -0.7348266949700587 -0.3826832530417802
vn 0.559985049979677 -0.7348266949700587 -0.3826832530417802
vn 0.5599859311697402 -0.7348262608366066 -0.38268279720527065
vn 0.5599859311697402 -0.7348262608366066 -0.38268279720527065
vn 0.5599859311697402 -0.7348262608366066 -0.38268279720527065
vn 0.6061242276597888 -0.7953699897807462 0
vn 0.6061242276597888 -0.7953699897807462 0
vn 0.6061242276597888 -0.7953699897807462 0
vn 0.6061242276597888 -0.7953699897807462 0
vn 0.6061242276597888 -0.7953699897807462 0
vn 0.6061242276597888 -0.7953699897807462 0
vn 0.5599858710965269 -0.7348262602217397 0.3826828862920266
vn 0.5599858710965269 -0.7348262602217397 0.3826828862920266
vn 0.5599858710965269 -0.7348262602217397 0.3826828862920266
vn 0.5599852225229031 -0.7348269847646991 0.38268244409378815
vn 0.5599852225229031 -0.7348269847646991 0.38268244409378815
vn 0.5599852225229031 -0.7348269847646991 0.38268244409378815
vn 0.23195300501741645 -0.30437468833445036 0.9238797825283854
vn 0.23195300501741645 -0.30437468833445036 0.9238797825283854
vn 0.23195300501741645 -0.30437468833445036 0.9238797825283854
vn 0.23195370511818525 -0.30437361511783656 0.9238799603314519
vn 0.23195370511818525 -0.30437361511783656 0.9238799603314519
vn 0.23195370511818525 -0.30437361511783656 0.9238799603314519
vn 0.2586803405545679 -0.2820123102537877 -0.9238796124365414
vn 0.2586803405545679 -0.2820123102537877 -0.9238796124365414
vn 0.2586803405545679 -0.2820123102537877 -0.9238796124365414
vn 0.2586799839162121 -0.2820124305418362 -0.9238796755752311
vn 0.2586799839162121 -0.2820124305418362 -0.9238796755752311
vn 0.2586799839162121 -0.2820124305418362 -0.9238796755752311
vn 0.6245095118903939 -0.6808390005104744 -0.38268279938131555
vn 0.6245095118903939 -0.6808390005104744 -0.38268279938131555
vn 0.6245095118903939 -0.6808390005104744 -0.38268279938131555
vn 0.6245090444517696 -0.6808393087799711 -0.38268301375674985
vn 0.6245090444517696 -0.6808393087799711 -0.38268301375674985
vn 0.6245090444517696 -0.6808393087799711 -0.38268301375674985
vn 0.6759636179584901 -0.7369349952312404 0
vn 0.6759636179584901 -0.7369349952312404 0
vn 0.6759636179584901 -0.7369349952312404 0
vn 0.6759636179584901 -0.7369349952312404 0
vn 0.6759636179584901 -0.7369349952312404 0
vn 0.6759636179584901 -0.7369349952312404 0
vn 0.6245092128222518 -0.6808394762084615 0.3826824411131495
vn 0.6245092128222518 -0.6808394762084615 0.3826824411131495
vn 0.6245092128222518 -0.6808394762084615 0.3826824411131495
vn 0.6245095221592047 -0.6808390713101566 0.38268265666215534
vn 0.6245095221592047 -0.6808390713101566 0.38268265666215534
vn 0.6245095221592047 -0.6808390713101566 0.38268265666215534
vn 0.25867947908822486 -0.2820118960749199 0.9238799800682301
vn 0.25867947908822486 -0.2820118960749199 0.9238799800682301
vn 0.25867947908822486 -0.2820118960749199 0.9238799800682301
vn 0.25867965560704936 -0.2820115657472543 0.9238800314758406
vn 0.25867965560704936 -0.2820115657472543 0.9238800314758406
vn 0.25867965560704936 -0.2820115657472543 0.9238800314758406
vn 0.27059778679954516 -0.27059778679954516 -0.9238796867332758
vn 0.27059778679954516 -0.27059778679954516 -0.9238796867332758
vn 0.27059778679954516 -0.27059778679954516 -0.9238796867332758
vn 0.27059787801433816 -0.27059787801433816 -0.9238796333009376
vn 0.27059787801433816 -0.27059787801433816 -0.9238796333009376
vn 0.27059787801433816 -0.27059787801433816 -0.9238796333009376
vn 0.6532816172286591 -0.6532816172286591 -0.38268297216131236
vn 0.6532816172286591 -0.6532816172286591 -0.38268297216131236
vn 0.6532816172286591 -0.6532816172286591 -0.38268297216131236
vn 0.6532820644816992 -0.6532819452724064 -0.38268164864235343
vn 0.6532820644816992 -0.6532819452724064 -0.38268164864235343
vn 0.6532820644816992 -0.6532819452724064 -0.38268164864235343
vn 0.7071068407911908 -0.7071067215818992 0
vn 0.7071068407911908 -0.7071067215818992 0
vn 0.7071068407911908 -0.7071067215818992 0
vn 0.7071068407911908 -0.7071067215818992 0
vn 0.7071068407911908 -0.7071067215818992 0
vn 0.7071068407911908 -0.7071067215818992 0
vn 0.6532817495311279 -0.6532816899264831 0.382682622203239
vn 0.6532817495311279 -0.6532816899264831 0.382682622203239
vn 0.6532817495311279 -0.6532816899264831 0.382682622203239
vn 0.653282153358527 -0.6532820937538834 0.38268124344392485
vn 0.653282153358527 -0.6532820937538834 0.38268124344392485
vn 0.653282153358527 -0.6532820937538834 0.38268124344392485
vn 0.2705971886349026 -0.2705971886349026 0.9238800371291577
vn 0.2705971886349026 -0.2705971886349026 0.9238800371291577
vn 0.2705971886349026 -0.2705971886349026 0.9238800371291577
vn 0.2705972798497255 -0.2705972798497255 0.9238799836969404
vn 0.2705972798497255 -0.2705972798497255 0.9238799836969404
vn 0.2705972798497255 -0.2705972798497255 0.9238799836969404
vn 0.28316262652222585 -0.2574205722749619 -0.9238796328043308
vn 0.28316262652222585 -0.2574205722749619 -0.9238796328043308
vn 0.28316262652222585 -0.2574205722749619 -0.9238796328043308
vn 0.2831638450151278 -0.25741991353085814 -0.9238794428896089
vn 0.2831638450151278 -0.25741991353085814 -0.9238794428896089
vn 0.2831638450151278 -0.25741991353085814 -0.9238794428896089
vn 0.6836181966574364 -0.6214668234289387 -0.3826815236929777
vn 0.6836181966574364 -0.6214668234289387 -0.3826815236929777
vn 0.6836181966574364 -0.6214668234289387 -0.3826815236929777
vn 0.6836150215675268 -0.621469312238847 -0.38268315383957546
vn 0.6836150215675268 -0.621469312238847 -0.38268315383957546
vn 0.6836150215675268 -0.621469312238847 -0.38268315383957546
vn 0.7399394854403618 -0.6726734407468848 0
vn 0.7399394854403618 -0.6726734407468848 0
vn 0.7399394854403618 -0.6726734407468848 0
vn 0.7399394854403618 -0.6726734407468848 0
vn 0.7399394854403618 -0.6726734407468848 0
vn 0.7399394854403618 -0.6726734407468848 0
vn 0.6836156101349581 -0.621469841881532 0.3826812423042872
vn 0.6836156101349581 -0.621469841881532 0.3826812423042872
vn 0.6836156101349581 -0.621469841881532 0.3826812423042872
vn 0.6836178072535248 -0.6214664369139575 0.3826828470095736
vn 0.6836178072535248 -0.6214664369139575 0.3826828470095736
vn 0.6836178072535248 -0.6214664369139575 0.3826828470095736
vn 0.2831628904678748 -0.2574190484699356 0.9238799764832611
vn 0.2831628904678748 -0.2574190484699356 0.9238799764832611
vn 0.2831628904678748 -0.2574190484699356 0.9238799764832611
vn 0.28316235040713755 -0.2574203266798492 0.9238797858617458
vn 0.28316235040713755 -0.2574203266798492 0.9238797858617458
vn 0.28316235040713755 -0.2574203266798492 0.9238797858617458
vn 0.30719701213729295 -0.22820349600780288 -0.9238794077928877
vn 0.30719701213729295 -0.22820349600780288 -0.9238794077928877
vn 0.30719701213729295 -0.22820349600780288 -0.9238794077928877
vn 0.30719531182869003 -0.2282045975228661 -0.9238797010757951
vn 0.30719531182869003 -0.2282045975228661 -0.9238797010757951
vn 0.30719531182869003 -0.2282045975228661 -0.9238797010757951
vn 0.7416359284298716 -0.5509352756915525 -0.38268325239110634
vn 0.7416359284298716 -0.5509352756915525 -0.38268325239110634
vn 0.7416359284298716 -0.5509352756915525 -0.38268325239110634
vn 0.7416386065118068 -0.550932769230575 -0.38268167073842885
vn 0.7416386065118068 -0.550932769230575 -0.38268167073842885
vn 0.7416386065118068 -0.550932769230575 -0.38268167073842885
vn 0.8027432544786666 -0.5963248002464754 0
vn 0.8027432544786666 -0.5963248002464754 0
vn 0.8027432544786666 -0.5963248002464754 0
vn 0.8027432544786666 -0.5963248002464754 0
vn 0.8027432544786666 -0.5963248002464754 0
vn 0.8027432544786666 -0.5963248002464754 0
vn 0.741638237487412 -0.5509324627413416 0.3826828271484433
vn 0.741638237487412 -0.5509324627413416 0.3826828271484433
vn 0.741638237487412 -0.5509324627413416 0.3826828271484433
vn 0.741636570971401 -0.5509358023947214 0.3826812488709978
vn 0.741636570971401 -0.5509358023947214 0.3826812488709978
vn 0.741636570971401 -0.5509358023947214 0.3826812488709978
vn 0.30719515035852907 -0.2282044839597195 0.9238797828164003
vn 0.30719515035852907 -0.2282044839597195 0.9238797828164003
vn 0.30719515035852907 -0.2282044839597195 0.9238797828164003
vn 0.3071957164737241 -0.2282025169107153 0.9238800804519004
vn 0.3071957164737241 -0.2282025169107153 0.9238800804519004
vn 0.3071957164737241 -0.2282025169107153 0.9238800804519004
vn 0.32892966851506095 -0.19557981538560393 -0.9238797589428535
vn 0.32892966851506095 -0.19557981538560393 -0.9238797589428535
vn 0.32892966851506095 -0.19557981538560393 -0.9238797589428535
vn 0.3289295820710999 -0.19557992145552403 -0.9238797672651906
vn 0.3289295820710999 -0.19557992145552403 -0.9238797672651906
vn 0.3289295820710999 -0.19557992145552403 -0.9238797672651906
vn 0.794108080244567 -0.47217281907213887 -0.3826815723545592
vn 0.794108080244567 -0.47217281907213887 -0.3826815723545592
vn 0.794108080244567 -0.47217281907213887 -0.3826815723545592
vn 0.7941090361720539 -0.4721717177259564 -0.3826809475916085
vn 0.7941090361720539 -0.4721717177259564 -0.3826809475916085
vn 0.7941090361720539 -0.4721717177259564 -0.3826809475916085
vn 0.8595364654742835 -0.5110744217038999 0
vn 0.8595364654742835 -0.5110744217038999 0
vn 0.8595364654742835 -0.5110744217038999 0
vn 0.8595364654742835 -0.5110744217038999 0
vn 0.8595364654742835 -0.5110744217038999 0
vn 0.8595364654742835 -0.5110744217038999 0
vn 0.7941089420331955 -0.47217167302801605 0.38268119809162765
vn 0.7941089420331955 -0.47217167302801605 0.38268119809162765
vn 0.7941089420331955 -0.47217167302801605 0.38268119809162765
vn 0.7941084420529985 -0.47217303017413803 0.3826805610902284
vn 0.7941084420529985 -0.47217303017413803 0.3826805610902284
vn 0.7941084420529985 -0.47217303017413803 0.3826805610902284
vn 0.3289288879827266 -0.19557951398986778 0.9238801006396524
vn 0.3289288879827266 -0.19557951398986778 0.9238801006396524
vn 0.3289288879827266 -0.19557951398986778 0.9238801006396524
vn 0.3289288813728282 -0.19557933124572358 0.9238801416787219
vn 0.3289288813728282 -0.19557933124572358 0.9238801416787219
vn 0.3289288813728282 -0.19557933124572358 0.9238801416787219
vn 0.3474604443224665 -0.16036636923424985 -0.9238797904759354
vn 0.3474604443224665 -0.16036636923424985 -0.9238797904759354
vn 0.3474604443224665 -0.16036636923424985 -0.9238797904759354
vn 0.34746125573756925 -0.1603655378857066 -0.9238796296162718
vn 0.34746125573756925 -0.1603655378857066 -0.9238796296162718
vn 0.34746125573756925 -0.1603655378857066 -0.9238796296162718
vn 0.8388471727819254 -0.3871573863235845 -0.3826807794113275
vn 0.8388471727819254 -0.3871573863235845 -0.3826807794113275
vn 0.8388471727819254 -0.3871573863235845 -0.3826807794113275
vn 0.8388436626175594 -0.387162425920662 -0.382683375183174
vn 0.8388436626175594 -0.387162425920662 -0.382683375183174
vn 0.8388436626175594 -0.387162425920662 -0.382683375183174
vn 0.9079578240155287 -0.41906155849586824 0
vn 0.9079578240155287 -0.41906155849586824 0
vn 0.9079578240155287 -0.41906155849586824 0
vn 0.9079578240155287 -0.41906155849586824 0
vn 0.9079578240155287 -0.41906155849586824 0
vn 0.9079578240155287 -0.41906155849586824 0
vn 0.8388447345460169 -0.3871629023169778 0.382680543526734
vn 0.8388447345460169 -0.3871629023169778 0.382680543526734
vn 0.8388447345460169 -0.3871629023169778 0.382680543526734
vn 0.8388462779883666 -0.38715696875697164 0.3826831632669213
vn 0.8388462779883666 -0.38715696875697164 0.3826831632669213
vn 0.8388462779883666 -0.38715696875697164 0.3826831632669213
vn 0.34746016133757274 -0.1603650350704738 0.9238801284853537
vn 0.34746016133757274 -0.1603650350704738 0.9238801284853537
vn 0.34746016133757274 -0.1603650350704738 0.9238801284853537
vn 0.3474600562285346 -0.16036619011397357 0.9238799675249986
vn 0.3474600562285346 -0.16036619011397357 0.9238799675249986
vn 0.3474600562285346 -0.16036619011397357 0.9238799675249986
vn 0.36215224208808017 -0.12366173938359311 -0.9238796067471133
vn 0.36215224208808017 -0.12366173938359311 -0.9238796067471133
vn 0.36215224208808017 -0.12366173938359311 -0.9238796067471133
vn 0.36215331408970486 -0.1236603979779563 -0.9238793660785898
vn 0.36215331408970486 -0.1236603979779563 -0.9238793660785898
vn 0.36215331408970486 -0.1236603979779563 -0.9238793660785898
vn 0.8743145454221207 -0.2985423203311984 -0.38268336602807096
vn 0.8743145454221207 -0.2985423203311984 -0.38268336602807096
vn 0.8743145454221207 -0.2985423203311984 -0.38268336602807096
vn 0.8743132586124505 -0.29854462347327804 -0.38268450923662584
vn 0.8743132586124505 -0.29854462347327804 -0.38268450923662584
vn 0.8743132586124505 -0.29854462347327804 -0.38268450923662584
vn 0.9463503204243466 -0.3231424933875711 0
vn 0.9463503204243466 -0.3231424933875711 0
vn 0.9463503204243466 -0.3231424933875711 0
vn 0.9463503204243466 -0.3231424933875711 0
vn 0.9463503204243466 -0.3231424933875711 0
vn 0.9463503204243466 -0.3231424933875711 0
vn 0.874313821009433 -0.298544790797204 0.38268309379921484
vn 0.874313821009433 -0.298544790797204 0.38268309379921484
vn 0.874313821009433 -0.298544790797204 0.38268309379921484
vn 0.8743142271312203 -0.2985421942013345 0.38268419162200745
vn 0.8743142271312203 -0.2985421942013345 0.38268419162200745
vn 0.8743142271312203 -0.2985421942013345 0.38268419162200745
vn 0.3621520146377561 -0.12365996989064808 0.9238799327512524
vn 0.3621520146377561 -0.12365996989064808 0.9238799327512524
vn 0.3621520146377561 -0.12365996989064808 0.9238799327512524
vn 0.3621520950128335 -0.12366168789072685 0.9238796712915768
vn 0.3621520950128335 -0.12366168789072685 0.9238796712915768
vn 0.3621520950128335 -0.12366168789072685 0.9238796712915768
vn 0.3727372023389771 -0.08668307291042979 -0.923879333497247
vn 0.3727372023389771 -0.08668307291042979 -0.923879333497247
vn 0.3727372023389771 -0.08668307291042979 -0.923879333497247
vn 0.3727365163568331 -0.08668413076992325 -0.9238795110006689
vn 0.3727365163568331 -0.08668413076992325 -0.9238795110006689
vn 0.3727365163568331 -0.08668413076992325 -0.9238795110006689
vn 0.8998650168021168 -0.2092738714014284 -0.3826844630820339
vn 0.8998650168021168 -0.2092738714014284 -0.3826844630820339
vn 0.8998650168021168 -0.2092738714014284 -0.3826844630820339
vn 0.8998672497891617 -0.20926866241715358 -0.38268206083774775
vn 0.8998672497891617 -0.20926866241715358 -0.38268206083774775
vn 0.8998672497891617 -0.20926866241715358 -0.38268206083774775
vn 0.9740086960198776 -0.22651061802409544 0
vn 0.9740086960198776 -0.22651061802409544 0
vn 0.9740086960198776 -0.22651061802409544 0
vn 0.9740086960198776 -0.22651061802409544 0
vn 0.9740086960198776 -0.22651061802409544 0
vn 0.9740086960198776 -0.22651061802409544 0
vn 0.8998664615117529 -0.2092684655818609 0.3826840220852326
vn 0.8998664615117529 -0.2092684655818609 0.3826840220852326
vn 0.8998664615117529 -0.2092684655818609 0.3826840220852326
vn 0.8998661641630207 -0.20927415798229618 0.38268160838395754
vn 0.8998661641630207 -0.20927415798229618 0.38268160838395754
vn 0.8998661641630207 -0.20927415798229618 0.38268160838395754
vn 0.37273607322283187 -0.08668402736897848 0.9238796994833894
vn 0.37273607322283187 -0.08668402736897848 0.9238796994833894
vn 0.37273607322283187 -0.08668402736897848 0.9238796994833894
vn 0.3727358983580482 -0.08668276913924305 0.9238798880858765
vn 0.3727358983580482 -0.08668276913924305 0.9238798880858765
vn 0.3727358983580482 -0.08668276913924305 0.9238798880858765
vn 0.3793264819098209 -0.05057686797993298 -0.9238795378983446
vn 0.3793264819098209 -0.05057686797993298 -0.9238795378983446
vn 0.3793264819098209 -0.05057686797993298 -0.9238795378983446
vn 0.37932572800337006 -0.05057832363704941 -0.923879767747286
vn 0.37932572800337006 -0.05057832363704941 -0.923879767747286
vn 0.37932572800337006 -0.05057832363704941 -0.923879767747286
vn 0.9157752008999429 -0.12210712862374488 -0.3826821534327583
vn 0.9157752008999429 -0.12210712862374488 -0.3826821534327583
vn 0.9157752008999429 -0.12210712862374488 -0.3826821534327583
vn 0.9157759138570706 -0.1221049601982541 -0.3826811391932322
vn 0.9157759138570706 -0.1221049601982541 -0.3826811391932322
vn 0.9157759138570706 -0.1221049601982541 -0.3826811391932322
vn 0.9912276882910044 -0.1321653130184749 0
vn 0.9912276882910044 -0.1321653130184749 0
vn 0.9912276882910044 -0.1321653130184749 0
vn 0.9912276882910044 -0.1321653130184749 0
vn 0.9912276882910044 -0.1321653130184749 0
vn 0.9912276882910044 -0.1321653130184749 0
vn 0.9157756593906706 -0.12210492825619591 0.38268175833599893
vn 0.9157756593906706 -0.12210492825619591 0.38268175833599893
vn 0.9157756593906706 -0.12210492825619591 0.38268175833599893
vn 0.9157757796226627 -0.12210720081964914 0.3826807454843975
vn 0.9157757796226627 -0.12210720081964914 0.3826807454843975
vn 0.9157757796226627 -0.12210720081964914 0.3826807454843975
vn 0.3793253855400443 -0.05057827698180171 0.9238799109096639
vn 0.3793253855400443 -0.05057827698180171 0.9238799109096639
vn 0.3793253855400443 -0.05057827698180171 0.9238799109096639
vn 0.37932500117764056 -0.05057666806544884 0.9238801568001016
vn 0.37932500117764056 -0.05057666806544884 0.9238801568001016
vn 0.37932500117764056 -0.05057666806544884 0.9238801568001016
vn 0.3823367923578556 -0.016269650183801686 -0.9238797950450064
vn 0.3823367923578556 -0.016269650183801686 -0.9238797950450064
vn 0.3823367923578556 -0.016269650183801686 -0.9238797950450064
vn 0.3823370933734246 -0.016268935055398174 -0.9238796830664286
vn 0.3823370933734246 -0.016268935055398174 -0.9238796830664286
vn 0.3823370933734246 -0.016268935055398174 -0.9238796830664286
vn 0.9230452452116663 -0.03927676122979567 -0.3826810830436128
vn 0.9230452452116663 -0.03927676122979567 -0.3826810830436128
vn 0.9230452452116663 -0.03927676122979567 -0.3826810830436128
vn 0.9230444541439703 -0.03928031819243152 -0.3826826260450836
vn 0.9230444541439703 -0.03928031819243152 -0.3826826260450836
vn 0.9230444541439703 -0.03928031819243152 -0.3826826260450836
vn 0.9990957565262986 -0.042516694264055965 0
vn 0.9990957565262986 -0.042516694264055965 0
vn 0.9990957565262986 -0.042516694264055965 0
vn 0.9990957565262986 -0.042516694264055965 0
vn 0.9990957565262986 -0.042516694264055965 0
vn 0.9990957565262986 -0.042516694264055965 0
vn 0.9230452098894931 -0.03928034718131775 0.3826808001786564
vn 0.9230452098894931 -0.03928034718131775 0.3826808001786564
vn 0.9230452098894931 -0.03928034718131775 0.3826808001786564
vn 0.9230447542349559 -0.03927674200168809 0.38268226927447613
vn 0.9230447542349559 -0.03927674200168809 0.38268226927447613
vn 0.9230447542349559 -0.03927674200168809 0.38268226927447613
vn 0.3823359837344979 -0.016268888193410415 0.9238801431022987
vn 0.3823359837344979 -0.016268888193410415 0.9238801431022987
vn 0.3823359837344979 -0.016268888193410415 0.9238801431022987
vn 0.38233622482129487 -0.0162696259144175 0.9238800303405228
vn 0.38233622482129487 -0.0162696259144175 0.9238800303405228
vn 0.38233622482129487 -0.0162696259144175 0.9238800303405228
vn 0.3826830685865544 0 -0.9238796831932059
vn 0.3826830685865544 0 -0.9238796831932059
vn 0.3826830685865544 0 -0.9238796831932059
vn 0.3826830940244355 0 -0.9238796726565017
vn 0.3826830940244355 0 -0.9238796726565017
vn 0.3826830940244355 0 -0.9238796726565017
vn 0.9238798779669956 0 -0.3826825983601677
vn 0.9238798779669956 0 -0.3826825983601677
vn 0.9238798779669956 0 -0.3826825983601677
vn 0.9238798972325472 0 -0.3826825518488899
vn 0.9238798972325472 0 -0.3826825518488899
vn 0.9238798972325472 0 -0.3826825518488899
vn 1 0 0
vn 1 0 0
vn 1 0 0
vn 1 0 0
vn 1 0 0
vn 1 0 0
vn 0.9238800411305023 0 0.3826822044473736
vn 0.9238800411305023 0 0.3826822044473736
vn 0.9238800411305023 0 0.3826822044473736
vn 0.9238800305938178 0 0.3826822298852745
vn 0.9238800305938178 0 0.3826822298852745
vn 0.9238800305938178 0 0.3826822298852745
vn 0.3826822298852745 0 0.9238800305938178
vn 0.3826822298852745 0 0.9238800305938178
vn 0.3826822298852745 0 0.9238800305938178
vn 0.3826822553231745 0 0.923880020057133
vn 0.3826822553231745 0 0.923880020057133
vn 0.3826822553231745 0 0.923880020057133
vn 0.38230984934206147 0.01689767258008007 -0.9238796716875128
vn 0.38230984934206147 0.01689767258008007 -0.9238796716875128
vn 0.38230984934206147 0.01689767258008007 -0.9238796716875128
vn 0.3823103556849099 0.016899291205583124 -0.9238794325521196
vn 0.3823103556849099 0.016899291205583124 -0.9238794325521196
vn 0.3823103556849099 0.016899291205583124 -0.9238794325521196
vn 0.9229786260650856 0.0407984921312614 -0.38268255626148173
vn 0.9229786260650856 0.0407984921312614 -0.38268255626148173
vn 0.9229786260650856 0.0407984921312614 -0.38268255626148173
vn 0.9229786260650856 0.0407984921312614 -0.38268255626148173
vn 0.9229786260650856 0.0407984921312614 -0.38268255626148173
vn 0.9229786260650856 0.0407984921312614 -0.38268255626148173
vn 0.9990244734250865 0.04415995355215485 0
vn 0.9990244734250865 0.04415995355215485 0
vn 0.9990244734250865 0.04415995355215485 0
vn 0.9990244734250865 0.04415995355215485 0
vn 0.9990244734250865 0.04415995355215485 0
vn 0.9990244734250865 0.04415995355215485 0
vn 0.9229787697575642 0.04079850066407423 0.38268220878475273
vn 0.9229787697575642 0.04079850066407423 0.38268220878475273
vn 0.9229787697575642 0.04079850066407423 0.38268220878475273
vn 0.9229787698978442 0.0407984969449847 0.38268220884291515
vn 0.9229787698978442 0.0407984969449847 0.38268220884291515
vn 0.9229787698978442 0.0407984969449847 0.38268220884291515
vn 0.3823089495730447 0.01689922949947669 0.9238800155424293
vn 0.3823089495730447 0.01689922949947669 0.9238800155424293
vn 0.3823089495730447 0.01689922949947669 0.9238800155424293
vn 0.38230965023665936 0.016897661824578407 0.9238797542758396
vn 0.38230965023665936 0.016897661824578407 0.9238797542758396
vn 0.38230965023665936 0.016897661824578407 0.9238797542758396
vn 0.3791350079649044 0.05199566047036104 -0.9238793736347309
vn 0.3791350079649044 0.05199566047036104 -0.9238793736347309
vn 0.3791350079649044 0.05199566047036104 -0.9238793736347309
vn 0.3791347830644233 0.05199459689122222 -0.9238795257850516
vn 0.3791347830644233 0.05199459689122222 -0.9238795257850516
vn 0.3791347830644233 0.05199459689122222 -0.9238795257850516
vn 0.9153125825832877 0.1255260847236323 -0.3826827383338158
vn 0.9153125825832877 0.1255260847236323 -0.3826827383338158
vn 0.9153125825832877 0.1255260847236323 -0.3826827383338158
vn 0.9153125226910128 0.1255243412483382 -0.38268345346929317
vn 0.9153125226910128 0.1255243412483382 -0.38268345346929317
vn 0.9153125226910128 0.1255243412483382 -0.38268345346929317
vn 0.9907271426535035 0.13586658459542075 0
vn 0.9907271426535035 0.13586658459542075 0
vn 0.9907271426535035 0.13586658459542075 0
vn 0.9907271426535035 0.13586658459542075 0
vn 0.9907271426535035 0.13586658459542075 0
vn 0.9907271426535035 0.13586658459542075 0
vn 0.9153129471717747 0.12552441674815618 0.3826824134184315
vn 0.9153129471717747 0.12552441674815618 0.3826824134184315
vn 0.9153129471717747 0.12552441674815618 0.3826824134184315
vn 0.9153124195842972 0.12552607199133461 0.38268313237607665
vn 0.9153124195842972 0.12552607199133461 0.38268313237607665
vn 0.9153124195842972 0.12552607199133461 0.38268313237607665
vn 0.3791342671341132 0.0519945248365609 0.9238797415636405
vn 0.3791342671341132 0.0519945248365609 0.9238797415636405
vn 0.3791342671341132 0.0519945248365609 0.9238797415636405
vn 0.3791337262212036 0.051995485348276346 0.9238799094822998
vn 0.3791337262212036 0.051995485348276346 0.9238799094822998
vn 0.3791337262212036 0.051995485348276346 0.9238799094822998
vn 0.37239477036773644 0.08814077823973145 -0.9238795041638576
vn 0.37239477036773644 0.08814077823973145 -0.9238795041638576
vn 0.37239477036773644 0.08814077823973145 -0.9238795041638576
vn 0.3723949179275411 0.08814206684654673 -0.9238793217481159
vn 0.3723949179275411 0.08814206684654673 -0.9238793217481159
vn 0.3723949179275411 0.08814206684654673 -0.9238793217481159
vn 0.8990395710499217 0.2127934705019416 -0.3826836664898465
vn 0.8990395710499217 0.2127934705019416 -0.3826836664898465
vn 0.8990395710499217 0.2127934705019416 -0.3826836664898465
vn 0.8990395504505979 0.21279400206808577 -0.38268341930299826
vn 0.8990395504505979 0.21279400206808577 -0.38268341930299826
vn 0.8990395504505979 0.21279400206808577 -0.38268341930299826
vn 0.9731133936667631 0.2303265574491035 0
vn 0.9731133936667631 0.2303265574491035 0
vn 0.9731133936667631 0.2303265574491035 0
vn 0.9731133936667631 0.2303265574491035 0
vn 0.9731133936667631 0.2303265574491035 0
vn 0.9731133936667631 0.2303265574491035 0
vn 0.899039591464255 0.21279401177562338 0.3826833175514986
vn 0.899039591464255 0.21279401177562338 0.3826833175514986
vn 0.899039591464255 0.21279401177562338 0.3826833175514986
vn 0.8990398001733036 0.21279352790650827 0.3826830962891467
vn 0.8990398001733036 0.21279352790650827 0.3826830962891467
vn 0.8990398001733036 0.21279352790650827 0.3826830962891467
vn 0.3723936904579003 0.0881417749544946 0.9238798443601943
vn 0.3723936904579003 0.0881417749544946 0.9238798443601943
vn 0.3723936904579003 0.0881417749544946 0.9238798443601943
vn 0.37239440374897653 0.08814068670474269 0.9238796606721357
vn 0.37239440374897653 0.08814068670474269 0.9238796606721357
vn 0.37239440374897653 0.08814068670474269 0.9238796606721357
vn 0.3619204838487926 0.12434077533912045 -0.9238792859236115
vn 0.3619204838487926 0.12434077533912045 -0.9238792859236115
vn 0.3619204838487926 0.12434077533912045 -0.9238792859236115
vn 0.3619204158871227 0.1243389172734291 -0.9238795626137444
vn 0.3619204158871227 0.1243389172734291 -0.9238795626137444
vn 0.3619204158871227 0.1243389172734291 -0.9238795626137444
vn 0.8737532570364963 0.3001807059408575 -0.3826836677975199
vn 0.8737532570364963 0.3001807059408575 -0.3826836677975199
vn 0.8737532570364963 0.3001807059408575 -0.3826836677975199
vn 0.8737525282678993 0.30018538026305197 -0.38268166512361246
vn 0.8737525282678993 0.30018538026305197 -0.38268166512361246
vn 0.8737525282678993 0.30018538026305197 -0.38268166512361246
vn 0.9457421726657715 0.3249180555792893 0
vn 0.9457421726657715 0.3249180555792893 0
vn 0.9457421726657715 0.3249180555792893 0
vn 0.9457421726657715 0.3249180555792893 0
vn 0.9457421726657715 0.3249180555792893 0
vn 0.9457421726657715 0.3249180555792893 0
vn 0.8737519138417956 0.30018516533230266 0.3826832365968197
vn 0.8737519138417956 0.30018516533230266 0.3826832365968197
vn 0.8737519138417956 0.30018516533230266 0.3826832365968197
vn 0.8737541959979944 0.30018105851409044 0.3826812473655569
vn 0.8737541959979944 0.30018105851409044 0.3826812473655569
vn 0.8737541959979944 0.30018105851409044 0.3826812473655569
vn 0.36192014696276187 0.12433882762478621 0.9238796800273001
vn 0.36192014696276187 0.12433882762478621 0.9238796800273001
vn 0.36192014696276187 0.12433882762478621 0.9238796800273001
vn 0.36191899248603837 0.12434026827134824 0.9238799383924842
vn 0.36191899248603837 0.12434026827134824 0.9238799383924842
vn 0.36191899248603837 0.12434026827134824 0.9238799383924842
vn 0.3478488379618932 0.15952304251185248 -0.9238796376348613
vn 0.3478488379618932 0.15952304251185248 -0.9238796376348613
vn 0.3478488379618932 0.15952304251185248 -0.9238796376348613
vn 0.34784871457047734 0.1595244115007692 -0.9238794477132825
vn 0.34784871457047734 0.1595244115007692 -0.9238794477132825
vn 0.34784871457047734 0.1595244115007692 -0.9238794477132825
vn 0.83978147610804 0.3851261496382558 -0.38268122667647725
vn 0.83978147610804 0.3851261496382558 -0.38268122667647725
vn 0.83978147610804 0.3851261496382558 -0.38268122667647725
vn 0.8397839575147144 0.38511660281126164 -0.38268538898165055
vn 0.8397839575147144 0.38511660281126164 -0.38268538898165055
vn 0.8397839575147144 0.38511660281126164 -0.38268538898165055
vn 0.9089764146538558 0.41684754719564016 0
vn 0.9089764146538558 0.41684754719564016 0
vn 0.9089764146538558 0.41684754719564016 0
vn 0.9089764146538558 0.41684754719564016 0
vn 0.9089764146538558 0.41684754719564016 0
vn 0.9089764146538558 0.41684754719564016 0
vn 0.8397856163976222 0.3851173432618002 0.3826810034619417
vn 0.8397856163976222 0.3851173432618002 0.3826810034619417
vn 0.8397856163976222 0.3851173432618002 0.3826810034619417
vn 0.8397799847421139 0.385125463611676 0.3826851898158934
vn 0.8397799847421139 0.385125463611676 0.3826851898158934
vn 0.8397799847421139 0.385125463611676 0.3826851898158934
vn 0.347847576482454 0.15952387249089478 0.9238799692821529
vn 0.347847576482454 0.15952387249089478 0.9238799692821529
vn 0.347847576482454 0.15952387249089478 0.9238799692821529
vn 0.34784857132681135 0.1595229091286564 0.9238797610560731
vn 0.34784857132681135 0.1595229091286564 0.9238797610560731
vn 0.34784857132681135 0.1595229091286564 0.9238797610560731
vn 0.33063345931829347 0.19268704825098926 -0.9238794385716891
vn 0.33063345931829347 0.19268704825098926 -0.9238794385716891
vn 0.33063345931829347 0.19268704825098926 -0.9238794385716891
vn 0.33063399841298713 0.19268380134389915 -0.9238799228217408
vn 0.33063399841298713 0.19268380134389915 -0.9238799228217408
vn 0.33063399841298713 0.19268380134389915 -0.9238799228217408
vn 0.7982222902213011 0.46518053837067874 -0.3826855655953418
vn 0.7982222902213011 0.46518053837067874 -0.3826855655953418
vn 0.7982222902213011 0.46518053837067874 -0.3826855655953418
vn 0.7982177087437479 0.46519303025250464 -0.3826799368302099
vn 0.7982177087437479 0.46519303025250464 -0.3826799368302099
vn 0.7982177087437479 0.46519303025250464 -0.3826799368302099
vn 0.8639832564413177 0.5035205383984416 0
vn 0.8639832564413177 0.5035205383984416 0
vn 0.8639832564413177 0.5035205383984416 0
vn 0.8639832564413177 0.5035205383984416 0
vn 0.8639832564413177 0.5035205383984416 0
vn 0.8639832564413177 0.5035205383984416 0
vn 0.7982159087436564 0.46519198025889963 0.3826849677363121
vn 0.7982159087436564 0.46519198025889963 0.3826849677363121
vn 0.7982159087436564 0.46519198025889963 0.3826849677363121
vn 0.798224508121121 0.46518182717147094 0.3826793727184759
vn 0.798224508121121 0.46518182717147094 0.3826793727184759
vn 0.798224508121121 0.46518182717147094 0.3826793727184759
vn 0.33063414269677055 0.1926839028967874 0.9238798500062834
vn 0.33063414269677055 0.1926839028967874 0.9238798500062834
vn 0.33063414269677055 0.1926839028967874 0.9238798500062834
vn 0.33063163440582 0.19268598620608693 0.9238803131628707
vn 0.33063163440582 0.19268598620608693 0.9238803131628707
vn 0.33063163440582 0.19268598620608693 0.9238803131628707
vn 0.3109660822555764 0.22303774021422432 -0.923880004181685
vn 0.3109660822555764 0.22303774021422432 -0.923880004181685
vn 0.3109660822555764 0.22303774021422432 -0.923880004181685
vn 0.31096616242878905 0.22303749517281582 -0.9238800363528527
vn 0.31096616242878905 0.22303749517281582 -0.9238800363528527
vn 0.31096616242878905 0.22303749517281582 -0.9238800363528527
vn 0.7507424424472721 0.5384628226838238 -0.38267946599690067
vn 0.7507424424472721 0.5384628226838238 -0.38267946599690067
vn 0.7507424424472721 0.5384628226838238 -0.38267946599690067
vn 0.7507427934684012 0.5384621026894654 -0.38267979045476275
vn 0.7507427934684012 0.5384621026894654 -0.38267979045476275
vn 0.7507427934684012 0.5384621026894654 -0.38267979045476275
vn 0.8125968457741423 0.5828261887028711 0
vn 0.8125968457741423 0.5828261887028711 0
vn 0.8125968457741423 0.5828261887028711 0
vn 0.8125968457741423 0.5828261887028711 0
vn 0.8125968457741423 0.5828261887028711 0
vn 0.8125968457741423 0.5828261887028711 0
vn 0.7507430376853123 0.538462226057545 0.38267913775927587
vn 0.7507430376853123 0.538462226057545 0.38267913775927587
vn 0.7507430376853123 0.538462226057545 0.38267913775927587
vn 0.7507424424472721 0.5384628226838238 0.38267946599690067
vn 0.7507424424472721 0.5384628226838238 0.38267946599690067
vn 0.7507424424472721 0.5384628226838238 0.38267946599690067
vn 0.310965543517285 0.2230370382125061 0.9238803549867226
vn 0.310965543517285 0.2230370382125061 0.9238803549867226
vn 0.310965543517285 0.2230370382125061 0.9238803549867226
vn 0.3109653006945787 0.22303718406530137 0.9238804015066837
vn 0.3109653006945787 0.22303718406530137 0.9238804015066837
vn 0.3109653006945787 0.22303718406530137 0.9238804015066837
vn 0.28966952014701797 0.25007439216038474 -0.9238800612002677
vn 0.28966952014701797 0.25007439216038474 -0.9238800612002677
vn 0.28966952014701797 0.25007439216038474 -0.9238800612002677
vn 0.28966846252137185 0.2500773300339099 -0.9238795975794766
vn 0.28966846252137185 0.2500773300339099 -0.9238795975794766
vn 0.28966846252137185 0.2500773300339099 -0.9238795975794766
vn 0.6993230577284636 0.6037414666538169 -0.38267937280706693
vn 0.6993230577284636 0.6037414666538169 -0.38267937280706693
vn 0.6993230577284636 0.6037414666538169 -0.38267937280706693
vn 0.6993289422100452 0.6037315581434279 -0.3826842514254903
vn 0.6993289422100452 0.6037315581434279 -0.3826842514254903
vn 0.6993289422100452 0.6037315581434279 -0.3826842514254903
vn 0.7569484708410964 0.6534745691236392 0
vn 0.7569484708410964 0.6534745691236392 0
vn 0.7569484708410964 0.6534745691236392 0
vn 0.7569484708410964 0.6534745691236392 0
vn 0.7569484708410964 0.6534745691236392 0
vn 0.7569484708410964 0.6534745691236392 0
vn 0.6993305110855955 0.6037329455866088 0.382679195512477
vn 0.6993305110855955 0.6037329455866088 0.382679195512477
vn 0.6993305110855955 0.6037329455866088 0.382679195512477
vn 0.6993216282807205 0.6037401562699755 0.3826840523537758
vn 0.6993216282807205 0.6037401562699755 0.3826840523537758
vn 0.6993216282807205 0.6037401562699755 0.3826840523537758
vn 0.2896670491379918 0.2500761229257636 0.9238803674643739
vn 0.2896670491379918 0.2500761229257636 0.9238803674643739
vn 0.2896670491379918 0.2500761229257636 0.9238803674643739
vn 0.28966978049389347 0.2500746237812439 0.9238799168773444
vn 0.28966978049389347 0.2500746237812439 0.9238799168773444
vn 0.28966978049389347 0.2500746237812439 0.9238799168773444
vn 0.2705980604439119 0.2705980604439119 -0.9238795264362049
vn 0.2705980604439119 0.2705980604439119 -0.9238795264362049
vn 0.2705980604439119 0.2705980604439119 -0.9238795264362049
vn 0.2705980604439119 0.2705980604439119 -0.9238795264362049
vn 0.2705980604439119 0.2705980604439119 -0.9238795264362049
vn 0.2705980604439119 0.2705980604439119 -0.9238795264362049
vn 0.653281137615102 0.653281137615102 -0.3826846096626262
vn 0.653281137615102 0.653281137615102 -0.3826846096626262
vn 0.653281137615102 0.653281137615102 -0.3826846096626262
vn 0.6532817520874356 0.6532819309013709 -0.38268220646816964
vn 0.6532817520874356 0.6532819309013709 -0.38268220646816964
vn 0.6532817520874356 0.6532819309013709 -0.38268220646816964
vn 0.7071066619772459 0.707106900395829 0
vn 0.7071066619772459 0.707106900395829 0
vn 0.7071066619772459 0.707106900395829 0
vn 0.7071066619772459 0.707106900395829 0
vn 0.7071066619772459 0.707106900395829 0
vn 0.7071066619772459 0.707106900395829 0
vn 0.6532811090913129 0.653281347509898 0.38268430004388193
vn 0.6532811090913129 0.653281347509898 0.38268430004388193
vn 0.6532811090913129 0.653281347509898 0.38268430004388193
vn 0.6532819365438018 0.6532819365438018 0.38268188194786534
vn 0.6532819365438018 0.6532819365438018 0.38268188194786534
vn 0.6532819365438018 0.6532819365438018 0.38268188194786534
vn 0.270597462279359 0.270597462279359 0.9238798768324494
vn 0.270597462279359 0.270597462279359 0.9238798768324494
vn 0.270597462279359 0.270597462279359 0.9238798768324494
vn 0.270597462279359 0.270597462279359 0.9238798768324494
vn 0.270597462279359 0.270597462279359 0.9238798768324494
vn 0.270597462279359 0.270597462279359 0.9238798768324494
vn 0.25007519190393707 0.28967040851867126 -0.923879566189682
vn 0.25007519190393707 0.28967040851867126 -0.923879566189682
vn 0.25007519190393707 0.28967040851867126 -0.923879566189682
vn 0.25007554496060513 0.28966977737494387 -0.9238796685111146
vn 0.25007554496060513 0.28966977737494387 -0.9238796685111146
vn 0.25007554496060513 0.28966977737494387 -0.9238796685111146
vn 0.6037366325582971 0.6993257328493184 -0.38268211074197245
vn 0.6037366325582971 0.6993257328493184 -0.38268211074197245
vn 0.6037366325582971 0.6993257328493184 -0.38268211074197245
vn 0.6037355061875607 0.6993271108422416 -0.38268136956153614
vn 0.6037355061875607 0.6993271108422416 -0.38268136956153614
vn 0.6037355061875607 0.6993271108422416 -0.38268136956153614
vn 0.6534780240789584 0.7569454881600526 0
vn 0.6534780240789584 0.7569454881600526 0
vn 0.6534780240789584 0.7569454881600526 0
vn 0.6534780240789584 0.7569454881600526 0
vn 0.6534780240789584 0.7569454881600526 0
vn 0.6534780240789584 0.7569454881600526 0
vn 0.6037354360140038 0.6993269793906273 0.38268172049022936
vn 0.6037354360140038 0.6993269793906273 0.38268172049022936
vn 0.6037354360140038 0.6993269793906273 0.38268172049022936
vn 0.6037369956523303 0.6993260372041601 0.38268098171848536
vn 0.6037369956523303 0.6993260372041601 0.38268098171848536
vn 0.6037369956523303 0.6993260372041601 0.38268098171848536
vn 0.25007513327842945 0.28966930696690335 0.9238799274348857
vn 0.25007513327842945 0.28966930696690335 0.9238799274348857
vn 0.25007513327842945 0.28966930696690335 0.9238799274348857
vn 0.25007444371982396 0.28966957043263253 0.9238800314778941
vn 0.25007444371982396 0.28966957043263253 0.9238800314778941
vn 0.25007444371982396 0.28966957043263253 0.9238800314778941
vn 0.22303817092158845 0.31096667631341807 -0.9238797002502752
vn 0.22303817092158845 0.31096667631341807 -0.9238797002502752
vn 0.22303817092158845 0.31096667631341807 -0.9238797002502752
vn 0.2230363716779162 0.3109693430402749 -0.9238792370206456
vn 0.2230363716779162 0.3109693430402749 -0.9238792370206456
vn 0.2230363716779162 0.3109693430402749 -0.9238792370206456
vn 0.5384570430401798 0.7507458427102582 -0.38268092773705104
vn 0.5384570430401798 0.7507458427102582 -0.38268092773705104
vn 0.5384570430401798 0.7507458427102582 -0.38268092773705104
vn 0.5384655686087099 0.7507370837610927 -0.3826861148366751
vn 0.5384655686087099 0.7507370837610927 -0.3826861148366751
vn 0.5384655686087099 0.7507370837610927 -0.3826861148366751
vn 0.5828316333548789 0.8125929406294914 0
vn 0.5828316333548789 0.8125929406294914 0
vn 0.5828316333548789 0.8125929406294914 0
vn 0.5828316333548789 0.8125929406294914 0
vn 0.5828316333548789 0.8125929406294914 0
vn 0.5828316333548789 0.8125929406294914 0
vn 0.538466858162418 0.7507389011830149 0.38268073496220545
vn 0.538466858162418 0.7507389011830149 0.38268073496220545
vn 0.538466858162418 0.7507389011830149 0.38268073496220545
vn 0.5384558333992324 0.7507441493137643 0.38268595185803506
vn 0.5384558333992324 0.7507441493137643 0.38268595185803506
vn 0.5384558333992324 0.7507441493137643 0.38268595185803506
vn 0.2230352818779222 0.3109678410880985 0.9238800056536796
vn 0.2230352818779222 0.3109678410880985 0.9238800056536796
vn 0.2230352818779222 0.3109678410880985 0.9238800056536796
vn 0.2230383872140742 0.3109669642634196 0.9238795511135302
vn 0.2230383872140742 0.3109669642634196 0.9238795511135302
vn 0.2230383872140742 0.3109669642634196 0.9238795511135302
vn 0.19268739333336554 0.33063405940685486 -0.9238791518432143
vn 0.19268739333336554 0.33063405940685486 -0.9238791518432143
vn 0.19268739333336554 0.33063405940685486 -0.9238791518432143
vn 0.1926884856260022 0.33063269623502534 -0.9238794118755517
vn 0.1926884856260022 0.33063269623502534 -0.9238794118755517
vn 0.1926884856260022 0.33063269623502534 -0.9238794118755517
vn 0.46519016735622165 0.7982163346224561 -0.38268628318373465
vn 0.46519016735622165 0.7982163346224561 -0.38268628318373465
vn 0.46519016735622165 0.7982163346224561 -0.38268628318373465
vn 0.46518859658640255 0.7982176609443412 -0.38268542611721923
vn 0.46518859658640255 0.7982176609443412 -0.38268542611721923
vn 0.46518859658640255 0.7982176609443412 -0.38268542611721923
vn 0.5035169167766029 0.8639853670750351 0
vn 0.5035169167766029 0.8639853670750351 0
vn 0.5035169167766029 0.8639853670750351 0
vn 0.5035169167766029 0.8639853670750351 0
vn 0.5035169167766029 0.8639853670750351 0
vn 0.5035169167766029 0.8639853670750351 0
vn 0.46518848468451374 0.798217494669185 0.3826859089657935
vn 0.46518848468451374 0.798217494669185 0.3826859089657935
vn 0.46518848468451374 0.798217494669185 0.3826859089657935
vn 0.46519040525484046 0.7982168105674174 0.38268500125614635
vn 0.46519040525484046 0.7982168105674174 0.38268500125614635
vn 0.46519040525484046 0.7982168105674174 0.38268500125614635
vn 0.19268831115593021 0.33063243970125694 0.9238795400706036
vn 0.19268831115593021 0.33063243970125694 0.9238795400706036
vn 0.19268831115593021 0.33063243970125694 0.9238795400706036
vn 0.1926866159635952 0.33063271399646527 0.9238797954624992
vn 0.1926866159635952 0.33063271399646527 0.9238797954624992
vn 0.1926866159635952 0.33063271399646527 0.9238797954624992
vn 0.15952326023522442 0.3478493021648132 -0.9238794252646702
vn 0.15952326023522442 0.3478493021648132 -0.9238794252646702
vn 0.15952326023522442 0.3478493021648132 -0.9238794252646702
vn 0.15952551558870215 0.3478470784998182 -0.9238798730653786
vn 0.15952551558870215 0.3478470784998182 -0.9238798730653786
vn 0.15952551558870215 0.3478470784998182 -0.9238798730653786
vn 0.38512909192539835 0.8397781204923759 -0.38268562932910166
vn 0.38512909192539835 0.8397781204923759 -0.38268562932910166
vn 0.38512909192539835 0.8397781204923759 -0.38268562932910166
vn 0.38512340649807103 0.8397820692620306 -0.3826826856722206
vn 0.38512340649807103 0.8397820692620306 -0.3826826856722206
vn 0.38512340649807103 0.8397820692620306 -0.3826826856722206
vn 0.41685440763822307 0.9089732684917561 0
vn 0.41685440763822307 0.9089732684917561 0
vn 0.41685440763822307 0.9089732684917561 0
vn 0.41685440763822307 0.9089732684917561 0
vn 0.41685440763822307 0.9089732684917561 0
vn 0.41685440763822307 0.9089732684917561 0
vn 0.3851229547599099 0.839781164936508 0.38268512478913774
vn 0.3851229547599099 0.839781164936508 0.38268512478913774
vn 0.3851229547599099 0.839781164936508 0.38268512478913774
vn 0.3851297252372968 0.8397793884633461 0.38268220947775
vn 0.3851297252372968 0.8397793884633461 0.38268220947775
vn 0.3851297252372968 0.8397793884633461 0.38268220947775
vn 0.1595255741924525 0.3478472253289694 0.9238798076641276
vn 0.1595255741924525 0.3478472253289694 0.9238798076641276
vn 0.1595255741924525 0.3478472253289694 0.9238798076641276
vn 0.15952239750883238 0.34784745778096726 0.9238802686540893
vn 0.15952239750883238 0.34784745778096726 0.9238802686540893
vn 0.15952239750883238 0.34784745778096726 0.9238802686540893
vn 0.12434024809459206 0.3619189473279661 -0.9238799587981072
vn 0.12434024809459206 0.3619189473279661 -0.9238799587981072
vn 0.12434024809459206 0.3619189473279661 -0.9238799587981072
vn 0.12433706584426475 0.36192158913806427 -0.9238793521737657
vn 0.12433706584426475 0.36192158913806427 -0.9238793521737657
vn 0.12433706584426475 0.36192158913806427 -0.9238793521737657
vn 0.3001759975493529 0.8737553442920103 -0.38268259539258004
vn 0.3001759975493529 0.8737553442920103 -0.38268259539258004
vn 0.3001759975493529 0.8737553442920103 -0.38268259539258004
vn 0.3001847026855056 0.8737505246343441 -0.3826867713611529
vn 0.3001847026855056 0.8737505246343441 -0.3826867713611529
vn 0.3001847026855056 0.8737505246343441 -0.3826867713611529
vn 0.3249180555792893 0.9457421726657715 0
vn 0.3249180555792893 0.9457421726657715 0
vn 0.3249180555792893 0.9457421726657715 0
vn 0.3249180555792893 0.9457421726657715 0
vn 0.3249180555792893 0.9457421726657715 0
vn 0.3249180555792893 0.9457421726657715 0
vn 0.3001852880679645 0.873752222129267 0.3826824364296347
vn 0.3001852880679645 0.873752222129267 0.3826824364296347
vn 0.3001852880679645 0.873752222129267 0.3826824364296347
vn 0.30017545373591226 0.8737537731138081 0.38268660930822096
vn 0.30017545373591226 0.8737537731138081 0.38268660930822096
vn 0.30017545373591226 0.8737537731138081 0.38268660930822096
vn 0.12433637214368956 0.3619195602614495 0.9238802403246348
vn 0.12433637214368956 0.3619195602614495 0.9238802403246348
vn 0.12433637214368956 0.3619195602614495 0.9238802403246348
vn 0.12434049905783118 0.3619196774111136 0.9238796390205193
vn 0.12434049905783118 0.3619196774111136 0.9238796390205193
vn 0.12434049905783118 0.3619196774111136 0.9238796390205193
vn 0.08814088803997011 0.3723952389303579 -0.9238793048215374
vn 0.08814088803997011 0.3723952389303579 -0.9238793048215374
vn 0.08814088803997011 0.3723952389303579 -0.9238793048215374
vn 0.0881426697545328 0.37239405117156 -0.9238796135972354
vn 0.0881426697545328 0.37239405117156 -0.9238796135972354
vn 0.0881426697545328 0.37239405117156 -0.9238796135972354
vn 0.21279503116158077 0.8990378853795603 -0.38268675880567193
vn 0.21279503116158077 0.8990378853795603 -0.38268675880567193
vn 0.21279503116158077 0.8990378853795603 -0.38268675880567193
vn 0.2127867993868914 0.8990414382512544 -0.38268298931857275
vn 0.2127867993868914 0.8990414382512544 -0.38268298931857275
vn 0.2127867993868914 0.8990414382512544 -0.38268298931857275
vn 0.2303187210979998 0.9731152484221908 0
vn 0.2303187210979998 0.9731152484221908 0
vn 0.2303187210979998 0.9731152484221908 0
vn 0.2303187210979998 0.9731152484221908 0
vn 0.2303187210979998 0.9731152484221908 0
vn 0.2303187210979998 0.9731152484221908 0
vn 0.21278649633904526 0.8990401057196337 0.3826862883399187
vn 0.21278649633904526 0.8990401057196337 0.3826862883399187
vn 0.21278649633904526 0.8990401057196337 0.3826862883399187
vn 0.21279545726372923 0.899039591782939 0.38268251302442186
vn 0.21279545726372923 0.899039591782939 0.38268251302442186
vn 0.21279545726372923 0.899039591782939 0.38268251302442186
vn 0.08814262641391052 0.3723938781155798 0.9238796874869024
vn 0.08814262641391052 0.3723938781155798 0.9238796874869024
vn 0.08814262641391052 0.3723938781155798 0.9238796874869024
vn 0.08814050305211701 0.3723936399238266 0.9238799860728683
vn 0.08814050305211701 0.3723936399238266 0.9238799860728683
vn 0.08814050305211701 0.3723936399238266 0.9238799860728683
vn 0.051995575904823205 0.3791343902546477 -0.9238796318853242
vn 0.051995575904823205 0.3791343902546477 -0.9238796318853242
vn 0.051995575904823205 0.3791343902546477 -0.9238796318853242
vn 0.05199778906516814 0.37913320062539047 -0.9238799955166699
vn 0.05199778906516814 0.37913320062539047 -0.9238799955166699
vn 0.05199778906516814 0.37913320062539047 -0.9238799955166699
vn 0.12553414841265156 0.9153112870366825 -0.38268319195590783
vn 0.12553414841265156 0.9153112870366825 -0.38268319195590783
vn 0.12553414841265156 0.9153112870366825 -0.38268319195590783
vn 0.12553189343957427 0.9153120261855525 -0.38268216374633085
vn 0.12553189343957427 0.9153120261855525 -0.38268216374633085
vn 0.12553189343957427 0.9153120261855525 -0.38268216374633085
vn 0.13587467097482822 0.9907260336679773 0
vn 0.13587467097482822 0.9907260336679773 0
vn 0.13587467097482822 0.9907260336679773 0
vn 0.13587467097482822 0.9907260336679773 0
vn 0.13587467097482822 0.9907260336679773 0
vn 0.13587467097482822 0.9907260336679773 0
vn 0.12553186971661254 0.9153117724898023 0.38268277832563574
vn 0.12553186971661254 0.9153117724898023 0.38268277832563574
vn 0.12553186971661254 0.9153117724898023 0.38268277832563574
vn 0.12553423521290358 0.9153118640767024 0.3826817833003598
vn 0.12553423521290358 0.9153118640767024 0.3826817833003598
vn 0.12553423521290358 0.9153118640767024 0.3826817833003598
vn 0.051997783074085605 0.3791331543024222 0.9238800148634433
vn 0.051997783074085605 0.3791331543024222 0.9238800148634433
vn 0.051997783074085605 0.3791331543024222 0.9238800148634433
vn 0.051995328727956626 0.3791325925799421 0.9238803835097288
vn 0.051995328727956626 0.3791325925799421 0.9238803835097288
vn 0.051995328727956626 0.3791325925799421 0.9238803835097288
vn 0.016897635338023315 0.3823089853201084 -0.9238800299083708
vn 0.016897635338023315 0.3823089853201084 -0.9238800299083708
vn 0.016897635338023315 0.3823089853201084 -0.9238800299083708
vn 0.016892133018105958 0.3823113978096844 -0.9238791322174691
vn 0.016892133018105958 0.3823113978096844 -0.9238791322174691
vn 0.016892133018105958 0.3823113978096844 -0.9238791322174691
vn 0.04078113595524457 0.9229795786355807 -0.38268210876899633
vn 0.04078113595524457 0.9229795786355807 -0.38268210876899633
vn 0.04078113595524457 0.9229795786355807 -0.38268210876899633
vn 0.04079041928875842 0.922977550046603 -0.38268601203103536
vn 0.04079041928875842 0.922977550046603 -0.38268601203103536
vn 0.04079041928875842 0.922977550046603 -0.38268601203103536
vn 0.04415128329801497 0.9990248566392822 0
vn 0.04415128329801497 0.9990248566392822 0
vn 0.04415128329801497 0.9990248566392822 0
vn 0.04415128329801497 0.9990248566392822 0
vn 0.04415128329801497 0.9990248566392822 0
vn 0.04415128329801497 0.9990248566392822 0
vn 0.04079049457128931 0.922979236551854 0.38268193639991205
vn 0.04079049457128931 0.922979236551854 0.38268193639991205
vn 0.04079049457128931 0.922979236551854 0.38268193639991205
vn 0.04078106882217071 0.922978086757554 0.3826857141194152
vn 0.04078106882217071 0.922978086757554 0.3826857141194152
vn 0.04078106882217071 0.922978086757554 0.3826857141194152
vn 0.016892010536300458 0.3823086066388005 0.9238802894693342
vn 0.016892010536300458 0.3823086066388005 0.9238802894693342
vn 0.016892010536300458 0.3823086066388005 0.9238802894693342
vn 0.01689769685158121 0.3823104168783954 0.9238794363916644
vn 0.01689769685158121 0.3823104168783954 0.9238794363916644
vn 0.01689769685158121 0.3823104168783954 0.9238794363916644
vn 0 0.38268450033849405 -0.9238790901414953
vn 0 0.38268450033849405 -0.9238790901414953
vn 0 0.38268450033849405 -0.9238790901414953
vn 0 0.38268447490064456 -0.9238791006782314
vn 0 0.38268447490064456 -0.9238791006782314
vn 0 0.38268447490064456 -0.9238791006782314
vn 0 0.9238784760140226 -0.3826859829651552
vn 0 0.9238784760140226 -0.3826859829651552
vn 0 0.9238784760140226 -0.3826859829651552
vn 0 0.9238784865507925 -0.38268595752734
vn 0 0.9238784865507925 -0.38268595752734
vn 0 0.9238784865507925 -0.38268595752734
vn 0 1 0
vn 0 1 0
vn 0 1 0
vn 0 1 0
vn 0 1 0
vn 0 1 0
vn 0 0.9238786304499936 0.38268561012643776
vn 0 0.9238786304499936 0.38268561012643776
vn 0 0.9238786304499936 0.38268561012643776
vn 0 0.9238786199132315 0.38268563556426155
vn 0 0.9238786199132315 0.38268563556426155
vn 0 0.9238786199132315 0.38268563556426155
vn 0 0.3826836361998657 0.9238794480801317
vn 0 0.3826836361998657 0.9238794480801317
vn 0 0.3826836361998657 0.9238794480801317
vn 0 0.3826836361998657 0.9238794480801317
vn 0 0.3826836361998657 0.9238794480801317
vn 0 0.3826836361998657 0.9238794480801317
vn -0.025455793378822478 0.3818369211714338 -0.923879087442602
vn -0.025455793378822478 0.3818369211714338 -0.923879087442602
vn -0.025455793378822478 0.3818369211714338 -0.923879087442602
vn -0.025453748593923863 0.3818363013152796 -0.9238793999653765
vn -0.025453748593923863 0.3818363013152796 -0.9238793999653765
vn -0.025453748593923863 0.3818363013152796 -0.9238793999653765
vn -0.06145066258293139 0.9218325409249777 -0.38268601040529027
vn -0.06145066258293139 0.9218325409249777 -0.38268601040529027
vn -0.06145066258293139 0.9218325409249777 -0.38268601040529027
vn -0.06145711219774724 0.9218333328467068 -0.38268306705816824
vn -0.06145711219774724 0.9218333328467068 -0.38268306705816824
vn -0.06145711219774724 0.9218333328467068 -0.38268306705816824
vn -0.06652069184941295 0.99778504576681 0
vn -0.06652069184941295 0.99778504576681 0
vn -0.06652069184941295 0.99778504576681 0
vn -0.06652069184941295 0.99778504576681 0
vn -0.06652069184941295 0.99778504576681 0
vn -0.06652069184941295 0.99778504576681 0
vn -0.06145704660061225 0.9218322818339011 0.3826856093349127
vn -0.06145704660061225 0.9218322818339011 0.3826856093349127
vn -0.06145704660061225 0.9218322818339011 0.3826856093349127
vn -0.06145076003814289 0.9218339804021148 0.38268252725559293
vn -0.06145076003814289 0.9218339804021148 0.38268252725559293
vn -0.06145076003814289 0.9218339804021148 0.38268252725559293
vn -0.0254537374718873 0.3818361531112466 0.9238794615240221
vn -0.0254537374718873 0.3818361531112466 0.9238794615240221
vn -0.0254537374718873 0.3818361531112466 0.9238794615240221
vn -0.02545567823913934 0.38183516799915457 0.9238798151948351
vn -0.02545567823913934 0.38183516799915457 0.9238798151948351
vn -0.02545567823913934 0.38183516799915457 0.9238798151948351
vn -0.08605004998499567 0.37288353503381977 -0.9238794608596197
vn -0.08605004998499567 0.37288353503381977 -0.9238794608596197
vn -0.08605004998499567 0.37288353503381977 -0.9238794608596197
vn -0.08604982529658543 0.37288347035487873 -0.923879507891873
vn -0.08604982529658543 0.37288347035487873 -0.923879507891873
vn -0.08604982529658543 0.37288347035487873 -0.923879507891873
vn -0.2077426665032631 0.9002203573472987 -0.3826830186088949
vn -0.2077426665032631 0.9002203573472987 -0.3826830186088949
vn -0.2077426665032631 0.9002203573472987 -0.3826830186088949
vn -0.20774186650867946 0.9002203726085801 -0.3826834169910675
vn -0.20774186650867946 0.9002203726085801 -0.3826834169910675
vn -0.20774186650867946 0.9002203726085801 -0.3826834169910675
vn -0.22485817572350572 0.9743915028417977 0
vn -0.22485817572350572 0.9743915028417977 0
vn -0.22485817572350572 0.9743915028417977 0
vn -0.22485817572350572 0.9743915028417977 0
vn -0.22485817572350572 0.9743915028417977 0
vn -0.22485817572350572 0.9743915028417977 0
vn -0.20774192703820699 0.9002206746396534 0.3826826736367604
vn -0.20774192703820699 0.9002206746396534 0.3826826736367604
vn -0.20774192703820699 0.9002206746396534 0.3826826736367604
vn -0.20774265939544517 0.9002203265466812 0.3826830949225412
vn -0.20774265939544517 0.9002203265466812 0.3826830949225412
vn -0.20774265939544517 0.9002203265466812 0.3826830949225412
vn -0.08604965163338 0.3728826855284495 0.9238798408271854
vn -0.08604965163338 0.3728826855284495 0.9238798408271854
vn -0.08604965163338 0.3728826855284495 0.9238798408271854
vn -0.08604983199202634 0.372882602815254 0.9238798574121343
vn -0.08604983199202634 0.372882602815254 0.9238798574121343
vn -0.08604983199202634 0.372882602815254 0.9238798574121343
vn -0.158355549013778 0.34838223465240176 -0.9238795044133971
vn -0.158355549013778 0.34838223465240176 -0.9238795044133971
vn -0.158355549013778 0.34838223465240176 -0.9238795044133971
vn -0.15835715944032352 0.3483821178655866 -0.9238792724190107
vn -0.15835715944032352 0.3483821178655866 -0.9238792724190107
vn -0.15835715944032352 0.3483821178655866 -0.9238792724190107
vn -0.3823073897184598 0.8410675133790108 -0.3826832864198608
vn -0.3823073897184598 0.8410675133790108 -0.3826832864198608
vn -0.3823073897184598 0.8410675133790108 -0.3826832864198608
vn -0.3823087520063081 0.8410671963942189 -0.38268262214130877
vn -0.3823087520063081 0.8410671963942189 -0.38268262214130877
vn -0.3823087520063081 0.8410671963942189 -0.38268262214130877
vn -0.4138078571874516 0.9103642443164877 0
vn -0.4138078571874516 0.9103642443164877 0
vn -0.4138078571874516 0.9103642443164877 0
vn -0.4138078571874516 0.9103642443164877 0
vn -0.4138078571874516 0.9103642443164877 0
vn -0.4138078571874516 0.9103642443164877 0
vn -0.3823087002033901 0.8410670943484825 0.3826828981715738
vn -0.3823087002033901 0.8410670943484825 0.3826828981715738
vn -0.3823087002033901 0.8410670943484825 0.3826828981715738
vn -0.3823075906494561 0.8410679137041268 0.38268220584343265
vn -0.3823075906494561 0.8410679137041268 0.38268220584343265
vn -0.3823075906494561 0.8410679137041268 0.38268220584343265
vn -0.15835662373404946 0.3483809273908377 0.9238798131520424
vn -0.15835662373404946 0.3483809273908377 0.9238798131520424
vn -0.15835662373404946 0.3483809273908377 0.9238798131520424
vn -0.15835550493176365 0.34838208700802203 0.9238795676438251
vn -0.15835550493176365 0.34838208700802203 0.9238795676438251
vn -0.15835550493176365 0.34838208700802203 0.9238795676438251
vn -0.23494529503000627 0.30207255198375876 -0.9238792570900608
vn -0.23494529503000627 0.30207255198375876 -0.9238792570900608
vn -0.23494529503000627 0.30207255198375876 -0.9238792570900608
vn -0.23494156024847296 0.30207375103235623 -0.9238798148056139
vn -0.23494156024847296 0.30207375103235623 -0.9238798148056139
vn -0.23494156024847296 0.30207375103235623 -0.9238798148056139
vn -0.567200244992381 0.7292720098956604 -0.38268292052732994
vn -0.567200244992381 0.7292720098956604 -0.38268292052732994
vn -0.567200244992381 0.7292720098956604 -0.38268292052732994
vn -0.5672040155986914 0.7292701820980423 -0.3826808150291934
vn -0.5672040155986914 0.7292701820980423 -0.3826808150291934
vn -0.5672040155986914 0.7292701820980423 -0.3826808150291934
vn -0.6139364705252449 0.7893554396841799 0
vn -0.6139364705252449 0.7893554396841799 0
vn -0.6139364705252449 0.7893554396841799 0
vn -0.6139364705252449 0.7893554396841799 0
vn -0.6139364705252449 0.7893554396841799 0
vn -0.6139364705252449 0.7893554396841799 0
vn -0.5672035805217269 0.7292696823177706 0.38268241231531763
vn -0.5672035805217269 0.7292696823177706 0.38268241231531763
vn -0.5672035805217269 0.7292696823177706 0.38268241231531763
vn -0.5672009020761798 0.72927290580742 0.38268023928492784
vn -0.5672009020761798 0.72927290580742 0.38268023928492784
vn -0.5672009020761798 0.72927290580742 0.38268023928492784
vn -0.23494163511914642 0.30207387071077085 0.9238797566357618
vn -0.23494163511914642 0.30207387071077085 0.9238797566357618
vn -0.23494163511914642 0.30207387071077085 0.9238797566357618
vn -0.2349436875969726 0.3020704980565681 0.9238803374150751
vn -0.2349436875969726 0.3020704980565681 0.9238803374150751
vn -0.2349436875969726 0.3020704980565681 0.9238803374150751
vn -0.3020713678902249 0.23494437737973742 -0.9238798776023731
vn -0.3020713678902249 0.23494437737973742 -0.9238798776023731
vn -0.3020713678902249 0.23494437737973742 -0.9238798776023731
vn -0.30207192448129666 0.23494401224395073 -0.9238797884740633
vn -0.30207192448129666 0.23494401224395073 -0.9238797884740633
vn -0.30207192448129666 0.23494401224395073 -0.9238797884740633
vn -0.7292679557767737 0.5672064430953216 -0.3826814596871911
vn -0.7292679557767737 0.5672064430953216 -0.3826814596871911
vn -0.7292679557767737 0.5672064430953216 -0.3826814596871911
vn -0.7292671358731894 0.567207110071969 -0.3826820335724168
vn -0.7292671358731894 0.567207110071969 -0.3826820335724168
vn -0.7292671358731894 0.567207110071969 -0.3826820335724168
vn -0.7893525704190804 0.6139401596025387 0
vn -0.7893525704190804 0.6139401596025387 0
vn -0.7893525704190804 0.6139401596025387 0
vn -0.7893525704190804 0.6139401596025387 0
vn -0.7893525704190804 0.6139401596025387 0
vn -0.7893525704190804 0.6139401596025387 0
vn -0.7292674179749687 0.5672073361072169 0.38268116095030974
vn -0.7292674179749687 0.5672073361072169 0.38268116095030974
vn -0.7292674179749687 0.5672073361072169 0.38268116095030974
vn -0.7292679106449083 0.5672063351425977 0.3826817057003291
vn -0.7292679106449083 0.5672063351425977 0.3826817057003291
vn -0.7292679106449083 0.5672063351425977 0.3826817057003291
vn -0.3020711212178399 0.23494338748348056 0.9238802099861129
vn -0.3020711212178399 0.23494338748348056 0.9238802099861129
vn -0.3020711212178399 0.23494338748348056 0.9238802099861129
vn -0.30207092048950146 0.23494401946728938 0.923880114901917
vn -0.30207092048950146 0.23494401946728938 0.923880114901917
vn -0.30207092048950146 0.23494401946728938 0.923880114901917
vn -0.3483818457338047 0.15835538442445668 -0.9238796792802026
vn -0.3483818457338047 0.15835538442445668 -0.9238796792802026
vn -0.3483818457338047 0.15835538442445668 -0.9238796792802026
vn -0.3483824963485192 0.15835472648411905 -0.9238795467148918
vn -0.3483824963485192 0.15835472648411905 -0.9238795467148918
vn -0.3483824963485192 0.15835472648411905 -0.9238795467148918
vn -0.8410701862747934 0.38230234889256226 -0.382682447717313
vn -0.8410701862747934 0.38230234889256226 -0.382682447717313
vn -0.8410701862747934 0.38230234889256226 -0.382682447717313
vn -0.8410690304763819 0.3823039178201541 -0.38268342058793137
vn -0.8410690304763819 0.3823039178201541 -0.38268342058793137
vn -0.8410690304763819 0.3823039178201541 -0.38268342058793137
vn -0.9103665519683974 0.4138027803884012 0
vn -0.9103665519683974 0.4138027803884012 0
vn -0.9103665519683974 0.4138027803884012 0
vn -0.9103665519683974 0.4138027803884012 0
vn -0.9103665519683974 0.4138027803884012 0
vn -0.9103665519683974 0.4138027803884012 0
vn -0.8410695057955702 0.3823041257464249 0.38268216819974404
vn -0.8410695057955702 0.3823041257464249 0.38268216819974404
vn -0.8410695057955702 0.3823041257464249 0.38268216819974404
vn -0.8410699342220377 0.3823022234859567 0.38268312696724793
vn -0.8410699342220377 0.3823022234859567 0.38268312696724793
vn -0.8410699342220377 0.3823022234859567 0.38268312696724793
vn -0.34838152342874096 0.15835426934666594 0.9238799919433007
vn -0.34838152342874096 0.15835426934666594 0.9238799919433007
vn -0.34838152342874096 0.15835426934666594 0.9238799919433007
vn -0.34838143145198025 0.15835520695174465 0.9238798659191244
vn -0.34838143145198025 0.15835520695174465 0.9238798659191244
vn -0.34838143145198025 0.15835520695174465 0.9238798659191244
vn -0.37288338716358177 0.08605002044606737 -0.9238795232922123
vn -0.37288338716358177 0.08605002044606737 -0.9238795232922123
vn -0.37288338716358177 0.08605002044606737 -0.9238795232922123
vn -0.3728835233454121 0.08604977161619241 -0.9238794915043371
vn -0.3728835233454121 0.08604977161619241 -0.9238794915043371
vn -0.3728835233454121 0.08604977161619241 -0.9238794915043371
vn -0.9002202768180302 0.20774248286058056 -0.38268330773707715
vn -0.9002202768180302 0.20774248286058056 -0.38268330773707715
vn -0.9002202768180302 0.20774248286058056 -0.38268330773707715
vn -0.9002193240724221 0.20774452453398784 -0.3826844406201263
vn -0.9002193240724221 0.20774452453398784 -0.3826844406201263
vn -0.9002193240724221 0.20774452453398784 -0.3826844406201263
vn -0.9743908169693385 0.2248611478353367 0
vn -0.9743908169693385 0.2248611478353367 0
vn -0.9743908169693385 0.2248611478353367 0
vn -0.9743908169693385 0.2248611478353367 0
vn -0.9743908169693385 0.2248611478353367 0
vn -0.9743908169693385 0.2248611478353367 0
vn -0.9002198973350491 0.20774463848543243 0.38268303022557804
vn -0.9002198973350491 0.20774463848543243 0.38268303022557804
vn -0.9002198973350491 0.20774463848543243 0.38268303022557804
vn -0.9002199354712042 0.20774241211192654 0.3826841491231892
vn -0.9002199354712042 0.20774241211192654 0.3826841491231892
vn -0.9002199354712042 0.20774241211192654 0.3826841491231892
vn -0.3728826627386351 0.0860495638446805 0.9238798582018581
vn -0.3728826627386351 0.0860495638446805 0.9238798582018581
vn -0.3728826627386351 0.0860495638446805 0.9238798582018581
vn -0.37288267418798243 0.0860498496088992 0.9238798269649061
vn -0.37288267418798243 0.0860498496088992 0.9238798269649061
vn -0.37288267418798243 0.0860498496088992 0.9238798269649061
vn -0.3818359090919204 0.025455726403560287 -0.9238795075772673
vn -0.3818359090919204 0.025455726403560287 -0.9238795075772673
vn -0.3818359090919204 0.025455726403560287 -0.9238795075772673
vn -0.3818359357802233 0.025455599536089425 -0.9238795000426729
vn -0.3818359357802233 0.025455599536089425 -0.9238795000426729
vn -0.3818359357802233 0.025455599536089425 -0.9238795000426729
vn -0.9218331707554989 0.06145523204099639 -0.38268375945374294
vn -0.9218331707554989 0.06145523204099639 -0.38268375945374294
vn -0.9218331707554989 0.06145523204099639 -0.38268375945374294
vn -0.9218332896927068 0.061454747735112 -0.3826835507245325
vn -0.9218332896927068 0.061454747735112 -0.3826835507245325
vn -0.9218332896927068 0.061454747735112 -0.3826835507245325
vn -0.9977852156806499 0.0665181431574811 0
vn -0.9977852156806499 0.0665181431574811 0
vn -0.9977852156806499 0.0665181431574811 0
vn -0.9977852156806499 0.0665181431574811 0
vn -0.9977852156806499 0.0665181431574811 0
vn -0.9977852156806499 0.0665181431574811 0
vn -0.9218333510025574 0.061454751574081194 0.3826834024208052
vn -0.9218333510025574 0.061454751574081194 0.3826834024208052
vn -0.9218333510025574 0.061454751574081194 0.3826834024208052
vn -0.9218334159948932 0.061455247396876266 0.3826831662388285
vn -0.9218334159948932 0.061455247396876266 0.3826831662388285
vn -0.9218334159948932 0.061455247396876266 0.3826831662388285
vn -0.3818350464833715 0.025455540249631023 0.9238798692187427
vn -0.3818350464833715 0.025455540249631023 0.9238798692187427
vn -0.3818350464833715 0.025455540249631023 0.9238798692187427
vn -0.38183509609424415 0.025455673693831313 0.923879845038029
vn -0.38183509609424415 0.025455673693831313 0.923879845038029
vn -0.38183509609424415 0.025455673693831313 0.923879845038029
vn -0.38268346249921037 0 -0.9238795200293247
vn -0.38268346249921037 0 -0.9238795200293247
vn -0.38268346249921037 0 -0.9238795200293247
vn -0.3826834159879129 0 -0.9238795392949354
vn -0.3826834159879129 0 -0.9238795392949354
vn -0.3826834159879129 0 -0.9238795392949354
vn -0.9238795392949354 0 -0.3826834159879129
vn -0.9238795392949354 0 -0.3826834159879129
vn -0.9238795392949354 0 -0.3826834159879129
vn -0.9238795392949354 0 -0.3826834159879129
vn -0.9238795392949354 0 -0.3826834159879129
vn -0.9238795392949354 0 -0.3826834159879129
vn -1 0 0
vn -1 0 0
vn -1 0 0
vn -1 0 0
vn -1 0 0
vn -1 0 0
vn -0.9238796831932059 0 0.3826830685865544
vn -0.9238796831932059 0 0.3826830685865544
vn -0.9238796831932059 0 0.3826830685865544
vn -0.9238796831932059 0 0.3826830685865544
vn -0.9238796831932059 0 0.3826830685865544
vn -0.9238796831932059 0 0.3826830685865544
vn -0.3826825983601677 0 0.9238798779669956
vn -0.3826825983601677 0 0.9238798779669956
vn -0.3826825983601677 0 0.9238798779669956
vn -0.3826825983601677 0 0.9238798779669956
vn -0.3826825983601677 0 0.9238798779669956
vn -0.3826825983601677 0 0.9238798779669956
vn -0.381835883652841 -0.025455724831797994 -0.9238795181344492
vn -0.381835883652841 -0.025455724831797994 -0.9238795181344492
vn -0.381835883652841 -0.025455724831797994 -0.9238795181344492
vn -0.3818358375672099 -0.025455682768051907 -0.9238795383404482
vn -0.3818358375672099 -0.025455682768051907 -0.9238795383404482
vn -0.3818358375672099 -0.025455682768051907 -0.9238795383404482
vn -0.9218332916480897 -0.061455455670637295 -0.3826834323269852
vn -0.9218332916480897 -0.061455455670637295 -0.3826834323269852
vn -0.9218332916480897 -0.061455455670637295 -0.3826834323269852
vn -0.9218332853555911 -0.061455380745331384 -0.38268345951708393
vn -0.9218332853555911 -0.061455380745331384 -0.38268345951708393
vn -0.9218332853555911 -0.061455380745331384 -0.38268345951708393
vn -0.9977851699225773 -0.0665188295340018 0
vn -0.9977851699225773 -0.0665188295340018 0
vn -0.9977851699225773 -0.0665188295340018 0
vn -0.9977851699225773 -0.0665188295340018 0
vn -0.9977851699225773 -0.0665188295340018 0
vn -0.9977851699225773 -0.0665188295340018 0
vn -0.9218334482582954 -0.06145539086045658 0.3826830654816192
vn -0.9218334482582954 -0.06145539086045658 0.3826830654816192
vn -0.9218334482582954 -0.06145539086045658 0.3826830654816192
vn -0.9218334138456419 -0.06145547077101582 0.382683135544281
vn -0.9218334138456419 -0.06145547077101582 0.382683135544281
vn -0.9218334138456419 -0.06145547077101582 0.382683135544281
vn -0.38183502015714665 -0.025455629888338407 0.9238798776294347
vn -0.38183502015714665 -0.025455629888338407 0.9238798776294347
vn -0.38183502015714665 -0.025455629888338407 0.9238798776294347
vn -0.3818349733292432 -0.025455664143558175 0.9238798960393427
vn -0.3818349733292432 -0.025455664143558175 0.9238798960393427
vn -0.3818349733292432 -0.025455664143558175 0.9238798960393427
vn -0.3728833412103391 -0.08605000926835099 -0.92387954288031
vn -0.3728833412103391 -0.08605000926835099 -0.92387954288031
vn -0.3728833412103391 -0.08605000926835099 -0.92387954288031
vn -0.37288331674711017 -0.08604997324754686 -0.9238795561087878
vn -0.37288331674711017 -0.08604997324754686 -0.9238795561087878
vn -0.37288331674711017 -0.08604997324754686 -0.9238795561087878
vn -0.9002200782040083 -0.20774302963429644 -0.3826834781339965
vn -0.9002200782040083 -0.20774302963429644 -0.3826834781339965
vn -0.9002200782040083 -0.20774302963429644 -0.3826834781339965
vn -0.9002200878839182 -0.2077434192983086 -0.38268324383034846
vn -0.9002200878839182 -0.2077434192983086 -0.38268324383034846
vn -0.9002200878839182 -0.2077434192983086 -0.38268324383034846
vn -0.9743911128173078 -0.22485986583347448 0
vn -0.9743911128173078 -0.22485986583347448 0
vn -0.9743911128173078 -0.22485986583347448 0
vn -0.9743911128173078 -0.22485986583347448 0
vn -0.9743911128173078 -0.22485986583347448 0
vn -0.9743911128173078 -0.22485986583347448 0
vn -0.9002201449460695 -0.20774344851390064 0.38268309373792553
vn -0.9002201449460695 -0.20774344851390064 0.38268309373792553
vn -0.9002201449460695 -0.20774344851390064 0.38268309373792553
vn -0.9002203203863063 -0.20774307520633042 0.3826828836875163
vn -0.9002203203863063 -0.20774307520633042 0.3826828836875163
vn -0.9002203203863063 -0.20774307520633042 0.3826828836875163
vn -0.37288250674021306 -0.08604978574975705 0.9238799004954897
vn -0.37288250674021306 -0.08604978574975705 0.9238799004954897
vn -0.37288250674021306 -0.08604978574975705 0.9238799004954897
vn -0.3728825062620875 -0.08604980054058124 0.9238798993108521
vn -0.3728825062620875 -0.08604980054058124 0.9238798993108521
vn -0.3728825062620875 -0.08604980054058124 0.9238798993108521
vn -0.348382139378445 -0.15835550164348125 -0.9238795484592887
vn -0.348382139378445 -0.15835550164348125 -0.9238795484592887
vn -0.348382139378445 -0.15835550164348125 -0.9238795484592887
vn -0.3483821495202004 -0.15835567016614477 -0.9238795157497086
vn -0.3483821495202004 -0.15835567016614477 -0.9238795157497086
vn -0.3483821495202004 -0.15835567016614477 -0.9238795157497086
vn -0.8410688823842837 -0.38230440862178866 -0.3826832557523211
vn -0.8410688823842837 -0.38230440862178866 -0.3826832557523211
vn -0.8410688823842837 -0.38230440862178866 -0.3826832557523211
vn -0.8410690034055539 -0.3823038133989536 -0.38268358440231853
vn -0.8410690034055539 -0.3823038133989536 -0.38268358440231853
vn -0.8410690034055539 -0.3823038133989536 -0.38268358440231853
vn -0.9103665958553552 -0.41380268383703406 0
vn -0.9103665958553552 -0.41380268383703406 0
vn -0.9103665958553552 -0.41380268383703406 0
vn -0.9103665958553552 -0.41380268383703406 0
vn -0.9103665958553552 -0.41380268383703406 0
vn -0.9103665958553552 -0.41380268383703406 0
vn -0.8410692537145407 -0.3823039109199699 0.3826829368437549
vn -0.8410692537145407 -0.3823039109199699 0.3826829368437549
vn -0.8410692537145407 -0.3823039109199699 0.3826829368437549
vn -0.8410688823842837 -0.38230440862178866 0.3826832557523211
vn -0.8410688823842837 -0.38230440862178866 0.3826832557523211
vn -0.8410688823842837 -0.38230440862178866 0.3826832557523211
vn -0.3483813025941656 -0.15835529197301496 0.9238798999366387
vn -0.3483813025941656 -0.15835529197301496 0.9238798999366387
vn -0.3483813025941656 -0.15835529197301496 0.9238798999366387
vn -0.3483814060888213 -0.15835519406838514 0.9238798776914343
vn -0.3483814060888213 -0.15835519406838514 0.9238798776914343
vn -0.3483814060888213 -0.15835519406838514 0.9238798776914343
vn -0.30207205253256164 -0.23494491319070193 -0.923879517493801
vn -0.30207205253256164 -0.23494491319070193 -0.923879517493801
vn -0.30207205253256164 -0.23494491319070193 -0.923879517493801
vn -0.30207207144145504 -0.2349447855087491 -0.9238795437811773
vn -0.30207207144145504 -0.2349447855087491 -0.9238795437811773
vn -0.30207207144145504 -0.2349447855087491 -0.9238795437811773
vn -0.7292664982949532 -0.5672068989555601 -0.3826835614993595
vn -0.7292664982949532 -0.5672068989555601 -0.3826835614993595
vn -0.7292664982949532 -0.5672068989555601 -0.3826835614993595
vn -0.7292663412067879 -0.5672072138765906 -0.3826833940860518
vn -0.7292663412067879 -0.5672072138765906 -0.3826833940860518
vn -0.7292663412067879 -0.5672072138765906 -0.3826833940860518
vn -0.7893521820720352 -0.6139406589061491 0
vn -0.7893521820720352 -0.6139406589061491 0
vn -0.7893521820720352 -0.6139406589061491 0
vn -0.7893521820720352 -0.6139406589061491 0
vn -0.7893521820720352 -0.6139406589061491 0
vn -0.7893521820720352 -0.6139406589061491 0
vn -0.7292663943598007 -0.5672072684632986 0.3826832118866189
vn -0.7292663943598007 -0.5672072684632986 0.3826832118866189
vn -0.7292663943598007 -0.5672072684632986 0.3826832118866189
vn -0.7292666824091544 -0.5672070222872773 0.3826830278388966
vn -0.7292666824091544 -0.5672070222872773 0.3826830278388966
vn -0.7292666824091544 -0.5672070222872773 0.3826830278388966
vn -0.3020714273437924 -0.2349443027564249 0.9238798771403028
vn -0.3020714273437924 -0.2349443027564249 0.9238798771403028
vn -0.3020714273437924 -0.2349443027564249 0.9238798771403028
vn -0.30207132523048924 -0.23494435247836656 0.9238798978828455
vn -0.30207132523048924 -0.23494435247836656 0.9238798978828455
vn -0.30207132523048924 -0.23494435247836656 0.9238798978828455
vn -0.23494487421068985 -0.30207201093035146 -0.9238795410087922
vn -0.23494487421068985 -0.30207201093035146 -0.9238795410087922
vn -0.23494487421068985 -0.30207201093035146 -0.9238795410087922
vn -0.2349448547610995 -0.3020720838456549 -0.9238795221144528
vn -0.2349448547610995 -0.3020720838456549 -0.9238795221144528
vn -0.2349448547610995 -0.3020720838456549 -0.9238795221144528
vn -0.5672070432810381 -0.7292664709825702 -0.38268339963083114
vn -0.5672070432810381 -0.7292664709825702 -0.38268339963083114
vn -0.5672070432810381 -0.7292664709825702 -0.38268339963083114
vn -0.5672071018957008 -0.7292664101050901 -0.38268342876523215
vn -0.5672071018957008 -0.7292664101050901 -0.38268342876523215
vn -0.5672071018957008 -0.7292664101050901 -0.38268342876523215
vn -0.6139405268589346 -0.7893522847754187 0
vn -0.6139405268589346 -0.7893522847754187 0
vn -0.6139405268589346 -0.7893522847754187 0
vn -0.6139405268589346 -0.7893522847754187 0
vn -0.6139405268589346 -0.7893522847754187 0
vn -0.6139405268589346 -0.7893522847754187 0
vn -0.567207217538017 -0.72926652472827 0.38268303892847433
vn -0.567207217538017 -0.72926652472827 0.38268303892847433
vn -0.567207217538017 -0.72926652472827 0.38268303892847433
vn -0.5672071459855311 -0.7292665689714 0.38268306066983276
vn -0.5672071459855311 -0.7292665689714 0.38268306066983276
vn -0.5672071459855311 -0.7292665689714 0.38268306066983276
vn -0.23494432106519894 -0.3020713721203643 0.9238798905401788
vn -0.23494432106519894 -0.3020713721203643 0.9238798905401788
vn -0.23494432106519894 -0.3020713721203643 0.9238798905401788
vn -0.23494437737973742 -0.3020713678902249 0.9238798776023731
vn -0.23494437737973742 -0.3020713678902249 0.9238798776023731
vn -0.23494437737973742 -0.3020713678902249 0.9238798776023731
vn -0.1583555145268322 -0.34838216474158445 -0.9238795366869588
vn -0.1583555145268322 -0.34838216474158445 -0.9238795366869588
vn -0.1583555145268322 -0.34838216474158445 -0.9238795366869588
vn -0.15835550707544174 -0.34838221093340516 -0.9238795205458513
vn -0.15835550707544174 -0.34838221093340516 -0.9238795205458513
vn -0.15835550707544174 -0.34838221093340516 -0.9238795205458513
vn -0.38230401332524405 -0.8410689842876136 -0.3826834266921075
vn -0.38230401332524405 -0.8410689842876136 -0.3826834266921075
vn -0.38230401332524405 -0.8410689842876136 -0.3826834266921075
vn -0.3823040089651222 -0.8410689746953437 -0.3826834521299805
vn -0.3823040089651222 -0.8410689746953437 -0.3826834521299805
vn -0.3823040089651222 -0.8410689746953437 -0.3826834521299805
vn -0.41380290163895384 -0.9103664968545262 0
vn -0.41380290163895384 -0.9103664968545262 0
vn -0.41380290163895384 -0.9103664968545262 0
vn -0.41380290163895384 -0.9103664968545262 0
vn -0.41380290163895384 -0.9103664968545262 0
vn -0.41380290163895384 -0.9103664968545262 0
vn -0.38230407820868806 -0.8410691151102634 0.3826830743482706
vn -0.38230407820868806 -0.8410691151102634 0.3826830743482706
vn -0.38230407820868806 -0.8410691151102634 0.3826830743482706
vn -0.38230407820868806 -0.8410691151102634 0.3826830743482706
vn -0.38230407820868806 -0.8410691151102634 0.3826830743482706
vn -0.38230407820868806 -0.8410691151102634 0.3826830743482706
vn -0.15835515048590135 -0.3483814085550231 0.9238798842316059
vn -0.15835515048590135 -0.3483814085550231 0.9238798842316059
vn -0.15835515048590135 -0.3483814085550231 0.9238798842316059
vn -0.15835519406838514 -0.3483814060888213 0.9238798776914343
vn -0.15835519406838514 -0.3483814060888213 0.9238798776914343
vn -0.15835519406838514 -0.3483814060888213 0.9238798776914343
vn -0.08605002044606737 -0.37288338716358177 -0.9238795232922123
vn -0.08605002044606737 -0.37288338716358177 -0.9238795232922123
vn -0.08605002044606737 -0.37288338716358177 -0.9238795232922123
vn -0.08605004263230373 -0.3728833864463898 -0.9238795215152522
vn -0.08605004263230373 -0.3728833864463898 -0.9238795215152522
vn -0.08605004263230373 -0.3728833864463898 -0.9238795215152522
vn -0.20774317147312948 -0.9002200520890196 -0.38268346256812397
vn -0.20774317147312948 -0.9002200520890196 -0.38268346256812397
vn -0.20774317147312948 -0.9002200520890196 -0.38268346256812397
vn -0.20774302485334345 -0.9002201220582595 -0.38268337756714194
vn -0.20774302485334345 -0.9002201220582595 -0.38268337756714194
vn -0.20774302485334345 -0.9002201220582595 -0.38268337756714194
vn -0.22485940113491315 -0.9743912200555014 0
vn -0.22485940113491315 -0.9743912200555014 0
vn -0.22485940113491315 -0.9743912200555014 0
vn -0.22485940113491315 -0.9743912200555014 0
vn -0.22485940113491315 -0.9743912200555014 0
vn -0.22485940113491315 -0.9743912200555014 0
vn -0.207743029363398 -0.9002202558440452 0.38268306040246985
vn -0.207743029363398 -0.9002202558440452 0.38268306040246985
vn -0.207743029363398 -0.9002202558440452 0.38268306040246985
vn -0.2077432020876461 -0.9002202344224619 0.3826830170294196
vn -0.2077432020876461 -0.9002202344224619 0.3826830170294196
vn -0.2077432020876461 -0.9002202344224619 0.3826830170294196
vn -0.0860498560907668 -0.3728825507809343 0.9238798761689002
vn -0.0860498560907668 -0.3728825507809343 0.9238798761689002
vn -0.0860498560907668 -0.3728825507809343 0.9238798761689002
vn -0.08604981171829269 -0.37288255221531175 0.9238798797228143
vn -0.08604981171829269 -0.37288255221531175 0.9238798797228143
vn -0.08604981171829269 -0.37288255221531175 0.9238798797228143
vn -0.025455724831797994 -0.381835883652841 -0.9238795181344492
vn -0.025455724831797994 -0.381835883652841 -0.9238795181344492
vn -0.025455724831797994 -0.381835883652841 -0.9238795181344492
vn -0.025455721108921605 -0.3818358836890504 -0.9238795182220607
vn -0.025455721108921605 -0.3818358836890504 -0.9238795182220607
vn -0.025455721108921605 -0.3818358836890504 -0.9238795182220607
vn -0.06145554544082691 -0.9218332970964054 -0.38268340478643786
vn -0.06145554544082691 -0.9218332970964054 -0.38268340478643786
vn -0.06145554544082691 -0.9218332970964054 -0.38268340478643786
vn -0.06145559298580451 -0.921833283839454 -0.38268342908536274
vn -0.06145559298580451 -0.921833283839454 -0.38268342908536274
vn -0.06145559298580451 -0.921833283839454 -0.38268342908536274
vn -0.06651905948002264 -0.9977851545928579 0
vn -0.06651905948002264 -0.9977851545928579 0
vn -0.06651905948002264 -0.9977851545928579 0
vn -0.06651905948002264 -0.9977851545928579 0
vn -0.06651905948002264 -0.9977851545928579 0
vn -0.06651905948002264 -0.9977851545928579 0
vn -0.06145560611125422 -0.9218334360177346 0.38268306040016403
vn -0.06145560611125422 -0.9218334360177346 0.38268306040016403
vn -0.06145560611125422 -0.9218334360177346 0.38268306040016403
vn -0.06145555044294531 -0.921833439183401 0.3826830617143352
vn -0.06145555044294531 -0.921833439183401 0.3826830617143352
vn -0.06145555044294531 -0.921833439183401 0.3826830617143352
vn -0.0254556652556643 -0.3818350198131584 0.9238798767971281
vn -0.0254556652556643 -0.3818350198131584 0.9238798767971281
vn -0.0254556652556643 -0.3818350198131584 0.9238798767971281
vn -0.0254556671171025 -0.38183501979505374 0.9238798767533224
vn -0.0254556671171025 -0.38183501979505374 0.9238798767533224
vn -0.0254556671171025 -0.38183501979505374 0.9238798767533224
vn 0 -0.3826834159879129 -0.9238795392949354
vn 0 -0.3826834159879129 -0.9238795392949354
vn 0 -0.3826834159879129 -0.9238795392949354
vn 0 -0.38268346249921037 -0.9238795200293247
vn 0 -0.38268346249921037 -0.9238795200293247
vn 0 -0.38268346249921037 -0.9238795200293247
vn 0 -0.9238795200293247 -0.38268346249921037
vn 0 -0.9238795200293247 -0.38268346249921037
vn 0 -0.9238795200293247 -0.38268346249921037
vn 0 -0.9238795200293247 -0.38268346249921037
vn 0 -0.9238795200293247 -0.38268346249921037
vn 0 -0.9238795200293247 -0.38268346249921037
vn 0 -1 0
vn 0 -1 0
vn 0 -1 0
vn 0 -1 0
vn 0 -1 0
vn 0 -1 0
vn 0 -0.9238796726565017 0.3826830940244355
vn 0 -0.9238796726565017 0.3826830940244355
vn 0 -0.9238796726565017 0.3826830940244355
vn 0 -0.9238796726565017 0.3826830940244355
vn 0 -0.9238796726565017 0.3826830940244355
vn 0 -0.9238796726565017 0.3826830940244355
vn 0 -0.3826825983601677 0.9238798779669956
vn 0 -0.3826825983601677 0.9238798779669956
vn 0 -0.3826825983601677 0.9238798779669956
vn 0 -0.3826825518488899 0.9238798972325472
vn 0 -0.3826825518488899 0.9238798972325472
vn 0 -0.3826825518488899 0.9238798972325472
vn 0 -0.3826830940244355 -0.9238796726565017
vn 0 -0.3826830940244355 -0.9238796726565017
vn 0 -0.3826830940244355 -0.9238796726565017
vn 0 -0.3826830685865544 -0.9238796831932059
vn 0 -0.3826830685865544 -0.9238796831932059
vn 0 -0.3826830685865544 -0.9238796831932059
vn 0 -0.9238798885036886 -0.38268257292227453
vn 0 -0.9238798885036886 -0.38268257292227453
vn 0 -0.9238798885036886 -0.38268257292227453
vn 0 -0.9238798779669956 -0.3826825983601677
vn 0 -0.9238798779669956 -0.3826825983601677
vn 0 -0.9238798779669956 -0.3826825983601677
vn 0 -1 0
vn 0 -1 0
vn 0 -1 0
vn 0 -1 0
vn 0 -1 0
vn 0 -1 0
vn 0 -0.9238800411305023 0.3826822044473736
vn 0 -0.9238800411305023 0.3826822044473736
vn 0 -0.9238800411305023 0.3826822044473736
vn 0 -0.9238800305938178 0.3826822298852745
vn 0 -0.9238800305938178 0.3826822298852745
vn 0 -0.9238800305938178 0.3826822298852745
vn 0 -0.3826822298852745 0.9238800305938178
vn 0 -0.3826822298852745 0.9238800305938178
vn 0 -0.3826822298852745 0.9238800305938178
vn 0 -0.3826822298852745 0.9238800305938178
vn 0 -0.3826822298852745 0.9238800305938178
vn 0 -0.3826822298852745 0.9238800305938178
vn -0.03388267752668427 -0.3811801370763593 -0.9238796822433486
vn -0.03388267752668427 -0.3811801370763593 -0.9238796822433486
vn -0.03388267752668427 -0.3811801370763593 -0.9238796822433486
vn -0.03388097545771074 -0.3811812739376205 -0.9238792756098207
vn -0.03388097545771074 -0.3811812739376205 -0.9238792756098207
vn -0.03388097545771074 -0.3811812739376205 -0.9238792756098207
vn -0.08179580501229783 -0.9202518554235509 -0.3826825954650955
vn -0.08179580501229783 -0.9202518554235509 -0.3826825954650955
vn -0.08179580501229783 -0.9202518554235509 -0.3826825954650955
vn -0.08180183013793701 -0.9202501595601903 -0.3826853856832377
vn -0.08180183013793701 -0.9202501595601903 -0.3826853856832377
vn -0.08180183013793701 -0.9202501595601903 -0.3826853856832377
vn -0.08854174575985942 -0.9960724668706571 0
vn -0.08854174575985942 -0.9960724668706571 0
vn -0.08854174575985942 -0.9960724668706571 0
vn -0.08854174575985942 -0.9960724668706571 0
vn -0.08854174575985942 -0.9960724668706571 0
vn -0.08854174575985942 -0.9960724668706571 0
vn -0.08180195152739485 -0.9202514953887239 0.3826821474293347
vn -0.08180195152739485 -0.9202514953887239 0.3826821474293347
vn -0.08180195152739485 -0.9202514953887239 0.3826821474293347
vn -0.08179572833877183 -0.92025093696573 0.38268482049752905
vn -0.08179572833877183 -0.92025093696573 0.38268482049752905
vn -0.08179572833877183 -0.92025093696573 0.38268482049752905
vn -0.03388080652466002 -0.38117935201960546 0.9238800747624946
vn -0.03388080652466002 -0.38117935201960546 0.9238800747624946
vn -0.03388080652466002 -0.38117935201960546 0.9238800747624946
vn -0.03388267457548867 -0.38118008618027976 0.9238797033506072
vn -0.03388267457548867 -0.38118008618027976 0.9238797033506072
vn -0.03388267457548867 -0.38118008618027976 0.9238797033506072
vn -0.11254188425708388 -0.3657611312861032 -0.9238793855954224
vn -0.11254188425708388 -0.3657611312861032 -0.9238793855954224
vn -0.11254188425708388 -0.3657611312861032 -0.9238793855954224
vn -0.11254287464682038 -0.3657602354696291 -0.9238796196017268
vn -0.11254287464682038 -0.3657602354696291 -0.9238796196017268
vn -0.11254287464682038 -0.3657602354696291 -0.9238796196017268
vn -0.27170247246491513 -0.8830230964363089 -0.38268522001311367
vn -0.27170247246491513 -0.8830230964363089 -0.38268522001311367
vn -0.27170247246491513 -0.8830230964363089 -0.38268522001311367
vn -0.2717006535962424 -0.8830239278886748 -0.3826845928587028
vn -0.2717006535962424 -0.8830239278886748 -0.3826845928587028
vn -0.2717006535962424 -0.8830239278886748 -0.3826845928587028
vn -0.2940868394021093 -0.9557787039322846 0
vn -0.2940868394021093 -0.9557787039322846 0
vn -0.2940868394021093 -0.9557787039322846 0
vn -0.2940868394021093 -0.9557787039322846 0
vn -0.2940868394021093 -0.9557787039322846 0
vn -0.2940868394021093 -0.9557787039322846 0
vn -0.271700620508548 -0.8830237980019647 0.3826849160568722
vn -0.271700620508548 -0.8830237980019647 0.3826849160568722
vn -0.271700620508548 -0.8830237980019647 0.3826849160568722
vn -0.2717025900341149 -0.8830234487339456 0.38268432363341265
vn -0.2717025900341149 -0.8830234487339456 0.38268432363341265
vn -0.2717025900341149 -0.8830234487339456 0.38268432363341265
vn -0.11254282431651959 -0.36576006258285915 0.9238796941778968
vn -0.11254282431651959 -0.36576006258285915 0.9238796941778968
vn -0.11254282431651959 -0.36576006258285915 0.9238796941778968
vn -0.11254150361088003 -0.3657599072244566 0.9238799165650042
vn -0.11254150361088003 -0.3657599072244566 0.9238799165650042
vn -0.11254150361088003 -0.3657599072244566 0.9238799165650042
vn -0.19834540243690194 -0.3272699028450176 -0.9238795982290962
vn -0.19834540243690194 -0.3272699028450176 -0.9238795982290962
vn -0.19834540243690194 -0.3272699028450176 -0.9238795982290962
vn -0.19834356511825715 -0.3272723936397313 -0.9238791103480479
vn -0.19834356511825715 -0.3272723936397313 -0.9238791103480479
vn -0.19834356511825715 -0.3272723936397313 -0.9238791103480479
vn -0.478842163012015 -0.790102948722292 -0.3826846134120285
vn -0.478842163012015 -0.790102948722292 -0.3826846134120285
vn -0.478842163012015 -0.790102948722292 -0.3826846134120285
vn -0.4788431825010917 -0.7901021841087732 -0.3826849163982981
vn -0.4788431825010917 -0.7901021841087732 -0.3826849163982981
vn -0.4788431825010917 -0.7901021841087732 -0.3826849163982981
vn -0.5182964796814893 -0.8552010051150405 0
vn -0.5182964796814893 -0.8552010051150405 0
vn -0.5182964796814893 -0.8552010051150405 0
vn -0.5182964796814893 -0.8552010051150405 0
vn -0.5182964796814893 -0.8552010051150405 0
vn -0.5182964796814893 -0.8552010051150405 0
vn -0.4788433557190376 -0.7901024132938442 0.3826842264726552
vn -0.4788433557190376 -0.7901024132938442 0.3826842264726552
vn -0.4788433557190376 -0.7901024132938442 0.3826842264726552
vn -0.4788422023643935 -0.7901029644801512 0.38268453163734484
vn -0.4788422023643935 -0.7901029644801512 0.38268453163734484
vn -0.4788422023643935 -0.7901029644801512 0.38268453163734484
vn -0.19834233522733685 -0.32727038369099987 0.9238800863831369
vn -0.19834233522733685 -0.32727038369099987 0.9238800863831369
vn -0.19834233522733685 -0.32727038369099987 0.9238800863831369
vn -0.19834539005650856 -0.32726987720196205 0.9238796099706628
vn -0.19834539005650856 -0.32726987720196205 0.9238796099706628
vn -0.19834539005650856 -0.32726987720196205 0.9238796099706628
vn -0.2754730059388009 -0.26563469281307894 -0.9238792307293971
vn -0.2754730059388009 -0.26563469281307894 -0.9238792307293971
vn -0.2754730059388009 -0.26563469281307894 -0.9238792307293971
vn -0.27547382563244416 -0.26563277122068485 -0.9238795388171801
vn -0.27547382563244416 -0.26563277122068485 -0.9238795388171801
vn -0.27547382563244416 -0.26563277122068485 -0.9238795388171801
vn -0.6650519974040762 -0.6412937051810254 -0.3826855425072141
vn -0.6650519974040762 -0.6412937051810254 -0.3826855425072141
vn -0.6650519974040762 -0.6412937051810254 -0.3826855425072141
vn -0.6650488841755338 -0.6412976853976007 -0.38268428287631234
vn -0.6650488841755338 -0.6412976853976007 -0.38268428287631234
vn -0.6650488841755338 -0.6412976853976007 -0.38268428287631234
vn -0.7198439784483903 -0.6941358992960912 0
vn -0.7198439784483903 -0.6941358992960912 0
vn -0.7198439784483903 -0.6941358992960912 0
vn -0.7198439784483903 -0.6941358992960912 0
vn -0.7198439784483903 -0.6941358992960912 0
vn -0.7198439784483903 -0.6941358992960912 0
vn -0.6650485414413022 -0.6412973421314656 0.38268545373702734
vn -0.6650485414413022 -0.6412973421314656 0.38268545373702734
vn -0.6650485414413022 -0.6412973421314656 0.38268545373702734
vn -0.6650524673007325 -0.6412940561163354 0.3826841378043602
vn -0.6650524673007325 -0.6412940561163354 0.3826841378043602
vn -0.6650524673007325 -0.6412940561163354 0.3826841378043602
vn -0.2754739168819994 -0.2656328624044152 0.9238794853921838
vn -0.2754739168819994 -0.2656328624044152 0.9238794853921838
vn -0.2754739168819994 -0.2656328624044152 0.9238794853921838
vn -0.2754719898225636 -0.2656337066004951 0.9238798172602752
vn -0.2754719898225636 -0.2656337066004951 0.9238798172602752
vn -0.2754719898225636 -0.2656337066004951 0.9238798172602752
vn -0.3305538960870769 -0.19282310108374104 -0.9238795232442936
vn -0.3305538960870769 -0.19282310108374104 -0.9238795232442936
vn -0.3305538960870769 -0.19282310108374104 -0.9238795232442936
vn -0.3305538213072862 -0.19282371808032625 -0.923879421225968
vn -0.3305538213072862 -0.19282371808032625 -0.923879421225968
vn -0.3305538213072862 -0.19282371808032625 -0.923879421225968
vn -0.7980268469686251 -0.465517215419491 -0.3826837776355276
vn -0.7980268469686251 -0.465517215419491 -0.3826837776355276
vn -0.7980268469686251 -0.465517215419491 -0.3826837776355276
vn -0.7980263714071164 -0.46551834865185265 -0.38268339081706054
vn -0.7980263714071164 -0.46551834865185265 -0.38268339081706054
vn -0.7980263714071164 -0.46551834865185265 -0.38268339081706054
vn -0.8637774719276252 -0.5038734751803481 0
vn -0.8637774719276252 -0.5038734751803481 0
vn -0.8637774719276252 -0.5038734751803481 0
vn -0.8637774719276252 -0.5038734751803481 0
vn -0.8637774719276252 -0.5038734751803481 0
vn -0.8637774719276252 -0.5038734751803481 0
vn -0.7980263224573299 -0.4655183548672262 0.3826834853334293
vn -0.7980263224573299 -0.4655183548672262 0.3826834853334293
vn -0.7980263224573299 -0.4655183548672262 0.3826834853334293
vn -0.7980270966270725 -0.46551737098771456 0.3826830677697299
vn -0.7980270966270725 -0.46551737098771456 0.3826830677697299
vn -0.7980270966270725 -0.46551737098771456 0.3826830677697299
vn -0.33055283765978993 -0.19282312193421186 0.9238798975855058
vn -0.33055283765978993 -0.19282312193421186 0.9238798975855058
vn -0.33055283765978993 -0.19282312193421186 0.9238798975855058
vn -0.33055334719139684 -0.1928227808945945 0.9238797864596018
vn -0.33055334719139684 -0.1928227808945945 0.9238797864596018
vn -0.33055334719139684 -0.1928227808945945 0.9238797864596018
vn -0.3622141418133713 -0.12348209109071095 -0.9238793691008953
vn -0.3622141418133713 -0.12348209109071095 -0.9238793691008953
vn -0.3622141418133713 -0.12348209109071095 -0.9238793691008953
vn -0.3622136988772284 -0.12347929852028429 -0.9238799159969953
vn -0.3622136988772284 -0.12347929852028429 -0.9238799159969953
vn -0.3622136988772284 -0.12347929852028429 -0.9238799159969953
vn -0.87446331101916 -0.29810610114945835 -0.3826835117154601
vn -0.87446331101916 -0.29810610114945835 -0.3826835117154601
vn -0.87446331101916 -0.29810610114945835 -0.3826835117154601
vn -0.874462934458319 -0.298108478880886 -0.38268251995338115
vn -0.874462934458319 -0.298108478880886 -0.38268251995338115
vn -0.874462934458319 -0.298108478880886 -0.38268251995338115
vn -0.9465114694916871 -0.3226701692451394 0
vn -0.9465114694916871 -0.3226701692451394 0
vn -0.9465114694916871 -0.3226701692451394 0
vn -0.9465114694916871 -0.3226701692451394 0
vn -0.9465114694916871 -0.3226701692451394 0
vn -0.9465114694916871 -0.3226701692451394 0
vn -0.8744626482815073 -0.2981083935124156 0.38268324039333074
vn -0.8744626482815073 -0.2981083935124156 0.38268324039333074
vn -0.8744626482815073 -0.2981083935124156 0.38268324039333074
vn -0.8744638054555899 -0.2981062859630159 0.3826822379173933
vn -0.8744638054555899 -0.2981062859630159 0.3826822379173933
vn -0.8744638054555899 -0.2981062859630159 0.3826822379173933
vn -0.3622143323493873 -0.12347952463652927 0.9238796374183298
vn -0.3622143323493873 -0.12347952463652927 0.9238796374183298
vn -0.3622143323493873 -0.12347952463652927 0.9238796374183298
vn -0.3622122600102402 -0.12348144888959081 0.9238801927081247
vn -0.3622122600102402 -0.12348144888959081 0.9238801927081247
vn -0.3622122600102402 -0.12348144888959081 0.9238801927081247
vn -0.3770766581161758 -0.06526326431214706 -0.9238798083275007
vn -0.3770766581161758 -0.06526326431214706 -0.9238798083275007
vn -0.3770766581161758 -0.06526326431214706 -0.9238798083275007
vn -0.3770776058652412 -0.06526558786774947 -0.923879257368199
vn -0.3770776058652412 -0.06526558786774947 -0.923879257368199
vn -0.3770776058652412 -0.06526558786774947 -0.923879257368199
vn -0.9103446570564289 -0.15756486300427017 -0.3826825307160738
vn -0.9103446570564289 -0.15756486300427017 -0.3826825307160738
vn -0.9103446570564289 -0.15756486300427017 -0.3826825307160738
vn -0.9103442575309416 -0.15755723667439767 -0.3826866210778297
vn -0.9103442575309416 -0.15755723667439767 -0.3826866210778297
vn -0.9103442575309416 -0.15755723667439767 -0.3826866210778297
vn -0.9853509328870119 -0.17053896639388746 0
vn -0.9853509328870119 -0.17053896639388746 0
vn -0.9853509328870119 -0.17053896639388746 0
vn -0.9853509328870119 -0.17053896639388746 0
vn -0.9853509328870119 -0.17053896639388746 0
vn -0.9853509328870119 -0.17053896639388746 0
vn -0.9103461568361195 -0.15755756310782823 0.38268196853422554
vn -0.9103461568361195 -0.15755756310782823 0.38268196853422554
vn -0.9103461568361195 -0.15755756310782823 0.38268196853422554
vn -0.9103432024990992 -0.15756460552260979 0.38268609688645405
vn -0.9103432024990992 -0.15756460552260979 0.38268609688645405
vn -0.9103432024990992 -0.15756460552260979 0.38268609688645405
vn -0.37707531485671847 -0.0652651936395515 0.9238802202801502
vn -0.37707531485671847 -0.0652651936395515 0.9238802202801502
vn -0.37707531485671847 -0.0652651936395515 0.9238802202801502
vn -0.37707705110273765 -0.06526333232905195 0.9238796431272696
vn -0.37707705110273765 -0.06526333232905195 0.9238796431272696
vn -0.37707705110273765 -0.06526333232905195 0.9238796431272696
vn -0.38220647017590703 -0.01911032388132438 -0.9238793263607669
vn -0.38220647017590703 -0.01911032388132438 -0.9238793263607669
vn -0.38220647017590703 -0.01911032388132438 -0.9238793263607669
vn -0.3822056402116612 -0.019109107799065925 -0.9238796948680699
vn -0.3822056402116612 -0.019109107799065925 -0.9238796948680699
vn -0.3822056402116612 -0.019109107799065925 -0.9238796948680699
vn -0.9227258033454818 -0.04613345149604622 -0.3826862899209966
vn -0.9227258033454818 -0.04613345149604622 -0.3826862899209966
vn -0.9227258033454818 -0.04613345149604622 -0.3826862899209966
vn -0.9227270655566615 -0.04613882389040496 -0.3826825987933119
vn -0.9227270655566615 -0.04613882389040496 -0.3826825987933119
vn -0.9227270655566615 -0.04613882389040496 -0.3826825987933119
vn -0.9987522056185144 -0.04994028205920497 0
vn -0.9987522056185144 -0.04994028205920497 0
vn -0.9987522056185144 -0.04994028205920497 0
vn -0.9987522056185144 -0.04994028205920497 0
vn -0.9987522056185144 -0.04994028205920497 0
vn -0.9987522056185144 -0.04994028205920497 0
vn -0.9227256354529706 -0.046138749404989216 0.3826860560319061
vn -0.9227256354529706 -0.046138749404989216 0.3826860560319061
vn -0.9227256354529706 -0.046138749404989216 0.3826860560319061
vn -0.9227274683445619 -0.046133536981186496 0.3826822649771497
vn -0.9227274683445619 -0.046133536981186496 0.3826822649771497
vn -0.9227274683445619 -0.046133536981186496 0.3826822649771497
vn -0.3822057165307446 -0.01910911087000226 0.9238796632316234
vn -0.3822057165307446 -0.01910911087000226 0.9238796632316234
vn -0.3822057165307446 -0.01910911087000226 0.9238796632316234
vn -0.3822047676567279 -0.019110238010307368 0.9238800324629037
vn -0.3822047676567279 -0.019110238010307368 0.9238800324629037
vn -0.3822047676567279 -0.019110238010307368 0.9238800324629037
vn -0.3826830685865544 0 -0.9238796831932059
vn -0.3826830685865544 0 -0.9238796831932059
vn -0.3826830685865544 0 -0.9238796831932059
vn -0.3826830685865544 0 -0.9238796831932059
vn -0.3826830685865544 0 -0.9238796831932059
vn -0.3826830685865544 0 -0.9238796831932059
vn -0.9238798885036886 0 -0.38268257292227453
vn -0.9238798885036886 0 -0.38268257292227453
vn -0.9238798885036886 0 -0.38268257292227453
vn -0.9238798779669956 0 -0.3826825983601677
vn -0.9238798779669956 0 -0.3826825983601677
vn -0.9238798779669956 0 -0.3826825983601677
vn -1 0 0
vn -1 0 0
vn -1 0 0
vn -1 0 0
vn -1 0 0
vn -1 0 0
vn -0.9238800305938178 0 0.3826822298852745
vn -0.9238800305938178 0 0.3826822298852745
vn -0.9238800305938178 0 0.3826822298852745
vn -0.9238800305938178 0 0.3826822298852745
vn -0.9238800305938178 0 0.3826822298852745
vn -0.9238800305938178 0 0.3826822298852745
vn -0.3826822298852745 0 0.9238800305938178
vn -0.3826822298852745 0 0.9238800305938178
vn -0.3826822298852745 0 0.9238800305938178
vn -0.3826822044473736 0 0.9238800411305023
vn -0.3826822044473736 0 0.9238800411305023
vn -0.3826822044473736 0 0.9238800411305023
vn -0.3822222026010447 0.01877582618253668 -0.9238796762511712
vn -0.3822222026010447 0.01877582618253668 -0.9238796762511712
vn -0.3822222026010447 0.01877582618253668 -0.9238796762511712
vn -0.3822218519695765 0.018776266110479722 -0.9238798123716612
vn -0.3822218519695765 0.018776266110479722 -0.9238798123716612
vn -0.3822218519695765 0.018776266110479722 -0.9238798123716612
vn -0.922767146101714 0.04533001700824506 -0.38268261475187315
vn -0.922767146101714 0.04533001700824506 -0.38268261475187315
vn -0.922767146101714 0.04533001700824506 -0.38268261475187315
vn -0.9227672846268431 0.04532964542808533 -0.3826823247391587
vn -0.9227672846268431 0.04532964542808533 -0.3826823247391587
vn -0.9227672846268431 0.04532964542808533 -0.3826823247391587
vn -0.9987956155490424 0.0490644307009631 0
vn -0.9987956155490424 0.0490644307009631 0
vn -0.9987956155490424 0.0490644307009631 0
vn -0.9987956155490424 0.0490644307009631 0
vn -0.9987956155490424 0.0490644307009631 0
vn -0.9987956155490424 0.0490644307009631 0
vn -0.9227673248943249 0.04532964820346467 0.3826822273128472
vn -0.9227673248943249 0.04532964820346467 0.3826822273128472
vn -0.9227673248943249 0.04532964820346467 0.3826822273128472
vn -0.9227674020434435 0.045330029044923274 0.3826819961701629
vn -0.9227674020434435 0.045330029044923274 0.3826819961701629
vn -0.9227674020434435 0.045330029044923274 0.3826819961701629
vn -0.3822213353285303 0.018776241404775868 0.9238800266151364
vn -0.3822213353285303 0.018776241404775868 0.9238800266151364
vn -0.3822213353285303 0.018776241404775868 0.9238800266151364
vn -0.38222101668200903 0.01877577060645953 0.9238801680113634
vn -0.38222101668200903 0.01877577060645953 0.9238801680113634
vn -0.38222101668200903 0.01877577060645953 0.9238801680113634
vn -0.37726753854150863 0.06415075792445032 -0.9238797998768833
vn -0.37726753854150863 0.06415075792445032 -0.9238797998768833
vn -0.37726753854150863 0.06415075792445032 -0.9238797998768833
vn -0.3772693277085753 0.06414878369534631 -0.9238792063471973
vn -0.3772693277085753 0.06414878369534631 -0.9238792063471973
vn -0.3772693277085753 0.06414878369534631 -0.9238792063471973
vn -0.9108072457201241 0.1548686165979136 -0.3826824698581972
vn -0.9108072457201241 0.1548686165979136 -0.3826824698581972
vn -0.9108072457201241 0.1548686165979136 -0.3826824698581972
vn -0.9108058205259949 0.1548719851644718 -0.3826844986502394
vn -0.9108058205259949 0.1548719851644718 -0.3826844986502394
vn -0.9108058205259949 0.1548719851644718 -0.3826844986502394
vn -0.9858495861850484 0.16763231615284974 0
vn -0.9858495861850484 0.16763231615284974 0
vn -0.9858495861850484 0.16763231615284974 0
vn -0.9858495861850484 0.16763231615284974 0
vn -0.9858495861850484 0.16763231615284974 0
vn -0.9858495861850484 0.16763231615284974 0
vn -0.9108068301693523 0.15487216336021375 0.38268202352995906
vn -0.9108068301693523 0.15487216336021375 0.38268202352995906
vn -0.9108068301693523 0.15487216336021375 0.38268202352995906
vn -0.9108066002484638 0.15486849911947825 0.3826840536582564
vn -0.9108066002484638 0.15486849911947825 0.3826840536582564
vn -0.9108066002484638 0.15486849911947825 0.3826840536582564
vn -0.37726693942507583 0.06414838066724243 0.9238802095913771
vn -0.37726693942507583 0.06414838066724243 0.9238802095913771
vn -0.37726693942507583 0.06414838066724243 0.9238802095913771
vn -0.37726798247185306 0.06415083190236706 0.9238796134604615
vn -0.37726798247185306 0.06415083190236706 0.9238796134604615
vn -0.37726798247185306 0.06415083190236706 0.9238796134604615
vn -0.3628720028757868 0.12153608297245885 -0.9238792616270952
vn -0.3628720028757868 0.12153608297245885 -0.9238792616270952
vn -0.3628720028757868 0.12153608297245885 -0.9238792616270952
vn -0.3628712378969948 0.12153681643900348 -0.9238794655998013
vn -0.3628712378969948 0.12153681643900348 -0.9238794655998013
vn -0.3628712378969948 0.12153681643900348 -0.9238794655998013
vn -0.8760478105610324 0.2934155532868469 -0.382684656996586
vn -0.8760478105610324 0.2934155532868469 -0.382684656996586
vn -0.8760478105610324 0.2934155532868469 -0.382684656996586
vn -0.8760491518340339 0.29341315917579824 -0.3826834221564184
vn -0.8760491518340339 0.29341315917579824 -0.3826834221564184
vn -0.8760491518340339 0.29341315917579824 -0.3826834221564184
vn -0.94822876369827 0.317588116426371 0
vn -0.94822876369827 0.317588116426371 0
vn -0.94822876369827 0.317588116426371 0
vn -0.94822876369827 0.317588116426371 0
vn -0.94822876369827 0.317588116426371 0
vn -0.94822876369827 0.317588116426371 0
vn -0.8760487972465494 0.29341301118249546 0.382684347356532
vn -0.8760487972465494 0.29341301118249546 0.382684347356532
vn -0.8760487972465494 0.29341301118249546 0.382684347356532
vn -0.8760483851110002 0.2934157547032665 0.38268318729246664
vn -0.8760483851110002 0.2934157547032665 0.38268318729246664
vn -0.8760483851110002 0.2934157547032665 0.38268318729246664
vn -0.362870968643831 0.12153673413688044 0.9238795821809405
vn -0.362870968643831 0.12153673413688044 0.9238795821809405
vn -0.362870968643831 0.12153673413688044 0.9238795821809405
vn -0.3628707801047585 0.1215356728971924 0.9238797958390425
vn -0.3628707801047585 0.1215356728971924 0.9238797958390425
vn -0.3628707801047585 0.1215356728971924 0.9238797958390425
vn -0.33202325627243134 0.1902823260742259 -0.9238794259415204
vn -0.33202325627243134 0.1902823260742259 -0.9238794259415204
vn -0.33202325627243134 0.1902823260742259 -0.9238794259415204
vn -0.3320212622155589 0.19028374323114752 -0.923879850683372
vn -0.3320212622155589 0.19028374323114752 -0.923879850683372
vn -0.3320212622155589 0.19028374323114752 -0.923879850683372
vn -0.8015718977862809 0.4593865528551048 -0.3826832733935518
vn -0.8015718977862809 0.4593865528551048 -0.3826832733935518
vn -0.8015718977862809 0.4593865528551048 -0.3826832733935518
vn -0.801574776826567 0.45938283789060197 -0.38268170247219324
vn -0.801574776826567 0.45938283789060197 -0.38268170247219324
vn -0.801574776826567 0.45938283789060197 -0.38268170247219324
vn -0.8676176098089124 0.4972320214441842 0
vn -0.8676176098089124 0.4972320214441842 0
vn -0.8676176098089124 0.4972320214441842 0
vn -0.8676176098089124 0.4972320214441842 0
vn -0.8676176098089124 0.4972320214441842 0
vn -0.8676176098089124 0.4972320214441842 0
vn -0.8015742846109344 0.45938256085629037 0.38268306603713903
vn -0.8015742846109344 0.45938256085629037 0.38268306603713903
vn -0.8015742846109344 0.45938256085629037 0.38268306603713903
vn -0.8015725203702733 0.4593868958895062 0.3826815575282555
vn -0.8015725203702733 0.4593868958895062 0.3826815575282555
vn -0.8015725203702733 0.4593868958895062 0.3826815575282555
vn -0.3320215965143992 0.19028394065613388 0.9238796898819686
vn -0.3320215965143992 0.19028394065613388 0.9238796898819686
vn -0.3320215965143992 0.19028394065613388 0.9238796898819686
vn -0.3320218341171343 0.19028151129928056 0.9238801048443223
vn -0.3320218341171343 0.19028151129928056 0.9238801048443223
vn -0.3320218341171343 0.19028151129928056 0.9238801048443223
vn -0.2778097090502939 0.263188123456462 -0.923879741756933
vn -0.2778097090502939 0.263188123456462 -0.923879741756933
vn -0.2778097090502939 0.263188123456462 -0.923879741756933
vn -0.27781247848321444 0.2631868994931145 -0.9238792576599038
vn -0.27781247848321444 0.2631868994931145 -0.9238792576599038
vn -0.27781247848321444 0.2631868994931145 -0.9238792576599038
vn -0.6706978664900596 0.6353885518349417 -0.38268232266826463
vn -0.6706978664900596 0.6353885518349417 -0.38268232266826463
vn -0.6706978664900596 0.6353885518349417 -0.38268232266826463
vn -0.6706930951319624 0.6353926021214423 -0.38268396009194156
vn -0.6706930951319624 0.6353926021214423 -0.38268396009194156
vn -0.6706930951319624 0.6353926021214423 -0.38268396009194156
vn -0.7259531052278674 0.6877442031816894 0
vn -0.7259531052278674 0.6877442031816894 0
vn -0.7259531052278674 0.6877442031816894 0
vn -0.7259531052278674 0.6877442031816894 0
vn -0.7259531052278674 0.6877442031816894 0
vn -0.7259531052278674 0.6877442031816894 0
vn -0.6706937501297039 0.6353932571535713 0.3826817245449931
vn -0.6706937501297039 0.6353932571535713 0.3826817245449931
vn -0.6706937501297039 0.6353932571535713 0.3826817245449931
vn -0.6706975112660601 0.6353883156936787 0.3826833373188113
vn -0.6706975112660601 0.6353883156936787 0.3826833373188113
vn -0.6706975112660601 0.6353883156936787 0.3826833373188113
vn -0.27781081125334905 0.26318529177838673 0.9238802169882638
vn -0.27781081125334905 0.26318529177838673 0.9238802169882638
vn -0.27781081125334905 0.26318529177838673 0.9238802169882638
vn -0.2778097068712608 0.2631881511944371 0.9238797345103735
vn -0.2778097068712608 0.2631881511944371 0.9238797345103735
vn -0.2778097068712608 0.2631881511944371 0.9238797345103735
vn -0.20091742032436397 0.3256976862816282 -0.9238794333466877
vn -0.20091742032436397 0.3256976862816282 -0.9238794333466877
vn -0.20091742032436397 0.3256976862816282 -0.9238794333466877
vn -0.20091685807335644 0.3256978119639794 -0.9238795113129238
vn -0.20091685807335644 0.3256978119639794 -0.9238795113129238
vn -0.20091685807335644 0.3256978119639794 -0.9238795113129238
vn -0.48505607510011306 0.7863038224837094 -0.3826838156441694
vn -0.48505607510011306 0.7863038224837094 -0.3826838156441694
vn -0.48505607510011306 0.7863038224837094 -0.3826838156441694
vn -0.48505710995188894 0.7863033323060705 -0.38268351112830834
vn -0.48505710995188894 0.7863033323060705 -0.38268351112830834
vn -0.48505710995188894 0.7863033323060705 -0.38268351112830834
vn -0.5250220970009037 0.8510885956589792 0
vn -0.5250220970009037 0.8510885956589792 0
vn -0.5250220970009037 0.8510885956589792 0
vn -0.5250220970009037 0.8510885956589792 0
vn -0.5250220970009037 0.8510885956589792 0
vn -0.5250220970009037 0.8510885956589792 0
vn -0.48505712715321353 0.7863033005856849 0.3826835545015351
vn -0.48505712715321353 0.7863033005856849 0.3826835545015351
vn -0.48505712715321353 0.7863033005856849 0.3826835545015351
vn -0.4850561859686126 0.7863040473813872 0.3826832130172837
vn -0.4850561859686126 0.7863040473813872 0.3826832130172837
vn -0.4850561859686126 0.7863040473813872 0.3826832130172837
vn -0.20091655902796365 0.3256973334698265 0.9238797450312499
vn -0.20091655902796365 0.3256973334698265 0.9238797450312499
vn -0.20091655902796365 0.3256973334698265 0.9238797450312499
vn -0.20091689894513348 0.3256968222759354 0.9238798513213874
vn -0.20091689894513348 0.3256968222759354 0.9238798513213874
vn -0.20091689894513348 0.3256968222759354 0.9238798513213874
vn -0.1143734387194607 0.36519238563249645 -0.9238794499238154
vn -0.1143734387194607 0.36519238563249645 -0.9238794499238154
vn -0.1143734387194607 0.36519238563249645 -0.9238794499238154
vn -0.11437329395676372 0.3651923456073024 -0.9238794836661955
vn -0.11437329395676372 0.3651923456073024 -0.9238794836661955
vn -0.11437329395676372 0.3651923456073024 -0.9238794836661955
vn -0.27612143277423196 0.8816519823185663 -0.3826835983373836
vn -0.27612143277423196 0.8816519823185663 -0.3826835983373836
vn -0.27612143277423196 0.8816519823185663 -0.3826835983373836
vn -0.2761173272301084 0.8816527204884631 -0.3826848599808894
vn -0.2761173272301084 0.8816527204884631 -0.3826848599808894
vn -0.2761173272301084 0.8816527204884631 -0.3826848599808894
vn -0.29886743893525325 0.9542946368623701 0
vn -0.29886743893525325 0.9542946368623701 0
vn -0.29886743893525325 0.9542946368623701 0
vn -0.29886743893525325 0.9542946368623701 0
vn -0.29886743893525325 0.9542946368623701 0
vn -0.29886743893525325 0.9542946368623701 0
vn -0.2761175316155294 0.8816534222349869 0.3826830957801545
vn -0.2761175316155294 0.8816534222349869 0.3826830957801545
vn -0.2761175316155294 0.8816534222349869 0.3826830957801545
vn -0.2761213408582175 0.8816516762839889 0.3826843697203906
vn -0.2761213408582175 0.8816516762839889 0.3826843697203906
vn -0.2761213408582175 0.8816516762839889 0.3826843697203906
vn -0.11437306563858615 0.3651916090100843 0.9238798030940266
vn -0.11437306563858615 0.3651916090100843 0.9238798030940266
vn -0.11437306563858615 0.3651916090100843 0.9238798030940266
vn -0.1143731649634801 0.3651915274813103 0.9238798230246745
vn -0.1143731649634801 0.3651915274813103 0.9238798230246745
vn -0.1143731649634801 0.3651915274813103 0.9238798230246745
vn -0.034482910472159546 0.3811269318838408 -0.923879424318011
vn -0.034482910472159546 0.3811269318838408 -0.923879424318011
vn -0.034482910472159546 0.3811269318838408 -0.923879424318011
vn -0.03448142046689746 0.3811263370623605 -0.9238797253106125
vn -0.03448142046689746 0.3811263370623605 -0.9238797253106125
vn -0.03448142046689746 0.3811263370623605 -0.9238797253106125
vn -0.08324556876886284 0.9201209632613474 -0.3826847112798714
vn -0.08324556876886284 0.9201209632613474 -0.3826847112798714
vn -0.08324556876886284 0.9201209632613474 -0.3826847112798714
vn -0.08325132948279045 0.9201214557383515 -0.38268227399408633
vn -0.08325132948279045 0.9201214557383515 -0.38268227399408633
vn -0.08325132948279045 0.9201214557383515 -0.38268227399408633
vn -0.09011053528231573 0.9959317704698123 0
vn -0.09011053528231573 0.9959317704698123 0
vn -0.09011053528231573 0.9959317704698123 0
vn -0.09011053528231573 0.9959317704698123 0
vn -0.09011053528231573 0.9959317704698123 0
vn -0.09011053528231573 0.9959317704698123 0
vn -0.08325123968955923 0.9201204977949168 0.38268459679974837
vn -0.08325123968955923 0.9201204977949168 0.38268459679974837
vn -0.08325123968955923 0.9201204977949168 0.38268459679974837
vn -0.08324567200575207 0.9201220839090931 0.38268199434399647
vn -0.08324567200575207 0.9201220839090931 0.38268199434399647
vn -0.08324567200575207 0.9201220839090931 0.38268199434399647
vn -0.03448142046689746 0.3811263370623605 0.9238797253106125
vn -0.03448142046689746 0.3811263370623605 0.9238797253106125
vn -0.03448142046689746 0.3811263370623605 0.9238797253106125
vn -0.034482774178382934 0.38112539920584193 0.9238800616774615
vn -0.034482774178382934 0.38112539920584193 0.9238800616774615
vn -0.034482774178382934 0.38112539920584193 0.9238800616774615
vn 0 0.3826830940244355 -0.9238796726565017
vn 0 0.3826830940244355 -0.9238796726565017
vn 0 0.3826830940244355 -0.9238796726565017
vn 0 0.3826830685865544 -0.9238796831932059
vn 0 0.3826830685865544 -0.9238796831932059
vn 0 0.3826830685865544 -0.9238796831932059
vn 0 0.9238798885036886 -0.38268257292227453
vn 0 0.9238798885036886 -0.38268257292227453
vn 0 0.9238798885036886 -0.38268257292227453
vn 0 0.9238798779669956 -0.3826825983601677
vn 0 0.9238798779669956 -0.3826825983601677
vn 0 0.9238798779669956 -0.3826825983601677
vn 0 1 0
vn 0 1 0
vn 0 1 0
vn 0 1 0
vn 0 1 0
vn 0 1 0
vn 0 0.9238800305938178 0.3826822298852745
vn 0 0.9238800305938178 0.3826822298852745
vn 0 0.9238800305938178 0.3826822298852745
vn 0 0.9238800305938178 0.3826822298852745
vn 0 0.9238800305938178 0.3826822298852745
vn 0 0.9238800305938178 0.3826822298852745
vn 0 0.3826822298852745 0.9238800305938178
vn 0 0.3826822298852745 0.9238800305938178
vn 0 0.3826822298852745 0.9238800305938178
vn 0 0.3826822298852745 0.9238800305938178
vn 0 0.3826822298852745 0.9238800305938178
vn 0 0.3826822298852745 0.9238800305938178
vn 0.3826830940244355 0 -0.9238796726565017
vn 0.3826830940244355 0 -0.9238796726565017
vn 0.3826830940244355 0 -0.9238796726565017
vn 0.3826830685865544 0 -0.9238796831932059
vn 0.3826830685865544 0 -0.9238796831932059
vn 0.3826830685865544 0 -0.9238796831932059
vn 0.9238798779669956 0 -0.3826825983601677
vn 0.9238798779669956 0 -0.3826825983601677
vn 0.9238798779669956 0 -0.3826825983601677
vn 0.9238798779669956 0 -0.3826825983601677
vn 0.9238798779669956 0 -0.3826825983601677
vn 0.9238798779669956 0 -0.3826825983601677
vn 1 0 0
vn 1 0 0
vn 1 0 0
vn 1 0 0
vn 1 0 0
vn 1 0 0
vn 0.9238800305938178 0 0.3826822298852745
vn 0.9238800305938178 0 0.3826822298852745
vn 0.9238800305938178 0 0.3826822298852745
vn 0.9238800305938178 0 0.3826822298852745
vn 0.9238800305938178 0 0.3826822298852745
vn 0.9238800305938178 0 0.3826822298852745
vn 0.3826822298852745 0 0.9238800305938178
vn 0.3826822298852745 0 0.9238800305938178
vn 0.3826822298852745 0 0.9238800305938178
vn 0.3826822298852745 0 0.9238800305938178
vn 0.3826822298852745 0 0.9238800305938178
vn 0.3826822298852745 0 0.9238800305938178
f 1/1/1 2/2/2 3/3/3
f 4/4/4 5/5/5 6/6/6
f 7/7/7 8/8/8 9/9/9
f 10/10/10 11/11/11 12/12/12
f 13/13/13 14/14/14 15/15/15
f 16/16/16 17/17/17 18/18/18
f 19/19/19 20/20/20 21/21/21
f 22/22/22 23/23/23 24/24/24
f 25/25/25 26/26/26 27/27/27
f 28/28/28 29/29/29 30/30/30
f 31/31/31 32/32/32 33/33/33
f 34/34/34 35/35/35 36/36/36
f 37/37/37 38/38/38 39/39/39
f 40/40/40 41/41/41 42/42/42
f 43/43/43 44/44/44 45/45/45
f 46/46/46 47/47/47 48/48/48
f 49/49/49 50/50/50 51/51/51
f 52/52/52 53/53/53 54/54/54
f 55/55/55 56/56/56 57/57/57
f 58/58/58 59/59/59 60/60/60
f 61/61/61 62/62/62 63/63/63
f 64/64/64 65/65/65 66/66/66
f 67/67/67 68/68/68 69/69/69
f 70/70/70 71/71/71 72/72/72
f 73/73/73 74/74/74 75/75/75
f 76/76/76 77/77/77 78/78/78
f 79/79/79 80/80/80 81/81/81
f 82/82/82 83/83/83 84/84/84
f 85/85/85 86/86/86 87/87/87
f 88/88/88 89/89/89 90/90/90
f 91/91/91 92/92/92 93/93/93
f 94/94/94 95/95/95 96/96/96
f 97/97/97 98/98/98 99/99/99
f 100/100/100 101/101/101 102/102/102
f 103/103/103 104/104/104 105/105/105
f 106/106/106 107/107/107 108/108/108
f 109/109/109 110/110/110 111/111/111
f 112/112/112 113/113/113 114/114/114
f 115/115/115 116/116/116 117/117/117
f 118/118/118 119/119/119 120/120/120
f 121/121/121 122/122/122 123/123/123
f 124/124/124 125/125/125 126/126/126
f 127/127/127 128/128/128 129/129/129
f 130/130/130 131/131/131 132/132/132
f 133/133/133 134/134/134 135/135/135
f 136/136/136 137/137/137 138/138/138
f 139/139/139 140/140/140 141/141/141
f 142/142/142 143/143/143 144/144/144
f 145/145/145 146/146/146 147/147/147
f 148/148/148 149/149/149 150/150/150
f 151/151/151 152/152/152 153/153/153
f 154/154/154 155/155/155 156/156/156
f 157/157/157 158/158/158 159/159/159
f 160/160/160 161/161/161 162/162/162
f 163/163/163 164/164/164 165/165/165
f 166/166/166 167/167/167 168/168/168
f 169/169/169 170/170/170 171/171/171
f 172/172/172 173/173/173 174/174/174
f 175/175/175 176/176/176 177/177/177
f 178/178/178 179/179/179 180/180/180
f 181/181/181 182/182/182 183/183/183
f 184/184/184 185/185/185 186/186/186
f 187/187/187 188/188/188 189/189/189
f 190/190/190 191/191/191 192/192/192
f 193/193/193 194/194/194 195/195/195
f 196/196/196 197/197/197 198/198/198
f 199/199/199 200/200/200 201/201/201
f 202/202/202 203/203/203 204/204/204
f 205/205/205 206/206/206 207/207/207
f 208/208/208 209/209/209 210/210/210
f 211/211/211 212/212/212 213/213/213
f 214/214/214 215/215/215 216/216/216
f 217/217/217 218/218/218 219/219/219
f 220/220/220 221/221/221 222/222/222
f 223/223/223 224/224/224 225/225/225
f 226/226/226 227/227/227 228/228/228
f 229/229/229 230/230/230 231/231/231
f 232/232/232 233/233/233 234/234/234
f 235/235/235 236/236/236 237/237/237
f 238/238/238 239/239/239 240/240/240
f 241/241/241 242/242/242 243/243/243
f 244/244/244 245/245/245 246/246/246
f 247/247/247 248/248/248 249/249/249
f 250/250/250 251/251/251 252/252/252
f 253/253/253 254/254/254 255/255/255
f 256/256/256 257/257/257 258/258/258
f 259/259/259 260/260/260 261/261/261
f 262/262/262 263/263/263 264/264/264
f 265/265/265 266/266/266 267/267/267
f 268/268/268 269/269/269 270/270/270
f 271/271/271 272/272/272 273/273/273
f 274/274/274 275/275/275 276/276/276
f 277/277/277 278/278/278 279/279/279
f 280/280/280 281/281/281 282/282/282
f 283/283/283 284/284/284 285/285/285
f 286/286/286 287/287/287 288/288/288
f 289/289/289 290/290/290 291/291/291
f 292/292/292 293/293/293 294/294/294
f 295/295/295 296/296/296 297/297/297
f 298/298/298 299/299/299 300/300/300
f 301/301/301 302/302/302 303/303/303
f 304/304/304 305/305/305 306/306/306
f 307/307/307 308/308/308 309/309/309
f 310/310/310 311/311/311 312/312/312
f 313/313/313 314/314/314 315/315/315
f 316/316/316 317/317/317 318/318/318
f 319/319/319 320/320/320 321/321/321
f 322/322/322 323/323/323 324/324/324
f 325/325/325 326/326/326 327/327/327
f 328/328/328 329/329/329 330/330/330
f 331/331/331 332/332/332 333/333/333
f 334/334/334 335/335/335 336/336/336
f 337/337/337 338/338/338 339/339/339
f 340/340/340 341/341/341 342/342/342
f 343/343/343 344/344/344 345/345/345
f 346/346/346 347/347/347 348/348/348
f 349/349/349 350/350/350 351/351/351
f 352/352/352 353/353/353 354/354/354
f 355/355/355 356/356/356 357/357/357
f 358/358/358 359/359/359 360/360/360
f 361/361/361 362/362/362 363/363/363
f 364/364/364 365/365/365 366/366/366
f 367/367/367 368/368/368 369/369/369
f 370/370/370 371/371/371 372/372/372
f 373/373/373 374/374/374 375/375/375
f 376/376/376 377/377/377 378/378/378
f 379/379/379 380/380/380 381/381/381
f 382/382/382 383/383/383 384/384/384
f 385/385/385 386/386/386 387/387/387
f 388/388/388 389/389/389 390/390/390
f 391/391/391 392/392/392 393/393/393
f 394/394/394 395/395/395 396/396/396
f 397/397/397 398/398/398 399/399/399
f 400/400/400 401/401/401 402/402/402
f 403/403/403 404/404/404 405/405/405
f 406/406/406 407/407/407 408/408/408
f 409/409/409 410/410/410 411/411/411
f 412/412/412 413/413/413 414/414/414
f 415/415/415 416/416/416 417/417/417
f 418/418/418 419/419/419 420/420/420
f 421/421/421 422/422/422 423/423/423
f 424/424/424 425/425/425 426/426/426
f 427/427/427 428/428/428 429/429/429
f 430/430/430 431/431/431 432/432/432
f 433/433/433 434/434/434 435/435/435
f 436/436/436 437/437/437 438/438/438
f 439/439/439 440/440/440 441/441/441
f 442/442/442 443/443/443 444/444/444
f 445/445/445 446/446/446 447/447/447
f 448/448/448 449/449/449 450/450/450
f 451/451/451 452/452/452 453/453/453
f 454/454/454 455/455/455 456/456/456
f 457/457/457 458/458/458 459/459/459
f 460/460/460 461/461/461 462/462/462
f 463/463/463 464/464/464 465/465/465
f 466/466/466 467/467/467 468/468/468
f 469/469/469 470/470/470 471/471/471
f 472/472/472 473/473/473 474/474/474
f 475/475/475 476/476/476 477/477/477
f 478/478/478 479/479/479 480/480/480
f 481/481/481 482/482/482 483/483/483
f 484/484/484 485/485/485 486/486/486
f 487/487/487 488/488/488 489/489/489
f 490/490/490 491/491/491 492/492/492
f 493/493/493 494/494/494 495/495/495
f 496/496/496 497/497/497 498/498/498
f 499/499/499 500/500/500 501/501/501
f 502/502/502 503/503/503 504/504/504
f 505/505/505 506/506/506 507/507/507
f 508/508/508 509/509/509 510/510/510
f 511/511/511 512/512/512 513/513/513
f 514/514/514 515/515/515 516/516/516
f 517/517/517 518/518/518 519/519/519
f 520/520/520 521/521/521 522/522/522
f 523/523/523 524/524/524 525/525/525
f 526/526/526 527/527/527 528/528/528
f 529/529/529 530/530/530 531/531/531
f 532/532/532 533/533/533 534/534/534
f 535/535/535 536/536/536 537/537/537
f 538/538/538 539/539/539 540/540/540
f 541/541/541 542/542/542 543/543/543
f 544/544/544 545/545/545 546/546/546
f 547/547/547 548/548/548 549/549/549
f 550/550/550 551/551/551 552/552/552
f 553/553/553 554/554/554 555/555/555
f 556/556/556 557/557/557 558/558/558
f 559/559/559 560/560/560 561/561/561
f 562/562/562 563/563/563 564/564/564
f 565/565/565 566/566/566 567/567/567
f 568/568/568 569/569/569 570/570/570
f 571/571/571 572/572/572 573/573/573
f 574/574/574 575/575/575 576/576/576
f 577/577/577 578/578/578 579/579/579
f 580/580/580 581/581/581 582/582/582
f 583/583/583 584/584/584 585/585/585
f 586/586/586 587/587/587 588/588/588
f 589/589/589 590/590/590 591/591/591
f 592/592/592 593/593/593 594/594/594
f 595/595/595 596/596/596 597/597/597
f 598/598/598 599/599/599 600/600/600
f 601/601/601 602/602/602 603/603/603
f 604/604/604 605/605/605 606/606/606
f 607/607/607 608/608/608 609/609/609
f 610/610/610 611/611/611 612/612/612
f 613/613/613 614/614/614 615/615/615
f 616/616/616 617/617/617 618/618/618
f 619/619/619 620/620/620 621/621/621
f 622/622/622 623/623/623 624/624/624
f 625/625/625 626/626/626 627/627/627
f 628/628/628 629/629/629 630/630/630
f 631/631/631 632/632/632 633/633/633
f 634/634/634 635/635/635 636/636/636
f 637/637/637 638/638/638 639/639/639
f 640/640/640 641/641/641 642/642/642
f 643/643/643 644/644/644 645/645/645
f 646/646/646 647/647/647 648/648/648
f 649/649/649 650/650/650 651/651/651
f 652/652/652 653/653/653 654/654/654
f 655/655/655 656/656/656 657/657/657
f 658/658/658 659/659/659 660/660/660
f 661/661/661 662/662/662 663/663/663
f 664/664/664 665/665/665 666/666/666
f 667/667/667 668/668/668 669/669/669
f 670/670/670 671/671/671 672/672/672
f 673/673/673 674/674/674 675/675/675
f 676/676/676 677/677/677 678/678/678
f 679/679/679 680/680/680 681/681/681
f 682/682/682 683/683/683 684/684/684
f 685/685/685 686/686/686 687/687/687
f 688/688/688 689/689/689 690/690/690
f 691/691/691 692/692/692 693/693/693
f 694/694/694 695/695/695 696/696/696
f 697/697/697 698/698/698 699/699/699
f 700/700/700 701/701/701 702/702/702
f 703/703/703 704/704/704 705/705/705
f 706/706/706 707/707/707 708/708/708
f 709/709/709 710/710/710 711/711/711
f 712/712/712 713/713/713 714/714/714
f 715/715/715 716/716/716 717/717/717
f 718/718/718 719/719/719 720/720/720
f 721/721/721 722/722/722 723/723/723
f 724/724/724 725/725/725 726/726/726
f 727/727/727 728/728/728 729/729/729
f 730/730/730 731/731/731 732/732/732
f 733/733/733 734/734/734 735/735/735
f 736/736/736 737/737/737 738/738/738
f 739/739/739 740/740/740 741/741/741
f 742/742/742 743/743/743 744/744/744
f 745/745/745 746/746/746 747/747/747
f 748/748/748 749/749/749 750/750/750
f 751/751/751 752/752/752 753/753/753
f 754/754/754 755/755/755 756/756/756
f 757/757/757 758/758/758 759/759/759
f 760/760/760 761/761/761 762/762/762
f 763/763/763 764/764/764 765/765/765
f 766/766/766 767/767/767 768/768/768
f 769/769/769 770/770/770 771/771/771
f 772/772/772 773/773/773 774/774/774
f 775/775/775 776/776/776 777/777/777
f 778/778/778 779/779/779 780/780/780
f 781/781/781 782/782/782 783/783/783
f 784/784/784 785/785/785 786/786/786
f 787/787/787 788/788/788 789/789/789
f 790/790/790 791/791/791 792/792/792
f 793/793/793 794/794/794 795/795/795
f 796/796/796 797/797/797 798/798/798
f 799/799/799 800/800/800 801/801/801
f 802/802/802 803/803/803 804/804/804
f 805/805/805 806/806/806 807/807/807
f 808/808/808 809/809/809 810/810/810
f 811/811/811 812/812/812 813/813/813
f 814/814/814 815/815/815 816/816/816
f 817/817/817 818/818/818 819/819/819
f 820/820/820 821/821/821 822/822/822
f 823/823/823 824/824/824 825/825/825
f 826/826/826 827/827/827 828/828/828
f 829/829/829 830/830/830 831/831/831
f 832/832/832 833/833/833 834/834/834
f 835/835/835 836/836/836 837/837/837
f 838/838/838 839/839/839 840/840/840
f 841/841/841 842/842/842 843/843/843
f 844/844/844 845/845/845 846/846/846
f 847/847/847 848/848/848 849/849/849
f 850/850/850 851/851/851 852/852/852
f 853/853/853 854/854/854 855/855/855
f 856/856/856 857/857/857 858/858/858
f 859/859/859 860/860/860 861/861/861
f 862/862/862 863/863/863 864/864/864
f 865/865/865 866/866/866 867/867/867
f 868/868/868 869/869/869 870/870/870
f 871/871/871 872/872/872 873/873/873
f 874/874/874 875/875/875 876/876/876
f 877/877/877 878/878/878 879/879/879
f 880/880/880 881/881/881 882/882/882
f 883/883/883 884/884/884 885/885/885
f 886/886/886 887/887/887 888/888/888
f 889/889/889 890/890/890 891/891/891
f 892/892/892 893/893/893 894/894/894
f 895/895/895 896/896/896 897/897/897
f 898/898/898 899/899/899 900/900/900
f 901/901/901 902/902/902 903/903/903
f 904/904/904 905/905/905 906/906/906
f 907/907/907 908/908/908 909/909/909
f 910/910/910 911/911/911 912/912/912
f 913/913/913 914/914/914 915/915/915
f 916/916/916 917/917/917 918/918/918
f 919/919/919 920/920/920 921/921/921
f 922/922/922 923/923/923 924/924/924
f 925/925/925 926/926/926 927/927/927
f 928/928/928 929/929/929 930/930/930
f 931/931/931 932/932/932 933/933/933
f 934/934/934 935/935/935 936/936/936
f 937/937/937 938/938/938 939/939/939
f 940/940/940 941/941/941 942/942/942
f 943/943/943 944/944/944 945/945/945
f 946/946/946 947/947/947 948/948/948
f 949/949/949 950/950/950 951/951/951
f 952/952/952 953/953/953 954/954/954
f 955/955/955 956/956/956 957/957/957
f 958/958/958 959/959/959 960/960/960
f 961/961/961 962/962/962 963/963/963
f 964/964/964 965/965/965 966/966/966
f 967/967/967 968/968/968 969/969/969
f 970/970/970 971/971/971 972/972/972
f 973/973/973 974/974/974 975/975/975
f 976/976/976 977/977/977 978/978/978
f 979/979/979 980/980/980 981/981/981
f 982/982/982 983/983/983 984/984/984
f 985/985/985 986/986/986 987/987/987
f 988/988/988 989/989/989 990/990/990
f 991/991/991 992/992/992 993/993/993
f 994/994/994 995/995/995 996/996/996
f 997/997/997 998/998/998 999/999/999
f 1000/1000/1000 1001/1001/1001 1002/1002/1002
f 1003/1003/1003 1004/1004/1004 1005/1005/1005
f 1006/1006/1006 1007/1007/1007 1008/1008/1008
f 1009/1009/1009 1010/1010/1010 1011/1011/1011
f 1012/1012/1012 1013/1013/1013 1014/1014/1014
f 1015/1015/1015 1016/1016/1016 1017/1017/1017
f 1018/1018/1018 1019/1019/1019 1020/1020/1020
f 1021/1021/1021 1022/1022/1022 1023/1023/1023
f 1024/1024/1024 1025/1025/1025 1026/1026/1026
f 1027/1027/1027 1028/1028/1028 1029/1029/1029
f 1030/1030/1030 1031/1031/1031 1032/1032/1032
f 1033/1033/1033 1034/1034/1034 1035/1035/1035
f 1036/1036/1036 1037/1037/1037 1038/1038/1038
f 1039/1039/1039 1040/1040/1040 1041/1041/1041
f 1042/1042/1042 1043/1043/1043 1044/1044/1044
f 1045/1045/1045 1046/1046/1046 1047/1047/1047
f 1048/1048/1048 1049/1049/1049 1050/1050/1050
f 1051/1051/1051 1052/1052/1052 1053/1053/1053
f 1054/1054/1054 1055/1055/1055 1056/1056/1056
f 1057/1057/1057 1058/1058/1058 1059/1059/1059
f 1060/1060/1060 1061/1061/1061 1062/1062/1062
f 1063/1063/1063 1064/1064/1064 1065/1065/1065
f 1066/1066/1066 1067/1067/1067 1068/1068/1068
f 1069/1069/1069 1070/1070/1070 1071/1071/1071
f 1072/1072/1072 1073/1073/1073 1074/1074/1074
f 1075/1075/1075 1076/1076/1076 1077/1077/1077
f 1078/1078/1078 1079/1079/1079 1080/1080/1080
f 1081/1081/1081 1082/1082/1082 1083/1083/1083
f 1084/1084/1084 1085/1085/1085 1086/1086/1086
f 1087/1087/1087 1088/1088/1088 1089/1089/1089
f 1090/1090/1090 1091/1091/1091 1092/1092/1092
f 1093/1093/1093 1094/1094/1094 1095/1095/1095
f 1096/1096/1096 1097/1097/1097 1098/1098/1098
f 1099/1099/1099 1100/1100/1100 1101/1101/1101
f 1102/1102/1102 1103/1103/1103 1104/1104/1104
f 1105/1105/1105 1106/1106/1106 1107/1107/1107
f 1108/1108/1108 1109/1109/1109 1110/1110/1110
f 1111/1111/1111 1112/1112/1112 1113/1113/1113
f 1114/1114/1114 1115/1115/1115 1116/1116/1116
f 1117/1117/1117 1118/1118/1118 1119/1119/1119
f 1120/1120/1120 1121/1121/1121 1122/1122/1122
f 1123/1123/1123 1124/1124/1124 1125/1125/1125
f 1126/1126/1126 1127/1127/1127 1128/1128/1128
f 1129/1129/1129 1130/1130/1130 1131/1131/1131
f 1132/1132/1132 1133/1133/1133 1134/1134/1134
f 1135/1135/1135 1136/1136/1136 1137/1137/1137
f 1138/1138/1138 1139/1139/1139 1140/1140/1140
f 1141/1141/1141 1142/1142/1142 1143/1143/1143
f 1144/1144/1144 1145/1145/1145 1146/1146/1146
f 1147/1147/1147 1148/1148/1148 1149/1149/1149
f 1150/1150/1150 1151/1151/1151 1152/1152/1152
f 1153/1153/1153 1154/1154/1154 1155/1155/1155
f 1156/1156/1156 1157/1157/1157 1158/1158/1158
f 1159/1159/1159 1160/1160/1160 1161/1161/1161
f 1162/1162/1162 1163/1163/1163 1164/1164/1164
f 1165/1165/1165 1166/1166/1166 1167/1167/1167
f 1168/1168/1168 1169/1169/1169 1170/1170/1170
f 1171/1171/1171 1172/1172/1172 1173/1173/1173
f 1174/1174/1174 1175/1175/1175 1176/1176/1176
f 1177/1177/1177 1178/1178/1178 1179/1179/1179
f 1180/1180/1180 1181/1181/1181 1182/1182/1182
f 1183/1183/1183 1184/1184/1184 1185/1185/1185
f 1186/1186/1186 1187/1187/1187 1188/1188/1188
f 1189/1189/1189 1190/1190/1190 1191/1191/1191
f 1192/1192/1192 1193/1193/1193 1194/1194/1194
f 1195/1195/1195 1196/1196/1196 1197/1197/1197
f 1198/1198/1198 1199/1199/1199 1200/1200/1200
f 1201/1201/1201 1202/1202/1202 1203/1203/1203
f 1204/1204/1204 1205/1205/1205 1206/1206/1206
f 1207/1207/1207 1208/1208/1208 1209/1209/1209
f 1210/1210/1210 1211/1211/1211 1212/1212/1212
f 1213/1213/1213 1214/1214/1214 1215/1215/1215
f 1216/1216/1216 1217/1217/1217 1218/1218/1218
f 1219/1219/1219 1220/1220/1220 1221/1221/1221
f 1222/1222/1222 1223/1223/1223 1224/1224/1224
f 1225/1225/1225 1226/1226/1226 1227/1227/1227
f 1228/1228/1228 1229/1229/1229 1230/1230/1230
f 1231/1231/1231 1232/1232/1232 1233/1233/1233
f 1234/1234/1234 1235/1235/1235 1236/1236/1236
f 1237/1237/1237 1238/1238/1238 1239/1239/1239
f 1240/1240/1240 1241/1241/1241 1242/1242/1242
f 1243/1243/1243 1244/1244/1244 1245/1245/1245
f 1246/1246/1246 1247/1247/1247 1248/1248/1248
f 1249/1249/1249 1250/1250/1250 1251/1251/1251
f 1252/1252/1252 1253/1253/1253 1254/1254/1254
f 1255/1255/1255 1256/1256/1256 1257/1257/1257
f 1258/1258/1258 1259/1259/1259 1260/1260/1260
f 1261/1261/1261 1262/1262/1262 1263/1263/1263
f 1264/1264/1264 1265/1265/1265 1266/1266/1266
f 1267/1267/1267 1268/1268/1268 1269/1269/1269
f 1270/1270/1270 1271/1271/1271 1272/1272/1272
f 1273/1273/1273 1274/1274/1274 1275/1275/1275
f 1276/1276/1276 1277/1277/1277 1278/1278/1278
f 1279/1279/1279 1280/1280/1280 1281/1281/1281
f 1282/1282/1282 1283/1283/1283 1284/1284/1284
f 1285/1285/1285 1286/1286/1286 1287/1287/1287
f 1288/1288/1288 1289/1289/1289 1290/1290/1290
f 1291/1291/1291 1292/1292/1292 1293/1293/1293
f 1294/1294/1294 1295/1295/1295 1296/1296/1296
f 1297/1297/1297 1298/1298/1298 1299/1299/1299
f 1300/1300/1300 1301/1301/1301 1302/1302/1302
f 1303/1303/1303 1304/1304/1304 1305/1305/1305
f 1306/1306/1306 1307/1307/1307 1308/1308/1308
f 1309/1309/1309 1310/1310/1310 1311/1311/1311
f 1312/1312/1312 1313/1313/1313 1314/1314/1314
f 1315/1315/1315 1316/1316/1316 1317/1317/1317
f 1318/1318/1318 1319/1319/1319 1320/1320/1320
f 1321/1321/1321 1322/1322/1322 1323/1323/1323
f 1324/1324/1324 1325/1325/1325 1326/1326/1326
f 1327/1327/1327 1328/1328/1328 1329/1329/1329
f 1330/1330/1330 1331/1331/1331 1332/1332/1332
f 1333/1333/1333 1334/1334/1334 1335/1335/1335
f 1336/1336/1336 1337/1337/1337 1338/1338/1338
f 1339/1339/1339 1340/1340/1340 1341/1341/1341
f 1342/1342/1342 1343/1343/1343 1344/1344/1344
f 1345/1345/1345 1346/1346/1346 1347/1347/1347
f 1348/1348/1348 1349/1349/1349 1350/1350/1350
f 1351/1351/1351 1352/1352/1352 1353/1353/1353
f 1354/1354/1354 1355/1355/1355 1356/1356/1356
f 1357/1357/1357 1358/1358/1358 1359/1359/1359
f 1360/1360/1360 1361/1361/1361 1362/1362/1362
f 1363/1363/1363 1364/1364/1364 1365/1365/1365
f 1366/1366/1366 1367/1367/1367 1368/1368/1368
f 1369/1369/1369 1370/1370/1370 1371/1371/1371
f 1372/1372/1372 1373/1373/1373 1374/1374/1374
f 1375/1375/1375 1376/1376/1376 1377/1377/1377
f 1378/1378/1378 1379/1379/1379 1380/1380/1380
f 1381/1381/1381 1382/1382/1382 1383/1383/1383
f 1384/1384/1384 1385/1385/1385 1386/1386/1386
f 1387/1387/1387 1388/1388/1388 1389/1389/1389
f 1390/1390/1390 1391/1391/1391 1392/1392/1392
f 1393/1393/1393 1394/1394/1394 1395/1395/1395
f 1396/1396/1396 1397/1397/1397 1398/1398/1398
f 1399/1399/1399 1400/1400/1400 1401/1401/1401
f 1402/1402/1402 1403/1403/1403 1404/1404/1404
f 1405/1405/1405 1406/1406/1406 1407/1407/1407
f 1408/1408/1408 1409/1409/1409 1410/1410/1410
f 1411/1411/1411 1412/1412/1412 1413/1413/1413
f 1414/1414/1414 1415/1415/1415 1416/1416/1416
f 1417/1417/1417 1418/1418/1418 1419/1419/1419
f 1420/1420/1420 1421/1421/1421 1422/1422/1422
f 1423/1423/1423 1424/1424/1424 1425/1425/1425
f 1426/1426/1426 1427/1427/1427 1428/1428/1428
f 1429/1429/1429 1430/1430/1430 1431/1431/1431
f 1432/1432/1432 1433/1433/1433 1434/1434/1434
f 1435/1435/1435 1436/1436/1436 1437/1437/1437
f 1438/1438/1438 1439/1439/1439 1440/1440/1440
f 1441/1441/1441 1442/1442/1442 1443/1443/1443
f 1444/1444/1444 1445/1445/1445 1446/1446/1446
f 1447/1447/1447 1448/1448/1448 1449/1449/1449
f 1450/1450/1450 1451/1451/1451 1452/1452/1452
f 1453/1453/1453 1454/1454/1454 1455/1455/1455
f 1456/1456/1456 1457/1457/1457 1458/1458/1458
f 1459/1459/1459 1460/1460/1460 1461/1461/1461
f 1462/1462/1462 1463/1463/1463 1464/1464/1464
f 1465/1465/1465 1466/1466/1466 1467/1467/1467
f 1468/1468/1468 1469/1469/1469 1470/1470/1470
f 1471/1471/1471 1472/1472/1472 1473/1473/1473
f 1474/1474/1474 1475/1475/1475 1476/1476/1476
f 1477/1477/1477 1478/1478/1478 1479/1479/1479
f 1480/1480/1480 1481/1481/1481 1482/1482/1482
f 1483/1483/1483 1484/1484/1484 1485/1485/1485
f 1486/1486/1486 1487/1487/1487 1488/1488/1488
f 1489/1489/1489 1490/1490/1490 1491/1491/1491
f 1492/1492/1492 1493/1493/1493 1494/1494/1494
f 1495/1495/1495 1496/1496/1496 1497/1497/1497
f 1498/1498/1498 1499/1499/1499 1500/1500/1500
f 1501/1501/1501 1502/1502/1502 1503/1503/1503
f 1504/1504/1504 1505/1505/1505 1506/1506/1506
f 1507/1507/1507 1508/1508/1508 1509/1509/1509
f 1510/1510/1510 1511/1511/1511 1512/1512/1512
f 1513/1513/1513 1514/1514/1514 1515/1515/1515
f 1516/1516/1516 1517/1517/1517 1518/1518/1518
f 1519/1519/1519 1520/1520/1520 1521/1521/1521
f 1522/1522/1522 1523/1523/1523 1524/1524/1524
f 1525/1525/1525 1526/1526/1526 1527/1527/1527
f 1528/1528/1528 1529/1529/1529 1530/1530/1530
f 1531/1531/1531 1532/1532/1532 1533/1533/1533
f 1534/1534/1534 1535/1535/1535 1536/1536/1536
f 1537/1537/1537 1538/1538/1538 1539/1539/1539
f 1540/1540/1540 1541/1541/1541 1542/1542/1542
f 1543/1543/1543 1544/1544/1544 1545/1545/1545
f 1546/1546/1546 1547/1547/1547 1548/1548/1548
f 1549/1549/1549 1550/1550/1550 1551/1551/1551
f 1552/1552/1552 1553/1553/1553 1554/1554/1554
f 1555/1555/1555 1556/1556/1556 1557/1557/1557
f 1558/1558/1558 1559/1559/1559 1560/1560/1560
f 1561/1561/1561 1562/1562/1562 1563/1563/1563
f 1564/1564/1564 1565/1565/1565 1566/1566/1566
f 1567/1567/1567 1568/1568/1568 1569/1569/1569
f 1570/1570/1570 1571/1571/1571 1572/1572/1572
f 1573/1573/1573 1574/1574/1574 1575/1575/1575
f 1576/1576/1576 1577/1577/1577 1578/1578/1578
f 1579/1579/1579 1580/1580/1580 1581/1581/1581
f 1582/1582/1582 1583/1583/1583 1584/1584/1584
f 1585/1585/1585 1586/1586/1586 1587/1587/1587
f 1588/1588/1588 1589/1589/1589 1590/1590/1590
f 1591/1591/1591 1592/1592/1592 1593/1593/1593
f 1594/1594/1594 1595/1595/1595 1596/1596/1596
f 1597/1597/1597 1598/1598/1598 1599/1599/1599
f 1600/1600/1600 1601/1601/1601 1602/1602/1602
f 1603/1603/1603 1604/1604/1604 1605/1605/1605
f 1606/1606/1606 1607/1607/1607 1608/1608/1608
f 1609/1609/1609 1610/1610/1610 1611/1611/1611
f 1612/1612/1612 1613/1613/1613 1614/1614/1614
f 1615/1615/1615 1616/1616/1616 1617/1617/1617
f 1618/1618/1618 1619/1619/1619 1620/1620/1620
f 1621/1621/1621 1622/1622/1622 1623/1623/1623
f 1624/1624/1624 1625/1625/1625 1626/1626/1626
f 1627/1627/1627 1628/1628/1628 1629/1629/1629
f 1630/1630/1630 1631/1631/1631 1632/1632/1632
f 1633/1633/1633 1634/1634/1634 1635/1635/1635
f 1636/1636/1636 1637/1637/1637 1638/1638/1638
f 1639/1639/1639 1640/1640/1640 1641/1641/1641
f 1642/1642/1642 1643/1643/1643 1644/1644/1644
f 1645/1645/1645 1646/1646/1646 1647/1647/1647
f 1648/1648/1648 1649/1649/1649 1650/1650/1650
f 1651/1651/1651 1652/1652/1652 1653/1653/1653
f 1654/1654/1654 1655/1655/1655 1656/1656/1656
f 1657/1657/1657 1658/1658/1658 1659/1659/1659
f 1660/1660/1660 1661/1661/1661 1662/1662/1662
f 1663/1663/1663 1664/1664/1664 1665/1665/1665
f 1666/1666/1666 1667/1667/1667 1668/1668/1668
f 1669/1669/1669 1670/1670/1670 1671/1671/1671
f 1672/1672/1672 1673/1673/1673 1674/1674/1674
f 1675/1675/1675 1676/1676/1676 1677/1677/1677
f 1678/1678/1678 1679/1679/1679 1680/1680/1680
f 1681/1681/1681 1682/1682/1682 1683/1683/1683
f 1684/1684/1684 1685/1685/1685 1686/1686/1686
f 1687/1687/1687 1688/1688/1688 1689/1689/1689
f 1690/1690/1690 1691/1691/1691 1692/1692/1692
f 1693/1693/1693 1694/1694/1694 1695/1695/1695
f 1696/1696/1696 1697/1697/1697 1698/1698/1698
f 1699/1699/1699 1700/1700/1700 1701/1701/1701
f 1702/1702/1702 1703/1703/1703 1704/1704/1704
f 1705/1705/1705 1706/1706/1706 1707/1707/1707
f 1708/1708/1708 1709/1709/1709 1710/1710/1710
f 1711/1711/1711 1712/1712/1712 1713/1713/1713
f 1714/1714/1714 1715/1715/1715 1716/1716/1716
f 1717/1717/1717 1718/1718/1718 1719/1719/1719
f 1720/1720/1720 1721/1721/1721 1722/1722/1722
f 1723/1723/1723 1724/1724/1724 1725/1725/1725
f 1726/1726/1726 1727/1727/1727 1728/1728/1728
f 1729/1729/1729 1730/1730/1730 1731/1731/1731
f 1732/1732/1732 1733/1733/1733 1734/1734/1734
f 1735/1735/1735 1736/1736/1736 1737/1737/1737
f 1738/1738/1738 1739/1739/1739 1740/1740/1740
f 1741/1741/1741 1742/1742/1742 1743/1743/1743
f 1744/1744/1744 1745/1745/1745 1746/1746/1746
f 1747/1747/1747 1748/1748/1748 1749/1749/1749
f 1750/1750/1750 1751/1751/1751 1752/1752/1752
f 1753/1753/1753 1754/1754/1754 1755/1755/1755
f 1756/1756/1756 1757/1757/1757 1758/1758/1758
f 1759/1759/1759 1760/1760/1760 1761/1761/1761
f 1762/1762/1762 1763/1763/1763 1764/1764/1764
f 1765/1765/1765 1766/1766/1766 1767/1767/1767
f 1768/1768/1768 1769/1769/1769 1770/1770/1770
f 1771/1771/1771 1772/1772/1772 1773/1773/1773
f 1774/1774/1774 1775/1775/1775 1776/1776/1776
f 1777/1777/1777 1778/1778/1778 1779/1779/1779
f 1780/1780/1780 1781/1781/1781 1782/1782/1782
f 1783/1783/1783 1784/1784/1784 1785/1785/1785
f 1786/1786/1786 1787/1787/1787 1788/1788/1788
f 1789/1789/1789 1790/1790/1790 1791/1791/1791
f 1792/1792/1792 1793/1793/1793 1794/1794/1794
f 1795/1795/1795 1796/1796/1796 1797/1797/1797
f 1798/1798/1798 1799/1799/1799 1800/1800/1800
f 1801/1801/1801 1802/1802/1802 1803/1803/1803
f 1804/1804/1804 1805/1805/1805 1806/1806/1806
f 1807/1807/1807 1808/1808/1808 1809/1809/1809
f 1810/1810/1810 1811/1811/1811 1812/1812/1812
f 1813/1813/1813 1814/1814/1814 1815/1815/1815
f 1816/1816/1816 1817/1817/1817 1818/1818/1818
f 1819/1819/1819 1820/1820/1820 1821/1821/1821
f 1822/1822/1822 1823/1823/1823 1824/1824/1824
f 1825/1825/1825 1826/1826/1826 1827/1827/1827
f 1828/1828/1828 1829/1829/1829 1830/1830/1830
f 1831/1831/1831 1832/1832/1832 1833/1833/1833
f 1834/1834/1834 1835/1835/1835 1836/1836/1836
f 1837/1837/1837 1838/1838/1838 1839/1839/1839
f 1840/1840/1840 1841/1841/1841 1842/1842/1842
f 1843/1843/1843 1844/1844/1844 1845/1845/1845
f 1846/1846/1846 1847/1847/1847 1848/1848/1848
f 1849/1849/1849 1850/1850/1850 1851/1851/1851
f 1852/1852/1852 1853/1853/1853 1854/1854/1854
f 1855/1855/1855 1856/1856/1856 1857/1857/1857
f 1858/1858/1858 1859/1859/1859 1860/1860/1860
f 1861/1861/1861 1862/1862/1862 1863/1863/1863
f 1864/1864/1864 1865/1865/1865 1866/1866/1866
f 1867/1867/1867 1868/1868/1868 1869/1869/1869
f 1870/1870/1870 1871/1871/1871 1872/1872/1872
f 1873/1873/1873 1874/1874/1874 1875/1875/1875
f 1876/1876/1876 1877/1877/1877 1878/1878/1878
f 1879/1879/1879 1880/1880/1880 1881/1881/1881
f 1882/1882/1882 1883/1883/1883 1884/1884/1884
f 1885/1885/1885 1886/1886/1886 1887/1887/1887
f 1888/1888/1888 1889/1889/1889 1890/1890/1890
f 1891/1891/1891 1892/1892/1892 1893/1893/1893
f 1894/1894/1894 1895/1895/1895 1896/1896/1896
f 1897/1897/1897 1898/1898/1898 1899/1899/1899
f 1900/1900/1900 1901/1901/1901 1902/1902/1902
f 1903/1903/1903 1904/1904/1904 1905/1905/1905
f 1906/1906/1906 1907/1907/1907 1908/1908/1908
f 1909/1909/1909 1910/1910/1910 1911/1911/1911
f 1912/1912/1912 1913/1913/1913 1914/1914/1914
f 1915/1915/1915 1916/1916/1916 1917/1917/1917
f 1918/1918/1918 1919/1919/1919 1920/1920/1920
f 1921/1921/1921 1922/1922/1922 1923/1923/1923
f 1924/1924/1924 1925/1925/1925 1926/1926/1926
f 1927/1927/1927 1928/1928/1928 1929/1929/1929
f 1930/1930/1930 1931/1931/1931 1932/1932/1932
f 1933/1933/1933 1934/1934/1934 1935/1935/1935
f 1936/1936/1936 1937/1937/1937 1938/1938/1938
f 1939/1939/1939 1940/1940/1940 1941/1941/1941
f 1942/1942/1942 1943/1943/1943 1944/1944/1944
f 1945/1945/1945 1946/1946/1946 1947/1947/1947
f 1948/1948/1948 1949/1949/1949 1950/1950/1950
f 1951/1951/1951 1952/1952/1952 1953/1953/1953
f 1954/1954/1954 1955/1955/1955 1956/1956/1956
f 1957/1957/1957 1958/1958/1958 1959/1959/1959
f 1960/1960/1960 1961/1961/1961 1962/1962/1962
f 1963/1963/1963 1964/1964/1964 1965/1965/1965
f 1966/1966/1966 1967/1967/1967 1968/1968/1968
f 1969/1969/1969 1970/1970/1970 1971/1971/1971
f 1972/1972/1972 1973/1973/1973 1974/1974/1974
f 1975/1975/1975 1976/1976/1976 1977/1977/1977
f 1978/1978/1978 1979/1979/1979 1980/1980/1980
f 1981/1981/1981 1982/1982/1982 1983/1983/1983
f 1984/1984/1984 1985/1985/1985 1986/1986/1986
f 1987/1987/1987 1988/1988/1988 1989/1989/1989
f 1990/1990/1990 1991/1991/1991 1992/1992/1992
f 1993/1993/1993 1994/1994/1994 1995/1995/1995
f 1996/1996/1996 1997/1997/1997 1998/1998/1998
f 1999/1999/1999 2000/2000/2000 2001/2001/2001
f 2002/2002/2002 2003/2003/2003 2004/2004/2004
f 2005/2005/2005 2006/2006/2006 2007/2007/2007
f 2008/2008/2008 2009/2009/2009 2010/2010/2010
f 2011/2011/2011 2012/2012/2012 2013/2013/2013
f 2014/2014/2014 2015/2015/2015 2016/2016/2016
f 2017/2017/2017 2018/2018/2018 2019/2019/2019
f 2020/2020/2020 2021/2021/2021 2022/2022/2022
f 2023/2023/2023 2024/2024/2024 2025/2025/2025
f 2026/2026/2026 2027/2027/2027 2028/2028/2028
f 2029/2029/2029 2030/2030/2030 2031/2031/2031
f 2032/2032/2032 2033/2033/2033 2034/2034/2034
f 2035/2035/2035 2036/2036/2036 2037/2037/2037
f 2038/2038/2038 2039/2039/2039 2040/2040/2040
f 2041/2041/2041 2042/2042/2042 2043/2043/2043
f 2044/2044/2044 2045/2045/2045 2046/2046/2046
f 2047/2047/2047 2048/2048/2048 2049/2049/2049
f 2050/2050/2050 2051/2051/2051 2052/2052/2052
f 2053/2053/2053 2054/2054/2054 2055/2055/2055
f 2056/2056/2056 2057/2057/2057 2058/2058/2058
f 2059/2059/2059 2060/2060/2060 2061/2061/2061
f 2062/2062/2062 2063/2063/2063 2064/2064/2064
f 2065/2065/2065 2066/2066/2066 2067/2067/2067
f 2068/2068/2068 2069/2069/2069 2070/2070/2070
f 2071/2071/2071 2072/2072/2072 2073/2073/2073
f 2074/2074/2074 2075/2075/2075 2076/2076/2076
f 2077/2077/2077 2078/2078/2078 2079/2079/2079
f 2080/2080/2080 2081/2081/2081 2082/2082/2082
f 2083/2083/2083 2084/2084/2084 2085/2085/2085
f 2086/2086/2086 2087/2087/2087 2088/2088/2088
f 2089/2089/2089 2090/2090/2090 2091/2091/2091
f 2092/2092/2092 2093/2093/2093 2094/2094/2094
f 2095/2095/2095 2096/2096/2096 2097/2097/2097
f 2098/2098/2098 2099/2099/2099 2100/2100/2100
f 2101/2101/2101 2102/2102/2102 2103/2103/2103
f 2104/2104/2104 2105/2105/2105 2106/2106/2106
f 2107/2107/2107 2108/2108/2108 2109/2109/2109
f 2110/2110/2110 2111/2111/2111 2112/2112/2112
f 2113/2113/2113 2114/2114/2114 2115/2115/2115
f 2116/2116/2116 2117/2117/2117 2118/2118/2118
f 2119/2119/2119 2120/2120/2120 2121/2121/2121
f 2122/2122/2122 2123/2123/2123 2124/2124/2124
f 2125/2125/2125 2126/2126/2126 2127/2127/2127
f 2128/2128/2128 2129/2129/2129 2130/2130/2130
f 2131/2131/2131 2132/2132/2132 2133/2133/2133
f 2134/2134/2134 2135/2135/2135 2136/2136/2136
f 2137/2137/2137 2138/2138/2138 2139/2139/2139
f 2140/2140/2140 2141/2141/2141 2142/2142/2142
f 2143/2143/2143 2144/2144/2144 2145/2145/2145
f 2146/2146/2146 2147/2147/2147 2148/2148/2148
f 2149/2149/2149 2150/2150/2150 2151/2151/2151
f 2152/2152/2152 2153/2153/2153 2154/2154/2154
f 2155/2155/2155 2156/2156/2156 2157/2157/2157
f 2158/2158/2158 2159/2159/2159 2160/2160/2160
f 2161/2161/2161 2162/2162/2162 2163/2163/2163
f 2164/2164/2164 2165/2165/2165 2166/2166/2166
f 2167/2167/2167 2168/2168/2168 2169/2169/2169
f 2170/2170/2170 2171/2171/2171 2172/2172/2172
f 2173/2173/2173 2174/2174/2174 2175/2175/2175
f 2176/2176/2176 2177/2177/2177 2178/2178/2178
f 2179/2179/2179 2180/2180/2180 2181/2181/2181
f 2182/2182/2182 2183/2183/2183 2184/2184/2184
f 2185/2185/2185 2186/2186/2186 2187/2187/2187
f 2188/2188/2188 2189/2189/2189 2190/2190/2190
f 2191/2191/2191 2192/2192/2192 2193/2193/2193
f 2194/2194/2194 2195/2195/2195 2196/2196/2196
f 2197/2197/2197 2198/2198/2198 2199/2199/2199
f 2200/2200/2200 2201/2201/2201 2202/2202/2202
f 2203/2203/2203 2204/2204/2204 2205/2205/2205
f 2206/2206/2206 2207/2207/2207 2208/2208/2208
f 2209/2209/2209 2210/2210/2210 2211/2211/2211
f 2212/2212/2212 2213/2213/2213 2214/2214/2214
f 2215/2215/2215 2216/2216/2216 2217/2217/2217
f 2218/2218/2218 2219/2219/2219 2220/2220/2220
f 2221/2221/2221 2222/2222/2222 2223/2223/2223
f 2224/2224/2224 2225/2225/2225 2226/2226/2226
f 2227/2227/2227 2228/2228/2228 2229/2229/2229
f 2230/2230/2230 2231/2231/2231 2232/2232/2232
f 2233/2233/2233 2234/2234/2234 2235/2235/2235
f 2236/2236/2236 2237/2237/2237 2238/2238/2238
f 2239/2239/2239 2240/2240/2240 2241/2241/2241
f 2242/2242/2242 2243/2243/2243 2244/2244/2244
f 2245/2245/2245 2246/2246/2246 2247/2247/2247
f 2248/2248/2248 2249/2249/2249 2250/2250/2250
f 2251/2251/2251 2252/2252/2252 2253/2253/2253
f 2254/2254/2254 2255/2255/2255 2256/2256/2256
f 2257/2257/2257 2258/2258/2258 2259/2259/2259
f 2260/2260/2260 2261/2261/2261 2262/2262/2262
f 2263/2263/2263 2264/2264/2264 2265/2265/2265
f 2266/2266/2266 2267/2267/2267 2268/2268/2268
f 2269/2269/2269 2270/2270/2270 2271/2271/2271
f 2272/2272/2272 2273/2273/2273 2274/2274/2274
f 2275/2275/2275 2276/2276/2276 2277/2277/2277
f 2278/2278/2278 2279/2279/2279 2280/2280/2280
f 2281/2281/2281 2282/2282/2282 2283/2283/2283
f 2284/2284/2284 2285/2285/2285 2286/2286/2286
f 2287/2287/2287 2288/2288/2288 2289/2289/2289
f 2290/2290/2290 2291/2291/2291 2292/2292/2292
f 2293/2293/2293 2294/2294/2294 2295/2295/2295
f 2296/2296/2296 2297/2297/2297 2298/2298/2298
f 2299/2299/2299 2300/2300/2300 2301/2301/2301
f 2302/2302/2302 2303/2303/2303 2304/2304/2304
f 2305/2305/2305 2306/2306/2306 2307/2307/2307
f 2308/2308/2308 2309/2309/2309 2310/2310/2310
f 2311/2311/2311 2312/2312/2312 2313/2313/2313
f 2314/2314/2314 2315/2315/2315 2316/2316/2316
f 2317/2317/2317 2318/2318/2318 2319/2319/2319
f 2320/2320/2320 2321/2321/2321 2322/2322/2322
f 2323/2323/2323 2324/2324/2324 2325/2325/2325
f 2326/2326/2326 2327/2327/2327 2328/2328/2328
f 2329/2329/2329 2330/2330/2330 2331/2331/2331
f 2332/2332/2332 2333/2333/2333 2334/2334/2334
f 2335/2335/2335 2336/2336/2336 2337/2337/2337
f 2338/2338/2338 2339/2339/2339 2340/2340/2340
f 2341/2341/2341 2342/2342/2342 2343/2343/2343
f 2344/2344/2344 2345/2345/2345 2346/2346/2346
f 2347/2347/2347 2348/2348/2348 2349/2349/2349
f 2350/2350/2350 2351/2351/2351 2352/2352/2352
f 2353/2353/2353 2354/2354/2354 2355/2355/2355
f 2356/2356/2356 2357/2357/2357 2358/2358/2358
f 2359/2359/2359 2360/2360/2360 2361/2361/2361
f 2362/2362/2362 2363/2363/2363 2364/2364/2364
f 2365/2365/2365 2366/2366/2366 2367/2367/2367
f 2368/2368/2368 2369/2369/2369 2370/2370/2370
f 2371/2371/2371 2372/2372/2372 2373/2373/2373
f 2374/2374/2374 2375/2375/2375 2376/2376/2376
f 2377/2377/2377 2378/2378/2378 2379/2379/2379
f 2380/2380/2380 2381/2381/2381 2382/2382/2382
f 2383/2383/2383 2384/2384/2384 2385/2385/2385
f 2386/2386/2386 2387/2387/2387 2388/2388/2388
f 2389/2389/2389 2390/2390/2390 2391/2391/2391
f 2392/2392/2392 2393/2393/2393 2394/2394/2394
f 2395/2395/2395 2396/2396/2396 2397/2397/2397
f 2398/2398/2398 2399/2399/2399 2400/2400/2400
f 2401/2401/2401 2402/2402/2402 2403/2403/2403
f 2404/2404/2404 2405/2405/2405 2406/2406/2406
f 2407/2407/2407 2408/2408/2408 2409/2409/2409
f 2410/2410/2410 2411/2411/2411 2412/2412/2412
f 2413/2413/2413 2414/2414/2414 2415/2415/2415
f 2416/2416/2416 2417/2417/2417 2418/2418/2418
f 2419/2419/2419 2420/2420/2420 2421/2421/2421
f 2422/2422/2422 2423/2423/2423 2424/2424/2424
f 2425/2425/2425 2426/2426/2426 2427/2427/2427
f 2428/2428/2428 2429/2429/2429 2430/2430/2430
f 2431/2431/2431 2432/2432/2432 2433/2433/2433
f 2434/2434/2434 2435/2435/2435 2436/2436/2436
f 2437/2437/2437 2438/2438/2438 2439/2439/2439
f 2440/2440/2440 2441/2441/2441 2442/2442/2442
f 2443/2443/2443 2444/2444/2444 2445/2445/2445
f 2446/2446/2446 2447/2447/2447 2448/2448/2448
f 2449/2449/2449 2450/2450/2450 2451/2451/2451
f 2452/2452/2452 2453/2453/2453 2454/2454/2454
f 2455/2455/2455 2456/2456/2456 2457/2457/2457
f 2458/2458/2458 2459/2459/2459 2460/2460/2460
f 2461/2461/2461 2462/2462/2462 2463/2463/2463
f 2464/2464/2464 2465/2465/2465 2466/2466/2466
f 2467/2467/2467 2468/2468/2468 2469/2469/2469
f 2470/2470/2470 2471/2471/2471 2472/2472/2472
f 2473/2473/2473 2474/2474/2474 2475/2475/2475
f 2476/2476/2476 2477/2477/2477 2478/2478/2478
f 2479/2479/2479 2480/2480/2480 2481/2481/2481
f 2482/2482/2482 2483/2483/2483 2484/2484/2484
f 2485/2485/2485 2486/2486/2486 2487/2487/2487
f 2488/2488/2488 2489/2489/2489 2490/2490/2490
f 2491/2491/2491 2492/2492/2492 2493/2493/2493
f 2494/2494/2494 2495/2495/2495 2496/2496/2496
f 2497/2497/2497 2498/2498/2498 2499/2499/2499
f 2500/2500/2500 2501/2501/2501 2502/2502/2502
f 2503/2503/2503 2504/2504/2504 2505/2505/2505
f 2506/2506/2506 2507/2507/2507 2508/2508/2508
f 2509/2509/2509 2510/2510/2510 2511/2511/2511
f 2512/2512/2512 2513/2513/2513 2514/2514/2514
f 2515/2515/2515 2516/2516/2516 2517/2517/2517
f 2518/2518/2518 2519/2519/2519 2520/2520/2520
f 2521/2521/2521 2522/2522/2522 2523/2523/2523
f 2524/2524/2524 2525/2525/2525 2526/2526/2526
f 2527/2527/2527 2528/2528/2528 2529/2529/2529
f 2530/2530/2530 2531/2531/2531 2532/2532/2532
f 2533/2533/2533 2534/2534/2534 2535/2535/2535
f 2536/2536/2536 2537/2537/2537 2538/2538/2538
f 2539/2539/2539 2540/2540/2540 2541/2541/2541
f 2542/2542/2542 2543/2543/2543 2544/2544/2544
f 2545/2545/2545 2546/2546/2546 2547/2547/2547
f 2548/2548/2548 2549/2549/2549 2550/2550/2550
f 2551/2551/2551 2552/2552/2552 2553/2553/2553
f 2554/2554/2554 2555/2555/2555 2556/2556/2556
f 2557/2557/2557 2558/2558/2558 2559/2559/2559
f 2560/2560/2560 2561/2561/2561 2562/2562/2562
f 2563/2563/2563 2564/2564/2564 2565/2565/2565
f 2566/2566/2566 2567/2567/2567 2568/2568/2568
f 2569/2569/2569 2570/2570/2570 2571/2571/2571
f 2572/2572/2572 2573/2573/2573 2574/2574/2574
f 2575/2575/2575 2576/2576/2576 2577/2577/2577
f 2578/2578/2578 2579/2579/2579 2580/2580/2580
f 2581/2581/2581 2582/2582/2582 2583/2583/2583
f 2584/2584/2584 2585/2585/2585 2586/2586/2586
f 2587/2587/2587 2588/2588/2588 2589/2589/2589
f 2590/2590/2590 2591/2591/2591 2592/2592/2592
f 2593/2593/2593 2594/2594/2594 2595/2595/2595
f 2596/2596/2596 2597/2597/2597 2598/2598/2598
f 2599/2599/2599 2600/2600/2600 2601/2601/2601
f 2602/2602/2602 2603/2603/2603 2604/2604/2604
f 2605/2605/2605 2606/2606/2606 2607/2607/2607
f 2608/2608/2608 2609/2609/2609 2610/2610/2610
f 2611/2611/2611 2612/2612/2612 2613/2613/2613
f 2614/2614/2614 2615/2615/2615 2616/2616/2616
f 2617/2617/2617 2618/2618/2618 2619/2619/2619
f 2620/2620/2620 2621/2621/2621 2622/2622/2622
f 2623/2623/2623 2624/2624/2624 2625/2625/2625
f 2626/2626/2626 2627/2627/2627 2628/2628/2628
f 2629/2629/2629 2630/2630/2630 2631/2631/2631
f 2632/2632/2632 2633/2633/2633 2634/2634/2634
f 2635/2635/2635 2636/2636/2636 2637/2637/2637
f 2638/2638/2638 2639/2639/2639 2640/2640/2640
f 2641/2641/2641 2642/2642/2642 2643/2643/2643
f 2644/2644/2644 2645/2645/2645 2646/2646/2646
f 2647/2647/2647 2648/2648/2648 2649/2649/2649
f 2650/2650/2650 2651/2651/2651 2652/2652/2652
f 2653/2653/2653 2654/2654/2654 2655/2655/2655
f 2656/2656/2656 2657/2657/2657 2658/2658/2658
f 2659/2659/2659 2660/2660/2660 2661/2661/2661
f 2662/2662/2662 2663/2663/2663 2664/2664/2664
