mtllib jaro-letter-i.mtl
o I
usemtl plastic
v 2.279513 -19.708738 -2.873884
v -2.279513 -19.708738 -2.873884
v -2.356054 -19.703635 -2.873884
v 2.422391 -19.688327 -2.873884
v 2.356055 -19.703635 -2.873884
v 2.279513 -19.708738 -2.873884
v 2.524446 -19.627093 -2.873884
v 2.478521 -19.662813 -2.873884
v 2.422391 -19.688327 -2.873884
v 2.585680 -19.525038 -2.873884
v 2.560165 -19.581168 -2.873884
v 2.524446 -19.627093 -2.873884
v 2.606090 -19.382160 -2.873884
v 2.600988 -19.458702 -2.873884
v 2.585680 -19.525038 -2.873884
v 2.600988 -2.545647 -2.873884
v 2.606090 -2.622190 -2.873884
v 2.606090 -19.382160 -2.873884
v 2.560165 -2.423182 -2.873884
v 2.585680 -2.479311 -2.873884
v 2.600988 -2.545647 -2.873884
v 2.478521 -2.341537 -2.873884
v 2.524446 -2.377256 -2.873884
v 2.560165 -2.423182 -2.873884
v 2.356055 -2.300715 -2.873884
v 2.422391 -2.316022 -2.873884
v 2.478521 -2.341537 -2.873884
v -2.279513 -2.295612 -2.873884
v 2.279513 -2.295612 -2.873884
v 2.356055 -2.300715 -2.873884
v -2.422390 -2.316022 -2.873884
v -2.356054 -2.300715 -2.873884
v -2.279513 -2.295612 -2.873884
v -2.524446 -2.377256 -2.873884
v -2.478521 -2.341537 -2.873884
v -2.422390 -2.316022 -2.873884
v -2.585679 -2.479311 -2.873884
v -2.560165 -2.423182 -2.873884
v -2.524446 -2.377256 -2.873884
v -2.606090 -2.622190 -2.873884
v -2.600988 -2.545647 -2.873884
v -2.585679 -2.479311 -2.873884
v -2.600988 -19.458702 -2.873884
v -2.606090 -19.382160 -2.873884
v -2.606090 -2.622190 -2.873884
v -2.560165 -19.581168 -2.873884
v -2.585679 -19.525038 -2.873884
v -2.600988 -19.458702 -2.873884
v -2.478521 -19.662813 -2.873884
v -2.524446 -19.627093 -2.873884
v -2.560165 -19.581168 -2.873884
v -2.356054 -19.703635 -2.873884
v -2.422390 -19.688327 -2.873884
v -2.478521 -19.662813 -2.873884
v 2.422391 -19.688327 -2.873884
v 2.279513 -19.708738 -2.873884
v -2.356054 -19.703635 -2.873884
v 2.585680 -19.525038 -2.873884
v 2.524446 -19.627093 -2.873884
v 2.422391 -19.688327 -2.873884
v 2.600988 -2.545647 -2.873884
v 2.606090 -19.382160 -2.873884
v 2.585680 -19.525038 -2.873884
v 2.478521 -2.341537 -2.873884
v 2.560165 -2.423182 -2.873884
v 2.600988 -2.545647 -2.873884
v -2.279513 -2.295612 -2.873884
v 2.356055 -2.300715 -2.873884
v 2.478521 -2.341537 -2.873884
v -2.524446 -2.377256 -2.873884
v -2.422390 -2.316022 -2.873884
v -2.279513 -2.295612 -2.873884
v -2.606090 -2.622190 -2.873884
v -2.585679 -2.479311 -2.873884
v -2.524446 -2.377256 -2.873884
v -2.560165 -19.581168 -2.873884
v -2.600988 -19.458702 -2.873884
v -2.606090 -2.622190 -2.873884
v -2.356054 -19.703635 -2.873884
v -2.478521 -19.662813 -2.873884
v -2.560165 -19.581168 -2.873884
v 2.585680 -19.525038 -2.873884
v 2.422391 -19.688327 -2.873884
v -2.356054 -19.703635 -2.873884
v 2.478521 -2.341537 -2.873884
v 2.600988 -2.545647 -2.873884
v 2.585680 -19.525038 -2.873884
v -2.524446 -2.377256 -2.873884
v -2.279513 -2.295612 -2.873884
v 2.478521 -2.341537 -2.873884
v -2.560165 -19.581168 -2.873884
v -2.606090 -2.622190 -2.873884
v -2.524446 -2.377256 -2.873884
v 2.585680 -19.525038 -2.873884
v -2.356054 -19.703635 -2.873884
v -2.560165 -19.581168 -2.873884
v -2.524446 -2.377256 -2.873884
v 2.478521 -2.341537 -2.873884
v 2.585680 -19.525038 -2.873884
v 2.585680 -19.525038 -2.873884
v -2.560165 -19.581168 -2.873884
v -2.524446 -2.377256 -2.873884
v -2.356054 -19.703635 2.873884
v -2.279513 -19.708738 2.873884
v 2.279513 -19.708738 2.873884
v 2.279513 -19.708738 2.873884
v 2.356055 -19.703635 2.873884
v 2.422391 -19.688327 2.873884
v 2.422391 -19.688327 2.873884
v 2.478521 -19.662813 2.873884
v 2.524446 -19.627093 2.873884
v 2.524446 -19.627093 2.873884
v 2.560165 -19.581168 2.873884
v 2.585680 -19.525038 2.873884
v 2.585680 -19.525038 2.873884
v 2.600988 -19.458702 2.873884
v 2.606090 -19.382160 2.873884
v 2.606090 -19.382160 2.873884
v 2.606090 -2.622190 2.873884
v 2.600988 -2.545647 2.873884
v 2.600988 -2.545647 2.873884
v 2.585680 -2.479311 2.873884
v 2.560165 -2.423182 2.873884
v 2.560165 -2.423182 2.873884
v 2.524446 -2.377256 2.873884
v 2.478521 -2.341537 2.873884
v 2.478521 -2.341537 2.873884
v 2.422391 -2.316022 2.873884
v 2.356055 -2.300715 2.873884
v 2.356055 -2.300715 2.873884
v 2.279513 -2.295612 2.873884
v -2.279513 -2.295612 2.873884
v -2.279513 -2.295612 2.873884
v -2.356054 -2.300715 2.873884
v -2.422390 -2.316022 2.873884
v -2.422390 -2.316022 2.873884
v -2.478521 -2.341537 2.873884
v -2.524446 -2.377256 2.873884
v -2.524446 -2.377256 2.873884
v -2.560165 -2.423182 2.873884
v -2.585679 -2.479311 2.873884
v -2.585679 -2.479311 2.873884
v -2.600988 -2.545647 2.873884
v -2.606090 -2.622190 2.873884
v -2.606090 -2.622190 2.873884
v -2.606090 -19.382160 2.873884
v -2.600988 -19.458702 2.873884
v -2.600988 -19.458702 2.873884
v -2.585679 -19.525038 2.873884
v -2.560165 -19.581168 2.873884
v -2.560165 -19.581168 2.873884
v -2.524446 -19.627093 2.873884
v -2.478521 -19.662813 2.873884
v -2.478521 -19.662813 2.873884
v -2.422390 -19.688327 2.873884
v -2.356054 -19.703635 2.873884
v -2.356054 -19.703635 2.873884
v 2.279513 -19.708738 2.873884
v 2.422391 -19.688327 2.873884
v 2.422391 -19.688327 2.873884
v 2.524446 -19.627093 2.873884
v 2.585680 -19.525038 2.873884
v 2.585680 -19.525038 2.873884
v 2.606090 -19.382160 2.873884
v 2.600988 -2.545647 2.873884
v 2.600988 -2.545647 2.873884
v 2.560165 -2.423182 2.873884
v 2.478521 -2.341537 2.873884
v 2.478521 -2.341537 2.873884
v 2.356055 -2.300715 2.873884
v -2.279513 -2.295612 2.873884
v -2.279513 -2.295612 2.873884
v -2.422390 -2.316022 2.873884
v -2.524446 -2.377256 2.873884
v -2.524446 -2.377256 2.873884
v -2.585679 -2.479311 2.873884
v -2.606090 -2.622190 2.873884
v -2.606090 -2.622190 2.873884
v -2.600988 -19.458702 2.873884
v -2.560165 -19.581168 2.873884
v -2.560165 -19.581168 2.873884
v -2.478521 -19.662813 2.873884
v -2.356054 -19.703635 2.873884
v -2.356054 -19.703635 2.873884
v 2.422391 -19.688327 2.873884
v 2.585680 -19.525038 2.873884
v 2.585680 -19.525038 2.873884
v 2.600988 -2.545647 2.873884
v 2.478521 -2.341537 2.873884
v 2.478521 -2.341537 2.873884
v -2.279513 -2.295612 2.873884
v -2.524446 -2.377256 2.873884
v -2.524446 -2.377256 2.873884
v -2.606090 -2.622190 2.873884
v -2.560165 -19.581168 2.873884
v -2.560165 -19.581168 2.873884
v -2.356054 -19.703635 2.873884
v 2.585680 -19.525038 2.873884
v 2.585680 -19.525038 2.873884
v 2.478521 -2.341537 2.873884
v -2.524446 -2.377256 2.873884
v -2.524446 -2.377256 2.873884
v -2.560165 -19.581168 2.873884
v 2.585680 -19.525038 2.873884
v 2.279513 -19.708738 -2.873884
v 2.356055 -19.703635 -2.873884
v 2.285664 -19.893478 -2.797362
v 2.356055 -19.703635 -2.873884
v 2.383142 -19.886979 -2.797362
v 2.285664 -19.893478 -2.797362
v 2.285664 -19.893478 -2.797362
v 2.383142 -19.886979 -2.797362
v 2.288212 -19.970000 -2.612622
v 2.383142 -19.886979 -2.797362
v 2.394363 -19.962923 -2.612622
v 2.288212 -19.970000 -2.612622
v 2.288212 -19.970000 -2.612622
v 2.394363 -19.962923 -2.612622
v 2.288212 -19.970000 2.612622
v 2.394363 -19.962923 -2.612622
v 2.394363 -19.962923 2.612622
v 2.288212 -19.970000 2.612622
v 2.288212 -19.970000 2.612622
v 2.394363 -19.962923 2.612622
v 2.285664 -19.893478 2.797363
v 2.394363 -19.962923 2.612622
v 2.383142 -19.886979 2.797363
v 2.285664 -19.893478 2.797363
v 2.285664 -19.893478 2.797363
v 2.383142 -19.886979 2.797363
v 2.279513 -19.708738 2.873884
v 2.383142 -19.886979 2.797363
v 2.356055 -19.703635 2.873884
v 2.279513 -19.708738 2.873884
v 2.356055 -19.703635 -2.873884
v 2.422391 -19.688327 -2.873884
v 2.383142 -19.886979 -2.797362
v 2.422391 -19.688327 -2.873884
v 2.481977 -19.864172 -2.797362
v 2.383142 -19.886979 -2.797362
v 2.383142 -19.886979 -2.797362
v 2.481977 -19.864172 -2.797362
v 2.394363 -19.962923 -2.612622
v 2.481977 -19.864172 -2.797362
v 2.506658 -19.937009 -2.612622
v 2.394363 -19.962923 -2.612622
v 2.394363 -19.962923 -2.612622
v 2.506658 -19.937009 -2.612622
v 2.394363 -19.962923 2.612622
v 2.506658 -19.937009 -2.612622
v 2.506658 -19.937009 2.612622
v 2.394363 -19.962923 2.612622
v 2.394363 -19.962923 2.612622
v 2.506658 -19.937009 2.612622
v 2.383142 -19.886979 2.797363
v 2.506658 -19.937009 2.612622
v 2.481977 -19.864172 2.797363
v 2.383142 -19.886979 2.797363
v 2.383142 -19.886979 2.797363
v 2.481977 -19.864172 2.797363
v 2.356055 -19.703635 2.873884
v 2.481977 -19.864172 2.797363
v 2.422391 -19.688327 2.873884
v 2.356055 -19.703635 2.873884
v 2.422391 -19.688327 -2.873884
v 2.478521 -19.662813 -2.873884
v 2.481977 -19.864172 -2.797362
v 2.478521 -19.662813 -2.873884
v 2.574770 -19.821993 -2.797362
v 2.481977 -19.864172 -2.797362
v 2.481977 -19.864172 -2.797362
v 2.574770 -19.821993 -2.797362
v 2.506658 -19.937009 -2.612622
v 2.574770 -19.821993 -2.797362
v 2.614638 -19.887927 -2.612622
v 2.506658 -19.937009 -2.612622
v 2.506658 -19.937009 -2.612622
v 2.614638 -19.887927 -2.612622
v 2.506658 -19.937009 2.612622
v 2.614638 -19.887927 -2.612622
v 2.614638 -19.887927 2.612622
v 2.506658 -19.937009 2.612622
v 2.506658 -19.937009 2.612622
v 2.614638 -19.887927 2.612622
v 2.481977 -19.864172 2.797363
v 2.614638 -19.887927 2.612622
v 2.574770 -19.821993 2.797363
v 2.481977 -19.864172 2.797363
v 2.481977 -19.864172 2.797363
v 2.574770 -19.821993 2.797363
v 2.422391 -19.688327 2.873884
v 2.574770 -19.821993 2.797363
v 2.478521 -19.662813 2.873884
v 2.422391 -19.688327 2.873884
v 2.478521 -19.662813 -2.873884
v 2.524446 -19.627093 -2.873884
v 2.574770 -19.821993 -2.797362
v 2.524446 -19.627093 -2.873884
v 2.656094 -19.758741 -2.797362
v 2.574770 -19.821993 -2.797362
v 2.574770 -19.821993 -2.797362
v 2.656094 -19.758741 -2.797362
v 2.614638 -19.887927 -2.612622
v 2.656094 -19.758741 -2.797362
v 2.710624 -19.813271 -2.612622
v 2.614638 -19.887927 -2.612622
v 2.614638 -19.887927 -2.612622
v 2.710624 -19.813271 -2.612622
v 2.614638 -19.887927 2.612622
v 2.710624 -19.813271 -2.612622
v 2.710624 -19.813271 2.612622
v 2.614638 -19.887927 2.612622
v 2.614638 -19.887927 2.612622
v 2.710624 -19.813271 2.612622
v 2.574770 -19.821993 2.797363
v 2.710624 -19.813271 2.612622
v 2.656094 -19.758741 2.797363
v 2.574770 -19.821993 2.797363
v 2.574770 -19.821993 2.797363
v 2.656094 -19.758741 2.797363
v 2.478521 -19.662813 2.873884
v 2.656094 -19.758741 2.797363
v 2.524446 -19.627093 2.873884
v 2.478521 -19.662813 2.873884
v 2.524446 -19.627093 -2.873884
v 2.560165 -19.581168 -2.873884
v 2.656094 -19.758741 -2.797362
v 2.560165 -19.581168 -2.873884
v 2.719346 -19.677417 -2.797362
v 2.656094 -19.758741 -2.797362
v 2.656094 -19.758741 -2.797362
v 2.719346 -19.677417 -2.797362
v 2.710624 -19.813271 -2.612622
v 2.719346 -19.677417 -2.797362
v 2.785280 -19.717285 -2.612622
v 2.710624 -19.813271 -2.612622
v 2.710624 -19.813271 -2.612622
v 2.785280 -19.717285 -2.612622
v 2.710624 -19.813271 2.612622
v 2.785280 -19.717285 -2.612622
v 2.785280 -19.717285 2.612622
v 2.710624 -19.813271 2.612622
v 2.710624 -19.813271 2.612622
v 2.785280 -19.717285 2.612622
v 2.656094 -19.758741 2.797363
v 2.785280 -19.717285 2.612622
v 2.719346 -19.677417 2.797363
v 2.656094 -19.758741 2.797363
v 2.656094 -19.758741 2.797363
v 2.719346 -19.677417 2.797363
v 2.524446 -19.627093 2.873884
v 2.719346 -19.677417 2.797363
v 2.560165 -19.581168 2.873884
v 2.524446 -19.627093 2.873884
v 2.560165 -19.581168 -2.873884
v 2.585680 -19.525038 -2.873884
v 2.719346 -19.677417 -2.797362
v 2.585680 -19.525038 -2.873884
v 2.761524 -19.584624 -2.797362
v 2.719346 -19.677417 -2.797362
v 2.719346 -19.677417 -2.797362
v 2.761524 -19.584624 -2.797362
v 2.785280 -19.717285 -2.612622
v 2.761524 -19.584624 -2.797362
v 2.834362 -19.609305 -2.612622
v 2.785280 -19.717285 -2.612622
v 2.785280 -19.717285 -2.612622
v 2.834362 -19.609305 -2.612622
v 2.785280 -19.717285 2.612622
v 2.834362 -19.609305 -2.612622
v 2.834362 -19.609305 2.612622
v 2.785280 -19.717285 2.612622
v 2.785280 -19.717285 2.612622
v 2.834362 -19.609305 2.612622
v 2.719346 -19.677417 2.797363
v 2.834362 -19.609305 2.612622
v 2.761524 -19.584624 2.797363
v 2.719346 -19.677417 2.797363
v 2.719346 -19.677417 2.797363
v 2.761524 -19.584624 2.797363
v 2.560165 -19.581168 2.873884
v 2.761524 -19.584624 2.797363
v 2.585680 -19.525038 2.873884
v 2.560165 -19.581168 2.873884
v 2.585680 -19.525038 -2.873884
v 2.600988 -19.458702 -2.873884
v 2.761524 -19.584624 -2.797362
v 2.600988 -19.458702 -2.873884
v 2.784332 -19.485790 -2.797362
v 2.761524 -19.584624 -2.797362
v 2.761524 -19.584624 -2.797362
v 2.784332 -19.485790 -2.797362
v 2.834362 -19.609305 -2.612622
v 2.784332 -19.485790 -2.797362
v 2.860276 -19.497010 -2.612622
v 2.834362 -19.609305 -2.612622
v 2.834362 -19.609305 -2.612622
v 2.860276 -19.497010 -2.612622
v 2.834362 -19.609305 2.612622
v 2.860276 -19.497010 -2.612622
v 2.860276 -19.497010 2.612622
v 2.834362 -19.609305 2.612622
v 2.834362 -19.609305 2.612622
v 2.860276 -19.497010 2.612622
v 2.761524 -19.584624 2.797363
v 2.860276 -19.497010 2.612622
v 2.784332 -19.485790 2.797363
v 2.761524 -19.584624 2.797363
v 2.761524 -19.584624 2.797363
v 2.784332 -19.485790 2.797363
v 2.585680 -19.525038 2.873884
v 2.784332 -19.485790 2.797363
v 2.600988 -19.458702 2.873884
v 2.585680 -19.525038 2.873884
v 2.600988 -19.458702 -2.873884
v 2.606090 -19.382160 -2.873884
v 2.784332 -19.485790 -2.797362
v 2.606090 -19.382160 -2.873884
v 2.790831 -19.388311 -2.797362
v 2.784332 -19.485790 -2.797362
v 2.784332 -19.485790 -2.797362
v 2.790831 -19.388311 -2.797362
v 2.860276 -19.497010 -2.612622
v 2.790831 -19.388311 -2.797362
v 2.867353 -19.390859 -2.612622
v 2.860276 -19.497010 -2.612622
v 2.860276 -19.497010 -2.612622
v 2.867353 -19.390859 -2.612622
v 2.860276 -19.497010 2.612622
v 2.867353 -19.390859 -2.612622
v 2.867353 -19.390859 2.612622
v 2.860276 -19.497010 2.612622
v 2.860276 -19.497010 2.612622
v 2.867353 -19.390859 2.612622
v 2.784332 -19.485790 2.797363
v 2.867353 -19.390859 2.612622
v 2.790831 -19.388311 2.797363
v 2.784332 -19.485790 2.797363
v 2.784332 -19.485790 2.797363
v 2.790831 -19.388311 2.797363
v 2.600988 -19.458702 2.873884
v 2.790831 -19.388311 2.797363
v 2.606090 -19.382160 2.873884
v 2.600988 -19.458702 2.873884
v 2.606090 -19.382160 -2.873884
v 2.606090 -2.622190 -2.873884
v 2.790831 -19.388311 -2.797362
v 2.606090 -2.622190 -2.873884
v 2.790831 -2.616038 -2.797362
v 2.790831 -19.388311 -2.797362
v 2.790831 -19.388311 -2.797362
v 2.790831 -2.616038 -2.797362
v 2.867353 -19.390859 -2.612622
v 2.790831 -2.616038 -2.797362
v 2.867353 -2.613491 -2.612622
v 2.867353 -19.390859 -2.612622
v 2.867353 -19.390859 -2.612622
v 2.867353 -2.613491 -2.612622
v 2.867353 -19.390859 2.612622
v 2.867353 -2.613491 -2.612622
v 2.867353 -2.613491 2.612622
v 2.867353 -19.390859 2.612622
v 2.867353 -19.390859 2.612622
v 2.867353 -2.613491 2.612622
v 2.790831 -19.388311 2.797363
v 2.867353 -2.613491 2.612622
v 2.790831 -2.616038 2.797363
v 2.790831 -19.388311 2.797363
v 2.790831 -19.388311 2.797363
v 2.790831 -2.616038 2.797363
v 2.606090 -19.382160 2.873884
v 2.790831 -2.616038 2.797363
v 2.606090 -2.622190 2.873884
v 2.606090 -19.382160 2.873884
v 2.606090 -2.622190 -2.873884
v 2.600988 -2.545647 -2.873884
v 2.790831 -2.616038 -2.797362
v 2.600988 -2.545647 -2.873884
v 2.784332 -2.518560 -2.797362
v 2.790831 -2.616038 -2.797362
v 2.790831 -2.616038 -2.797362
v 2.784332 -2.518560 -2.797362
v 2.867353 -2.613491 -2.612622
v 2.784332 -2.518560 -2.797362
v 2.860276 -2.507339 -2.612622
v 2.867353 -2.613491 -2.612622
v 2.867353 -2.613491 -2.612622
v 2.860276 -2.507339 -2.612622
v 2.867353 -2.613491 2.612622
v 2.860276 -2.507339 -2.612622
v 2.860276 -2.507339 2.612622
v 2.867353 -2.613491 2.612622
v 2.867353 -2.613491 2.612622
v 2.860276 -2.507339 2.612622
v 2.790831 -2.616038 2.797363
v 2.860276 -2.507339 2.612622
v 2.784332 -2.518560 2.797363
v 2.790831 -2.616038 2.797363
v 2.790831 -2.616038 2.797363
v 2.784332 -2.518560 2.797363
v 2.606090 -2.622190 2.873884
v 2.784332 -2.518560 2.797363
v 2.600988 -2.545647 2.873884
v 2.606090 -2.622190 2.873884
v 2.600988 -2.545647 -2.873884
v 2.585680 -2.479311 -2.873884
v 2.784332 -2.518560 -2.797362
v 2.585680 -2.479311 -2.873884
v 2.761524 -2.419726 -2.797362
v 2.784332 -2.518560 -2.797362
v 2.784332 -2.518560 -2.797362
v 2.761524 -2.419726 -2.797362
v 2.860276 -2.507339 -2.612622
v 2.761524 -2.419726 -2.797362
v 2.834362 -2.395043 -2.612622
v 2.860276 -2.507339 -2.612622
v 2.860276 -2.507339 -2.612622
v 2.834362 -2.395043 -2.612622
v 2.860276 -2.507339 2.612622
v 2.834362 -2.395043 -2.612622
v 2.834362 -2.395043 2.612622
v 2.860276 -2.507339 2.612622
v 2.860276 -2.507339 2.612622
v 2.834362 -2.395043 2.612622
v 2.784332 -2.518560 2.797363
v 2.834362 -2.395043 2.612622
v 2.761524 -2.419726 2.797363
v 2.784332 -2.518560 2.797363
v 2.784332 -2.518560 2.797363
v 2.761524 -2.419726 2.797363
v 2.600988 -2.545647 2.873884
v 2.761524 -2.419726 2.797363
v 2.585680 -2.479311 2.873884
v 2.600988 -2.545647 2.873884
v 2.585680 -2.479311 -2.873884
v 2.560165 -2.423182 -2.873884
v 2.761524 -2.419726 -2.797362
v 2.560165 -2.423182 -2.873884
v 2.719346 -2.326932 -2.797362
v 2.761524 -2.419726 -2.797362
v 2.761524 -2.419726 -2.797362
v 2.719346 -2.326932 -2.797362
v 2.834362 -2.395043 -2.612622
v 2.719346 -2.326932 -2.797362
v 2.785280 -2.287064 -2.612622
v 2.834362 -2.395043 -2.612622
v 2.834362 -2.395043 -2.612622
v 2.785280 -2.287064 -2.612622
v 2.834362 -2.395043 2.612622
v 2.785280 -2.287064 -2.612622
v 2.785280 -2.287064 2.612622
v 2.834362 -2.395043 2.612622
v 2.834362 -2.395043 2.612622
v 2.785280 -2.287064 2.612622
v 2.761524 -2.419726 2.797363
v 2.785280 -2.287064 2.612622
v 2.719346 -2.326932 2.797363
v 2.761524 -2.419726 2.797363
v 2.761524 -2.419726 2.797363
v 2.719346 -2.326932 2.797363
v 2.585680 -2.479311 2.873884
v 2.719346 -2.326932 2.797363
v 2.560165 -2.423182 2.873884
v 2.585680 -2.479311 2.873884
v 2.560165 -2.423182 -2.873884
v 2.524446 -2.377256 -2.873884
v 2.719346 -2.326932 -2.797362
v 2.524446 -2.377256 -2.873884
v 2.656094 -2.245608 -2.797362
v 2.719346 -2.326932 -2.797362
v 2.719346 -2.326932 -2.797362
v 2.656094 -2.245608 -2.797362
v 2.785280 -2.287064 -2.612622
v 2.656094 -2.245608 -2.797362
v 2.710624 -2.191078 -2.612622
v 2.785280 -2.287064 -2.612622
v 2.785280 -2.287064 -2.612622
v 2.710624 -2.191078 -2.612622
v 2.785280 -2.287064 2.612622
v 2.710624 -2.191078 -2.612622
v 2.710624 -2.191078 2.612622
v 2.785280 -2.287064 2.612622
v 2.785280 -2.287064 2.612622
v 2.710624 -2.191078 2.612622
v 2.719346 -2.326932 2.797363
v 2.710624 -2.191078 2.612622
v 2.656094 -2.245608 2.797363
v 2.719346 -2.326932 2.797363
v 2.719346 -2.326932 2.797363
v 2.656094 -2.245608 2.797363
v 2.560165 -2.423182 2.873884
v 2.656094 -2.245608 2.797363
v 2.524446 -2.377256 2.873884
v 2.560165 -2.423182 2.873884
v 2.524446 -2.377256 -2.873884
v 2.478521 -2.341537 -2.873884
v 2.656094 -2.245608 -2.797362
v 2.478521 -2.341537 -2.873884
v 2.574770 -2.182358 -2.797362
v 2.656094 -2.245608 -2.797362
v 2.656094 -2.245608 -2.797362
v 2.574770 -2.182358 -2.797362
v 2.710624 -2.191078 -2.612622
v 2.574770 -2.182358 -2.797362
v 2.614638 -2.116423 -2.612622
v 2.710624 -2.191078 -2.612622
v 2.710624 -2.191078 -2.612622
v 2.614638 -2.116423 -2.612622
v 2.710624 -2.191078 2.612622
v 2.614638 -2.116423 -2.612622
v 2.614638 -2.116423 2.612622
v 2.710624 -2.191078 2.612622
v 2.710624 -2.191078 2.612622
v 2.614638 -2.116423 2.612622
v 2.656094 -2.245608 2.797363
v 2.614638 -2.116423 2.612622
v 2.574770 -2.182358 2.797363
v 2.656094 -2.245608 2.797363
v 2.656094 -2.245608 2.797363
v 2.574770 -2.182358 2.797363
v 2.524446 -2.377256 2.873884
v 2.574770 -2.182358 2.797363
v 2.478521 -2.341537 2.873884
v 2.524446 -2.377256 2.873884
v 2.478521 -2.341537 -2.873884
v 2.422391 -2.316022 -2.873884
v 2.574770 -2.182358 -2.797362
v 2.422391 -2.316022 -2.873884
v 2.481977 -2.140178 -2.797362
v 2.574770 -2.182358 -2.797362
v 2.574770 -2.182358 -2.797362
v 2.481977 -2.140178 -2.797362
v 2.614638 -2.116423 -2.612622
v 2.481977 -2.140178 -2.797362
v 2.506658 -2.067341 -2.612622
v 2.614638 -2.116423 -2.612622
v 2.614638 -2.116423 -2.612622
v 2.506658 -2.067341 -2.612622
v 2.614638 -2.116423 2.612622
v 2.506658 -2.067341 -2.612622
v 2.506658 -2.067341 2.612622
v 2.614638 -2.116423 2.612622
v 2.614638 -2.116423 2.612622
v 2.506658 -2.067341 2.612622
v 2.574770 -2.182358 2.797363
v 2.506658 -2.067341 2.612622
v 2.481977 -2.140178 2.797363
v 2.574770 -2.182358 2.797363
v 2.574770 -2.182358 2.797363
v 2.481977 -2.140178 2.797363
v 2.478521 -2.341537 2.873884
v 2.481977 -2.140178 2.797363
v 2.422391 -2.316022 2.873884
v 2.478521 -2.341537 2.873884
v 2.422391 -2.316022 -2.873884
v 2.356055 -2.300715 -2.873884
v 2.481977 -2.140178 -2.797362
v 2.356055 -2.300715 -2.873884
v 2.383142 -2.117370 -2.797362
v 2.481977 -2.140178 -2.797362
v 2.481977 -2.140178 -2.797362
v 2.383142 -2.117370 -2.797362
v 2.506658 -2.067341 -2.612622
v 2.383142 -2.117370 -2.797362
v 2.394363 -2.041426 -2.612622
v 2.506658 -2.067341 -2.612622
v 2.506658 -2.067341 -2.612622
v 2.394363 -2.041426 -2.612622
v 2.506658 -2.067341 2.612622
v 2.394363 -2.041426 -2.612622
v 2.394363 -2.041426 2.612622
v 2.506658 -2.067341 2.612622
v 2.506658 -2.067341 2.612622
v 2.394363 -2.041426 2.612622
v 2.481977 -2.140178 2.797363
v 2.394363 -2.041426 2.612622
v 2.383142 -2.117370 2.797363
v 2.481977 -2.140178 2.797363
v 2.481977 -2.140178 2.797363
v 2.383142 -2.117370 2.797363
v 2.422391 -2.316022 2.873884
v 2.383142 -2.117370 2.797363
v 2.356055 -2.300715 2.873884
v 2.422391 -2.316022 2.873884
v 2.356055 -2.300715 -2.873884
v 2.279513 -2.295612 -2.873884
v 2.383142 -2.117370 -2.797362
v 2.279513 -2.295612 -2.873884
v 2.285664 -2.110872 -2.797362
v 2.383142 -2.117370 -2.797362
v 2.383142 -2.117370 -2.797362
v 2.285664 -2.110872 -2.797362
v 2.394363 -2.041426 -2.612622
v 2.285664 -2.110872 -2.797362
v 2.288212 -2.034349 -2.612622
v 2.394363 -2.041426 -2.612622
v 2.394363 -2.041426 -2.612622
v 2.288212 -2.034349 -2.612622
v 2.394363 -2.041426 2.612622
v 2.288212 -2.034349 -2.612622
v 2.288212 -2.034349 2.612622
v 2.394363 -2.041426 2.612622
v 2.394363 -2.041426 2.612622
v 2.288212 -2.034349 2.612622
v 2.383142 -2.117370 2.797363
v 2.288212 -2.034349 2.612622
v 2.285664 -2.110872 2.797363
v 2.383142 -2.117370 2.797363
v 2.383142 -2.117370 2.797363
v 2.285664 -2.110872 2.797363
v 2.356055 -2.300715 2.873884
v 2.285664 -2.110872 2.797363
v 2.279513 -2.295612 2.873884
v 2.356055 -2.300715 2.873884
v 2.279513 -2.295612 -2.873884
v -2.279513 -2.295612 -2.873884
v 2.285664 -2.110872 -2.797362
v -2.279513 -2.295612 -2.873884
v -2.285664 -2.110872 -2.797362
v 2.285664 -2.110872 -2.797362
v 2.285664 -2.110872 -2.797362
v -2.285664 -2.110872 -2.797362
v 2.288212 -2.034349 -2.612622
v -2.285664 -2.110872 -2.797362
v -2.288212 -2.034349 -2.612622
v 2.288212 -2.034349 -2.612622
v 2.288212 -2.034349 -2.612622
v -2.288212 -2.034349 -2.612622
v 2.288212 -2.034349 2.612622
v -2.288212 -2.034349 -2.612622
v -2.288212 -2.034349 2.612622
v 2.288212 -2.034349 2.612622
v 2.288212 -2.034349 2.612622
v -2.288212 -2.034349 2.612622
v 2.285664 -2.110872 2.797363
v -2.288212 -2.034349 2.612622
v -2.285664 -2.110872 2.797363
v 2.285664 -2.110872 2.797363
v 2.285664 -2.110872 2.797363
v -2.285664 -2.110872 2.797363
v 2.279513 -2.295612 2.873884
v -2.285664 -2.110872 2.797363
v -2.279513 -2.295612 2.873884
v 2.279513 -2.295612 2.873884
v -2.279513 -2.295612 -2.873884
v -2.356054 -2.300715 -2.873884
v -2.285664 -2.110872 -2.797362
v -2.356054 -2.300715 -2.873884
v -2.383142 -2.117370 -2.797362
v -2.285664 -2.110872 -2.797362
v -2.285664 -2.110872 -2.797362
v -2.383142 -2.117370 -2.797362
v -2.288212 -2.034349 -2.612622
v -2.383142 -2.117370 -2.797362
v -2.394363 -2.041426 -2.612622
v -2.288212 -2.034349 -2.612622
v -2.288212 -2.034349 -2.612622
v -2.394363 -2.041426 -2.612622
v -2.288212 -2.034349 2.612622
v -2.394363 -2.041426 -2.612622
v -2.394363 -2.041426 2.612622
v -2.288212 -2.034349 2.612622
v -2.288212 -2.034349 2.612622
v -2.394363 -2.041426 2.612622
v -2.285664 -2.110872 2.797363
v -2.394363 -2.041426 2.612622
v -2.383142 -2.117370 2.797363
v -2.285664 -2.110872 2.797363
v -2.285664 -2.110872 2.797363
v -2.383142 -2.117370 2.797363
v -2.279513 -2.295612 2.873884
v -2.383142 -2.117370 2.797363
v -2.356054 -2.300715 2.873884
v -2.279513 -2.295612 2.873884
v -2.356054 -2.300715 -2.873884
v -2.422390 -2.316022 -2.873884
v -2.383142 -2.117370 -2.797362
v -2.422390 -2.316022 -2.873884
v -2.481976 -2.140178 -2.797362
v -2.383142 -2.117370 -2.797362
v -2.383142 -2.117370 -2.797362
v -2.481976 -2.140178 -2.797362
v -2.394363 -2.041426 -2.612622
v -2.481976 -2.140178 -2.797362
v -2.506658 -2.067341 -2.612622
v -2.394363 -2.041426 -2.612622
v -2.394363 -2.041426 -2.612622
v -2.506658 -2.067341 -2.612622
v -2.394363 -2.041426 2.612622
v -2.506658 -2.067341 -2.612622
v -2.506658 -2.067341 2.612622
v -2.394363 -2.041426 2.612622
v -2.394363 -2.041426 2.612622
v -2.506658 -2.067341 2.612622
v -2.383142 -2.117370 2.797363
v -2.506658 -2.067341 2.612622
v -2.481976 -2.140178 2.797363
v -2.383142 -2.117370 2.797363
v -2.383142 -2.117370 2.797363
v -2.481976 -2.140178 2.797363
v -2.356054 -2.300715 2.873884
v -2.481976 -2.140178 2.797363
v -2.422390 -2.316022 2.873884
v -2.356054 -2.300715 2.873884
v -2.422390 -2.316022 -2.873884
v -2.478521 -2.341537 -2.873884
v -2.481976 -2.140178 -2.797362
v -2.478521 -2.341537 -2.873884
v -2.574770 -2.182358 -2.797362
v -2.481976 -2.140178 -2.797362
v -2.481976 -2.140178 -2.797362
v -2.574770 -2.182358 -2.797362
v -2.506658 -2.067341 -2.612622
v -2.574770 -2.182358 -2.797362
v -2.614638 -2.116423 -2.612622
v -2.506658 -2.067341 -2.612622
v -2.506658 -2.067341 -2.612622
v -2.614638 -2.116423 -2.612622
v -2.506658 -2.067341 2.612622
v -2.614638 -2.116423 -2.612622
v -2.614638 -2.116423 2.612622
v -2.506658 -2.067341 2.612622
v -2.506658 -2.067341 2.612622
v -2.614638 -2.116423 2.612622
v -2.481976 -2.140178 2.797363
v -2.614638 -2.116423 2.612622
v -2.574770 -2.182358 2.797363
v -2.481976 -2.140178 2.797363
v -2.481976 -2.140178 2.797363
v -2.574770 -2.182358 2.797363
v -2.422390 -2.316022 2.873884
v -2.574770 -2.182358 2.797363
v -2.478521 -2.341537 2.873884
v -2.422390 -2.316022 2.873884
v -2.478521 -2.341537 -2.873884
v -2.524446 -2.377256 -2.873884
v -2.574770 -2.182358 -2.797362
v -2.524446 -2.377256 -2.873884
v -2.656094 -2.245608 -2.797362
v -2.574770 -2.182358 -2.797362
v -2.574770 -2.182358 -2.797362
v -2.656094 -2.245608 -2.797362
v -2.614638 -2.116423 -2.612622
v -2.656094 -2.245608 -2.797362
v -2.710624 -2.191078 -2.612622
v -2.614638 -2.116423 -2.612622
v -2.614638 -2.116423 -2.612622
v -2.710624 -2.191078 -2.612622
v -2.614638 -2.116423 2.612622
v -2.710624 -2.191078 -2.612622
v -2.710624 -2.191078 2.612622
v -2.614638 -2.116423 2.612622
v -2.614638 -2.116423 2.612622
v -2.710624 -2.191078 2.612622
v -2.574770 -2.182358 2.797363
v -2.710624 -2.191078 2.612622
v -2.656094 -2.245608 2.797363
v -2.574770 -2.182358 2.797363
v -2.574770 -2.182358 2.797363
v -2.656094 -2.245608 2.797363
v -2.478521 -2.341537 2.873884
v -2.656094 -2.245608 2.797363
v -2.524446 -2.377256 2.873884
v -2.478521 -2.341537 2.873884
v -2.524446 -2.377256 -2.873884
v -2.560165 -2.423182 -2.873884
v -2.656094 -2.245608 -2.797362
v -2.560165 -2.423182 -2.873884
v -2.719345 -2.326932 -2.797362
v -2.656094 -2.245608 -2.797362
v -2.656094 -2.245608 -2.797362
v -2.719345 -2.326932 -2.797362
v -2.710624 -2.191078 -2.612622
v -2.719345 -2.326932 -2.797362
v -2.785280 -2.287064 -2.612622
v -2.710624 -2.191078 -2.612622
v -2.710624 -2.191078 -2.612622
v -2.785280 -2.287064 -2.612622
v -2.710624 -2.191078 2.612622
v -2.785280 -2.287064 -2.612622
v -2.785280 -2.287064 2.612622
v -2.710624 -2.191078 2.612622
v -2.710624 -2.191078 2.612622
v -2.785280 -2.287064 2.612622
v -2.656094 -2.245608 2.797363
v -2.785280 -2.287064 2.612622
v -2.719345 -2.326932 2.797363
v -2.656094 -2.245608 2.797363
v -2.656094 -2.245608 2.797363
v -2.719345 -2.326932 2.797363
v -2.524446 -2.377256 2.873884
v -2.719345 -2.326932 2.797363
v -2.560165 -2.423182 2.873884
v -2.524446 -2.377256 2.873884
v -2.560165 -2.423182 -2.873884
v -2.585679 -2.479311 -2.873884
v -2.719345 -2.326932 -2.797362
v -2.585679 -2.479311 -2.873884
v -2.761524 -2.419726 -2.797362
v -2.719345 -2.326932 -2.797362
v -2.719345 -2.326932 -2.797362
v -2.761524 -2.419726 -2.797362
v -2.785280 -2.287064 -2.612622
v -2.761524 -2.419726 -2.797362
v -2.834361 -2.395043 -2.612622
v -2.785280 -2.287064 -2.612622
v -2.785280 -2.287064 -2.612622
v -2.834361 -2.395043 -2.612622
v -2.785280 -2.287064 2.612622
v -2.834361 -2.395043 -2.612622
v -2.834361 -2.395043 2.612622
v -2.785280 -2.287064 2.612622
v -2.785280 -2.287064 2.612622
v -2.834361 -2.395043 2.612622
v -2.719345 -2.326932 2.797363
v -2.834361 -2.395043 2.612622
v -2.761524 -2.419726 2.797363
v -2.719345 -2.326932 2.797363
v -2.719345 -2.326932 2.797363
v -2.761524 -2.419726 2.797363
v -2.560165 -2.423182 2.873884
v -2.761524 -2.419726 2.797363
v -2.585679 -2.479311 2.873884
v -2.560165 -2.423182 2.873884
v -2.585679 -2.479311 -2.873884
v -2.600988 -2.545647 -2.873884
v -2.761524 -2.419726 -2.797362
v -2.600988 -2.545647 -2.873884
v -2.784332 -2.518560 -2.797362
v -2.761524 -2.419726 -2.797362
v -2.761524 -2.419726 -2.797362
v -2.784332 -2.518560 -2.797362
v -2.834361 -2.395043 -2.612622
v -2.784332 -2.518560 -2.797362
v -2.860276 -2.507339 -2.612622
v -2.834361 -2.395043 -2.612622
v -2.834361 -2.395043 -2.612622
v -2.860276 -2.507339 -2.612622
v -2.834361 -2.395043 2.612622
v -2.860276 -2.507339 -2.612622
v -2.860276 -2.507339 2.612622
v -2.834361 -2.395043 2.612622
v -2.834361 -2.395043 2.612622
v -2.860276 -2.507339 2.612622
v -2.761524 -2.419726 2.797363
v -2.860276 -2.507339 2.612622
v -2.784332 -2.518560 2.797363
v -2.761524 -2.419726 2.797363
v -2.761524 -2.419726 2.797363
v -2.784332 -2.518560 2.797363
v -2.585679 -2.479311 2.873884
v -2.784332 -2.518560 2.797363
v -2.600988 -2.545647 2.873884
v -2.585679 -2.479311 2.873884
v -2.600988 -2.545647 -2.873884
v -2.606090 -2.622190 -2.873884
v -2.784332 -2.518560 -2.797362
v -2.606090 -2.622190 -2.873884
v -2.790831 -2.616038 -2.797362
v -2.784332 -2.518560 -2.797362
v -2.784332 -2.518560 -2.797362
v -2.790831 -2.616038 -2.797362
v -2.860276 -2.507339 -2.612622
v -2.790831 -2.616038 -2.797362
v -2.867353 -2.613491 -2.612622
v -2.860276 -2.507339 -2.612622
v -2.860276 -2.507339 -2.612622
v -2.867353 -2.613491 -2.612622
v -2.860276 -2.507339 2.612622
v -2.867353 -2.613491 -2.612622
v -2.867353 -2.613491 2.612622
v -2.860276 -2.507339 2.612622
v -2.860276 -2.507339 2.612622
v -2.867353 -2.613491 2.612622
v -2.784332 -2.518560 2.797363
v -2.867353 -2.613491 2.612622
v -2.790831 -2.616038 2.797363
v -2.784332 -2.518560 2.797363
v -2.784332 -2.518560 2.797363
v -2.790831 -2.616038 2.797363
v -2.600988 -2.545647 2.873884
v -2.790831 -2.616038 2.797363
v -2.606090 -2.622190 2.873884
v -2.600988 -2.545647 2.873884
v -2.606090 -2.622190 -2.873884
v -2.606090 -19.382160 -2.873884
v -2.790831 -2.616038 -2.797362
v -2.606090 -19.382160 -2.873884
v -2.790831 -19.388311 -2.797362
v -2.790831 -2.616038 -2.797362
v -2.790831 -2.616038 -2.797362
v -2.790831 -19.388311 -2.797362
v -2.867353 -2.613491 -2.612622
v -2.790831 -19.388311 -2.797362
v -2.867353 -19.390859 -2.612622
v -2.867353 -2.613491 -2.612622
v -2.867353 -2.613491 -2.612622
v -2.867353 -19.390859 -2.612622
v -2.867353 -2.613491 2.612622
v -2.867353 -19.390859 -2.612622
v -2.867353 -19.390859 2.612622
v -2.867353 -2.613491 2.612622
v -2.867353 -2.613491 2.612622
v -2.867353 -19.390859 2.612622
v -2.790831 -2.616038 2.797363
v -2.867353 -19.390859 2.612622
v -2.790831 -19.388311 2.797363
v -2.790831 -2.616038 2.797363
v -2.790831 -2.616038 2.797363
v -2.790831 -19.388311 2.797363
v -2.606090 -2.622190 2.873884
v -2.790831 -19.388311 2.797363
v -2.606090 -19.382160 2.873884
v -2.606090 -2.622190 2.873884
v -2.606090 -19.382160 -2.873884
v -2.600988 -19.458702 -2.873884
v -2.790831 -19.388311 -2.797362
v -2.600988 -19.458702 -2.873884
v -2.784332 -19.485790 -2.797362
v -2.790831 -19.388311 -2.797362
v -2.790831 -19.388311 -2.797362
v -2.784332 -19.485790 -2.797362
v -2.867353 -19.390859 -2.612622
v -2.784332 -19.485790 -2.797362
v -2.860276 -19.497010 -2.612622
v -2.867353 -19.390859 -2.612622
v -2.867353 -19.390859 -2.612622
v -2.860276 -19.497010 -2.612622
v -2.867353 -19.390859 2.612622
v -2.860276 -19.497010 -2.612622
v -2.860276 -19.497010 2.612622
v -2.867353 -19.390859 2.612622
v -2.867353 -19.390859 2.612622
v -2.860276 -19.497010 2.612622
v -2.790831 -19.388311 2.797363
v -2.860276 -19.497010 2.612622
v -2.784332 -19.485790 2.797363
v -2.790831 -19.388311 2.797363
v -2.790831 -19.388311 2.797363
v -2.784332 -19.485790 2.797363
v -2.606090 -19.382160 2.873884
v -2.784332 -19.485790 2.797363
v -2.600988 -19.458702 2.873884
v -2.606090 -19.382160 2.873884
v -2.600988 -19.458702 -2.873884
v -2.585679 -19.525038 -2.873884
v -2.784332 -19.485790 -2.797362
v -2.585679 -19.525038 -2.873884
v -2.761524 -19.584624 -2.797362
v -2.784332 -19.485790 -2.797362
v -2.784332 -19.485790 -2.797362
v -2.761524 -19.584624 -2.797362
v -2.860276 -19.497010 -2.612622
v -2.761524 -19.584624 -2.797362
v -2.834361 -19.609305 -2.612622
v -2.860276 -19.497010 -2.612622
v -2.860276 -19.497010 -2.612622
v -2.834361 -19.609305 -2.612622
v -2.860276 -19.497010 2.612622
v -2.834361 -19.609305 -2.612622
v -2.834361 -19.609305 2.612622
v -2.860276 -19.497010 2.612622
v -2.860276 -19.497010 2.612622
v -2.834361 -19.609305 2.612622
v -2.784332 -19.485790 2.797363
v -2.834361 -19.609305 2.612622
v -2.761524 -19.584624 2.797363
v -2.784332 -19.485790 2.797363
v -2.784332 -19.485790 2.797363
v -2.761524 -19.584624 2.797363
v -2.600988 -19.458702 2.873884
v -2.761524 -19.584624 2.797363
v -2.585679 -19.525038 2.873884
v -2.600988 -19.458702 2.873884
v -2.585679 -19.525038 -2.873884
v -2.560165 -19.581168 -2.873884
v -2.761524 -19.584624 -2.797362
v -2.560165 -19.581168 -2.873884
v -2.719345 -19.677417 -2.797362
v -2.761524 -19.584624 -2.797362
v -2.761524 -19.584624 -2.797362
v -2.719345 -19.677417 -2.797362
v -2.834361 -19.609305 -2.612622
v -2.719345 -19.677417 -2.797362
v -2.785280 -19.717285 -2.612622
v -2.834361 -19.609305 -2.612622
v -2.834361 -19.609305 -2.612622
v -2.785280 -19.717285 -2.612622
v -2.834361 -19.609305 2.612622
v -2.785280 -19.717285 -2.612622
v -2.785280 -19.717285 2.612622
v -2.834361 -19.609305 2.612622
v -2.834361 -19.609305 2.612622
v -2.785280 -19.717285 2.612622
v -2.761524 -19.584624 2.797363
v -2.785280 -19.717285 2.612622
v -2.719345 -19.677417 2.797363
v -2.761524 -19.584624 2.797363
v -2.761524 -19.584624 2.797363
v -2.719345 -19.677417 2.797363
v -2.585679 -19.525038 2.873884
v -2.719345 -19.677417 2.797363
v -2.560165 -19.581168 2.873884
v -2.585679 -19.525038 2.873884
v -2.560165 -19.581168 -2.873884
v -2.524446 -19.627093 -2.873884
v -2.719345 -19.677417 -2.797362
v -2.524446 -19.627093 -2.873884
v -2.656094 -19.758741 -2.797362
v -2.719345 -19.677417 -2.797362
v -2.719345 -19.677417 -2.797362
v -2.656094 -19.758741 -2.797362
v -2.785280 -19.717285 -2.612622
v -2.656094 -19.758741 -2.797362
v -2.710624 -19.813271 -2.612622
v -2.785280 -19.717285 -2.612622
v -2.785280 -19.717285 -2.612622
v -2.710624 -19.813271 -2.612622
v -2.785280 -19.717285 2.612622
v -2.710624 -19.813271 -2.612622
v -2.710624 -19.813271 2.612622
v -2.785280 -19.717285 2.612622
v -2.785280 -19.717285 2.612622
v -2.710624 -19.813271 2.612622
v -2.719345 -19.677417 2.797363
v -2.710624 -19.813271 2.612622
v -2.656094 -19.758741 2.797363
v -2.719345 -19.677417 2.797363
v -2.719345 -19.677417 2.797363
v -2.656094 -19.758741 2.797363
v -2.560165 -19.581168 2.873884
v -2.656094 -19.758741 2.797363
v -2.524446 -19.627093 2.873884
v -2.560165 -19.581168 2.873884
v -2.524446 -19.627093 -2.873884
v -2.478521 -19.662813 -2.873884
v -2.656094 -19.758741 -2.797362
v -2.478521 -19.662813 -2.873884
v -2.574770 -19.821993 -2.797362
v -2.656094 -19.758741 -2.797362
v -2.656094 -19.758741 -2.797362
v -2.574770 -19.821993 -2.797362
v -2.710624 -19.813271 -2.612622
v -2.574770 -19.821993 -2.797362
v -2.614638 -19.887927 -2.612622
v -2.710624 -19.813271 -2.612622
v -2.710624 -19.813271 -2.612622
v -2.614638 -19.887927 -2.612622
v -2.710624 -19.813271 2.612622
v -2.614638 -19.887927 -2.612622
v -2.614638 -19.887927 2.612622
v -2.710624 -19.813271 2.612622
v -2.710624 -19.813271 2.612622
v -2.614638 -19.887927 2.612622
v -2.656094 -19.758741 2.797363
v -2.614638 -19.887927 2.612622
v -2.574770 -19.821993 2.797363
v -2.656094 -19.758741 2.797363
v -2.656094 -19.758741 2.797363
v -2.574770 -19.821993 2.797363
v -2.524446 -19.627093 2.873884
v -2.574770 -19.821993 2.797363
v -2.478521 -19.662813 2.873884
v -2.524446 -19.627093 2.873884
v -2.478521 -19.662813 -2.873884
v -2.422390 -19.688327 -2.873884
v -2.574770 -19.821993 -2.797362
v -2.422390 -19.688327 -2.873884
v -2.481976 -19.864172 -2.797362
v -2.574770 -19.821993 -2.797362
v -2.574770 -19.821993 -2.797362
v -2.481976 -19.864172 -2.797362
v -2.614638 -19.887927 -2.612622
v -2.481976 -19.864172 -2.797362
v -2.506658 -19.937009 -2.612622
v -2.614638 -19.887927 -2.612622
v -2.614638 -19.887927 -2.612622
v -2.506658 -19.937009 -2.612622
v -2.614638 -19.887927 2.612622
v -2.506658 -19.937009 -2.612622
v -2.506658 -19.937009 2.612622
v -2.614638 -19.887927 2.612622
v -2.614638 -19.887927 2.612622
v -2.506658 -19.937009 2.612622
v -2.574770 -19.821993 2.797363
v -2.506658 -19.937009 2.612622
v -2.481976 -19.864172 2.797363
v -2.574770 -19.821993 2.797363
v -2.574770 -19.821993 2.797363
v -2.481976 -19.864172 2.797363
v -2.478521 -19.662813 2.873884
v -2.481976 -19.864172 2.797363
v -2.422390 -19.688327 2.873884
v -2.478521 -19.662813 2.873884
v -2.422390 -19.688327 -2.873884
v -2.356054 -19.703635 -2.873884
v -2.481976 -19.864172 -2.797362
v -2.356054 -19.703635 -2.873884
v -2.383142 -19.886979 -2.797362
v -2.481976 -19.864172 -2.797362
v -2.481976 -19.864172 -2.797362
v -2.383142 -19.886979 -2.797362
v -2.506658 -19.937009 -2.612622
v -2.383142 -19.886979 -2.797362
v -2.394363 -19.962923 -2.612622
v -2.506658 -19.937009 -2.612622
v -2.506658 -19.937009 -2.612622
v -2.394363 -19.962923 -2.612622
v -2.506658 -19.937009 2.612622
v -2.394363 -19.962923 -2.612622
v -2.394363 -19.962923 2.612622
v -2.506658 -19.937009 2.612622
v -2.506658 -19.937009 2.612622
v -2.394363 -19.962923 2.612622
v -2.481976 -19.864172 2.797363
v -2.394363 -19.962923 2.612622
v -2.383142 -19.886979 2.797363
v -2.481976 -19.864172 2.797363
v -2.481976 -19.864172 2.797363
v -2.383142 -19.886979 2.797363
v -2.422390 -19.688327 2.873884
v -2.383142 -19.886979 2.797363
v -2.356054 -19.703635 2.873884
v -2.422390 -19.688327 2.873884
v -2.356054 -19.703635 -2.873884
v -2.279513 -19.708738 -2.873884
v -2.383142 -19.886979 -2.797362
v -2.279513 -19.708738 -2.873884
v -2.285664 -19.893478 -2.797362
v -2.383142 -19.886979 -2.797362
v -2.383142 -19.886979 -2.797362
v -2.285664 -19.893478 -2.797362
v -2.394363 -19.962923 -2.612622
v -2.285664 -19.893478 -2.797362
v -2.288212 -19.970000 -2.612622
v -2.394363 -19.962923 -2.612622
v -2.394363 -19.962923 -2.612622
v -2.288212 -19.970000 -2.612622
v -2.394363 -19.962923 2.612622
v -2.288212 -19.970000 -2.612622
v -2.288212 -19.970000 2.612622
v -2.394363 -19.962923 2.612622
v -2.394363 -19.962923 2.612622
v -2.288212 -19.970000 2.612622
v -2.383142 -19.886979 2.797363
v -2.288212 -19.970000 2.612622
v -2.285664 -19.893478 2.797363
v -2.383142 -19.886979 2.797363
v -2.383142 -19.886979 2.797363
v -2.285664 -19.893478 2.797363
v -2.356054 -19.703635 2.873884
v -2.285664 -19.893478 2.797363
v -2.279513 -19.708738 2.873884
v -2.356054 -19.703635 2.873884
v -2.279513 -19.708738 -2.873884
v 2.279513 -19.708738 -2.873884
v -2.285664 -19.893478 -2.797362
v 2.279513 -19.708738 -2.873884
v 2.285664 -19.893478 -2.797362
v -2.285664 -19.893478 -2.797362
v -2.285664 -19.893478 -2.797362
v 2.285664 -19.893478 -2.797362
v -2.288212 -19.970000 -2.612622
v 2.285664 -19.893478 -2.797362
v 2.288212 -19.970000 -2.612622
v -2.288212 -19.970000 -2.612622
v -2.288212 -19.970000 -2.612622
v 2.288212 -19.970000 -2.612622
v -2.288212 -19.970000 2.612622
v 2.288212 -19.970000 -2.612622
v 2.288212 -19.970000 2.612622
v -2.288212 -19.970000 2.612622
v -2.288212 -19.970000 2.612622
v 2.288212 -19.970000 2.612622
v -2.285664 -19.893478 2.797363
v 2.288212 -19.970000 2.612622
v 2.285664 -19.893478 2.797363
v -2.285664 -19.893478 2.797363
v -2.285664 -19.893478 2.797363
v 2.285664 -19.893478 2.797363
v -2.279513 -19.708738 2.873884
v 2.285664 -19.893478 2.797363
v 2.279513 -19.708738 2.873884
v -2.279513 -19.708738 2.873884
vt 432 0
vt 83 0
vt 77.140625 0.390625
vt 442.9375 1.5625
vt 437.859375 0.390625
vt 432 0
vt 450.75 6.25
vt 447.234375 3.515625
vt 442.9375 1.5625
vt 455.4375 14.0625
vt 453.484375 9.765625
vt 450.75 6.25
vt 457 25
vt 456.609375 19.140625
vt 455.4375 14.0625
vt 456.609375 1313.859375
vt 457 1308
vt 457 25
vt 453.484375 1323.234375
vt 455.4375 1318.9375
vt 456.609375 1313.859375
vt 447.234375 1329.484375
vt 450.75 1326.75
vt 453.484375 1323.234375
vt 437.859375 1332.609375
vt 442.9375 1331.4375
vt 447.234375 1329.484375
vt 83 1333
vt 432 1333
vt 437.859375 1332.609375
vt 72.0625 1331.4375
vt 77.140625 1332.609375
vt 83 1333
vt 64.25 1326.75
vt 67.765625 1329.484375
vt 72.0625 1331.4375
vt 59.5625 1318.9375
vt 61.515625 1323.234375
vt 64.25 1326.75
vt 58 1308
vt 58.390625 1313.859375
vt 59.5625 1318.9375
vt 58.390625 19.140625
vt 58 25
vt 58 1308
vt 61.515625 9.765625
vt 59.5625 14.0625
vt 58.390625 19.140625
vt 67.765625 3.515625
vt 64.25 6.25
vt 61.515625 9.765625
vt 77.140625 0.390625
vt 72.0625 1.5625
vt 67.765625 3.515625
vt 442.9375 1.5625
vt 432 0
vt 77.140625 0.390625
vt 455.4375 14.0625
vt 450.75 6.25
vt 442.9375 1.5625
vt 456.609375 1313.859375
vt 457 25
vt 455.4375 14.0625
vt 447.234375 1329.484375
vt 453.484375 1323.234375
vt 456.609375 1313.859375
vt 83 1333
vt 437.859375 1332.609375
vt 447.234375 1329.484375
vt 64.25 1326.75
vt 72.0625 1331.4375
vt 83 1333
vt 58 1308
vt 59.5625 1318.9375
vt 64.25 1326.75
vt 61.515625 9.765625
vt 58.390625 19.140625
vt 58 1308
vt 77.140625 0.390625
vt 67.765625 3.515625
vt 61.515625 9.765625
vt 455.4375 14.0625
vt 442.9375 1.5625
vt 77.140625 0.390625
vt 447.234375 1329.484375
vt 456.609375 1313.859375
vt 455.4375 14.0625
vt 64.25 1326.75
vt 83 1333
vt 447.234375 1329.484375
vt 61.515625 9.765625
vt 58 1308
vt 64.25 1326.75
vt 455.4375 14.0625
vt 77.140625 0.390625
vt 61.515625 9.765625
vt 64.25 1326.75
vt 447.234375 1329.484375
vt 455.4375 14.0625
vt 455.4375 14.0625
vt 61.515625 9.765625
vt 64.25 1326.75
vt 77.140625 0.390625
vt 83 0
vt 432 0
vt 432 0
vt 437.859375 0.390625
vt 442.9375 1.5625
vt 442.9375 1.5625
vt 447.234375 3.515625
vt 450.75 6.25
vt 450.75 6.25
vt 453.484375 9.765625
vt 455.4375 14.0625
vt 455.4375 14.0625
vt 456.609375 19.140625
vt 457 25
vt 457 25
vt 457 1308
vt 456.609375 1313.859375
vt 456.609375 1313.859375
vt 455.4375 1318.9375
vt 453.484375 1323.234375
vt 453.484375 1323.234375
vt 450.75 1326.75
vt 447.234375 1329.484375
vt 447.234375 1329.484375
vt 442.9375 1331.4375
vt 437.859375 1332.609375
vt 437.859375 1332.609375
vt 432 1333
vt 83 1333
vt 83 1333
vt 77.140625 1332.609375
vt 72.0625 1331.4375
vt 72.0625 1331.4375
vt 67.765625 1329.484375
vt 64.25 1326.75
vt 64.25 1326.75
vt 61.515625 1323.234375
vt 59.5625 1318.9375
vt 59.5625 1318.9375
vt 58.390625 1313.859375
vt 58 1308
vt 58 1308
vt 58 25
vt 58.390625 19.140625
vt 58.390625 19.140625
vt 59.5625 14.0625
vt 61.515625 9.765625
vt 61.515625 9.765625
vt 64.25 6.25
vt 67.765625 3.515625
vt 67.765625 3.515625
vt 72.0625 1.5625
vt 77.140625 0.390625
vt 77.140625 0.390625
vt 432 0
vt 442.9375 1.5625
vt 442.9375 1.5625
vt 450.75 6.25
vt 455.4375 14.0625
vt 455.4375 14.0625
vt 457 25
vt 456.609375 1313.859375
vt 456.609375 1313.859375
vt 453.484375 1323.234375
vt 447.234375 1329.484375
vt 447.234375 1329.484375
vt 437.859375 1332.609375
vt 83 1333
vt 83 1333
vt 72.0625 1331.4375
vt 64.25 1326.75
vt 64.25 1326.75
vt 59.5625 1318.9375
vt 58 1308
vt 58 1308
vt 58.390625 19.140625
vt 61.515625 9.765625
vt 61.515625 9.765625
vt 67.765625 3.515625
vt 77.140625 0.390625
vt 77.140625 0.390625
vt 442.9375 1.5625
vt 455.4375 14.0625
vt 455.4375 14.0625
vt 456.609375 1313.859375
vt 447.234375 1329.484375
vt 447.234375 1329.484375
vt 83 1333
vt 64.25 1326.75
vt 64.25 1326.75
vt 58 1308
vt 61.515625 9.765625
vt 61.515625 9.765625
vt 77.140625 0.390625
vt 455.4375 14.0625
vt 455.4375 14.0625
vt 447.234375 1329.484375
vt 64.25 1326.75
vt 64.25 1326.75
vt 61.515625 9.765625
vt 455.4375 14.0625
vt 432 21
vt 437.859375 21
vt 432.47088623046875 15.142135620117188
vt 437.859375 21
vt 439.9330139160156 15.142135620117188
vt 432.47088623046875 15.142135620117188
vt 432.47088623046875 15.142135620117188
vt 439.9330139160156 15.142135620117188
vt 432.6659240722656 1
vt 439.9330139160156 15.142135620117188
vt 440.79193115234375 1
vt 432.6659240722656 1
vt 432.6659240722656 1
vt 440.79193115234375 1
vt 432.6659240722656 -399
vt 440.79193115234375 1
vt 440.79193115234375 -399
vt 432.6659240722656 -399
vt 432.6659240722656 -399
vt 440.79193115234375 -399
vt 432.47088623046875 -413.14215087890625
vt 440.79193115234375 -399
vt 439.9330139160156 -413.14215087890625
vt 432.47088623046875 -413.14215087890625
vt 432.47088623046875 -413.14215087890625
vt 439.9330139160156 -413.14215087890625
vt 432 -419
vt 439.9330139160156 -413.14215087890625
vt 437.859375 -419
vt 432 -419
vt 437.859375 21
vt 442.9375 21
vt 439.9330139160156 15.142135620117188
vt 442.9375 21
vt 447.4989013671875 15.142135620117188
vt 439.9330139160156 15.142135620117188
vt 439.9330139160156 15.142135620117188
vt 447.4989013671875 15.142135620117188
vt 440.79193115234375 1
vt 447.4989013671875 15.142135620117188
vt 449.3883056640625 1
vt 440.79193115234375 1
vt 440.79193115234375 1
vt 449.3883056640625 1
vt 440.79193115234375 -399
vt 449.3883056640625 1
vt 449.3883056640625 -399
vt 440.79193115234375 -399
vt 440.79193115234375 -399
vt 449.3883056640625 -399
vt 439.9330139160156 -413.14215087890625
vt 449.3883056640625 -399
vt 447.4989013671875 -413.14215087890625
vt 439.9330139160156 -413.14215087890625
vt 439.9330139160156 -413.14215087890625
vt 447.4989013671875 -413.14215087890625
vt 437.859375 -419
vt 447.4989013671875 -413.14215087890625
vt 442.9375 -419
vt 437.859375 -419
vt 442.9375 21
vt 447.234375 21
vt 447.4989013671875 15.142135620117188
vt 447.234375 21
vt 454.6023864746094 15.142135620117188
vt 447.4989013671875 15.142135620117188
vt 447.4989013671875 15.142135620117188
vt 454.6023864746094 15.142135620117188
vt 449.3883056640625 1
vt 454.6023864746094 15.142135620117188
vt 457.654296875 1
vt 449.3883056640625 1
vt 449.3883056640625 1
vt 457.654296875 1
vt 449.3883056640625 -399
vt 457.654296875 1
vt 457.654296875 -399
vt 449.3883056640625 -399
vt 449.3883056640625 -399
vt 457.654296875 -399
vt 447.4989013671875 -413.14215087890625
vt 457.654296875 -399
vt 454.6023864746094 -413.14215087890625
vt 447.4989013671875 -413.14215087890625
vt 447.4989013671875 -413.14215087890625
vt 454.6023864746094 -413.14215087890625
vt 442.9375 -419
vt 454.6023864746094 -413.14215087890625
vt 447.234375 -419
vt 442.9375 -419
vt 447.234375 21
vt 450.75 21
vt 454.6023864746094 15.142135620117188
vt 450.75 21
vt 460.82781982421875 15.142135620117188
vt 454.6023864746094 15.142135620117188
vt 454.6023864746094 15.142135620117188
vt 460.82781982421875 15.142135620117188
vt 457.654296875 1
vt 460.82781982421875 15.142135620117188
vt 465.002197265625 1
vt 457.654296875 1
vt 457.654296875 1
vt 465.002197265625 1
vt 457.654296875 -399
vt 465.002197265625 1
vt 465.002197265625 -399
vt 457.654296875 -399
vt 457.654296875 -399
vt 465.002197265625 -399
vt 454.6023864746094 -413.14215087890625
vt 465.002197265625 -399
vt 460.82781982421875 -413.14215087890625
vt 454.6023864746094 -413.14215087890625
vt 454.6023864746094 -413.14215087890625
vt 460.82781982421875 -413.14215087890625
vt 447.234375 -419
vt 460.82781982421875 -413.14215087890625
vt 450.75 -419
vt 447.234375 -419
vt 6.25 21
vt 9.765625 21
vt -3.827822208404541 15.142135620117188
vt 9.765625 21
vt 2.3976240158081055 15.142135620117188
vt -3.827822208404541 15.142135620117188
vt -3.827822208404541 15.142135620117188
vt 2.3976240158081055 15.142135620117188
vt -8.002192497253418 1
vt 2.3976240158081055 15.142135620117188
vt -0.6543018817901611 1
vt -8.002192497253418 1
vt -8.002192497253418 1
vt -0.6543018817901611 1
vt -8.002192497253418 -399
vt -0.6543018817901611 1
vt -0.6543018817901611 -399
vt -8.002192497253418 -399
vt -8.002192497253418 -399
vt -0.6543018817901611 -399
vt -3.827822208404541 -413.14215087890625
vt -0.6543018817901611 -399
vt 2.3976240158081055 -413.14215087890625
vt -3.827822208404541 -413.14215087890625
vt -3.827822208404541 -413.14215087890625
vt 2.3976240158081055 -413.14215087890625
vt 6.25 -419
vt 2.3976240158081055 -413.14215087890625
vt 9.765625 -419
vt 6.25 -419
vt 9.765625 21
vt 14.0625 21
vt 2.3976240158081055 15.142135620117188
vt 14.0625 21
vt 9.501090049743652 15.142135620117188
vt 2.3976240158081055 15.142135620117188
vt 2.3976240158081055 15.142135620117188
vt 9.501090049743652 15.142135620117188
vt -0.6543018817901611 1
vt 9.501090049743652 15.142135620117188
vt 7.611691951751709 1
vt -0.6543018817901611 1
vt -0.6543018817901611 1
vt 7.611691951751709 1
vt -0.6543018817901611 -399
vt 7.611691951751709 1
vt 7.611691951751709 -399
vt -0.6543018817901611 -399
vt -0.6543018817901611 -399
vt 7.611691951751709 -399
vt 2.3976240158081055 -413.14215087890625
vt 7.611691951751709 -399
vt 9.501090049743652 -413.14215087890625
vt 2.3976240158081055 -413.14215087890625
vt 2.3976240158081055 -413.14215087890625
vt 9.501090049743652 -413.14215087890625
vt 9.765625 -419
vt 9.501090049743652 -413.14215087890625
vt 14.0625 -419
vt 9.765625 -419
vt 14.0625 21
vt 19.140625 21
vt 9.501090049743652 15.142135620117188
vt 19.140625 21
vt 17.066986083984375 15.142135620117188
vt 9.501090049743652 15.142135620117188
vt 9.501090049743652 15.142135620117188
vt 17.066986083984375 15.142135620117188
vt 7.611691951751709 1
vt 17.066986083984375 15.142135620117188
vt 16.208057403564453 1
vt 7.611691951751709 1
vt 7.611691951751709 1
vt 16.208057403564453 1
vt 7.611691951751709 -399
vt 16.208057403564453 1
vt 16.208057403564453 -399
vt 7.611691951751709 -399
vt 7.611691951751709 -399
vt 16.208057403564453 -399
vt 9.501090049743652 -413.14215087890625
vt 16.208057403564453 -399
vt 17.066986083984375 -413.14215087890625
vt 9.501090049743652 -413.14215087890625
vt 9.501090049743652 -413.14215087890625
vt 17.066986083984375 -413.14215087890625
vt 14.0625 -419
vt 17.066986083984375 -413.14215087890625
vt 19.140625 -419
vt 14.0625 -419
vt 19.140625 21
vt 25 21
vt 17.066986083984375 15.142135620117188
vt 25 21
vt 24.529117584228516 15.142135620117188
vt 17.066986083984375 15.142135620117188
vt 17.066986083984375 15.142135620117188
vt 24.529117584228516 15.142135620117188
vt 16.208057403564453 1
vt 24.529117584228516 15.142135620117188
vt 24.33407211303711 1
vt 16.208057403564453 1
vt 16.208057403564453 1
vt 24.33407211303711 1
vt 16.208057403564453 -399
vt 24.33407211303711 1
vt 24.33407211303711 -399
vt 16.208057403564453 -399
vt 16.208057403564453 -399
vt 24.33407211303711 -399
vt 17.066986083984375 -413.14215087890625
vt 24.33407211303711 -399
vt 24.529117584228516 -413.14215087890625
vt 17.066986083984375 -413.14215087890625
vt 17.066986083984375 -413.14215087890625
vt 24.529117584228516 -413.14215087890625
vt 19.140625 -419
vt 24.529117584228516 -413.14215087890625
vt 25 -419
vt 19.140625 -419
vt 25 21
vt 1308 21
vt 24.529117584228516 15.142135620117188
vt 1308 21
vt 1308.4708251953125 15.142135620117188
vt 24.529117584228516 15.142135620117188
vt 24.529117584228516 15.142135620117188
vt 1308.4708251953125 15.142135620117188
vt 24.33407211303711 1
vt 1308.4708251953125 15.142135620117188
vt 1308.6658935546875 1
vt 24.33407211303711 1
vt 24.33407211303711 1
vt 1308.6658935546875 1
vt 24.33407211303711 -399
vt 1308.6658935546875 1
vt 1308.6658935546875 -399
vt 24.33407211303711 -399
vt 24.33407211303711 -399
vt 1308.6658935546875 -399
vt 24.529117584228516 -413.14215087890625
vt 1308.6658935546875 -399
vt 1308.4708251953125 -413.14215087890625
vt 24.529117584228516 -413.14215087890625
vt 24.529117584228516 -413.14215087890625
vt 1308.4708251953125 -413.14215087890625
vt 25 -419
vt 1308.4708251953125 -413.14215087890625
vt 1308 -419
vt 25 -419
vt 1308 21
vt 1313.859375 21
vt 1308.4708251953125 15.142135620117188
vt 1313.859375 21
vt 1315.9329833984375 15.142135620117188
vt 1308.4708251953125 15.142135620117188
vt 1308.4708251953125 15.142135620117188
vt 1315.9329833984375 15.142135620117188
vt 1308.6658935546875 1
vt 1315.9329833984375 15.142135620117188
vt 1316.7919921875 1
vt 1308.6658935546875 1
vt 1308.6658935546875 1
vt 1316.7919921875 1
vt 1308.6658935546875 -399
vt 1316.7919921875 1
vt 1316.7919921875 -399
vt 1308.6658935546875 -399
vt 1308.6658935546875 -399
vt 1316.7919921875 -399
vt 1308.4708251953125 -413.14215087890625
vt 1316.7919921875 -399
vt 1315.9329833984375 -413.14215087890625
vt 1308.4708251953125 -413.14215087890625
vt 1308.4708251953125 -413.14215087890625
vt 1315.9329833984375 -413.14215087890625
vt 1308 -419
vt 1315.9329833984375 -413.14215087890625
vt 1313.859375 -419
vt 1308 -419
vt 1313.859375 21
vt 1318.9375 21
vt 1315.9329833984375 15.142135620117188
vt 1318.9375 21
vt 1323.4989013671875 15.142135620117188
vt 1315.9329833984375 15.142135620117188
vt 1315.9329833984375 15.142135620117188
vt 1323.4989013671875 15.142135620117188
vt 1316.7919921875 1
vt 1323.4989013671875 15.142135620117188
vt 1325.3883056640625 1
vt 1316.7919921875 1
vt 1316.7919921875 1
vt 1325.3883056640625 1
vt 1316.7919921875 -399
vt 1325.3883056640625 1
vt 1325.3883056640625 -399
vt 1316.7919921875 -399
vt 1316.7919921875 -399
vt 1325.3883056640625 -399
vt 1315.9329833984375 -413.14215087890625
vt 1325.3883056640625 -399
vt 1323.4989013671875 -413.14215087890625
vt 1315.9329833984375 -413.14215087890625
vt 1315.9329833984375 -413.14215087890625
vt 1323.4989013671875 -413.14215087890625
vt 1313.859375 -419
vt 1323.4989013671875 -413.14215087890625
vt 1318.9375 -419
vt 1313.859375 -419
vt 1318.9375 21
vt 1323.234375 21
vt 1323.4989013671875 15.142135620117188
vt 1323.234375 21
vt 1330.6024169921875 15.142135620117188
vt 1323.4989013671875 15.142135620117188
vt 1323.4989013671875 15.142135620117188
vt 1330.6024169921875 15.142135620117188
vt 1325.3883056640625 1
vt 1330.6024169921875 15.142135620117188
vt 1333.654296875 1
vt 1325.3883056640625 1
vt 1325.3883056640625 1
vt 1333.654296875 1
vt 1325.3883056640625 -399
vt 1333.654296875 1
vt 1333.654296875 -399
vt 1325.3883056640625 -399
vt 1325.3883056640625 -399
vt 1333.654296875 -399
vt 1323.4989013671875 -413.14215087890625
vt 1333.654296875 -399
vt 1330.6024169921875 -413.14215087890625
vt 1323.4989013671875 -413.14215087890625
vt 1323.4989013671875 -413.14215087890625
vt 1330.6024169921875 -413.14215087890625
vt 1318.9375 -419
vt 1330.6024169921875 -413.14215087890625
vt 1323.234375 -419
vt 1318.9375 -419
vt 1323.234375 21
vt 1326.75 21
vt 1330.6024169921875 15.142135620117188
vt 1326.75 21
vt 1336.827880859375 15.142135620117188
vt 1330.6024169921875 15.142135620117188
vt 1330.6024169921875 15.142135620117188
vt 1336.827880859375 15.142135620117188
vt 1333.654296875 1
vt 1336.827880859375 15.142135620117188
vt 1341.002197265625 1
vt 1333.654296875 1
vt 1333.654296875 1
vt 1341.002197265625 1
vt 1333.654296875 -399
vt 1341.002197265625 1
vt 1341.002197265625 -399
vt 1333.654296875 -399
vt 1333.654296875 -399
vt 1341.002197265625 -399
vt 1330.6024169921875 -413.14215087890625
vt 1341.002197265625 -399
vt 1336.827880859375 -413.14215087890625
vt 1330.6024169921875 -413.14215087890625
vt 1330.6024169921875 -413.14215087890625
vt 1336.827880859375 -413.14215087890625
vt 1323.234375 -419
vt 1336.827880859375 -413.14215087890625
vt 1326.75 -419
vt 1323.234375 -419
vt 450.75 21
vt 447.234375 21
vt 460.82781982421875 15.142135620117188
vt 447.234375 21
vt 454.6023864746094 15.142135620117188
vt 460.82781982421875 15.142135620117188
vt 460.82781982421875 15.142135620117188
vt 454.6023864746094 15.142135620117188
vt 465.002197265625 1
vt 454.6023864746094 15.142135620117188
vt 457.654296875 1
vt 465.002197265625 1
vt 465.002197265625 1
vt 457.654296875 1
vt 465.002197265625 -399
vt 457.654296875 1
vt 457.654296875 -399
vt 465.002197265625 -399
vt 465.002197265625 -399
vt 457.654296875 -399
vt 460.82781982421875 -413.14215087890625
vt 457.654296875 -399
vt 454.6023864746094 -413.14215087890625
vt 460.82781982421875 -413.14215087890625
vt 460.82781982421875 -413.14215087890625
vt 454.6023864746094 -413.14215087890625
vt 450.75 -419
vt 454.6023864746094 -413.14215087890625
vt 447.234375 -419
vt 450.75 -419
vt 447.234375 21
vt 442.9375 21
vt 454.6023864746094 15.142135620117188
vt 442.9375 21
vt 447.4989013671875 15.142135620117188
vt 454.6023864746094 15.142135620117188
vt 454.6023864746094 15.142135620117188
vt 447.4989013671875 15.142135620117188
vt 457.654296875 1
vt 447.4989013671875 15.142135620117188
vt 449.3883056640625 1
vt 457.654296875 1
vt 457.654296875 1
vt 449.3883056640625 1
vt 457.654296875 -399
vt 449.3883056640625 1
vt 449.3883056640625 -399
vt 457.654296875 -399
vt 457.654296875 -399
vt 449.3883056640625 -399
vt 454.6023864746094 -413.14215087890625
vt 449.3883056640625 -399
vt 447.4989013671875 -413.14215087890625
vt 454.6023864746094 -413.14215087890625
vt 454.6023864746094 -413.14215087890625
vt 447.4989013671875 -413.14215087890625
vt 447.234375 -419
vt 447.4989013671875 -413.14215087890625
vt 442.9375 -419
vt 447.234375 -419
vt 442.9375 21
vt 437.859375 21
vt 447.4989013671875 15.142135620117188
vt 437.859375 21
vt 439.9330139160156 15.142135620117188
vt 447.4989013671875 15.142135620117188
vt 447.4989013671875 15.142135620117188
vt 439.9330139160156 15.142135620117188
vt 449.3883056640625 1
vt 439.9330139160156 15.142135620117188
vt 440.79193115234375 1
vt 449.3883056640625 1
vt 449.3883056640625 1
vt 440.79193115234375 1
vt 449.3883056640625 -399
vt 440.79193115234375 1
vt 440.79193115234375 -399
vt 449.3883056640625 -399
vt 449.3883056640625 -399
vt 440.79193115234375 -399
vt 447.4989013671875 -413.14215087890625
vt 440.79193115234375 -399
vt 439.9330139160156 -413.14215087890625
vt 447.4989013671875 -413.14215087890625
vt 447.4989013671875 -413.14215087890625
vt 439.9330139160156 -413.14215087890625
vt 442.9375 -419
vt 439.9330139160156 -413.14215087890625
vt 437.859375 -419
vt 442.9375 -419
vt 437.859375 21
vt 432 21
vt 439.9330139160156 15.142135620117188
vt 432 21
vt 432.47088623046875 15.142135620117188
vt 439.9330139160156 15.142135620117188
vt 439.9330139160156 15.142135620117188
vt 432.47088623046875 15.142135620117188
vt 440.79193115234375 1
vt 432.47088623046875 15.142135620117188
vt 432.6659240722656 1
vt 440.79193115234375 1
vt 440.79193115234375 1
vt 432.6659240722656 1
vt 440.79193115234375 -399
vt 432.6659240722656 1
vt 432.6659240722656 -399
vt 440.79193115234375 -399
vt 440.79193115234375 -399
vt 432.6659240722656 -399
vt 439.9330139160156 -413.14215087890625
vt 432.6659240722656 -399
vt 432.47088623046875 -413.14215087890625
vt 439.9330139160156 -413.14215087890625
vt 439.9330139160156 -413.14215087890625
vt 432.47088623046875 -413.14215087890625
vt 437.859375 -419
vt 432.47088623046875 -413.14215087890625
vt 432 -419
vt 437.859375 -419
vt 432 21
vt 83 21
vt 432.47088623046875 15.142135620117188
vt 83 21
vt 82.52912139892578 15.142135620117188
vt 432.47088623046875 15.142135620117188
vt 432.47088623046875 15.142135620117188
vt 82.52912139892578 15.142135620117188
vt 432.6659240722656 1
vt 82.52912139892578 15.142135620117188
vt 82.33407592773438 1
vt 432.6659240722656 1
vt 432.6659240722656 1
vt 82.33407592773438 1
vt 432.6659240722656 -399
vt 82.33407592773438 1
vt 82.33407592773438 -399
vt 432.6659240722656 -399
vt 432.6659240722656 -399
vt 82.33407592773438 -399
vt 432.47088623046875 -413.14215087890625
vt 82.33407592773438 -399
vt 82.52912139892578 -413.14215087890625
vt 432.47088623046875 -413.14215087890625
vt 432.47088623046875 -413.14215087890625
vt 82.52912139892578 -413.14215087890625
vt 432 -419
vt 82.52912139892578 -413.14215087890625
vt 83 -419
vt 432 -419
vt 83 21
vt 77.140625 21
vt 82.52912139892578 15.142135620117188
vt 77.140625 21
vt 75.06698608398438 15.142135620117188
vt 82.52912139892578 15.142135620117188
vt 82.52912139892578 15.142135620117188
vt 75.06698608398438 15.142135620117188
vt 82.33407592773438 1
vt 75.06698608398438 15.142135620117188
vt 74.20806121826172 1
vt 82.33407592773438 1
vt 82.33407592773438 1
vt 74.20806121826172 1
vt 82.33407592773438 -399
vt 74.20806121826172 1
vt 74.20806121826172 -399
vt 82.33407592773438 -399
vt 82.33407592773438 -399
vt 74.20806121826172 -399
vt 82.52912139892578 -413.14215087890625
vt 74.20806121826172 -399
vt 75.06698608398438 -413.14215087890625
vt 82.52912139892578 -413.14215087890625
vt 82.52912139892578 -413.14215087890625
vt 75.06698608398438 -413.14215087890625
vt 83 -419
vt 75.06698608398438 -413.14215087890625
vt 77.140625 -419
vt 83 -419
vt 77.140625 21
vt 72.0625 21
vt 75.06698608398438 15.142135620117188
vt 72.0625 21
vt 67.50109100341797 15.142135620117188
vt 75.06698608398438 15.142135620117188
vt 75.06698608398438 15.142135620117188
vt 67.50109100341797 15.142135620117188
vt 74.20806121826172 1
vt 67.50109100341797 15.142135620117188
vt 65.6116943359375 1
vt 74.20806121826172 1
vt 74.20806121826172 1
vt 65.6116943359375 1
vt 74.20806121826172 -399
vt 65.6116943359375 1
vt 65.6116943359375 -399
vt 74.20806121826172 -399
vt 74.20806121826172 -399
vt 65.6116943359375 -399
vt 75.06698608398438 -413.14215087890625
vt 65.6116943359375 -399
vt 67.50109100341797 -413.14215087890625
vt 75.06698608398438 -413.14215087890625
vt 75.06698608398438 -413.14215087890625
vt 67.50109100341797 -413.14215087890625
vt 77.140625 -419
vt 67.50109100341797 -413.14215087890625
vt 72.0625 -419
vt 77.140625 -419
vt 72.0625 21
vt 67.765625 21
vt 67.50109100341797 15.142135620117188
vt 67.765625 21
vt 60.39762496948242 15.142135620117188
vt 67.50109100341797 15.142135620117188
vt 67.50109100341797 15.142135620117188
vt 60.39762496948242 15.142135620117188
vt 65.6116943359375 1
vt 60.39762496948242 15.142135620117188
vt 57.345699310302734 1
vt 65.6116943359375 1
vt 65.6116943359375 1
vt 57.345699310302734 1
vt 65.6116943359375 -399
vt 57.345699310302734 1
vt 57.345699310302734 -399
vt 65.6116943359375 -399
vt 65.6116943359375 -399
vt 57.345699310302734 -399
vt 67.50109100341797 -413.14215087890625
vt 57.345699310302734 -399
vt 60.39762496948242 -413.14215087890625
vt 67.50109100341797 -413.14215087890625
vt 67.50109100341797 -413.14215087890625
vt 60.39762496948242 -413.14215087890625
vt 72.0625 -419
vt 60.39762496948242 -413.14215087890625
vt 67.765625 -419
vt 72.0625 -419
vt 67.765625 21
vt 64.25 21
vt 60.39762496948242 15.142135620117188
vt 64.25 21
vt 54.172176361083984 15.142135620117188
vt 60.39762496948242 15.142135620117188
vt 60.39762496948242 15.142135620117188
vt 54.172176361083984 15.142135620117188
vt 57.345699310302734 1
vt 54.172176361083984 15.142135620117188
vt 49.997806549072266 1
vt 57.345699310302734 1
vt 57.345699310302734 1
vt 49.997806549072266 1
vt 57.345699310302734 -399
vt 49.997806549072266 1
vt 49.997806549072266 -399
vt 57.345699310302734 -399
vt 57.345699310302734 -399
vt 49.997806549072266 -399
vt 60.39762496948242 -413.14215087890625
vt 49.997806549072266 -399
vt 54.172176361083984 -413.14215087890625
vt 60.39762496948242 -413.14215087890625
vt 60.39762496948242 -413.14215087890625
vt 54.172176361083984 -413.14215087890625
vt 67.765625 -419
vt 54.172176361083984 -413.14215087890625
vt 64.25 -419
vt 67.765625 -419
vt 1326.75 21
vt 1323.234375 21
vt 1336.827880859375 15.142135620117188
vt 1323.234375 21
vt 1330.6024169921875 15.142135620117188
vt 1336.827880859375 15.142135620117188
vt 1336.827880859375 15.142135620117188
vt 1330.6024169921875 15.142135620117188
vt 1341.002197265625 1
vt 1330.6024169921875 15.142135620117188
vt 1333.654296875 1
vt 1341.002197265625 1
vt 1341.002197265625 1
vt 1333.654296875 1
vt 1341.002197265625 -399
vt 1333.654296875 1
vt 1333.654296875 -399
vt 1341.002197265625 -399
vt 1341.002197265625 -399
vt 1333.654296875 -399
vt 1336.827880859375 -413.14215087890625
vt 1333.654296875 -399
vt 1330.6024169921875 -413.14215087890625
vt 1336.827880859375 -413.14215087890625
vt 1336.827880859375 -413.14215087890625
vt 1330.6024169921875 -413.14215087890625
vt 1326.75 -419
vt 1330.6024169921875 -413.14215087890625
vt 1323.234375 -419
vt 1326.75 -419
vt 1323.234375 21
vt 1318.9375 21
vt 1330.6024169921875 15.142135620117188
vt 1318.9375 21
vt 1323.4989013671875 15.142135620117188
vt 1330.6024169921875 15.142135620117188
vt 1330.6024169921875 15.142135620117188
vt 1323.4989013671875 15.142135620117188
vt 1333.654296875 1
vt 1323.4989013671875 15.142135620117188
vt 1325.3883056640625 1
vt 1333.654296875 1
vt 1333.654296875 1
vt 1325.3883056640625 1
vt 1333.654296875 -399
vt 1325.3883056640625 1
vt 1325.3883056640625 -399
vt 1333.654296875 -399
vt 1333.654296875 -399
vt 1325.3883056640625 -399
vt 1330.6024169921875 -413.14215087890625
vt 1325.3883056640625 -399
vt 1323.4989013671875 -413.14215087890625
vt 1330.6024169921875 -413.14215087890625
vt 1330.6024169921875 -413.14215087890625
vt 1323.4989013671875 -413.14215087890625
vt 1323.234375 -419
vt 1323.4989013671875 -413.14215087890625
vt 1318.9375 -419
vt 1323.234375 -419
vt 1318.9375 21
vt 1313.859375 21
vt 1323.4989013671875 15.142135620117188
vt 1313.859375 21
vt 1315.9329833984375 15.142135620117188
vt 1323.4989013671875 15.142135620117188
vt 1323.4989013671875 15.142135620117188
vt 1315.9329833984375 15.142135620117188
vt 1325.3883056640625 1
vt 1315.9329833984375 15.142135620117188
vt 1316.7919921875 1
vt 1325.3883056640625 1
vt 1325.3883056640625 1
vt 1316.7919921875 1
vt 1325.3883056640625 -399
vt 1316.7919921875 1
vt 1316.7919921875 -399
vt 1325.3883056640625 -399
vt 1325.3883056640625 -399
vt 1316.7919921875 -399
vt 1323.4989013671875 -413.14215087890625
vt 1316.7919921875 -399
vt 1315.9329833984375 -413.14215087890625
vt 1323.4989013671875 -413.14215087890625
vt 1323.4989013671875 -413.14215087890625
vt 1315.9329833984375 -413.14215087890625
vt 1318.9375 -419
vt 1315.9329833984375 -413.14215087890625
vt 1313.859375 -419
vt 1318.9375 -419
vt 1313.859375 21
vt 1308 21
vt 1315.9329833984375 15.142135620117188
vt 1308 21
vt 1308.4708251953125 15.142135620117188
vt 1315.9329833984375 15.142135620117188
vt 1315.9329833984375 15.142135620117188
vt 1308.4708251953125 15.142135620117188
vt 1316.7919921875 1
vt 1308.4708251953125 15.142135620117188
vt 1308.6658935546875 1
vt 1316.7919921875 1
vt 1316.7919921875 1
vt 1308.6658935546875 1
vt 1316.7919921875 -399
vt 1308.6658935546875 1
vt 1308.6658935546875 -399
vt 1316.7919921875 -399
vt 1316.7919921875 -399
vt 1308.6658935546875 -399
vt 1315.9329833984375 -413.14215087890625
vt 1308.6658935546875 -399
vt 1308.4708251953125 -413.14215087890625
vt 1315.9329833984375 -413.14215087890625
vt 1315.9329833984375 -413.14215087890625
vt 1308.4708251953125 -413.14215087890625
vt 1313.859375 -419
vt 1308.4708251953125 -413.14215087890625
vt 1308 -419
vt 1313.859375 -419
vt 1308 21
vt 25 21
vt 1308.4708251953125 15.142135620117188
vt 25 21
vt 24.529117584228516 15.142135620117188
vt 1308.4708251953125 15.142135620117188
vt 1308.4708251953125 15.142135620117188
vt 24.529117584228516 15.142135620117188
vt 1308.6658935546875 1
vt 24.529117584228516 15.142135620117188
vt 24.33407211303711 1
vt 1308.6658935546875 1
vt 1308.6658935546875 1
vt 24.33407211303711 1
vt 1308.6658935546875 -399
vt 24.33407211303711 1
vt 24.33407211303711 -399
vt 1308.6658935546875 -399
vt 1308.6658935546875 -399
vt 24.33407211303711 -399
vt 1308.4708251953125 -413.14215087890625
vt 24.33407211303711 -399
vt 24.529117584228516 -413.14215087890625
vt 1308.4708251953125 -413.14215087890625
vt 1308.4708251953125 -413.14215087890625
vt 24.529117584228516 -413.14215087890625
vt 1308 -419
vt 24.529117584228516 -413.14215087890625
vt 25 -419
vt 1308 -419
vt 25 21
vt 19.140625 21
vt 24.529117584228516 15.142135620117188
vt 19.140625 21
vt 17.066986083984375 15.142135620117188
vt 24.529117584228516 15.142135620117188
vt 24.529117584228516 15.142135620117188
vt 17.066986083984375 15.142135620117188
vt 24.33407211303711 1
vt 17.066986083984375 15.142135620117188
vt 16.208057403564453 1
vt 24.33407211303711 1
vt 24.33407211303711 1
vt 16.208057403564453 1
vt 24.33407211303711 -399
vt 16.208057403564453 1
vt 16.208057403564453 -399
vt 24.33407211303711 -399
vt 24.33407211303711 -399
vt 16.208057403564453 -399
vt 24.529117584228516 -413.14215087890625
vt 16.208057403564453 -399
vt 17.066986083984375 -413.14215087890625
vt 24.529117584228516 -413.14215087890625
vt 24.529117584228516 -413.14215087890625
vt 17.066986083984375 -413.14215087890625
vt 25 -419
vt 17.066986083984375 -413.14215087890625
vt 19.140625 -419
vt 25 -419
vt 19.140625 21
vt 14.0625 21
vt 17.066986083984375 15.142135620117188
vt 14.0625 21
vt 9.501090049743652 15.142135620117188
vt 17.066986083984375 15.142135620117188
vt 17.066986083984375 15.142135620117188
vt 9.501090049743652 15.142135620117188
vt 16.208057403564453 1
vt 9.501090049743652 15.142135620117188
vt 7.611691951751709 1
vt 16.208057403564453 1
vt 16.208057403564453 1
vt 7.611691951751709 1
vt 16.208057403564453 -399
vt 7.611691951751709 1
vt 7.611691951751709 -399
vt 16.208057403564453 -399
vt 16.208057403564453 -399
vt 7.611691951751709 -399
vt 17.066986083984375 -413.14215087890625
vt 7.611691951751709 -399
vt 9.501090049743652 -413.14215087890625
vt 17.066986083984375 -413.14215087890625
vt 17.066986083984375 -413.14215087890625
vt 9.501090049743652 -413.14215087890625
vt 19.140625 -419
vt 9.501090049743652 -413.14215087890625
vt 14.0625 -419
vt 19.140625 -419
vt 14.0625 21
vt 9.765625 21
vt 9.501090049743652 15.142135620117188
vt 9.765625 21
vt 2.3976240158081055 15.142135620117188
vt 9.501090049743652 15.142135620117188
vt 9.501090049743652 15.142135620117188
vt 2.3976240158081055 15.142135620117188
vt 7.611691951751709 1
vt 2.3976240158081055 15.142135620117188
vt -0.6543018817901611 1
vt 7.611691951751709 1
vt 7.611691951751709 1
vt -0.6543018817901611 1
vt 7.611691951751709 -399
vt -0.6543018817901611 1
vt -0.6543018817901611 -399
vt 7.611691951751709 -399
vt 7.611691951751709 -399
vt -0.6543018817901611 -399
vt 9.501090049743652 -413.14215087890625
vt -0.6543018817901611 -399
vt 2.3976240158081055 -413.14215087890625
vt 9.501090049743652 -413.14215087890625
vt 9.501090049743652 -413.14215087890625
vt 2.3976240158081055 -413.14215087890625
vt 14.0625 -419
vt 2.3976240158081055 -413.14215087890625
vt 9.765625 -419
vt 14.0625 -419
vt 9.765625 21
vt 6.25 21
vt 2.3976240158081055 15.142135620117188
vt 6.25 21
vt -3.827822208404541 15.142135620117188
vt 2.3976240158081055 15.142135620117188
vt 2.3976240158081055 15.142135620117188
vt -3.827822208404541 15.142135620117188
vt -0.6543018817901611 1
vt -3.827822208404541 15.142135620117188
vt -8.002192497253418 1
vt -0.6543018817901611 1
vt -0.6543018817901611 1
vt -8.002192497253418 1
vt -0.6543018817901611 -399
vt -8.002192497253418 1
vt -8.002192497253418 -399
vt -0.6543018817901611 -399
vt -0.6543018817901611 -399
vt -8.002192497253418 -399
vt 2.3976240158081055 -413.14215087890625
vt -8.002192497253418 -399
vt -3.827822208404541 -413.14215087890625
vt 2.3976240158081055 -413.14215087890625
vt 2.3976240158081055 -413.14215087890625
vt -3.827822208404541 -413.14215087890625
vt 9.765625 -419
vt -3.827822208404541 -413.14215087890625
vt 6.25 -419
vt 9.765625 -419
vt 64.25 21
vt 67.765625 21
vt 54.172176361083984 15.142135620117188
vt 67.765625 21
vt 60.39762496948242 15.142135620117188
vt 54.172176361083984 15.142135620117188
vt 54.172176361083984 15.142135620117188
vt 60.39762496948242 15.142135620117188
vt 49.997806549072266 1
vt 60.39762496948242 15.142135620117188
vt 57.345699310302734 1
vt 49.997806549072266 1
vt 49.997806549072266 1
vt 57.345699310302734 1
vt 49.997806549072266 -399
vt 57.345699310302734 1
vt 57.345699310302734 -399
vt 49.997806549072266 -399
vt 49.997806549072266 -399
vt 57.345699310302734 -399
vt 54.172176361083984 -413.14215087890625
vt 57.345699310302734 -399
vt 60.39762496948242 -413.14215087890625
vt 54.172176361083984 -413.14215087890625
vt 54.172176361083984 -413.14215087890625
vt 60.39762496948242 -413.14215087890625
vt 64.25 -419
vt 60.39762496948242 -413.14215087890625
vt 67.765625 -419
vt 64.25 -419
vt 67.765625 21
vt 72.0625 21
vt 60.39762496948242 15.142135620117188
vt 72.0625 21
vt 67.50109100341797 15.142135620117188
vt 60.39762496948242 15.142135620117188
vt 60.39762496948242 15.142135620117188
vt 67.50109100341797 15.142135620117188
vt 57.345699310302734 1
vt 67.50109100341797 15.142135620117188
vt 65.6116943359375 1
vt 57.345699310302734 1
vt 57.345699310302734 1
vt 65.6116943359375 1
vt 57.345699310302734 -399
vt 65.6116943359375 1
vt 65.6116943359375 -399
vt 57.345699310302734 -399
vt 57.345699310302734 -399
vt 65.6116943359375 -399
vt 60.39762496948242 -413.14215087890625
vt 65.6116943359375 -399
vt 67.50109100341797 -413.14215087890625
vt 60.39762496948242 -413.14215087890625
vt 60.39762496948242 -413.14215087890625
vt 67.50109100341797 -413.14215087890625
vt 67.765625 -419
vt 67.50109100341797 -413.14215087890625
vt 72.0625 -419
vt 67.765625 -419
vt 72.0625 21
vt 77.140625 21
vt 67.50109100341797 15.142135620117188
vt 77.140625 21
vt 75.06698608398438 15.142135620117188
vt 67.50109100341797 15.142135620117188
vt 67.50109100341797 15.142135620117188
vt 75.06698608398438 15.142135620117188
vt 65.6116943359375 1
vt 75.06698608398438 15.142135620117188
vt 74.20806121826172 1
vt 65.6116943359375 1
vt 65.6116943359375 1
vt 74.20806121826172 1
vt 65.6116943359375 -399
vt 74.20806121826172 1
vt 74.20806121826172 -399
vt 65.6116943359375 -399
vt 65.6116943359375 -399
vt 74.20806121826172 -399
vt 67.50109100341797 -413.14215087890625
vt 74.20806121826172 -399
vt 75.06698608398438 -413.14215087890625
vt 67.50109100341797 -413.14215087890625
vt 67.50109100341797 -413.14215087890625
vt 75.06698608398438 -413.14215087890625
vt 72.0625 -419
vt 75.06698608398438 -413.14215087890625
vt 77.140625 -419
vt 72.0625 -419
vt 77.140625 21
vt 83 21
vt 75.06698608398438 15.142135620117188
vt 83 21
vt 82.52912139892578 15.142135620117188
vt 75.06698608398438 15.142135620117188
vt 75.06698608398438 15.142135620117188
vt 82.52912139892578 15.142135620117188
vt 74.20806121826172 1
vt 82.52912139892578 15.142135620117188
vt 82.33407592773438 1
vt 74.20806121826172 1
vt 74.20806121826172 1
vt 82.33407592773438 1
vt 74.20806121826172 -399
vt 82.33407592773438 1
vt 82.33407592773438 -399
vt 74.20806121826172 -399
vt 74.20806121826172 -399
vt 82.33407592773438 -399
vt 75.06698608398438 -413.14215087890625
vt 82.33407592773438 -399
vt 82.52912139892578 -413.14215087890625
vt 75.06698608398438 -413.14215087890625
vt 75.06698608398438 -413.14215087890625
vt 82.52912139892578 -413.14215087890625
vt 77.140625 -419
vt 82.52912139892578 -413.14215087890625
vt 83 -419
vt 77.140625 -419
vt 83 21
vt 432 21
vt 82.52912139892578 15.142135620117188
vt 432 21
vt 432.47088623046875 15.142135620117188
vt 82.52912139892578 15.142135620117188
vt 82.52912139892578 15.142135620117188
vt 432.47088623046875 15.142135620117188
vt 82.33407592773438 1
vt 432.47088623046875 15.142135620117188
vt 432.6659240722656 1
vt 82.33407592773438 1
vt 82.33407592773438 1
vt 432.6659240722656 1
vt 82.33407592773438 -399
vt 432.6659240722656 1
vt 432.6659240722656 -399
vt 82.33407592773438 -399
vt 82.33407592773438 -399
vt 432.6659240722656 -399
vt 82.52912139892578 -413.14215087890625
vt 432.6659240722656 -399
vt 432.47088623046875 -413.14215087890625
vt 82.52912139892578 -413.14215087890625
vt 82.52912139892578 -413.14215087890625
vt 432.47088623046875 -413.14215087890625
vt 83 -419
vt 432.47088623046875 -413.14215087890625
vt 432 -419
vt 83 -419
vn 0 0 -1
vn 0 0 -1
vn 0 0 -1
vn 0 0 -1
vn 0 0 -1
vn 0 0 -1
vn 0 0 -1
vn 0 0 -1
vn 0 0 -1
vn 0 0 -1
vn 0 0 -1
vn 0 0 -1
vn 0 0 -1
vn 0 0 -1
vn 0 0 -1
vn 0 0 -1
vn 0 0 -1
vn 0 0 -1
vn 0 0 -1
vn 0 0 -1
vn 0 0 -1
vn 0 0 -1
vn 0 0 -1
vn 0 0 -1
vn 0 0 -1
vn 0 0 -1
vn 0 0 -1
vn 0 0 -1
vn 0 0 -1
vn 0 0 -1
vn 0 0 -1
vn 0 0 -1
vn 0 0 -1
vn 0 0 -1
vn 0 0 -1
vn 0 0 -1
vn 0 0 -1
vn 0 0 -1
vn 0 0 -1
vn 0 0 -1
vn 0 0 -1
vn 0 0 -1
vn 0 0 -1
vn 0 0 -1
vn 0 0 -1
vn 0 0 -1
vn 0 0 -1
vn 0 0 -1
vn 0 0 -1
vn 0 0 -1
vn 0 0 -1
vn 0 0 -1
vn 0 0 -1
vn 0 0 -1
vn 0 0 -1
vn 0 0 -1
vn 0 0 -1
vn 0 0 -1
vn 0 0 -1
vn 0 0 -1
vn 0 0 -1
vn 0 0 -1
vn 0 0 -1
vn 0 0 -1
vn 0 0 -1
vn 0 0 -1
vn 0 0 -1
vn 0 0 -1
vn 0 0 -1
vn 0 0 -1
vn 0 0 -1
vn 0 0 -1
vn 0 0 -1
vn 0 0 -1
vn 0 0 -1
vn 0 0 -1
vn 0 0 -1
vn 0 0 -1
vn 0 0 -1
vn 0 0 -1
vn 0 0 -1
vn 0 0 -1
vn 0 0 -1
vn 0 0 -1
vn 0 0 -1
vn 0 0 -1
vn 0 0 -1
vn 0 0 -1
vn 0 0 -1
vn 0 0 -1
vn 0 0 -1
vn 0 0 -1
vn 0 0 -1
vn 0 0 -1
vn 0 0 -1
vn 0 0 -1
vn 0 0 -1
vn 0 0 -1
vn 0 0 -1
vn 0 0 -1
vn 0 0 -1
vn 0 0 -1
vn 0 0 1
vn 0 0 1
vn 0 0 1
vn 0 0 1
vn 0 0 1
vn 0 0 1
vn 0 0 1
vn 0 0 1
vn 0 0 1
vn 0 0 1
vn 0 0 1
vn 0 0 1
vn 0 0 1
vn 0 0 1
vn 0 0 1
vn 0 0 1
vn 0 0 1
vn 0 0 1
vn 0 0 1
vn 0 0 1
vn 0 0 1
vn 0 0 1
vn 0 0 1
vn 0 0 1
vn 0 0 1
vn 0 0 1
vn 0 0 1
vn 0 0 1
vn 0 0 1
vn 0 0 1
vn 0 0 1
vn 0 0 1
vn 0 0 1
vn 0 0 1
vn 0 0 1
vn 0 0 1
vn 0 0 1
vn 0 0 1
vn 0 0 1
vn 0 0 1
vn 0 0 1
vn 0 0 1
vn 0 0 1
vn 0 0 1
vn 0 0 1
vn 0 0 1
vn 0 0 1
vn 0 0 1
vn 0 0 1
vn 0 0 1
vn 0 0 1
vn 0 0 1
vn 0 0 1
vn 0 0 1
vn 0 0 1
vn 0 0 1
vn 0 0 1
vn 0 0 1
vn 0 0 1
vn 0 0 1
vn 0 0 1
vn 0 0 1
vn 0 0 1
vn 0 0 1
vn 0 0 1
vn 0 0 1
vn 0 0 1
vn 0 0 1
vn 0 0 1
vn 0 0 1
vn 0 0 1
vn 0 0 1
vn 0 0 1
vn 0 0 1
vn 0 0 1
vn 0 0 1
vn 0 0 1
vn 0 0 1
vn 0 0 1
vn 0 0 1
vn 0 0 1
vn 0 0 1
vn 0 0 1
vn 0 0 1
vn 0 0 1
vn 0 0 1
vn 0 0 1
vn 0 0 1
vn 0 0 1
vn 0 0 1
vn 0 0 1
vn 0 0 1
vn 0 0 1
vn 0 0 1
vn 0 0 1
vn 0 0 1
vn 0 0 1
vn 0 0 1
vn 0 0 1
vn 0 0 1
vn 0 0 1
vn 0 0 1
vn 0.025455721858252348 -0.38183583718701075 -0.9238795374205286
vn 0.025455721858252348 -0.38183583718701075 -0.9238795374205286
vn 0.025455721858252348 -0.38183583718701075 -0.9238795374205286
vn 0.025455747458732424 -0.38183585797839886 -0.9238795281221558
vn 0.025455747458732424 -0.38183585797839886 -0.9238795281221558
vn 0.025455747458732424 -0.38183585797839886 -0.9238795281221558
vn 0.061455611541907915 -0.9218332827842315 -0.38268342864730504
vn 0.061455611541907915 -0.9218332827842315 -0.38268342864730504
vn 0.061455611541907915 -0.9218332827842315 -0.38268342864730504
vn 0.06145565376712073 -0.9218333014894899 -0.38268337680782893
vn 0.06145565376712073 -0.9218333014894899 -0.38268337680782893
vn 0.06145565376712073 -0.9218333014894899 -0.38268337680782893
vn 0.06651911882092952 -0.9977851506367927 0
vn 0.06651911882092952 -0.9977851506367927 0
vn 0.06651911882092952 -0.9977851506367927 0
vn 0.06651911882092952 -0.9977851506367927 0
vn 0.06651911882092952 -0.9977851506367927 0
vn 0.06651911882092952 -0.9977851506367927 0
vn 0.06145566248045475 -0.9218334433654313 0.38268303364811007
vn 0.06145566248045475 -0.9218334433654313 0.38268303364811007
vn 0.06145566248045475 -0.9218334433654313 0.38268303364811007
vn 0.061455617945807624 -0.921833445897967 0.382683034699448
vn 0.061455617945807624 -0.921833445897967 0.382683034699448
vn 0.061455617945807624 -0.921833445897967 0.382683034699448
vn 0.02545568834225372 -0.3818349730938825 0.9238798954698689
vn 0.02545568834225372 -0.3818349730938825 0.9238798954698689
vn 0.02545568834225372 -0.3818349730938825 0.9238798954698689
vn 0.0254556671171025 -0.38183501979505374 0.9238798767533224
vn 0.0254556671171025 -0.38183501979505374 0.9238798767533224
vn 0.0254556671171025 -0.38183501979505374 0.9238798767533224
vn 0.08605000926835099 -0.3728833412103391 -0.92387954288031
vn 0.08605000926835099 -0.3728833412103391 -0.92387954288031
vn 0.08605000926835099 -0.3728833412103391 -0.92387954288031
vn 0.08605013877265973 -0.37288338333855553 -0.9238795138150849
vn 0.08605013877265973 -0.37288338333855553 -0.9238795138150849
vn 0.08605013877265973 -0.37288338333855553 -0.9238795138150849
vn 0.20774338841289267 -0.9002200831905182 -0.38268327163750776
vn 0.20774338841289267 -0.9002200831905182 -0.38268327163750776
vn 0.20774338841289267 -0.9002200831905182 -0.38268327163750776
vn 0.20774282528276244 -0.9002200966844798 -0.38268354559468815
vn 0.20774282528276244 -0.9002200966844798 -0.38268354559468815
vn 0.20774282528276244 -0.9002200966844798 -0.38268354559468815
vn 0.22485921830268513 -0.9743912622475149 0
vn 0.22485921830268513 -0.9743912622475149 0
vn 0.22485921830268513 -0.9743912622475149 0
vn 0.22485921830268513 -0.9743912622475149 0
vn 0.22485921830268513 -0.9743912622475149 0
vn 0.22485921830268513 -0.9743912622475149 0
vn 0.20774288748215056 -0.9002203463469612 0.38268292452569114
vn 0.20774288748215056 -0.9002203463469612 0.38268292452569114
vn 0.20774288748215056 -0.9002203463469612 0.38268292452569114
vn 0.20774339552073878 -0.9002201139911413 0.3826831953238739
vn 0.20774339552073878 -0.9002201139911413 0.3826831953238739
vn 0.20774339552073878 -0.9002201139911413 0.3826831953238739
vn 0.08604993100114187 -0.37288252273173683 0.9238798805125666
vn 0.08604993100114187 -0.37288252273173683 0.9238798805125666
vn 0.08604993100114187 -0.37288252273173683 0.9238798805125666
vn 0.08604983199202634 -0.372882602815254 0.9238798574121343
vn 0.08604983199202634 -0.372882602815254 0.9238798574121343
vn 0.08604983199202634 -0.372882602815254 0.9238798574121343
vn 0.15835557642462023 -0.34838225919346794 -0.9238794904610025
vn 0.15835557642462023 -0.34838225919346794 -0.9238794904610025
vn 0.15835557642462023 -0.34838225919346794 -0.9238794904610025
vn 0.15835511570795224 -0.3483822916783066 -0.9238795571794476
vn 0.15835511570795224 -0.3483822916783066 -0.9238795571794476
vn 0.15835511570795224 -0.3483822916783066 -0.9238795571794476
vn 0.38230311922079 -0.8410692822343192 -0.38268366507587115
vn 0.38230311922079 -0.8410692822343192 -0.38268366507587115
vn 0.38230311922079 -0.8410692822343192 -0.38268366507587115
vn 0.382304220246699 -0.841069040163695 -0.3826830971700791
vn 0.382304220246699 -0.841069040163695 -0.3826830971700791
vn 0.382304220246699 -0.841069040163695 -0.3826830971700791
vn 0.41380304758868386 -0.9103664305137341 0
vn 0.41380304758868386 -0.9103664305137341 0
vn 0.41380304758868386 -0.9103664305137341 0
vn 0.41380304758868386 -0.9103664305137341 0
vn 0.41380304758868386 -0.9103664305137341 0
vn 0.41380304758868386 -0.9103664305137341 0
vn 0.3823041878049817 -0.8410689747523831 0.3826832733420007
vn 0.3823041878049817 -0.8410689747523831 0.3826832733420007
vn 0.3823041878049817 -0.8410689747523831 0.3826832733420007
vn 0.38230330079072666 -0.8410696459254101 0.3826826843579681
vn 0.38230330079072666 -0.8410696459254101 0.3826826843579681
vn 0.38230330079072666 -0.8410696459254101 0.3826826843579681
vn 0.15835481937207171 -0.34838160993705797 0.9238798650470212
vn 0.15835481937207171 -0.34838160993705797 0.9238798650470212
vn 0.15835481937207171 -0.34838160993705797 0.9238798650470212
vn 0.1583551338147149 -0.34838128545167596 0.9238799335095236
vn 0.1583551338147149 -0.34838128545167596 0.9238799335095236
vn 0.1583551338147149 -0.34838128545167596 0.9238799335095236
vn 0.23494478526139118 -0.302071892309493 -0.9238796024131287
vn 0.23494478526139118 -0.302071892309493 -0.9238796024131287
vn 0.23494478526139118 -0.302071892309493 -0.9238796024131287
vn 0.2349452008611651 -0.3020717710009862 -0.9238795363880696
vn 0.2349452008611651 -0.3020717710009862 -0.9238795363880696
vn 0.2349452008611651 -0.3020717710009862 -0.9238795363880696
vn 0.5672080442453484 -0.729265978312307 -0.3826828548805923
vn 0.5672080442453484 -0.729265978312307 -0.3826828548805923
vn 0.5672080442453484 -0.729265978312307 -0.3826828548805923
vn 0.567206699648865 -0.7292666081863516 -0.38268364749204586
vn 0.567206699648865 -0.7292666081863516 -0.38268364749204586
vn 0.567206699648865 -0.7292666081863516 -0.38268364749204586
vn 0.6139401596025387 -0.7893525704190804 0
vn 0.6139401596025387 -0.7893525704190804 0
vn 0.6139401596025387 -0.7893525704190804 0
vn 0.6139401596025387 -0.7893525704190804 0
vn 0.6139401596025387 -0.7893525704190804 0
vn 0.6139401596025387 -0.7893525704190804 0
vn 0.5672069867405996 -0.7292669517594313 0.38268256723315264
vn 0.5672069867405996 -0.7292669517594313 0.38268256723315264
vn 0.5672069867405996 -0.7292669517594313 0.38268256723315264
vn 0.5672079338515182 -0.7292658108325112 0.38268333766534934
vn 0.5672079338515182 -0.7292658108325112 0.38268333766534934
vn 0.5672079338515182 -0.7292658108325112 0.38268333766534934
vn 0.23494461508089576 -0.30207100933994874 0.9238799343858671
vn 0.23494461508089576 -0.30207100933994874 0.9238799343858671
vn 0.23494461508089576 -0.30207100933994874 0.9238799343858671
vn 0.23494438934330156 -0.3020713939156365 0.9238798660507586
vn 0.23494438934330156 -0.3020713939156365 0.9238798660507586
vn 0.23494438934330156 -0.3020713939156365 0.9238798660507586
vn 0.30207205253256164 -0.23494491319070193 -0.923879517493801
vn 0.30207205253256164 -0.23494491319070193 -0.923879517493801
vn 0.30207205253256164 -0.23494491319070193 -0.923879517493801
vn 0.30207216509445417 -0.234944848415861 -0.923879497162913
vn 0.30207216509445417 -0.234944848415861 -0.923879497162913
vn 0.30207216509445417 -0.234944848415861 -0.923879497162913
vn 0.7292664617762536 -0.5672068573066387 -0.3826836928230289
vn 0.7292664617762536 -0.5672068573066387 -0.3826836928230289
vn 0.7292664617762536 -0.5672068573066387 -0.3826836928230289
vn 0.7292661654095992 -0.5672070970136589 -0.38268390230857224
vn 0.7292661654095992 -0.5672070970136589 -0.38268390230857224
vn 0.7292661654095992 -0.5672070970136589 -0.38268390230857224
vn 0.7893521820720352 -0.6139406589061491 0
vn 0.7893521820720352 -0.6139406589061491 0
vn 0.7893521820720352 -0.6139406589061491 0
vn 0.7893521820720352 -0.6139406589061491 0
vn 0.7893521820720352 -0.6139406589061491 0
vn 0.7893521820720352 -0.6139406589061491 0
vn 0.7292663495239637 -0.5672072203455057 0.3826833686481773
vn 0.7292663495239637 -0.5672072203455057 0.3826833686481773
vn 0.7292663495239637 -0.5672072203455057 0.3826833686481773
vn 0.7292665229501148 -0.5672068585271396 0.3826835744371883
vn 0.7292665229501148 -0.5672068585271396 0.3826835744371883
vn 0.7292665229501148 -0.5672068585271396 0.3826835744371883
vn 0.30207145231166804 -0.2349443287986243 0.9238798623542369
vn 0.30207145231166804 -0.2349443287986243 0.9238798623542369
vn 0.30207145231166804 -0.2349443287986243 0.9238798623542369
vn 0.30207141888351186 -0.23494441538549884 0.9238798512646913
vn 0.30207141888351186 -0.23494441538549884 0.9238798512646913
vn 0.30207141888351186 -0.23494441538549884 0.9238798512646913
vn 0.34838225919346794 -0.15835557642462023 -0.9238794904610025
vn 0.34838225919346794 -0.15835557642462023 -0.9238794904610025
vn 0.34838225919346794 -0.15835557642462023 -0.9238794904610025
vn 0.34838217488333956 -0.15835568304949352 -0.9238795039773762
vn 0.34838217488333956 -0.15835568304949352 -0.9238795039773762
vn 0.34838217488333956 -0.15835568304949352 -0.9238795039773762
vn 0.8410686111464685 -0.38230427449465026 -0.3826839858777343
vn 0.8410686111464685 -0.38230427449465026 -0.3826839858777343
vn 0.8410686111464685 -0.38230427449465026 -0.3826839858777343
vn 0.8410691803313525 -0.38230351451747846 -0.3826834941362522
vn 0.8410691803313525 -0.38230351451747846 -0.3826834941362522
vn 0.8410691803313525 -0.38230351451747846 -0.3826834941362522
vn 0.910366761196826 -0.413802320085329 0
vn 0.910366761196826 -0.413802320085329 0
vn 0.910366761196826 -0.413802320085329 0
vn 0.910366761196826 -0.413802320085329 0
vn 0.910366761196826 -0.413802320085329 0
vn 0.910366761196826 -0.413802320085329 0
vn 0.8410691611372773 -0.3823034759905915 0.3826835748099831
vn 0.8410691611372773 -0.3823034759905915 0.3826835748099831
vn 0.8410691611372773 -0.3823034759905915 0.3826835748099831
vn 0.8410689382033325 -0.382304436703384 0.3826831050182738
vn 0.8410689382033325 -0.382304436703384 0.3826831050182738
vn 0.8410689382033325 -0.382304436703384 0.3826831050182738
vn 0.348381423231302 -0.15835535222668157 0.9238798441185391
vn 0.348381423231302 -0.15835535222668157 0.9238798441185391
vn 0.348381423231302 -0.15835535222668157 0.9238798441185391
vn 0.34838143145198025 -0.15835520695174465 0.9238798659191244
vn 0.34838143145198025 -0.15835520695174465 0.9238798659191244
vn 0.34838143145198025 -0.15835520695174465 0.9238798659191244
vn 0.3728834125830651 -0.08605002688522348 -0.9238795124330119
vn 0.3728834125830651 -0.08605002688522348 -0.9238795124330119
vn 0.3728834125830651 -0.08605002688522348 -0.9238795124330119
vn 0.3728835214329046 -0.08604983077948958 -0.9238794867657891
vn 0.3728835214329046 -0.08604983077948958 -0.9238794867657891
vn 0.3728835214329046 -0.08604983077948958 -0.9238794867657891
vn 0.9002201778005874 -0.20774262163067744 -0.3826834653322406
vn 0.9002201778005874 -0.20774262163067744 -0.3826834653322406
vn 0.9002201778005874 -0.20774262163067744 -0.3826834653322406
vn 0.9002205072667044 -0.20774192967841748 -0.3826830659304967
vn 0.9002205072667044 -0.20774192967841748 -0.3826830659304967
vn 0.9002205072667044 -0.20774192967841748 -0.3826830659304967
vn 0.9743914930472685 -0.2248582181667262 0
vn 0.9743914930472685 -0.2248582181667262 0
vn 0.9743914930472685 -0.2248582181667262 0
vn 0.9743914930472685 -0.2248582181667262 0
vn 0.9743914930472685 -0.2248582181667262 0
vn 0.9743914930472685 -0.2248582181667262 0
vn 0.9002205072667044 -0.20774192967841748 0.3826830659304967
vn 0.9002205072667044 -0.20774192967841748 0.3826830659304967
vn 0.9002205072667044 -0.20774192967841748 0.3826830659304967
vn 0.9002204911329428 -0.2077426710133057 0.38268270144418687
vn 0.9002204911329428 -0.2077426710133057 0.38268270144418687
vn 0.9002204911329428 -0.2077426710133057 0.38268270144418687
vn 0.37288266058707414 -0.0860496304033928 0.9238798528710022
vn 0.37288266058707414 -0.0860496304033928 0.9238798528710022
vn 0.37288266058707414 -0.0860496304033928 0.9238798528710022
vn 0.37288269960748277 -0.08604985604805931 0.9238798161057229
vn 0.37288269960748277 -0.08604985604805931 0.9238798161057229
vn 0.37288269960748277 -0.08604985604805931 0.9238798161057229
vn 0.381836031874987 -0.02545573409239267 -0.9238794566196291
vn 0.381836031874987 -0.02545573409239267 -0.9238794566196291
vn 0.381836031874987 -0.02545573409239267 -0.9238794566196291
vn 0.3818354534356311 -0.02545682851470365 -0.9238796655309495
vn 0.3818354534356311 -0.02545682851470365 -0.9238796655309495
vn 0.3818354534356311 -0.02545682851470365 -0.9238796655309495
vn 0.9218332383661452 -0.06145827986226131 -0.3826831071261935
vn 0.9218332383661452 -0.06145827986226131 -0.3826831071261935
vn 0.9218332383661452 -0.06145827986226131 -0.3826831071261935
vn 0.9218335378026636 -0.06145712511646378 -0.3826825712710792
vn 0.9218335378026636 -0.06145712511646378 -0.3826825712710792
vn 0.9218335378026636 -0.06145712511646378 -0.3826825712710792
vn 0.99778504576681 -0.06652069184941295 0
vn 0.99778504576681 -0.06652069184941295 0
vn 0.99778504576681 -0.06652069184941295 0
vn 0.99778504576681 -0.06652069184941295 0
vn 0.99778504576681 -0.06652069184941295 0
vn 0.99778504576681 -0.06652069184941295 0
vn 0.9218334657685372 -0.06145712428781072 0.38268274492514054
vn 0.9218334657685372 -0.06145712428781072 0.38268274492514054
vn 0.9218334657685372 -0.06145712428781072 0.38268274492514054
vn 0.9218336147563452 -0.06145830694164178 0.38268219610156545
vn 0.9218336147563452 -0.06145830694164178 0.38268219610156545
vn 0.9218336147563452 -0.06145830694164178 0.38268219610156545
vn 0.38183498332997184 -0.025456799161167807 0.9238798606322514
vn 0.38183498332997184 -0.025456799161167807 0.9238798606322514
vn 0.38183498332997184 -0.025456799161167807 0.9238798606322514
vn 0.3818346514457003 -0.025455644050595062 0.9238800296257681
vn 0.3818346514457003 -0.025455644050595062 0.9238800296257681
vn 0.3818346514457003 -0.025455644050595062 0.9238800296257681
vn 0.3826830940244355 0 -0.9238796726565017
vn 0.3826830940244355 0 -0.9238796726565017
vn 0.3826830940244355 0 -0.9238796726565017
vn 0.3826830685865544 0 -0.9238796831932059
vn 0.3826830685865544 0 -0.9238796831932059
vn 0.3826830685865544 0 -0.9238796831932059
vn 0.9238798779669956 0 -0.3826825983601677
vn 0.9238798779669956 0 -0.3826825983601677
vn 0.9238798779669956 0 -0.3826825983601677
vn 0.9238798885036886 0 -0.38268257292227453
vn 0.9238798885036886 0 -0.38268257292227453
vn 0.9238798885036886 0 -0.38268257292227453
vn 1 0 0
vn 1 0 0
vn 1 0 0
vn 1 0 0
vn 1 0 0
vn 1 0 0
vn 0.9238800411305023 0 0.3826822044473736
vn 0.9238800411305023 0 0.3826822044473736
vn 0.9238800411305023 0 0.3826822044473736
vn 0.9238800305938178 0 0.3826822298852745
vn 0.9238800305938178 0 0.3826822298852745
vn 0.9238800305938178 0 0.3826822298852745
vn 0.3826822298852745 0 0.9238800305938178
vn 0.3826822298852745 0 0.9238800305938178
vn 0.3826822298852745 0 0.9238800305938178
vn 0.3826822553231745 0 0.923880020057133
vn 0.3826822553231745 0 0.923880020057133
vn 0.3826822553231745 0 0.923880020057133
vn 0.3818356126657083 0.025455706020931092 -0.9238796306506486
vn 0.3818356126657083 0.025455706020931092 -0.9238796306506486
vn 0.3818356126657083 0.025455706020931092 -0.9238796306506486
vn 0.3818358989530564 0.025456768808895726 -0.923879483045555
vn 0.3818358989530564 0.025456768808895726 -0.923879483045555
vn 0.3818358989530564 0.025456768808895726 -0.923879483045555
vn 0.9218334537928099 0.06145807716372322 -0.38268262074434134
vn 0.9218334537928099 0.06145807716372322 -0.38268262074434134
vn 0.9218334537928099 0.06145807716372322 -0.38268262074434134
vn 0.9218332550593585 0.06145647023561996 -0.3826833575331516
vn 0.9218332550593585 0.06145647023561996 -0.3826833575331516
vn 0.9218332550593585 0.06145647023561996 -0.3826833575331516
vn 0.9977850915261652 0.06652000547295521 0
vn 0.9977850915261652 0.06652000547295521 0
vn 0.9977850915261652 0.06652000547295521 0
vn 0.9977850915261652 0.06652000547295521 0
vn 0.9977850915261652 0.06652000547295521 0
vn 0.9977850915261652 0.06652000547295521 0
vn 0.9218336838054922 0.06145650453081875 0.3826823192315646
vn 0.9218336838054922 0.06145650453081875 0.3826823192315646
vn 0.9218336838054922 0.06145650453081875 0.3826823192315646
vn 0.9218332700746167 0.06145806193559808 0.3826830657432583
vn 0.9218332700746167 0.06145806193559808 0.3826830657432583
vn 0.9218332700746167 0.06145806193559808 0.3826830657432583
vn 0.3818346877908091 0.025456687568069822 0.9238799858519271
vn 0.3818346877908091 0.025456687568069822 0.9238799858519271
vn 0.3818346877908091 0.025456687568069822 0.9238799858519271
vn 0.38183521887734534 0.02545568138266603 0.9238797940805038
vn 0.38183521887734534 0.02545568138266603 0.9238797940805038
vn 0.38183521887734534 0.02545568138266603 0.9238797940805038
vn 0.37288365724550554 0.08605008048017881 -0.9238794086938896
vn 0.37288365724550554 0.08605008048017881 -0.9238794086938896
vn 0.37288365724550554 0.08605008048017881 -0.9238794086938896
vn 0.37288362659232693 0.0860495959960774 -0.923879466190404
vn 0.37288362659232693 0.0860495959960774 -0.923879466190404
vn 0.37288362659232693 0.0860495959960774 -0.923879466190404
vn 0.9002200594224625 0.2077419810725373 -0.382684091534356
vn 0.9002200594224625 0.2077419810725373 -0.382684091534356
vn 0.9002200594224625 0.2077419810725373 -0.382684091534356
vn 0.9002200277418956 0.20774307644759388 -0.38268357142745213
vn 0.9002200277418956 0.20774307644759388 -0.38268357142745213
vn 0.9002200277418956 0.20774307644759388 -0.38268357142745213
vn 0.9743911972014787 0.22485950016903625 0
vn 0.9743911972014787 0.22485950016903625 0
vn 0.9743911972014787 0.22485950016903625 0
vn 0.9743911972014787 0.22485950016903625 0
vn 0.9743911972014787 0.22485950016903625 0
vn 0.9743911972014787 0.22485950016903625 0
vn 0.9002199781598167 0.20774306385933244 0.3826836948973351
vn 0.9002199781598167 0.20774306385933244 0.3826836948973351
vn 0.9002199781598167 0.20774306385933244 0.3826836948973351
vn 0.900220440084376 0.20774206204018042 0.3826831521161945
vn 0.900220440084376 0.20774206204018042 0.3826831521161945
vn 0.900220440084376 0.20774206204018042 0.3826831521161945
vn 0.37288293879720424 0.08604943899349375 0.9238797584117023
vn 0.37288293879720424 0.08604943899349375 0.9238797584117023
vn 0.37288293879720424 0.08604943899349375 0.9238797584117023
vn 0.3728826282347551 0.08604983843118665 0.923879846552953
vn 0.3728826282347551 0.08604983843118665 0.923879846552953
vn 0.3728826282347551 0.08604983843118665 0.923879846552953
vn 0.34838230374114904 0.15835559802821741 -0.9238794699597644
vn 0.34838230374114904 0.15835559802821741 -0.9238794699597644
vn 0.34838230374114904 0.15835559802821741 -0.9238794699597644
vn 0.34838234952621 0.1583546678746058 -0.9238796121253682
vn 0.34838234952621 0.1583546678746058 -0.9238796121253682
vn 0.34838234952621 0.1583546678746058 -0.9238796121253682
vn 0.8410697109552594 0.3823021409661308 -0.3826837001053863
vn 0.8410697109552594 0.3823021409661308 -0.3826837001053863
vn 0.8410697109552594 0.3823021409661308 -0.3826837001053863
vn 0.8410693574188316 0.3823037223489867 -0.38268289730426
vn 0.8410693574188316 0.3823037223489867 -0.38268289730426
vn 0.8410693574188316 0.3823037223489867 -0.38268289730426
vn 0.9103667060830191 0.41380244133590355 0
vn 0.9103667060830191 0.41380244133590355 0
vn 0.9103667060830191 0.41380244133590355 0
vn 0.9103667060830191 0.41380244133590355 0
vn 0.9103667060830191 0.41380244133590355 0
vn 0.9103667060830191 0.41380244133590355 0
vn 0.8410692265867219 0.3823036276589266 0.3826832794461211
vn 0.8410692265867219 0.3823036276589266 0.3826832794461211
vn 0.8410692265867219 0.3823036276589266 0.3826832794461211
vn 0.8410701958575246 0.38230232344600007 0.38268245207740464
vn 0.8410701958575246 0.38230232344600007 0.38268245207740464
vn 0.8410701958575246 0.38230232344600007 0.38268245207740464
vn 0.3483818154293543 0.15835441562074432 0.9238798567625338
vn 0.3483818154293543 0.15835441562074432 0.9238798567625338
vn 0.3483818154293543 0.15835441562074432 0.9238798567625338
vn 0.3483811386292921 0.158355075205174 0.923879998919839
vn 0.3483811386292921 0.158355075205174 0.923879998919839
vn 0.3483811386292921 0.158355075205174 0.923879998919839
vn 0.3020716561252882 0.2349445932841423 -0.9238797284561853
vn 0.3020716561252882 0.2349445932841423 -0.9238797284561853
vn 0.3020716561252882 0.2349445932841423 -0.9238797284561853
vn 0.30207183188580944 0.2349439352581935 -0.9238798383266869
vn 0.30207183188580944 0.2349439352581935 -0.9238798383266869
vn 0.30207183188580944 0.2349439352581935 -0.9238798383266869
vn 0.7292676487232721 0.5672061976532176 -0.38268240862288044
vn 0.7292676487232721 0.5672061976532176 -0.38268240862288044
vn 0.7292676487232721 0.5672061976532176 -0.38268240862288044
vn 0.7292671890259892 0.5672071646585182 -0.3826818513728822
vn 0.7292671890259892 0.5672071646585182 -0.3826818513728822
vn 0.7292671890259892 0.5672071646585182 -0.3826818513728822
vn 0.7893525704190804 0.6139401596025387 0
vn 0.7893525704190804 0.6139401596025387 0
vn 0.7893525704190804 0.6139401596025387 0
vn 0.7893525704190804 0.6139401596025387 0
vn 0.7893525704190804 0.6139401596025387 0
vn 0.7893525704190804 0.6139401596025387 0
vn 0.7292671720954167 0.5672070918856661 0.3826819915002002
vn 0.7292671720954167 0.5672070918856661 0.3826819915002002
vn 0.7292671720954167 0.5672070918856661 0.3826819915002002
vn 0.7292679557767737 0.5672064430953216 0.3826814596871911
vn 0.7292679557767737 0.5672064430953216 0.3826814596871911
vn 0.7292679557767737 0.5672064430953216 0.3826814596871911
vn 0.30207130640887553 0.234943541455043 0.9238801102810894
vn 0.30207130640887553 0.234943541455043 0.9238801102810894
vn 0.30207130640887553 0.234943541455043 0.9238801102810894
vn 0.30207073424094316 0.234943879574354 0.9238802113724967
vn 0.30207073424094316 0.234943879574354 0.9238802113724967
vn 0.30207073424094316 0.234943879574354 0.9238802113724967
vn 0.23494424945039716 0.30207120766711815 -0.9238799625214947
vn 0.23494424945039716 0.30207120766711815 -0.9238799625214947
vn 0.23494424945039716 0.30207120766711815 -0.9238799625214947
vn 0.2349424550976995 0.30207413946483924 -0.9238794602431868
vn 0.2349424550976995 0.30207413946483924 -0.9238794602431868
vn 0.2349424550976995 0.30207413946483924 -0.9238794602431868
vn 0.5672016082661792 0.7292720000815858 -0.38268091862185033
vn 0.5672016082661792 0.7292720000815858 -0.38268091862185033
vn 0.5672016082661792 0.7292720000815858 -0.38268091862185033
vn 0.5672032874471032 0.7292699867035545 -0.3826822666424407
vn 0.5672032874471032 0.7292699867035545 -0.3826822666424407
vn 0.5672032874471032 0.7292699867035545 -0.3826822666424407
vn 0.6139360661288373 0.7893557542111465 0
vn 0.6139360661288373 0.7893557542111465 0
vn 0.6139360661288373 0.7893557542111465 0
vn 0.6139360661288373 0.7893557542111465 0
vn 0.6139360661288373 0.7893557542111465 0
vn 0.6139360661288373 0.7893557542111465 0
vn 0.5672036509712893 0.729270530726428 0.38268069109746555
vn 0.5672036509712893 0.729270530726428 0.38268069109746555
vn 0.5672036509712893 0.729270530726428 0.38268069109746555
vn 0.5672013862593571 0.7292716039502709 0.3826820025782016
vn 0.5672013862593571 0.7292716039502709 0.3826820025782016
vn 0.5672013862593571 0.7292716039502709 0.3826820025782016
vn 0.23494138347560584 0.30207277017998224 0.9238801804597607
vn 0.23494138347560584 0.30207277017998224 0.9238801804597607
vn 0.23494138347560584 0.30207277017998224 0.9238801804597607
vn 0.2349446843485299 0.30207174766322487 0.9238796753690682
vn 0.2349446843485299 0.30207174766322487 0.9238796753690682
vn 0.2349446843485299 0.30207174766322487 0.9238796753690682
vn 0.15835580126753893 0.34838276874905005 -0.9238792597756816
vn 0.15835580126753893 0.34838276874905005 -0.9238792597756816
vn 0.15835580126753893 0.34838276874905005 -0.9238792597756816
vn 0.1583566363264375 0.3483819057882261 -0.9238794420543949
vn 0.1583566363264375 0.3483819057882261 -0.9238794420543949
vn 0.1583566363264375 0.3483819057882261 -0.9238794420543949
vn 0.3823067229029002 0.8410683232824542 -0.3826821725584903
vn 0.3823067229029002 0.8410683232824542 -0.3826821725584903
vn 0.3823067229029002 0.8410683232824542 -0.3826821725584903
vn 0.3823087492759536 0.8410668327596584 -0.38268342407098427
vn 0.3823087492759536 0.8410668327596584 -0.38268342407098427
vn 0.3823087492759536 0.8410668327596584 -0.38268342407098427
vn 0.4138080255907989 0.9103641677683965 0
vn 0.4138080255907989 0.9103641677683965 0
vn 0.4138080255907989 0.9103641677683965 0
vn 0.4138080255907989 0.9103641677683965 0
vn 0.4138080255907989 0.9103641677683965 0
vn 0.4138080255907989 0.9103641677683965 0
vn 0.38230902817078916 0.8410673926837685 0.3826819148368971
vn 0.38230902817078916 0.8410673926837685 0.3826819148368971
vn 0.38230902817078916 0.8410673926837685 0.3826819148368971
vn 0.38230658158512715 0.8410679229762548 0.3826831935388639
vn 0.38230658158512715 0.8410679229762548 0.3826831935388639
vn 0.38230658158512715 0.8410679229762548 0.3826831935388639
vn 0.15835643144295308 0.34838146696542605 0.923879642645984
vn 0.15835643144295308 0.34838146696542605 0.923879642645984
vn 0.15835643144295308 0.34838146696542605 0.923879642645984
vn 0.1583552397945583 0.34838152754802826 0.9238798240533833
vn 0.1583552397945583 0.34838152754802826 0.9238798240533833
vn 0.1583552397945583 0.34838152754802826 0.9238798240533833
vn 0.0860500333243794 0.37288343800254764 -0.9238795015738109
vn 0.0860500333243794 0.37288343800254764 -0.9238795015738109
vn 0.0860500333243794 0.37288343800254764 -0.9238795015738109
vn 0.08604992691984549 0.372883518325077 -0.9238794790656416
vn 0.08604992691984549 0.372883518325077 -0.9238794790656416
vn 0.08604992691984549 0.372883518325077 -0.9238794790656416
vn 0.20774282528276244 0.9002200966844798 -0.38268354559468815
vn 0.20774282528276244 0.9002200966844798 -0.38268354559468815
vn 0.20774282528276244 0.9002200966844798 -0.38268354559468815
vn 0.20774174265359896 0.9002205958627488 -0.3826829590454259
vn 0.20774174265359896 0.9002205958627488 -0.3826829590454259
vn 0.20774174265359896 0.9002205958627488 -0.3826829590454259
vn 0.22485799180286897 0.9743915452847388 0
vn 0.22485799180286897 0.9743915452847388 0
vn 0.22485799180286897 0.9743915452847388 0
vn 0.22485799180286897 0.9743915452847388 0
vn 0.22485799180286897 0.9743915452847388 0
vn 0.22485799180286897 0.9743915452847388 0
vn 0.20774172532681562 0.9002205257470004 0.3826831333911024
vn 0.20774172532681562 0.9002205257470004 0.3826831333911024
vn 0.20774172532681562 0.9002205257470004 0.3826831333911024
vn 0.20774291335806258 0.9002205081464284 0.3826825298626669
vn 0.20774291335806258 0.9002205081464284 0.3826825298626669
vn 0.20774291335806258 0.9002205081464284 0.3826825298626669
vn 0.08604972558750218 0.3728826831378236 0.9238798349040059
vn 0.08604972558750218 0.3728826831378236 0.9238798349040059
vn 0.08604972558750218 0.3728826831378236 0.9238798349040059
vn 0.08604985604805931 0.37288269960748277 0.9238798161057229
vn 0.08604985604805931 0.37288269960748277 0.9238798161057229
vn 0.08604985604805931 0.37288269960748277 0.9238798161057229
vn 0.02545573409239267 0.381836031874987 -0.9238794566196291
vn 0.02545573409239267 0.381836031874987 -0.9238794566196291
vn 0.02545573409239267 0.381836031874987 -0.9238794566196291
vn 0.02545382013467355 0.381836970231236 -0.9238791215333215
vn 0.02545382013467355 0.381836970231236 -0.9238791215333215
vn 0.02545382013467355 0.381836970231236 -0.9238791215333215
vn 0.061450818126638364 0.9218338347278809 -0.38268286883848945
vn 0.061450818126638364 0.9218338347278809 -0.38268286883848945
vn 0.061450818126638364 0.9218338347278809 -0.38268286883848945
vn 0.061457090178783376 0.9218321457453522 -0.38268593015327423
vn 0.061457090178783376 0.9218321457453522 -0.38268593015327423
vn 0.061457090178783376 0.9218321457453522 -0.38268593015327423
vn 0.06652075119030751 0.9977850418106482 0
vn 0.06652075119030751 0.9977850418106482 0
vn 0.06652075119030751 0.9977850418106482 0
vn 0.06652075119030751 0.9977850418106482 0
vn 0.06652075119030751 0.9977850418106482 0
vn 0.06652075119030751 0.9977850418106482 0
vn 0.06145718436823938 0.9218334729050974 0.38268271808543347
vn 0.06145718436823938 0.9218334729050974 0.38268271808543347
vn 0.06145718436823938 0.9218334729050974 0.38268271808543347
vn 0.06145073846459776 0.9218326807737987 0.3826856613456372
vn 0.06145073846459776 0.9218326807737987 0.3826856613456372
vn 0.06145073846459776 0.9218326807737987 0.3826856613456372
vn 0.025453716939371006 0.38183543720415636 0.9238797579712855
vn 0.025453716939371006 0.38183543720415636 0.9238797579712855
vn 0.025453716939371006 0.38183543720415636 0.9238797579712855
vn 0.025455737525592916 0.38183605729595826 0.9238794460186383
vn 0.025455737525592916 0.38183605729595826 0.9238794460186383
vn 0.025455737525592916 0.38183605729595826 0.9238794460186383
vn 0 0.38268450033849405 -0.9238790901414953
vn 0 0.38268450033849405 -0.9238790901414953
vn 0 0.38268450033849405 -0.9238790901414953
vn 0 0.38268450033849405 -0.9238790901414953
vn 0 0.38268450033849405 -0.9238790901414953
vn 0 0.38268450033849405 -0.9238790901414953
vn 0 0.9238784760140226 -0.3826859829651552
vn 0 0.9238784760140226 -0.3826859829651552
vn 0 0.9238784760140226 -0.3826859829651552
vn 0 0.9238784760140226 -0.3826859829651552
vn 0 0.9238784760140226 -0.3826859829651552
vn 0 0.9238784760140226 -0.3826859829651552
vn 0 1 0
vn 0 1 0
vn 0 1 0
vn 0 1 0
vn 0 1 0
vn 0 1 0
vn 0 0.9238786199132315 0.38268563556426155
vn 0 0.9238786199132315 0.38268563556426155
vn 0 0.9238786199132315 0.38268563556426155
vn 0 0.9238786093764687 0.38268566100208445
vn 0 0.9238786093764687 0.38268566100208445
vn 0 0.9238786093764687 0.38268566100208445
vn 0 0.3826836361998657 0.9238794480801317
vn 0 0.3826836361998657 0.9238794480801317
vn 0 0.3826836361998657 0.9238794480801317
vn 0 0.3826836361998657 0.9238794480801317
vn 0 0.3826836361998657 0.9238794480801317
vn 0 0.3826836361998657 0.9238794480801317
vn -0.025455793378822478 0.3818369211714338 -0.923879087442602
vn -0.025455793378822478 0.3818369211714338 -0.923879087442602
vn -0.025455793378822478 0.3818369211714338 -0.923879087442602
vn -0.025453748593923863 0.3818363013152796 -0.9238793999653765
vn -0.025453748593923863 0.3818363013152796 -0.9238793999653765
vn -0.025453748593923863 0.3818363013152796 -0.9238793999653765
vn -0.06145066258293139 0.9218325409249777 -0.38268601040529027
vn -0.06145066258293139 0.9218325409249777 -0.38268601040529027
vn -0.06145066258293139 0.9218325409249777 -0.38268601040529027
vn -0.06145711219774724 0.9218333328467068 -0.38268306705816824
vn -0.06145711219774724 0.9218333328467068 -0.38268306705816824
vn -0.06145711219774724 0.9218333328467068 -0.38268306705816824
vn -0.06652069184941295 0.99778504576681 0
vn -0.06652069184941295 0.99778504576681 0
vn -0.06652069184941295 0.99778504576681 0
vn -0.06652069184941295 0.99778504576681 0
vn -0.06652069184941295 0.99778504576681 0
vn -0.06652069184941295 0.99778504576681 0
vn -0.06145704660061225 0.9218322818339011 0.3826856093349127
vn -0.06145704660061225 0.9218322818339011 0.3826856093349127
vn -0.06145704660061225 0.9218322818339011 0.3826856093349127
vn -0.06145076003814289 0.9218339804021148 0.38268252725559293
vn -0.06145076003814289 0.9218339804021148 0.38268252725559293
vn -0.06145076003814289 0.9218339804021148 0.38268252725559293
vn -0.0254537374718873 0.3818361531112466 0.9238794615240221
vn -0.0254537374718873 0.3818361531112466 0.9238794615240221
vn -0.0254537374718873 0.3818361531112466 0.9238794615240221
vn -0.02545567823913934 0.38183516799915457 0.9238798151948351
vn -0.02545567823913934 0.38183516799915457 0.9238798151948351
vn -0.02545567823913934 0.38183516799915457 0.9238798151948351
vn -0.08605004998499567 0.37288353503381977 -0.9238794608596197
vn -0.08605004998499567 0.37288353503381977 -0.9238794608596197
vn -0.08605004998499567 0.37288353503381977 -0.9238794608596197
vn -0.08604982529658543 0.37288347035487873 -0.923879507891873
vn -0.08604982529658543 0.37288347035487873 -0.923879507891873
vn -0.08604982529658543 0.37288347035487873 -0.923879507891873
vn -0.2077426665032631 0.9002203573472987 -0.3826830186088949
vn -0.2077426665032631 0.9002203573472987 -0.3826830186088949
vn -0.2077426665032631 0.9002203573472987 -0.3826830186088949
vn -0.20774186650867946 0.9002203726085801 -0.3826834169910675
vn -0.20774186650867946 0.9002203726085801 -0.3826834169910675
vn -0.20774186650867946 0.9002203726085801 -0.3826834169910675
vn -0.22485817572350572 0.9743915028417977 0
vn -0.22485817572350572 0.9743915028417977 0
vn -0.22485817572350572 0.9743915028417977 0
vn -0.22485817572350572 0.9743915028417977 0
vn -0.22485817572350572 0.9743915028417977 0
vn -0.22485817572350572 0.9743915028417977 0
vn -0.20774192703820699 0.9002206746396534 0.3826826736367604
vn -0.20774192703820699 0.9002206746396534 0.3826826736367604
vn -0.20774192703820699 0.9002206746396534 0.3826826736367604
vn -0.20774265939544517 0.9002203265466812 0.3826830949225412
vn -0.20774265939544517 0.9002203265466812 0.3826830949225412
vn -0.20774265939544517 0.9002203265466812 0.3826830949225412
vn -0.08604965163338 0.3728826855284495 0.9238798408271854
vn -0.08604965163338 0.3728826855284495 0.9238798408271854
vn -0.08604965163338 0.3728826855284495 0.9238798408271854
vn -0.08604983199202634 0.372882602815254 0.9238798574121343
vn -0.08604983199202634 0.372882602815254 0.9238798574121343
vn -0.08604983199202634 0.372882602815254 0.9238798574121343
vn -0.158355549013778 0.34838223465240176 -0.9238795044133971
vn -0.158355549013778 0.34838223465240176 -0.9238795044133971
vn -0.158355549013778 0.34838223465240176 -0.9238795044133971
vn -0.15835715944032352 0.3483821178655866 -0.9238792724190107
vn -0.15835715944032352 0.3483821178655866 -0.9238792724190107
vn -0.15835715944032352 0.3483821178655866 -0.9238792724190107
vn -0.3823073897184598 0.8410675133790108 -0.3826832864198608
vn -0.3823073897184598 0.8410675133790108 -0.3826832864198608
vn -0.3823073897184598 0.8410675133790108 -0.3826832864198608
vn -0.3823087520063081 0.8410671963942189 -0.38268262214130877
vn -0.3823087520063081 0.8410671963942189 -0.38268262214130877
vn -0.3823087520063081 0.8410671963942189 -0.38268262214130877
vn -0.4138078571874516 0.9103642443164877 0
vn -0.4138078571874516 0.9103642443164877 0
vn -0.4138078571874516 0.9103642443164877 0
vn -0.4138078571874516 0.9103642443164877 0
vn -0.4138078571874516 0.9103642443164877 0
vn -0.4138078571874516 0.9103642443164877 0
vn -0.3823087002033901 0.8410670943484825 0.3826828981715738
vn -0.3823087002033901 0.8410670943484825 0.3826828981715738
vn -0.3823087002033901 0.8410670943484825 0.3826828981715738
vn -0.3823075906494561 0.8410679137041268 0.38268220584343265
vn -0.3823075906494561 0.8410679137041268 0.38268220584343265
vn -0.3823075906494561 0.8410679137041268 0.38268220584343265
vn -0.15835662373404946 0.3483809273908377 0.9238798131520424
vn -0.15835662373404946 0.3483809273908377 0.9238798131520424
vn -0.15835662373404946 0.3483809273908377 0.9238798131520424
vn -0.15835550493176365 0.34838208700802203 0.9238795676438251
vn -0.15835550493176365 0.34838208700802203 0.9238795676438251
vn -0.15835550493176365 0.34838208700802203 0.9238795676438251
vn -0.23494529503000627 0.30207255198375876 -0.9238792570900608
vn -0.23494529503000627 0.30207255198375876 -0.9238792570900608
vn -0.23494529503000627 0.30207255198375876 -0.9238792570900608
vn -0.23494156024847296 0.30207375103235623 -0.9238798148056139
vn -0.23494156024847296 0.30207375103235623 -0.9238798148056139
vn -0.23494156024847296 0.30207375103235623 -0.9238798148056139
vn -0.567200244992381 0.7292720098956604 -0.38268292052732994
vn -0.567200244992381 0.7292720098956604 -0.38268292052732994
vn -0.567200244992381 0.7292720098956604 -0.38268292052732994
vn -0.5672040155986914 0.7292701820980423 -0.3826808150291934
vn -0.5672040155986914 0.7292701820980423 -0.3826808150291934
vn -0.5672040155986914 0.7292701820980423 -0.3826808150291934
vn -0.6139364705252449 0.7893554396841799 0
vn -0.6139364705252449 0.7893554396841799 0
vn -0.6139364705252449 0.7893554396841799 0
vn -0.6139364705252449 0.7893554396841799 0
vn -0.6139364705252449 0.7893554396841799 0
vn -0.6139364705252449 0.7893554396841799 0
vn -0.5672035805217269 0.7292696823177706 0.38268241231531763
vn -0.5672035805217269 0.7292696823177706 0.38268241231531763
vn -0.5672035805217269 0.7292696823177706 0.38268241231531763
vn -0.5672009020761798 0.72927290580742 0.38268023928492784
vn -0.5672009020761798 0.72927290580742 0.38268023928492784
vn -0.5672009020761798 0.72927290580742 0.38268023928492784
vn -0.23494163511914642 0.30207387071077085 0.9238797566357618
vn -0.23494163511914642 0.30207387071077085 0.9238797566357618
vn -0.23494163511914642 0.30207387071077085 0.9238797566357618
vn -0.2349436875969726 0.3020704980565681 0.9238803374150751
vn -0.2349436875969726 0.3020704980565681 0.9238803374150751
vn -0.2349436875969726 0.3020704980565681 0.9238803374150751
vn -0.3020713678902249 0.23494437737973742 -0.9238798776023731
vn -0.3020713678902249 0.23494437737973742 -0.9238798776023731
vn -0.3020713678902249 0.23494437737973742 -0.9238798776023731
vn -0.30207192448129666 0.23494401224395073 -0.9238797884740633
vn -0.30207192448129666 0.23494401224395073 -0.9238797884740633
vn -0.30207192448129666 0.23494401224395073 -0.9238797884740633
vn -0.7292679557767737 0.5672064430953216 -0.3826814596871911
vn -0.7292679557767737 0.5672064430953216 -0.3826814596871911
vn -0.7292679557767737 0.5672064430953216 -0.3826814596871911
vn -0.7292671358731894 0.567207110071969 -0.3826820335724168
vn -0.7292671358731894 0.567207110071969 -0.3826820335724168
vn -0.7292671358731894 0.567207110071969 -0.3826820335724168
vn -0.7893525704190804 0.6139401596025387 0
vn -0.7893525704190804 0.6139401596025387 0
vn -0.7893525704190804 0.6139401596025387 0
vn -0.7893525704190804 0.6139401596025387 0
vn -0.7893525704190804 0.6139401596025387 0
vn -0.7893525704190804 0.6139401596025387 0
vn -0.7292674179749687 0.5672073361072169 0.38268116095030974
vn -0.7292674179749687 0.5672073361072169 0.38268116095030974
vn -0.7292674179749687 0.5672073361072169 0.38268116095030974
vn -0.7292679106449083 0.5672063351425977 0.3826817057003291
vn -0.7292679106449083 0.5672063351425977 0.3826817057003291
vn -0.7292679106449083 0.5672063351425977 0.3826817057003291
vn -0.3020711212178399 0.23494338748348056 0.9238802099861129
vn -0.3020711212178399 0.23494338748348056 0.9238802099861129
vn -0.3020711212178399 0.23494338748348056 0.9238802099861129
vn -0.30207092048950146 0.23494401946728938 0.923880114901917
vn -0.30207092048950146 0.23494401946728938 0.923880114901917
vn -0.30207092048950146 0.23494401946728938 0.923880114901917
vn -0.3483818457338047 0.15835538442445668 -0.9238796792802026
vn -0.3483818457338047 0.15835538442445668 -0.9238796792802026
vn -0.3483818457338047 0.15835538442445668 -0.9238796792802026
vn -0.3483824963485192 0.15835472648411905 -0.9238795467148918
vn -0.3483824963485192 0.15835472648411905 -0.9238795467148918
vn -0.3483824963485192 0.15835472648411905 -0.9238795467148918
vn -0.8410701862747934 0.38230234889256226 -0.382682447717313
vn -0.8410701862747934 0.38230234889256226 -0.382682447717313
vn -0.8410701862747934 0.38230234889256226 -0.382682447717313
vn -0.8410690304763819 0.3823039178201541 -0.38268342058793137
vn -0.8410690304763819 0.3823039178201541 -0.38268342058793137
vn -0.8410690304763819 0.3823039178201541 -0.38268342058793137
vn -0.9103665519683974 0.4138027803884012 0
vn -0.9103665519683974 0.4138027803884012 0
vn -0.9103665519683974 0.4138027803884012 0
vn -0.9103665519683974 0.4138027803884012 0
vn -0.9103665519683974 0.4138027803884012 0
vn -0.9103665519683974 0.4138027803884012 0
vn -0.8410695057955702 0.3823041257464249 0.38268216819974404
vn -0.8410695057955702 0.3823041257464249 0.38268216819974404
vn -0.8410695057955702 0.3823041257464249 0.38268216819974404
vn -0.8410699342220377 0.3823022234859567 0.38268312696724793
vn -0.8410699342220377 0.3823022234859567 0.38268312696724793
vn -0.8410699342220377 0.3823022234859567 0.38268312696724793
vn -0.34838152342874096 0.15835426934666594 0.9238799919433007
vn -0.34838152342874096 0.15835426934666594 0.9238799919433007
vn -0.34838152342874096 0.15835426934666594 0.9238799919433007
vn -0.34838143145198025 0.15835520695174465 0.9238798659191244
vn -0.34838143145198025 0.15835520695174465 0.9238798659191244
vn -0.34838143145198025 0.15835520695174465 0.9238798659191244
vn -0.37288338716358177 0.08605002044606737 -0.9238795232922123
vn -0.37288338716358177 0.08605002044606737 -0.9238795232922123
vn -0.37288338716358177 0.08605002044606737 -0.9238795232922123
vn -0.3728835233454121 0.08604977161619241 -0.9238794915043371
vn -0.3728835233454121 0.08604977161619241 -0.9238794915043371
vn -0.3728835233454121 0.08604977161619241 -0.9238794915043371
vn -0.9002202768180302 0.20774248286058056 -0.38268330773707715
vn -0.9002202768180302 0.20774248286058056 -0.38268330773707715
vn -0.9002202768180302 0.20774248286058056 -0.38268330773707715
vn -0.9002193240724221 0.20774452453398784 -0.3826844406201263
vn -0.9002193240724221 0.20774452453398784 -0.3826844406201263
vn -0.9002193240724221 0.20774452453398784 -0.3826844406201263
vn -0.9743908169693385 0.2248611478353367 0
vn -0.9743908169693385 0.2248611478353367 0
vn -0.9743908169693385 0.2248611478353367 0
vn -0.9743908169693385 0.2248611478353367 0
vn -0.9743908169693385 0.2248611478353367 0
vn -0.9743908169693385 0.2248611478353367 0
vn -0.9002198973350491 0.20774463848543243 0.38268303022557804
vn -0.9002198973350491 0.20774463848543243 0.38268303022557804
vn -0.9002198973350491 0.20774463848543243 0.38268303022557804
vn -0.9002199354712042 0.20774241211192654 0.3826841491231892
vn -0.9002199354712042 0.20774241211192654 0.3826841491231892
vn -0.9002199354712042 0.20774241211192654 0.3826841491231892
vn -0.3728826627386351 0.0860495638446805 0.9238798582018581
vn -0.3728826627386351 0.0860495638446805 0.9238798582018581
vn -0.3728826627386351 0.0860495638446805 0.9238798582018581
vn -0.37288267418798243 0.0860498496088992 0.9238798269649061
vn -0.37288267418798243 0.0860498496088992 0.9238798269649061
vn -0.37288267418798243 0.0860498496088992 0.9238798269649061
vn -0.3818359090919204 0.025455726403560287 -0.9238795075772673
vn -0.3818359090919204 0.025455726403560287 -0.9238795075772673
vn -0.3818359090919204 0.025455726403560287 -0.9238795075772673
vn -0.3818359357802233 0.025455599536089425 -0.9238795000426729
vn -0.3818359357802233 0.025455599536089425 -0.9238795000426729
vn -0.3818359357802233 0.025455599536089425 -0.9238795000426729
vn -0.9218331707554989 0.06145523204099639 -0.38268375945374294
vn -0.9218331707554989 0.06145523204099639 -0.38268375945374294
vn -0.9218331707554989 0.06145523204099639 -0.38268375945374294
vn -0.9218332896927068 0.061454747735112 -0.3826835507245325
vn -0.9218332896927068 0.061454747735112 -0.3826835507245325
vn -0.9218332896927068 0.061454747735112 -0.3826835507245325
vn -0.9977852156806499 0.0665181431574811 0
vn -0.9977852156806499 0.0665181431574811 0
vn -0.9977852156806499 0.0665181431574811 0
vn -0.9977852156806499 0.0665181431574811 0
vn -0.9977852156806499 0.0665181431574811 0
vn -0.9977852156806499 0.0665181431574811 0
vn -0.9218333510025574 0.061454751574081194 0.3826834024208052
vn -0.9218333510025574 0.061454751574081194 0.3826834024208052
vn -0.9218333510025574 0.061454751574081194 0.3826834024208052
vn -0.9218334159948932 0.061455247396876266 0.3826831662388285
vn -0.9218334159948932 0.061455247396876266 0.3826831662388285
vn -0.9218334159948932 0.061455247396876266 0.3826831662388285
vn -0.3818350464833715 0.025455540249631023 0.9238798692187427
vn -0.3818350464833715 0.025455540249631023 0.9238798692187427
vn -0.3818350464833715 0.025455540249631023 0.9238798692187427
vn -0.38183509609424415 0.025455673693831313 0.923879845038029
vn -0.38183509609424415 0.025455673693831313 0.923879845038029
vn -0.38183509609424415 0.025455673693831313 0.923879845038029
vn -0.38268346249921037 0 -0.9238795200293247
vn -0.38268346249921037 0 -0.9238795200293247
vn -0.38268346249921037 0 -0.9238795200293247
vn -0.3826834159879129 0 -0.9238795392949354
vn -0.3826834159879129 0 -0.9238795392949354
vn -0.3826834159879129 0 -0.9238795392949354
vn -0.9238795392949354 0 -0.3826834159879129
vn -0.9238795392949354 0 -0.3826834159879129
vn -0.9238795392949354 0 -0.3826834159879129
vn -0.9238795392949354 0 -0.3826834159879129
vn -0.9238795392949354 0 -0.3826834159879129
vn -0.9238795392949354 0 -0.3826834159879129
vn -1 0 0
vn -1 0 0
vn -1 0 0
vn -1 0 0
vn -1 0 0
vn -1 0 0
vn -0.9238796831932059 0 0.3826830685865544
vn -0.9238796831932059 0 0.3826830685865544
vn -0.9238796831932059 0 0.3826830685865544
vn -0.9238796831932059 0 0.3826830685865544
vn -0.9238796831932059 0 0.3826830685865544
vn -0.9238796831932059 0 0.3826830685865544
vn -0.3826825983601677 0 0.9238798779669956
vn -0.3826825983601677 0 0.9238798779669956
vn -0.3826825983601677 0 0.9238798779669956
vn -0.3826825983601677 0 0.9238798779669956
vn -0.3826825983601677 0 0.9238798779669956
vn -0.3826825983601677 0 0.9238798779669956
vn -0.381835883652841 -0.025455724831797994 -0.9238795181344492
vn -0.381835883652841 -0.025455724831797994 -0.9238795181344492
vn -0.381835883652841 -0.025455724831797994 -0.9238795181344492
vn -0.3818358375672099 -0.025455682768051907 -0.9238795383404482
vn -0.3818358375672099 -0.025455682768051907 -0.9238795383404482
vn -0.3818358375672099 -0.025455682768051907 -0.9238795383404482
vn -0.9218332916480897 -0.061455455670637295 -0.3826834323269852
vn -0.9218332916480897 -0.061455455670637295 -0.3826834323269852
vn -0.9218332916480897 -0.061455455670637295 -0.3826834323269852
vn -0.9218332853555911 -0.061455380745331384 -0.38268345951708393
vn -0.9218332853555911 -0.061455380745331384 -0.38268345951708393
vn -0.9218332853555911 -0.061455380745331384 -0.38268345951708393
vn -0.9977851699225773 -0.0665188295340018 0
vn -0.9977851699225773 -0.0665188295340018 0
vn -0.9977851699225773 -0.0665188295340018 0
vn -0.9977851699225773 -0.0665188295340018 0
vn -0.9977851699225773 -0.0665188295340018 0
vn -0.9977851699225773 -0.0665188295340018 0
vn -0.9218334482582954 -0.06145539086045658 0.3826830654816192
vn -0.9218334482582954 -0.06145539086045658 0.3826830654816192
vn -0.9218334482582954 -0.06145539086045658 0.3826830654816192
vn -0.9218334138456419 -0.06145547077101582 0.382683135544281
vn -0.9218334138456419 -0.06145547077101582 0.382683135544281
vn -0.9218334138456419 -0.06145547077101582 0.382683135544281
vn -0.38183502015714665 -0.025455629888338407 0.9238798776294347
vn -0.38183502015714665 -0.025455629888338407 0.9238798776294347
vn -0.38183502015714665 -0.025455629888338407 0.9238798776294347
vn -0.3818349733292432 -0.025455664143558175 0.9238798960393427
vn -0.3818349733292432 -0.025455664143558175 0.9238798960393427
vn -0.3818349733292432 -0.025455664143558175 0.9238798960393427
vn -0.3728833412103391 -0.08605000926835099 -0.92387954288031
vn -0.3728833412103391 -0.08605000926835099 -0.92387954288031
vn -0.3728833412103391 -0.08605000926835099 -0.92387954288031
vn -0.37288331674711017 -0.08604997324754686 -0.9238795561087878
vn -0.37288331674711017 -0.08604997324754686 -0.9238795561087878
vn -0.37288331674711017 -0.08604997324754686 -0.9238795561087878
vn -0.9002200782040083 -0.20774302963429644 -0.3826834781339965
vn -0.9002200782040083 -0.20774302963429644 -0.3826834781339965
vn -0.9002200782040083 -0.20774302963429644 -0.3826834781339965
vn -0.9002200878839182 -0.2077434192983086 -0.38268324383034846
vn -0.9002200878839182 -0.2077434192983086 -0.38268324383034846
vn -0.9002200878839182 -0.2077434192983086 -0.38268324383034846
vn -0.9743911128173078 -0.22485986583347448 0
vn -0.9743911128173078 -0.22485986583347448 0
vn -0.9743911128173078 -0.22485986583347448 0
vn -0.9743911128173078 -0.22485986583347448 0
vn -0.9743911128173078 -0.22485986583347448 0
vn -0.9743911128173078 -0.22485986583347448 0
vn -0.9002201449460695 -0.20774344851390064 0.38268309373792553
vn -0.9002201449460695 -0.20774344851390064 0.38268309373792553
vn -0.9002201449460695 -0.20774344851390064 0.38268309373792553
vn -0.9002203203863063 -0.20774307520633042 0.3826828836875163
vn -0.9002203203863063 -0.20774307520633042 0.3826828836875163
vn -0.9002203203863063 -0.20774307520633042 0.3826828836875163
vn -0.37288250674021306 -0.08604978574975705 0.9238799004954897
vn -0.37288250674021306 -0.08604978574975705 0.9238799004954897
vn -0.37288250674021306 -0.08604978574975705 0.9238799004954897
vn -0.3728825062620875 -0.08604980054058124 0.9238798993108521
vn -0.3728825062620875 -0.08604980054058124 0.9238798993108521
vn -0.3728825062620875 -0.08604980054058124 0.9238798993108521
vn -0.348382139378445 -0.15835550164348125 -0.9238795484592887
vn -0.348382139378445 -0.15835550164348125 -0.9238795484592887
vn -0.348382139378445 -0.15835550164348125 -0.9238795484592887
vn -0.3483821495202004 -0.15835567016614477 -0.9238795157497086
vn -0.3483821495202004 -0.15835567016614477 -0.9238795157497086
vn -0.3483821495202004 -0.15835567016614477 -0.9238795157497086
vn -0.8410688823842837 -0.38230440862178866 -0.3826832557523211
vn -0.8410688823842837 -0.38230440862178866 -0.3826832557523211
vn -0.8410688823842837 -0.38230440862178866 -0.3826832557523211
vn -0.8410690034055539 -0.3823038133989536 -0.38268358440231853
vn -0.8410690034055539 -0.3823038133989536 -0.38268358440231853
vn -0.8410690034055539 -0.3823038133989536 -0.38268358440231853
vn -0.9103665958553552 -0.41380268383703406 0
vn -0.9103665958553552 -0.41380268383703406 0
vn -0.9103665958553552 -0.41380268383703406 0
vn -0.9103665958553552 -0.41380268383703406 0
vn -0.9103665958553552 -0.41380268383703406 0
vn -0.9103665958553552 -0.41380268383703406 0
vn -0.8410692537145407 -0.3823039109199699 0.3826829368437549
vn -0.8410692537145407 -0.3823039109199699 0.3826829368437549
vn -0.8410692537145407 -0.3823039109199699 0.3826829368437549
vn -0.8410688823842837 -0.38230440862178866 0.3826832557523211
vn -0.8410688823842837 -0.38230440862178866 0.3826832557523211
vn -0.8410688823842837 -0.38230440862178866 0.3826832557523211
vn -0.3483813025941656 -0.15835529197301496 0.9238798999366387
vn -0.3483813025941656 -0.15835529197301496 0.9238798999366387
vn -0.3483813025941656 -0.15835529197301496 0.9238798999366387
vn -0.3483814060888213 -0.15835519406838514 0.9238798776914343
vn -0.3483814060888213 -0.15835519406838514 0.9238798776914343
vn -0.3483814060888213 -0.15835519406838514 0.9238798776914343
vn -0.30207205253256164 -0.23494491319070193 -0.923879517493801
vn -0.30207205253256164 -0.23494491319070193 -0.923879517493801
vn -0.30207205253256164 -0.23494491319070193 -0.923879517493801
vn -0.30207207144145504 -0.2349447855087491 -0.9238795437811773
vn -0.30207207144145504 -0.2349447855087491 -0.9238795437811773
vn -0.30207207144145504 -0.2349447855087491 -0.9238795437811773
vn -0.7292664982949532 -0.5672068989555601 -0.3826835614993595
vn -0.7292664982949532 -0.5672068989555601 -0.3826835614993595
vn -0.7292664982949532 -0.5672068989555601 -0.3826835614993595
vn -0.7292663412067879 -0.5672072138765906 -0.3826833940860518
vn -0.7292663412067879 -0.5672072138765906 -0.3826833940860518
vn -0.7292663412067879 -0.5672072138765906 -0.3826833940860518
vn -0.7893521820720352 -0.6139406589061491 0
vn -0.7893521820720352 -0.6139406589061491 0
vn -0.7893521820720352 -0.6139406589061491 0
vn -0.7893521820720352 -0.6139406589061491 0
vn -0.7893521820720352 -0.6139406589061491 0
vn -0.7893521820720352 -0.6139406589061491 0
vn -0.7292663943598007 -0.5672072684632986 0.3826832118866189
vn -0.7292663943598007 -0.5672072684632986 0.3826832118866189
vn -0.7292663943598007 -0.5672072684632986 0.3826832118866189
vn -0.7292666824091544 -0.5672070222872773 0.3826830278388966
vn -0.7292666824091544 -0.5672070222872773 0.3826830278388966
vn -0.7292666824091544 -0.5672070222872773 0.3826830278388966
vn -0.3020714273437924 -0.2349443027564249 0.9238798771403028
vn -0.3020714273437924 -0.2349443027564249 0.9238798771403028
vn -0.3020714273437924 -0.2349443027564249 0.9238798771403028
vn -0.30207132523048924 -0.23494435247836656 0.9238798978828455
vn -0.30207132523048924 -0.23494435247836656 0.9238798978828455
vn -0.30207132523048924 -0.23494435247836656 0.9238798978828455
vn -0.23494487421068985 -0.30207201093035146 -0.9238795410087922
vn -0.23494487421068985 -0.30207201093035146 -0.9238795410087922
vn -0.23494487421068985 -0.30207201093035146 -0.9238795410087922
vn -0.2349448547610995 -0.3020720838456549 -0.9238795221144528
vn -0.2349448547610995 -0.3020720838456549 -0.9238795221144528
vn -0.2349448547610995 -0.3020720838456549 -0.9238795221144528
vn -0.5672070432810381 -0.7292664709825702 -0.38268339963083114
vn -0.5672070432810381 -0.7292664709825702 -0.38268339963083114
vn -0.5672070432810381 -0.7292664709825702 -0.38268339963083114
vn -0.5672071018957008 -0.7292664101050901 -0.38268342876523215
vn -0.5672071018957008 -0.7292664101050901 -0.38268342876523215
vn -0.5672071018957008 -0.7292664101050901 -0.38268342876523215
vn -0.6139405268589346 -0.7893522847754187 0
vn -0.6139405268589346 -0.7893522847754187 0
vn -0.6139405268589346 -0.7893522847754187 0
vn -0.6139405268589346 -0.7893522847754187 0
vn -0.6139405268589346 -0.7893522847754187 0
vn -0.6139405268589346 -0.7893522847754187 0
vn -0.567207217538017 -0.72926652472827 0.38268303892847433
vn -0.567207217538017 -0.72926652472827 0.38268303892847433
vn -0.567207217538017 -0.72926652472827 0.38268303892847433
vn -0.5672071459855311 -0.7292665689714 0.38268306066983276
vn -0.5672071459855311 -0.7292665689714 0.38268306066983276
vn -0.5672071459855311 -0.7292665689714 0.38268306066983276
vn -0.23494432106519894 -0.3020713721203643 0.9238798905401788
vn -0.23494432106519894 -0.3020713721203643 0.9238798905401788
vn -0.23494432106519894 -0.3020713721203643 0.9238798905401788
vn -0.23494437737973742 -0.3020713678902249 0.9238798776023731
vn -0.23494437737973742 -0.3020713678902249 0.9238798776023731
vn -0.23494437737973742 -0.3020713678902249 0.9238798776023731
vn -0.1583555145268322 -0.34838216474158445 -0.9238795366869588
vn -0.1583555145268322 -0.34838216474158445 -0.9238795366869588
vn -0.1583555145268322 -0.34838216474158445 -0.9238795366869588
vn -0.15835550707544174 -0.34838221093340516 -0.9238795205458513
vn -0.15835550707544174 -0.34838221093340516 -0.9238795205458513
vn -0.15835550707544174 -0.34838221093340516 -0.9238795205458513
vn -0.38230401332524405 -0.8410689842876136 -0.3826834266921075
vn -0.38230401332524405 -0.8410689842876136 -0.3826834266921075
vn -0.38230401332524405 -0.8410689842876136 -0.3826834266921075
vn -0.3823040089651222 -0.8410689746953437 -0.3826834521299805
vn -0.3823040089651222 -0.8410689746953437 -0.3826834521299805
vn -0.3823040089651222 -0.8410689746953437 -0.3826834521299805
vn -0.41380290163895384 -0.9103664968545262 0
vn -0.41380290163895384 -0.9103664968545262 0
vn -0.41380290163895384 -0.9103664968545262 0
vn -0.41380290163895384 -0.9103664968545262 0
vn -0.41380290163895384 -0.9103664968545262 0
vn -0.41380290163895384 -0.9103664968545262 0
vn -0.38230407820868806 -0.8410691151102634 0.3826830743482706
vn -0.38230407820868806 -0.8410691151102634 0.3826830743482706
vn -0.38230407820868806 -0.8410691151102634 0.3826830743482706
vn -0.38230407820868806 -0.8410691151102634 0.3826830743482706
vn -0.38230407820868806 -0.8410691151102634 0.3826830743482706
vn -0.38230407820868806 -0.8410691151102634 0.3826830743482706
vn -0.15835515048590135 -0.3483814085550231 0.9238798842316059
vn -0.15835515048590135 -0.3483814085550231 0.9238798842316059
vn -0.15835515048590135 -0.3483814085550231 0.9238798842316059
vn -0.15835519406838514 -0.3483814060888213 0.9238798776914343
vn -0.15835519406838514 -0.3483814060888213 0.9238798776914343
vn -0.15835519406838514 -0.3483814060888213 0.9238798776914343
vn -0.08605002044606737 -0.37288338716358177 -0.9238795232922123
vn -0.08605002044606737 -0.37288338716358177 -0.9238795232922123
vn -0.08605002044606737 -0.37288338716358177 -0.9238795232922123
vn -0.08605004263230373 -0.3728833864463898 -0.9238795215152522
vn -0.08605004263230373 -0.3728833864463898 -0.9238795215152522
vn -0.08605004263230373 -0.3728833864463898 -0.9238795215152522
vn -0.20774317147312948 -0.9002200520890196 -0.38268346256812397
vn -0.20774317147312948 -0.9002200520890196 -0.38268346256812397
vn -0.20774317147312948 -0.9002200520890196 -0.38268346256812397
vn -0.20774302485334345 -0.9002201220582595 -0.38268337756714194
vn -0.20774302485334345 -0.9002201220582595 -0.38268337756714194
vn -0.20774302485334345 -0.9002201220582595 -0.38268337756714194
vn -0.22485940113491315 -0.9743912200555014 0
vn -0.22485940113491315 -0.9743912200555014 0
vn -0.22485940113491315 -0.9743912200555014 0
vn -0.22485940113491315 -0.9743912200555014 0
vn -0.22485940113491315 -0.9743912200555014 0
vn -0.22485940113491315 -0.9743912200555014 0
vn -0.207743029363398 -0.9002202558440452 0.38268306040246985
vn -0.207743029363398 -0.9002202558440452 0.38268306040246985
vn -0.207743029363398 -0.9002202558440452 0.38268306040246985
vn -0.2077432020876461 -0.9002202344224619 0.3826830170294196
vn -0.2077432020876461 -0.9002202344224619 0.3826830170294196
vn -0.2077432020876461 -0.9002202344224619 0.3826830170294196
vn -0.0860498560907668 -0.3728825507809343 0.9238798761689002
vn -0.0860498560907668 -0.3728825507809343 0.9238798761689002
vn -0.0860498560907668 -0.3728825507809343 0.9238798761689002
vn -0.08604981171829269 -0.37288255221531175 0.9238798797228143
vn -0.08604981171829269 -0.37288255221531175 0.9238798797228143
vn -0.08604981171829269 -0.37288255221531175 0.9238798797228143
vn -0.025455724831797994 -0.381835883652841 -0.9238795181344492
vn -0.025455724831797994 -0.381835883652841 -0.9238795181344492
vn -0.025455724831797994 -0.381835883652841 -0.9238795181344492
vn -0.025455721108921605 -0.3818358836890504 -0.9238795182220607
vn -0.025455721108921605 -0.3818358836890504 -0.9238795182220607
vn -0.025455721108921605 -0.3818358836890504 -0.9238795182220607
vn -0.06145554544082691 -0.9218332970964054 -0.38268340478643786
vn -0.06145554544082691 -0.9218332970964054 -0.38268340478643786
vn -0.06145554544082691 -0.9218332970964054 -0.38268340478643786
vn -0.06145559298580451 -0.921833283839454 -0.38268342908536274
vn -0.06145559298580451 -0.921833283839454 -0.38268342908536274
vn -0.06145559298580451 -0.921833283839454 -0.38268342908536274
vn -0.06651905948002264 -0.9977851545928579 0
vn -0.06651905948002264 -0.9977851545928579 0
vn -0.06651905948002264 -0.9977851545928579 0
vn -0.06651905948002264 -0.9977851545928579 0
vn -0.06651905948002264 -0.9977851545928579 0
vn -0.06651905948002264 -0.9977851545928579 0
vn -0.06145560611125422 -0.9218334360177346 0.38268306040016403
vn -0.06145560611125422 -0.9218334360177346 0.38268306040016403
vn -0.06145560611125422 -0.9218334360177346 0.38268306040016403
vn -0.06145555044294531 -0.921833439183401 0.3826830617143352
vn -0.06145555044294531 -0.921833439183401 0.3826830617143352
vn -0.06145555044294531 -0.921833439183401 0.3826830617143352
vn -0.0254556652556643 -0.3818350198131584 0.9238798767971281
vn -0.0254556652556643 -0.3818350198131584 0.9238798767971281
vn -0.0254556652556643 -0.3818350198131584 0.9238798767971281
vn -0.0254556671171025 -0.38183501979505374 0.9238798767533224
vn -0.0254556671171025 -0.38183501979505374 0.9238798767533224
vn -0.0254556671171025 -0.38183501979505374 0.9238798767533224
vn 0 -0.3826834159879129 -0.9238795392949354
vn 0 -0.3826834159879129 -0.9238795392949354
vn 0 -0.3826834159879129 -0.9238795392949354
vn 0 -0.3826834370613369 -0.9238795305660377
vn 0 -0.3826834370613369 -0.9238795305660377
vn 0 -0.3826834370613369 -0.9238795305660377
vn 0 -0.9238795305660377 -0.3826834370613369
vn 0 -0.9238795305660377 -0.3826834370613369
vn 0 -0.9238795305660377 -0.3826834370613369
vn 0 -0.9238795200293247 -0.38268346249921037
vn 0 -0.9238795200293247 -0.38268346249921037
vn 0 -0.9238795200293247 -0.38268346249921037
vn 0 -1 0
vn 0 -1 0
vn 0 -1 0
vn 0 -1 0
vn 0 -1 0
vn 0 -1 0
vn 0 -0.9238796726565017 0.3826830940244355
vn 0 -0.9238796726565017 0.3826830940244355
vn 0 -0.9238796726565017 0.3826830940244355
vn 0 -0.9238796831932059 0.3826830685865544
vn 0 -0.9238796831932059 0.3826830685865544
vn 0 -0.9238796831932059 0.3826830685865544
vn 0 -0.3826825983601677 0.9238798779669956
vn 0 -0.3826825983601677 0.9238798779669956
vn 0 -0.3826825983601677 0.9238798779669956
vn 0 -0.3826825983601677 0.9238798779669956
vn 0 -0.3826825983601677 0.9238798779669956
vn 0 -0.3826825983601677 0.9238798779669956
f 1/1/1 2/2/2 3/3/3
f 4/4/4 5/5/5 6/6/6
f 7/7/7 8/8/8 9/9/9
f 10/10/10 11/11/11 12/12/12
f 13/13/13 14/14/14 15/15/15
f 16/16/16 17/17/17 18/18/18
f 19/19/19 20/20/20 21/21/21
f 22/22/22 23/23/23 24/24/24
f 25/25/25 26/26/26 27/27/27
f 28/28/28 29/29/29 30/30/30
f 31/31/31 32/32/32 33/33/33
f 34/34/34 35/35/35 36/36/36
f 37/37/37 38/38/38 39/39/39
f 40/40/40 41/41/41 42/42/42
f 43/43/43 44/44/44 45/45/45
f 46/46/46 47/47/47 48/48/48
f 49/49/49 50/50/50 51/51/51
f 52/52/52 53/53/53 54/54/54
f 55/55/55 56/56/56 57/57/57
f 58/58/58 59/59/59 60/60/60
f 61/61/61 62/62/62 63/63/63
f 64/64/64 65/65/65 66/66/66
f 67/67/67 68/68/68 69/69/69
f 70/70/70 71/71/71 72/72/72
f 73/73/73 74/74/74 75/75/75
f 76/76/76 77/77/77 78/78/78
f 79/79/79 80/80/80 81/81/81
f 82/82/82 83/83/83 84/84/84
f 85/85/85 86/86/86 87/87/87
f 88/88/88 89/89/89 90/90/90
f 91/91/91 92/92/92 93/93/93
f 94/94/94 95/95/95 96/96/96
f 97/97/97 98/98/98 99/99/99
f 100/100/100 101/101/101 102/102/102
f 103/103/103 104/104/104 105/105/105
f 106/106/106 107/107/107 108/108/108
f 109/109/109 110/110/110 111/111/111
f 112/112/112 113/113/113 114/114/114
f 115/115/115 116/116/116 117/117/117
f 118/118/118 119/119/119 120/120/120
f 121/121/121 122/122/122 123/123/123
f 124/124/124 125/125/125 126/126/126
f 127/127/127 128/128/128 129/129/129
f 130/130/130 131/131/131 132/132/132
f 133/133/133 134/134/134 135/135/135
f 136/136/136 137/137/137 138/138/138
f 139/139/139 140/140/140 141/141/141
f 142/142/142 143/143/143 144/144/144
f 145/145/145 146/146/146 147/147/147
f 148/148/148 149/149/149 150/150/150
f 151/151/151 152/152/152 153/153/153
f 154/154/154 155/155/155 156/156/156
f 157/157/157 158/158/158 159/159/159
f 160/160/160 161/161/161 162/162/162
f 163/163/163 164/164/164 165/165/165
f 166/166/166 167/167/167 168/168/168
f 169/169/169 170/170/170 171/171/171
f 172/172/172 173/173/173 174/174/174
f 175/175/175 176/176/176 177/177/177
f 178/178/178 179/179/179 180/180/180
f 181/181/181 182/182/182 183/183/183
f 184/184/184 185/185/185 186/186/186
f 187/187/187 188/188/188 189/189/189
f 190/190/190 191/191/191 192/192/192
f 193/193/193 194/194/194 195/195/195
f 196/196/196 197/197/197 198/198/198
f 199/199/199 200/200/200 201/201/201
f 202/202/202 203/203/203 204/204/204
f 205/205/205 206/206/206 207/207/207
f 208/208/208 209/209/209 210/210/210
f 211/211/211 212/212/212 213/213/213
f 214/214/214 215/215/215 216/216/216
f 217/217/217 218/218/218 219/219/219
f 220/220/220 221/221/221 222/222/222
f 223/223/223 224/224/224 225/225/225
f 226/226/226 227/227/227 228/228/228
f 229/229/229 230/230/230 231/231/231
f 232/232/232 233/233/233 234/234/234
f 235/235/235 236/236/236 237/237/237
f 238/238/238 239/239/239 240/240/240
f 241/241/241 242/242/242 243/243/243
f 244/244/244 245/245/245 246/246/246
f 247/247/247 248/248/248 249/249/249
f 250/250/250 251/251/251 252/252/252
f 253/253/253 254/254/254 255/255/255
f 256/256/256 257/257/257 258/258/258
f 259/259/259 260/260/260 261/261/261
f 262/262/262 263/263/263 264/264/264
f 265/265/265 266/266/266 267/267/267
f 268/268/268 269/269/269 270/270/270
f 271/271/271 272/272/272 273/273/273
f 274/274/274 275/275/275 276/276/276
f 277/277/277 278/278/278 279/279/279
f 280/280/280 281/281/281 282/282/282
f 283/283/283 284/284/284 285/285/285
f 286/286/286 287/287/287 288/288/288
f 289/289/289 290/290/290 291/291/291
f 292/292/292 293/293/293 294/294/294
f 295/295/295 296/296/296 297/297/297
f 298/298/298 299/299/299 300/300/300
f 301/301/301 302/302/302 303/303/303
f 304/304/304 305/305/305 306/306/306
f 307/307/307 308/308/308 309/309/309
f 310/310/310 311/311/311 312/312/312
f 313/313/313 314/314/314 315/315/315
f 316/316/316 317/317/317 318/318/318
f 319/319/319 320/320/320 321/321/321
f 322/322/322 323/323/323 324/324/324
f 325/325/325 326/326/326 327/327/327
f 328/328/328 329/329/329 330/330/330
f 331/331/331 332/332/332 333/333/333
f 334/334/334 335/335/335 336/336/336
f 337/337/337 338/338/338 339/339/339
f 340/340/340 341/341/341 342/342/342
f 343/343/343 344/344/344 345/345/345
f 346/346/346 347/347/347 348/348/348
f 349/349/349 350/350/350 351/351/351
f 352/352/352 353/353/353 354/354/354
f 355/355/355 356/356/356 357/357/357
f 358/358/358 359/359/359 360/360/360
f 361/361/361 362/362/362 363/363/363
f 364/364/364 365/365/365 366/366/366
f 367/367/367 368/368/368 369/369/369
f 370/370/370 371/371/371 372/372/372
f 373/373/373 374/374/374 375/375/375
f 376/376/376 377/377/377 378/378/378
f 379/379/379 380/380/380 381/381/381
f 382/382/382 383/383/383 384/384/384
f 385/385/385 386/386/386 387/387/387
f 388/388/388 389/389/389 390/390/390
f 391/391/391 392/392/392 393/393/393
f 394/394/394 395/395/395 396/396/396
f 397/397/397 398/398/398 399/399/399
f 400/400/400 401/401/401 402/402/402
f 403/403/403 404/404/404 405/405/405
f 406/406/406 407/407/407 408/408/408
f 409/409/409 410/410/410 411/411/411
f 412/412/412 413/413/413 414/414/414
f 415/415/415 416/416/416 417/417/417
f 418/418/418 419/419/419 420/420/420
f 421/421/421 422/422/422 423/423/423
f 424/424/424 425/425/425 426/426/426
f 427/427/427 428/428/428 429/429/429
f 430/430/430 431/431/431 432/432/432
f 433/433/433 434/434/434 435/435/435
f 436/436/436 437/437/437 438/438/438
f 439/439/439 440/440/440 441/441/441
f 442/442/442 443/443/443 444/444/444
f 445/445/445 446/446/446 447/447/447
f 448/448/448 449/449/449 450/450/450
f 451/451/451 452/452/452 453/453/453
f 454/454/454 455/455/455 456/456/456
f 457/457/457 458/458/458 459/459/459
f 460/460/460 461/461/461 462/462/462
f 463/463/463 464/464/464 465/465/465
f 466/466/466 467/467/467 468/468/468
f 469/469/469 470/470/470 471/471/471
f 472/472/472 473/473/473 474/474/474
f 475/475/475 476/476/476 477/477/477
f 478/478/478 479/479/479 480/480/480
f 481/481/481 482/482/482 483/483/483
f 484/484/484 485/485/485 486/486/486
f 487/487/487 488/488/488 489/489/489
f 490/490/490 491/491/491 492/492/492
f 493/493/493 494/494/494 495/495/495
f 496/496/496 497/497/497 498/498/498
f 499/499/499 500/500/500 501/501/501
f 502/502/502 503/503/503 504/504/504
f 505/505/505 506/506/506 507/507/507
f 508/508/508 509/509/509 510/510/510
f 511/511/511 512/512/512 513/513/513
f 514/514/514 515/515/515 516/516/516
f 517/517/517 518/518/518 519/519/519
f 520/520/520 521/521/521 522/522/522
f 523/523/523 524/524/524 525/525/525
f 526/526/526 527/527/527 528/528/528
f 529/529/529 530/530/530 531/531/531
f 532/532/532 533/533/533 534/534/534
f 535/535/535 536/536/536 537/537/537
f 538/538/538 539/539/539 540/540/540
f 541/541/541 542/542/542 543/543/543
f 544/544/544 545/545/545 546/546/546
f 547/547/547 548/548/548 549/549/549
f 550/550/550 551/551/551 552/552/552
f 553/553/553 554/554/554 555/555/555
f 556/556/556 557/557/557 558/558/558
f 559/559/559 560/560/560 561/561/561
f 562/562/562 563/563/563 564/564/564
f 565/565/565 566/566/566 567/567/567
f 568/568/568 569/569/569 570/570/570
f 571/571/571 572/572/572 573/573/573
f 574/574/574 575/575/575 576/576/576
f 577/577/577 578/578/578 579/579/579
f 580/580/580 581/581/581 582/582/582
f 583/583/583 584/584/584 585/585/585
f 586/586/586 587/587/587 588/588/588
f 589/589/589 590/590/590 591/591/591
f 592/592/592 593/593/593 594/594/594
f 595/595/595 596/596/596 597/597/597
f 598/598/598 599/599/599 600/600/600
f 601/601/601 602/602/602 603/603/603
f 604/604/604 605/605/605 606/606/606
f 607/607/607 608/608/608 609/609/609
f 610/610/610 611/611/611 612/612/612
f 613/613/613 614/614/614 615/615/615
f 616/616/616 617/617/617 618/618/618
f 619/619/619 620/620/620 621/621/621
f 622/622/622 623/623/623 624/624/624
f 625/625/625 626/626/626 627/627/627
f 628/628/628 629/629/629 630/630/630
f 631/631/631 632/632/632 633/633/633
f 634/634/634 635/635/635 636/636/636
f 637/637/637 638/638/638 639/639/639
f 640/640/640 641/641/641 642/642/642
f 643/643/643 644/644/644 645/645/645
f 646/646/646 647/647/647 648/648/648
f 649/649/649 650/650/650 651/651/651
f 652/652/652 653/653/653 654/654/654
f 655/655/655 656/656/656 657/657/657
f 658/658/658 659/659/659 660/660/660
f 661/661/661 662/662/662 663/663/663
f 664/664/664 665/665/665 666/666/666
f 667/667/667 668/668/668 669/669/669
f 670/670/670 671/671/671 672/672/672
f 673/673/673 674/674/674 675/675/675
f 676/676/676 677/677/677 678/678/678
f 679/679/679 680/680/680 681/681/681
f 682/682/682 683/683/683 684/684/684
f 685/685/685 686/686/686 687/687/687
f 688/688/688 689/689/689 690/690/690
f 691/691/691 692/692/692 693/693/693
f 694/694/694 695/695/695 696/696/696
f 697/697/697 698/698/698 699/699/699
f 700/700/700 701/701/701 702/702/702
f 703/703/703 704/704/704 705/705/705
f 706/706/706 707/707/707 708/708/708
f 709/709/709 710/710/710 711/711/711
f 712/712/712 713/713/713 714/714/714
f 715/715/715 716/716/716 717/717/717
f 718/718/718 719/719/719 720/720/720
f 721/721/721 722/722/722 723/723/723
f 724/724/724 725/725/725 726/726/726
f 727/727/727 728/728/728 729/729/729
f 730/730/730 731/731/731 732/732/732
f 733/733/733 734/734/734 735/735/735
f 736/736/736 737/737/737 738/738/738
f 739/739/739 740/740/740 741/741/741
f 742/742/742 743/743/743 744/744/744
f 745/745/745 746/746/746 747/747/747
f 748/748/748 749/749/749 750/750/750
f 751/751/751 752/752/752 753/753/753
f 754/754/754 755/755/755 756/756/756
f 757/757/757 758/758/758 759/759/759
f 760/760/760 761/761/761 762/762/762
f 763/763/763 764/764/764 765/765/765
f 766/766/766 767/767/767 768/768/768
f 769/769/769 770/770/770 771/771/771
f 772/772/772 773/773/773 774/774/774
f 775/775/775 776/776/776 777/777/777
f 778/778/778 779/779/779 780/780/780
f 781/781/781 782/782/782 783/783/783
f 784/784/784 785/785/785 786/786/786
f 787/787/787 788/788/788 789/789/789
f 790/790/790 791/791/791 792/792/792
f 793/793/793 794/794/794 795/795/795
f 796/796/796 797/797/797 798/798/798
f 799/799/799 800/800/800 801/801/801
f 802/802/802 803/803/803 804/804/804
f 805/805/805 806/806/806 807/807/807
f 808/808/808 809/809/809 810/810/810
f 811/811/811 812/812/812 813/813/813
f 814/814/814 815/815/815 816/816/816
f 817/817/817 818/818/818 819/819/819
f 820/820/820 821/821/821 822/822/822
f 823/823/823 824/824/824 825/825/825
f 826/826/826 827/827/827 828/828/828
f 829/829/829 830/830/830 831/831/831
f 832/832/832 833/833/833 834/834/834
f 835/835/835 836/836/836 837/837/837
f 838/838/838 839/839/839 840/840/840
f 841/841/841 842/842/842 843/843/843
f 844/844/844 845/845/845 846/846/846
f 847/847/847 848/848/848 849/849/849
f 850/850/850 851/851/851 852/852/852
f 853/853/853 854/854/854 855/855/855
f 856/856/856 857/857/857 858/858/858
f 859/859/859 860/860/860 861/861/861
f 862/862/862 863/863/863 864/864/864
f 865/865/865 866/866/866 867/867/867
f 868/868/868 869/869/869 870/870/870
f 871/871/871 872/872/872 873/873/873
f 874/874/874 875/875/875 876/876/876
f 877/877/877 878/878/878 879/879/879
f 880/880/880 881/881/881 882/882/882
f 883/883/883 884/884/884 885/885/885
f 886/886/886 887/887/887 888/888/888
f 889/889/889 890/890/890 891/891/891
f 892/892/892 893/893/893 894/894/894
f 895/895/895 896/896/896 897/897/897
f 898/898/898 899/899/899 900/900/900
f 901/901/901 902/902/902 903/903/903
f 904/904/904 905/905/905 906/906/906
f 907/907/907 908/908/908 909/909/909
f 910/910/910 911/911/911 912/912/912
f 913/913/913 914/914/914 915/915/915
f 916/916/916 917/917/917 918/918/918
f 919/919/919 920/920/920 921/921/921
f 922/922/922 923/923/923 924/924/924
f 925/925/925 926/926/926 927/927/927
f 928/928/928 929/929/929 930/930/930
f 931/931/931 932/932/932 933/933/933
f 934/934/934 935/935/935 936/936/936
f 937/937/937 938/938/938 939/939/939
f 940/940/940 941/941/941 942/942/942
f 943/943/943 944/944/944 945/945/945
f 946/946/946 947/947/947 948/948/948
f 949/949/949 950/950/950 951/951/951
f 952/952/952 953/953/953 954/954/954
f 955/955/955 956/956/956 957/957/957
f 958/958/958 959/959/959 960/960/960
f 961/961/961 962/962/962 963/963/963
f 964/964/964 965/965/965 966/966/966
f 967/967/967 968/968/968 969/969/969
f 970/970/970 971/971/971 972/972/972
f 973/973/973 974/974/974 975/975/975
f 976/976/976 977/977/977 978/978/978
f 979/979/979 980/980/980 981/981/981
f 982/982/982 983/983/983 984/984/984
f 985/985/985 986/986/986 987/987/987
f 988/988/988 989/989/989 990/990/990
f 991/991/991 992/992/992 993/993/993
f 994/994/994 995/995/995 996/996/996
f 997/997/997 998/998/998 999/999/999
f 1000/1000/1000 1001/1001/1001 1002/1002/1002
f 1003/1003/1003 1004/1004/1004 1005/1005/1005
f 1006/1006/1006 1007/1007/1007 1008/1008/1008
f 1009/1009/1009 1010/1010/1010 1011/1011/1011
f 1012/1012/1012 1013/1013/1013 1014/1014/1014
f 1015/1015/1015 1016/1016/1016 1017/1017/1017
f 1018/1018/1018 1019/1019/1019 1020/1020/1020
f 1021/1021/1021 1022/1022/1022 1023/1023/1023
f 1024/1024/1024 1025/1025/1025 1026/1026/1026
f 1027/1027/1027 1028/1028/1028 1029/1029/1029
f 1030/1030/1030 1031/1031/1031 1032/1032/1032
f 1033/1033/1033 1034/1034/1034 1035/1035/1035
f 1036/1036/1036 1037/1037/1037 1038/1038/1038
f 1039/1039/1039 1040/1040/1040 1041/1041/1041
f 1042/1042/1042 1043/1043/1043 1044/1044/1044
f 1045/1045/1045 1046/1046/1046 1047/1047/1047
f 1048/1048/1048 1049/1049/1049 1050/1050/1050
f 1051/1051/1051 1052/1052/1052 1053/1053/1053
f 1054/1054/1054 1055/1055/1055 1056/1056/1056
f 1057/1057/1057 1058/1058/1058 1059/1059/1059
f 1060/1060/1060 1061/1061/1061 1062/1062/1062
f 1063/1063/1063 1064/1064/1064 1065/1065/1065
f 1066/1066/1066 1067/1067/1067 1068/1068/1068
f 1069/1069/1069 1070/1070/1070 1071/1071/1071
f 1072/1072/1072 1073/1073/1073 1074/1074/1074
f 1075/1075/1075 1076/1076/1076 1077/1077/1077
f 1078/1078/1078 1079/1079/1079 1080/1080/1080
f 1081/1081/1081 1082/1082/1082 1083/1083/1083
f 1084/1084/1084 1085/1085/1085 1086/1086/1086
f 1087/1087/1087 1088/1088/1088 1089/1089/1089
f 1090/1090/1090 1091/1091/1091 1092/1092/1092
f 1093/1093/1093 1094/1094/1094 1095/1095/1095
f 1096/1096/1096 1097/1097/1097 1098/1098/1098
f 1099/1099/1099 1100/1100/1100 1101/1101/1101
f 1102/1102/1102 1103/1103/1103 1104/1104/1104
f 1105/1105/1105 1106/1106/1106 1107/1107/1107
f 1108/1108/1108 1109/1109/1109 1110/1110/1110
f 1111/1111/1111 1112/1112/1112 1113/1113/1113
f 1114/1114/1114 1115/1115/1115 1116/1116/1116
f 1117/1117/1117 1118/1118/1118 1119/1119/1119
f 1120/1120/1120 1121/1121/1121 1122/1122/1122
f 1123/1123/1123 1124/1124/1124 1125/1125/1125
f 1126/1126/1126 1127/1127/1127 1128/1128/1128
f 1129/1129/1129 1130/1130/1130 1131/1131/1131
f 1132/1132/1132 1133/1133/1133 1134/1134/1134
f 1135/1135/1135 1136/1136/1136 1137/1137/1137
f 1138/1138/1138 1139/1139/1139 1140/1140/1140
f 1141/1141/1141 1142/1142/1142 1143/1143/1143
f 1144/1144/1144 1145/1145/1145 1146/1146/1146
f 1147/1147/1147 1148/1148/1148 1149/1149/1149
f 1150/1150/1150 1151/1151/1151 1152/1152/1152
f 1153/1153/1153 1154/1154/1154 1155/1155/1155
f 1156/1156/1156 1157/1157/1157 1158/1158/1158
f 1159/1159/1159 1160/1160/1160 1161/1161/1161
f 1162/1162/1162 1163/1163/1163 1164/1164/1164
f 1165/1165/1165 1166/1166/1166 1167/1167/1167
f 1168/1168/1168 1169/1169/1169 1170/1170/1170
f 1171/1171/1171 1172/1172/1172 1173/1173/1173
f 1174/1174/1174 1175/1175/1175 1176/1176/1176
f 1177/1177/1177 1178/1178/1178 1179/1179/1179
f 1180/1180/1180 1181/1181/1181 1182/1182/1182
f 1183/1183/1183 1184/1184/1184 1185/1185/1185
f 1186/1186/1186 1187/1187/1187 1188/1188/1188
f 1189/1189/1189 1190/1190/1190 1191/1191/1191
f 1192/1192/1192 1193/1193/1193 1194/1194/1194
f 1195/1195/1195 1196/1196/1196 1197/1197/1197
f 1198/1198/1198 1199/1199/1199 1200/1200/1200
f 1201/1201/1201 1202/1202/1202 1203/1203/1203
f 1204/1204/1204 1205/1205/1205 1206/1206/1206
f 1207/1207/1207 1208/1208/1208 1209/1209/1209
f 1210/1210/1210 1211/1211/1211 1212/1212/1212
f 1213/1213/1213 1214/1214/1214 1215/1215/1215
f 1216/1216/1216 1217/1217/1217 1218/1218/1218
f 1219/1219/1219 1220/1220/1220 1221/1221/1221
f 1222/1222/1222 1223/1223/1223 1224/1224/1224
f 1225/1225/1225 1226/1226/1226 1227/1227/1227
f 1228/1228/1228 1229/1229/1229 1230/1230/1230
f 1231/1231/1231 1232/1232/1232 1233/1233/1233
f 1234/1234/1234 1235/1235/1235 1236/1236/1236
f 1237/1237/1237 1238/1238/1238 1239/1239/1239
f 1240/1240/1240 1241/1241/1241 1242/1242/1242
f 1243/1243/1243 1244/1244/1244 1245/1245/1245
f 1246/1246/1246 1247/1247/1247 1248/1248/1248
f 1249/1249/1249 1250/1250/1250 1251/1251/1251
f 1252/1252/1252 1253/1253/1253 1254/1254/1254
f 1255/1255/1255 1256/1256/1256 1257/1257/1257
f 1258/1258/1258 1259/1259/1259 1260/1260/1260
f 1261/1261/1261 1262/1262/1262 1263/1263/1263
f 1264/1264/1264 1265/1265/1265 1266/1266/1266
f 1267/1267/1267 1268/1268/1268 1269/1269/1269
f 1270/1270/1270 1271/1271/1271 1272/1272/1272
f 1273/1273/1273 1274/1274/1274 1275/1275/1275
f 1276/1276/1276 1277/1277/1277 1278/1278/1278
f 1279/1279/1279 1280/1280/1280 1281/1281/1281
f 1282/1282/1282 1283/1283/1283 1284/1284/1284
