mtllib jaro-letter-b.mtl
o B
usemtl plastic
v -1.385812 -7.551371 -2.873884
v -1.391221 -7.703739 -2.873884
v -5.937184 -19.382160 -2.873884
v -5.937184 -19.382160 -2.873884
v -1.391221 -7.703739 -2.873884
v -1.385812 -7.859170 -2.873884
v -1.385710 -14.125789 -2.873884
v -1.391221 -14.287547 -2.873884
v -5.937184 -19.382160 -2.873884
v -5.937184 -19.382160 -2.873884
v -1.391221 -14.287547 -2.873884
v -1.385710 -14.449203 -2.873884
v -5.916773 -19.525038 -2.873884
v -5.932081 -19.458702 -2.873884
v -5.937184 -19.382160 -2.873884
v -5.855539 -19.627093 -2.873884
v -5.891259 -19.581168 -2.873884
v -5.916773 -19.525038 -2.873884
v -5.753483 -19.688327 -2.873884
v -5.809614 -19.662813 -2.873884
v -5.855539 -19.627093 -2.873884
v -5.610606 -19.708738 -2.873884
v -5.687147 -19.703635 -2.873884
v -5.753483 -19.688327 -2.873884
v 2.666916 -19.705268 -2.873884
v 2.593027 -19.708738 -2.873884
v -5.610606 -19.708738 -2.873884
v 2.807344 -19.677509 -2.873884
v 2.738354 -19.694858 -2.873884
v 2.666916 -19.705268 -2.873884
v 2.937975 -19.621991 -2.873884
v 2.873884 -19.653220 -2.873884
v 2.807344 -19.677509 -2.873884
v 3.058808 -19.538713 -2.873884
v 2.999616 -19.583822 -2.873884
v 2.937975 -19.621991 -2.873884
v 5.728174 -16.874043 -2.873884
v 3.115552 -19.486665 -2.873884
v 3.058808 -19.538713 -2.873884
v 5.819615 -16.763007 -2.873884
v 5.777161 -16.820158 -2.873884
v 5.728174 -16.874043 -2.873884
v 5.884931 -16.638907 -2.873884
v 5.855538 -16.702590 -2.873884
v 5.819615 -16.763007 -2.873884
v 5.924120 -16.501744 -2.873884
v 5.907791 -16.571958 -2.873884
v 5.884931 -16.638907 -2.873884
v 5.937183 -16.351519 -2.873884
v 5.933917 -16.428264 -2.873884
v 5.924120 -16.501744 -2.873884
v 5.936367 -13.625717 -2.873884
v 5.937183 -13.660518 -2.873884
v 5.937183 -16.351519 -2.873884
v 5.929836 -13.562851 -2.873884
v 5.933917 -13.593161 -2.873884
v 5.936367 -13.625717 -2.873884
v 5.916772 -13.508965 -2.873884
v 5.924120 -13.534786 -2.873884
v 5.929836 -13.562851 -2.873884
v 5.897178 -13.464061 -2.873884
v 5.907791 -13.485390 -2.873884
v 5.916772 -13.508965 -2.873884
v 5.871051 -13.426505 -2.873884
v 5.884931 -13.444977 -2.873884
v 5.897178 -13.464061 -2.873884
v 5.838393 -13.386499 -2.873884
v 5.855538 -13.407012 -2.873884
v 5.871051 -13.426505 -2.873884
v 5.799203 -13.342411 -2.873884
v 5.819615 -13.364965 -2.873884
v 5.838393 -13.386499 -2.873884
v 5.753483 -13.294241 -2.873884
v 5.777161 -13.318836 -2.873884
v 5.799203 -13.342411 -2.873884
v 3.677265 -11.439789 -2.873884
v 5.728174 -13.268625 -2.873884
v 5.753483 -13.294241 -2.873884
v 5.753483 -8.749196 -2.873884
v 5.728174 -8.774914 -2.873884
v 3.677265 -10.603751 -2.873884
v 5.799203 -8.700209 -2.873884
v 5.777161 -8.724295 -2.873884
v 5.753483 -8.749196 -2.873884
v 5.838393 -8.654488 -2.873884
v 5.819615 -8.676941 -2.873884
v 5.799203 -8.700209 -2.873884
v 5.871051 -8.612034 -2.873884
v 5.855538 -8.632853 -2.873884
v 5.838393 -8.654488 -2.873884
v 5.897178 -8.571620 -2.873884
v 5.884931 -8.592031 -2.873884
v 5.871051 -8.612034 -2.873884
v 5.916772 -8.525899 -2.873884
v 5.907791 -8.549576 -2.873884
v 5.897178 -8.571620 -2.873884
v 5.929836 -8.473646 -2.873884
v 5.924120 -8.500589 -2.873884
v 5.916772 -8.525899 -2.873884
v 5.936367 -8.414862 -2.873884
v 5.933917 -8.445070 -2.873884
v 5.929836 -8.473646 -2.873884
v 5.937183 -5.639768 -2.873884
v 5.937183 -8.383021 -2.873884
v 5.936367 -8.414862 -2.873884
v 5.924120 -5.494441 -2.873884
v 5.933917 -5.565879 -2.873884
v 5.937183 -5.639768 -2.873884
v 5.884931 -5.358911 -2.873884
v 5.907791 -5.425451 -2.873884
v 5.924120 -5.494441 -2.873884
v 5.819615 -5.233179 -2.873884
v 5.855538 -5.294820 -2.873884
v 5.884931 -5.358911 -2.873884
v 5.728174 -5.117244 -2.873884
v 5.777161 -5.173986 -2.873884
v 5.819615 -5.233179 -2.873884
v 3.058808 -2.455635 -2.873884
v 3.115552 -2.504622 -2.873884
v 5.728174 -5.117244 -2.873884
v 2.937975 -2.377256 -2.873884
v 2.999616 -2.413180 -2.873884
v 3.058808 -2.455635 -2.873884
v 2.807344 -2.325004 -2.873884
v 2.873884 -2.347864 -2.873884
v 2.937975 -2.377256 -2.873884
v 2.666916 -2.298877 -2.873884
v 2.738354 -2.308675 -2.873884
v 2.807344 -2.325004 -2.873884
v -5.610606 -2.295612 -2.873884
v 2.593027 -2.295612 -2.873884
v 2.666916 -2.298877 -2.873884
v -5.753483 -2.316022 -2.873884
v -5.687147 -2.300715 -2.873884
v -5.610606 -2.295612 -2.873884
v -5.855539 -2.377256 -2.873884
v -5.809614 -2.341537 -2.873884
v -5.753483 -2.316022 -2.873884
v -5.916773 -2.479311 -2.873884
v -5.891259 -2.423182 -2.873884
v -5.855539 -2.377256 -2.873884
v -5.937184 -2.622190 -2.873884
v -5.932081 -2.545647 -2.873884
v -5.916773 -2.479311 -2.873884
v -1.385812 -7.551371 -2.873884
v -5.937184 -19.382160 -2.873884
v -5.937184 -2.622190 -2.873884
v -5.937184 -19.382160 -2.873884
v -1.385812 -7.859170 -2.873884
v -1.369586 -8.005415 -2.873884
v -1.369177 -13.973624 -2.873884
v -1.385710 -14.125789 -2.873884
v -5.937184 -19.382160 -2.873884
v -5.937184 -19.382160 -2.873884
v -1.385710 -14.449203 -2.873884
v -1.369177 -14.601062 -2.873884
v -5.855539 -19.627093 -2.873884
v -5.916773 -19.525038 -2.873884
v -5.937184 -19.382160 -2.873884
v -5.610606 -19.708738 -2.873884
v -5.753483 -19.688327 -2.873884
v -5.855539 -19.627093 -2.873884
v 2.807344 -19.677509 -2.873884
v 2.666916 -19.705268 -2.873884
v -5.610606 -19.708738 -2.873884
v 3.058808 -19.538713 -2.873884
v 2.937975 -19.621991 -2.873884
v 2.807344 -19.677509 -2.873884
v 5.819615 -16.763007 -2.873884
v 5.728174 -16.874043 -2.873884
v 3.058808 -19.538713 -2.873884
v 5.924120 -16.501744 -2.873884
v 5.884931 -16.638907 -2.873884
v 5.819615 -16.763007 -2.873884
v 5.936367 -13.625717 -2.873884
v 5.937183 -16.351519 -2.873884
v 5.924120 -16.501744 -2.873884
v 5.916772 -13.508965 -2.873884
v 5.929836 -13.562851 -2.873884
v 5.936367 -13.625717 -2.873884
v 5.871051 -13.426505 -2.873884
v 5.897178 -13.464061 -2.873884
v 5.916772 -13.508965 -2.873884
v 5.799203 -13.342411 -2.873884
v 5.838393 -13.386499 -2.873884
v 5.871051 -13.426505 -2.873884
v 3.677265 -11.439789 -2.873884
v 5.753483 -13.294241 -2.873884
v 5.799203 -13.342411 -2.873884
v 5.799203 -8.700209 -2.873884
v 5.753483 -8.749196 -2.873884
v 3.677265 -10.603751 -2.873884
v 5.871051 -8.612034 -2.873884
v 5.838393 -8.654488 -2.873884
v 5.799203 -8.700209 -2.873884
v 5.916772 -8.525899 -2.873884
v 5.897178 -8.571620 -2.873884
v 5.871051 -8.612034 -2.873884
v 5.936367 -8.414862 -2.873884
v 5.929836 -8.473646 -2.873884
v 5.916772 -8.525899 -2.873884
v 5.924120 -5.494441 -2.873884
v 5.937183 -5.639768 -2.873884
v 5.936367 -8.414862 -2.873884
v 5.819615 -5.233179 -2.873884
v 5.884931 -5.358911 -2.873884
v 5.924120 -5.494441 -2.873884
v 3.058808 -2.455635 -2.873884
v 5.728174 -5.117244 -2.873884
v 5.819615 -5.233179 -2.873884
v 2.807344 -2.325004 -2.873884
v 2.937975 -2.377256 -2.873884
v 3.058808 -2.455635 -2.873884
v -5.610606 -2.295612 -2.873884
v 2.666916 -2.298877 -2.873884
v 2.807344 -2.325004 -2.873884
v -5.855539 -2.377256 -2.873884
v -5.753483 -2.316022 -2.873884
v -5.610606 -2.295612 -2.873884
v -5.937184 -2.622190 -2.873884
v -5.916773 -2.479311 -2.873884
v -5.855539 -2.377256 -2.873884
v -1.369586 -7.407778 -2.873884
v -1.385812 -7.551371 -2.873884
v -5.937184 -2.622190 -2.873884
v -5.937184 -19.382160 -2.873884
v -1.369586 -8.005415 -2.873884
v -1.342541 -8.142476 -2.873884
v -1.341622 -13.831053 -2.873884
v -1.369177 -13.973624 -2.873884
v -5.937184 -19.382160 -2.873884
v -5.937184 -19.382160 -2.873884
v -1.369177 -14.601062 -2.873884
v -1.341622 -14.743123 -2.873884
v -5.610606 -19.708738 -2.873884
v -5.855539 -19.627093 -2.873884
v -5.937184 -19.382160 -2.873884
v 3.058808 -19.538713 -2.873884
v 2.807344 -19.677509 -2.873884
v -5.610606 -19.708738 -2.873884
v 5.924120 -16.501744 -2.873884
v 5.819615 -16.763007 -2.873884
v 3.058808 -19.538713 -2.873884
v 5.916772 -13.508965 -2.873884
v 5.936367 -13.625717 -2.873884
v 5.924120 -16.501744 -2.873884
v 5.799203 -13.342411 -2.873884
v 5.871051 -13.426505 -2.873884
v 5.916772 -13.508965 -2.873884
v 5.871051 -8.612034 -2.873884
v 5.799203 -8.700209 -2.873884
v 3.677265 -10.603751 -2.873884
v 5.936367 -8.414862 -2.873884
v 5.916772 -8.525899 -2.873884
v 5.871051 -8.612034 -2.873884
v 5.819615 -5.233179 -2.873884
v 5.924120 -5.494441 -2.873884
v 5.936367 -8.414862 -2.873884
v 2.807344 -2.325004 -2.873884
v 3.058808 -2.455635 -2.873884
v 5.819615 -5.233179 -2.873884
v -5.855539 -2.377256 -2.873884
v -5.610606 -2.295612 -2.873884
v 2.807344 -2.325004 -2.873884
v -1.369586 -7.407778 -2.873884
v -5.937184 -2.622190 -2.873884
v -5.855539 -2.377256 -2.873884
v -5.937184 -19.382160 -2.873884
v -1.342541 -8.142476 -2.873884
v -1.304678 -8.270351 -2.873884
v -1.303046 -13.698074 -2.873884
v -1.341622 -13.831053 -2.873884
v -5.937184 -19.382160 -2.873884
v -5.937184 -19.382160 -2.873884
v -1.341622 -14.743123 -2.873884
v -1.303046 -14.875387 -2.873884
v 3.058808 -19.538713 -2.873884
v -5.610606 -19.708738 -2.873884
v -5.937184 -19.382160 -2.873884
v 5.916772 -13.508965 -2.873884
v 5.924120 -16.501744 -2.873884
v 3.058808 -19.538713 -2.873884
v 3.677265 -11.439789 -2.873884
v 5.799203 -13.342411 -2.873884
v 5.916772 -13.508965 -2.873884
v 5.936367 -8.414862 -2.873884
v 5.871051 -8.612034 -2.873884
v 3.677265 -10.603751 -2.873884
v 2.807344 -2.325004 -2.873884
v 5.819615 -5.233179 -2.873884
v 5.936367 -8.414862 -2.873884
v -1.342541 -7.272963 -2.873884
v -1.369586 -7.407778 -2.873884
v -5.855539 -2.377256 -2.873884
v -5.937184 -19.382160 -2.873884
v -1.304678 -8.270351 -2.873884
v -1.255998 -8.389042 -2.873884
v -1.253446 -13.574689 -2.873884
v -1.303046 -13.698074 -2.873884
v -5.937184 -19.382160 -2.873884
v -5.937184 -19.382160 -2.873884
v -1.303046 -14.875387 -2.873884
v -1.253446 -14.997854 -2.873884
v 5.916772 -13.508965 -2.873884
v 3.058808 -19.538713 -2.873884
v -5.937184 -19.382160 -2.873884
v 2.807344 -2.325004 -2.873884
v 5.936367 -8.414862 -2.873884
v 3.677265 -10.603751 -2.873884
v -1.304678 -7.146924 -2.873884
v -1.342541 -7.272963 -2.873884
v -5.855539 -2.377256 -2.873884
v -5.937184 -19.382160 -2.873884
v -1.255998 -8.389042 -2.873884
v -1.196499 -8.498547 -2.873884
v -1.192826 -13.460898 -2.873884
v -1.253446 -13.574689 -2.873884
v -5.937184 -19.382160 -2.873884
v -5.937184 -19.382160 -2.873884
v -1.253446 -14.997854 -2.873884
v -1.192826 -15.110523 -2.873884
v 2.807344 -2.325004 -2.873884
v 3.677265 -10.603751 -2.873884
v 3.468256 -10.982581 -2.873884
v -1.255998 -7.029663 -2.873884
v -1.304678 -7.146924 -2.873884
v -5.855539 -2.377256 -2.873884
v -5.937184 -19.382160 -2.873884
v -1.196499 -8.498547 -2.873884
v -1.126183 -8.598869 -2.873884
v -1.121183 -13.356699 -2.873884
v -1.192826 -13.460898 -2.873884
v -5.937184 -19.382160 -2.873884
v -5.937184 -19.382160 -2.873884
v -1.192826 -15.110523 -2.873884
v -1.121183 -15.213395 -2.873884
v -1.196499 -6.921177 -2.873884
v -1.255998 -7.029663 -2.873884
v -5.855539 -2.377256 -2.873884
v -5.937184 -19.382160 -2.873884
v -1.126183 -8.598869 -2.873884
v -1.045049 -8.690004 -2.873884
v -5.937184 -19.382160 -2.873884
v -1.121183 -15.213395 -2.873884
v -1.038518 -15.306470 -2.873884
v -1.126183 -6.821469 -2.873884
v -1.196499 -6.921177 -2.873884
v -5.855539 -2.377256 -2.873884
v -5.937184 -19.382160 -2.873884
v -1.045049 -8.690004 -2.873884
v -0.954526 -8.771138 -2.873884
v -5.937184 -19.382160 -2.873884
v -1.038518 -15.306470 -2.873884
v -0.945851 -15.389135 -2.873884
v -1.126183 -6.821469 -2.873884
v -5.855539 -2.377256 -2.873884
v 2.807344 -2.325004 -2.873884
v -5.937184 -19.382160 -2.873884
v -0.954526 -8.771138 -2.873884
v -0.856042 -8.841455 -2.873884
v -5.937184 -19.382160 -2.873884
v -0.945851 -15.389135 -2.873884
v -0.844204 -15.460778 -2.873884
v -1.045049 -6.730538 -2.873884
v -1.126183 -6.821469 -2.873884
v 2.807344 -2.325004 -2.873884
v -5.937184 -19.382160 -2.873884
v -0.856042 -8.841455 -2.873884
v -0.749598 -8.900953 -2.873884
v -5.937184 -19.382160 -2.873884
v -0.844204 -15.460778 -2.873884
v -0.733575 -15.521399 -2.873884
v -0.954526 -6.649403 -2.873884
v -1.045049 -6.730538 -2.873884
v 2.807344 -2.325004 -2.873884
v -5.937184 -19.382160 -2.873884
v -0.749598 -8.900953 -2.873884
v -0.635194 -8.949634 -2.873884
v -5.937184 -19.382160 -2.873884
v -0.733575 -15.521399 -2.873884
v -0.613966 -15.570998 -2.873884
v -0.856042 -6.579087 -2.873884
v -0.954526 -6.649403 -2.873884
v 2.807344 -2.325004 -2.873884
v -5.937184 -19.382160 -2.873884
v -0.635194 -8.949634 -2.873884
v -0.512830 -8.987496 -2.873884
v -5.937184 -19.382160 -2.873884
v -0.613966 -15.570998 -2.873884
v -0.485377 -15.609575 -2.873884
v -0.749598 -6.519589 -2.873884
v -0.856042 -6.579087 -2.873884
v 2.807344 -2.325004 -2.873884
v -5.937184 -19.382160 -2.873884
v -0.512830 -8.987496 -2.873884
v -0.382504 -9.014541 -2.873884
v -5.937184 -19.382160 -2.873884
v -0.485377 -15.609575 -2.873884
v -0.347806 -15.637130 -2.873884
v -0.635194 -6.470908 -2.873884
v -0.749598 -6.519589 -2.873884
v 2.807344 -2.325004 -2.873884
v -5.937184 -19.382160 -2.873884
v -0.382504 -9.014541 -2.873884
v -0.244219 -9.030768 -2.873884
v -5.937184 -19.382160 -2.873884
v -0.347806 -15.637130 -2.873884
v -0.201254 -15.653663 -2.873884
v -0.512830 -6.433046 -2.873884
v -0.635194 -6.470908 -2.873884
v 2.807344 -2.325004 -2.873884
v -5.937184 -19.382160 -2.873884
v -0.244219 -9.030768 -2.873884
v -0.097973 -9.036177 -2.873884
v -5.937184 -19.382160 -2.873884
v -0.201254 -15.653663 -2.873884
v -0.045721 -15.659174 -2.873884
v -0.382504 -6.406001 -2.873884
v -0.512830 -6.433046 -2.873884
v 2.807344 -2.325004 -2.873884
v -5.937184 -19.382160 -2.873884
v -0.097973 -9.036177 -2.873884
v 0.051231 -9.030768 -2.873884
v -5.937184 -19.382160 -2.873884
v -0.045721 -15.659174 -2.873884
v 0.109812 -15.653663 -2.873884
v -0.244219 -6.389774 -2.873884
v -0.382504 -6.406001 -2.873884
v 2.807344 -2.325004 -2.873884
v -5.937184 -19.382160 -2.873884
v 0.051231 -9.030768 -2.873884
v 0.191864 -9.014541 -2.873884
v -5.937184 -19.382160 -2.873884
v 0.109812 -15.653663 -2.873884
v 0.256363 -15.637130 -2.873884
v -0.097973 -6.384365 -2.873884
v -0.244219 -6.389774 -2.873884
v 2.807344 -2.325004 -2.873884
v -5.937184 -19.382160 -2.873884
v 0.191864 -9.014541 -2.873884
v 0.323924 -8.987496 -2.873884
v -5.937184 -19.382160 -2.873884
v 0.256363 -15.637130 -2.873884
v 0.393934 -15.609575 -2.873884
v 0.051231 -6.389774 -2.873884
v -0.097973 -6.384365 -2.873884
v 2.807344 -2.325004 -2.873884
v -5.937184 -19.382160 -2.873884
v 0.323924 -8.987496 -2.873884
v 0.447411 -8.949634 -2.873884
v -5.937184 -19.382160 -2.873884
v 0.393934 -15.609575 -2.873884
v 0.522524 -15.570998 -2.873884
v 0.191864 -6.406001 -2.873884
v 0.051231 -6.389774 -2.873884
v 2.807344 -2.325004 -2.873884
v -5.937184 -19.382160 -2.873884
v 0.447411 -8.949634 -2.873884
v 0.562326 -8.900953 -2.873884
v -5.937184 -19.382160 -2.873884
v 0.522524 -15.570998 -2.873884
v 0.642134 -15.521399 -2.873884
v 0.323924 -6.433046 -2.873884
v 0.191864 -6.406001 -2.873884
v 2.807344 -2.325004 -2.873884
v -5.937184 -19.382160 -2.873884
v 0.562326 -8.900953 -2.873884
v 0.668668 -8.841455 -2.873884
v -5.937184 -19.382160 -2.873884
v 0.642134 -15.521399 -2.873884
v 0.752761 -15.460778 -2.873884
v 0.447411 -6.470908 -2.873884
v 0.323924 -6.433046 -2.873884
v 2.807344 -2.325004 -2.873884
v -5.937184 -19.382160 -2.873884
v 0.668668 -8.841455 -2.873884
v 0.766437 -8.771138 -2.873884
v 5.916772 -13.508965 -2.873884
v -5.937184 -19.382160 -2.873884
v 0.752761 -15.460778 -2.873884
v 0.562326 -6.519589 -2.873884
v 0.447411 -6.470908 -2.873884
v 2.807344 -2.325004 -2.873884
v -5.937184 -19.382160 -2.873884
v 0.766437 -8.771138 -2.873884
v 0.855634 -8.690004 -2.873884
v 5.916772 -13.508965 -2.873884
v 0.752761 -15.460778 -2.873884
v 0.854409 -15.389135 -2.873884
v 0.668668 -6.579087 -2.873884
v 0.562326 -6.519589 -2.873884
v 2.807344 -2.325004 -2.873884
v -5.937184 -19.382160 -2.873884
v 0.855634 -8.690004 -2.873884
v 0.935237 -8.598869 -2.873884
v 5.916772 -13.508965 -2.873884
v 0.854409 -15.389135 -2.873884
v 0.947075 -15.306470 -2.873884
v 0.766437 -6.649403 -2.873884
v 0.668668 -6.579087 -2.873884
v 2.807344 -2.325004 -2.873884
v -5.937184 -19.382160 -2.873884
v 0.935237 -8.598869 -2.873884
v 1.004227 -8.498547 -2.873884
v 5.916772 -13.508965 -2.873884
v 0.947075 -15.306470 -2.873884
v 1.029740 -15.213395 -2.873884
v 0.855634 -6.730538 -2.873884
v 0.766437 -6.649403 -2.873884
v 2.807344 -2.325004 -2.873884
v -1.121183 -13.356699 -2.873884
v -5.937184 -19.382160 -2.873884
v 1.004227 -8.498547 -2.873884
v 5.916772 -13.508965 -2.873884
v 1.029740 -15.213395 -2.873884
v 1.101383 -15.110523 -2.873884
v 0.935237 -6.821469 -2.873884
v 0.855634 -6.730538 -2.873884
v 2.807344 -2.325004 -2.873884
v -1.121183 -13.356699 -2.873884
v 1.004227 -8.498547 -2.873884
v 1.062602 -8.389042 -2.873884
v 5.916772 -13.508965 -2.873884
v 1.101383 -15.110523 -2.873884
v 1.162004 -14.997854 -2.873884
v 1.004227 -6.921177 -2.873884
v 0.935237 -6.821469 -2.873884
v 2.807344 -2.325004 -2.873884
v -1.038518 -13.262093 -2.873884
v -1.121183 -13.356699 -2.873884
v 1.062602 -8.389042 -2.873884
v 5.916772 -13.508965 -2.873884
v 1.162004 -14.997854 -2.873884
v 1.211603 -14.875387 -2.873884
v 1.004227 -6.921177 -2.873884
v 2.807344 -2.325004 -2.873884
v 3.468256 -10.982581 -2.873884
v -0.945851 -13.177897 -2.873884
v -1.038518 -13.262093 -2.873884
v 1.062602 -8.389042 -2.873884
v 5.916772 -13.508965 -2.873884
v 1.211603 -14.875387 -2.873884
v 1.250180 -14.743123 -2.873884
v 1.004227 -6.921177 -2.873884
v 3.468256 -10.982581 -2.873884
v 3.677265 -11.439789 -2.873884
v -0.844204 -13.104928 -2.873884
v -0.945851 -13.177897 -2.873884
v 1.062602 -8.389042 -2.873884
v 5.916772 -13.508965 -2.873884
v 1.250180 -14.743123 -2.873884
v 1.277735 -14.601062 -2.873884
v 1.062602 -7.029663 -2.873884
v 1.004227 -6.921177 -2.873884
v 3.677265 -11.439789 -2.873884
v -0.733575 -13.043184 -2.873884
v -0.844204 -13.104928 -2.873884
v 1.062602 -8.389042 -2.873884
v 5.916772 -13.508965 -2.873884
v 1.277735 -14.601062 -2.873884
v 1.294268 -14.449203 -2.873884
v 1.110364 -7.146924 -2.873884
v 1.062602 -7.029663 -2.873884
v 3.677265 -11.439789 -2.873884
v -0.733575 -13.043184 -2.873884
v 1.062602 -8.389042 -2.873884
v 1.110364 -8.270351 -2.873884
v 5.916772 -13.508965 -2.873884
v 1.294268 -14.449203 -2.873884
v 1.299779 -14.287547 -2.873884
v 1.147512 -7.272963 -2.873884
v 1.110364 -7.146924 -2.873884
v 3.677265 -11.439789 -2.873884
v -0.613966 -12.992667 -2.873884
v -0.733575 -13.043184 -2.873884
v 1.110364 -8.270351 -2.873884
v 5.916772 -13.508965 -2.873884
v 1.299779 -14.287547 -2.873884
v 1.294268 -14.125789 -2.873884
v 1.174047 -7.407778 -2.873884
v 1.147512 -7.272963 -2.873884
v 3.677265 -11.439789 -2.873884
v -0.485377 -12.953375 -2.873884
v -0.613966 -12.992667 -2.873884
v 1.110364 -8.270351 -2.873884
v 5.916772 -13.508965 -2.873884
v 1.294268 -14.125789 -2.873884
v 1.277735 -13.973624 -2.873884
v 1.189967 -7.551371 -2.873884
v 1.174047 -7.407778 -2.873884
v 3.677265 -11.439789 -2.873884
v -0.347806 -12.925310 -2.873884
v -0.485377 -12.953375 -2.873884
v 1.110364 -8.270351 -2.873884
v 5.916772 -13.508965 -2.873884
v 1.277735 -13.973624 -2.873884
v 1.250180 -13.831053 -2.873884
v 1.195274 -7.703739 -2.873884
v 1.189967 -7.551371 -2.873884
v 3.677265 -11.439789 -2.873884
v -0.201254 -12.908470 -2.873884
v -0.347806 -12.925310 -2.873884
v 1.110364 -8.270351 -2.873884
v 5.916772 -13.508965 -2.873884
v 1.250180 -13.831053 -2.873884
v 1.211603 -13.698074 -2.873884
v 1.189967 -7.859170 -2.873884
v 1.195274 -7.703739 -2.873884
v 3.677265 -11.439789 -2.873884
v -0.201254 -12.908470 -2.873884
v 1.110364 -8.270351 -2.873884
v 1.147512 -8.142476 -2.873884
v 5.916772 -13.508965 -2.873884
v 1.211603 -13.698074 -2.873884
v 1.162004 -13.574689 -2.873884
v 1.174047 -8.005415 -2.873884
v 1.189967 -7.859170 -2.873884
v 3.677265 -11.439789 -2.873884
v -0.045721 -12.902858 -2.873884
v -0.201254 -12.908470 -2.873884
v 1.147512 -8.142476 -2.873884
v 5.916772 -13.508965 -2.873884
v 1.162004 -13.574689 -2.873884
v 1.101383 -13.460898 -2.873884
v 1.147512 -8.142476 -2.873884
v 1.174047 -8.005415 -2.873884
v 3.677265 -11.439789 -2.873884
v 0.109812 -12.908470 -2.873884
v -0.045721 -12.902858 -2.873884
v 1.147512 -8.142476 -2.873884
v 5.916772 -13.508965 -2.873884
v 1.101383 -13.460898 -2.873884
v 1.029740 -13.356699 -2.873884
v 0.109812 -12.908470 -2.873884
v 1.147512 -8.142476 -2.873884
v 3.677265 -11.439789 -2.873884
v 5.916772 -13.508965 -2.873884
v 1.029740 -13.356699 -2.873884
v 0.947075 -13.262093 -2.873884
v 0.109812 -12.908470 -2.873884
v 3.677265 -11.439789 -2.873884
v 5.916772 -13.508965 -2.873884
v 5.916772 -13.508965 -2.873884
v 0.947075 -13.262093 -2.873884
v 0.854409 -13.177897 -2.873884
v 0.256363 -12.925310 -2.873884
v 0.109812 -12.908470 -2.873884
v 5.916772 -13.508965 -2.873884
v 5.916772 -13.508965 -2.873884
v 0.854409 -13.177897 -2.873884
v 0.752761 -13.104928 -2.873884
v 0.393934 -12.953375 -2.873884
v 0.256363 -12.925310 -2.873884
v 5.916772 -13.508965 -2.873884
v 5.916772 -13.508965 -2.873884
v 0.752761 -13.104928 -2.873884
v 0.642134 -13.043184 -2.873884
v 0.522524 -12.992667 -2.873884
v 0.393934 -12.953375 -2.873884
v 5.916772 -13.508965 -2.873884
v 5.916772 -13.508965 -2.873884
v 0.642134 -13.043184 -2.873884
v 0.522524 -12.992667 -2.873884
v -5.937184 -19.382160 2.873884
v -1.391221 -7.703739 2.873884
v -1.385812 -7.551371 2.873884
v -1.385812 -7.859170 2.873884
v -1.391221 -7.703739 2.873884
v -5.937184 -19.382160 2.873884
v -5.937184 -19.382160 2.873884
v -1.391221 -14.287547 2.873884
v -1.385710 -14.125789 2.873884
v -1.385710 -14.449203 2.873884
v -1.391221 -14.287547 2.873884
v -5.937184 -19.382160 2.873884
v -5.937184 -19.382160 2.873884
v -5.932081 -19.458702 2.873884
v -5.916773 -19.525038 2.873884
v -5.916773 -19.525038 2.873884
v -5.891259 -19.581168 2.873884
v -5.855539 -19.627093 2.873884
v -5.855539 -19.627093 2.873884
v -5.809614 -19.662813 2.873884
v -5.753483 -19.688327 2.873884
v -5.753483 -19.688327 2.873884
v -5.687147 -19.703635 2.873884
v -5.610606 -19.708738 2.873884
v -5.610606 -19.708738 2.873884
v 2.593027 -19.708738 2.873884
v 2.666916 -19.705268 2.873884
v 2.666916 -19.705268 2.873884
v 2.738354 -19.694858 2.873884
v 2.807344 -19.677509 2.873884
v 2.807344 -19.677509 2.873884
v 2.873884 -19.653220 2.873884
v 2.937975 -19.621991 2.873884
v 2.937975 -19.621991 2.873884
v 2.999616 -19.583822 2.873884
v 3.058808 -19.538713 2.873884
v 3.058808 -19.538713 2.873884
v 3.115552 -19.486665 2.873884
v 5.728174 -16.874043 2.873884
v 5.728174 -16.874043 2.873884
v 5.777161 -16.820158 2.873884
v 5.819615 -16.763007 2.873884
v 5.819615 -16.763007 2.873884
v 5.855538 -16.702590 2.873884
v 5.884931 -16.638907 2.873884
v 5.884931 -16.638907 2.873884
v 5.907791 -16.571958 2.873884
v 5.924120 -16.501744 2.873884
v 5.924120 -16.501744 2.873884
v 5.933917 -16.428264 2.873884
v 5.937183 -16.351519 2.873884
v 5.937183 -16.351519 2.873884
v 5.937183 -13.660518 2.873884
v 5.936367 -13.625717 2.873884
v 5.936367 -13.625717 2.873884
v 5.933917 -13.593161 2.873884
v 5.929836 -13.562851 2.873884
v 5.929836 -13.562851 2.873884
v 5.924120 -13.534786 2.873884
v 5.916772 -13.508965 2.873884
v 5.916772 -13.508965 2.873884
v 5.907791 -13.485390 2.873884
v 5.897178 -13.464061 2.873884
v 5.897178 -13.464061 2.873884
v 5.884931 -13.444977 2.873884
v 5.871051 -13.426505 2.873884
v 5.871051 -13.426505 2.873884
v 5.855538 -13.407012 2.873884
v 5.838393 -13.386499 2.873884
v 5.838393 -13.386499 2.873884
v 5.819615 -13.364965 2.873884
v 5.799203 -13.342411 2.873884
v 5.799203 -13.342411 2.873884
v 5.777161 -13.318836 2.873884
v 5.753483 -13.294241 2.873884
v 5.753483 -13.294241 2.873884
v 5.728174 -13.268625 2.873884
v 3.677265 -11.439789 2.873884
v 3.677265 -10.603751 2.873884
v 5.728174 -8.774914 2.873884
v 5.753483 -8.749196 2.873884
v 5.753483 -8.749196 2.873884
v 5.777161 -8.724295 2.873884
v 5.799203 -8.700209 2.873884
v 5.799203 -8.700209 2.873884
v 5.819615 -8.676941 2.873884
v 5.838393 -8.654488 2.873884
v 5.838393 -8.654488 2.873884
v 5.855538 -8.632853 2.873884
v 5.871051 -8.612034 2.873884
v 5.871051 -8.612034 2.873884
v 5.884931 -8.592031 2.873884
v 5.897178 -8.571620 2.873884
v 5.897178 -8.571620 2.873884
v 5.907791 -8.549576 2.873884
v 5.916772 -8.525899 2.873884
v 5.916772 -8.525899 2.873884
v 5.924120 -8.500589 2.873884
v 5.929836 -8.473646 2.873884
v 5.929836 -8.473646 2.873884
v 5.933917 -8.445070 2.873884
v 5.936367 -8.414862 2.873884
v 5.936367 -8.414862 2.873884
v 5.937183 -8.383021 2.873884
v 5.937183 -5.639768 2.873884
v 5.937183 -5.639768 2.873884
v 5.933917 -5.565879 2.873884
v 5.924120 -5.494441 2.873884
v 5.924120 -5.494441 2.873884
v 5.907791 -5.425451 2.873884
v 5.884931 -5.358911 2.873884
v 5.884931 -5.358911 2.873884
v 5.855538 -5.294820 2.873884
v 5.819615 -5.233179 2.873884
v 5.819615 -5.233179 2.873884
v 5.777161 -5.173986 2.873884
v 5.728174 -5.117244 2.873884
v 5.728174 -5.117244 2.873884
v 3.115552 -2.504622 2.873884
v 3.058808 -2.455635 2.873884
v 3.058808 -2.455635 2.873884
v 2.999616 -2.413180 2.873884
v 2.937975 -2.377256 2.873884
v 2.937975 -2.377256 2.873884
v 2.873884 -2.347864 2.873884
v 2.807344 -2.325004 2.873884
v 2.807344 -2.325004 2.873884
v 2.738354 -2.308675 2.873884
v 2.666916 -2.298877 2.873884
v 2.666916 -2.298877 2.873884
v 2.593027 -2.295612 2.873884
v -5.610606 -2.295612 2.873884
v -5.610606 -2.295612 2.873884
v -5.687147 -2.300715 2.873884
v -5.753483 -2.316022 2.873884
v -5.753483 -2.316022 2.873884
v -5.809614 -2.341537 2.873884
v -5.855539 -2.377256 2.873884
v -5.855539 -2.377256 2.873884
v -5.891259 -2.423182 2.873884
v -5.916773 -2.479311 2.873884
v -5.916773 -2.479311 2.873884
v -5.932081 -2.545647 2.873884
v -5.937184 -2.622190 2.873884
v -5.937184 -2.622190 2.873884
v -5.937184 -19.382160 2.873884
v -1.385812 -7.551371 2.873884
v -1.369586 -8.005415 2.873884
v -1.385812 -7.859170 2.873884
v -5.937184 -19.382160 2.873884
v -5.937184 -19.382160 2.873884
v -1.385710 -14.125789 2.873884
v -1.369177 -13.973624 2.873884
v -1.369177 -14.601062 2.873884
v -1.385710 -14.449203 2.873884
v -5.937184 -19.382160 2.873884
v -5.937184 -19.382160 2.873884
v -5.916773 -19.525038 2.873884
v -5.855539 -19.627093 2.873884
v -5.855539 -19.627093 2.873884
v -5.753483 -19.688327 2.873884
v -5.610606 -19.708738 2.873884
v -5.610606 -19.708738 2.873884
v 2.666916 -19.705268 2.873884
v 2.807344 -19.677509 2.873884
v 2.807344 -19.677509 2.873884
v 2.937975 -19.621991 2.873884
v 3.058808 -19.538713 2.873884
v 3.058808 -19.538713 2.873884
v 5.728174 -16.874043 2.873884
v 5.819615 -16.763007 2.873884
v 5.819615 -16.763007 2.873884
v 5.884931 -16.638907 2.873884
v 5.924120 -16.501744 2.873884
v 5.924120 -16.501744 2.873884
v 5.937183 -16.351519 2.873884
v 5.936367 -13.625717 2.873884
v 5.936367 -13.625717 2.873884
v 5.929836 -13.562851 2.873884
v 5.916772 -13.508965 2.873884
v 5.916772 -13.508965 2.873884
v 5.897178 -13.464061 2.873884
v 5.871051 -13.426505 2.873884
v 5.871051 -13.426505 2.873884
v 5.838393 -13.386499 2.873884
v 5.799203 -13.342411 2.873884
v 5.799203 -13.342411 2.873884
v 5.753483 -13.294241 2.873884
v 3.677265 -11.439789 2.873884
v 3.677265 -10.603751 2.873884
v 5.753483 -8.749196 2.873884
v 5.799203 -8.700209 2.873884
v 5.799203 -8.700209 2.873884
v 5.838393 -8.654488 2.873884
v 5.871051 -8.612034 2.873884
v 5.871051 -8.612034 2.873884
v 5.897178 -8.571620 2.873884
v 5.916772 -8.525899 2.873884
v 5.916772 -8.525899 2.873884
v 5.929836 -8.473646 2.873884
v 5.936367 -8.414862 2.873884
v 5.936367 -8.414862 2.873884
v 5.937183 -5.639768 2.873884
v 5.924120 -5.494441 2.873884
v 5.924120 -5.494441 2.873884
v 5.884931 -5.358911 2.873884
v 5.819615 -5.233179 2.873884
v 5.819615 -5.233179 2.873884
v 5.728174 -5.117244 2.873884
v 3.058808 -2.455635 2.873884
v 3.058808 -2.455635 2.873884
v 2.937975 -2.377256 2.873884
v 2.807344 -2.325004 2.873884
v 2.807344 -2.325004 2.873884
v 2.666916 -2.298877 2.873884
v -5.610606 -2.295612 2.873884
v -5.610606 -2.295612 2.873884
v -5.753483 -2.316022 2.873884
v -5.855539 -2.377256 2.873884
v -5.855539 -2.377256 2.873884
v -5.916773 -2.479311 2.873884
v -5.937184 -2.622190 2.873884
v -5.937184 -2.622190 2.873884
v -1.385812 -7.551371 2.873884
v -1.369586 -7.407778 2.873884
v -1.342541 -8.142476 2.873884
v -1.369586 -8.005415 2.873884
v -5.937184 -19.382160 2.873884
v -5.937184 -19.382160 2.873884
v -1.369177 -13.973624 2.873884
v -1.341622 -13.831053 2.873884
v -1.341622 -14.743123 2.873884
v -1.369177 -14.601062 2.873884
v -5.937184 -19.382160 2.873884
v -5.937184 -19.382160 2.873884
v -5.855539 -19.627093 2.873884
v -5.610606 -19.708738 2.873884
v -5.610606 -19.708738 2.873884
v 2.807344 -19.677509 2.873884
v 3.058808 -19.538713 2.873884
v 3.058808 -19.538713 2.873884
v 5.819615 -16.763007 2.873884
v 5.924120 -16.501744 2.873884
v 5.924120 -16.501744 2.873884
v 5.936367 -13.625717 2.873884
v 5.916772 -13.508965 2.873884
v 5.916772 -13.508965 2.873884
v 5.871051 -13.426505 2.873884
v 5.799203 -13.342411 2.873884
v 3.677265 -10.603751 2.873884
v 5.799203 -8.700209 2.873884
v 5.871051 -8.612034 2.873884
v 5.871051 -8.612034 2.873884
v 5.916772 -8.525899 2.873884
v 5.936367 -8.414862 2.873884
v 5.936367 -8.414862 2.873884
v 5.924120 -5.494441 2.873884
v 5.819615 -5.233179 2.873884
v 5.819615 -5.233179 2.873884
v 3.058808 -2.455635 2.873884
v 2.807344 -2.325004 2.873884
v 2.807344 -2.325004 2.873884
v -5.610606 -2.295612 2.873884
v -5.855539 -2.377256 2.873884
v -5.855539 -2.377256 2.873884
v -5.937184 -2.622190 2.873884
v -1.369586 -7.407778 2.873884
v -1.304678 -8.270351 2.873884
v -1.342541 -8.142476 2.873884
v -5.937184 -19.382160 2.873884
v -5.937184 -19.382160 2.873884
v -1.341622 -13.831053 2.873884
v -1.303046 -13.698074 2.873884
v -1.303046 -14.875387 2.873884
v -1.341622 -14.743123 2.873884
v -5.937184 -19.382160 2.873884
v -5.937184 -19.382160 2.873884
v -5.610606 -19.708738 2.873884
v 3.058808 -19.538713 2.873884
v 3.058808 -19.538713 2.873884
v 5.924120 -16.501744 2.873884
v 5.916772 -13.508965 2.873884
v 5.916772 -13.508965 2.873884
v 5.799203 -13.342411 2.873884
v 3.677265 -11.439789 2.873884
v 3.677265 -10.603751 2.873884
v 5.871051 -8.612034 2.873884
v 5.936367 -8.414862 2.873884
v 5.936367 -8.414862 2.873884
v 5.819615 -5.233179 2.873884
v 2.807344 -2.325004 2.873884
v -5.855539 -2.377256 2.873884
v -1.369586 -7.407778 2.873884
v -1.342541 -7.272963 2.873884
v -1.255998 -8.389042 2.873884
v -1.304678 -8.270351 2.873884
v -5.937184 -19.382160 2.873884
v -5.937184 -19.382160 2.873884
v -1.303046 -13.698074 2.873884
v -1.253446 -13.574689 2.873884
v -1.253446 -14.997854 2.873884
v -1.303046 -14.875387 2.873884
v -5.937184 -19.382160 2.873884
v -5.937184 -19.382160 2.873884
v 3.058808 -19.538713 2.873884
v 5.916772 -13.508965 2.873884
v 3.677265 -10.603751 2.873884
v 5.936367 -8.414862 2.873884
v 2.807344 -2.325004 2.873884
v -5.855539 -2.377256 2.873884
v -1.342541 -7.272963 2.873884
v -1.304678 -7.146924 2.873884
v -1.196499 -8.498547 2.873884
v -1.255998 -8.389042 2.873884
v -5.937184 -19.382160 2.873884
v -5.937184 -19.382160 2.873884
v -1.253446 -13.574689 2.873884
v -1.192826 -13.460898 2.873884
v -1.192826 -15.110523 2.873884
v -1.253446 -14.997854 2.873884
v -5.937184 -19.382160 2.873884
v 3.468256 -10.982581 2.873884
v 3.677265 -10.603751 2.873884
v 2.807344 -2.325004 2.873884
v -5.855539 -2.377256 2.873884
v -1.304678 -7.146924 2.873884
v -1.255998 -7.029663 2.873884
v -1.126183 -8.598869 2.873884
v -1.196499 -8.498547 2.873884
v -5.937184 -19.382160 2.873884
v -5.937184 -19.382160 2.873884
v -1.192826 -13.460898 2.873884
v -1.121183 -13.356699 2.873884
v -1.121183 -15.213395 2.873884
v -1.192826 -15.110523 2.873884
v -5.937184 -19.382160 2.873884
v -5.855539 -2.377256 2.873884
v -1.255998 -7.029663 2.873884
v -1.196499 -6.921177 2.873884
v -1.045049 -8.690004 2.873884
v -1.126183 -8.598869 2.873884
v -5.937184 -19.382160 2.873884
v -1.038518 -15.306470 2.873884
v -1.121183 -15.213395 2.873884
v -5.937184 -19.382160 2.873884
v -5.855539 -2.377256 2.873884
v -1.196499 -6.921177 2.873884
v -1.126183 -6.821469 2.873884
v -0.954526 -8.771138 2.873884
v -1.045049 -8.690004 2.873884
v -5.937184 -19.382160 2.873884
v -0.945851 -15.389135 2.873884
v -1.038518 -15.306470 2.873884
v -5.937184 -19.382160 2.873884
v 2.807344 -2.325004 2.873884
v -5.855539 -2.377256 2.873884
v -1.126183 -6.821469 2.873884
v -0.856042 -8.841455 2.873884
v -0.954526 -8.771138 2.873884
v -5.937184 -19.382160 2.873884
v -0.844204 -15.460778 2.873884
v -0.945851 -15.389135 2.873884
v -5.937184 -19.382160 2.873884
v 2.807344 -2.325004 2.873884
v -1.126183 -6.821469 2.873884
v -1.045049 -6.730538 2.873884
v -0.749598 -8.900953 2.873884
v -0.856042 -8.841455 2.873884
v -5.937184 -19.382160 2.873884
v -0.733575 -15.521399 2.873884
v -0.844204 -15.460778 2.873884
v -5.937184 -19.382160 2.873884
v 2.807344 -2.325004 2.873884
v -1.045049 -6.730538 2.873884
v -0.954526 -6.649403 2.873884
v -0.635194 -8.949634 2.873884
v -0.749598 -8.900953 2.873884
v -5.937184 -19.382160 2.873884
v -0.613966 -15.570998 2.873884
v -0.733575 -15.521399 2.873884
v -5.937184 -19.382160 2.873884
v 2.807344 -2.325004 2.873884
v -0.954526 -6.649403 2.873884
v -0.856042 -6.579087 2.873884
v -0.512830 -8.987496 2.873884
v -0.635194 -8.949634 2.873884
v -5.937184 -19.382160 2.873884
v -0.485377 -15.609575 2.873884
v -0.613966 -15.570998 2.873884
v -5.937184 -19.382160 2.873884
v 2.807344 -2.325004 2.873884
v -0.856042 -6.579087 2.873884
v -0.749598 -6.519589 2.873884
v -0.382504 -9.014541 2.873884
v -0.512830 -8.987496 2.873884
v -5.937184 -19.382160 2.873884
v -0.347806 -15.637130 2.873884
v -0.485377 -15.609575 2.873884
v -5.937184 -19.382160 2.873884
v 2.807344 -2.325004 2.873884
v -0.749598 -6.519589 2.873884
v -0.635194 -6.470908 2.873884
v -0.244219 -9.030768 2.873884
v -0.382504 -9.014541 2.873884
v -5.937184 -19.382160 2.873884
v -0.201254 -15.653663 2.873884
v -0.347806 -15.637130 2.873884
v -5.937184 -19.382160 2.873884
v 2.807344 -2.325004 2.873884
v -0.635194 -6.470908 2.873884
v -0.512830 -6.433046 2.873884
v -0.097973 -9.036177 2.873884
v -0.244219 -9.030768 2.873884
v -5.937184 -19.382160 2.873884
v -0.045721 -15.659174 2.873884
v -0.201254 -15.653663 2.873884
v -5.937184 -19.382160 2.873884
v 2.807344 -2.325004 2.873884
v -0.512830 -6.433046 2.873884
v -0.382504 -6.406001 2.873884
v 0.051231 -9.030768 2.873884
v -0.097973 -9.036177 2.873884
v -5.937184 -19.382160 2.873884
v 0.109812 -15.653663 2.873884
v -0.045721 -15.659174 2.873884
v -5.937184 -19.382160 2.873884
v 2.807344 -2.325004 2.873884
v -0.382504 -6.406001 2.873884
v -0.244219 -6.389774 2.873884
v 0.191864 -9.014541 2.873884
v 0.051231 -9.030768 2.873884
v -5.937184 -19.382160 2.873884
v 0.256363 -15.637130 2.873884
v 0.109812 -15.653663 2.873884
v -5.937184 -19.382160 2.873884
v 2.807344 -2.325004 2.873884
v -0.244219 -6.389774 2.873884
v -0.097973 -6.384365 2.873884
v 0.323924 -8.987496 2.873884
v 0.191864 -9.014541 2.873884
v -5.937184 -19.382160 2.873884
v 0.393934 -15.609575 2.873884
v 0.256363 -15.637130 2.873884
v -5.937184 -19.382160 2.873884
v 2.807344 -2.325004 2.873884
v -0.097973 -6.384365 2.873884
v 0.051231 -6.389774 2.873884
v 0.447411 -8.949634 2.873884
v 0.323924 -8.987496 2.873884
v -5.937184 -19.382160 2.873884
v 0.522524 -15.570998 2.873884
v 0.393934 -15.609575 2.873884
v -5.937184 -19.382160 2.873884
v 2.807344 -2.325004 2.873884
v 0.051231 -6.389774 2.873884
v 0.191864 -6.406001 2.873884
v 0.562326 -8.900953 2.873884
v 0.447411 -8.949634 2.873884
v -5.937184 -19.382160 2.873884
v 0.642134 -15.521399 2.873884
v 0.522524 -15.570998 2.873884
v -5.937184 -19.382160 2.873884
v 2.807344 -2.325004 2.873884
v 0.191864 -6.406001 2.873884
v 0.323924 -6.433046 2.873884
v 0.668668 -8.841455 2.873884
v 0.562326 -8.900953 2.873884
v -5.937184 -19.382160 2.873884
v 0.752761 -15.460778 2.873884
v 0.642134 -15.521399 2.873884
v -5.937184 -19.382160 2.873884
v 2.807344 -2.325004 2.873884
v 0.323924 -6.433046 2.873884
v 0.447411 -6.470908 2.873884
v 0.766437 -8.771138 2.873884
v 0.668668 -8.841455 2.873884
v -5.937184 -19.382160 2.873884
v 0.752761 -15.460778 2.873884
v -5.937184 -19.382160 2.873884
v 5.916772 -13.508965 2.873884
v 2.807344 -2.325004 2.873884
v 0.447411 -6.470908 2.873884
v 0.562326 -6.519589 2.873884
v 0.855634 -8.690004 2.873884
v 0.766437 -8.771138 2.873884
v -5.937184 -19.382160 2.873884
v 0.854409 -15.389135 2.873884
v 0.752761 -15.460778 2.873884
v 5.916772 -13.508965 2.873884
v 2.807344 -2.325004 2.873884
v 0.562326 -6.519589 2.873884
v 0.668668 -6.579087 2.873884
v 0.935237 -8.598869 2.873884
v 0.855634 -8.690004 2.873884
v -5.937184 -19.382160 2.873884
v 0.947075 -15.306470 2.873884
v 0.854409 -15.389135 2.873884
v 5.916772 -13.508965 2.873884
v 2.807344 -2.325004 2.873884
v 0.668668 -6.579087 2.873884
v 0.766437 -6.649403 2.873884
v 1.004227 -8.498547 2.873884
v 0.935237 -8.598869 2.873884
v -5.937184 -19.382160 2.873884
v 1.029740 -15.213395 2.873884
v 0.947075 -15.306470 2.873884
v 5.916772 -13.508965 2.873884
v 2.807344 -2.325004 2.873884
v 0.766437 -6.649403 2.873884
v 0.855634 -6.730538 2.873884
v 1.004227 -8.498547 2.873884
v -5.937184 -19.382160 2.873884
v -1.121183 -13.356699 2.873884
v 1.101383 -15.110523 2.873884
v 1.029740 -15.213395 2.873884
v 5.916772 -13.508965 2.873884
v 2.807344 -2.325004 2.873884
v 0.855634 -6.730538 2.873884
v 0.935237 -6.821469 2.873884
v 1.062602 -8.389042 2.873884
v 1.004227 -8.498547 2.873884
v -1.121183 -13.356699 2.873884
v 1.162004 -14.997854 2.873884
v 1.101383 -15.110523 2.873884
v 5.916772 -13.508965 2.873884
v 2.807344 -2.325004 2.873884
v 0.935237 -6.821469 2.873884
v 1.004227 -6.921177 2.873884
v 1.062602 -8.389042 2.873884
v -1.121183 -13.356699 2.873884
v -1.038518 -13.262093 2.873884
v 1.211603 -14.875387 2.873884
v 1.162004 -14.997854 2.873884
v 5.916772 -13.508965 2.873884
v 3.468256 -10.982581 2.873884
v 2.807344 -2.325004 2.873884
v 1.004227 -6.921177 2.873884
v 1.062602 -8.389042 2.873884
v -1.038518 -13.262093 2.873884
v -0.945851 -13.177897 2.873884
v 1.250180 -14.743123 2.873884
v 1.211603 -14.875387 2.873884
v 5.916772 -13.508965 2.873884
v 3.677265 -11.439789 2.873884
v 3.468256 -10.982581 2.873884
v 1.004227 -6.921177 2.873884
v 1.062602 -8.389042 2.873884
v -0.945851 -13.177897 2.873884
v -0.844204 -13.104928 2.873884
v 1.277735 -14.601062 2.873884
v 1.250180 -14.743123 2.873884
v 5.916772 -13.508965 2.873884
v 3.677265 -11.439789 2.873884
v 1.004227 -6.921177 2.873884
v 1.062602 -7.029663 2.873884
v 1.062602 -8.389042 2.873884
v -0.844204 -13.104928 2.873884
v -0.733575 -13.043184 2.873884
v 1.294268 -14.449203 2.873884
v 1.277735 -14.601062 2.873884
v 5.916772 -13.508965 2.873884
v 3.677265 -11.439789 2.873884
v 1.062602 -7.029663 2.873884
v 1.110364 -7.146924 2.873884
v 1.110364 -8.270351 2.873884
v 1.062602 -8.389042 2.873884
v -0.733575 -13.043184 2.873884
v 1.299779 -14.287547 2.873884
v 1.294268 -14.449203 2.873884
v 5.916772 -13.508965 2.873884
v 3.677265 -11.439789 2.873884
v 1.110364 -7.146924 2.873884
v 1.147512 -7.272963 2.873884
v 1.110364 -8.270351 2.873884
v -0.733575 -13.043184 2.873884
v -0.613966 -12.992667 2.873884
v 1.294268 -14.125789 2.873884
v 1.299779 -14.287547 2.873884
v 5.916772 -13.508965 2.873884
v 3.677265 -11.439789 2.873884
v 1.147512 -7.272963 2.873884
v 1.174047 -7.407778 2.873884
v 1.110364 -8.270351 2.873884
v -0.613966 -12.992667 2.873884
v -0.485377 -12.953375 2.873884
v 1.277735 -13.973624 2.873884
v 1.294268 -14.125789 2.873884
v 5.916772 -13.508965 2.873884
v 3.677265 -11.439789 2.873884
v 1.174047 -7.407778 2.873884
v 1.189967 -7.551371 2.873884
v 1.110364 -8.270351 2.873884
v -0.485377 -12.953375 2.873884
v -0.347806 -12.925310 2.873884
v 1.250180 -13.831053 2.873884
v 1.277735 -13.973624 2.873884
v 5.916772 -13.508965 2.873884
v 3.677265 -11.439789 2.873884
v 1.189967 -7.551371 2.873884
v 1.195274 -7.703739 2.873884
v 1.110364 -8.270351 2.873884
v -0.347806 -12.925310 2.873884
v -0.201254 -12.908470 2.873884
v 1.211603 -13.698074 2.873884
v 1.250180 -13.831053 2.873884
v 5.916772 -13.508965 2.873884
v 3.677265 -11.439789 2.873884
v 1.195274 -7.703739 2.873884
v 1.189967 -7.859170 2.873884
v 1.147512 -8.142476 2.873884
v 1.110364 -8.270351 2.873884
v -0.201254 -12.908470 2.873884
v 1.162004 -13.574689 2.873884
v 1.211603 -13.698074 2.873884
v 5.916772 -13.508965 2.873884
v 3.677265 -11.439789 2.873884
v 1.189967 -7.859170 2.873884
v 1.174047 -8.005415 2.873884
v 1.147512 -8.142476 2.873884
v -0.201254 -12.908470 2.873884
v -0.045721 -12.902858 2.873884
v 1.101383 -13.460898 2.873884
v 1.162004 -13.574689 2.873884
v 5.916772 -13.508965 2.873884
v 3.677265 -11.439789 2.873884
v 1.174047 -8.005415 2.873884
v 1.147512 -8.142476 2.873884
v 1.147512 -8.142476 2.873884
v -0.045721 -12.902858 2.873884
v 0.109812 -12.908470 2.873884
v 1.029740 -13.356699 2.873884
v 1.101383 -13.460898 2.873884
v 5.916772 -13.508965 2.873884
v 3.677265 -11.439789 2.873884
v 1.147512 -8.142476 2.873884
v 0.109812 -12.908470 2.873884
v 0.947075 -13.262093 2.873884
v 1.029740 -13.356699 2.873884
v 5.916772 -13.508965 2.873884
v 5.916772 -13.508965 2.873884
v 3.677265 -11.439789 2.873884
v 0.109812 -12.908470 2.873884
v 0.854409 -13.177897 2.873884
v 0.947075 -13.262093 2.873884
v 5.916772 -13.508965 2.873884
v 5.916772 -13.508965 2.873884
v 0.109812 -12.908470 2.873884
v 0.256363 -12.925310 2.873884
v 0.752761 -13.104928 2.873884
v 0.854409 -13.177897 2.873884
v 5.916772 -13.508965 2.873884
v 5.916772 -13.508965 2.873884
v 0.256363 -12.925310 2.873884
v 0.393934 -12.953375 2.873884
v 0.642134 -13.043184 2.873884
v 0.752761 -13.104928 2.873884
v 5.916772 -13.508965 2.873884
v 5.916772 -13.508965 2.873884
v 0.393934 -12.953375 2.873884
v 0.522524 -12.992667 2.873884
v 0.522524 -12.992667 2.873884
v 0.642134 -13.043184 2.873884
v 5.916772 -13.508965 2.873884
v 2.593027 -19.708738 -2.873884
v 2.666916 -19.705268 -2.873884
v 2.597363 -19.893478 -2.797362
v 2.666916 -19.705268 -2.873884
v 2.684610 -19.889381 -2.797362
v 2.597363 -19.893478 -2.797362
v 2.597363 -19.893478 -2.797362
v 2.684610 -19.889381 -2.797362
v 2.599159 -19.970000 -2.612622
v 2.684610 -19.889381 -2.797362
v 2.691939 -19.965643 -2.612622
v 2.599159 -19.970000 -2.612622
v 2.599159 -19.970000 -2.612622
v 2.691939 -19.965643 -2.612622
v 2.599159 -19.970000 2.612622
v 2.691939 -19.965643 -2.612622
v 2.691939 -19.965643 2.612622
v 2.599159 -19.970000 2.612622
v 2.599159 -19.970000 2.612622
v 2.691939 -19.965643 2.612622
v 2.597363 -19.893478 2.797363
v 2.691939 -19.965643 2.612622
v 2.684610 -19.889381 2.797363
v 2.597363 -19.893478 2.797363
v 2.597363 -19.893478 2.797363
v 2.684610 -19.889381 2.797363
v 2.593027 -19.708738 2.873884
v 2.684610 -19.889381 2.797363
v 2.666916 -19.705268 2.873884
v 2.593027 -19.708738 2.873884
v 2.666916 -19.705268 -2.873884
v 2.738354 -19.694858 -2.873884
v 2.684610 -19.889381 -2.797362
v 2.738354 -19.694858 -2.873884
v 2.774294 -19.876313 -2.797362
v 2.684610 -19.889381 -2.797362
v 2.684610 -19.889381 -2.797362
v 2.774294 -19.876313 -2.797362
v 2.691939 -19.965643 -2.612622
v 2.774294 -19.876313 -2.797362
v 2.789180 -19.951473 -2.612622
v 2.691939 -19.965643 -2.612622
v 2.691939 -19.965643 -2.612622
v 2.789180 -19.951473 -2.612622
v 2.691939 -19.965643 2.612622
v 2.789180 -19.951473 -2.612622
v 2.789180 -19.951473 2.612622
v 2.691939 -19.965643 2.612622
v 2.691939 -19.965643 2.612622
v 2.789180 -19.951473 2.612622
v 2.684610 -19.889381 2.797363
v 2.789180 -19.951473 2.612622
v 2.774294 -19.876313 2.797363
v 2.684610 -19.889381 2.797363
v 2.684610 -19.889381 2.797363
v 2.774294 -19.876313 2.797363
v 2.666916 -19.705268 2.873884
v 2.774294 -19.876313 2.797363
v 2.738354 -19.694858 2.873884
v 2.666916 -19.705268 2.873884
v 2.738354 -19.694858 -2.873884
v 2.807344 -19.677509 -2.873884
v 2.774294 -19.876313 -2.797362
v 2.807344 -19.677509 -2.873884
v 2.861690 -19.854334 -2.797362
v 2.774294 -19.876313 -2.797362
v 2.774294 -19.876313 -2.797362
v 2.861690 -19.854334 -2.797362
v 2.789180 -19.951473 -2.612622
v 2.861690 -19.854334 -2.797362
v 2.884202 -19.927577 -2.612622
v 2.789180 -19.951473 -2.612622
v 2.789180 -19.951473 -2.612622
v 2.884202 -19.927577 -2.612622
v 2.789180 -19.951473 2.612622
v 2.884202 -19.927577 -2.612622
v 2.884202 -19.927577 2.612622
v 2.789180 -19.951473 2.612622
v 2.789180 -19.951473 2.612622
v 2.884202 -19.927577 2.612622
v 2.774294 -19.876313 2.797363
v 2.884202 -19.927577 2.612622
v 2.861690 -19.854334 2.797363
v 2.774294 -19.876313 2.797363
v 2.774294 -19.876313 2.797363
v 2.861690 -19.854334 2.797363
v 2.738354 -19.694858 2.873884
v 2.861690 -19.854334 2.797363
v 2.807344 -19.677509 2.873884
v 2.738354 -19.694858 2.873884
v 2.807344 -19.677509 -2.873884
v 2.873884 -19.653220 -2.873884
v 2.861690 -19.854334 -2.797362
v 2.873884 -19.653220 -2.873884
v 2.946212 -19.823481 -2.797362
v 2.861690 -19.854334 -2.797362
v 2.861690 -19.854334 -2.797362
v 2.946212 -19.823481 -2.797362
v 2.884202 -19.927577 -2.612622
v 2.946212 -19.823481 -2.797362
v 2.976170 -19.894006 -2.612622
v 2.884202 -19.927577 -2.612622
v 2.884202 -19.927577 -2.612622
v 2.976170 -19.894006 -2.612622
v 2.884202 -19.927577 2.612622
v 2.976170 -19.894006 -2.612622
v 2.976170 -19.894006 2.612622
v 2.884202 -19.927577 2.612622
v 2.884202 -19.927577 2.612622
v 2.976170 -19.894006 2.612622
v 2.861690 -19.854334 2.797363
v 2.976170 -19.894006 2.612622
v 2.946212 -19.823481 2.797363
v 2.861690 -19.854334 2.797363
v 2.861690 -19.854334 2.797363
v 2.946212 -19.823481 2.797363
v 2.807344 -19.677509 2.873884
v 2.946212 -19.823481 2.797363
v 2.873884 -19.653220 2.873884
v 2.807344 -19.677509 2.873884
v 2.873884 -19.653220 -2.873884
v 2.937975 -19.621991 -2.873884
v 2.946212 -19.823481 -2.797362
v 2.937975 -19.621991 -2.873884
v 3.027292 -19.783974 -2.797362
v 2.946212 -19.823481 -2.797362
v 2.946212 -19.823481 -2.797362
v 3.027292 -19.783974 -2.797362
v 2.976170 -19.894006 -2.612622
v 3.027292 -19.783974 -2.797362
v 3.064288 -19.851070 -2.612622
v 2.976170 -19.894006 -2.612622
v 2.976170 -19.894006 -2.612622
v 3.064288 -19.851070 -2.612622
v 2.976170 -19.894006 2.612622
v 3.064288 -19.851070 -2.612622
v 3.064288 -19.851070 2.612622
v 2.976170 -19.894006 2.612622
v 2.976170 -19.894006 2.612622
v 3.064288 -19.851070 2.612622
v 2.946212 -19.823481 2.797363
v 3.064288 -19.851070 2.612622
v 3.027292 -19.783974 2.797363
v 2.946212 -19.823481 2.797363
v 2.946212 -19.823481 2.797363
v 3.027292 -19.783974 2.797363
v 2.873884 -19.653220 2.873884
v 3.027292 -19.783974 2.797363
v 2.937975 -19.621991 2.873884
v 2.873884 -19.653220 2.873884
v 2.937975 -19.621991 -2.873884
v 2.999616 -19.583822 -2.873884
v 3.027292 -19.783974 -2.797362
v 2.999616 -19.583822 -2.873884
v 3.104478 -19.736180 -2.797362
v 3.027292 -19.783974 -2.797362
v 3.027292 -19.783974 -2.797362
v 3.104478 -19.736180 -2.797362
v 3.064288 -19.851070 -2.612622
v 3.104478 -19.736180 -2.797362
v 3.147912 -19.799289 -2.612622
v 3.064288 -19.851070 -2.612622
v 3.064288 -19.851070 -2.612622
v 3.147912 -19.799289 -2.612622
v 3.064288 -19.851070 2.612622
v 3.147912 -19.799289 -2.612622
v 3.147912 -19.799289 2.612622
v 3.064288 -19.851070 2.612622
v 3.064288 -19.851070 2.612622
v 3.147912 -19.799289 2.612622
v 3.027292 -19.783974 2.797363
v 3.147912 -19.799289 2.612622
v 3.104478 -19.736180 2.797363
v 3.027292 -19.783974 2.797363
v 3.027292 -19.783974 2.797363
v 3.104478 -19.736180 2.797363
v 2.937975 -19.621991 2.873884
v 3.104478 -19.736180 2.797363
v 2.999616 -19.583822 2.873884
v 2.937975 -19.621991 2.873884
v 2.999616 -19.583822 -2.873884
v 3.058808 -19.538713 -2.873884
v 3.104478 -19.736180 -2.797362
v 3.058808 -19.538713 -2.873884
v 3.177482 -19.680546 -2.797362
v 3.104478 -19.736180 -2.797362
v 3.104478 -19.736180 -2.797362
v 3.177482 -19.680546 -2.797362
v 3.147912 -19.799289 -2.612622
v 3.177482 -19.680546 -2.797362
v 3.226638 -19.739295 -2.612622
v 3.147912 -19.799289 -2.612622
v 3.147912 -19.799289 -2.612622
v 3.226638 -19.739295 -2.612622
v 3.147912 -19.799289 2.612622
v 3.226638 -19.739295 -2.612622
v 3.226638 -19.739295 2.612622
v 3.147912 -19.799289 2.612622
v 3.147912 -19.799289 2.612622
v 3.226638 -19.739295 2.612622
v 3.104478 -19.736180 2.797363
v 3.226638 -19.739295 2.612622
v 3.177482 -19.680546 2.797363
v 3.104478 -19.736180 2.797363
v 3.104478 -19.736180 2.797363
v 3.177482 -19.680546 2.797363
v 2.999616 -19.583822 2.873884
v 3.177482 -19.680546 2.797363
v 3.058808 -19.538713 2.873884
v 2.999616 -19.583822 2.873884
v 3.058808 -19.538713 -2.873884
v 3.115552 -19.486665 -2.873884
v 3.177482 -19.680546 -2.797362
v 3.115552 -19.486665 -2.873884
v 3.243366 -19.620113 -2.797362
v 3.177482 -19.680546 -2.797362
v 3.177482 -19.680546 -2.797362
v 3.243366 -19.620113 -2.797362
v 3.226638 -19.739295 -2.612622
v 3.243366 -19.620113 -2.797362
v 3.296308 -19.675389 -2.612622
v 3.226638 -19.739295 -2.612622
v 3.226638 -19.739295 -2.612622
v 3.296308 -19.675389 -2.612622
v 3.226638 -19.739295 2.612622
v 3.296308 -19.675389 -2.612622
v 3.296308 -19.675389 2.612622
v 3.226638 -19.739295 2.612622
v 3.226638 -19.739295 2.612622
v 3.296308 -19.675389 2.612622
v 3.177482 -19.680546 2.797363
v 3.296308 -19.675389 2.612622
v 3.243366 -19.620113 2.797363
v 3.177482 -19.680546 2.797363
v 3.177482 -19.680546 2.797363
v 3.243366 -19.620113 2.797363
v 3.058808 -19.538713 2.873884
v 3.243366 -19.620113 2.797363
v 3.115552 -19.486665 2.873884
v 3.058808 -19.538713 2.873884
v 3.115552 -19.486665 -2.873884
v 5.728174 -16.874043 -2.873884
v 3.243366 -19.620113 -2.797362
v 5.728174 -16.874043 -2.873884
v 5.861914 -17.001565 -2.797362
v 3.243366 -19.620113 -2.797362
v 3.243366 -19.620113 -2.797362
v 5.861914 -17.001565 -2.797362
v 3.296308 -19.675389 -2.612622
v 5.861914 -17.001565 -2.797362
v 5.917310 -17.054387 -2.612622
v 3.296308 -19.675389 -2.612622
v 3.296308 -19.675389 -2.612622
v 5.917310 -17.054387 -2.612622
v 3.296308 -19.675389 2.612622
v 5.917310 -17.054387 -2.612622
v 5.917310 -17.054387 2.612622
v 3.296308 -19.675389 2.612622
v 3.296308 -19.675389 2.612622
v 5.917310 -17.054387 2.612622
v 3.243366 -19.620113 2.797363
v 5.917310 -17.054387 2.612622
v 5.861914 -17.001565 2.797363
v 3.243366 -19.620113 2.797363
v 3.243366 -19.620113 2.797363
v 5.861914 -17.001565 2.797363
v 3.115552 -19.486665 2.873884
v 5.861914 -17.001565 2.797363
v 5.728174 -16.874043 2.873884
v 3.115552 -19.486665 2.873884
v 5.728174 -16.874043 -2.873884
v 5.777161 -16.820158 -2.873884
v 5.861914 -17.001565 -2.797362
v 5.777161 -16.820158 -2.873884
v 5.920007 -16.937662 -2.797362
v 5.861914 -17.001565 -2.797362
v 5.861914 -17.001565 -2.797362
v 5.920007 -16.937662 -2.797362
v 5.917310 -17.054387 -2.612622
v 5.920007 -16.937662 -2.797362
v 5.979175 -16.986334 -2.612622
v 5.917310 -17.054387 -2.612622
v 5.917310 -17.054387 -2.612622
v 5.979175 -16.986334 -2.612622
v 5.917310 -17.054387 2.612622
v 5.979175 -16.986334 -2.612622
v 5.979175 -16.986334 2.612622
v 5.917310 -17.054387 2.612622
v 5.917310 -17.054387 2.612622
v 5.979175 -16.986334 2.612622
v 5.861914 -17.001565 2.797363
v 5.979175 -16.986334 2.612622
v 5.920007 -16.937662 2.797363
v 5.861914 -17.001565 2.797363
v 5.861914 -17.001565 2.797363
v 5.920007 -16.937662 2.797363
v 5.728174 -16.874043 2.873884
v 5.920007 -16.937662 2.797363
v 5.777161 -16.820158 2.873884
v 5.728174 -16.874043 2.873884
v 5.777161 -16.820158 -2.873884
v 5.819615 -16.763007 -2.873884
v 5.920007 -16.937662 -2.797362
v 5.819615 -16.763007 -2.873884
v 5.973564 -16.865566 -2.797362
v 5.920007 -16.937662 -2.797362
v 5.920007 -16.937662 -2.797362
v 5.973564 -16.865566 -2.797362
v 5.979175 -16.986334 -2.612622
v 5.973564 -16.865566 -2.797362
v 6.037332 -16.908048 -2.612622
v 5.979175 -16.986334 -2.612622
v 5.979175 -16.986334 -2.612622
v 6.037332 -16.908048 -2.612622
v 5.979175 -16.986334 2.612622
v 6.037332 -16.908048 -2.612622
v 6.037332 -16.908048 2.612622
v 5.979175 -16.986334 2.612622
v 5.979175 -16.986334 2.612622
v 6.037332 -16.908048 2.612622
v 5.920007 -16.937662 2.797363
v 6.037332 -16.908048 2.612622
v 5.973564 -16.865566 2.797363
v 5.920007 -16.937662 2.797363
v 5.920007 -16.937662 2.797363
v 5.973564 -16.865566 2.797363
v 5.777161 -16.820158 2.873884
v 5.973564 -16.865566 2.797363
v 5.819615 -16.763007 2.873884
v 5.777161 -16.820158 2.873884
v 5.819615 -16.763007 -2.873884
v 5.855538 -16.702590 -2.873884
v 5.973564 -16.865566 -2.797362
v 5.855538 -16.702590 -2.873884
v 6.019246 -16.788739 -2.797362
v 5.973564 -16.865566 -2.797362
v 5.973564 -16.865566 -2.797362
v 6.019246 -16.788739 -2.797362
v 6.037332 -16.908048 -2.612622
v 6.019246 -16.788739 -2.797362
v 6.087054 -16.824423 -2.612622
v 6.037332 -16.908048 -2.612622
v 6.037332 -16.908048 -2.612622
v 6.087054 -16.824423 -2.612622
v 6.037332 -16.908048 2.612622
v 6.087054 -16.824423 -2.612622
v 6.087054 -16.824423 2.612622
v 6.037332 -16.908048 2.612622
v 6.037332 -16.908048 2.612622
v 6.087054 -16.824423 2.612622
v 5.973564 -16.865566 2.797363
v 6.087054 -16.824423 2.612622
v 6.019246 -16.788739 2.797363
v 5.973564 -16.865566 2.797363
v 5.973564 -16.865566 2.797363
v 6.019246 -16.788739 2.797363
v 5.819615 -16.763007 2.873884
v 6.019246 -16.788739 2.797363
v 5.855538 -16.702590 2.873884
v 5.819615 -16.763007 2.873884
v 5.855538 -16.702590 -2.873884
v 5.884931 -16.638907 -2.873884
v 6.019246 -16.788739 -2.797362
v 5.884931 -16.638907 -2.873884
v 6.056672 -16.707648 -2.797362
v 6.019246 -16.788739 -2.797362
v 6.019246 -16.788739 -2.797362
v 6.056672 -16.707648 -2.797362
v 6.087054 -16.824423 -2.612622
v 6.056672 -16.707648 -2.797362
v 6.127809 -16.736121 -2.612622
v 6.087054 -16.824423 -2.612622
v 6.087054 -16.824423 -2.612622
v 6.127809 -16.736121 -2.612622
v 6.087054 -16.824423 2.612622
v 6.127809 -16.736121 -2.612622
v 6.127809 -16.736121 2.612622
v 6.087054 -16.824423 2.612622
v 6.087054 -16.824423 2.612622
v 6.127809 -16.736121 2.612622
v 6.019246 -16.788739 2.797363
v 6.127809 -16.736121 2.612622
v 6.056672 -16.707648 2.797363
v 6.019246 -16.788739 2.797363
v 6.019246 -16.788739 2.797363
v 6.056672 -16.707648 2.797363
v 5.855538 -16.702590 2.873884
v 6.056672 -16.707648 2.797363
v 5.884931 -16.638907 2.873884
v 5.855538 -16.702590 2.873884
v 5.884931 -16.638907 -2.873884
v 5.907791 -16.571958 -2.873884
v 6.056672 -16.707648 -2.797362
v 5.907791 -16.571958 -2.873884
v 6.085623 -16.622859 -2.797362
v 6.056672 -16.707648 -2.797362
v 6.056672 -16.707648 -2.797362
v 6.085623 -16.622859 -2.797362
v 6.127809 -16.736121 -2.612622
v 6.085623 -16.622859 -2.797362
v 6.159285 -16.643943 -2.612622
v 6.127809 -16.736121 -2.612622
v 6.127809 -16.736121 -2.612622
v 6.159285 -16.643943 -2.612622
v 6.127809 -16.736121 2.612622
v 6.159285 -16.643943 -2.612622
v 6.159285 -16.643943 2.612622
v 6.127809 -16.736121 2.612622
v 6.127809 -16.736121 2.612622
v 6.159285 -16.643943 2.612622
v 6.056672 -16.707648 2.797363
v 6.159285 -16.643943 2.612622
v 6.085623 -16.622859 2.797363
v 6.056672 -16.707648 2.797363
v 6.056672 -16.707648 2.797363
v 6.085623 -16.622859 2.797363
v 5.884931 -16.638907 2.873884
v 6.085623 -16.622859 2.797363
v 5.907791 -16.571958 2.873884
v 5.884931 -16.638907 2.873884
v 5.907791 -16.571958 -2.873884
v 5.924120 -16.501744 -2.873884
v 6.085623 -16.622859 -2.797362
v 5.924120 -16.501744 -2.873884
v 6.106068 -16.534952 -2.797362
v 6.085623 -16.622859 -2.797362
v 6.085623 -16.622859 -2.797362
v 6.106068 -16.534952 -2.797362
v 6.159285 -16.643943 -2.612622
v 6.106068 -16.534952 -2.797362
v 6.181433 -16.548707 -2.612622
v 6.159285 -16.643943 -2.612622
v 6.159285 -16.643943 -2.612622
v 6.181433 -16.548707 -2.612622
v 6.159285 -16.643943 2.612622
v 6.181433 -16.548707 -2.612622
v 6.181433 -16.548707 2.612622
v 6.159285 -16.643943 2.612622
v 6.159285 -16.643943 2.612622
v 6.181433 -16.548707 2.612622
v 6.085623 -16.622859 2.797363
v 6.181433 -16.548707 2.612622
v 6.106068 -16.534952 2.797363
v 6.085623 -16.622859 2.797363
v 6.085623 -16.622859 2.797363
v 6.106068 -16.534952 2.797363
v 5.907791 -16.571958 2.873884
v 6.106068 -16.534952 2.797363
v 5.924120 -16.501744 2.873884
v 5.907791 -16.571958 2.873884
v 5.924120 -16.501744 -2.873884
v 5.933917 -16.428264 -2.873884
v 6.106068 -16.534952 -2.797362
v 5.933917 -16.428264 -2.873884
v 6.118137 -16.444432 -2.797362
v 6.106068 -16.534952 -2.797362
v 6.106068 -16.534952 -2.797362
v 6.118137 -16.444432 -2.797362
v 6.181433 -16.548707 -2.612622
v 6.118137 -16.444432 -2.797362
v 6.194442 -16.451129 -2.612622
v 6.181433 -16.548707 -2.612622
v 6.181433 -16.548707 -2.612622
v 6.194442 -16.451129 -2.612622
v 6.181433 -16.548707 2.612622
v 6.194442 -16.451129 -2.612622
v 6.194442 -16.451129 2.612622
v 6.181433 -16.548707 2.612622
v 6.181433 -16.548707 2.612622
v 6.194442 -16.451129 2.612622
v 6.106068 -16.534952 2.797363
v 6.194442 -16.451129 2.612622
v 6.118137 -16.444432 2.797363
v 6.106068 -16.534952 2.797363
v 6.106068 -16.534952 2.797363
v 6.118137 -16.444432 2.797363
v 5.924120 -16.501744 2.873884
v 6.118137 -16.444432 2.797363
v 5.933917 -16.428264 2.873884
v 5.924120 -16.501744 2.873884
v 5.933917 -16.428264 -2.873884
v 5.937183 -16.351519 -2.873884
v 6.118137 -16.444432 -2.797362
v 5.937183 -16.351519 -2.873884
v 6.121924 -16.355447 -2.797362
v 6.118137 -16.444432 -2.797362
v 6.118137 -16.444432 -2.797362
v 6.121924 -16.355447 -2.797362
v 6.194442 -16.451129 -2.612622
v 6.121924 -16.355447 -2.797362
v 6.198446 -16.357075 -2.612622
v 6.194442 -16.451129 -2.612622
v 6.194442 -16.451129 -2.612622
v 6.198446 -16.357075 -2.612622
v 6.194442 -16.451129 2.612622
v 6.198446 -16.357075 -2.612622
v 6.198446 -16.357075 2.612622
v 6.194442 -16.451129 2.612622
v 6.194442 -16.451129 2.612622
v 6.198446 -16.357075 2.612622
v 6.118137 -16.444432 2.797363
v 6.198446 -16.357075 2.612622
v 6.121924 -16.355447 2.797363
v 6.118137 -16.444432 2.797363
v 6.118137 -16.444432 2.797363
v 6.121924 -16.355447 2.797363
v 5.933917 -16.428264 2.873884
v 6.121924 -16.355447 2.797363
v 5.937183 -16.351519 2.873884
v 5.933917 -16.428264 2.873884
v 5.937183 -16.351519 -2.873884
v 5.937183 -13.660518 -2.873884
v 6.121924 -16.355447 -2.797362
v 5.937183 -13.660518 -2.873884
v 6.121924 -13.658352 -2.797362
v 6.121924 -16.355447 -2.797362
v 6.121924 -16.355447 -2.797362
v 6.121924 -13.658352 -2.797362
v 6.198446 -16.357075 -2.612622
v 6.121924 -13.658352 -2.797362
v 6.198446 -13.657454 -2.612622
v 6.198446 -16.357075 -2.612622
v 6.198446 -16.357075 -2.612622
v 6.198446 -13.657454 -2.612622
v 6.198446 -16.357075 2.612622
v 6.198446 -13.657454 -2.612622
v 6.198446 -13.657454 2.612622
v 6.198446 -16.357075 2.612622
v 6.198446 -16.357075 2.612622
v 6.198446 -13.657454 2.612622
v 6.121924 -16.355447 2.797363
v 6.198446 -13.657454 2.612622
v 6.121924 -13.658352 2.797363
v 6.121924 -16.355447 2.797363
v 6.121924 -16.355447 2.797363
v 6.121924 -13.658352 2.797363
v 5.937183 -16.351519 2.873884
v 6.121924 -13.658352 2.797363
v 5.937183 -13.660518 2.873884
v 5.937183 -16.351519 2.873884
v 5.937183 -13.660518 -2.873884
v 5.936367 -13.625717 -2.873884
v 6.121924 -13.658352 -2.797362
v 5.936367 -13.625717 -2.873884
v 6.120944 -13.616615 -2.797362
v 6.121924 -13.658352 -2.797362
v 6.121924 -13.658352 -2.797362
v 6.120944 -13.616615 -2.797362
v 6.198446 -13.657454 -2.612622
v 6.120944 -13.616615 -2.797362
v 6.197399 -13.612844 -2.612622
v 6.198446 -13.657454 -2.612622
v 6.198446 -13.657454 -2.612622
v 6.197399 -13.612844 -2.612622
v 6.198446 -13.657454 2.612622
v 6.197399 -13.612844 -2.612622
v 6.197399 -13.612844 2.612622
v 6.198446 -13.657454 2.612622
v 6.198446 -13.657454 2.612622
v 6.197399 -13.612844 2.612622
v 6.121924 -13.658352 2.797363
v 6.197399 -13.612844 2.612622
v 6.120944 -13.616615 2.797363
v 6.121924 -13.658352 2.797363
v 6.121924 -13.658352 2.797363
v 6.120944 -13.616615 2.797363
v 5.937183 -13.660518 2.873884
v 6.120944 -13.616615 2.797363
v 5.936367 -13.625717 2.873884
v 5.937183 -13.660518 2.873884
v 5.936367 -13.625717 -2.873884
v 5.933917 -13.593161 -2.873884
v 6.120944 -13.616615 -2.797362
v 5.933917 -13.593161 -2.873884
v 6.117730 -13.573885 -2.797362
v 6.120944 -13.616615 -2.797362
v 6.120944 -13.616615 -2.797362
v 6.117730 -13.573885 -2.797362
v 6.197399 -13.612844 -2.612622
v 6.117730 -13.573885 -2.797362
v 6.193868 -13.565901 -2.612622
v 6.197399 -13.612844 -2.612622
v 6.197399 -13.612844 -2.612622
v 6.193868 -13.565901 -2.612622
v 6.197399 -13.612844 2.612622
v 6.193868 -13.565901 -2.612622
v 6.193868 -13.565901 2.612622
v 6.197399 -13.612844 2.612622
v 6.197399 -13.612844 2.612622
v 6.193868 -13.565901 2.612622
v 6.120944 -13.616615 2.797363
v 6.193868 -13.565901 2.612622
v 6.117730 -13.573885 2.797363
v 6.120944 -13.616615 2.797363
v 6.120944 -13.616615 2.797363
v 6.117730 -13.573885 2.797363
v 5.936367 -13.625717 2.873884
v 6.117730 -13.573885 2.797363
v 5.933917 -13.593161 2.873884
v 5.936367 -13.625717 2.873884
v 5.933917 -13.593161 -2.873884
v 5.929836 -13.562851 -2.873884
v 6.117730 -13.573885 -2.797362
v 5.929836 -13.562851 -2.873884
v 6.112097 -13.532056 -2.797362
v 6.117730 -13.573885 -2.797362
v 6.117730 -13.573885 -2.797362
v 6.112097 -13.532056 -2.797362
v 6.193868 -13.565901 -2.612622
v 6.112097 -13.532056 -2.797362
v 6.187591 -13.519300 -2.612622
v 6.193868 -13.565901 -2.612622
v 6.193868 -13.565901 -2.612622
v 6.187591 -13.519300 -2.612622
v 6.193868 -13.565901 2.612622
v 6.187591 -13.519300 -2.612622
v 6.187591 -13.519300 2.612622
v 6.193868 -13.565901 2.612622
v 6.193868 -13.565901 2.612622
v 6.187591 -13.519300 2.612622
v 6.117730 -13.573885 2.797363
v 6.187591 -13.519300 2.612622
v 6.112097 -13.532056 2.797363
v 6.117730 -13.573885 2.797363
v 6.117730 -13.573885 2.797363
v 6.112097 -13.532056 2.797363
v 5.933917 -13.593161 2.873884
v 6.112097 -13.532056 2.797363
v 5.929836 -13.562851 2.873884
v 5.933917 -13.593161 2.873884
v 5.929836 -13.562851 -2.873884
v 5.924120 -13.534786 -2.873884
v 6.112097 -13.532056 -2.797362
v 5.924120 -13.534786 -2.873884
v 6.103737 -13.491007 -2.797362
v 6.112097 -13.532056 -2.797362
v 6.112097 -13.532056 -2.797362
v 6.103737 -13.491007 -2.797362
v 6.187591 -13.519300 -2.612622
v 6.103737 -13.491007 -2.797362
v 6.178137 -13.472873 -2.612622
v 6.187591 -13.519300 -2.612622
v 6.187591 -13.519300 -2.612622
v 6.178137 -13.472873 -2.612622
v 6.187591 -13.519300 2.612622
v 6.178137 -13.472873 -2.612622
v 6.178137 -13.472873 2.612622
v 6.187591 -13.519300 2.612622
v 6.187591 -13.519300 2.612622
v 6.178137 -13.472873 2.612622
v 6.112097 -13.532056 2.797363
v 6.178137 -13.472873 2.612622
v 6.103737 -13.491007 2.797363
v 6.112097 -13.532056 2.797363
v 6.112097 -13.532056 2.797363
v 6.103737 -13.491007 2.797363
v 5.929836 -13.562851 2.873884
v 6.103737 -13.491007 2.797363
v 5.924120 -13.534786 2.873884
v 5.929836 -13.562851 2.873884
v 5.924120 -13.534786 -2.873884
v 5.916772 -13.508965 -2.873884
v 6.103737 -13.491007 -2.797362
v 5.916772 -13.508965 -2.873884
v 6.092263 -13.450689 -2.797362
v 6.103737 -13.491007 -2.797362
v 6.103737 -13.491007 -2.797362
v 6.092263 -13.450689 -2.797362
v 6.178137 -13.472873 -2.612622
v 6.092263 -13.450689 -2.797362
v 6.164953 -13.426551 -2.612622
v 6.178137 -13.472873 -2.612622
v 6.178137 -13.472873 -2.612622
v 6.164953 -13.426551 -2.612622
v 6.178137 -13.472873 2.612622
v 6.164953 -13.426551 -2.612622
v 6.164953 -13.426551 2.612622
v 6.178137 -13.472873 2.612622
v 6.178137 -13.472873 2.612622
v 6.164953 -13.426551 2.612622
v 6.103737 -13.491007 2.797363
v 6.164953 -13.426551 2.612622
v 6.092263 -13.450689 2.797363
v 6.103737 -13.491007 2.797363
v 6.103737 -13.491007 2.797363
v 6.092263 -13.450689 2.797363
v 5.924120 -13.534786 2.873884
v 6.092263 -13.450689 2.797363
v 5.916772 -13.508965 2.873884
v 5.924120 -13.534786 2.873884
v 5.916772 -13.508965 -2.873884
v 5.907791 -13.485390 -2.873884
v 6.092263 -13.450689 -2.797362
v 5.907791 -13.485390 -2.873884
v 6.077212 -13.411179 -2.797362
v 6.092263 -13.450689 -2.797362
v 6.092263 -13.450689 -2.797362
v 6.077212 -13.411179 -2.797362
v 6.164953 -13.426551 -2.612622
v 6.077212 -13.411179 -2.797362
v 6.147388 -13.380440 -2.612622
v 6.164953 -13.426551 -2.612622
v 6.164953 -13.426551 -2.612622
v 6.147388 -13.380440 -2.612622
v 6.164953 -13.426551 2.612622
v 6.147388 -13.380440 -2.612622
v 6.147388 -13.380440 2.612622
v 6.164953 -13.426551 2.612622
v 6.164953 -13.426551 2.612622
v 6.147388 -13.380440 2.612622
v 6.092263 -13.450689 2.797363
v 6.147388 -13.380440 2.612622
v 6.077212 -13.411179 2.797363
v 6.092263 -13.450689 2.797363
v 6.092263 -13.450689 2.797363
v 6.077212 -13.411179 2.797363
v 5.916772 -13.508965 2.873884
v 6.077212 -13.411179 2.797363
v 5.907791 -13.485390 2.873884
v 5.916772 -13.508965 2.873884
v 5.907791 -13.485390 -2.873884
v 5.897178 -13.464061 -2.873884
v 6.077212 -13.411179 -2.797362
v 5.897178 -13.464061 -2.873884
v 6.058091 -13.372754 -2.797362
v 6.077212 -13.411179 -2.797362
v 6.077212 -13.411179 -2.797362
v 6.058091 -13.372754 -2.797362
v 6.147388 -13.380440 -2.612622
v 6.058091 -13.372754 -2.797362
v 6.124743 -13.334933 -2.612622
v 6.147388 -13.380440 -2.612622
v 6.147388 -13.380440 -2.612622
v 6.124743 -13.334933 -2.612622
v 6.147388 -13.380440 2.612622
v 6.124743 -13.334933 -2.612622
v 6.124743 -13.334933 2.612622
v 6.147388 -13.380440 2.612622
v 6.147388 -13.380440 2.612622
v 6.124743 -13.334933 2.612622
v 6.077212 -13.411179 2.797363
v 6.124743 -13.334933 2.612622
v 6.058091 -13.372754 2.797363
v 6.077212 -13.411179 2.797363
v 6.077212 -13.411179 2.797363
v 6.058091 -13.372754 2.797363
v 5.907791 -13.485390 2.873884
v 6.058091 -13.372754 2.797363
v 5.897178 -13.464061 2.873884
v 5.907791 -13.485390 2.873884
v 5.897178 -13.464061 -2.873884
v 5.884931 -13.444977 -2.873884
v 6.058091 -13.372754 -2.797362
v 5.884931 -13.444977 -2.873884
v 6.036725 -13.339459 -2.797362
v 6.058091 -13.372754 -2.797362
v 6.058091 -13.372754 -2.797362
v 6.036725 -13.339459 -2.797362
v 6.124743 -13.334933 -2.612622
v 6.036725 -13.339459 -2.797362
v 6.099601 -13.295751 -2.612622
v 6.124743 -13.334933 -2.612622
v 6.124743 -13.334933 -2.612622
v 6.099601 -13.295751 -2.612622
v 6.124743 -13.334933 2.612622
v 6.099601 -13.295751 -2.612622
v 6.099601 -13.295751 2.612622
v 6.124743 -13.334933 2.612622
v 6.124743 -13.334933 2.612622
v 6.099601 -13.295751 2.612622
v 6.058091 -13.372754 2.797363
v 6.099601 -13.295751 2.612622
v 6.036725 -13.339459 2.797363
v 6.058091 -13.372754 2.797363
v 6.058091 -13.372754 2.797363
v 6.036725 -13.339459 2.797363
v 5.897178 -13.464061 2.873884
v 6.036725 -13.339459 2.797363
v 5.884931 -13.444977 2.873884
v 5.897178 -13.464061 2.873884
v 5.884931 -13.444977 -2.873884
v 5.871051 -13.426505 -2.873884
v 6.036725 -13.339459 -2.797362
v 5.871051 -13.426505 -2.873884
v 6.017202 -13.313477 -2.797362
v 6.036725 -13.339459 -2.797362
v 6.036725 -13.339459 -2.797362
v 6.017202 -13.313477 -2.797362
v 6.099601 -13.295751 -2.612622
v 6.017202 -13.313477 -2.797362
v 6.077741 -13.266659 -2.612622
v 6.099601 -13.295751 -2.612622
v 6.099601 -13.295751 -2.612622
v 6.077741 -13.266659 -2.612622
v 6.099601 -13.295751 2.612622
v 6.077741 -13.266659 -2.612622
v 6.077741 -13.266659 2.612622
v 6.099601 -13.295751 2.612622
v 6.099601 -13.295751 2.612622
v 6.077741 -13.266659 2.612622
v 6.036725 -13.339459 2.797363
v 6.077741 -13.266659 2.612622
v 6.017202 -13.313477 2.797363
v 6.036725 -13.339459 2.797363
v 6.036725 -13.339459 2.797363
v 6.017202 -13.313477 2.797363
v 5.884931 -13.444977 2.873884
v 6.017202 -13.313477 2.797363
v 5.871051 -13.426505 2.873884
v 5.884931 -13.444977 2.873884
v 5.871051 -13.426505 -2.873884
v 5.855538 -13.407012 -2.873884
v 6.017202 -13.313477 -2.797362
v 5.855538 -13.407012 -2.873884
v 5.998710 -13.290239 -2.797362
v 6.017202 -13.313477 -2.797362
v 6.017202 -13.313477 -2.797362
v 5.998710 -13.290239 -2.797362
v 6.077741 -13.266659 -2.612622
v 5.998710 -13.290239 -2.797362
v 6.058014 -13.241870 -2.612622
v 6.077741 -13.266659 -2.612622
v 6.077741 -13.266659 -2.612622
v 6.058014 -13.241870 -2.612622
v 6.077741 -13.266659 2.612622
v 6.058014 -13.241870 -2.612622
v 6.058014 -13.241870 2.612622
v 6.077741 -13.266659 2.612622
v 6.077741 -13.266659 2.612622
v 6.058014 -13.241870 2.612622
v 6.017202 -13.313477 2.797363
v 6.058014 -13.241870 2.612622
v 5.998710 -13.290239 2.797363
v 6.017202 -13.313477 2.797363
v 6.017202 -13.313477 2.797363
v 5.998710 -13.290239 2.797363
v 5.871051 -13.426505 2.873884
v 5.998710 -13.290239 2.797363
v 5.855538 -13.407012 2.873884
v 5.871051 -13.426505 2.873884
v 5.855538 -13.407012 -2.873884
v 5.838393 -13.386499 -2.873884
v 5.998710 -13.290239 -2.797362
v 5.838393 -13.386499 -2.873884
v 5.978900 -13.266539 -2.797362
v 5.998710 -13.290239 -2.797362
v 5.998710 -13.290239 -2.797362
v 5.978900 -13.266539 -2.797362
v 6.058014 -13.241870 -2.612622
v 5.978900 -13.266539 -2.797362
v 6.037100 -13.216850 -2.612622
v 6.058014 -13.241870 -2.612622
v 6.058014 -13.241870 -2.612622
v 6.037100 -13.216850 -2.612622
v 6.058014 -13.241870 2.612622
v 6.037100 -13.216850 -2.612622
v 6.037100 -13.216850 2.612622
v 6.058014 -13.241870 2.612622
v 6.058014 -13.241870 2.612622
v 6.037100 -13.216850 2.612622
v 5.998710 -13.290239 2.797363
v 6.037100 -13.216850 2.612622
v 5.978900 -13.266539 2.797363
v 5.998710 -13.290239 2.797363
v 5.998710 -13.290239 2.797363
v 5.978900 -13.266539 2.797363
v 5.855538 -13.407012 2.873884
v 5.978900 -13.266539 2.797363
v 5.838393 -13.386499 2.873884
v 5.855538 -13.407012 2.873884
v 5.838393 -13.386499 -2.873884
v 5.819615 -13.364965 -2.873884
v 5.978900 -13.266539 -2.797362
v 5.819615 -13.364965 -2.873884
v 5.957734 -13.242265 -2.797362
v 5.978900 -13.266539 -2.797362
v 5.978900 -13.266539 -2.797362
v 5.957734 -13.242265 -2.797362
v 6.037100 -13.216850 -2.612622
v 5.957734 -13.242265 -2.797362
v 6.014943 -13.191441 -2.612622
v 6.037100 -13.216850 -2.612622
v 6.037100 -13.216850 -2.612622
v 6.014943 -13.191441 -2.612622
v 6.037100 -13.216850 2.612622
v 6.014943 -13.191441 -2.612622
v 6.014943 -13.191441 2.612622
v 6.037100 -13.216850 2.612622
v 6.037100 -13.216850 2.612622
v 6.014943 -13.191441 2.612622
v 5.978900 -13.266539 2.797363
v 6.014943 -13.191441 2.612622
v 5.957734 -13.242265 2.797363
v 5.978900 -13.266539 2.797363
v 5.978900 -13.266539 2.797363
v 5.957734 -13.242265 2.797363
v 5.838393 -13.386499 2.873884
v 5.957734 -13.242265 2.797363
v 5.819615 -13.364965 2.873884
v 5.838393 -13.386499 2.873884
v 5.819615 -13.364965 -2.873884
v 5.799203 -13.342411 -2.873884
v 5.957734 -13.242265 -2.797362
v 5.799203 -13.342411 -2.873884
v 5.935170 -13.217334 -2.797362
v 5.957734 -13.242265 -2.797362
v 5.957734 -13.242265 -2.797362
v 5.935170 -13.217334 -2.797362
v 6.014943 -13.191441 -2.612622
v 5.935170 -13.217334 -2.797362
v 5.991491 -13.165525 -2.612622
v 6.014943 -13.191441 -2.612622
v 6.014943 -13.191441 -2.612622
v 5.991491 -13.165525 -2.612622
v 6.014943 -13.191441 2.612622
v 5.991491 -13.165525 -2.612622
v 5.991491 -13.165525 2.612622
v 6.014943 -13.191441 2.612622
v 6.014943 -13.191441 2.612622
v 5.991491 -13.165525 2.612622
v 5.957734 -13.242265 2.797363
v 5.991491 -13.165525 2.612622
v 5.935170 -13.217334 2.797363
v 5.957734 -13.242265 2.797363
v 5.957734 -13.242265 2.797363
v 5.935170 -13.217334 2.797363
v 5.819615 -13.364965 2.873884
v 5.935170 -13.217334 2.797363
v 5.799203 -13.342411 2.873884
v 5.819615 -13.364965 2.873884
v 5.799203 -13.342411 -2.873884
v 5.777161 -13.318836 -2.873884
v 5.935170 -13.217334 -2.797362
v 5.777161 -13.318836 -2.873884
v 5.911182 -13.191680 -2.797362
v 5.935170 -13.217334 -2.797362
v 5.935170 -13.217334 -2.797362
v 5.911182 -13.191680 -2.797362
v 5.991491 -13.165525 -2.612622
v 5.911182 -13.191680 -2.797362
v 5.966697 -13.139010 -2.612622
v 5.991491 -13.165525 -2.612622
v 5.991491 -13.165525 -2.612622
v 5.966697 -13.139010 -2.612622
v 5.991491 -13.165525 2.612622
v 5.966697 -13.139010 -2.612622
v 5.966697 -13.139010 2.612622
v 5.991491 -13.165525 2.612622
v 5.991491 -13.165525 2.612622
v 5.966697 -13.139010 2.612622
v 5.935170 -13.217334 2.797363
v 5.966697 -13.139010 2.612622
v 5.911182 -13.191680 2.797363
v 5.935170 -13.217334 2.797363
v 5.935170 -13.217334 2.797363
v 5.911182 -13.191680 2.797363
v 5.799203 -13.342411 2.873884
v 5.911182 -13.191680 2.797363
v 5.777161 -13.318836 2.873884
v 5.799203 -13.342411 2.873884
v 5.777161 -13.318836 -2.873884
v 5.753483 -13.294241 -2.873884
v 5.911182 -13.191680 -2.797362
v 5.753483 -13.294241 -2.873884
v 5.885742 -13.165252 -2.797362
v 5.911182 -13.191680 -2.797362
v 5.911182 -13.191680 -2.797362
v 5.885742 -13.165252 -2.797362
v 5.966697 -13.139010 -2.612622
v 5.885742 -13.165252 -2.797362
v 5.940526 -13.111824 -2.612622
v 5.966697 -13.139010 -2.612622
v 5.966697 -13.139010 -2.612622
v 5.940526 -13.111824 -2.612622
v 5.966697 -13.139010 2.612622
v 5.940526 -13.111824 -2.612622
v 5.940526 -13.111824 2.612622
v 5.966697 -13.139010 2.612622
v 5.966697 -13.139010 2.612622
v 5.940526 -13.111824 2.612622
v 5.911182 -13.191680 2.797363
v 5.940526 -13.111824 2.612622
v 5.885742 -13.165252 2.797363
v 5.911182 -13.191680 2.797363
v 5.911182 -13.191680 2.797363
v 5.885742 -13.165252 2.797363
v 5.777161 -13.318836 2.873884
v 5.885742 -13.165252 2.797363
v 5.753483 -13.294241 2.873884
v 5.777161 -13.318836 2.873884
v 5.753483 -13.294241 -2.873884
v 5.728174 -13.268625 -2.873884
v 5.885742 -13.165252 -2.797362
v 5.728174 -13.268625 -2.873884
v 5.855484 -13.134628 -2.797362
v 5.885742 -13.165252 -2.797362
v 5.885742 -13.165252 -2.797362
v 5.855484 -13.134628 -2.797362
v 5.940526 -13.111824 -2.612622
v 5.855484 -13.134628 -2.797362
v 5.908218 -13.079125 -2.612622
v 5.940526 -13.111824 -2.612622
v 5.940526 -13.111824 -2.612622
v 5.908218 -13.079125 -2.612622
v 5.940526 -13.111824 2.612622
v 5.908218 -13.079125 -2.612622
v 5.908218 -13.079125 2.612622
v 5.940526 -13.111824 2.612622
v 5.940526 -13.111824 2.612622
v 5.908218 -13.079125 2.612622
v 5.885742 -13.165252 2.797363
v 5.908218 -13.079125 2.612622
v 5.855484 -13.134628 2.797363
v 5.885742 -13.165252 2.797363
v 5.885742 -13.165252 2.797363
v 5.855484 -13.134628 2.797363
v 5.753483 -13.294241 2.873884
v 5.855484 -13.134628 2.797363
v 5.728174 -13.268625 2.873884
v 5.753483 -13.294241 2.873884
v 5.728174 -13.268625 -2.873884
v 3.677265 -11.439789 -2.873884
v 5.855484 -13.134628 -2.797362
v 3.677265 -11.439789 -2.873884
v 3.829160 -11.327715 -2.797362
v 5.855484 -13.134628 -2.797362
v 5.855484 -13.134628 -2.797362
v 3.829160 -11.327715 -2.797362
v 5.908218 -13.079125 -2.612622
v 3.829160 -11.327715 -2.797362
v 3.892076 -11.281293 -2.612622
v 5.908218 -13.079125 -2.612622
v 5.908218 -13.079125 -2.612622
v 3.892076 -11.281293 -2.612622
v 5.908218 -13.079125 2.612622
v 3.892076 -11.281293 -2.612622
v 3.892076 -11.281293 2.612622
v 5.908218 -13.079125 2.612622
v 5.908218 -13.079125 2.612622
v 3.892076 -11.281293 2.612622
v 5.855484 -13.134628 2.797363
v 3.892076 -11.281293 2.612622
v 3.829160 -11.327715 2.797363
v 5.855484 -13.134628 2.797363
v 5.855484 -13.134628 2.797363
v 3.829160 -11.327715 2.797363
v 5.728174 -13.268625 2.873884
v 3.829160 -11.327715 2.797363
v 3.677265 -11.439789 2.873884
v 5.728174 -13.268625 2.873884
v 3.677265 -11.439789 -2.873884
v 3.468256 -10.982581 -2.873884
v 3.829160 -11.327715 -2.797362
v 3.468256 -10.982581 -2.873884
v 3.674947 -10.990375 -2.797362
v 3.829160 -11.327715 -2.797362
v 3.829160 -11.327715 -2.797362
v 3.674947 -10.990375 -2.797362
v 3.892076 -11.281293 -2.612622
v 3.674947 -10.990375 -2.797362
v 3.760561 -10.993604 -2.612622
v 3.892076 -11.281293 -2.612622
v 3.892076 -11.281293 -2.612622
v 3.760561 -10.993604 -2.612622
v 3.892076 -11.281293 2.612622
v 3.760561 -10.993604 -2.612622
v 3.760561 -10.993604 2.612622
v 3.892076 -11.281293 2.612622
v 3.892076 -11.281293 2.612622
v 3.760561 -10.993604 2.612622
v 3.829160 -11.327715 2.797363
v 3.760561 -10.993604 2.612622
v 3.674947 -10.990375 2.797363
v 3.829160 -11.327715 2.797363
v 3.829160 -11.327715 2.797363
v 3.674947 -10.990375 2.797363
v 3.677265 -11.439789 2.873884
v 3.674947 -10.990375 2.797363
v 3.468256 -10.982581 2.873884
v 3.677265 -11.439789 2.873884
v 3.468256 -10.982581 -2.873884
v 3.677265 -10.603751 -2.873884
v 3.674947 -10.990375 -2.797362
v 3.677265 -10.603751 -2.873884
v 3.823773 -10.720628 -2.797362
v 3.674947 -10.990375 -2.797362
v 3.674947 -10.990375 -2.797362
v 3.823773 -10.720628 -2.797362
v 3.760561 -10.993604 -2.612622
v 3.823773 -10.720628 -2.797362
v 3.884460 -10.769040 -2.612622
v 3.760561 -10.993604 -2.612622
v 3.760561 -10.993604 -2.612622
v 3.884460 -10.769040 -2.612622
v 3.760561 -10.993604 2.612622
v 3.884460 -10.769040 -2.612622
v 3.884460 -10.769040 2.612622
v 3.760561 -10.993604 2.612622
v 3.760561 -10.993604 2.612622
v 3.884460 -10.769040 2.612622
v 3.674947 -10.990375 2.797363
v 3.884460 -10.769040 2.612622
v 3.823773 -10.720628 2.797363
v 3.674947 -10.990375 2.797363
v 3.674947 -10.990375 2.797363
v 3.823773 -10.720628 2.797363
v 3.468256 -10.982581 2.873884
v 3.823773 -10.720628 2.797363
v 3.677265 -10.603751 2.873884
v 3.468256 -10.982581 2.873884
v 3.677265 -10.603751 -2.873884
v 5.728174 -8.774914 -2.873884
v 3.823773 -10.720628 -2.797362
v 5.728174 -8.774914 -2.873884
v 5.855621 -8.908789 -2.797362
v 3.823773 -10.720628 -2.797362
v 3.823773 -10.720628 -2.797362
v 5.855621 -8.908789 -2.797362
v 3.884460 -10.769040 -2.612622
v 5.855621 -8.908789 -2.797362
v 5.908412 -8.964241 -2.612622
v 3.884460 -10.769040 -2.612622
v 3.884460 -10.769040 -2.612622
v 5.908412 -8.964241 -2.612622
v 3.884460 -10.769040 2.612622
v 5.908412 -8.964241 -2.612622
v 5.908412 -8.964241 2.612622
v 3.884460 -10.769040 2.612622
v 3.884460 -10.769040 2.612622
v 5.908412 -8.964241 2.612622
v 3.823773 -10.720628 2.797363
v 5.908412 -8.964241 2.612622
v 5.855621 -8.908789 2.797363
v 3.823773 -10.720628 2.797363
v 3.823773 -10.720628 2.797363
v 5.855621 -8.908789 2.797363
v 3.677265 -10.603751 2.873884
v 5.855621 -8.908789 2.797363
v 5.728174 -8.774914 2.873884
v 3.677265 -10.603751 2.873884
v 5.728174 -8.774914 -2.873884
v 5.753483 -8.749196 -2.873884
v 5.855621 -8.908789 -2.797362
v 5.753483 -8.749196 -2.873884
v 5.886270 -8.877645 -2.797362
v 5.855621 -8.908789 -2.797362
v 5.855621 -8.908789 -2.797362
v 5.886270 -8.877645 -2.797362
v 5.908412 -8.964241 -2.612622
v 5.886270 -8.877645 -2.797362
v 5.941272 -8.930851 -2.612622
v 5.908412 -8.964241 -2.612622
v 5.908412 -8.964241 -2.612622
v 5.941272 -8.930851 -2.612622
v 5.908412 -8.964241 2.612622
v 5.941272 -8.930851 -2.612622
v 5.941272 -8.930851 2.612622
v 5.908412 -8.964241 2.612622
v 5.908412 -8.964241 2.612622
v 5.941272 -8.930851 2.612622
v 5.855621 -8.908789 2.797363
v 5.941272 -8.930851 2.612622
v 5.886270 -8.877645 2.797363
v 5.855621 -8.908789 2.797363
v 5.855621 -8.908789 2.797363
v 5.886270 -8.877645 2.797363
v 5.728174 -8.774914 2.873884
v 5.886270 -8.877645 2.797363
v 5.753483 -8.749196 2.873884
v 5.728174 -8.774914 2.873884
v 5.753483 -8.749196 -2.873884
v 5.777161 -8.724295 -2.873884
v 5.886270 -8.877645 -2.797362
v 5.777161 -8.724295 -2.873884
v 5.912252 -8.850320 -2.797362
v 5.886270 -8.877645 -2.797362
v 5.886270 -8.877645 -2.797362
v 5.912252 -8.850320 -2.797362
v 5.941272 -8.930851 -2.612622
v 5.912252 -8.850320 -2.797362
v 5.968209 -8.902521 -2.612622
v 5.941272 -8.930851 -2.612622
v 5.941272 -8.930851 -2.612622
v 5.968209 -8.902521 -2.612622
v 5.941272 -8.930851 2.612622
v 5.968209 -8.902521 -2.612622
v 5.968209 -8.902521 2.612622
v 5.941272 -8.930851 2.612622
v 5.941272 -8.930851 2.612622
v 5.968209 -8.902521 2.612622
v 5.886270 -8.877645 2.797363
v 5.968209 -8.902521 2.612622
v 5.912252 -8.850320 2.797363
v 5.886270 -8.877645 2.797363
v 5.886270 -8.877645 2.797363
v 5.912252 -8.850320 2.797363
v 5.753483 -8.749196 2.873884
v 5.912252 -8.850320 2.797363
v 5.777161 -8.724295 2.873884
v 5.753483 -8.749196 2.873884
v 5.777161 -8.724295 -2.873884
v 5.799203 -8.700209 -2.873884
v 5.912252 -8.850320 -2.797362
v 5.799203 -8.700209 -2.873884
v 5.936798 -8.823500 -2.797362
v 5.912252 -8.850320 -2.797362
v 5.912252 -8.850320 -2.797362
v 5.936798 -8.823500 -2.797362
v 5.968209 -8.902521 -2.612622
v 5.936798 -8.823500 -2.797362
v 5.993792 -8.874570 -2.612622
v 5.968209 -8.902521 -2.612622
v 5.968209 -8.902521 -2.612622
v 5.993792 -8.874570 -2.612622
v 5.968209 -8.902521 2.612622
v 5.993792 -8.874570 -2.612622
v 5.993792 -8.874570 2.612622
v 5.968209 -8.902521 2.612622
v 5.968209 -8.902521 2.612622
v 5.993792 -8.874570 2.612622
v 5.912252 -8.850320 2.797363
v 5.993792 -8.874570 2.612622
v 5.936798 -8.823500 2.797363
v 5.912252 -8.850320 2.797363
v 5.912252 -8.850320 2.797363
v 5.936798 -8.823500 2.797363
v 5.777161 -8.724295 2.873884
v 5.936798 -8.823500 2.797363
v 5.799203 -8.700209 2.873884
v 5.777161 -8.724295 2.873884
v 5.799203 -8.700209 -2.873884
v 5.819615 -8.676941 -2.873884
v 5.936798 -8.823500 -2.797362
v 5.819615 -8.676941 -2.873884
v 5.959929 -8.797131 -2.797362
v 5.936798 -8.823500 -2.797362
v 5.936798 -8.823500 -2.797362
v 5.959929 -8.797131 -2.797362
v 5.993792 -8.874570 -2.612622
v 5.959929 -8.797131 -2.797362
v 6.018051 -8.846915 -2.612622
v 5.993792 -8.874570 -2.612622
v 5.993792 -8.874570 -2.612622
v 6.018051 -8.846915 -2.612622
v 5.993792 -8.874570 2.612622
v 6.018051 -8.846915 -2.612622
v 6.018051 -8.846915 2.612622
v 5.993792 -8.874570 2.612622
v 5.993792 -8.874570 2.612622
v 6.018051 -8.846915 2.612622
v 5.936798 -8.823500 2.797363
v 6.018051 -8.846915 2.612622
v 5.959929 -8.797131 2.797363
v 5.936798 -8.823500 2.797363
v 5.936798 -8.823500 2.797363
v 5.959929 -8.797131 2.797363
v 5.799203 -8.700209 2.873884
v 5.959929 -8.797131 2.797363
v 5.819615 -8.676941 2.873884
v 5.799203 -8.700209 2.873884
v 5.819615 -8.676941 -2.873884
v 5.838393 -8.654488 -2.873884
v 5.959929 -8.797131 -2.797362
v 5.838393 -8.654488 -2.873884
v 5.981668 -8.771139 -2.797362
v 5.959929 -8.797131 -2.797362
v 5.959929 -8.797131 -2.797362
v 5.981668 -8.771139 -2.797362
v 6.018051 -8.846915 -2.612622
v 5.981668 -8.771139 -2.797362
v 6.041015 -8.819456 -2.612622
v 6.018051 -8.846915 -2.612622
v 6.018051 -8.846915 -2.612622
v 6.041015 -8.819456 -2.612622
v 6.018051 -8.846915 2.612622
v 6.041015 -8.819456 -2.612622
v 6.041015 -8.819456 2.612622
v 6.018051 -8.846915 2.612622
v 6.018051 -8.846915 2.612622
v 6.041015 -8.819456 2.612622
v 5.959929 -8.797131 2.797363
v 6.041015 -8.819456 2.612622
v 5.981668 -8.771139 2.797363
v 5.959929 -8.797131 2.797363
v 5.959929 -8.797131 2.797363
v 5.981668 -8.771139 2.797363
v 5.819615 -8.676941 2.873884
v 5.981668 -8.771139 2.797363
v 5.838393 -8.654488 2.873884
v 5.819615 -8.676941 2.873884
v 5.838393 -8.654488 -2.873884
v 5.855538 -8.632853 -2.873884
v 5.981668 -8.771139 -2.797362
v 5.855538 -8.632853 -2.873884
v 6.002036 -8.745437 -2.797362
v 5.981668 -8.771139 -2.797362
v 5.981668 -8.771139 -2.797362
v 6.002036 -8.745437 -2.797362
v 6.041015 -8.819456 -2.612622
v 6.002036 -8.745437 -2.797362
v 6.062716 -8.792071 -2.612622
v 6.041015 -8.819456 -2.612622
v 6.041015 -8.819456 -2.612622
v 6.062716 -8.792071 -2.612622
v 6.041015 -8.819456 2.612622
v 6.062716 -8.792071 -2.612622
v 6.062716 -8.792071 2.612622
v 6.041015 -8.819456 2.612622
v 6.041015 -8.819456 2.612622
v 6.062716 -8.792071 2.612622
v 5.981668 -8.771139 2.797363
v 6.062716 -8.792071 2.612622
v 6.002036 -8.745437 2.797363
v 5.981668 -8.771139 2.797363
v 5.981668 -8.771139 2.797363
v 6.002036 -8.745437 2.797363
v 5.838393 -8.654488 2.873884
v 6.002036 -8.745437 2.797363
v 5.855538 -8.632853 2.873884
v 5.838393 -8.654488 2.873884
v 5.855538 -8.632853 -2.873884
v 5.871051 -8.612034 -2.873884
v 6.002036 -8.745437 -2.797362
v 5.871051 -8.612034 -2.873884
v 6.021055 -8.719912 -2.797362
v 6.002036 -8.745437 -2.797362
v 6.002036 -8.745437 -2.797362
v 6.021055 -8.719912 -2.797362
v 6.062716 -8.792071 -2.612622
v 6.021055 -8.719912 -2.797362
v 6.083188 -8.764597 -2.612622
v 6.062716 -8.792071 -2.612622
v 6.062716 -8.792071 -2.612622
v 6.083188 -8.764597 -2.612622
v 6.062716 -8.792071 2.612622
v 6.083188 -8.764597 -2.612622
v 6.083188 -8.764597 2.612622
v 6.062716 -8.792071 2.612622
v 6.062716 -8.792071 2.612622
v 6.083188 -8.764597 2.612622
v 6.002036 -8.745437 2.797363
v 6.083188 -8.764597 2.612622
v 6.021055 -8.719912 2.797363
v 6.002036 -8.745437 2.797363
v 6.002036 -8.745437 2.797363
v 6.021055 -8.719912 2.797363
v 5.855538 -8.632853 2.873884
v 6.021055 -8.719912 2.797363
v 5.871051 -8.612034 2.873884
v 5.855538 -8.632853 2.873884
v 5.871051 -8.612034 -2.873884
v 5.884931 -8.592031 -2.873884
v 6.021055 -8.719912 -2.797362
v 5.884931 -8.592031 -2.873884
v 6.040197 -8.692323 -2.797362
v 6.021055 -8.719912 -2.797362
v 6.021055 -8.719912 -2.797362
v 6.040197 -8.692323 -2.797362
v 6.083188 -8.764597 -2.612622
v 6.040197 -8.692323 -2.797362
v 6.104512 -8.733865 -2.612622
v 6.083188 -8.764597 -2.612622
v 6.083188 -8.764597 -2.612622
v 6.104512 -8.733865 -2.612622
v 6.083188 -8.764597 2.612622
v 6.104512 -8.733865 -2.612622
v 6.104512 -8.733865 2.612622
v 6.083188 -8.764597 2.612622
v 6.083188 -8.764597 2.612622
v 6.104512 -8.733865 2.612622
v 6.021055 -8.719912 2.797363
v 6.104512 -8.733865 2.612622
v 6.040197 -8.692323 2.797363
v 6.021055 -8.719912 2.797363
v 6.021055 -8.719912 2.797363
v 6.040197 -8.692323 2.797363
v 5.871051 -8.612034 2.873884
v 6.040197 -8.692323 2.797363
v 5.884931 -8.592031 2.873884
v 5.871051 -8.612034 2.873884
v 5.884931 -8.592031 -2.873884
v 5.897178 -8.571620 -2.873884
v 6.040197 -8.692323 -2.797362
v 5.897178 -8.571620 -2.873884
v 6.059952 -8.659399 -2.797362
v 6.040197 -8.692323 -2.797362
v 6.040197 -8.692323 -2.797362
v 6.059952 -8.659399 -2.797362
v 6.104512 -8.733865 -2.612622
v 6.059952 -8.659399 -2.797362
v 6.127375 -8.695759 -2.612622
v 6.104512 -8.733865 -2.612622
v 6.104512 -8.733865 -2.612622
v 6.127375 -8.695759 -2.612622
v 6.104512 -8.733865 2.612622
v 6.127375 -8.695759 -2.612622
v 6.127375 -8.695759 2.612622
v 6.104512 -8.733865 2.612622
v 6.104512 -8.733865 2.612622
v 6.127375 -8.695759 2.612622
v 6.040197 -8.692323 2.797363
v 6.127375 -8.695759 2.612622
v 6.059952 -8.659399 2.797363
v 6.040197 -8.692323 2.797363
v 6.040197 -8.692323 2.797363
v 6.059952 -8.659399 2.797363
v 5.884931 -8.592031 2.873884
v 6.059952 -8.659399 2.797363
v 5.897178 -8.571620 2.873884
v 5.884931 -8.592031 2.873884
v 5.897178 -8.571620 -2.873884
v 5.907791 -8.549576 -2.873884
v 6.059952 -8.659399 -2.797362
v 5.907791 -8.549576 -2.873884
v 6.077697 -8.622542 -2.797362
v 6.059952 -8.659399 -2.797362
v 6.059952 -8.659399 -2.797362
v 6.077697 -8.622542 -2.797362
v 6.127375 -8.695759 -2.612622
v 6.077697 -8.622542 -2.797362
v 6.148075 -8.652765 -2.612622
v 6.127375 -8.695759 -2.612622
v 6.127375 -8.695759 -2.612622
v 6.148075 -8.652765 -2.612622
v 6.127375 -8.695759 2.612622
v 6.148075 -8.652765 -2.612622
v 6.148075 -8.652765 2.612622
v 6.127375 -8.695759 2.612622
v 6.127375 -8.695759 2.612622
v 6.148075 -8.652765 2.612622
v 6.059952 -8.659399 2.797363
v 6.148075 -8.652765 2.612622
v 6.077697 -8.622542 2.797363
v 6.059952 -8.659399 2.797363
v 6.059952 -8.659399 2.797363
v 6.077697 -8.622542 2.797363
v 5.897178 -8.571620 2.873884
v 6.077697 -8.622542 2.797363
v 5.907791 -8.549576 2.873884
v 5.897178 -8.571620 2.873884
v 5.907791 -8.549576 -2.873884
v 5.916772 -8.525899 -2.873884
v 6.077697 -8.622542 -2.797362
v 5.916772 -8.525899 -2.873884
v 6.092126 -8.584506 -2.797362
v 6.077697 -8.622542 -2.797362
v 6.077697 -8.622542 -2.797362
v 6.092126 -8.584506 -2.797362
v 6.148075 -8.652765 -2.612622
v 6.092126 -8.584506 -2.797362
v 6.164759 -8.608781 -2.612622
v 6.148075 -8.652765 -2.612622
v 6.148075 -8.652765 -2.612622
v 6.164759 -8.608781 -2.612622
v 6.148075 -8.652765 2.612622
v 6.164759 -8.608781 -2.612622
v 6.164759 -8.608781 2.612622
v 6.148075 -8.652765 2.612622
v 6.148075 -8.652765 2.612622
v 6.164759 -8.608781 2.612622
v 6.077697 -8.622542 2.797363
v 6.164759 -8.608781 2.612622
v 6.092126 -8.584506 2.797363
v 6.077697 -8.622542 2.797363
v 6.077697 -8.622542 2.797363
v 6.092126 -8.584506 2.797363
v 5.907791 -8.549576 2.873884
v 6.092126 -8.584506 2.797363
v 5.916772 -8.525899 2.873884
v 5.907791 -8.549576 2.873884
v 5.916772 -8.525899 -2.873884
v 5.924120 -8.500589 -2.873884
v 6.092126 -8.584506 -2.797362
v 5.924120 -8.500589 -2.873884
v 6.103429 -8.545571 -2.797362
v 6.092126 -8.584506 -2.797362
v 6.092126 -8.584506 -2.797362
v 6.103429 -8.545571 -2.797362
v 6.164759 -8.608781 -2.612622
v 6.103429 -8.545571 -2.797362
v 6.177702 -8.564203 -2.612622
v 6.164759 -8.608781 -2.612622
v 6.164759 -8.608781 -2.612622
v 6.177702 -8.564203 -2.612622
v 6.164759 -8.608781 2.612622
v 6.177702 -8.564203 -2.612622
v 6.177702 -8.564203 2.612622
v 6.164759 -8.608781 2.612622
v 6.164759 -8.608781 2.612622
v 6.177702 -8.564203 2.612622
v 6.092126 -8.584506 2.797363
v 6.177702 -8.564203 2.612622
v 6.103429 -8.545571 2.797363
v 6.092126 -8.584506 2.797363
v 6.092126 -8.584506 2.797363
v 6.103429 -8.545571 2.797363
v 5.916772 -8.525899 2.873884
v 6.103429 -8.545571 2.797363
v 5.924120 -8.500589 2.873884
v 5.916772 -8.525899 2.873884
v 5.924120 -8.500589 -2.873884
v 5.929836 -8.473646 -2.873884
v 6.103429 -8.545571 -2.797362
v 5.929836 -8.473646 -2.873884
v 6.111842 -8.505913 -2.797362
v 6.103429 -8.545571 -2.797362
v 6.103429 -8.545571 -2.797362
v 6.111842 -8.505913 -2.797362
v 6.177702 -8.564203 -2.612622
v 6.111842 -8.505913 -2.797362
v 6.187231 -8.519278 -2.612622
v 6.177702 -8.564203 -2.612622
v 6.177702 -8.564203 -2.612622
v 6.187231 -8.519278 -2.612622
v 6.177702 -8.564203 2.612622
v 6.187231 -8.519278 -2.612622
v 6.187231 -8.519278 2.612622
v 6.177702 -8.564203 2.612622
v 6.177702 -8.564203 2.612622
v 6.187231 -8.519278 2.612622
v 6.103429 -8.545571 2.797363
v 6.187231 -8.519278 2.612622
v 6.111842 -8.505913 2.797363
v 6.103429 -8.545571 2.797363
v 6.103429 -8.545571 2.797363
v 6.111842 -8.505913 2.797363
v 5.924120 -8.500589 2.873884
v 6.111842 -8.505913 2.797363
v 5.929836 -8.473646 2.873884
v 5.924120 -8.500589 2.873884
v 5.929836 -8.473646 -2.873884
v 5.933917 -8.445070 -2.873884
v 6.111842 -8.505913 -2.797362
v 5.933917 -8.445070 -2.873884
v 6.117598 -8.465618 -2.797362
v 6.111842 -8.505913 -2.797362
v 6.111842 -8.505913 -2.797362
v 6.117598 -8.465618 -2.797362
v 6.187231 -8.519278 -2.612622
v 6.117598 -8.465618 -2.797362
v 6.193681 -8.474128 -2.612622
v 6.187231 -8.519278 -2.612622
v 6.187231 -8.519278 -2.612622
v 6.193681 -8.474128 -2.612622
v 6.187231 -8.519278 2.612622
v 6.193681 -8.474128 -2.612622
v 6.193681 -8.474128 2.612622
v 6.187231 -8.519278 2.612622
v 6.187231 -8.519278 2.612622
v 6.193681 -8.474128 2.612622
v 6.111842 -8.505913 2.797363
v 6.193681 -8.474128 2.612622
v 6.117598 -8.465618 2.797363
v 6.111842 -8.505913 2.797363
v 6.111842 -8.505913 2.797363
v 6.117598 -8.465618 2.797363
v 5.929836 -8.473646 2.873884
v 6.117598 -8.465618 2.797363
v 5.933917 -8.445070 2.873884
v 5.929836 -8.473646 2.873884
v 5.933917 -8.445070 -2.873884
v 5.936367 -8.414862 -2.873884
v 6.117598 -8.465618 -2.797362
v 5.936367 -8.414862 -2.873884
v 6.120915 -8.424703 -2.797362
v 6.117598 -8.465618 -2.797362
v 6.117598 -8.465618 -2.797362
v 6.120915 -8.424703 -2.797362
v 6.193681 -8.474128 -2.612622
v 6.120915 -8.424703 -2.797362
v 6.197358 -8.428779 -2.612622
v 6.193681 -8.474128 -2.612622
v 6.193681 -8.474128 -2.612622
v 6.197358 -8.428779 -2.612622
v 6.193681 -8.474128 2.612622
v 6.197358 -8.428779 -2.612622
v 6.197358 -8.428779 2.612622
v 6.193681 -8.474128 2.612622
v 6.193681 -8.474128 2.612622
v 6.197358 -8.428779 2.612622
v 6.117598 -8.465618 2.797363
v 6.197358 -8.428779 2.612622
v 6.120915 -8.424703 2.797363
v 6.117598 -8.465618 2.797363
v 6.117598 -8.465618 2.797363
v 6.120915 -8.424703 2.797363
v 5.933917 -8.445070 2.873884
v 6.120915 -8.424703 2.797363
v 5.936367 -8.414862 2.873884
v 5.933917 -8.445070 2.873884
v 5.936367 -8.414862 -2.873884
v 5.937183 -8.383021 -2.873884
v 6.120915 -8.424703 -2.797362
v 5.937183 -8.383021 -2.873884
v 6.121924 -8.385389 -2.797362
v 6.120915 -8.424703 -2.797362
v 6.120915 -8.424703 -2.797362
v 6.121924 -8.385389 -2.797362
v 6.197358 -8.428779 -2.612622
v 6.121924 -8.385389 -2.797362
v 6.198446 -8.386370 -2.612622
v 6.197358 -8.428779 -2.612622
v 6.197358 -8.428779 -2.612622
v 6.198446 -8.386370 -2.612622
v 6.197358 -8.428779 2.612622
v 6.198446 -8.386370 -2.612622
v 6.198446 -8.386370 2.612622
v 6.197358 -8.428779 2.612622
v 6.197358 -8.428779 2.612622
v 6.198446 -8.386370 2.612622
v 6.120915 -8.424703 2.797363
v 6.198446 -8.386370 2.612622
v 6.121924 -8.385389 2.797363
v 6.120915 -8.424703 2.797363
v 6.120915 -8.424703 2.797363
v 6.121924 -8.385389 2.797363
v 5.936367 -8.414862 2.873884
v 6.121924 -8.385389 2.797363
v 5.937183 -8.383021 2.873884
v 5.936367 -8.414862 2.873884
v 5.937183 -8.383021 -2.873884
v 5.937183 -5.639768 -2.873884
v 6.121924 -8.385389 -2.797362
v 5.937183 -5.639768 -2.873884
v 6.121924 -5.635688 -2.797362
v 6.121924 -8.385389 -2.797362
v 6.121924 -8.385389 -2.797362
v 6.121924 -5.635688 -2.797362
v 6.198446 -8.386370 -2.612622
v 6.121924 -5.635688 -2.797362
v 6.198446 -5.633997 -2.612622
v 6.198446 -8.386370 -2.612622
v 6.198446 -8.386370 -2.612622
v 6.198446 -5.633997 -2.612622
v 6.198446 -8.386370 2.612622
v 6.198446 -5.633997 -2.612622
v 6.198446 -5.633997 2.612622
v 6.198446 -8.386370 2.612622
v 6.198446 -8.386370 2.612622
v 6.198446 -5.633997 2.612622
v 6.121924 -8.385389 2.797363
v 6.198446 -5.633997 2.612622
v 6.121924 -5.635688 2.797363
v 6.121924 -8.385389 2.797363
v 6.121924 -8.385389 2.797363
v 6.121924 -5.635688 2.797363
v 5.937183 -8.383021 2.873884
v 6.121924 -5.635688 2.797363
v 5.937183 -5.639768 2.873884
v 5.937183 -8.383021 2.873884
v 5.937183 -5.639768 -2.873884
v 5.933917 -5.565879 -2.873884
v 6.121924 -5.635688 -2.797362
v 5.933917 -5.565879 -2.873884
v 6.118101 -5.549215 -2.797362
v 6.121924 -5.635688 -2.797362
v 6.121924 -5.635688 -2.797362
v 6.118101 -5.549215 -2.797362
v 6.198446 -5.633997 -2.612622
v 6.118101 -5.549215 -2.797362
v 6.194393 -5.542313 -2.612622
v 6.198446 -5.633997 -2.612622
v 6.198446 -5.633997 -2.612622
v 6.194393 -5.542313 -2.612622
v 6.198446 -5.633997 2.612622
v 6.194393 -5.542313 -2.612622
v 6.194393 -5.542313 2.612622
v 6.198446 -5.633997 2.612622
v 6.198446 -5.633997 2.612622
v 6.194393 -5.542313 2.612622
v 6.121924 -5.635688 2.797363
v 6.194393 -5.542313 2.612622
v 6.118101 -5.549215 2.797363
v 6.121924 -5.635688 2.797363
v 6.121924 -5.635688 2.797363
v 6.118101 -5.549215 2.797363
v 5.937183 -5.639768 2.873884
v 6.118101 -5.549215 2.797363
v 5.933917 -5.565879 2.873884
v 5.937183 -5.639768 2.873884
v 5.933917 -5.565879 -2.873884
v 5.924120 -5.494441 -2.873884
v 6.118101 -5.549215 -2.797362
v 5.924120 -5.494441 -2.873884
v 6.105940 -5.460538 -2.797362
v 6.118101 -5.549215 -2.797362
v 6.118101 -5.549215 -2.797362
v 6.105940 -5.460538 -2.797362
v 6.194393 -5.542313 -2.612622
v 6.105940 -5.460538 -2.797362
v 6.181253 -5.446494 -2.612622
v 6.194393 -5.542313 -2.612622
v 6.194393 -5.542313 -2.612622
v 6.181253 -5.446494 -2.612622
v 6.194393 -5.542313 2.612622
v 6.181253 -5.446494 -2.612622
v 6.181253 -5.446494 2.612622
v 6.194393 -5.542313 2.612622
v 6.194393 -5.542313 2.612622
v 6.181253 -5.446494 2.612622
v 6.118101 -5.549215 2.797363
v 6.181253 -5.446494 2.612622
v 6.105940 -5.460538 2.797363
v 6.118101 -5.549215 2.797363
v 6.118101 -5.549215 2.797363
v 6.105940 -5.460538 2.797363
v 5.933917 -5.565879 2.873884
v 6.105940 -5.460538 2.797363
v 5.924120 -5.494441 2.873884
v 5.933917 -5.565879 2.873884
v 5.924120 -5.494441 -2.873884
v 5.907791 -5.425451 -2.873884
v 6.105940 -5.460538 -2.797362
v 5.907791 -5.425451 -2.873884
v 6.085466 -5.374040 -2.797362
v 6.105940 -5.460538 -2.797362
v 6.105940 -5.460538 -2.797362
v 6.085466 -5.374040 -2.797362
v 6.181253 -5.446494 -2.612622
v 6.085466 -5.374040 -2.797362
v 6.159062 -5.352743 -2.612622
v 6.181253 -5.446494 -2.612622
v 6.181253 -5.446494 -2.612622
v 6.159062 -5.352743 -2.612622
v 6.181253 -5.446494 2.612622
v 6.159062 -5.352743 -2.612622
v 6.159062 -5.352743 2.612622
v 6.181253 -5.446494 2.612622
v 6.181253 -5.446494 2.612622
v 6.159062 -5.352743 2.612622
v 6.105940 -5.460538 2.797363
v 6.159062 -5.352743 2.612622
v 6.085466 -5.374040 2.797363
v 6.105940 -5.460538 2.797363
v 6.105940 -5.460538 2.797363
v 6.085466 -5.374040 2.797363
v 5.924120 -5.494441 2.873884
v 6.085466 -5.374040 2.797363
v 5.907791 -5.425451 2.873884
v 5.924120 -5.494441 2.873884
v 5.907791 -5.425451 -2.873884
v 5.884931 -5.358911 -2.873884
v 6.085466 -5.374040 -2.797362
v 5.884931 -5.358911 -2.873884
v 6.056672 -5.290225 -2.797362
v 6.085466 -5.374040 -2.797362
v 6.085466 -5.374040 -2.797362
v 6.056672 -5.290225 -2.797362
v 6.159062 -5.352743 -2.612622
v 6.056672 -5.290225 -2.797362
v 6.127809 -5.261775 -2.612622
v 6.159062 -5.352743 -2.612622
v 6.159062 -5.352743 -2.612622
v 6.127809 -5.261775 -2.612622
v 6.159062 -5.352743 2.612622
v 6.127809 -5.261775 -2.612622
v 6.127809 -5.261775 2.612622
v 6.159062 -5.352743 2.612622
v 6.159062 -5.352743 2.612622
v 6.127809 -5.261775 2.612622
v 6.085466 -5.374040 2.797363
v 6.127809 -5.261775 2.612622
v 6.056672 -5.290225 2.797363
v 6.085466 -5.374040 2.797363
v 6.085466 -5.374040 2.797363
v 6.056672 -5.290225 2.797363
v 5.907791 -5.425451 2.873884
v 6.056672 -5.290225 2.797363
v 5.884931 -5.358911 2.873884
v 5.907791 -5.425451 2.873884
v 5.884931 -5.358911 -2.873884
v 5.855538 -5.294820 -2.873884
v 6.056672 -5.290225 -2.797362
v 5.855538 -5.294820 -2.873884
v 6.019699 -5.209602 -2.797362
v 6.056672 -5.290225 -2.797362
v 6.056672 -5.290225 -2.797362
v 6.019699 -5.209602 -2.797362
v 6.127809 -5.261775 -2.612622
v 6.019699 -5.209602 -2.797362
v 6.087696 -5.174304 -2.612622
v 6.127809 -5.261775 -2.612622
v 6.127809 -5.261775 -2.612622
v 6.087696 -5.174304 -2.612622
v 6.127809 -5.261775 2.612622
v 6.087696 -5.174304 -2.612622
v 6.087696 -5.174304 2.612622
v 6.127809 -5.261775 2.612622
v 6.127809 -5.261775 2.612622
v 6.087696 -5.174304 2.612622
v 6.056672 -5.290225 2.797363
v 6.087696 -5.174304 2.612622
v 6.019699 -5.209602 2.797363
v 6.056672 -5.290225 2.797363
v 6.056672 -5.290225 2.797363
v 6.019699 -5.209602 2.797363
v 5.884931 -5.358911 2.873884
v 6.019699 -5.209602 2.797363
v 5.855538 -5.294820 2.873884
v 5.884931 -5.358911 2.873884
v 5.855538 -5.294820 -2.873884
v 5.819615 -5.233179 -2.873884
v 6.019699 -5.209602 -2.797362
v 5.819615 -5.233179 -2.873884
v 5.974828 -5.132607 -2.797362
v 6.019699 -5.209602 -2.797362
v 6.019699 -5.209602 -2.797362
v 5.974828 -5.132607 -2.797362
v 6.087696 -5.174304 -2.612622
v 5.974828 -5.132607 -2.797362
v 6.039119 -5.090951 -2.612622
v 6.087696 -5.174304 -2.612622
v 6.087696 -5.174304 -2.612622
v 6.039119 -5.090951 -2.612622
v 6.087696 -5.174304 2.612622
v 6.039119 -5.090951 -2.612622
v 6.039119 -5.090951 2.612622
v 6.087696 -5.174304 2.612622
v 6.087696 -5.174304 2.612622
v 6.039119 -5.090951 2.612622
v 6.019699 -5.209602 2.797363
v 6.039119 -5.090951 2.612622
v 5.974828 -5.132607 2.797363
v 6.019699 -5.209602 2.797363
v 6.019699 -5.209602 2.797363
v 5.974828 -5.132607 2.797363
v 5.855538 -5.294820 2.873884
v 5.974828 -5.132607 2.797363
v 5.819615 -5.233179 2.873884
v 5.855538 -5.294820 2.873884
v 5.819615 -5.233179 -2.873884
v 5.777161 -5.173986 -2.873884
v 5.974828 -5.132607 -2.797362
v 5.777161 -5.173986 -2.873884
v 5.922433 -5.059557 -2.797362
v 5.974828 -5.132607 -2.797362
v 5.974828 -5.132607 -2.797362
v 5.922433 -5.059557 -2.797362
v 6.039119 -5.090951 -2.612622
v 5.922433 -5.059557 -2.797362
v 5.982607 -5.012159 -2.612622
v 6.039119 -5.090951 -2.612622
v 6.039119 -5.090951 -2.612622
v 5.982607 -5.012159 -2.612622
v 6.039119 -5.090951 2.612622
v 5.982607 -5.012159 -2.612622
v 5.982607 -5.012159 2.612622
v 6.039119 -5.090951 2.612622
v 6.039119 -5.090951 2.612622
v 5.982607 -5.012159 2.612622
v 5.974828 -5.132607 2.797363
v 5.982607 -5.012159 2.612622
v 5.922433 -5.059557 2.797363
v 5.974828 -5.132607 2.797363
v 5.974828 -5.132607 2.797363
v 5.922433 -5.059557 2.797363
v 5.819615 -5.233179 2.873884
v 5.922433 -5.059557 2.797363
v 5.777161 -5.173986 2.873884
v 5.819615 -5.233179 2.873884
v 5.777161 -5.173986 -2.873884
v 5.728174 -5.117244 -2.873884
v 5.922433 -5.059557 -2.797362
v 5.728174 -5.117244 -2.873884
v 5.863590 -4.991398 -2.797362
v 5.922433 -5.059557 -2.797362
v 5.922433 -5.059557 -2.797362
v 5.863590 -4.991398 -2.797362
v 5.982607 -5.012159 -2.612622
v 5.863590 -4.991398 -2.797362
v 5.919681 -4.939270 -2.612622
v 5.982607 -5.012159 -2.612622
v 5.982607 -5.012159 -2.612622
v 5.919681 -4.939270 -2.612622
v 5.982607 -5.012159 2.612622
v 5.919681 -4.939270 -2.612622
v 5.919681 -4.939270 2.612622
v 5.982607 -5.012159 2.612622
v 5.982607 -5.012159 2.612622
v 5.919681 -4.939270 2.612622
v 5.922433 -5.059557 2.797363
v 5.919681 -4.939270 2.612622
v 5.863590 -4.991398 2.797363
v 5.922433 -5.059557 2.797363
v 5.922433 -5.059557 2.797363
v 5.863590 -4.991398 2.797363
v 5.777161 -5.173986 2.873884
v 5.863590 -4.991398 2.797363
v 5.728174 -5.117244 2.873884
v 5.777161 -5.173986 2.873884
v 5.728174 -5.117244 -2.873884
v 3.115552 -2.504622 -2.873884
v 5.863590 -4.991398 -2.797362
v 3.115552 -2.504622 -2.873884
v 3.241397 -2.369205 -2.797362
v 5.863590 -4.991398 -2.797362
v 5.863590 -4.991398 -2.797362
v 3.241397 -2.369205 -2.797362
v 5.919681 -4.939270 -2.612622
v 3.241397 -2.369205 -2.797362
v 3.293524 -2.313114 -2.612622
v 5.919681 -4.939270 -2.612622
v 5.919681 -4.939270 -2.612622
v 3.293524 -2.313114 -2.612622
v 5.919681 -4.939270 2.612622
v 3.293524 -2.313114 -2.612622
v 3.293524 -2.313114 2.612622
v 5.919681 -4.939270 2.612622
v 5.919681 -4.939270 2.612622
v 3.293524 -2.313114 2.612622
v 5.863590 -4.991398 2.797363
v 3.293524 -2.313114 2.612622
v 3.241397 -2.369205 2.797363
v 5.863590 -4.991398 2.797363
v 5.863590 -4.991398 2.797363
v 3.241397 -2.369205 2.797363
v 5.728174 -5.117244 2.873884
v 3.241397 -2.369205 2.797363
v 3.115552 -2.504622 2.873884
v 5.728174 -5.117244 2.873884
v 3.115552 -2.504622 -2.873884
v 3.058808 -2.455635 -2.873884
v 3.241397 -2.369205 -2.797362
v 3.058808 -2.455635 -2.873884
v 3.173238 -2.310362 -2.797362
v 3.241397 -2.369205 -2.797362
v 3.241397 -2.369205 -2.797362
v 3.173238 -2.310362 -2.797362
v 3.293524 -2.313114 -2.612622
v 3.173238 -2.310362 -2.797362
v 3.220636 -2.250189 -2.612622
v 3.293524 -2.313114 -2.612622
v 3.293524 -2.313114 -2.612622
v 3.220636 -2.250189 -2.612622
v 3.293524 -2.313114 2.612622
v 3.220636 -2.250189 -2.612622
v 3.220636 -2.250189 2.612622
v 3.293524 -2.313114 2.612622
v 3.293524 -2.313114 2.612622
v 3.220636 -2.250189 2.612622
v 3.241397 -2.369205 2.797363
v 3.220636 -2.250189 2.612622
v 3.173238 -2.310362 2.797363
v 3.241397 -2.369205 2.797363
v 3.241397 -2.369205 2.797363
v 3.173238 -2.310362 2.797363
v 3.115552 -2.504622 2.873884
v 3.173238 -2.310362 2.797363
v 3.058808 -2.455635 2.873884
v 3.115552 -2.504622 2.873884
v 3.058808 -2.455635 -2.873884
v 2.999616 -2.413180 -2.873884
v 3.173238 -2.310362 -2.797362
v 2.999616 -2.413180 -2.873884
v 3.100187 -2.257967 -2.797362
v 3.173238 -2.310362 -2.797362
v 3.173238 -2.310362 -2.797362
v 3.100187 -2.257967 -2.797362
v 3.220636 -2.250189 -2.612622
v 3.100187 -2.257967 -2.797362
v 3.141844 -2.193676 -2.612622
v 3.220636 -2.250189 -2.612622
v 3.220636 -2.250189 -2.612622
v 3.141844 -2.193676 -2.612622
v 3.220636 -2.250189 2.612622
v 3.141844 -2.193676 -2.612622
v 3.141844 -2.193676 2.612622
v 3.220636 -2.250189 2.612622
v 3.220636 -2.250189 2.612622
v 3.141844 -2.193676 2.612622
v 3.173238 -2.310362 2.797363
v 3.141844 -2.193676 2.612622
v 3.100187 -2.257967 2.797363
v 3.173238 -2.310362 2.797363
v 3.173238 -2.310362 2.797363
v 3.100187 -2.257967 2.797363
v 3.058808 -2.455635 2.873884
v 3.100187 -2.257967 2.797363
v 2.999616 -2.413180 2.873884
v 3.058808 -2.455635 2.873884
v 2.999616 -2.413180 -2.873884
v 2.937975 -2.377256 -2.873884
v 3.100187 -2.257967 -2.797362
v 2.937975 -2.377256 -2.873884
v 3.023193 -2.213096 -2.797362
v 3.100187 -2.257967 -2.797362
v 3.100187 -2.257967 -2.797362
v 3.023193 -2.213096 -2.797362
v 3.141844 -2.193676 -2.612622
v 3.023193 -2.213096 -2.797362
v 3.058491 -2.145099 -2.612622
v 3.141844 -2.193676 -2.612622
v 3.141844 -2.193676 -2.612622
v 3.058491 -2.145099 -2.612622
v 3.141844 -2.193676 2.612622
v 3.058491 -2.145099 -2.612622
v 3.058491 -2.145099 2.612622
v 3.141844 -2.193676 2.612622
v 3.141844 -2.193676 2.612622
v 3.058491 -2.145099 2.612622
v 3.100187 -2.257967 2.797363
v 3.058491 -2.145099 2.612622
v 3.023193 -2.213096 2.797363
v 3.100187 -2.257967 2.797363
v 3.100187 -2.257967 2.797363
v 3.023193 -2.213096 2.797363
v 2.999616 -2.413180 2.873884
v 3.023193 -2.213096 2.797363
v 2.937975 -2.377256 2.873884
v 2.999616 -2.413180 2.873884
v 2.937975 -2.377256 -2.873884
v 2.873884 -2.347864 -2.873884
v 3.023193 -2.213096 -2.797362
v 2.873884 -2.347864 -2.873884
v 2.942570 -2.176122 -2.797362
v 3.023193 -2.213096 -2.797362
v 3.023193 -2.213096 -2.797362
v 2.942570 -2.176122 -2.797362
v 3.058491 -2.145099 -2.612622
v 2.942570 -2.176122 -2.797362
v 2.971020 -2.104985 -2.612622
v 3.058491 -2.145099 -2.612622
v 3.058491 -2.145099 -2.612622
v 2.971020 -2.104985 -2.612622
v 3.058491 -2.145099 2.612622
v 2.971020 -2.104985 -2.612622
v 2.971020 -2.104985 2.612622
v 3.058491 -2.145099 2.612622
v 3.058491 -2.145099 2.612622
v 2.971020 -2.104985 2.612622
v 3.023193 -2.213096 2.797363
v 2.971020 -2.104985 2.612622
v 2.942570 -2.176122 2.797363
v 3.023193 -2.213096 2.797363
v 3.023193 -2.213096 2.797363
v 2.942570 -2.176122 2.797363
v 2.937975 -2.377256 2.873884
v 2.942570 -2.176122 2.797363
v 2.873884 -2.347864 2.873884
v 2.937975 -2.377256 2.873884
v 2.873884 -2.347864 -2.873884
v 2.807344 -2.325004 -2.873884
v 2.942570 -2.176122 -2.797362
v 2.807344 -2.325004 -2.873884
v 2.858756 -2.147329 -2.797362
v 2.942570 -2.176122 -2.797362
v 2.942570 -2.176122 -2.797362
v 2.858756 -2.147329 -2.797362
v 2.971020 -2.104985 -2.612622
v 2.858756 -2.147329 -2.797362
v 2.880052 -2.073732 -2.612622
v 2.971020 -2.104985 -2.612622
v 2.971020 -2.104985 -2.612622
v 2.880052 -2.073732 -2.612622
v 2.971020 -2.104985 2.612622
v 2.880052 -2.073732 -2.612622
v 2.880052 -2.073732 2.612622
v 2.971020 -2.104985 2.612622
v 2.971020 -2.104985 2.612622
v 2.880052 -2.073732 2.612622
v 2.942570 -2.176122 2.797363
v 2.880052 -2.073732 2.612622
v 2.858756 -2.147329 2.797363
v 2.942570 -2.176122 2.797363
v 2.942570 -2.176122 2.797363
v 2.858756 -2.147329 2.797363
v 2.873884 -2.347864 2.873884
v 2.858756 -2.147329 2.797363
v 2.807344 -2.325004 2.873884
v 2.873884 -2.347864 2.873884
v 2.807344 -2.325004 -2.873884
v 2.738354 -2.308675 -2.873884
v 2.858756 -2.147329 -2.797362
v 2.738354 -2.308675 -2.873884
v 2.772258 -2.126855 -2.797362
v 2.858756 -2.147329 -2.797362
v 2.858756 -2.147329 -2.797362
v 2.772258 -2.126855 -2.797362
v 2.880052 -2.073732 -2.612622
v 2.772258 -2.126855 -2.797362
v 2.786301 -2.051543 -2.612622
v 2.880052 -2.073732 -2.612622
v 2.880052 -2.073732 -2.612622
v 2.786301 -2.051543 -2.612622
v 2.880052 -2.073732 2.612622
v 2.786301 -2.051543 -2.612622
v 2.786301 -2.051543 2.612622
v 2.880052 -2.073732 2.612622
v 2.880052 -2.073732 2.612622
v 2.786301 -2.051543 2.612622
v 2.858756 -2.147329 2.797363
v 2.786301 -2.051543 2.612622
v 2.772258 -2.126855 2.797363
v 2.858756 -2.147329 2.797363
v 2.858756 -2.147329 2.797363
v 2.772258 -2.126855 2.797363
v 2.807344 -2.325004 2.873884
v 2.772258 -2.126855 2.797363
v 2.738354 -2.308675 2.873884
v 2.807344 -2.325004 2.873884
v 2.738354 -2.308675 -2.873884
v 2.666916 -2.298877 -2.873884
v 2.772258 -2.126855 -2.797362
v 2.666916 -2.298877 -2.873884
v 2.683580 -2.114693 -2.797362
v 2.772258 -2.126855 -2.797362
v 2.772258 -2.126855 -2.797362
v 2.683580 -2.114693 -2.797362
v 2.786301 -2.051543 -2.612622
v 2.683580 -2.114693 -2.797362
v 2.690483 -2.038401 -2.612622
v 2.786301 -2.051543 -2.612622
v 2.786301 -2.051543 -2.612622
v 2.690483 -2.038401 -2.612622
v 2.786301 -2.051543 2.612622
v 2.690483 -2.038401 -2.612622
v 2.690483 -2.038401 2.612622
v 2.786301 -2.051543 2.612622
v 2.786301 -2.051543 2.612622
v 2.690483 -2.038401 2.612622
v 2.772258 -2.126855 2.797363
v 2.690483 -2.038401 2.612622
v 2.683580 -2.114693 2.797363
v 2.772258 -2.126855 2.797363
v 2.772258 -2.126855 2.797363
v 2.683580 -2.114693 2.797363
v 2.738354 -2.308675 2.873884
v 2.683580 -2.114693 2.797363
v 2.666916 -2.298877 2.873884
v 2.738354 -2.308675 2.873884
v 2.666916 -2.298877 -2.873884
v 2.593027 -2.295612 -2.873884
v 2.683580 -2.114693 -2.797362
v 2.593027 -2.295612 -2.873884
v 2.597108 -2.110872 -2.797362
v 2.683580 -2.114693 -2.797362
v 2.683580 -2.114693 -2.797362
v 2.597108 -2.110872 -2.797362
v 2.690483 -2.038401 -2.612622
v 2.597108 -2.110872 -2.797362
v 2.598798 -2.034349 -2.612622
v 2.690483 -2.038401 -2.612622
v 2.690483 -2.038401 -2.612622
v 2.598798 -2.034349 -2.612622
v 2.690483 -2.038401 2.612622
v 2.598798 -2.034349 -2.612622
v 2.598798 -2.034349 2.612622
v 2.690483 -2.038401 2.612622
v 2.690483 -2.038401 2.612622
v 2.598798 -2.034349 2.612622
v 2.683580 -2.114693 2.797363
v 2.598798 -2.034349 2.612622
v 2.597108 -2.110872 2.797363
v 2.683580 -2.114693 2.797363
v 2.683580 -2.114693 2.797363
v 2.597108 -2.110872 2.797363
v 2.666916 -2.298877 2.873884
v 2.597108 -2.110872 2.797363
v 2.593027 -2.295612 2.873884
v 2.666916 -2.298877 2.873884
v 2.593027 -2.295612 -2.873884
v -5.610606 -2.295612 -2.873884
v 2.597108 -2.110872 -2.797362
v -5.610606 -2.295612 -2.873884
v -5.616757 -2.110872 -2.797362
v 2.597108 -2.110872 -2.797362
v 2.597108 -2.110872 -2.797362
v -5.616757 -2.110872 -2.797362
v 2.598798 -2.034349 -2.612622
v -5.616757 -2.110872 -2.797362
v -5.619305 -2.034349 -2.612622
v 2.598798 -2.034349 -2.612622
v 2.598798 -2.034349 -2.612622
v -5.619305 -2.034349 -2.612622
v 2.598798 -2.034349 2.612622
v -5.619305 -2.034349 -2.612622
v -5.619305 -2.034349 2.612622
v 2.598798 -2.034349 2.612622
v 2.598798 -2.034349 2.612622
v -5.619305 -2.034349 2.612622
v 2.597108 -2.110872 2.797363
v -5.619305 -2.034349 2.612622
v -5.616757 -2.110872 2.797363
v 2.597108 -2.110872 2.797363
v 2.597108 -2.110872 2.797363
v -5.616757 -2.110872 2.797363
v 2.593027 -2.295612 2.873884
v -5.616757 -2.110872 2.797363
v -5.610606 -2.295612 2.873884
v 2.593027 -2.295612 2.873884
v -5.610606 -2.295612 -2.873884
v -5.687147 -2.300715 -2.873884
v -5.616757 -2.110872 -2.797362
v -5.687147 -2.300715 -2.873884
v -5.714236 -2.117370 -2.797362
v -5.616757 -2.110872 -2.797362
v -5.616757 -2.110872 -2.797362
v -5.714236 -2.117370 -2.797362
v -5.619305 -2.034349 -2.612622
v -5.714236 -2.117370 -2.797362
v -5.725456 -2.041426 -2.612622
v -5.619305 -2.034349 -2.612622
v -5.619305 -2.034349 -2.612622
v -5.725456 -2.041426 -2.612622
v -5.619305 -2.034349 2.612622
v -5.725456 -2.041426 -2.612622
v -5.725456 -2.041426 2.612622
v -5.619305 -2.034349 2.612622
v -5.619305 -2.034349 2.612622
v -5.725456 -2.041426 2.612622
v -5.616757 -2.110872 2.797363
v -5.725456 -2.041426 2.612622
v -5.714236 -2.117370 2.797363
v -5.616757 -2.110872 2.797363
v -5.616757 -2.110872 2.797363
v -5.714236 -2.117370 2.797363
v -5.610606 -2.295612 2.873884
v -5.714236 -2.117370 2.797363
v -5.687147 -2.300715 2.873884
v -5.610606 -2.295612 2.873884
v -5.687147 -2.300715 -2.873884
v -5.753483 -2.316022 -2.873884
v -5.714236 -2.117370 -2.797362
v -5.753483 -2.316022 -2.873884
v -5.813070 -2.140178 -2.797362
v -5.714236 -2.117370 -2.797362
v -5.714236 -2.117370 -2.797362
v -5.813070 -2.140178 -2.797362
v -5.725456 -2.041426 -2.612622
v -5.813070 -2.140178 -2.797362
v -5.837751 -2.067341 -2.612622
v -5.725456 -2.041426 -2.612622
v -5.725456 -2.041426 -2.612622
v -5.837751 -2.067341 -2.612622
v -5.725456 -2.041426 2.612622
v -5.837751 -2.067341 -2.612622
v -5.837751 -2.067341 2.612622
v -5.725456 -2.041426 2.612622
v -5.725456 -2.041426 2.612622
v -5.837751 -2.067341 2.612622
v -5.714236 -2.117370 2.797363
v -5.837751 -2.067341 2.612622
v -5.813070 -2.140178 2.797363
v -5.714236 -2.117370 2.797363
v -5.714236 -2.117370 2.797363
v -5.813070 -2.140178 2.797363
v -5.687147 -2.300715 2.873884
v -5.813070 -2.140178 2.797363
v -5.753483 -2.316022 2.873884
v -5.687147 -2.300715 2.873884
v -5.753483 -2.316022 -2.873884
v -5.809614 -2.341537 -2.873884
v -5.813070 -2.140178 -2.797362
v -5.809614 -2.341537 -2.873884
v -5.905863 -2.182358 -2.797362
v -5.813070 -2.140178 -2.797362
v -5.813070 -2.140178 -2.797362
v -5.905863 -2.182358 -2.797362
v -5.837751 -2.067341 -2.612622
v -5.905863 -2.182358 -2.797362
v -5.945731 -2.116423 -2.612622
v -5.837751 -2.067341 -2.612622
v -5.837751 -2.067341 -2.612622
v -5.945731 -2.116423 -2.612622
v -5.837751 -2.067341 2.612622
v -5.945731 -2.116423 -2.612622
v -5.945731 -2.116423 2.612622
v -5.837751 -2.067341 2.612622
v -5.837751 -2.067341 2.612622
v -5.945731 -2.116423 2.612622
v -5.813070 -2.140178 2.797363
v -5.945731 -2.116423 2.612622
v -5.905863 -2.182358 2.797363
v -5.813070 -2.140178 2.797363
v -5.813070 -2.140178 2.797363
v -5.905863 -2.182358 2.797363
v -5.753483 -2.316022 2.873884
v -5.905863 -2.182358 2.797363
v -5.809614 -2.341537 2.873884
v -5.753483 -2.316022 2.873884
v -5.809614 -2.341537 -2.873884
v -5.855539 -2.377256 -2.873884
v -5.905863 -2.182358 -2.797362
v -5.855539 -2.377256 -2.873884
v -5.987187 -2.245608 -2.797362
v -5.905863 -2.182358 -2.797362
v -5.905863 -2.182358 -2.797362
v -5.987187 -2.245608 -2.797362
v -5.945731 -2.116423 -2.612622
v -5.987187 -2.245608 -2.797362
v -6.041717 -2.191078 -2.612622
v -5.945731 -2.116423 -2.612622
v -5.945731 -2.116423 -2.612622
v -6.041717 -2.191078 -2.612622
v -5.945731 -2.116423 2.612622
v -6.041717 -2.191078 -2.612622
v -6.041717 -2.191078 2.612622
v -5.945731 -2.116423 2.612622
v -5.945731 -2.116423 2.612622
v -6.041717 -2.191078 2.612622
v -5.905863 -2.182358 2.797363
v -6.041717 -2.191078 2.612622
v -5.987187 -2.245608 2.797363
v -5.905863 -2.182358 2.797363
v -5.905863 -2.182358 2.797363
v -5.987187 -2.245608 2.797363
v -5.809614 -2.341537 2.873884
v -5.987187 -2.245608 2.797363
v -5.855539 -2.377256 2.873884
v -5.809614 -2.341537 2.873884
v -5.855539 -2.377256 -2.873884
v -5.891259 -2.423182 -2.873884
v -5.987187 -2.245608 -2.797362
v -5.891259 -2.423182 -2.873884
v -6.050439 -2.326932 -2.797362
v -5.987187 -2.245608 -2.797362
v -5.987187 -2.245608 -2.797362
v -6.050439 -2.326932 -2.797362
v -6.041717 -2.191078 -2.612622
v -6.050439 -2.326932 -2.797362
v -6.116373 -2.287064 -2.612622
v -6.041717 -2.191078 -2.612622
v -6.041717 -2.191078 -2.612622
v -6.116373 -2.287064 -2.612622
v -6.041717 -2.191078 2.612622
v -6.116373 -2.287064 -2.612622
v -6.116373 -2.287064 2.612622
v -6.041717 -2.191078 2.612622
v -6.041717 -2.191078 2.612622
v -6.116373 -2.287064 2.612622
v -5.987187 -2.245608 2.797363
v -6.116373 -2.287064 2.612622
v -6.050439 -2.326932 2.797363
v -5.987187 -2.245608 2.797363
v -5.987187 -2.245608 2.797363
v -6.050439 -2.326932 2.797363
v -5.855539 -2.377256 2.873884
v -6.050439 -2.326932 2.797363
v -5.891259 -2.423182 2.873884
v -5.855539 -2.377256 2.873884
v -5.891259 -2.423182 -2.873884
v -5.916773 -2.479311 -2.873884
v -6.050439 -2.326932 -2.797362
v -5.916773 -2.479311 -2.873884
v -6.092617 -2.419726 -2.797362
v -6.050439 -2.326932 -2.797362
v -6.050439 -2.326932 -2.797362
v -6.092617 -2.419726 -2.797362
v -6.116373 -2.287064 -2.612622
v -6.092617 -2.419726 -2.797362
v -6.165455 -2.395043 -2.612622
v -6.116373 -2.287064 -2.612622
v -6.116373 -2.287064 -2.612622
v -6.165455 -2.395043 -2.612622
v -6.116373 -2.287064 2.612622
v -6.165455 -2.395043 -2.612622
v -6.165455 -2.395043 2.612622
v -6.116373 -2.287064 2.612622
v -6.116373 -2.287064 2.612622
v -6.165455 -2.395043 2.612622
v -6.050439 -2.326932 2.797363
v -6.165455 -2.395043 2.612622
v -6.092617 -2.419726 2.797363
v -6.050439 -2.326932 2.797363
v -6.050439 -2.326932 2.797363
v -6.092617 -2.419726 2.797363
v -5.891259 -2.423182 2.873884
v -6.092617 -2.419726 2.797363
v -5.916773 -2.479311 2.873884
v -5.891259 -2.423182 2.873884
v -5.916773 -2.479311 -2.873884
v -5.932081 -2.545647 -2.873884
v -6.092617 -2.419726 -2.797362
v -5.932081 -2.545647 -2.873884
v -6.115425 -2.518560 -2.797362
v -6.092617 -2.419726 -2.797362
v -6.092617 -2.419726 -2.797362
v -6.115425 -2.518560 -2.797362
v -6.165455 -2.395043 -2.612622
v -6.115425 -2.518560 -2.797362
v -6.191369 -2.507339 -2.612622
v -6.165455 -2.395043 -2.612622
v -6.165455 -2.395043 -2.612622
v -6.191369 -2.507339 -2.612622
v -6.165455 -2.395043 2.612622
v -6.191369 -2.507339 -2.612622
v -6.191369 -2.507339 2.612622
v -6.165455 -2.395043 2.612622
v -6.165455 -2.395043 2.612622
v -6.191369 -2.507339 2.612622
v -6.092617 -2.419726 2.797363
v -6.191369 -2.507339 2.612622
v -6.115425 -2.518560 2.797363
v -6.092617 -2.419726 2.797363
v -6.092617 -2.419726 2.797363
v -6.115425 -2.518560 2.797363
v -5.916773 -2.479311 2.873884
v -6.115425 -2.518560 2.797363
v -5.932081 -2.545647 2.873884
v -5.916773 -2.479311 2.873884
v -5.932081 -2.545647 -2.873884
v -5.937184 -2.622190 -2.873884
v -6.115425 -2.518560 -2.797362
v -5.937184 -2.622190 -2.873884
v -6.121924 -2.616038 -2.797362
v -6.115425 -2.518560 -2.797362
v -6.115425 -2.518560 -2.797362
v -6.121924 -2.616038 -2.797362
v -6.191369 -2.507339 -2.612622
v -6.121924 -2.616038 -2.797362
v -6.198446 -2.613491 -2.612622
v -6.191369 -2.507339 -2.612622
v -6.191369 -2.507339 -2.612622
v -6.198446 -2.613491 -2.612622
v -6.191369 -2.507339 2.612622
v -6.198446 -2.613491 -2.612622
v -6.198446 -2.613491 2.612622
v -6.191369 -2.507339 2.612622
v -6.191369 -2.507339 2.612622
v -6.198446 -2.613491 2.612622
v -6.115425 -2.518560 2.797363
v -6.198446 -2.613491 2.612622
v -6.121924 -2.616038 2.797363
v -6.115425 -2.518560 2.797363
v -6.115425 -2.518560 2.797363
v -6.121924 -2.616038 2.797363
v -5.932081 -2.545647 2.873884
v -6.121924 -2.616038 2.797363
v -5.937184 -2.622190 2.873884
v -5.932081 -2.545647 2.873884
v -5.937184 -2.622190 -2.873884
v -5.937184 -19.382160 -2.873884
v -6.121924 -2.616038 -2.797362
v -5.937184 -19.382160 -2.873884
v -6.121924 -19.388311 -2.797362
v -6.121924 -2.616038 -2.797362
v -6.121924 -2.616038 -2.797362
v -6.121924 -19.388311 -2.797362
v -6.198446 -2.613491 -2.612622
v -6.121924 -19.388311 -2.797362
v -6.198446 -19.390859 -2.612622
v -6.198446 -2.613491 -2.612622
v -6.198446 -2.613491 -2.612622
v -6.198446 -19.390859 -2.612622
v -6.198446 -2.613491 2.612622
v -6.198446 -19.390859 -2.612622
v -6.198446 -19.390859 2.612622
v -6.198446 -2.613491 2.612622
v -6.198446 -2.613491 2.612622
v -6.198446 -19.390859 2.612622
v -6.121924 -2.616038 2.797363
v -6.198446 -19.390859 2.612622
v -6.121924 -19.388311 2.797363
v -6.121924 -2.616038 2.797363
v -6.121924 -2.616038 2.797363
v -6.121924 -19.388311 2.797363
v -5.937184 -2.622190 2.873884
v -6.121924 -19.388311 2.797363
v -5.937184 -19.382160 2.873884
v -5.937184 -2.622190 2.873884
v -5.937184 -19.382160 -2.873884
v -5.932081 -19.458702 -2.873884
v -6.121924 -19.388311 -2.797362
v -5.932081 -19.458702 -2.873884
v -6.115425 -19.485790 -2.797362
v -6.121924 -19.388311 -2.797362
v -6.121924 -19.388311 -2.797362
v -6.115425 -19.485790 -2.797362
v -6.198446 -19.390859 -2.612622
v -6.115425 -19.485790 -2.797362
v -6.191369 -19.497010 -2.612622
v -6.198446 -19.390859 -2.612622
v -6.198446 -19.390859 -2.612622
v -6.191369 -19.497010 -2.612622
v -6.198446 -19.390859 2.612622
v -6.191369 -19.497010 -2.612622
v -6.191369 -19.497010 2.612622
v -6.198446 -19.390859 2.612622
v -6.198446 -19.390859 2.612622
v -6.191369 -19.497010 2.612622
v -6.121924 -19.388311 2.797363
v -6.191369 -19.497010 2.612622
v -6.115425 -19.485790 2.797363
v -6.121924 -19.388311 2.797363
v -6.121924 -19.388311 2.797363
v -6.115425 -19.485790 2.797363
v -5.937184 -19.382160 2.873884
v -6.115425 -19.485790 2.797363
v -5.932081 -19.458702 2.873884
v -5.937184 -19.382160 2.873884
v -5.932081 -19.458702 -2.873884
v -5.916773 -19.525038 -2.873884
v -6.115425 -19.485790 -2.797362
v -5.916773 -19.525038 -2.873884
v -6.092617 -19.584624 -2.797362
v -6.115425 -19.485790 -2.797362
v -6.115425 -19.485790 -2.797362
v -6.092617 -19.584624 -2.797362
v -6.191369 -19.497010 -2.612622
v -6.092617 -19.584624 -2.797362
v -6.165455 -19.609305 -2.612622
v -6.191369 -19.497010 -2.612622
v -6.191369 -19.497010 -2.612622
v -6.165455 -19.609305 -2.612622
v -6.191369 -19.497010 2.612622
v -6.165455 -19.609305 -2.612622
v -6.165455 -19.609305 2.612622
v -6.191369 -19.497010 2.612622
v -6.191369 -19.497010 2.612622
v -6.165455 -19.609305 2.612622
v -6.115425 -19.485790 2.797363
v -6.165455 -19.609305 2.612622
v -6.092617 -19.584624 2.797363
v -6.115425 -19.485790 2.797363
v -6.115425 -19.485790 2.797363
v -6.092617 -19.584624 2.797363
v -5.932081 -19.458702 2.873884
v -6.092617 -19.584624 2.797363
v -5.916773 -19.525038 2.873884
v -5.932081 -19.458702 2.873884
v -5.916773 -19.525038 -2.873884
v -5.891259 -19.581168 -2.873884
v -6.092617 -19.584624 -2.797362
v -5.891259 -19.581168 -2.873884
v -6.050439 -19.677417 -2.797362
v -6.092617 -19.584624 -2.797362
v -6.092617 -19.584624 -2.797362
v -6.050439 -19.677417 -2.797362
v -6.165455 -19.609305 -2.612622
v -6.050439 -19.677417 -2.797362
v -6.116373 -19.717285 -2.612622
v -6.165455 -19.609305 -2.612622
v -6.165455 -19.609305 -2.612622
v -6.116373 -19.717285 -2.612622
v -6.165455 -19.609305 2.612622
v -6.116373 -19.717285 -2.612622
v -6.116373 -19.717285 2.612622
v -6.165455 -19.609305 2.612622
v -6.165455 -19.609305 2.612622
v -6.116373 -19.717285 2.612622
v -6.092617 -19.584624 2.797363
v -6.116373 -19.717285 2.612622
v -6.050439 -19.677417 2.797363
v -6.092617 -19.584624 2.797363
v -6.092617 -19.584624 2.797363
v -6.050439 -19.677417 2.797363
v -5.916773 -19.525038 2.873884
v -6.050439 -19.677417 2.797363
v -5.891259 -19.581168 2.873884
v -5.916773 -19.525038 2.873884
v -5.891259 -19.581168 -2.873884
v -5.855539 -19.627093 -2.873884
v -6.050439 -19.677417 -2.797362
v -5.855539 -19.627093 -2.873884
v -5.987187 -19.758741 -2.797362
v -6.050439 -19.677417 -2.797362
v -6.050439 -19.677417 -2.797362
v -5.987187 -19.758741 -2.797362
v -6.116373 -19.717285 -2.612622
v -5.987187 -19.758741 -2.797362
v -6.041717 -19.813271 -2.612622
v -6.116373 -19.717285 -2.612622
v -6.116373 -19.717285 -2.612622
v -6.041717 -19.813271 -2.612622
v -6.116373 -19.717285 2.612622
v -6.041717 -19.813271 -2.612622
v -6.041717 -19.813271 2.612622
v -6.116373 -19.717285 2.612622
v -6.116373 -19.717285 2.612622
v -6.041717 -19.813271 2.612622
v -6.050439 -19.677417 2.797363
v -6.041717 -19.813271 2.612622
v -5.987187 -19.758741 2.797363
v -6.050439 -19.677417 2.797363
v -6.050439 -19.677417 2.797363
v -5.987187 -19.758741 2.797363
v -5.891259 -19.581168 2.873884
v -5.987187 -19.758741 2.797363
v -5.855539 -19.627093 2.873884
v -5.891259 -19.581168 2.873884
v -5.855539 -19.627093 -2.873884
v -5.809614 -19.662813 -2.873884
v -5.987187 -19.758741 -2.797362
v -5.809614 -19.662813 -2.873884
v -5.905863 -19.821993 -2.797362
v -5.987187 -19.758741 -2.797362
v -5.987187 -19.758741 -2.797362
v -5.905863 -19.821993 -2.797362
v -6.041717 -19.813271 -2.612622
v -5.905863 -19.821993 -2.797362
v -5.945731 -19.887927 -2.612622
v -6.041717 -19.813271 -2.612622
v -6.041717 -19.813271 -2.612622
v -5.945731 -19.887927 -2.612622
v -6.041717 -19.813271 2.612622
v -5.945731 -19.887927 -2.612622
v -5.945731 -19.887927 2.612622
v -6.041717 -19.813271 2.612622
v -6.041717 -19.813271 2.612622
v -5.945731 -19.887927 2.612622
v -5.987187 -19.758741 2.797363
v -5.945731 -19.887927 2.612622
v -5.905863 -19.821993 2.797363
v -5.987187 -19.758741 2.797363
v -5.987187 -19.758741 2.797363
v -5.905863 -19.821993 2.797363
v -5.855539 -19.627093 2.873884
v -5.905863 -19.821993 2.797363
v -5.809614 -19.662813 2.873884
v -5.855539 -19.627093 2.873884
v -5.809614 -19.662813 -2.873884
v -5.753483 -19.688327 -2.873884
v -5.905863 -19.821993 -2.797362
v -5.753483 -19.688327 -2.873884
v -5.813070 -19.864172 -2.797362
v -5.905863 -19.821993 -2.797362
v -5.905863 -19.821993 -2.797362
v -5.813070 -19.864172 -2.797362
v -5.945731 -19.887927 -2.612622
v -5.813070 -19.864172 -2.797362
v -5.837751 -19.937009 -2.612622
v -5.945731 -19.887927 -2.612622
v -5.945731 -19.887927 -2.612622
v -5.837751 -19.937009 -2.612622
v -5.945731 -19.887927 2.612622
v -5.837751 -19.937009 -2.612622
v -5.837751 -19.937009 2.612622
v -5.945731 -19.887927 2.612622
v -5.945731 -19.887927 2.612622
v -5.837751 -19.937009 2.612622
v -5.905863 -19.821993 2.797363
v -5.837751 -19.937009 2.612622
v -5.813070 -19.864172 2.797363
v -5.905863 -19.821993 2.797363
v -5.905863 -19.821993 2.797363
v -5.813070 -19.864172 2.797363
v -5.809614 -19.662813 2.873884
v -5.813070 -19.864172 2.797363
v -5.753483 -19.688327 2.873884
v -5.809614 -19.662813 2.873884
v -5.753483 -19.688327 -2.873884
v -5.687147 -19.703635 -2.873884
v -5.813070 -19.864172 -2.797362
v -5.687147 -19.703635 -2.873884
v -5.714236 -19.886979 -2.797362
v -5.813070 -19.864172 -2.797362
v -5.813070 -19.864172 -2.797362
v -5.714236 -19.886979 -2.797362
v -5.837751 -19.937009 -2.612622
v -5.714236 -19.886979 -2.797362
v -5.725456 -19.962923 -2.612622
v -5.837751 -19.937009 -2.612622
v -5.837751 -19.937009 -2.612622
v -5.725456 -19.962923 -2.612622
v -5.837751 -19.937009 2.612622
v -5.725456 -19.962923 -2.612622
v -5.725456 -19.962923 2.612622
v -5.837751 -19.937009 2.612622
v -5.837751 -19.937009 2.612622
v -5.725456 -19.962923 2.612622
v -5.813070 -19.864172 2.797363
v -5.725456 -19.962923 2.612622
v -5.714236 -19.886979 2.797363
v -5.813070 -19.864172 2.797363
v -5.813070 -19.864172 2.797363
v -5.714236 -19.886979 2.797363
v -5.753483 -19.688327 2.873884
v -5.714236 -19.886979 2.797363
v -5.687147 -19.703635 2.873884
v -5.753483 -19.688327 2.873884
v -5.687147 -19.703635 -2.873884
v -5.610606 -19.708738 -2.873884
v -5.714236 -19.886979 -2.797362
v -5.610606 -19.708738 -2.873884
v -5.616757 -19.893478 -2.797362
v -5.714236 -19.886979 -2.797362
v -5.714236 -19.886979 -2.797362
v -5.616757 -19.893478 -2.797362
v -5.725456 -19.962923 -2.612622
v -5.616757 -19.893478 -2.797362
v -5.619305 -19.970000 -2.612622
v -5.725456 -19.962923 -2.612622
v -5.725456 -19.962923 -2.612622
v -5.619305 -19.970000 -2.612622
v -5.725456 -19.962923 2.612622
v -5.619305 -19.970000 -2.612622
v -5.619305 -19.970000 2.612622
v -5.725456 -19.962923 2.612622
v -5.725456 -19.962923 2.612622
v -5.619305 -19.970000 2.612622
v -5.714236 -19.886979 2.797363
v -5.619305 -19.970000 2.612622
v -5.616757 -19.893478 2.797363
v -5.714236 -19.886979 2.797363
v -5.714236 -19.886979 2.797363
v -5.616757 -19.893478 2.797363
v -5.687147 -19.703635 2.873884
v -5.616757 -19.893478 2.797363
v -5.610606 -19.708738 2.873884
v -5.687147 -19.703635 2.873884
v -5.610606 -19.708738 -2.873884
v 2.593027 -19.708738 -2.873884
v -5.616757 -19.893478 -2.797362
v 2.593027 -19.708738 -2.873884
v 2.597363 -19.893478 -2.797362
v -5.616757 -19.893478 -2.797362
v -5.616757 -19.893478 -2.797362
v 2.597363 -19.893478 -2.797362
v -5.619305 -19.970000 -2.612622
v 2.597363 -19.893478 -2.797362
v 2.599159 -19.970000 -2.612622
v -5.619305 -19.970000 -2.612622
v -5.619305 -19.970000 -2.612622
v 2.599159 -19.970000 -2.612622
v -5.619305 -19.970000 2.612622
v 2.599159 -19.970000 -2.612622
v 2.599159 -19.970000 2.612622
v -5.619305 -19.970000 2.612622
v -5.619305 -19.970000 2.612622
v 2.599159 -19.970000 2.612622
v -5.616757 -19.893478 2.797363
v 2.599159 -19.970000 2.612622
v 2.597363 -19.893478 2.797363
v -5.616757 -19.893478 2.797363
v -5.616757 -19.893478 2.797363
v 2.597363 -19.893478 2.797363
v -5.610606 -19.708738 2.873884
v 2.597363 -19.893478 2.797363
v 2.593027 -19.708738 2.873884
v -5.610606 -19.708738 2.873884
v -0.045721 -15.659174 -2.873884
v -0.201254 -15.653663 -2.873884
v -0.045721 -15.474318 -2.797362
v -0.201254 -15.653663 -2.873884
v -0.187608 -15.469290 -2.797362
v -0.045721 -15.474318 -2.797362
v -0.045721 -15.474318 -2.797362
v -0.187608 -15.469290 -2.797362
v -0.045721 -15.397748 -2.612622
v -0.187608 -15.469290 -2.797362
v -0.181955 -15.392920 -2.612622
v -0.045721 -15.397748 -2.612622
v -0.045721 -15.397748 -2.612622
v -0.181955 -15.392920 -2.612622
v -0.045721 -15.397748 2.612622
v -0.181955 -15.392920 -2.612622
v -0.181955 -15.392920 2.612622
v -0.045721 -15.397748 2.612622
v -0.045721 -15.397748 2.612622
v -0.181955 -15.392920 2.612622
v -0.045721 -15.474318 2.797363
v -0.181955 -15.392920 2.612622
v -0.187608 -15.469290 2.797363
v -0.045721 -15.474318 2.797363
v -0.045721 -15.474318 2.797363
v -0.187608 -15.469290 2.797363
v -0.045721 -15.659174 2.873884
v -0.187608 -15.469290 2.797363
v -0.201254 -15.653663 2.873884
v -0.045721 -15.659174 2.873884
v -0.201254 -15.653663 -2.873884
v -0.347806 -15.637130 -2.873884
v -0.187608 -15.469290 -2.797362
v -0.347806 -15.637130 -2.873884
v -0.319258 -15.454438 -2.797362
v -0.187608 -15.469290 -2.797362
v -0.187608 -15.469290 -2.797362
v -0.319258 -15.454438 -2.797362
v -0.181955 -15.392920 -2.612622
v -0.319258 -15.454438 -2.797362
v -0.307432 -15.378765 -2.612622
v -0.181955 -15.392920 -2.612622
v -0.181955 -15.392920 -2.612622
v -0.307432 -15.378765 -2.612622
v -0.181955 -15.392920 2.612622
v -0.307432 -15.378765 -2.612622
v -0.307432 -15.378765 2.612622
v -0.181955 -15.392920 2.612622
v -0.181955 -15.392920 2.612622
v -0.307432 -15.378765 2.612622
v -0.187608 -15.469290 2.797363
v -0.307432 -15.378765 2.612622
v -0.319258 -15.454438 2.797363
v -0.187608 -15.469290 2.797363
v -0.187608 -15.469290 2.797363
v -0.319258 -15.454438 2.797363
v -0.201254 -15.653663 2.873884
v -0.319258 -15.454438 2.797363
v -0.347806 -15.637130 2.873884
v -0.201254 -15.653663 2.873884
v -0.347806 -15.637130 -2.873884
v -0.485377 -15.609575 -2.873884
v -0.319258 -15.454438 -2.797362
v -0.485377 -15.609575 -2.873884
v -0.440594 -15.430135 -2.797362
v -0.319258 -15.454438 -2.797362
v -0.319258 -15.454438 -2.797362
v -0.440594 -15.430135 -2.797362
v -0.307432 -15.378765 -2.612622
v -0.440594 -15.430135 -2.797362
v -0.422046 -15.355809 -2.612622
v -0.307432 -15.378765 -2.612622
v -0.307432 -15.378765 -2.612622
v -0.422046 -15.355809 -2.612622
v -0.307432 -15.378765 2.612622
v -0.422046 -15.355809 -2.612622
v -0.422046 -15.355809 2.612622
v -0.307432 -15.378765 2.612622
v -0.307432 -15.378765 2.612622
v -0.422046 -15.355809 2.612622
v -0.319258 -15.454438 2.797363
v -0.422046 -15.355809 2.612622
v -0.440594 -15.430135 2.797363
v -0.319258 -15.454438 2.797363
v -0.319258 -15.454438 2.797363
v -0.440594 -15.430135 2.797363
v -0.347806 -15.637130 2.873884
v -0.440594 -15.430135 2.797363
v -0.485377 -15.609575 2.873884
v -0.347806 -15.637130 2.873884
v -0.485377 -15.609575 -2.873884
v -0.613966 -15.570998 -2.873884
v -0.440594 -15.430135 -2.797362
v -0.613966 -15.570998 -2.873884
v -0.551881 -15.396749 -2.797362
v -0.440594 -15.430135 -2.797362
v -0.440594 -15.430135 -2.797362
v -0.551881 -15.396749 -2.797362
v -0.422046 -15.355809 -2.612622
v -0.551881 -15.396749 -2.797362
v -0.526165 -15.324572 -2.612622
v -0.422046 -15.355809 -2.612622
v -0.422046 -15.355809 -2.612622
v -0.526165 -15.324572 -2.612622
v -0.422046 -15.355809 2.612622
v -0.526165 -15.324572 -2.612622
v -0.526165 -15.324572 2.612622
v -0.422046 -15.355809 2.612622
v -0.422046 -15.355809 2.612622
v -0.526165 -15.324572 2.612622
v -0.440594 -15.430135 2.797363
v -0.526165 -15.324572 2.612622
v -0.551881 -15.396749 2.797363
v -0.440594 -15.430135 2.797363
v -0.440594 -15.430135 2.797363
v -0.551881 -15.396749 2.797363
v -0.485377 -15.609575 2.873884
v -0.551881 -15.396749 2.797363
v -0.613966 -15.570998 2.873884
v -0.485377 -15.609575 2.873884
v -0.613966 -15.570998 -2.873884
v -0.733575 -15.521399 -2.873884
v -0.551881 -15.396749 -2.797362
v -0.733575 -15.521399 -2.873884
v -0.653571 -15.354581 -2.797362
v -0.551881 -15.396749 -2.797362
v -0.551881 -15.396749 -2.797362
v -0.653571 -15.354581 -2.797362
v -0.526165 -15.324572 -2.612622
v -0.653571 -15.354581 -2.797362
v -0.620432 -15.285482 -2.612622
v -0.526165 -15.324572 -2.612622
v -0.526165 -15.324572 -2.612622
v -0.620432 -15.285482 -2.612622
v -0.526165 -15.324572 2.612622
v -0.620432 -15.285482 -2.612622
v -0.620432 -15.285482 2.612622
v -0.526165 -15.324572 2.612622
v -0.526165 -15.324572 2.612622
v -0.620432 -15.285482 2.612622
v -0.551881 -15.396749 2.797363
v -0.620432 -15.285482 2.612622
v -0.653571 -15.354581 2.797363
v -0.551881 -15.396749 2.797363
v -0.551881 -15.396749 2.797363
v -0.653571 -15.354581 2.797363
v -0.613966 -15.570998 2.873884
v -0.653571 -15.354581 2.797363
v -0.733575 -15.521399 2.873884
v -0.613966 -15.570998 2.873884
v -0.733575 -15.521399 -2.873884
v -0.844204 -15.460778 -2.873884
v -0.653571 -15.354581 -2.797362
v -0.844204 -15.460778 -2.873884
v -0.746290 -15.303773 -2.797362
v -0.653571 -15.354581 -2.797362
v -0.653571 -15.354581 -2.797362
v -0.746290 -15.303773 -2.797362
v -0.620432 -15.285482 -2.612622
v -0.746290 -15.303773 -2.797362
v -0.705733 -15.238740 -2.612622
v -0.620432 -15.285482 -2.612622
v -0.620432 -15.285482 -2.612622
v -0.705733 -15.238740 -2.612622
v -0.620432 -15.285482 2.612622
v -0.705733 -15.238740 -2.612622
v -0.705733 -15.238740 2.612622
v -0.620432 -15.285482 2.612622
v -0.620432 -15.285482 2.612622
v -0.705733 -15.238740 2.612622
v -0.653571 -15.354581 2.797363
v -0.705733 -15.238740 2.612622
v -0.746290 -15.303773 2.797363
v -0.653571 -15.354581 2.797363
v -0.653571 -15.354581 2.797363
v -0.746290 -15.303773 2.797363
v -0.733575 -15.521399 2.873884
v -0.746290 -15.303773 2.797363
v -0.844204 -15.460778 2.873884
v -0.733575 -15.521399 2.873884
v -0.844204 -15.460778 -2.873884
v -0.945851 -15.389135 -2.873884
v -0.746290 -15.303773 -2.797362
v -0.945851 -15.389135 -2.873884
v -0.830770 -15.244230 -2.797362
v -0.746290 -15.303773 -2.797362
v -0.746290 -15.303773 -2.797362
v -0.830770 -15.244230 -2.797362
v -0.705733 -15.238740 -2.612622
v -0.830770 -15.244230 -2.797362
v -0.783102 -15.184209 -2.612622
v -0.705733 -15.238740 -2.612622
v -0.705733 -15.238740 -2.612622
v -0.783102 -15.184209 -2.612622
v -0.705733 -15.238740 2.612622
v -0.783102 -15.184209 -2.612622
v -0.783102 -15.184209 2.612622
v -0.705733 -15.238740 2.612622
v -0.705733 -15.238740 2.612622
v -0.783102 -15.184209 2.612622
v -0.746290 -15.303773 2.797363
v -0.783102 -15.184209 2.612622
v -0.830770 -15.244230 2.797363
v -0.746290 -15.303773 2.797363
v -0.746290 -15.303773 2.797363
v -0.830770 -15.244230 2.797363
v -0.844204 -15.460778 2.873884
v -0.830770 -15.244230 2.797363
v -0.945851 -15.389135 2.873884
v -0.844204 -15.460778 2.873884
v -0.945851 -15.389135 -2.873884
v -1.038518 -15.306470 -2.873884
v -0.830770 -15.244230 -2.797362
v -1.038518 -15.306470 -2.873884
v -0.907523 -15.175761 -2.797362
v -0.830770 -15.244230 -2.797362
v -0.830770 -15.244230 -2.797362
v -0.907523 -15.175761 -2.797362
v -0.783102 -15.184209 -2.612622
v -0.907523 -15.175761 -2.797362
v -0.853263 -15.121620 -2.612622
v -0.783102 -15.184209 -2.612622
v -0.783102 -15.184209 -2.612622
v -0.853263 -15.121620 -2.612622
v -0.783102 -15.184209 2.612622
v -0.853263 -15.121620 -2.612622
v -0.853263 -15.121620 2.612622
v -0.783102 -15.184209 2.612622
v -0.783102 -15.184209 2.612622
v -0.853263 -15.121620 2.612622
v -0.830770 -15.244230 2.797363
v -0.853263 -15.121620 2.612622
v -0.907523 -15.175761 2.797363
v -0.830770 -15.244230 2.797363
v -0.830770 -15.244230 2.797363
v -0.907523 -15.175761 2.797363
v -0.945851 -15.389135 2.873884
v -0.907523 -15.175761 2.797363
v -1.038518 -15.306470 2.873884
v -0.945851 -15.389135 2.873884
v -1.038518 -15.306470 -2.873884
v -1.121183 -15.213395 -2.873884
v -0.907523 -15.175761 -2.797362
v -1.121183 -15.213395 -2.873884
v -0.975815 -15.098869 -2.797362
v -0.907523 -15.175761 -2.797362
v -0.907523 -15.175761 -2.797362
v -0.975815 -15.098869 -2.797362
v -0.853263 -15.121620 -2.612622
v -0.975815 -15.098869 -2.797362
v -0.915602 -15.051431 -2.612622
v -0.853263 -15.121620 -2.612622
v -0.853263 -15.121620 -2.612622
v -0.915602 -15.051431 -2.612622
v -0.853263 -15.121620 2.612622
v -0.915602 -15.051431 -2.612622
v -0.915602 -15.051431 2.612622
v -0.853263 -15.121620 2.612622
v -0.853263 -15.121620 2.612622
v -0.915602 -15.051431 2.612622
v -0.907523 -15.175761 2.797363
v -0.915602 -15.051431 2.612622
v -0.975815 -15.098869 2.797363
v -0.907523 -15.175761 2.797363
v -0.907523 -15.175761 2.797363
v -0.975815 -15.098869 2.797363
v -1.038518 -15.306470 2.873884
v -0.975815 -15.098869 2.797363
v -1.121183 -15.213395 2.873884
v -1.038518 -15.306470 2.873884
v -1.121183 -15.213395 -2.873884
v -1.192826 -15.110523 -2.873884
v -0.975815 -15.098869 -2.797362
v -1.192826 -15.110523 -2.873884
v -1.035164 -15.013650 -2.797362
v -0.975815 -15.098869 -2.797362
v -0.975815 -15.098869 -2.797362
v -1.035164 -15.013650 -2.797362
v -0.915602 -15.051431 -2.612622
v -1.035164 -15.013650 -2.797362
v -0.969859 -14.973523 -2.612622
v -0.915602 -15.051431 -2.612622
v -0.915602 -15.051431 -2.612622
v -0.969859 -14.973523 -2.612622
v -0.915602 -15.051431 2.612622
v -0.969859 -14.973523 -2.612622
v -0.969859 -14.973523 2.612622
v -0.915602 -15.051431 2.612622
v -0.915602 -15.051431 2.612622
v -0.969859 -14.973523 2.612622
v -0.975815 -15.098869 2.797363
v -0.969859 -14.973523 2.612622
v -1.035164 -15.013650 2.797363
v -0.975815 -15.098869 2.797363
v -0.975815 -15.098869 2.797363
v -1.035164 -15.013650 2.797363
v -1.121183 -15.213395 2.873884
v -1.035164 -15.013650 2.797363
v -1.192826 -15.110523 2.873884
v -1.121183 -15.213395 2.873884
v -1.192826 -15.110523 -2.873884
v -1.253446 -14.997854 -2.873884
v -1.035164 -15.013650 -2.797362
v -1.253446 -14.997854 -2.873884
v -1.085993 -14.919181 -2.797362
v -1.035164 -15.013650 -2.797362
v -1.035164 -15.013650 -2.797362
v -1.085993 -14.919181 -2.797362
v -0.969859 -14.973523 -2.612622
v -1.085993 -14.919181 -2.797362
v -1.016631 -14.886593 -2.612622
v -0.969859 -14.973523 -2.612622
v -0.969859 -14.973523 -2.612622
v -1.016631 -14.886593 -2.612622
v -0.969859 -14.973523 2.612622
v -1.016631 -14.886593 -2.612622
v -1.016631 -14.886593 2.612622
v -0.969859 -14.973523 2.612622
v -0.969859 -14.973523 2.612622
v -1.016631 -14.886593 2.612622
v -1.035164 -15.013650 2.797363
v -1.016631 -14.886593 2.612622
v -1.085993 -14.919181 2.797363
v -1.035164 -15.013650 2.797363
v -1.035164 -15.013650 2.797363
v -1.085993 -14.919181 2.797363
v -1.192826 -15.110523 2.873884
v -1.085993 -14.919181 2.797363
v -1.253446 -14.997854 2.873884
v -1.192826 -15.110523 2.873884
v -1.253446 -14.997854 -2.873884
v -1.303046 -14.875387 -2.873884
v -1.085993 -14.919181 -2.797362
v -1.303046 -14.875387 -2.873884
v -1.128310 -14.814695 -2.797362
v -1.085993 -14.919181 -2.797362
v -1.085993 -14.919181 -2.797362
v -1.128310 -14.814695 -2.797362
v -1.016631 -14.886593 -2.612622
v -1.128310 -14.814695 -2.797362
v -1.055931 -14.789555 -2.612622
v -1.016631 -14.886593 -2.612622
v -1.016631 -14.886593 -2.612622
v -1.055931 -14.789555 -2.612622
v -1.016631 -14.886593 2.612622
v -1.055931 -14.789555 -2.612622
v -1.055931 -14.789555 2.612622
v -1.016631 -14.886593 2.612622
v -1.016631 -14.886593 2.612622
v -1.055931 -14.789555 2.612622
v -1.085993 -14.919181 2.797363
v -1.055931 -14.789555 2.612622
v -1.128310 -14.814695 2.797363
v -1.085993 -14.919181 2.797363
v -1.085993 -14.919181 2.797363
v -1.128310 -14.814695 2.797363
v -1.253446 -14.997854 2.873884
v -1.128310 -14.814695 2.797363
v -1.303046 -14.875387 2.873884
v -1.253446 -14.997854 2.873884
v -1.303046 -14.875387 -2.873884
v -1.341622 -14.743123 -2.873884
v -1.128310 -14.814695 -2.797362
v -1.341622 -14.743123 -2.873884
v -1.161885 -14.699578 -2.797362
v -1.128310 -14.814695 -2.797362
v -1.128310 -14.814695 -2.797362
v -1.161885 -14.699578 -2.797362
v -1.055931 -14.789555 -2.612622
v -1.161885 -14.699578 -2.797362
v -1.087436 -14.681541 -2.612622
v -1.055931 -14.789555 -2.612622
v -1.055931 -14.789555 -2.612622
v -1.087436 -14.681541 -2.612622
v -1.055931 -14.789555 2.612622
v -1.087436 -14.681541 -2.612622
v -1.087436 -14.681541 2.612622
v -1.055931 -14.789555 2.612622
v -1.055931 -14.789555 2.612622
v -1.087436 -14.681541 2.612622
v -1.128310 -14.814695 2.797363
v -1.087436 -14.681541 2.612622
v -1.161885 -14.699578 2.797363
v -1.128310 -14.814695 2.797363
v -1.128310 -14.814695 2.797363
v -1.161885 -14.699578 2.797363
v -1.303046 -14.875387 2.873884
v -1.161885 -14.699578 2.797363
v -1.341622 -14.743123 2.873884
v -1.303046 -14.875387 2.873884
v -1.341622 -14.743123 -2.873884
v -1.369177 -14.601062 -2.873884
v -1.161885 -14.699578 -2.797362
v -1.369177 -14.601062 -2.873884
v -1.186354 -14.573428 -2.797362
v -1.161885 -14.699578 -2.797362
v -1.161885 -14.699578 -2.797362
v -1.186354 -14.573428 -2.797362
v -1.087436 -14.681541 -2.612622
v -1.186354 -14.573428 -2.797362
v -1.110626 -14.561982 -2.612622
v -1.087436 -14.681541 -2.612622
v -1.087436 -14.681541 -2.612622
v -1.110626 -14.561982 -2.612622
v -1.087436 -14.681541 2.612622
v -1.110626 -14.561982 -2.612622
v -1.110626 -14.561982 2.612622
v -1.087436 -14.681541 2.612622
v -1.087436 -14.681541 2.612622
v -1.110626 -14.561982 2.612622
v -1.161885 -14.699578 2.797363
v -1.110626 -14.561982 2.612622
v -1.186354 -14.573428 2.797363
v -1.161885 -14.699578 2.797363
v -1.161885 -14.699578 2.797363
v -1.186354 -14.573428 2.797363
v -1.341622 -14.743123 2.873884
v -1.186354 -14.573428 2.797363
v -1.369177 -14.601062 2.873884
v -1.341622 -14.743123 2.873884
v -1.369177 -14.601062 -2.873884
v -1.385710 -14.449203 -2.873884
v -1.186354 -14.573428 -2.797362
v -1.385710 -14.449203 -2.873884
v -1.201312 -14.436041 -2.797362
v -1.186354 -14.573428 -2.797362
v -1.186354 -14.573428 -2.797362
v -1.201312 -14.436041 -2.797362
v -1.110626 -14.561982 -2.612622
v -1.201312 -14.436041 -2.797362
v -1.124931 -14.430588 -2.612622
v -1.110626 -14.561982 -2.612622
v -1.110626 -14.561982 -2.612622
v -1.124931 -14.430588 -2.612622
v -1.110626 -14.561982 2.612622
v -1.124931 -14.430588 -2.612622
v -1.124931 -14.430588 2.612622
v -1.110626 -14.561982 2.612622
v -1.110626 -14.561982 2.612622
v -1.124931 -14.430588 2.612622
v -1.186354 -14.573428 2.797363
v -1.124931 -14.430588 2.612622
v -1.201312 -14.436041 2.797363
v -1.186354 -14.573428 2.797363
v -1.186354 -14.573428 2.797363
v -1.201312 -14.436041 2.797363
v -1.369177 -14.601062 2.873884
v -1.201312 -14.436041 2.797363
v -1.385710 -14.449203 2.873884
v -1.369177 -14.601062 2.873884
v -1.385710 -14.449203 -2.873884
v -1.391221 -14.287547 -2.873884
v -1.201312 -14.436041 -2.797362
v -1.391221 -14.287547 -2.873884
v -1.206374 -14.287545 -2.797362
v -1.201312 -14.436041 -2.797362
v -1.201312 -14.436041 -2.797362
v -1.206374 -14.287545 -2.797362
v -1.124931 -14.430588 -2.612622
v -1.206374 -14.287545 -2.797362
v -1.129808 -14.287544 -2.612622
v -1.124931 -14.430588 -2.612622
v -1.124931 -14.430588 -2.612622
v -1.129808 -14.287544 -2.612622
v -1.124931 -14.430588 2.612622
v -1.129808 -14.287544 -2.612622
v -1.129808 -14.287544 2.612622
v -1.124931 -14.430588 2.612622
v -1.124931 -14.430588 2.612622
v -1.129808 -14.287544 2.612622
v -1.201312 -14.436041 2.797363
v -1.129808 -14.287544 2.612622
v -1.206374 -14.287545 2.797363
v -1.201312 -14.436041 2.797363
v -1.201312 -14.436041 2.797363
v -1.206374 -14.287545 2.797363
v -1.385710 -14.449203 2.873884
v -1.206374 -14.287545 2.797363
v -1.391221 -14.287547 2.873884
v -1.385710 -14.449203 2.873884
v -1.391221 -14.287547 -2.873884
v -1.385710 -14.125789 -2.873884
v -1.206374 -14.287545 -2.797362
v -1.385710 -14.125789 -2.873884
v -1.201311 -14.138930 -2.797362
v -1.206374 -14.287545 -2.797362
v -1.206374 -14.287545 -2.797362
v -1.201311 -14.138930 -2.797362
v -1.129808 -14.287544 -2.612622
v -1.201311 -14.138930 -2.797362
v -1.124930 -14.144373 -2.612622
v -1.129808 -14.287544 -2.612622
v -1.129808 -14.287544 -2.612622
v -1.124930 -14.144373 -2.612622
v -1.129808 -14.287544 2.612622
v -1.124930 -14.144373 -2.612622
v -1.124930 -14.144373 2.612622
v -1.129808 -14.287544 2.612622
v -1.129808 -14.287544 2.612622
v -1.124930 -14.144373 2.612622
v -1.206374 -14.287545 2.797363
v -1.124930 -14.144373 2.612622
v -1.201311 -14.138930 2.797363
v -1.206374 -14.287545 2.797363
v -1.206374 -14.287545 2.797363
v -1.201311 -14.138930 2.797363
v -1.391221 -14.287547 2.873884
v -1.201311 -14.138930 2.797363
v -1.385710 -14.125789 2.873884
v -1.391221 -14.287547 2.873884
v -1.385710 -14.125789 -2.873884
v -1.369177 -13.973624 -2.873884
v -1.201311 -14.138930 -2.797362
v -1.369177 -13.973624 -2.873884
v -1.186343 -14.001177 -2.797362
v -1.201311 -14.138930 -2.797362
v -1.201311 -14.138930 -2.797362
v -1.186343 -14.001177 -2.797362
v -1.124930 -14.144373 -2.612622
v -1.186343 -14.001177 -2.797362
v -1.110611 -14.012590 -2.612622
v -1.124930 -14.144373 -2.612622
v -1.124930 -14.144373 -2.612622
v -1.110611 -14.012590 -2.612622
v -1.124930 -14.144373 2.612622
v -1.110611 -14.012590 -2.612622
v -1.110611 -14.012590 2.612622
v -1.124930 -14.144373 2.612622
v -1.124930 -14.144373 2.612622
v -1.110611 -14.012590 2.612622
v -1.201311 -14.138930 2.797363
v -1.110611 -14.012590 2.612622
v -1.186343 -14.001177 2.797363
v -1.201311 -14.138930 2.797363
v -1.201311 -14.138930 2.797363
v -1.186343 -14.001177 2.797363
v -1.385710 -14.125789 2.873884
v -1.186343 -14.001177 2.797363
v -1.369177 -13.973624 2.873884
v -1.385710 -14.125789 2.873884
v -1.369177 -13.973624 -2.873884
v -1.341622 -13.831053 -2.873884
v -1.186343 -14.001177 -2.797362
v -1.341622 -13.831053 -2.873884
v -1.161842 -13.874407 -2.797362
v -1.186343 -14.001177 -2.797362
v -1.186343 -14.001177 -2.797362
v -1.161842 -13.874407 -2.797362
v -1.110611 -14.012590 -2.612622
v -1.161842 -13.874407 -2.797362
v -1.087375 -13.892365 -2.612622
v -1.110611 -14.012590 -2.612622
v -1.110611 -14.012590 -2.612622
v -1.087375 -13.892365 -2.612622
v -1.110611 -14.012590 2.612622
v -1.087375 -13.892365 -2.612622
v -1.087375 -13.892365 2.612622
v -1.110611 -14.012590 2.612622
v -1.110611 -14.012590 2.612622
v -1.087375 -13.892365 2.612622
v -1.186343 -14.001177 2.797363
v -1.087375 -13.892365 2.612622
v -1.161842 -13.874407 2.797363
v -1.186343 -14.001177 2.797363
v -1.186343 -14.001177 2.797363
v -1.161842 -13.874407 2.797363
v -1.369177 -13.973624 2.873884
v -1.161842 -13.874407 2.797363
v -1.341622 -13.831053 2.873884
v -1.369177 -13.973624 2.873884
v -1.341622 -13.831053 -2.873884
v -1.303046 -13.698074 -2.873884
v -1.161842 -13.874407 -2.797362
v -1.303046 -13.698074 -2.873884
v -1.128193 -13.758412 -2.797362
v -1.161842 -13.874407 -2.797362
v -1.161842 -13.874407 -2.797362
v -1.128193 -13.758412 -2.797362
v -1.087375 -13.892365 -2.612622
v -1.128193 -13.758412 -2.797362
v -1.055766 -13.783405 -2.612622
v -1.087375 -13.892365 -2.612622
v -1.087375 -13.892365 -2.612622
v -1.055766 -13.783405 -2.612622
v -1.087375 -13.892365 2.612622
v -1.055766 -13.783405 -2.612622
v -1.055766 -13.783405 2.612622
v -1.087375 -13.892365 2.612622
v -1.087375 -13.892365 2.612622
v -1.055766 -13.783405 2.612622
v -1.161842 -13.874407 2.797363
v -1.055766 -13.783405 2.612622
v -1.128193 -13.758412 2.797363
v -1.161842 -13.874407 2.797363
v -1.161842 -13.874407 2.797363
v -1.128193 -13.758412 2.797363
v -1.341622 -13.831053 2.873884
v -1.128193 -13.758412 2.797363
v -1.303046 -13.698074 2.873884
v -1.341622 -13.831053 2.873884
v -1.303046 -13.698074 -2.873884
v -1.253446 -13.574689 -2.873884
v -1.128193 -13.758412 -2.797362
v -1.253446 -13.574689 -2.873884
v -1.085736 -13.652796 -2.797362
v -1.128193 -13.758412 -2.797362
v -1.128193 -13.758412 -2.797362
v -1.085736 -13.652796 -2.797362
v -1.055766 -13.783405 -2.612622
v -1.085736 -13.652796 -2.797362
v -1.016268 -13.685149 -2.612622
v -1.055766 -13.783405 -2.612622
v -1.055766 -13.783405 -2.612622
v -1.016268 -13.685149 -2.612622
v -1.055766 -13.783405 2.612622
v -1.016268 -13.685149 -2.612622
v -1.016268 -13.685149 2.612622
v -1.055766 -13.783405 2.612622
v -1.055766 -13.783405 2.612622
v -1.016268 -13.685149 2.612622
v -1.128193 -13.758412 2.797363
v -1.016268 -13.685149 2.612622
v -1.085736 -13.652796 2.797363
v -1.128193 -13.758412 2.797363
v -1.128193 -13.758412 2.797363
v -1.085736 -13.652796 2.797363
v -1.303046 -13.698074 2.873884
v -1.085736 -13.652796 2.797363
v -1.253446 -13.574689 2.873884
v -1.303046 -13.698074 2.873884
v -1.253446 -13.574689 -2.873884
v -1.192826 -13.460898 -2.873884
v -1.085736 -13.652796 -2.797362
v -1.192826 -13.460898 -2.873884
v -1.034685 -13.556967 -2.797362
v -1.085736 -13.652796 -2.797362
v -1.085736 -13.652796 -2.797362
v -1.034685 -13.556967 -2.797362
v -1.016268 -13.685149 -2.612622
v -1.034685 -13.556967 -2.797362
v -0.969181 -13.596760 -2.612622
v -1.016268 -13.685149 -2.612622
v -1.016268 -13.685149 -2.612622
v -0.969181 -13.596760 -2.612622
v -1.016268 -13.685149 2.612622
v -0.969181 -13.596760 -2.612622
v -0.969181 -13.596760 2.612622
v -1.016268 -13.685149 2.612622
v -1.016268 -13.685149 2.612622
v -0.969181 -13.596760 2.612622
v -1.085736 -13.652796 2.797363
v -0.969181 -13.596760 2.612622
v -1.034685 -13.556967 2.797363
v -1.085736 -13.652796 2.797363
v -1.085736 -13.652796 2.797363
v -1.034685 -13.556967 2.797363
v -1.253446 -13.574689 2.873884
v -1.034685 -13.556967 2.797363
v -1.192826 -13.460898 2.873884
v -1.253446 -13.574689 2.873884
v -1.192826 -13.460898 -2.873884
v -1.121183 -13.356699 -2.873884
v -1.034685 -13.556967 -2.797362
v -1.121183 -13.356699 -2.873884
v -0.975021 -13.470190 -2.797362
v -1.034685 -13.556967 -2.797362
v -1.034685 -13.556967 -2.797362
v -0.975021 -13.470190 -2.797362
v -0.969181 -13.596760 -2.612622
v -0.975021 -13.470190 -2.797362
v -0.914479 -13.517200 -2.612622
v -0.969181 -13.596760 -2.612622
v -0.969181 -13.596760 -2.612622
v -0.914479 -13.517200 -2.612622
v -0.969181 -13.596760 2.612622
v -0.914479 -13.517200 -2.612622
v -0.914479 -13.517200 2.612622
v -0.969181 -13.596760 2.612622
v -0.969181 -13.596760 2.612622
v -0.914479 -13.517200 2.612622
v -1.034685 -13.556967 2.797363
v -0.914479 -13.517200 2.612622
v -0.975021 -13.470190 2.797363
v -1.034685 -13.556967 2.797363
v -1.034685 -13.556967 2.797363
v -0.975021 -13.470190 2.797363
v -1.192826 -13.460898 2.873884
v -0.975021 -13.470190 2.797363
v -1.121183 -13.356699 2.873884
v -1.192826 -13.460898 2.873884
v -1.121183 -13.356699 -2.873884
v -1.038518 -13.262093 -2.873884
v -0.975021 -13.470190 -2.797362
v -1.038518 -13.262093 -2.873884
v -0.906407 -13.391666 -2.797362
v -0.975021 -13.470190 -2.797362
v -0.975021 -13.470190 -2.797362
v -0.906407 -13.391666 -2.797362
v -0.914479 -13.517200 -2.612622
v -0.906407 -13.391666 -2.797362
v -0.851685 -13.445336 -2.612622
v -0.914479 -13.517200 -2.612622
v -0.914479 -13.517200 -2.612622
v -0.851685 -13.445336 -2.612622
v -0.914479 -13.517200 2.612622
v -0.851685 -13.445336 -2.612622
v -0.851685 -13.445336 2.612622
v -0.914479 -13.517200 2.612622
v -0.914479 -13.517200 2.612622
v -0.851685 -13.445336 2.612622
v -0.975021 -13.470190 2.797363
v -0.851685 -13.445336 2.612622
v -0.906407 -13.391666 2.797363
v -0.975021 -13.470190 2.797363
v -0.975021 -13.470190 2.797363
v -0.906407 -13.391666 2.797363
v -1.121183 -13.356699 2.873884
v -0.906407 -13.391666 2.797363
v -1.038518 -13.262093 2.873884
v -1.121183 -13.356699 2.873884
v -1.038518 -13.262093 -2.873884
v -0.945851 -13.177897 -2.873884
v -0.906407 -13.391666 -2.797362
v -0.945851 -13.177897 -2.873884
v -0.829484 -13.321775 -2.797362
v -0.906407 -13.391666 -2.797362
v -0.906407 -13.391666 -2.797362
v -0.829484 -13.321775 -2.797362
v -0.851685 -13.445336 -2.612622
v -0.829484 -13.321775 -2.797362
v -0.781284 -13.381370 -2.612622
v -0.851685 -13.445336 -2.612622
v -0.851685 -13.445336 -2.612622
v -0.781284 -13.381370 -2.612622
v -0.851685 -13.445336 2.612622
v -0.781284 -13.381370 -2.612622
v -0.781284 -13.381370 2.612622
v -0.851685 -13.445336 2.612622
v -0.851685 -13.445336 2.612622
v -0.781284 -13.381370 2.612622
v -0.906407 -13.391666 2.797363
v -0.781284 -13.381370 2.612622
v -0.829484 -13.321775 2.797363
v -0.906407 -13.391666 2.797363
v -0.906407 -13.391666 2.797363
v -0.829484 -13.321775 2.797363
v -1.038518 -13.262093 2.873884
v -0.829484 -13.321775 2.797363
v -0.945851 -13.177897 2.873884
v -1.038518 -13.262093 2.873884
v -0.945851 -13.177897 -2.873884
v -0.844204 -13.104928 -2.873884
v -0.829484 -13.321775 -2.797362
v -0.844204 -13.104928 -2.873884
v -0.745000 -13.261126 -2.797362
v -0.829484 -13.321775 -2.797362
v -0.829484 -13.321775 -2.797362
v -0.745000 -13.261126 -2.797362
v -0.781284 -13.381370 -2.612622
v -0.745000 -13.261126 -2.797362
v -0.703909 -13.325825 -2.612622
v -0.781284 -13.381370 -2.612622
v -0.781284 -13.381370 -2.612622
v -0.703909 -13.325825 -2.612622
v -0.781284 -13.381370 2.612622
v -0.703909 -13.325825 -2.612622
v -0.703909 -13.325825 2.612622
v -0.781284 -13.381370 2.612622
v -0.781284 -13.381370 2.612622
v -0.703909 -13.325825 2.612622
v -0.829484 -13.321775 2.797363
v -0.703909 -13.325825 2.612622
v -0.745000 -13.261126 2.797363
v -0.829484 -13.321775 2.797363
v -0.829484 -13.321775 2.797363
v -0.745000 -13.261126 2.797363
v -0.945851 -13.177897 2.873884
v -0.745000 -13.261126 2.797363
v -0.844204 -13.104928 2.873884
v -0.945851 -13.177897 2.873884
v -0.844204 -13.104928 -2.873884
v -0.733575 -13.043184 -2.873884
v -0.745000 -13.261126 -2.797362
v -0.733575 -13.043184 -2.873884
v -0.652377 -13.209431 -2.797362
v -0.745000 -13.261126 -2.797362
v -0.745000 -13.261126 -2.797362
v -0.652377 -13.209431 -2.797362
v -0.703909 -13.325825 -2.612622
v -0.652377 -13.209431 -2.797362
v -0.618744 -13.278293 -2.612622
v -0.703909 -13.325825 -2.612622
v -0.703909 -13.325825 -2.612622
v -0.618744 -13.278293 -2.612622
v -0.703909 -13.325825 2.612622
v -0.618744 -13.278293 -2.612622
v -0.618744 -13.278293 2.612622
v -0.703909 -13.325825 2.612622
v -0.703909 -13.325825 2.612622
v -0.618744 -13.278293 2.612622
v -0.745000 -13.261126 2.797363
v -0.618744 -13.278293 2.612622
v -0.652377 -13.209431 2.797363
v -0.745000 -13.261126 2.797363
v -0.745000 -13.261126 2.797363
v -0.652377 -13.209431 2.797363
v -0.844204 -13.104928 2.873884
v -0.652377 -13.209431 2.797363
v -0.733575 -13.043184 2.873884
v -0.844204 -13.104928 2.873884
v -0.733575 -13.043184 -2.873884
v -0.613966 -12.992667 -2.873884
v -0.652377 -13.209431 -2.797362
v -0.613966 -12.992667 -2.873884
v -0.550868 -13.166558 -2.797362
v -0.652377 -13.209431 -2.797362
v -0.652377 -13.209431 -2.797362
v -0.550868 -13.166558 -2.797362
v -0.618744 -13.278293 -2.612622
v -0.550868 -13.166558 -2.797362
v -0.524731 -13.238587 -2.612622
v -0.618744 -13.278293 -2.612622
v -0.618744 -13.278293 -2.612622
v -0.524731 -13.238587 -2.612622
v -0.618744 -13.278293 2.612622
v -0.524731 -13.238587 -2.612622
v -0.524731 -13.238587 2.612622
v -0.618744 -13.278293 2.612622
v -0.618744 -13.278293 2.612622
v -0.524731 -13.238587 2.612622
v -0.652377 -13.209431 2.797363
v -0.524731 -13.238587 2.612622
v -0.550868 -13.166558 2.797363
v -0.652377 -13.209431 2.797363
v -0.652377 -13.209431 2.797363
v -0.550868 -13.166558 2.797363
v -0.733575 -13.043184 2.873884
v -0.550868 -13.166558 2.797363
v -0.613966 -12.992667 2.873884
v -0.733575 -13.043184 2.873884
v -0.613966 -12.992667 -2.873884
v -0.485377 -12.953375 -2.873884
v -0.550868 -13.166558 -2.797362
v -0.485377 -12.953375 -2.873884
v -0.439817 -13.132626 -2.797362
v -0.550868 -13.166558 -2.797362
v -0.550868 -13.166558 -2.797362
v -0.439817 -13.132626 -2.797362
v -0.524731 -13.238587 -2.612622
v -0.439817 -13.132626 -2.797362
v -0.420946 -13.206874 -2.612622
v -0.524731 -13.238587 -2.612622
v -0.524731 -13.238587 -2.612622
v -0.420946 -13.206874 -2.612622
v -0.524731 -13.238587 2.612622
v -0.420946 -13.206874 -2.612622
v -0.420946 -13.206874 2.612622
v -0.524731 -13.238587 2.612622
v -0.524731 -13.238587 2.612622
v -0.420946 -13.206874 2.612622
v -0.550868 -13.166558 2.797363
v -0.420946 -13.206874 2.612622
v -0.439817 -13.132626 2.797363
v -0.550868 -13.166558 2.797363
v -0.550868 -13.166558 2.797363
v -0.439817 -13.132626 2.797363
v -0.613966 -12.992667 2.873884
v -0.439817 -13.132626 2.797363
v -0.485377 -12.953375 2.873884
v -0.613966 -12.992667 2.873884
v -0.485377 -12.953375 -2.873884
v -0.347806 -12.925310 -2.873884
v -0.439817 -13.132626 -2.797362
v -0.347806 -12.925310 -2.873884
v -0.318743 -13.107926 -2.797362
v -0.439817 -13.132626 -2.797362
v -0.439817 -13.132626 -2.797362
v -0.318743 -13.107926 -2.797362
v -0.420946 -13.206874 -2.612622
v -0.318743 -13.107926 -2.797362
v -0.306705 -13.183569 -2.612622
v -0.420946 -13.206874 -2.612622
v -0.420946 -13.206874 -2.612622
v -0.306705 -13.183569 -2.612622
v -0.420946 -13.206874 2.612622
v -0.306705 -13.183569 -2.612622
v -0.306705 -13.183569 2.612622
v -0.420946 -13.206874 2.612622
v -0.420946 -13.206874 2.612622
v -0.306705 -13.183569 2.612622
v -0.439817 -13.132626 2.797363
v -0.306705 -13.183569 2.612622
v -0.318743 -13.107926 2.797363
v -0.439817 -13.132626 2.797363
v -0.439817 -13.132626 2.797363
v -0.318743 -13.107926 2.797363
v -0.485377 -12.953375 2.873884
v -0.318743 -13.107926 2.797363
v -0.347806 -12.925310 2.873884
v -0.485377 -12.953375 2.873884
v -0.347806 -12.925310 -2.873884
v -0.201254 -12.908470 -2.873884
v -0.318743 -13.107926 -2.797362
v -0.201254 -12.908470 -2.873884
v -0.187357 -13.092829 -2.797362
v -0.318743 -13.107926 -2.797362
v -0.318743 -13.107926 -2.797362
v -0.187357 -13.092829 -2.797362
v -0.306705 -13.183569 -2.612622
v -0.187357 -13.092829 -2.797362
v -0.181601 -13.169193 -2.612622
v -0.306705 -13.183569 -2.612622
v -0.306705 -13.183569 -2.612622
v -0.181601 -13.169193 -2.612622
v -0.306705 -13.183569 2.612622
v -0.181601 -13.169193 -2.612622
v -0.181601 -13.169193 2.612622
v -0.306705 -13.183569 2.612622
v -0.306705 -13.183569 2.612622
v -0.181601 -13.169193 2.612622
v -0.318743 -13.107926 2.797363
v -0.181601 -13.169193 2.612622
v -0.187357 -13.092829 2.797363
v -0.318743 -13.107926 2.797363
v -0.318743 -13.107926 2.797363
v -0.187357 -13.092829 2.797363
v -0.347806 -12.925310 2.873884
v -0.187357 -13.092829 2.797363
v -0.201254 -12.908470 2.873884
v -0.347806 -12.925310 2.873884
v -0.201254 -12.908470 -2.873884
v -0.045721 -12.902858 -2.873884
v -0.187357 -13.092829 -2.797362
v -0.045721 -12.902858 -2.873884
v -0.045721 -13.087718 -2.797362
v -0.187357 -13.092829 -2.797362
v -0.187357 -13.092829 -2.797362
v -0.045721 -13.087718 -2.797362
v -0.181601 -13.169193 -2.612622
v -0.045721 -13.087718 -2.797362
v -0.045721 -13.164290 -2.612622
v -0.181601 -13.169193 -2.612622
v -0.181601 -13.169193 -2.612622
v -0.045721 -13.164290 -2.612622
v -0.181601 -13.169193 2.612622
v -0.045721 -13.164290 -2.612622
v -0.045721 -13.164290 2.612622
v -0.181601 -13.169193 2.612622
v -0.181601 -13.169193 2.612622
v -0.045721 -13.164290 2.612622
v -0.187357 -13.092829 2.797363
v -0.045721 -13.164290 2.612622
v -0.045721 -13.087718 2.797363
v -0.187357 -13.092829 2.797363
v -0.187357 -13.092829 2.797363
v -0.045721 -13.087718 2.797363
v -0.201254 -12.908470 2.873884
v -0.045721 -13.087718 2.797363
v -0.045721 -12.902858 2.873884
v -0.201254 -12.908470 2.873884
v -0.045721 -12.902858 -2.873884
v 0.109812 -12.908470 -2.873884
v -0.045721 -13.087718 -2.797362
v 0.109812 -12.908470 -2.873884
v 0.095915 -13.092829 -2.797362
v -0.045721 -13.087718 -2.797362
v -0.045721 -13.087718 -2.797362
v 0.095915 -13.092829 -2.797362
v -0.045721 -13.164290 -2.612622
v 0.095915 -13.092829 -2.797362
v 0.090159 -13.169193 -2.612622
v -0.045721 -13.164290 -2.612622
v -0.045721 -13.164290 -2.612622
v 0.090159 -13.169193 -2.612622
v -0.045721 -13.164290 2.612622
v 0.090159 -13.169193 -2.612622
v 0.090159 -13.169193 2.612622
v -0.045721 -13.164290 2.612622
v -0.045721 -13.164290 2.612622
v 0.090159 -13.169193 2.612622
v -0.045721 -13.087718 2.797363
v 0.090159 -13.169193 2.612622
v 0.095915 -13.092829 2.797363
v -0.045721 -13.087718 2.797363
v -0.045721 -13.087718 2.797363
v 0.095915 -13.092829 2.797363
v -0.045721 -12.902858 2.873884
v 0.095915 -13.092829 2.797363
v 0.109812 -12.908470 2.873884
v -0.045721 -12.902858 2.873884
v 0.109812 -12.908470 -2.873884
v 0.256363 -12.925310 -2.873884
v 0.095915 -13.092829 -2.797362
v 0.256363 -12.925310 -2.873884
v 0.227301 -13.107926 -2.797362
v 0.095915 -13.092829 -2.797362
v 0.095915 -13.092829 -2.797362
v 0.227301 -13.107926 -2.797362
v 0.090159 -13.169193 -2.612622
v 0.227301 -13.107926 -2.797362
v 0.215263 -13.183569 -2.612622
v 0.090159 -13.169193 -2.612622
v 0.090159 -13.169193 -2.612622
v 0.215263 -13.183569 -2.612622
v 0.090159 -13.169193 2.612622
v 0.215263 -13.183569 -2.612622
v 0.215263 -13.183569 2.612622
v 0.090159 -13.169193 2.612622
v 0.090159 -13.169193 2.612622
v 0.215263 -13.183569 2.612622
v 0.095915 -13.092829 2.797363
v 0.215263 -13.183569 2.612622
v 0.227301 -13.107926 2.797363
v 0.095915 -13.092829 2.797363
v 0.095915 -13.092829 2.797363
v 0.227301 -13.107926 2.797363
v 0.109812 -12.908470 2.873884
v 0.227301 -13.107926 2.797363
v 0.256363 -12.925310 2.873884
v 0.109812 -12.908470 2.873884
v 0.256363 -12.925310 -2.873884
v 0.393934 -12.953375 -2.873884
v 0.227301 -13.107926 -2.797362
v 0.393934 -12.953375 -2.873884
v 0.348375 -13.132626 -2.797362
v 0.227301 -13.107926 -2.797362
v 0.227301 -13.107926 -2.797362
v 0.348375 -13.132626 -2.797362
v 0.215263 -13.183569 -2.612622
v 0.348375 -13.132626 -2.797362
v 0.329504 -13.206874 -2.612622
v 0.215263 -13.183569 -2.612622
v 0.215263 -13.183569 -2.612622
v 0.329504 -13.206874 -2.612622
v 0.215263 -13.183569 2.612622
v 0.329504 -13.206874 -2.612622
v 0.329504 -13.206874 2.612622
v 0.215263 -13.183569 2.612622
v 0.215263 -13.183569 2.612622
v 0.329504 -13.206874 2.612622
v 0.227301 -13.107926 2.797363
v 0.329504 -13.206874 2.612622
v 0.348375 -13.132626 2.797363
v 0.227301 -13.107926 2.797363
v 0.227301 -13.107926 2.797363
v 0.348375 -13.132626 2.797363
v 0.256363 -12.925310 2.873884
v 0.348375 -13.132626 2.797363
v 0.393934 -12.953375 2.873884
v 0.256363 -12.925310 2.873884
v 0.393934 -12.953375 -2.873884
v 0.522524 -12.992667 -2.873884
v 0.348375 -13.132626 -2.797362
v 0.522524 -12.992667 -2.873884
v 0.459425 -13.166558 -2.797362
v 0.348375 -13.132626 -2.797362
v 0.348375 -13.132626 -2.797362
v 0.459425 -13.166558 -2.797362
v 0.329504 -13.206874 -2.612622
v 0.459425 -13.166558 -2.797362
v 0.433290 -13.238587 -2.612622
v 0.329504 -13.206874 -2.612622
v 0.329504 -13.206874 -2.612622
v 0.433290 -13.238587 -2.612622
v 0.329504 -13.206874 2.612622
v 0.433290 -13.238587 -2.612622
v 0.433290 -13.238587 2.612622
v 0.329504 -13.206874 2.612622
v 0.329504 -13.206874 2.612622
v 0.433290 -13.238587 2.612622
v 0.348375 -13.132626 2.797363
v 0.433290 -13.238587 2.612622
v 0.459425 -13.166558 2.797363
v 0.348375 -13.132626 2.797363
v 0.348375 -13.132626 2.797363
v 0.459425 -13.166558 2.797363
v 0.393934 -12.953375 2.873884
v 0.459425 -13.166558 2.797363
v 0.522524 -12.992667 2.873884
v 0.393934 -12.953375 2.873884
v 0.522524 -12.992667 -2.873884
v 0.642134 -13.043184 -2.873884
v 0.459425 -13.166558 -2.797362
v 0.642134 -13.043184 -2.873884
v 0.560934 -13.209431 -2.797362
v 0.459425 -13.166558 -2.797362
v 0.459425 -13.166558 -2.797362
v 0.560934 -13.209431 -2.797362
v 0.433290 -13.238587 -2.612622
v 0.560934 -13.209431 -2.797362
v 0.527301 -13.278293 -2.612622
v 0.433290 -13.238587 -2.612622
v 0.433290 -13.238587 -2.612622
v 0.527301 -13.278293 -2.612622
v 0.433290 -13.238587 2.612622
v 0.527301 -13.278293 -2.612622
v 0.527301 -13.278293 2.612622
v 0.433290 -13.238587 2.612622
v 0.433290 -13.238587 2.612622
v 0.527301 -13.278293 2.612622
v 0.459425 -13.166558 2.797363
v 0.527301 -13.278293 2.612622
v 0.560934 -13.209431 2.797363
v 0.459425 -13.166558 2.797363
v 0.459425 -13.166558 2.797363
v 0.560934 -13.209431 2.797363
v 0.522524 -12.992667 2.873884
v 0.560934 -13.209431 2.797363
v 0.642134 -13.043184 2.873884
v 0.522524 -12.992667 2.873884
v 0.642134 -13.043184 -2.873884
v 0.752761 -13.104928 -2.873884
v 0.560934 -13.209431 -2.797362
v 0.752761 -13.104928 -2.873884
v 0.653558 -13.261126 -2.797362
v 0.560934 -13.209431 -2.797362
v 0.560934 -13.209431 -2.797362
v 0.653558 -13.261126 -2.797362
v 0.527301 -13.278293 -2.612622
v 0.653558 -13.261126 -2.797362
v 0.612467 -13.325825 -2.612622
v 0.527301 -13.278293 -2.612622
v 0.527301 -13.278293 -2.612622
v 0.612467 -13.325825 -2.612622
v 0.527301 -13.278293 2.612622
v 0.612467 -13.325825 -2.612622
v 0.612467 -13.325825 2.612622
v 0.527301 -13.278293 2.612622
v 0.527301 -13.278293 2.612622
v 0.612467 -13.325825 2.612622
v 0.560934 -13.209431 2.797363
v 0.612467 -13.325825 2.612622
v 0.653558 -13.261126 2.797363
v 0.560934 -13.209431 2.797363
v 0.560934 -13.209431 2.797363
v 0.653558 -13.261126 2.797363
v 0.642134 -13.043184 2.873884
v 0.653558 -13.261126 2.797363
v 0.752761 -13.104928 2.873884
v 0.642134 -13.043184 2.873884
v 0.752761 -13.104928 -2.873884
v 0.854409 -13.177897 -2.873884
v 0.653558 -13.261126 -2.797362
v 0.854409 -13.177897 -2.873884
v 0.738042 -13.321775 -2.797362
v 0.653558 -13.261126 -2.797362
v 0.653558 -13.261126 -2.797362
v 0.738042 -13.321775 -2.797362
v 0.612467 -13.325825 -2.612622
v 0.738042 -13.321775 -2.797362
v 0.689841 -13.381370 -2.612622
v 0.612467 -13.325825 -2.612622
v 0.612467 -13.325825 -2.612622
v 0.689841 -13.381370 -2.612622
v 0.612467 -13.325825 2.612622
v 0.689841 -13.381370 -2.612622
v 0.689841 -13.381370 2.612622
v 0.612467 -13.325825 2.612622
v 0.612467 -13.325825 2.612622
v 0.689841 -13.381370 2.612622
v 0.653558 -13.261126 2.797363
v 0.689841 -13.381370 2.612622
v 0.738042 -13.321775 2.797363
v 0.653558 -13.261126 2.797363
v 0.653558 -13.261126 2.797363
v 0.738042 -13.321775 2.797363
v 0.752761 -13.104928 2.873884
v 0.738042 -13.321775 2.797363
v 0.854409 -13.177897 2.873884
v 0.752761 -13.104928 2.873884
v 0.854409 -13.177897 -2.873884
v 0.947075 -13.262093 -2.873884
v 0.738042 -13.321775 -2.797362
v 0.947075 -13.262093 -2.873884
v 0.814964 -13.391666 -2.797362
v 0.738042 -13.321775 -2.797362
v 0.738042 -13.321775 -2.797362
v 0.814964 -13.391666 -2.797362
v 0.689841 -13.381370 -2.612622
v 0.814964 -13.391666 -2.797362
v 0.760243 -13.445336 -2.612622
v 0.689841 -13.381370 -2.612622
v 0.689841 -13.381370 -2.612622
v 0.760243 -13.445336 -2.612622
v 0.689841 -13.381370 2.612622
v 0.760243 -13.445336 -2.612622
v 0.760243 -13.445336 2.612622
v 0.689841 -13.381370 2.612622
v 0.689841 -13.381370 2.612622
v 0.760243 -13.445336 2.612622
v 0.738042 -13.321775 2.797363
v 0.760243 -13.445336 2.612622
v 0.814964 -13.391666 2.797363
v 0.738042 -13.321775 2.797363
v 0.738042 -13.321775 2.797363
v 0.814964 -13.391666 2.797363
v 0.854409 -13.177897 2.873884
v 0.814964 -13.391666 2.797363
v 0.947075 -13.262093 2.873884
v 0.854409 -13.177897 2.873884
v 0.947075 -13.262093 -2.873884
v 1.029740 -13.356699 -2.873884
v 0.814964 -13.391666 -2.797362
v 1.029740 -13.356699 -2.873884
v 0.883578 -13.470190 -2.797362
v 0.814964 -13.391666 -2.797362
v 0.814964 -13.391666 -2.797362
v 0.883578 -13.470190 -2.797362
v 0.760243 -13.445336 -2.612622
v 0.883578 -13.470190 -2.797362
v 0.823036 -13.517200 -2.612622
v 0.760243 -13.445336 -2.612622
v 0.760243 -13.445336 -2.612622
v 0.823036 -13.517200 -2.612622
v 0.760243 -13.445336 2.612622
v 0.823036 -13.517200 -2.612622
v 0.823036 -13.517200 2.612622
v 0.760243 -13.445336 2.612622
v 0.760243 -13.445336 2.612622
v 0.823036 -13.517200 2.612622
v 0.814964 -13.391666 2.797363
v 0.823036 -13.517200 2.612622
v 0.883578 -13.470190 2.797363
v 0.814964 -13.391666 2.797363
v 0.814964 -13.391666 2.797363
v 0.883578 -13.470190 2.797363
v 0.947075 -13.262093 2.873884
v 0.883578 -13.470190 2.797363
v 1.029740 -13.356699 2.873884
v 0.947075 -13.262093 2.873884
v 1.029740 -13.356699 -2.873884
v 1.101383 -13.460898 -2.873884
v 0.883578 -13.470190 -2.797362
v 1.101383 -13.460898 -2.873884
v 0.943242 -13.556967 -2.797362
v 0.883578 -13.470190 -2.797362
v 0.883578 -13.470190 -2.797362
v 0.943242 -13.556967 -2.797362
v 0.823036 -13.517200 -2.612622
v 0.943242 -13.556967 -2.797362
v 0.877738 -13.596760 -2.612622
v 0.823036 -13.517200 -2.612622
v 0.823036 -13.517200 -2.612622
v 0.877738 -13.596760 -2.612622
v 0.823036 -13.517200 2.612622
v 0.877738 -13.596760 -2.612622
v 0.877738 -13.596760 2.612622
v 0.823036 -13.517200 2.612622
v 0.823036 -13.517200 2.612622
v 0.877738 -13.596760 2.612622
v 0.883578 -13.470190 2.797363
v 0.877738 -13.596760 2.612622
v 0.943242 -13.556967 2.797363
v 0.883578 -13.470190 2.797363
v 0.883578 -13.470190 2.797363
v 0.943242 -13.556967 2.797363
v 1.029740 -13.356699 2.873884
v 0.943242 -13.556967 2.797363
v 1.101383 -13.460898 2.873884
v 1.029740 -13.356699 2.873884
v 1.101383 -13.460898 -2.873884
v 1.162004 -13.574689 -2.873884
v 0.943242 -13.556967 -2.797362
v 1.162004 -13.574689 -2.873884
v 0.994295 -13.652796 -2.797362
v 0.943242 -13.556967 -2.797362
v 0.943242 -13.556967 -2.797362
v 0.994295 -13.652796 -2.797362
v 0.877738 -13.596760 -2.612622
v 0.994295 -13.652796 -2.797362
v 0.924827 -13.685149 -2.612622
v 0.877738 -13.596760 -2.612622
v 0.877738 -13.596760 -2.612622
v 0.924827 -13.685149 -2.612622
v 0.877738 -13.596760 2.612622
v 0.924827 -13.685149 -2.612622
v 0.924827 -13.685149 2.612622
v 0.877738 -13.596760 2.612622
v 0.877738 -13.596760 2.612622
v 0.924827 -13.685149 2.612622
v 0.943242 -13.556967 2.797363
v 0.924827 -13.685149 2.612622
v 0.994295 -13.652796 2.797363
v 0.943242 -13.556967 2.797363
v 0.943242 -13.556967 2.797363
v 0.994295 -13.652796 2.797363
v 1.101383 -13.460898 2.873884
v 0.994295 -13.652796 2.797363
v 1.162004 -13.574689 2.873884
v 1.101383 -13.460898 2.873884
v 1.162004 -13.574689 -2.873884
v 1.211603 -13.698074 -2.873884
v 0.994295 -13.652796 -2.797362
v 1.211603 -13.698074 -2.873884
v 1.036750 -13.758412 -2.797362
v 0.994295 -13.652796 -2.797362
v 0.994295 -13.652796 -2.797362
v 1.036750 -13.758412 -2.797362
v 0.924827 -13.685149 -2.612622
v 1.036750 -13.758412 -2.797362
v 0.964323 -13.783405 -2.612622
v 0.924827 -13.685149 -2.612622
v 0.924827 -13.685149 -2.612622
v 0.964323 -13.783405 -2.612622
v 0.924827 -13.685149 2.612622
v 0.964323 -13.783405 -2.612622
v 0.964323 -13.783405 2.612622
v 0.924827 -13.685149 2.612622
v 0.924827 -13.685149 2.612622
v 0.964323 -13.783405 2.612622
v 0.994295 -13.652796 2.797363
v 0.964323 -13.783405 2.612622
v 1.036750 -13.758412 2.797363
v 0.994295 -13.652796 2.797363
v 0.994295 -13.652796 2.797363
v 1.036750 -13.758412 2.797363
v 1.162004 -13.574689 2.873884
v 1.036750 -13.758412 2.797363
v 1.211603 -13.698074 2.873884
v 1.162004 -13.574689 2.873884
v 1.211603 -13.698074 -2.873884
v 1.250180 -13.831053 -2.873884
v 1.036750 -13.758412 -2.797362
v 1.250180 -13.831053 -2.873884
v 1.070400 -13.874407 -2.797362
v 1.036750 -13.758412 -2.797362
v 1.036750 -13.758412 -2.797362
v 1.070400 -13.874407 -2.797362
v 0.964323 -13.783405 -2.612622
v 1.070400 -13.874407 -2.797362
v 0.995933 -13.892365 -2.612622
v 0.964323 -13.783405 -2.612622
v 0.964323 -13.783405 -2.612622
v 0.995933 -13.892365 -2.612622
v 0.964323 -13.783405 2.612622
v 0.995933 -13.892365 -2.612622
v 0.995933 -13.892365 2.612622
v 0.964323 -13.783405 2.612622
v 0.964323 -13.783405 2.612622
v 0.995933 -13.892365 2.612622
v 1.036750 -13.758412 2.797363
v 0.995933 -13.892365 2.612622
v 1.070400 -13.874407 2.797363
v 1.036750 -13.758412 2.797363
v 1.036750 -13.758412 2.797363
v 1.070400 -13.874407 2.797363
v 1.211603 -13.698074 2.873884
v 1.070400 -13.874407 2.797363
v 1.250180 -13.831053 2.873884
v 1.211603 -13.698074 2.873884
v 1.250180 -13.831053 -2.873884
v 1.277735 -13.973624 -2.873884
v 1.070400 -13.874407 -2.797362
v 1.277735 -13.973624 -2.873884
v 1.094901 -14.001177 -2.797362
v 1.070400 -13.874407 -2.797362
v 1.070400 -13.874407 -2.797362
v 1.094901 -14.001177 -2.797362
v 0.995933 -13.892365 -2.612622
v 1.094901 -14.001177 -2.797362
v 1.019169 -14.012590 -2.612622
v 0.995933 -13.892365 -2.612622
v 0.995933 -13.892365 -2.612622
v 1.019169 -14.012590 -2.612622
v 0.995933 -13.892365 2.612622
v 1.019169 -14.012590 -2.612622
v 1.019169 -14.012590 2.612622
v 0.995933 -13.892365 2.612622
v 0.995933 -13.892365 2.612622
v 1.019169 -14.012590 2.612622
v 1.070400 -13.874407 2.797363
v 1.019169 -14.012590 2.612622
v 1.094901 -14.001177 2.797363
v 1.070400 -13.874407 2.797363
v 1.070400 -13.874407 2.797363
v 1.094901 -14.001177 2.797363
v 1.250180 -13.831053 2.873884
v 1.094901 -14.001177 2.797363
v 1.277735 -13.973624 2.873884
v 1.250180 -13.831053 2.873884
v 1.277735 -13.973624 -2.873884
v 1.294268 -14.125789 -2.873884
v 1.094901 -14.001177 -2.797362
v 1.294268 -14.125789 -2.873884
v 1.109868 -14.138930 -2.797362
v 1.094901 -14.001177 -2.797362
v 1.094901 -14.001177 -2.797362
v 1.109868 -14.138930 -2.797362
v 1.019169 -14.012590 -2.612622
v 1.109868 -14.138930 -2.797362
v 1.033488 -14.144373 -2.612622
v 1.019169 -14.012590 -2.612622
v 1.019169 -14.012590 -2.612622
v 1.033488 -14.144373 -2.612622
v 1.019169 -14.012590 2.612622
v 1.033488 -14.144373 -2.612622
v 1.033488 -14.144373 2.612622
v 1.019169 -14.012590 2.612622
v 1.019169 -14.012590 2.612622
v 1.033488 -14.144373 2.612622
v 1.094901 -14.001177 2.797363
v 1.033488 -14.144373 2.612622
v 1.109868 -14.138930 2.797363
v 1.094901 -14.001177 2.797363
v 1.094901 -14.001177 2.797363
v 1.109868 -14.138930 2.797363
v 1.277735 -13.973624 2.873884
v 1.109868 -14.138930 2.797363
v 1.294268 -14.125789 2.873884
v 1.277735 -13.973624 2.873884
v 1.294268 -14.125789 -2.873884
v 1.299779 -14.287547 -2.873884
v 1.109868 -14.138930 -2.797362
v 1.299779 -14.287547 -2.873884
v 1.114932 -14.287545 -2.797362
v 1.109868 -14.138930 -2.797362
v 1.109868 -14.138930 -2.797362
v 1.114932 -14.287545 -2.797362
v 1.033488 -14.144373 -2.612622
v 1.114932 -14.287545 -2.797362
v 1.038365 -14.287544 -2.612622
v 1.033488 -14.144373 -2.612622
v 1.033488 -14.144373 -2.612622
v 1.038365 -14.287544 -2.612622
v 1.033488 -14.144373 2.612622
v 1.038365 -14.287544 -2.612622
v 1.038365 -14.287544 2.612622
v 1.033488 -14.144373 2.612622
v 1.033488 -14.144373 2.612622
v 1.038365 -14.287544 2.612622
v 1.109868 -14.138930 2.797363
v 1.038365 -14.287544 2.612622
v 1.114932 -14.287545 2.797363
v 1.109868 -14.138930 2.797363
v 1.109868 -14.138930 2.797363
v 1.114932 -14.287545 2.797363
v 1.294268 -14.125789 2.873884
v 1.114932 -14.287545 2.797363
v 1.299779 -14.287547 2.873884
v 1.294268 -14.125789 2.873884
v 1.299779 -14.287547 -2.873884
v 1.294268 -14.449203 -2.873884
v 1.114932 -14.287545 -2.797362
v 1.294268 -14.449203 -2.873884
v 1.109869 -14.436041 -2.797362
v 1.114932 -14.287545 -2.797362
v 1.114932 -14.287545 -2.797362
v 1.109869 -14.436041 -2.797362
v 1.038365 -14.287544 -2.612622
v 1.109869 -14.436041 -2.797362
v 1.033489 -14.430588 -2.612622
v 1.038365 -14.287544 -2.612622
v 1.038365 -14.287544 -2.612622
v 1.033489 -14.430588 -2.612622
v 1.038365 -14.287544 2.612622
v 1.033489 -14.430588 -2.612622
v 1.033489 -14.430588 2.612622
v 1.038365 -14.287544 2.612622
v 1.038365 -14.287544 2.612622
v 1.033489 -14.430588 2.612622
v 1.114932 -14.287545 2.797363
v 1.033489 -14.430588 2.612622
v 1.109869 -14.436041 2.797363
v 1.114932 -14.287545 2.797363
v 1.114932 -14.287545 2.797363
v 1.109869 -14.436041 2.797363
v 1.299779 -14.287547 2.873884
v 1.109869 -14.436041 2.797363
v 1.294268 -14.449203 2.873884
v 1.299779 -14.287547 2.873884
v 1.294268 -14.449203 -2.873884
v 1.277735 -14.601062 -2.873884
v 1.109869 -14.436041 -2.797362
v 1.277735 -14.601062 -2.873884
v 1.094911 -14.573428 -2.797362
v 1.109869 -14.436041 -2.797362
v 1.109869 -14.436041 -2.797362
v 1.094911 -14.573428 -2.797362
v 1.033489 -14.430588 -2.612622
v 1.094911 -14.573428 -2.797362
v 1.019184 -14.561982 -2.612622
v 1.033489 -14.430588 -2.612622
v 1.033489 -14.430588 -2.612622
v 1.019184 -14.561982 -2.612622
v 1.033489 -14.430588 2.612622
v 1.019184 -14.561982 -2.612622
v 1.019184 -14.561982 2.612622
v 1.033489 -14.430588 2.612622
v 1.033489 -14.430588 2.612622
v 1.019184 -14.561982 2.612622
v 1.109869 -14.436041 2.797363
v 1.019184 -14.561982 2.612622
v 1.094911 -14.573428 2.797363
v 1.109869 -14.436041 2.797363
v 1.109869 -14.436041 2.797363
v 1.094911 -14.573428 2.797363
v 1.294268 -14.449203 2.873884
v 1.094911 -14.573428 2.797363
v 1.277735 -14.601062 2.873884
v 1.294268 -14.449203 2.873884
v 1.277735 -14.601062 -2.873884
v 1.250180 -14.743123 -2.873884
v 1.094911 -14.573428 -2.797362
v 1.250180 -14.743123 -2.873884
v 1.070443 -14.699578 -2.797362
v 1.094911 -14.573428 -2.797362
v 1.094911 -14.573428 -2.797362
v 1.070443 -14.699578 -2.797362
v 1.019184 -14.561982 -2.612622
v 1.070443 -14.699578 -2.797362
v 0.995993 -14.681541 -2.612622
v 1.019184 -14.561982 -2.612622
v 1.019184 -14.561982 -2.612622
v 0.995993 -14.681541 -2.612622
v 1.019184 -14.561982 2.612622
v 0.995993 -14.681541 -2.612622
v 0.995993 -14.681541 2.612622
v 1.019184 -14.561982 2.612622
v 1.019184 -14.561982 2.612622
v 0.995993 -14.681541 2.612622
v 1.094911 -14.573428 2.797363
v 0.995993 -14.681541 2.612622
v 1.070443 -14.699578 2.797363
v 1.094911 -14.573428 2.797363
v 1.094911 -14.573428 2.797363
v 1.070443 -14.699578 2.797363
v 1.277735 -14.601062 2.873884
v 1.070443 -14.699578 2.797363
v 1.250180 -14.743123 2.873884
v 1.277735 -14.601062 2.873884
v 1.250180 -14.743123 -2.873884
v 1.211603 -14.875387 -2.873884
v 1.070443 -14.699578 -2.797362
v 1.211603 -14.875387 -2.873884
v 1.036868 -14.814695 -2.797362
v 1.070443 -14.699578 -2.797362
v 1.070443 -14.699578 -2.797362
v 1.036868 -14.814695 -2.797362
v 0.995993 -14.681541 -2.612622
v 1.036868 -14.814695 -2.797362
v 0.964490 -14.789555 -2.612622
v 0.995993 -14.681541 -2.612622
v 0.995993 -14.681541 -2.612622
v 0.964490 -14.789555 -2.612622
v 0.995993 -14.681541 2.612622
v 0.964490 -14.789555 -2.612622
v 0.964490 -14.789555 2.612622
v 0.995993 -14.681541 2.612622
v 0.995993 -14.681541 2.612622
v 0.964490 -14.789555 2.612622
v 1.070443 -14.699578 2.797363
v 0.964490 -14.789555 2.612622
v 1.036868 -14.814695 2.797363
v 1.070443 -14.699578 2.797363
v 1.070443 -14.699578 2.797363
v 1.036868 -14.814695 2.797363
v 1.250180 -14.743123 2.873884
v 1.036868 -14.814695 2.797363
v 1.211603 -14.875387 2.873884
v 1.250180 -14.743123 2.873884
v 1.211603 -14.875387 -2.873884
v 1.162004 -14.997854 -2.873884
v 1.036868 -14.814695 -2.797362
v 1.162004 -14.997854 -2.873884
v 0.994550 -14.919181 -2.797362
v 1.036868 -14.814695 -2.797362
v 1.036868 -14.814695 -2.797362
v 0.994550 -14.919181 -2.797362
v 0.964490 -14.789555 -2.612622
v 0.994550 -14.919181 -2.797362
v 0.925189 -14.886593 -2.612622
v 0.964490 -14.789555 -2.612622
v 0.964490 -14.789555 -2.612622
v 0.925189 -14.886593 -2.612622
v 0.964490 -14.789555 2.612622
v 0.925189 -14.886593 -2.612622
v 0.925189 -14.886593 2.612622
v 0.964490 -14.789555 2.612622
v 0.964490 -14.789555 2.612622
v 0.925189 -14.886593 2.612622
v 1.036868 -14.814695 2.797363
v 0.925189 -14.886593 2.612622
v 0.994550 -14.919181 2.797363
v 1.036868 -14.814695 2.797363
v 1.036868 -14.814695 2.797363
v 0.994550 -14.919181 2.797363
v 1.211603 -14.875387 2.873884
v 0.994550 -14.919181 2.797363
v 1.162004 -14.997854 2.873884
v 1.211603 -14.875387 2.873884
v 1.162004 -14.997854 -2.873884
v 1.101383 -15.110523 -2.873884
v 0.994550 -14.919181 -2.797362
v 1.101383 -15.110523 -2.873884
v 0.943722 -15.013650 -2.797362
v 0.994550 -14.919181 -2.797362
v 0.994550 -14.919181 -2.797362
v 0.943722 -15.013650 -2.797362
v 0.925189 -14.886593 -2.612622
v 0.943722 -15.013650 -2.797362
v 0.878417 -14.973523 -2.612622
v 0.925189 -14.886593 -2.612622
v 0.925189 -14.886593 -2.612622
v 0.878417 -14.973523 -2.612622
v 0.925189 -14.886593 2.612622
v 0.878417 -14.973523 -2.612622
v 0.878417 -14.973523 2.612622
v 0.925189 -14.886593 2.612622
v 0.925189 -14.886593 2.612622
v 0.878417 -14.973523 2.612622
v 0.994550 -14.919181 2.797363
v 0.878417 -14.973523 2.612622
v 0.943722 -15.013650 2.797363
v 0.994550 -14.919181 2.797363
v 0.994550 -14.919181 2.797363
v 0.943722 -15.013650 2.797363
v 1.162004 -14.997854 2.873884
v 0.943722 -15.013650 2.797363
v 1.101383 -15.110523 2.873884
v 1.162004 -14.997854 2.873884
v 1.101383 -15.110523 -2.873884
v 1.029740 -15.213395 -2.873884
v 0.943722 -15.013650 -2.797362
v 1.029740 -15.213395 -2.873884
v 0.884373 -15.098869 -2.797362
v 0.943722 -15.013650 -2.797362
v 0.943722 -15.013650 -2.797362
v 0.884373 -15.098869 -2.797362
v 0.878417 -14.973523 -2.612622
v 0.884373 -15.098869 -2.797362
v 0.824160 -15.051431 -2.612622
v 0.878417 -14.973523 -2.612622
v 0.878417 -14.973523 -2.612622
v 0.824160 -15.051431 -2.612622
v 0.878417 -14.973523 2.612622
v 0.824160 -15.051431 -2.612622
v 0.824160 -15.051431 2.612622
v 0.878417 -14.973523 2.612622
v 0.878417 -14.973523 2.612622
v 0.824160 -15.051431 2.612622
v 0.943722 -15.013650 2.797363
v 0.824160 -15.051431 2.612622
v 0.884373 -15.098869 2.797363
v 0.943722 -15.013650 2.797363
v 0.943722 -15.013650 2.797363
v 0.884373 -15.098869 2.797363
v 1.101383 -15.110523 2.873884
v 0.884373 -15.098869 2.797363
v 1.029740 -15.213395 2.873884
v 1.101383 -15.110523 2.873884
v 1.029740 -15.213395 -2.873884
v 0.947075 -15.306470 -2.873884
v 0.884373 -15.098869 -2.797362
v 0.947075 -15.306470 -2.873884
v 0.816080 -15.175761 -2.797362
v 0.884373 -15.098869 -2.797362
v 0.884373 -15.098869 -2.797362
v 0.816080 -15.175761 -2.797362
v 0.824160 -15.051431 -2.612622
v 0.816080 -15.175761 -2.797362
v 0.761821 -15.121620 -2.612622
v 0.824160 -15.051431 -2.612622
v 0.824160 -15.051431 -2.612622
v 0.761821 -15.121620 -2.612622
v 0.824160 -15.051431 2.612622
v 0.761821 -15.121620 -2.612622
v 0.761821 -15.121620 2.612622
v 0.824160 -15.051431 2.612622
v 0.824160 -15.051431 2.612622
v 0.761821 -15.121620 2.612622
v 0.884373 -15.098869 2.797363
v 0.761821 -15.121620 2.612622
v 0.816080 -15.175761 2.797363
v 0.884373 -15.098869 2.797363
v 0.884373 -15.098869 2.797363
v 0.816080 -15.175761 2.797363
v 1.029740 -15.213395 2.873884
v 0.816080 -15.175761 2.797363
v 0.947075 -15.306470 2.873884
v 1.029740 -15.213395 2.873884
v 0.947075 -15.306470 -2.873884
v 0.854409 -15.389135 -2.873884
v 0.816080 -15.175761 -2.797362
v 0.854409 -15.389135 -2.873884
v 0.739328 -15.244230 -2.797362
v 0.816080 -15.175761 -2.797362
v 0.816080 -15.175761 -2.797362
v 0.739328 -15.244230 -2.797362
v 0.761821 -15.121620 -2.612622
v 0.739328 -15.244230 -2.797362
v 0.691660 -15.184209 -2.612622
v 0.761821 -15.121620 -2.612622
v 0.761821 -15.121620 -2.612622
v 0.691660 -15.184209 -2.612622
v 0.761821 -15.121620 2.612622
v 0.691660 -15.184209 -2.612622
v 0.691660 -15.184209 2.612622
v 0.761821 -15.121620 2.612622
v 0.761821 -15.121620 2.612622
v 0.691660 -15.184209 2.612622
v 0.816080 -15.175761 2.797363
v 0.691660 -15.184209 2.612622
v 0.739328 -15.244230 2.797363
v 0.816080 -15.175761 2.797363
v 0.816080 -15.175761 2.797363
v 0.739328 -15.244230 2.797363
v 0.947075 -15.306470 2.873884
v 0.739328 -15.244230 2.797363
v 0.854409 -15.389135 2.873884
v 0.947075 -15.306470 2.873884
v 0.854409 -15.389135 -2.873884
v 0.752761 -15.460778 -2.873884
v 0.739328 -15.244230 -2.797362
v 0.752761 -15.460778 -2.873884
v 0.654848 -15.303773 -2.797362
v 0.739328 -15.244230 -2.797362
v 0.739328 -15.244230 -2.797362
v 0.654848 -15.303773 -2.797362
v 0.691660 -15.184209 -2.612622
v 0.654848 -15.303773 -2.797362
v 0.614291 -15.238740 -2.612622
v 0.691660 -15.184209 -2.612622
v 0.691660 -15.184209 -2.612622
v 0.614291 -15.238740 -2.612622
v 0.691660 -15.184209 2.612622
v 0.614291 -15.238740 -2.612622
v 0.614291 -15.238740 2.612622
v 0.691660 -15.184209 2.612622
v 0.691660 -15.184209 2.612622
v 0.614291 -15.238740 2.612622
v 0.739328 -15.244230 2.797363
v 0.614291 -15.238740 2.612622
v 0.654848 -15.303773 2.797363
v 0.739328 -15.244230 2.797363
v 0.739328 -15.244230 2.797363
v 0.654848 -15.303773 2.797363
v 0.854409 -15.389135 2.873884
v 0.654848 -15.303773 2.797363
v 0.752761 -15.460778 2.873884
v 0.854409 -15.389135 2.873884
v 0.752761 -15.460778 -2.873884
v 0.642134 -15.521399 -2.873884
v 0.654848 -15.303773 -2.797362
v 0.642134 -15.521399 -2.873884
v 0.562129 -15.354581 -2.797362
v 0.654848 -15.303773 -2.797362
v 0.654848 -15.303773 -2.797362
v 0.562129 -15.354581 -2.797362
v 0.614291 -15.238740 -2.612622
v 0.562129 -15.354581 -2.797362
v 0.528989 -15.285482 -2.612622
v 0.614291 -15.238740 -2.612622
v 0.614291 -15.238740 -2.612622
v 0.528989 -15.285482 -2.612622
v 0.614291 -15.238740 2.612622
v 0.528989 -15.285482 -2.612622
v 0.528989 -15.285482 2.612622
v 0.614291 -15.238740 2.612622
v 0.614291 -15.238740 2.612622
v 0.528989 -15.285482 2.612622
v 0.654848 -15.303773 2.797363
v 0.528989 -15.285482 2.612622
v 0.562129 -15.354581 2.797363
v 0.654848 -15.303773 2.797363
v 0.654848 -15.303773 2.797363
v 0.562129 -15.354581 2.797363
v 0.752761 -15.460778 2.873884
v 0.562129 -15.354581 2.797363
v 0.642134 -15.521399 2.873884
v 0.752761 -15.460778 2.873884
v 0.642134 -15.521399 -2.873884
v 0.522524 -15.570998 -2.873884
v 0.562129 -15.354581 -2.797362
v 0.522524 -15.570998 -2.873884
v 0.460440 -15.396749 -2.797362
v 0.562129 -15.354581 -2.797362
v 0.562129 -15.354581 -2.797362
v 0.460440 -15.396749 -2.797362
v 0.528989 -15.285482 -2.612622
v 0.460440 -15.396749 -2.797362
v 0.434723 -15.324572 -2.612622
v 0.528989 -15.285482 -2.612622
v 0.528989 -15.285482 -2.612622
v 0.434723 -15.324572 -2.612622
v 0.528989 -15.285482 2.612622
v 0.434723 -15.324572 -2.612622
v 0.434723 -15.324572 2.612622
v 0.528989 -15.285482 2.612622
v 0.528989 -15.285482 2.612622
v 0.434723 -15.324572 2.612622
v 0.562129 -15.354581 2.797363
v 0.434723 -15.324572 2.612622
v 0.460440 -15.396749 2.797363
v 0.562129 -15.354581 2.797363
v 0.562129 -15.354581 2.797363
v 0.460440 -15.396749 2.797363
v 0.642134 -15.521399 2.873884
v 0.460440 -15.396749 2.797363
v 0.522524 -15.570998 2.873884
v 0.642134 -15.521399 2.873884
v 0.522524 -15.570998 -2.873884
v 0.393934 -15.609575 -2.873884
v 0.460440 -15.396749 -2.797362
v 0.393934 -15.609575 -2.873884
v 0.349152 -15.430135 -2.797362
v 0.460440 -15.396749 -2.797362
v 0.460440 -15.396749 -2.797362
v 0.349152 -15.430135 -2.797362
v 0.434723 -15.324572 -2.612622
v 0.349152 -15.430135 -2.797362
v 0.330603 -15.355809 -2.612622
v 0.434723 -15.324572 -2.612622
v 0.434723 -15.324572 -2.612622
v 0.330603 -15.355809 -2.612622
v 0.434723 -15.324572 2.612622
v 0.330603 -15.355809 -2.612622
v 0.330603 -15.355809 2.612622
v 0.434723 -15.324572 2.612622
v 0.434723 -15.324572 2.612622
v 0.330603 -15.355809 2.612622
v 0.460440 -15.396749 2.797363
v 0.330603 -15.355809 2.612622
v 0.349152 -15.430135 2.797363
v 0.460440 -15.396749 2.797363
v 0.460440 -15.396749 2.797363
v 0.349152 -15.430135 2.797363
v 0.522524 -15.570998 2.873884
v 0.349152 -15.430135 2.797363
v 0.393934 -15.609575 2.873884
v 0.522524 -15.570998 2.873884
v 0.393934 -15.609575 -2.873884
v 0.256363 -15.637130 -2.873884
v 0.349152 -15.430135 -2.797362
v 0.256363 -15.637130 -2.873884
v 0.227816 -15.454438 -2.797362
v 0.349152 -15.430135 -2.797362
v 0.349152 -15.430135 -2.797362
v 0.227816 -15.454438 -2.797362
v 0.330603 -15.355809 -2.612622
v 0.227816 -15.454438 -2.797362
v 0.215991 -15.378765 -2.612622
v 0.330603 -15.355809 -2.612622
v 0.330603 -15.355809 -2.612622
v 0.215991 -15.378765 -2.612622
v 0.330603 -15.355809 2.612622
v 0.215991 -15.378765 -2.612622
v 0.215991 -15.378765 2.612622
v 0.330603 -15.355809 2.612622
v 0.330603 -15.355809 2.612622
v 0.215991 -15.378765 2.612622
v 0.349152 -15.430135 2.797363
v 0.215991 -15.378765 2.612622
v 0.227816 -15.454438 2.797363
v 0.349152 -15.430135 2.797363
v 0.349152 -15.430135 2.797363
v 0.227816 -15.454438 2.797363
v 0.393934 -15.609575 2.873884
v 0.227816 -15.454438 2.797363
v 0.256363 -15.637130 2.873884
v 0.393934 -15.609575 2.873884
v 0.256363 -15.637130 -2.873884
v 0.109812 -15.653663 -2.873884
v 0.227816 -15.454438 -2.797362
v 0.109812 -15.653663 -2.873884
v 0.096166 -15.469290 -2.797362
v 0.227816 -15.454438 -2.797362
v 0.227816 -15.454438 -2.797362
v 0.096166 -15.469290 -2.797362
v 0.215991 -15.378765 -2.612622
v 0.096166 -15.469290 -2.797362
v 0.090514 -15.392920 -2.612622
v 0.215991 -15.378765 -2.612622
v 0.215991 -15.378765 -2.612622
v 0.090514 -15.392920 -2.612622
v 0.215991 -15.378765 2.612622
v 0.090514 -15.392920 -2.612622
v 0.090514 -15.392920 2.612622
v 0.215991 -15.378765 2.612622
v 0.215991 -15.378765 2.612622
v 0.090514 -15.392920 2.612622
v 0.227816 -15.454438 2.797363
v 0.090514 -15.392920 2.612622
v 0.096166 -15.469290 2.797363
v 0.227816 -15.454438 2.797363
v 0.227816 -15.454438 2.797363
v 0.096166 -15.469290 2.797363
v 0.256363 -15.637130 2.873884
v 0.096166 -15.469290 2.797363
v 0.109812 -15.653663 2.873884
v 0.256363 -15.637130 2.873884
v 0.109812 -15.653663 -2.873884
v -0.045721 -15.659174 -2.873884
v 0.096166 -15.469290 -2.797362
v -0.045721 -15.659174 -2.873884
v -0.045721 -15.474318 -2.797362
v 0.096166 -15.469290 -2.797362
v 0.096166 -15.469290 -2.797362
v -0.045721 -15.474318 -2.797362
v 0.090514 -15.392920 -2.612622
v -0.045721 -15.474318 -2.797362
v -0.045721 -15.397748 -2.612622
v 0.090514 -15.392920 -2.612622
v 0.090514 -15.392920 -2.612622
v -0.045721 -15.397748 -2.612622
v 0.090514 -15.392920 2.612622
v -0.045721 -15.397748 -2.612622
v -0.045721 -15.397748 2.612622
v 0.090514 -15.392920 2.612622
v 0.090514 -15.392920 2.612622
v -0.045721 -15.397748 2.612622
v 0.096166 -15.469290 2.797363
v -0.045721 -15.397748 2.612622
v -0.045721 -15.474318 2.797363
v 0.096166 -15.469290 2.797363
v 0.096166 -15.469290 2.797363
v -0.045721 -15.474318 2.797363
v 0.109812 -15.653663 2.873884
v -0.045721 -15.474318 2.797363
v -0.045721 -15.659174 2.873884
v 0.109812 -15.653663 2.873884
v -0.097973 -9.036177 -2.873884
v -0.244219 -9.030768 -2.873884
v -0.097906 -8.851312 -2.797362
v -0.244219 -9.030768 -2.873884
v -0.230017 -8.846427 -2.797362
v -0.097906 -8.851312 -2.797362
v -0.097906 -8.851312 -2.797362
v -0.230017 -8.846427 -2.797362
v -0.097878 -8.774739 -2.612622
v -0.230017 -8.846427 -2.797362
v -0.224135 -8.770070 -2.612622
v -0.097878 -8.774739 -2.612622
v -0.097878 -8.774739 -2.612622
v -0.224135 -8.770070 -2.612622
v -0.097878 -8.774739 2.612622
v -0.224135 -8.770070 -2.612622
v -0.224135 -8.770070 2.612622
v -0.097878 -8.774739 2.612622
v -0.097878 -8.774739 2.612622
v -0.224135 -8.770070 2.612622
v -0.097906 -8.851312 2.797363
v -0.224135 -8.770070 2.612622
v -0.230017 -8.846427 2.797363
v -0.097906 -8.851312 2.797363
v -0.097906 -8.851312 2.797363
v -0.230017 -8.846427 2.797363
v -0.097973 -9.036177 2.873884
v -0.230017 -8.846427 2.797363
v -0.244219 -9.030768 2.873884
v -0.097973 -9.036177 2.873884
v -0.244219 -9.030768 -2.873884
v -0.382504 -9.014541 -2.873884
v -0.230017 -8.846427 -2.797362
v -0.382504 -9.014541 -2.873884
v -0.352914 -8.832005 -2.797362
v -0.230017 -8.846427 -2.797362
v -0.230017 -8.846427 -2.797362
v -0.352914 -8.832005 -2.797362
v -0.224135 -8.770070 -2.612622
v -0.352914 -8.832005 -2.797362
v -0.340657 -8.756397 -2.612622
v -0.224135 -8.770070 -2.612622
v -0.224135 -8.770070 -2.612622
v -0.340657 -8.756397 -2.612622
v -0.224135 -8.770070 2.612622
v -0.340657 -8.756397 -2.612622
v -0.340657 -8.756397 2.612622
v -0.224135 -8.770070 2.612622
v -0.224135 -8.770070 2.612622
v -0.340657 -8.756397 2.612622
v -0.230017 -8.846427 2.797363
v -0.340657 -8.756397 2.612622
v -0.352914 -8.832005 2.797363
v -0.230017 -8.846427 2.797363
v -0.230017 -8.846427 2.797363
v -0.352914 -8.832005 2.797363
v -0.244219 -9.030768 2.873884
v -0.352914 -8.832005 2.797363
v -0.382504 -9.014541 2.873884
v -0.244219 -9.030768 2.873884
v -0.382504 -9.014541 -2.873884
v -0.512830 -8.987496 -2.873884
v -0.352914 -8.832005 -2.797362
v -0.512830 -8.987496 -2.873884
v -0.466651 -8.808403 -2.797362
v -0.352914 -8.832005 -2.797362
v -0.352914 -8.832005 -2.797362
v -0.466651 -8.808403 -2.797362
v -0.340657 -8.756397 -2.612622
v -0.466651 -8.808403 -2.797362
v -0.447524 -8.734219 -2.612622
v -0.340657 -8.756397 -2.612622
v -0.340657 -8.756397 -2.612622
v -0.447524 -8.734219 -2.612622
v -0.340657 -8.756397 2.612622
v -0.447524 -8.734219 -2.612622
v -0.447524 -8.734219 2.612622
v -0.340657 -8.756397 2.612622
v -0.340657 -8.756397 2.612622
v -0.447524 -8.734219 2.612622
v -0.352914 -8.832005 2.797363
v -0.447524 -8.734219 2.612622
v -0.466651 -8.808403 2.797363
v -0.352914 -8.832005 2.797363
v -0.352914 -8.832005 2.797363
v -0.466651 -8.808403 2.797363
v -0.382504 -9.014541 2.873884
v -0.466651 -8.808403 2.797363
v -0.512830 -8.987496 2.873884
v -0.382504 -9.014541 2.873884
v -0.512830 -8.987496 -2.873884
v -0.635194 -8.949634 -2.873884
v -0.466651 -8.808403 -2.797362
v -0.635194 -8.949634 -2.873884
v -0.571557 -8.775942 -2.797362
v -0.466651 -8.808403 -2.797362
v -0.466651 -8.808403 -2.797362
v -0.571557 -8.775942 -2.797362
v -0.447524 -8.734219 -2.612622
v -0.571557 -8.775942 -2.797362
v -0.545198 -8.703997 -2.612622
v -0.447524 -8.734219 -2.612622
v -0.447524 -8.734219 -2.612622
v -0.545198 -8.703997 -2.612622
v -0.447524 -8.734219 2.612622
v -0.545198 -8.703997 -2.612622
v -0.545198 -8.703997 2.612622
v -0.447524 -8.734219 2.612622
v -0.447524 -8.734219 2.612622
v -0.545198 -8.703997 2.612622
v -0.466651 -8.808403 2.797363
v -0.545198 -8.703997 2.612622
v -0.571557 -8.775942 2.797363
v -0.466651 -8.808403 2.797363
v -0.466651 -8.808403 2.797363
v -0.571557 -8.775942 2.797363
v -0.512830 -8.987496 2.873884
v -0.571557 -8.775942 2.797363
v -0.635194 -8.949634 2.873884
v -0.512830 -8.987496 2.873884
v -0.635194 -8.949634 -2.873884
v -0.749598 -8.900953 -2.873884
v -0.571557 -8.775942 -2.797362
v -0.749598 -8.900953 -2.873884
v -0.668128 -8.734850 -2.797362
v -0.571557 -8.775942 -2.797362
v -0.571557 -8.775942 -2.797362
v -0.668128 -8.734850 -2.797362
v -0.545198 -8.703997 -2.612622
v -0.668128 -8.734850 -2.797362
v -0.634382 -8.666048 -2.612622
v -0.545198 -8.703997 -2.612622
v -0.545198 -8.703997 -2.612622
v -0.634382 -8.666048 -2.612622
v -0.545198 -8.703997 2.612622
v -0.634382 -8.666048 -2.612622
v -0.634382 -8.666048 2.612622
v -0.545198 -8.703997 2.612622
v -0.545198 -8.703997 2.612622
v -0.634382 -8.666048 2.612622
v -0.571557 -8.775942 2.797363
v -0.634382 -8.666048 2.612622
v -0.668128 -8.734850 2.797363
v -0.571557 -8.775942 2.797363
v -0.571557 -8.775942 2.797363
v -0.668128 -8.734850 2.797363
v -0.635194 -8.949634 2.873884
v -0.668128 -8.734850 2.797363
v -0.749598 -8.900953 2.873884
v -0.635194 -8.949634 2.873884
v -0.749598 -8.900953 -2.873884
v -0.856042 -8.841455 -2.873884
v -0.668128 -8.734850 -2.797362
v -0.856042 -8.841455 -2.873884
v -0.756998 -8.685175 -2.797362
v -0.668128 -8.734850 -2.797362
v -0.668128 -8.734850 -2.797362
v -0.756998 -8.685175 -2.797362
v -0.634382 -8.666048 -2.612622
v -0.756998 -8.685175 -2.797362
v -0.715973 -8.620442 -2.612622
v -0.634382 -8.666048 -2.612622
v -0.634382 -8.666048 -2.612622
v -0.715973 -8.620442 -2.612622
v -0.634382 -8.666048 2.612622
v -0.715973 -8.620442 -2.612622
v -0.715973 -8.620442 2.612622
v -0.634382 -8.666048 2.612622
v -0.634382 -8.666048 2.612622
v -0.715973 -8.620442 2.612622
v -0.668128 -8.734850 2.797363
v -0.715973 -8.620442 2.612622
v -0.756998 -8.685175 2.797363
v -0.668128 -8.734850 2.797363
v -0.668128 -8.734850 2.797363
v -0.756998 -8.685175 2.797363
v -0.749598 -8.900953 2.873884
v -0.756998 -8.685175 2.797363
v -0.856042 -8.841455 2.873884
v -0.749598 -8.900953 2.873884
v -0.856042 -8.841455 -2.873884
v -0.954526 -8.771138 -2.873884
v -0.756998 -8.685175 -2.797362
v -0.954526 -8.771138 -2.873884
v -0.838846 -8.626736 -2.797362
v -0.756998 -8.685175 -2.797362
v -0.756998 -8.685175 -2.797362
v -0.838846 -8.626736 -2.797362
v -0.715973 -8.620442 -2.612622
v -0.838846 -8.626736 -2.797362
v -0.790931 -8.566922 -2.612622
v -0.715973 -8.620442 -2.612622
v -0.715973 -8.620442 -2.612622
v -0.790931 -8.566922 -2.612622
v -0.715973 -8.620442 2.612622
v -0.790931 -8.566922 -2.612622
v -0.790931 -8.566922 2.612622
v -0.715973 -8.620442 2.612622
v -0.715973 -8.620442 2.612622
v -0.790931 -8.566922 2.612622
v -0.756998 -8.685175 2.797363
v -0.790931 -8.566922 2.612622
v -0.838846 -8.626736 2.797363
v -0.756998 -8.685175 2.797363
v -0.756998 -8.685175 2.797363
v -0.838846 -8.626736 2.797363
v -0.856042 -8.841455 2.873884
v -0.838846 -8.626736 2.797363
v -0.954526 -8.771138 2.873884
v -0.856042 -8.841455 2.873884
v -0.954526 -8.771138 -2.873884
v -1.045049 -8.690004 -2.873884
v -0.838846 -8.626736 -2.797362
v -1.045049 -8.690004 -2.873884
v -0.913991 -8.559385 -2.797362
v -0.838846 -8.626736 -2.797362
v -0.838846 -8.626736 -2.797362
v -0.913991 -8.559385 -2.797362
v -0.790931 -8.566922 -2.612622
v -0.913991 -8.559385 -2.797362
v -0.859706 -8.505280 -2.612622
v -0.790931 -8.566922 -2.612622
v -0.790931 -8.566922 -2.612622
v -0.859706 -8.505280 -2.612622
v -0.790931 -8.566922 2.612622
v -0.859706 -8.505280 -2.612622
v -0.859706 -8.505280 2.612622
v -0.790931 -8.566922 2.612622
v -0.790931 -8.566922 2.612622
v -0.859706 -8.505280 2.612622
v -0.838846 -8.626736 2.797363
v -0.859706 -8.505280 2.612622
v -0.913991 -8.559385 2.797363
v -0.838846 -8.626736 2.797363
v -0.838846 -8.626736 2.797363
v -0.913991 -8.559385 2.797363
v -0.954526 -8.771138 2.873884
v -0.913991 -8.559385 2.797363
v -1.045049 -8.690004 2.873884
v -0.954526 -8.771138 2.873884
v -1.045049 -8.690004 -2.873884
v -1.126183 -8.598869 -2.873884
v -0.913991 -8.559385 -2.797362
v -1.126183 -8.598869 -2.873884
v -0.981064 -8.484044 -2.797362
v -0.913991 -8.559385 -2.797362
v -0.913991 -8.559385 -2.797362
v -0.981064 -8.484044 -2.797362
v -0.859706 -8.505280 -2.612622
v -0.981064 -8.484044 -2.797362
v -0.920953 -8.436483 -2.612622
v -0.859706 -8.505280 -2.612622
v -0.859706 -8.505280 -2.612622
v -0.920953 -8.436483 -2.612622
v -0.859706 -8.505280 2.612622
v -0.920953 -8.436483 -2.612622
v -0.920953 -8.436483 2.612622
v -0.859706 -8.505280 2.612622
v -0.859706 -8.505280 2.612622
v -0.920953 -8.436483 2.612622
v -0.913991 -8.559385 2.797363
v -0.920953 -8.436483 2.612622
v -0.981064 -8.484044 2.797363
v -0.913991 -8.559385 2.797363
v -0.913991 -8.559385 2.797363
v -0.981064 -8.484044 2.797363
v -1.045049 -8.690004 2.873884
v -0.981064 -8.484044 2.797363
v -1.126183 -8.598869 2.873884
v -1.045049 -8.690004 2.873884
v -1.126183 -8.598869 -2.873884
v -1.196499 -8.498547 -2.873884
v -0.981064 -8.484044 -2.797362
v -1.196499 -8.498547 -2.873884
v -1.039189 -8.401117 -2.797362
v -0.981064 -8.484044 -2.797362
v -0.981064 -8.484044 -2.797362
v -1.039189 -8.401117 -2.797362
v -0.920953 -8.436483 -2.612622
v -1.039189 -8.401117 -2.797362
v -0.974028 -8.360760 -2.612622
v -0.920953 -8.436483 -2.612622
v -0.920953 -8.436483 -2.612622
v -0.974028 -8.360760 -2.612622
v -0.920953 -8.436483 2.612622
v -0.974028 -8.360760 -2.612622
v -0.974028 -8.360760 2.612622
v -0.920953 -8.436483 2.612622
v -0.920953 -8.436483 2.612622
v -0.974028 -8.360760 2.612622
v -0.981064 -8.484044 2.797363
v -0.974028 -8.360760 2.612622
v -1.039189 -8.401117 2.797363
v -0.981064 -8.484044 2.797363
v -0.981064 -8.484044 2.797363
v -1.039189 -8.401117 2.797363
v -1.126183 -8.598869 2.873884
v -1.039189 -8.401117 2.797363
v -1.196499 -8.498547 2.873884
v -1.126183 -8.598869 2.873884
v -1.196499 -8.498547 -2.873884
v -1.255998 -8.389042 -2.873884
v -1.039189 -8.401117 -2.797362
v -1.255998 -8.389042 -2.873884
v -1.088882 -8.309658 -2.797362
v -1.039189 -8.401117 -2.797362
v -1.039189 -8.401117 -2.797362
v -1.088882 -8.309658 -2.797362
v -0.974028 -8.360760 -2.612622
v -1.088882 -8.309658 -2.797362
v -1.019660 -8.276776 -2.612622
v -0.974028 -8.360760 -2.612622
v -0.974028 -8.360760 -2.612622
v -1.019660 -8.276776 -2.612622
v -0.974028 -8.360760 2.612622
v -1.019660 -8.276776 -2.612622
v -1.019660 -8.276776 2.612622
v -0.974028 -8.360760 2.612622
v -0.974028 -8.360760 2.612622
v -1.019660 -8.276776 2.612622
v -1.039189 -8.401117 2.797363
v -1.019660 -8.276776 2.612622
v -1.088882 -8.309658 2.797363
v -1.039189 -8.401117 2.797363
v -1.039189 -8.401117 2.797363
v -1.088882 -8.309658 2.797363
v -1.196499 -8.498547 2.873884
v -1.088882 -8.309658 2.797363
v -1.255998 -8.389042 2.873884
v -1.196499 -8.498547 2.873884
v -1.255998 -8.389042 -2.873884
v -1.304678 -8.270351 -2.873884
v -1.088882 -8.309658 -2.797362
v -1.304678 -8.270351 -2.873884
v -1.130200 -8.208918 -2.797362
v -1.088882 -8.309658 -2.797362
v -1.088882 -8.309658 -2.797362
v -1.130200 -8.208918 -2.797362
v -1.019660 -8.276776 -2.612622
v -1.130200 -8.208918 -2.797362
v -1.057929 -8.183471 -2.612622
v -1.019660 -8.276776 -2.612622
v -1.019660 -8.276776 -2.612622
v -1.057929 -8.183471 -2.612622
v -1.019660 -8.276776 2.612622
v -1.057929 -8.183471 -2.612622
v -1.057929 -8.183471 2.612622
v -1.019660 -8.276776 2.612622
v -1.019660 -8.276776 2.612622
v -1.057929 -8.183471 2.612622
v -1.088882 -8.309658 2.797363
v -1.057929 -8.183471 2.612622
v -1.130200 -8.208918 2.797363
v -1.088882 -8.309658 2.797363
v -1.088882 -8.309658 2.797363
v -1.130200 -8.208918 2.797363
v -1.255998 -8.389042 2.873884
v -1.130200 -8.208918 2.797363
v -1.304678 -8.270351 2.873884
v -1.255998 -8.389042 2.873884
v -1.304678 -8.270351 -2.873884
v -1.342541 -8.142476 -2.873884
v -1.130200 -8.208918 -2.797362
v -1.342541 -8.142476 -2.873884
v -1.162960 -8.098273 -2.797362
v -1.130200 -8.208918 -2.797362
v -1.130200 -8.208918 -2.797362
v -1.162960 -8.098273 -2.797362
v -1.057929 -8.183471 -2.612622
v -1.162960 -8.098273 -2.797362
v -1.088576 -8.079965 -2.612622
v -1.057929 -8.183471 -2.612622
v -1.057929 -8.183471 -2.612622
v -1.088576 -8.079965 -2.612622
v -1.057929 -8.183471 2.612622
v -1.088576 -8.079965 -2.612622
v -1.088576 -8.079965 2.612622
v -1.057929 -8.183471 2.612622
v -1.057929 -8.183471 2.612622
v -1.088576 -8.079965 2.612622
v -1.130200 -8.208918 2.797363
v -1.088576 -8.079965 2.612622
v -1.162960 -8.098273 2.797363
v -1.130200 -8.208918 2.797363
v -1.130200 -8.208918 2.797363
v -1.162960 -8.098273 2.797363
v -1.304678 -8.270351 2.873884
v -1.162960 -8.098273 2.797363
v -1.342541 -8.142476 2.873884
v -1.304678 -8.270351 2.873884
v -1.342541 -8.142476 -2.873884
v -1.369586 -8.005415 -2.873884
v -1.162960 -8.098273 -2.797362
v -1.369586 -8.005415 -2.873884
v -1.186831 -7.977298 -2.797362
v -1.162960 -8.098273 -2.797362
v -1.162960 -8.098273 -2.797362
v -1.186831 -7.977298 -2.797362
v -1.088576 -8.079965 -2.612622
v -1.186831 -7.977298 -2.797362
v -1.111132 -7.965651 -2.612622
v -1.088576 -8.079965 -2.612622
v -1.088576 -8.079965 -2.612622
v -1.111132 -7.965651 -2.612622
v -1.088576 -8.079965 2.612622
v -1.111132 -7.965651 -2.612622
v -1.111132 -7.965651 2.612622
v -1.088576 -8.079965 2.612622
v -1.088576 -8.079965 2.612622
v -1.111132 -7.965651 2.612622
v -1.162960 -8.098273 2.797363
v -1.111132 -7.965651 2.612622
v -1.186831 -7.977298 2.797363
v -1.162960 -8.098273 2.797363
v -1.162960 -8.098273 2.797363
v -1.186831 -7.977298 2.797363
v -1.342541 -8.142476 2.873884
v -1.186831 -7.977298 2.797363
v -1.369586 -8.005415 2.873884
v -1.342541 -8.142476 2.873884
v -1.369586 -8.005415 -2.873884
v -1.385812 -7.859170 -2.873884
v -1.186831 -7.977298 -2.797362
v -1.385812 -7.859170 -2.873884
v -1.201427 -7.845752 -2.797362
v -1.186831 -7.977298 -2.797362
v -1.186831 -7.977298 -2.797362
v -1.201427 -7.845752 -2.797362
v -1.111132 -7.965651 -2.612622
v -1.201427 -7.845752 -2.797362
v -1.125052 -7.840194 -2.612622
v -1.111132 -7.965651 -2.612622
v -1.111132 -7.965651 -2.612622
v -1.125052 -7.840194 -2.612622
v -1.111132 -7.965651 2.612622
v -1.125052 -7.840194 -2.612622
v -1.125052 -7.840194 2.612622
v -1.111132 -7.965651 2.612622
v -1.111132 -7.965651 2.612622
v -1.125052 -7.840194 2.612622
v -1.186831 -7.977298 2.797363
v -1.125052 -7.840194 2.612622
v -1.201427 -7.845752 2.797363
v -1.186831 -7.977298 2.797363
v -1.186831 -7.977298 2.797363
v -1.201427 -7.845752 2.797363
v -1.369586 -8.005415 2.873884
v -1.201427 -7.845752 2.797363
v -1.385812 -7.859170 2.873884
v -1.369586 -8.005415 2.873884
v -1.385812 -7.859170 -2.873884
v -1.391221 -7.703739 -2.873884
v -1.201427 -7.845752 -2.797362
v -1.391221 -7.703739 -2.873884
v -1.206367 -7.703804 -2.797362
v -1.201427 -7.845752 -2.797362
v -1.201427 -7.845752 -2.797362
v -1.206367 -7.703804 -2.797362
v -1.125052 -7.840194 -2.612622
v -1.206367 -7.703804 -2.797362
v -1.129798 -7.703830 -2.612622
v -1.125052 -7.840194 -2.612622
v -1.125052 -7.840194 -2.612622
v -1.129798 -7.703830 -2.612622
v -1.125052 -7.840194 2.612622
v -1.129798 -7.703830 -2.612622
v -1.129798 -7.703830 2.612622
v -1.125052 -7.840194 2.612622
v -1.125052 -7.840194 2.612622
v -1.129798 -7.703830 2.612622
v -1.201427 -7.845752 2.797363
v -1.129798 -7.703830 2.612622
v -1.206367 -7.703804 2.797363
v -1.201427 -7.845752 2.797363
v -1.201427 -7.845752 2.797363
v -1.206367 -7.703804 2.797363
v -1.385812 -7.859170 2.873884
v -1.206367 -7.703804 2.797363
v -1.391221 -7.703739 2.873884
v -1.385812 -7.859170 2.873884
v -1.391221 -7.703739 -2.873884
v -1.385812 -7.551371 -2.873884
v -1.206367 -7.703804 -2.797362
v -1.385812 -7.551371 -2.873884
v -1.201441 -7.565041 -2.797362
v -1.206367 -7.703804 -2.797362
v -1.206367 -7.703804 -2.797362
v -1.201441 -7.565041 -2.797362
v -1.129798 -7.703830 -2.612622
v -1.201441 -7.565041 -2.797362
v -1.125072 -7.570702 -2.612622
v -1.129798 -7.703830 -2.612622
v -1.129798 -7.703830 -2.612622
v -1.125072 -7.570702 -2.612622
v -1.129798 -7.703830 2.612622
v -1.125072 -7.570702 -2.612622
v -1.125072 -7.570702 2.612622
v -1.129798 -7.703830 2.612622
v -1.129798 -7.703830 2.612622
v -1.125072 -7.570702 2.612622
v -1.206367 -7.703804 2.797363
v -1.125072 -7.570702 2.612622
v -1.201441 -7.565041 2.797363
v -1.206367 -7.703804 2.797363
v -1.206367 -7.703804 2.797363
v -1.201441 -7.565041 2.797363
v -1.391221 -7.703739 2.873884
v -1.201441 -7.565041 2.797363
v -1.385812 -7.551371 2.873884
v -1.391221 -7.703739 2.873884
v -1.385812 -7.551371 -2.873884
v -1.369586 -7.407778 -2.873884
v -1.201441 -7.565041 -2.797362
v -1.369586 -7.407778 -2.873884
v -1.186901 -7.436371 -2.797362
v -1.201441 -7.565041 -2.797362
v -1.201441 -7.565041 -2.797362
v -1.186901 -7.436371 -2.797362
v -1.125072 -7.570702 -2.612622
v -1.186901 -7.436371 -2.797362
v -1.111230 -7.448215 -2.612622
v -1.125072 -7.570702 -2.612622
v -1.125072 -7.570702 -2.612622
v -1.111230 -7.448215 -2.612622
v -1.125072 -7.570702 2.612622
v -1.111230 -7.448215 -2.612622
v -1.111230 -7.448215 2.612622
v -1.125072 -7.570702 2.612622
v -1.125072 -7.570702 2.612622
v -1.111230 -7.448215 2.612622
v -1.201441 -7.565041 2.797363
v -1.111230 -7.448215 2.612622
v -1.186901 -7.436371 2.797363
v -1.201441 -7.565041 2.797363
v -1.201441 -7.565041 2.797363
v -1.186901 -7.436371 2.797363
v -1.385812 -7.551371 2.873884
v -1.186901 -7.436371 2.797363
v -1.369586 -7.407778 2.873884
v -1.385812 -7.551371 2.873884
v -1.369586 -7.407778 -2.873884
v -1.342541 -7.272963 -2.873884
v -1.186901 -7.436371 -2.797362
v -1.342541 -7.272963 -2.873884
v -1.163116 -7.317805 -2.797362
v -1.186901 -7.436371 -2.797362
v -1.186901 -7.436371 -2.797362
v -1.163116 -7.317805 -2.797362
v -1.111230 -7.448215 -2.612622
v -1.163116 -7.317805 -2.797362
v -1.088795 -7.336379 -2.612622
v -1.111230 -7.448215 -2.612622
v -1.111230 -7.448215 -2.612622
v -1.088795 -7.336379 -2.612622
v -1.111230 -7.448215 2.612622
v -1.088795 -7.336379 -2.612622
v -1.088795 -7.336379 2.612622
v -1.111230 -7.448215 2.612622
v -1.111230 -7.448215 2.612622
v -1.088795 -7.336379 2.612622
v -1.186901 -7.436371 2.797363
v -1.088795 -7.336379 2.612622
v -1.163116 -7.317805 2.797363
v -1.186901 -7.436371 2.797363
v -1.186901 -7.436371 2.797363
v -1.163116 -7.317805 2.797363
v -1.369586 -7.407778 2.873884
v -1.163116 -7.317805 2.797363
v -1.342541 -7.272963 2.873884
v -1.369586 -7.407778 2.873884
v -1.342541 -7.272963 -2.873884
v -1.304678 -7.146924 -2.873884
v -1.163116 -7.317805 -2.797362
v -1.304678 -7.146924 -2.873884
v -1.130453 -7.209077 -2.797362
v -1.163116 -7.317805 -2.797362
v -1.163116 -7.317805 -2.797362
v -1.130453 -7.209077 -2.797362
v -1.088795 -7.336379 -2.612622
v -1.130453 -7.209077 -2.797362
v -1.058287 -7.234820 -2.612622
v -1.088795 -7.336379 -2.612622
v -1.088795 -7.336379 -2.612622
v -1.058287 -7.234820 -2.612622
v -1.088795 -7.336379 2.612622
v -1.058287 -7.234820 -2.612622
v -1.058287 -7.234820 2.612622
v -1.088795 -7.336379 2.612622
v -1.088795 -7.336379 2.612622
v -1.058287 -7.234820 2.612622
v -1.163116 -7.317805 2.797363
v -1.058287 -7.234820 2.612622
v -1.130453 -7.209077 2.797363
v -1.163116 -7.317805 2.797363
v -1.163116 -7.317805 2.797363
v -1.130453 -7.209077 2.797363
v -1.342541 -7.272963 2.873884
v -1.130453 -7.209077 2.797363
v -1.304678 -7.146924 2.873884
v -1.342541 -7.272963 2.873884
v -1.304678 -7.146924 -2.873884
v -1.255998 -7.029663 -2.873884
v -1.130453 -7.209077 -2.797362
v -1.255998 -7.029663 -2.873884
v -1.089210 -7.109731 -2.797362
v -1.130453 -7.209077 -2.797362
v -1.130453 -7.209077 -2.797362
v -1.089210 -7.109731 -2.797362
v -1.058287 -7.234820 -2.612622
v -1.089210 -7.109731 -2.797362
v -1.020125 -7.142896 -2.612622
v -1.058287 -7.234820 -2.612622
v -1.058287 -7.234820 -2.612622
v -1.020125 -7.142896 -2.612622
v -1.058287 -7.234820 2.612622
v -1.020125 -7.142896 -2.612622
v -1.020125 -7.142896 2.612622
v -1.058287 -7.234820 2.612622
v -1.058287 -7.234820 2.612622
v -1.020125 -7.142896 2.612622
v -1.130453 -7.209077 2.797363
v -1.020125 -7.142896 2.612622
v -1.089210 -7.109731 2.797363
v -1.130453 -7.209077 2.797363
v -1.130453 -7.209077 2.797363
v -1.089210 -7.109731 2.797363
v -1.304678 -7.146924 2.873884
v -1.089210 -7.109731 2.797363
v -1.255998 -7.029663 2.873884
v -1.304678 -7.146924 2.873884
v -1.255998 -7.029663 -2.873884
v -1.196499 -6.921177 -2.873884
v -1.089210 -7.109731 -2.797362
v -1.196499 -6.921177 -2.873884
v -1.039527 -7.019141 -2.797362
v -1.089210 -7.109731 -2.797362
v -1.089210 -7.109731 -2.797362
v -1.039527 -7.019141 -2.797362
v -1.020125 -7.142896 -2.612622
v -1.039527 -7.019141 -2.797362
v -0.974506 -7.059719 -2.612622
v -1.020125 -7.142896 -2.612622
v -1.020125 -7.142896 -2.612622
v -0.974506 -7.059719 -2.612622
v -1.020125 -7.142896 2.612622
v -0.974506 -7.059719 -2.612622
v -0.974506 -7.059719 2.612622
v -1.020125 -7.142896 2.612622
v -1.020125 -7.142896 2.612622
v -0.974506 -7.059719 2.612622
v -1.089210 -7.109731 2.797363
v -0.974506 -7.059719 2.612622
v -1.039527 -7.019141 2.797363
v -1.089210 -7.109731 2.797363
v -1.089210 -7.109731 2.797363
v -1.039527 -7.019141 2.797363
v -1.255998 -7.029663 2.873884
v -1.039527 -7.019141 2.797363
v -1.196499 -6.921177 2.873884
v -1.255998 -7.029663 2.873884
v -1.196499 -6.921177 -2.873884
v -1.126183 -6.821469 -2.873884
v -1.039527 -7.019141 -2.797362
v -1.126183 -6.821469 -2.873884
v -0.981301 -6.936577 -2.797362
v -1.039527 -7.019141 -2.797362
v -1.039527 -7.019141 -2.797362
v -0.981301 -6.936577 -2.797362
v -0.974506 -7.059719 -2.612622
v -0.981301 -6.936577 -2.797362
v -0.921288 -6.984256 -2.612622
v -0.974506 -7.059719 -2.612622
v -0.974506 -7.059719 -2.612622
v -0.921288 -6.984256 -2.612622
v -0.974506 -7.059719 2.612622
v -0.921288 -6.984256 -2.612622
v -0.921288 -6.984256 2.612622
v -0.974506 -7.059719 2.612622
v -0.974506 -7.059719 2.612622
v -0.921288 -6.984256 2.612622
v -1.039527 -7.019141 2.797363
v -0.921288 -6.984256 2.612622
v -0.981301 -6.936577 2.797363
v -1.039527 -7.019141 2.797363
v -1.039527 -7.019141 2.797363
v -0.981301 -6.936577 2.797363
v -1.196499 -6.921177 2.873884
v -0.981301 -6.936577 2.797363
v -1.126183 -6.821469 2.873884
v -1.196499 -6.921177 2.873884
v -1.126183 -6.821469 -2.873884
v -1.045049 -6.730538 -2.873884
v -0.981301 -6.936577 -2.797362
v -1.045049 -6.730538 -2.873884
v -0.914068 -6.861225 -2.797362
v -0.981301 -6.936577 -2.797362
v -0.981301 -6.936577 -2.797362
v -0.914068 -6.861225 -2.797362
v -0.921288 -6.984256 -2.612622
v -0.914068 -6.861225 -2.797362
v -0.859815 -6.915358 -2.612622
v -0.921288 -6.984256 -2.612622
v -0.921288 -6.984256 -2.612622
v -0.859815 -6.915358 -2.612622
v -0.921288 -6.984256 2.612622
v -0.859815 -6.915358 -2.612622
v -0.859815 -6.915358 2.612622
v -0.921288 -6.984256 2.612622
v -0.921288 -6.984256 2.612622
v -0.859815 -6.915358 2.612622
v -0.981301 -6.936577 2.797363
v -0.859815 -6.915358 2.612622
v -0.914068 -6.861225 2.797363
v -0.981301 -6.936577 2.797363
v -0.981301 -6.936577 2.797363
v -0.914068 -6.861225 2.797363
v -1.126183 -6.821469 2.873884
v -0.914068 -6.861225 2.797363
v -1.045049 -6.730538 2.873884
v -1.126183 -6.821469 2.873884
v -1.045049 -6.730538 -2.873884
v -0.954526 -6.649403 -2.873884
v -0.914068 -6.861225 -2.797362
v -0.954526 -6.649403 -2.873884
v -0.838846 -6.793805 -2.797362
v -0.914068 -6.861225 -2.797362
v -0.914068 -6.861225 -2.797362
v -0.838846 -6.793805 -2.797362
v -0.859815 -6.915358 -2.612622
v -0.838846 -6.793805 -2.797362
v -0.790931 -6.853619 -2.612622
v -0.859815 -6.915358 -2.612622
v -0.859815 -6.915358 -2.612622
v -0.790931 -6.853619 -2.612622
v -0.859815 -6.915358 2.612622
v -0.790931 -6.853619 -2.612622
v -0.790931 -6.853619 2.612622
v -0.859815 -6.915358 2.612622
v -0.859815 -6.915358 2.612622
v -0.790931 -6.853619 2.612622
v -0.914068 -6.861225 2.797363
v -0.790931 -6.853619 2.612622
v -0.838846 -6.793805 2.797363
v -0.914068 -6.861225 2.797363
v -0.914068 -6.861225 2.797363
v -0.838846 -6.793805 2.797363
v -1.045049 -6.730538 2.873884
v -0.838846 -6.793805 2.797363
v -0.954526 -6.649403 2.873884
v -1.045049 -6.730538 2.873884
v -0.954526 -6.649403 -2.873884
v -0.856042 -6.579087 -2.873884
v -0.838846 -6.793805 -2.797362
v -0.856042 -6.579087 -2.873884
v -0.756998 -6.735367 -2.797362
v -0.838846 -6.793805 -2.797362
v -0.838846 -6.793805 -2.797362
v -0.756998 -6.735367 -2.797362
v -0.790931 -6.853619 -2.612622
v -0.756998 -6.735367 -2.797362
v -0.715973 -6.800099 -2.612622
v -0.790931 -6.853619 -2.612622
v -0.790931 -6.853619 -2.612622
v -0.715973 -6.800099 -2.612622
v -0.790931 -6.853619 2.612622
v -0.715973 -6.800099 -2.612622
v -0.715973 -6.800099 2.612622
v -0.790931 -6.853619 2.612622
v -0.790931 -6.853619 2.612622
v -0.715973 -6.800099 2.612622
v -0.838846 -6.793805 2.797363
v -0.715973 -6.800099 2.612622
v -0.756998 -6.735367 2.797363
v -0.838846 -6.793805 2.797363
v -0.838846 -6.793805 2.797363
v -0.756998 -6.735367 2.797363
v -0.954526 -6.649403 2.873884
v -0.756998 -6.735367 2.797363
v -0.856042 -6.579087 2.873884
v -0.954526 -6.649403 2.873884
v -0.856042 -6.579087 -2.873884
v -0.749598 -6.519589 -2.873884
v -0.756998 -6.735367 -2.797362
v -0.749598 -6.519589 -2.873884
v -0.668128 -6.685691 -2.797362
v -0.756998 -6.735367 -2.797362
v -0.756998 -6.735367 -2.797362
v -0.668128 -6.685691 -2.797362
v -0.715973 -6.800099 -2.612622
v -0.668128 -6.685691 -2.797362
v -0.634382 -6.754494 -2.612622
v -0.715973 -6.800099 -2.612622
v -0.715973 -6.800099 -2.612622
v -0.634382 -6.754494 -2.612622
v -0.715973 -6.800099 2.612622
v -0.634382 -6.754494 -2.612622
v -0.634382 -6.754494 2.612622
v -0.715973 -6.800099 2.612622
v -0.715973 -6.800099 2.612622
v -0.634382 -6.754494 2.612622
v -0.756998 -6.735367 2.797363
v -0.634382 -6.754494 2.612622
v -0.668128 -6.685691 2.797363
v -0.756998 -6.735367 2.797363
v -0.756998 -6.735367 2.797363
v -0.668128 -6.685691 2.797363
v -0.856042 -6.579087 2.873884
v -0.668128 -6.685691 2.797363
v -0.749598 -6.519589 2.873884
v -0.856042 -6.579087 2.873884
v -0.749598 -6.519589 -2.873884
v -0.635194 -6.470908 -2.873884
v -0.668128 -6.685691 -2.797362
v -0.635194 -6.470908 -2.873884
v -0.571557 -6.644599 -2.797362
v -0.668128 -6.685691 -2.797362
v -0.668128 -6.685691 -2.797362
v -0.571557 -6.644599 -2.797362
v -0.634382 -6.754494 -2.612622
v -0.571557 -6.644599 -2.797362
v -0.545198 -6.716545 -2.612622
v -0.634382 -6.754494 -2.612622
v -0.634382 -6.754494 -2.612622
v -0.545198 -6.716545 -2.612622
v -0.634382 -6.754494 2.612622
v -0.545198 -6.716545 -2.612622
v -0.545198 -6.716545 2.612622
v -0.634382 -6.754494 2.612622
v -0.634382 -6.754494 2.612622
v -0.545198 -6.716545 2.612622
v -0.668128 -6.685691 2.797363
v -0.545198 -6.716545 2.612622
v -0.571557 -6.644599 2.797363
v -0.668128 -6.685691 2.797363
v -0.668128 -6.685691 2.797363
v -0.571557 -6.644599 2.797363
v -0.749598 -6.519589 2.873884
v -0.571557 -6.644599 2.797363
v -0.635194 -6.470908 2.873884
v -0.749598 -6.519589 2.873884
v -0.635194 -6.470908 -2.873884
v -0.512830 -6.433046 -2.873884
v -0.571557 -6.644599 -2.797362
v -0.512830 -6.433046 -2.873884
v -0.466651 -6.612138 -2.797362
v -0.571557 -6.644599 -2.797362
v -0.571557 -6.644599 -2.797362
v -0.466651 -6.612138 -2.797362
v -0.545198 -6.716545 -2.612622
v -0.466651 -6.612138 -2.797362
v -0.447524 -6.686321 -2.612622
v -0.545198 -6.716545 -2.612622
v -0.545198 -6.716545 -2.612622
v -0.447524 -6.686321 -2.612622
v -0.545198 -6.716545 2.612622
v -0.447524 -6.686321 -2.612622
v -0.447524 -6.686321 2.612622
v -0.545198 -6.716545 2.612622
v -0.545198 -6.716545 2.612622
v -0.447524 -6.686321 2.612622
v -0.571557 -6.644599 2.797363
v -0.447524 -6.686321 2.612622
v -0.466651 -6.612138 2.797363
v -0.571557 -6.644599 2.797363
v -0.571557 -6.644599 2.797363
v -0.466651 -6.612138 2.797363
v -0.635194 -6.470908 2.873884
v -0.466651 -6.612138 2.797363
v -0.512830 -6.433046 2.873884
v -0.635194 -6.470908 2.873884
v -0.512830 -6.433046 -2.873884
v -0.382504 -6.406001 -2.873884
v -0.466651 -6.612138 -2.797362
v -0.382504 -6.406001 -2.873884
v -0.352914 -6.588537 -2.797362
v -0.466651 -6.612138 -2.797362
v -0.466651 -6.612138 -2.797362
v -0.352914 -6.588537 -2.797362
v -0.447524 -6.686321 -2.612622
v -0.352914 -6.588537 -2.797362
v -0.340657 -6.664145 -2.612622
v -0.447524 -6.686321 -2.612622
v -0.447524 -6.686321 -2.612622
v -0.340657 -6.664145 -2.612622
v -0.447524 -6.686321 2.612622
v -0.340657 -6.664145 -2.612622
v -0.340657 -6.664145 2.612622
v -0.447524 -6.686321 2.612622
v -0.447524 -6.686321 2.612622
v -0.340657 -6.664145 2.612622
v -0.466651 -6.612138 2.797363
v -0.340657 -6.664145 2.612622
v -0.352914 -6.588537 2.797363
v -0.466651 -6.612138 2.797363
v -0.466651 -6.612138 2.797363
v -0.352914 -6.588537 2.797363
v -0.512830 -6.433046 2.873884
v -0.352914 -6.588537 2.797363
v -0.382504 -6.406001 2.873884
v -0.512830 -6.433046 2.873884
v -0.382504 -6.406001 -2.873884
v -0.244219 -6.389774 -2.873884
v -0.352914 -6.588537 -2.797362
v -0.244219 -6.389774 -2.873884
v -0.230017 -6.574116 -2.797362
v -0.352914 -6.588537 -2.797362
v -0.352914 -6.588537 -2.797362
v -0.230017 -6.574116 -2.797362
v -0.340657 -6.664145 -2.612622
v -0.230017 -6.574116 -2.797362
v -0.224135 -6.650471 -2.612622
v -0.340657 -6.664145 -2.612622
v -0.340657 -6.664145 -2.612622
v -0.224135 -6.650471 -2.612622
v -0.340657 -6.664145 2.612622
v -0.224135 -6.650471 -2.612622
v -0.224135 -6.650471 2.612622
v -0.340657 -6.664145 2.612622
v -0.340657 -6.664145 2.612622
v -0.224135 -6.650471 2.612622
v -0.352914 -6.588537 2.797363
v -0.224135 -6.650471 2.612622
v -0.230017 -6.574116 2.797363
v -0.352914 -6.588537 2.797363
v -0.352914 -6.588537 2.797363
v -0.230017 -6.574116 2.797363
v -0.382504 -6.406001 2.873884
v -0.230017 -6.574116 2.797363
v -0.244219 -6.389774 2.873884
v -0.382504 -6.406001 2.873884
v -0.244219 -6.389774 -2.873884
v -0.097973 -6.384365 -2.873884
v -0.230017 -6.574116 -2.797362
v -0.097973 -6.384365 -2.873884
v -0.097906 -6.569230 -2.797362
v -0.230017 -6.574116 -2.797362
v -0.230017 -6.574116 -2.797362
v -0.097906 -6.569230 -2.797362
v -0.224135 -6.650471 -2.612622
v -0.097906 -6.569230 -2.797362
v -0.097878 -6.645803 -2.612622
v -0.224135 -6.650471 -2.612622
v -0.224135 -6.650471 -2.612622
v -0.097878 -6.645803 -2.612622
v -0.224135 -6.650471 2.612622
v -0.097878 -6.645803 -2.612622
v -0.097878 -6.645803 2.612622
v -0.224135 -6.650471 2.612622
v -0.224135 -6.650471 2.612622
v -0.097878 -6.645803 2.612622
v -0.230017 -6.574116 2.797363
v -0.097878 -6.645803 2.612622
v -0.097906 -6.569230 2.797363
v -0.230017 -6.574116 2.797363
v -0.230017 -6.574116 2.797363
v -0.097906 -6.569230 2.797363
v -0.244219 -6.389774 2.873884
v -0.097906 -6.569230 2.797363
v -0.097973 -6.384365 2.873884
v -0.244219 -6.389774 2.873884
v -0.097973 -6.384365 -2.873884
v 0.051231 -6.389774 -2.873884
v -0.097906 -6.569230 -2.797362
v 0.051231 -6.389774 -2.873884
v 0.037275 -6.574130 -2.797362
v -0.097906 -6.569230 -2.797362
v -0.097906 -6.569230 -2.797362
v 0.037275 -6.574130 -2.797362
v -0.097878 -6.645803 -2.612622
v 0.037275 -6.574130 -2.797362
v 0.031495 -6.650492 -2.612622
v -0.097878 -6.645803 -2.612622
v -0.097878 -6.645803 -2.612622
v 0.031495 -6.650492 -2.612622
v -0.097878 -6.645803 2.612622
v 0.031495 -6.650492 -2.612622
v 0.031495 -6.650492 2.612622
v -0.097878 -6.645803 2.612622
v -0.097878 -6.645803 2.612622
v 0.031495 -6.650492 2.612622
v -0.097906 -6.569230 2.797363
v 0.031495 -6.650492 2.612622
v 0.037275 -6.574130 2.797363
v -0.097906 -6.569230 2.797363
v -0.097906 -6.569230 2.797363
v 0.037275 -6.574130 2.797363
v -0.097973 -6.384365 2.873884
v 0.037275 -6.574130 2.797363
v 0.051231 -6.389774 2.873884
v -0.097973 -6.384365 2.873884
v 0.051231 -6.389774 -2.873884
v 0.191864 -6.406001 -2.873884
v 0.037275 -6.574130 -2.797362
v 0.191864 -6.406001 -2.873884
v 0.162689 -6.588600 -2.797362
v 0.037275 -6.574130 -2.797362
v 0.037275 -6.574130 -2.797362
v 0.162689 -6.588600 -2.797362
v 0.031495 -6.650492 -2.612622
v 0.162689 -6.588600 -2.797362
v 0.150604 -6.664236 -2.612622
v 0.031495 -6.650492 -2.612622
v 0.031495 -6.650492 -2.612622
v 0.150604 -6.664236 -2.612622
v 0.031495 -6.650492 2.612622
v 0.150604 -6.664236 -2.612622
v 0.150604 -6.664236 2.612622
v 0.031495 -6.650492 2.612622
v 0.031495 -6.650492 2.612622
v 0.150604 -6.664236 2.612622
v 0.037275 -6.574130 2.797363
v 0.150604 -6.664236 2.612622
v 0.162689 -6.588600 2.797363
v 0.037275 -6.574130 2.797363
v 0.037275 -6.574130 2.797363
v 0.162689 -6.588600 2.797363
v 0.051231 -6.389774 2.873884
v 0.162689 -6.588600 2.797363
v 0.191864 -6.406001 2.873884
v 0.051231 -6.389774 2.873884
v 0.191864 -6.406001 -2.873884
v 0.323924 -6.433046 -2.873884
v 0.162689 -6.588600 -2.797362
v 0.323924 -6.433046 -2.873884
v 0.278210 -6.612259 -2.797362
v 0.162689 -6.588600 -2.797362
v 0.162689 -6.588600 -2.797362
v 0.278210 -6.612259 -2.797362
v 0.150604 -6.664236 -2.612622
v 0.278210 -6.612259 -2.797362
v 0.259275 -6.686491 -2.612622
v 0.150604 -6.664236 -2.612622
v 0.150604 -6.664236 -2.612622
v 0.259275 -6.686491 -2.612622
v 0.150604 -6.664236 2.612622
v 0.259275 -6.686491 -2.612622
v 0.259275 -6.686491 2.612622
v 0.150604 -6.664236 2.612622
v 0.150604 -6.664236 2.612622
v 0.259275 -6.686491 2.612622
v 0.162689 -6.588600 2.797363
v 0.259275 -6.686491 2.612622
v 0.278210 -6.612259 2.797363
v 0.162689 -6.588600 2.797363
v 0.162689 -6.588600 2.797363
v 0.278210 -6.612259 2.797363
v 0.191864 -6.406001 2.873884
v 0.278210 -6.612259 2.797363
v 0.323924 -6.433046 2.873884
v 0.191864 -6.406001 2.873884
v 0.323924 -6.433046 -2.873884
v 0.447411 -6.470908 -2.873884
v 0.278210 -6.612259 -2.797362
v 0.447411 -6.470908 -2.873884
v 0.384135 -6.644737 -2.797362
v 0.278210 -6.612259 -2.797362
v 0.278210 -6.612259 -2.797362
v 0.384135 -6.644737 -2.797362
v 0.259275 -6.686491 -2.612622
v 0.384135 -6.644737 -2.797362
v 0.357925 -6.716738 -2.612622
v 0.259275 -6.686491 -2.612622
v 0.259275 -6.686491 -2.612622
v 0.357925 -6.716738 -2.612622
v 0.259275 -6.686491 2.612622
v 0.357925 -6.716738 -2.612622
v 0.357925 -6.716738 2.612622
v 0.259275 -6.686491 2.612622
v 0.259275 -6.686491 2.612622
v 0.357925 -6.716738 2.612622
v 0.278210 -6.612259 2.797363
v 0.357925 -6.716738 2.612622
v 0.384135 -6.644737 2.797363
v 0.278210 -6.612259 2.797363
v 0.278210 -6.612259 2.797363
v 0.384135 -6.644737 2.797363
v 0.323924 -6.433046 2.873884
v 0.384135 -6.644737 2.797363
v 0.447411 -6.470908 2.873884
v 0.323924 -6.433046 2.873884
v 0.447411 -6.470908 -2.873884
v 0.562326 -6.519589 -2.873884
v 0.384135 -6.644737 -2.797362
v 0.562326 -6.519589 -2.873884
v 0.480950 -6.685749 -2.797362
v 0.384135 -6.644737 -2.797362
v 0.384135 -6.644737 -2.797362
v 0.480950 -6.685749 -2.797362
v 0.357925 -6.716738 -2.612622
v 0.480950 -6.685749 -2.797362
v 0.447244 -6.754574 -2.612622
v 0.357925 -6.716738 -2.612622
v 0.357925 -6.716738 -2.612622
v 0.447244 -6.754574 -2.612622
v 0.357925 -6.716738 2.612622
v 0.447244 -6.754574 -2.612622
v 0.447244 -6.754574 2.612622
v 0.357925 -6.716738 2.612622
v 0.357925 -6.716738 2.612622
v 0.447244 -6.754574 2.612622
v 0.384135 -6.644737 2.797363
v 0.447244 -6.754574 2.612622
v 0.480950 -6.685749 2.797363
v 0.384135 -6.644737 2.797363
v 0.384135 -6.644737 2.797363
v 0.480950 -6.685749 2.797363
v 0.447411 -6.470908 2.873884
v 0.480950 -6.685749 2.797363
v 0.562326 -6.519589 2.873884
v 0.447411 -6.470908 2.873884
v 0.562326 -6.519589 -2.873884
v 0.668668 -6.579087 -2.873884
v 0.480950 -6.685749 -2.797362
v 0.668668 -6.579087 -2.873884
v 0.569314 -6.735189 -2.797362
v 0.480950 -6.685749 -2.797362
v 0.480950 -6.685749 -2.797362
v 0.569314 -6.735189 -2.797362
v 0.447244 -6.754574 -2.612622
v 0.569314 -6.735189 -2.797362
v 0.528160 -6.799848 -2.612622
v 0.447244 -6.754574 -2.612622
v 0.447244 -6.754574 -2.612622
v 0.528160 -6.799848 -2.612622
v 0.447244 -6.754574 2.612622
v 0.528160 -6.799848 -2.612622
v 0.528160 -6.799848 2.612622
v 0.447244 -6.754574 2.612622
v 0.447244 -6.754574 2.612622
v 0.528160 -6.799848 2.612622
v 0.480950 -6.685749 2.797363
v 0.528160 -6.799848 2.612622
v 0.569314 -6.735189 2.797363
v 0.480950 -6.685749 2.797363
v 0.480950 -6.685749 2.797363
v 0.569314 -6.735189 2.797363
v 0.562326 -6.519589 2.873884
v 0.569314 -6.735189 2.797363
v 0.668668 -6.579087 2.873884
v 0.562326 -6.519589 2.873884
v 0.668668 -6.579087 -2.873884
v 0.766437 -6.649403 -2.873884
v 0.569314 -6.735189 -2.797362
v 0.766437 -6.649403 -2.873884
v 0.649968 -6.793195 -2.797362
v 0.569314 -6.735189 -2.797362
v 0.569314 -6.735189 -2.797362
v 0.649968 -6.793195 -2.797362
v 0.528160 -6.799848 -2.612622
v 0.649968 -6.793195 -2.797362
v 0.601724 -6.852756 -2.612622
v 0.528160 -6.799848 -2.612622
v 0.528160 -6.799848 -2.612622
v 0.601724 -6.852756 -2.612622
v 0.528160 -6.799848 2.612622
v 0.601724 -6.852756 -2.612622
v 0.601724 -6.852756 2.612622
v 0.528160 -6.799848 2.612622
v 0.528160 -6.799848 2.612622
v 0.601724 -6.852756 2.612622
v 0.569314 -6.735189 2.797363
v 0.601724 -6.852756 2.612622
v 0.649968 -6.793195 2.797363
v 0.569314 -6.735189 2.797363
v 0.569314 -6.735189 2.797363
v 0.649968 -6.793195 2.797363
v 0.668668 -6.579087 2.873884
v 0.649968 -6.793195 2.797363
v 0.766437 -6.649403 2.873884
v 0.668668 -6.579087 2.873884
v 0.766437 -6.649403 -2.873884
v 0.855634 -6.730538 -2.873884
v 0.649968 -6.793195 -2.797362
v 0.855634 -6.730538 -2.873884
v 0.723552 -6.860129 -2.797362
v 0.649968 -6.793195 -2.797362
v 0.649968 -6.793195 -2.797362
v 0.723552 -6.860129 -2.797362
v 0.601724 -6.852756 -2.612622
v 0.723552 -6.860129 -2.797362
v 0.668842 -6.913808 -2.612622
v 0.601724 -6.852756 -2.612622
v 0.601724 -6.852756 -2.612622
v 0.668842 -6.913808 -2.612622
v 0.601724 -6.852756 2.612622
v 0.668842 -6.913808 -2.612622
v 0.668842 -6.913808 2.612622
v 0.601724 -6.852756 2.612622
v 0.601724 -6.852756 2.612622
v 0.668842 -6.913808 2.612622
v 0.649968 -6.793195 2.797363
v 0.668842 -6.913808 2.612622
v 0.723552 -6.860129 2.797363
v 0.649968 -6.793195 2.797363
v 0.649968 -6.793195 2.797363
v 0.723552 -6.860129 2.797363
v 0.766437 -6.649403 2.873884
v 0.723552 -6.860129 2.797363
v 0.855634 -6.730538 2.873884
v 0.766437 -6.649403 2.873884
v 0.855634 -6.730538 -2.873884
v 0.935237 -6.821469 -2.873884
v 0.723552 -6.860129 -2.797362
v 0.935237 -6.821469 -2.873884
v 0.789304 -6.935237 -2.797362
v 0.723552 -6.860129 -2.797362
v 0.723552 -6.860129 -2.797362
v 0.789304 -6.935237 -2.797362
v 0.668842 -6.913808 -2.612622
v 0.789304 -6.935237 -2.797362
v 0.728856 -6.982361 -2.612622
v 0.668842 -6.913808 -2.612622
v 0.668842 -6.913808 -2.612622
v 0.728856 -6.982361 -2.612622
v 0.668842 -6.913808 2.612622
v 0.728856 -6.982361 -2.612622
v 0.728856 -6.982361 2.612622
v 0.668842 -6.913808 2.612622
v 0.668842 -6.913808 2.612622
v 0.728856 -6.982361 2.612622
v 0.723552 -6.860129 2.797363
v 0.728856 -6.982361 2.612622
v 0.789304 -6.935237 2.797363
v 0.723552 -6.860129 2.797363
v 0.723552 -6.860129 2.797363
v 0.789304 -6.935237 2.797363
v 0.855634 -6.730538 2.873884
v 0.789304 -6.935237 2.797363
v 0.935237 -6.821469 2.873884
v 0.855634 -6.730538 2.873884
v 0.935237 -6.821469 -2.873884
v 1.004227 -6.921177 -2.873884
v 0.789304 -6.935237 -2.797362
v 1.004227 -6.921177 -2.873884
v 0.846434 -7.017805 -2.797362
v 0.789304 -6.935237 -2.797362
v 0.789304 -6.935237 -2.797362
v 0.846434 -7.017805 -2.797362
v 0.728856 -6.982361 -2.612622
v 0.846434 -7.017805 -2.797362
v 0.781074 -7.057831 -2.612622
v 0.728856 -6.982361 -2.612622
v 0.728856 -6.982361 -2.612622
v 0.781074 -7.057831 -2.612622
v 0.728856 -6.982361 2.612622
v 0.781074 -7.057831 -2.612622
v 0.781074 -7.057831 2.612622
v 0.728856 -6.982361 2.612622
v 0.728856 -6.982361 2.612622
v 0.781074 -7.057831 2.612622
v 0.789304 -6.935237 2.797363
v 0.781074 -7.057831 2.612622
v 0.846434 -7.017805 2.797363
v 0.789304 -6.935237 2.797363
v 0.789304 -6.935237 2.797363
v 0.846434 -7.017805 2.797363
v 0.935237 -6.821469 2.873884
v 0.846434 -7.017805 2.797363
v 1.004227 -6.921177 2.873884
v 0.935237 -6.821469 2.873884
v 1.004227 -6.921177 -2.873884
v 1.062602 -7.029663 -2.873884
v 0.846434 -7.017805 -2.797362
v 1.062602 -7.029663 -2.873884
v 0.895238 -7.108501 -2.797362
v 0.846434 -7.017805 -2.797362
v 0.846434 -7.017805 -2.797362
v 0.895238 -7.108501 -2.797362
v 0.781074 -7.057831 -2.612622
v 0.895238 -7.108501 -2.797362
v 0.825912 -7.141157 -2.612622
v 0.781074 -7.057831 -2.612622
v 0.781074 -7.057831 -2.612622
v 0.825912 -7.141157 -2.612622
v 0.781074 -7.057831 2.612622
v 0.825912 -7.141157 -2.612622
v 0.825912 -7.141157 2.612622
v 0.781074 -7.057831 2.612622
v 0.781074 -7.057831 2.612622
v 0.825912 -7.141157 2.612622
v 0.846434 -7.017805 2.797363
v 0.825912 -7.141157 2.612622
v 0.895238 -7.108501 2.797363
v 0.846434 -7.017805 2.797363
v 0.846434 -7.017805 2.797363
v 0.895238 -7.108501 2.797363
v 1.004227 -6.921177 2.873884
v 0.895238 -7.108501 2.797363
v 1.062602 -7.029663 2.873884
v 1.004227 -6.921177 2.873884
v 1.062602 -7.029663 -2.873884
v 1.110364 -7.146924 -2.873884
v 0.895238 -7.108501 -2.797362
v 1.110364 -7.146924 -2.873884
v 0.935778 -7.208036 -2.797362
v 0.895238 -7.108501 -2.797362
v 0.895238 -7.108501 -2.797362
v 0.935778 -7.208036 -2.797362
v 0.825912 -7.141157 -2.612622
v 0.935778 -7.208036 -2.797362
v 0.863463 -7.233349 -2.612622
v 0.825912 -7.141157 -2.612622
v 0.825912 -7.141157 -2.612622
v 0.863463 -7.233349 -2.612622
v 0.825912 -7.141157 2.612622
v 0.863463 -7.233349 -2.612622
v 0.863463 -7.233349 2.612622
v 0.825912 -7.141157 2.612622
v 0.825912 -7.141157 2.612622
v 0.863463 -7.233349 2.612622
v 0.895238 -7.108501 2.797363
v 0.863463 -7.233349 2.612622
v 0.935778 -7.208036 2.797363
v 0.895238 -7.108501 2.797363
v 0.895238 -7.108501 2.797363
v 0.935778 -7.208036 2.797363
v 1.062602 -7.029663 2.873884
v 0.935778 -7.208036 2.797363
v 1.110364 -7.146924 2.873884
v 1.062602 -7.029663 2.873884
v 1.110364 -7.146924 -2.873884
v 1.147512 -7.272963 -2.873884
v 0.935778 -7.208036 -2.797362
v 1.147512 -7.272963 -2.873884
v 0.967897 -7.317008 -2.797362
v 0.935778 -7.208036 -2.797362
v 0.935778 -7.208036 -2.797362
v 0.967897 -7.317008 -2.797362
v 0.863463 -7.233349 -2.612622
v 0.967897 -7.317008 -2.797362
v 0.893497 -7.335254 -2.612622
v 0.863463 -7.233349 -2.612622
v 0.863463 -7.233349 -2.612622
v 0.893497 -7.335254 -2.612622
v 0.863463 -7.233349 2.612622
v 0.893497 -7.335254 -2.612622
v 0.893497 -7.335254 2.612622
v 0.863463 -7.233349 2.612622
v 0.863463 -7.233349 2.612622
v 0.893497 -7.335254 2.612622
v 0.935778 -7.208036 2.797363
v 0.893497 -7.335254 2.612622
v 0.967897 -7.317008 2.797363
v 0.935778 -7.208036 2.797363
v 0.935778 -7.208036 2.797363
v 0.967897 -7.317008 2.797363
v 1.110364 -7.146924 2.873884
v 0.967897 -7.317008 2.797363
v 1.147512 -7.272963 2.873884
v 1.110364 -7.146924 2.873884
v 1.147512 -7.272963 -2.873884
v 1.174047 -7.407778 -2.873884
v 0.967897 -7.317008 -2.797362
v 1.174047 -7.407778 -2.873884
v 0.991286 -7.435845 -2.797362
v 0.967897 -7.317008 -2.797362
v 0.967897 -7.317008 -2.797362
v 0.991286 -7.435845 -2.797362
v 0.893497 -7.335254 -2.612622
v 0.991286 -7.435845 -2.797362
v 0.915585 -7.447470 -2.612622
v 0.893497 -7.335254 -2.612622
v 0.893497 -7.335254 -2.612622
v 0.915585 -7.447470 -2.612622
v 0.893497 -7.335254 2.612622
v 0.915585 -7.447470 -2.612622
v 0.915585 -7.447470 2.612622
v 0.893497 -7.335254 2.612622
v 0.893497 -7.335254 2.612622
v 0.915585 -7.447470 2.612622
v 0.967897 -7.317008 2.797363
v 0.915585 -7.447470 2.612622
v 0.991286 -7.435845 2.797363
v 0.967897 -7.317008 2.797363
v 0.967897 -7.317008 2.797363
v 0.991286 -7.435845 2.797363
v 1.147512 -7.272963 2.873884
v 0.991286 -7.435845 2.797363
v 1.174047 -7.407778 2.873884
v 1.147512 -7.272963 2.873884
v 1.174047 -7.407778 -2.873884
v 1.189967 -7.551371 -2.873884
v 0.991286 -7.435845 -2.797362
v 1.189967 -7.551371 -2.873884
v 1.005583 -7.564784 -2.797362
v 0.991286 -7.435845 -2.797362
v 0.991286 -7.435845 -2.797362
v 1.005583 -7.564784 -2.797362
v 0.915585 -7.447470 -2.612622
v 1.005583 -7.564784 -2.797362
v 0.929208 -7.570340 -2.612622
v 0.915585 -7.447470 -2.612622
v 0.915585 -7.447470 -2.612622
v 0.929208 -7.570340 -2.612622
v 0.915585 -7.447470 2.612622
v 0.929208 -7.570340 -2.612622
v 0.929208 -7.570340 2.612622
v 0.915585 -7.447470 2.612622
v 0.915585 -7.447470 2.612622
v 0.929208 -7.570340 2.612622
v 0.991286 -7.435845 2.797363
v 0.929208 -7.570340 2.612622
v 1.005583 -7.564784 2.797363
v 0.991286 -7.435845 2.797363
v 0.991286 -7.435845 2.797363
v 1.005583 -7.564784 2.797363
v 1.174047 -7.407778 2.873884
v 1.005583 -7.564784 2.797363
v 1.189967 -7.551371 2.873884
v 1.174047 -7.407778 2.873884
v 1.189967 -7.551371 -2.873884
v 1.195274 -7.703739 -2.873884
v 1.005583 -7.564784 -2.797362
v 1.195274 -7.703739 -2.873884
v 1.010424 -7.703803 -2.797362
v 1.005583 -7.564784 -2.797362
v 1.005583 -7.564784 -2.797362
v 1.010424 -7.703803 -2.797362
v 0.929208 -7.570340 -2.612622
v 1.010424 -7.703803 -2.797362
v 0.933857 -7.703829 -2.612622
v 0.929208 -7.570340 -2.612622
v 0.929208 -7.570340 -2.612622
v 0.933857 -7.703829 -2.612622
v 0.929208 -7.570340 2.612622
v 0.933857 -7.703829 -2.612622
v 0.933857 -7.703829 2.612622
v 0.929208 -7.570340 2.612622
v 0.929208 -7.570340 2.612622
v 0.933857 -7.703829 2.612622
v 1.005583 -7.564784 2.797363
v 0.933857 -7.703829 2.612622
v 1.010424 -7.703803 2.797363
v 1.005583 -7.564784 2.797363
v 1.005583 -7.564784 2.797363
v 1.010424 -7.703803 2.797363
v 1.189967 -7.551371 2.873884
v 1.010424 -7.703803 2.797363
v 1.195274 -7.703739 2.873884
v 1.189967 -7.551371 2.873884
v 1.195274 -7.703739 -2.873884
v 1.189967 -7.859170 -2.873884
v 1.010424 -7.703803 -2.797362
v 1.189967 -7.859170 -2.873884
v 1.005569 -7.846002 -2.797362
v 1.010424 -7.703803 -2.797362
v 1.010424 -7.703803 -2.797362
v 1.005569 -7.846002 -2.797362
v 0.933857 -7.703829 -2.612622
v 1.005569 -7.846002 -2.797362
v 0.929188 -7.840549 -2.612622
v 0.933857 -7.703829 -2.612622
v 0.933857 -7.703829 -2.612622
v 0.929188 -7.840549 -2.612622
v 0.933857 -7.703829 2.612622
v 0.929188 -7.840549 -2.612622
v 0.929188 -7.840549 2.612622
v 0.933857 -7.703829 2.612622
v 0.933857 -7.703829 2.612622
v 0.929188 -7.840549 2.612622
v 1.010424 -7.703803 2.797363
v 0.929188 -7.840549 2.612622
v 1.005569 -7.846002 2.797363
v 1.010424 -7.703803 2.797363
v 1.010424 -7.703803 2.797363
v 1.005569 -7.846002 2.797363
v 1.195274 -7.703739 2.873884
v 1.005569 -7.846002 2.797363
v 1.189967 -7.859170 2.873884
v 1.195274 -7.703739 2.873884
v 1.189967 -7.859170 -2.873884
v 1.174047 -8.005415 -2.873884
v 1.005569 -7.846002 -2.797362
v 1.174047 -8.005415 -2.873884
v 0.991220 -7.977815 -2.797362
v 1.005569 -7.846002 -2.797362
v 1.005569 -7.846002 -2.797362
v 0.991220 -7.977815 -2.797362
v 0.929188 -7.840549 -2.612622
v 0.991220 -7.977815 -2.797362
v 0.915490 -7.966383 -2.612622
v 0.929188 -7.840549 -2.612622
v 0.929188 -7.840549 -2.612622
v 0.915490 -7.966383 -2.612622
v 0.929188 -7.840549 2.612622
v 0.915490 -7.966383 -2.612622
v 0.915490 -7.966383 2.612622
v 0.929188 -7.840549 2.612622
v 0.929188 -7.840549 2.612622
v 0.915490 -7.966383 2.612622
v 1.005569 -7.846002 2.797363
v 0.915490 -7.966383 2.612622
v 0.991220 -7.977815 2.797363
v 1.005569 -7.846002 2.797363
v 1.005569 -7.846002 2.797363
v 0.991220 -7.977815 2.797363
v 1.189967 -7.859170 2.873884
v 0.991220 -7.977815 2.797363
v 1.174047 -8.005415 2.873884
v 1.189967 -7.859170 2.873884
v 1.174047 -8.005415 -2.873884
v 1.147512 -8.142476 -2.873884
v 0.991220 -7.977815 -2.797362
v 1.147512 -8.142476 -2.873884
v 0.967747 -8.099060 -2.797362
v 0.991220 -7.977815 -2.797362
v 0.991220 -7.977815 -2.797362
v 0.967747 -8.099060 -2.797362
v 0.915490 -7.966383 -2.612622
v 0.967747 -8.099060 -2.797362
v 0.893286 -8.081076 -2.612622
v 0.915490 -7.966383 -2.612622
v 0.915490 -7.966383 -2.612622
v 0.893286 -8.081076 -2.612622
v 0.915490 -7.966383 2.612622
v 0.893286 -8.081076 -2.612622
v 0.893286 -8.081076 2.612622
v 0.915490 -7.966383 2.612622
v 0.915490 -7.966383 2.612622
v 0.893286 -8.081076 2.612622
v 0.991220 -7.977815 2.797363
v 0.893286 -8.081076 2.612622
v 0.967747 -8.099060 2.797363
v 0.991220 -7.977815 2.797363
v 0.991220 -7.977815 2.797363
v 0.967747 -8.099060 2.797363
v 1.174047 -8.005415 2.873884
v 0.967747 -8.099060 2.797363
v 1.147512 -8.142476 2.873884
v 1.174047 -8.005415 2.873884
v 1.147512 -8.142476 -2.873884
v 1.110364 -8.270351 -2.873884
v 0.967747 -8.099060 -2.797362
v 1.110364 -8.270351 -2.873884
v 0.935533 -8.209950 -2.797362
v 0.967747 -8.099060 -2.797362
v 0.967747 -8.099060 -2.797362
v 0.935533 -8.209950 -2.797362
v 0.893286 -8.081076 -2.612622
v 0.935533 -8.209950 -2.797362
v 0.863116 -8.184930 -2.612622
v 0.893286 -8.081076 -2.612622
v 0.893286 -8.081076 -2.612622
v 0.863116 -8.184930 -2.612622
v 0.893286 -8.081076 2.612622
v 0.863116 -8.184930 -2.612622
v 0.863116 -8.184930 2.612622
v 0.893286 -8.081076 2.612622
v 0.893286 -8.081076 2.612622
v 0.863116 -8.184930 2.612622
v 0.967747 -8.099060 2.797363
v 0.863116 -8.184930 2.612622
v 0.935533 -8.209950 2.797363
v 0.967747 -8.099060 2.797363
v 0.967747 -8.099060 2.797363
v 0.935533 -8.209950 2.797363
v 1.147512 -8.142476 2.873884
v 0.935533 -8.209950 2.797363
v 1.110364 -8.270351 2.873884
v 1.147512 -8.142476 2.873884
v 1.110364 -8.270351 -2.873884
v 1.062602 -8.389042 -2.873884
v 0.935533 -8.209950 -2.797362
v 1.062602 -8.389042 -2.873884
v 0.894918 -8.310883 -2.797362
v 0.935533 -8.209950 -2.797362
v 0.935533 -8.209950 -2.797362
v 0.894918 -8.310883 -2.797362
v 0.863116 -8.184930 -2.612622
v 0.894918 -8.310883 -2.797362
v 0.825460 -8.278507 -2.612622
v 0.863116 -8.184930 -2.612622
v 0.863116 -8.184930 -2.612622
v 0.825460 -8.278507 -2.612622
v 0.863116 -8.184930 2.612622
v 0.825460 -8.278507 -2.612622
v 0.825460 -8.278507 2.612622
v 0.863116 -8.184930 2.612622
v 0.863116 -8.184930 2.612622
v 0.825460 -8.278507 2.612622
v 0.935533 -8.209950 2.797363
v 0.825460 -8.278507 2.612622
v 0.894918 -8.310883 2.797363
v 0.935533 -8.209950 2.797363
v 0.935533 -8.209950 2.797363
v 0.894918 -8.310883 2.797363
v 1.110364 -8.270351 2.873884
v 0.894918 -8.310883 2.797363
v 1.062602 -8.389042 2.873884
v 1.110364 -8.270351 2.873884
v 1.062602 -8.389042 -2.873884
v 1.004227 -8.498547 -2.873884
v 0.894918 -8.310883 -2.797362
v 1.004227 -8.498547 -2.873884
v 0.846104 -8.402451 -2.797362
v 0.894918 -8.310883 -2.797362
v 0.894918 -8.310883 -2.797362
v 0.846104 -8.402451 -2.797362
v 0.825460 -8.278507 -2.612622
v 0.846104 -8.402451 -2.797362
v 0.780607 -8.362645 -2.612622
v 0.825460 -8.278507 -2.612622
v 0.825460 -8.278507 -2.612622
v 0.780607 -8.362645 -2.612622
v 0.825460 -8.278507 2.612622
v 0.780607 -8.362645 -2.612622
v 0.780607 -8.362645 2.612622
v 0.825460 -8.278507 2.612622
v 0.825460 -8.278507 2.612622
v 0.780607 -8.362645 2.612622
v 0.894918 -8.310883 2.797363
v 0.780607 -8.362645 2.612622
v 0.846104 -8.402451 2.797363
v 0.894918 -8.310883 2.797363
v 0.894918 -8.310883 2.797363
v 0.846104 -8.402451 2.797363
v 1.062602 -8.389042 2.873884
v 0.846104 -8.402451 2.797363
v 1.004227 -8.498547 2.873884
v 1.062602 -8.389042 2.873884
v 1.004227 -8.498547 -2.873884
v 0.935237 -8.598869 -2.873884
v 0.846104 -8.402451 -2.797362
v 0.935237 -8.598869 -2.873884
v 0.789071 -8.485385 -2.797362
v 0.846104 -8.402451 -2.797362
v 0.846104 -8.402451 -2.797362
v 0.789071 -8.485385 -2.797362
v 0.780607 -8.362645 -2.612622
v 0.789071 -8.485385 -2.797362
v 0.728526 -8.438378 -2.612622
v 0.780607 -8.362645 -2.612622
v 0.780607 -8.362645 -2.612622
v 0.728526 -8.438378 -2.612622
v 0.780607 -8.362645 2.612622
v 0.728526 -8.438378 -2.612622
v 0.728526 -8.438378 2.612622
v 0.780607 -8.362645 2.612622
v 0.780607 -8.362645 2.612622
v 0.728526 -8.438378 2.612622
v 0.846104 -8.402451 2.797363
v 0.728526 -8.438378 2.612622
v 0.789071 -8.485385 2.797363
v 0.846104 -8.402451 2.797363
v 0.846104 -8.402451 2.797363
v 0.789071 -8.485385 2.797363
v 1.004227 -8.498547 2.873884
v 0.789071 -8.485385 2.797363
v 0.935237 -8.598869 2.873884
v 1.004227 -8.498547 2.873884
v 0.935237 -8.598869 -2.873884
v 0.855634 -8.690004 -2.873884
v 0.789071 -8.485385 -2.797362
v 0.855634 -8.690004 -2.873884
v 0.723476 -8.560482 -2.797362
v 0.789071 -8.485385 -2.797362
v 0.789071 -8.485385 -2.797362
v 0.723476 -8.560482 -2.797362
v 0.728526 -8.438378 -2.612622
v 0.723476 -8.560482 -2.797362
v 0.668735 -8.506833 -2.612622
v 0.728526 -8.438378 -2.612622
v 0.728526 -8.438378 -2.612622
v 0.668735 -8.506833 -2.612622
v 0.728526 -8.438378 2.612622
v 0.668735 -8.506833 -2.612622
v 0.668735 -8.506833 2.612622
v 0.728526 -8.438378 2.612622
v 0.728526 -8.438378 2.612622
v 0.668735 -8.506833 2.612622
v 0.789071 -8.485385 2.797363
v 0.668735 -8.506833 2.612622
v 0.723476 -8.560482 2.797363
v 0.789071 -8.485385 2.797363
v 0.789071 -8.485385 2.797363
v 0.723476 -8.560482 2.797363
v 0.935237 -8.598869 2.873884
v 0.723476 -8.560482 2.797363
v 0.855634 -8.690004 2.873884
v 0.935237 -8.598869 2.873884
v 0.855634 -8.690004 -2.873884
v 0.766437 -8.771138 -2.873884
v 0.723476 -8.560482 -2.797362
v 0.766437 -8.771138 -2.873884
v 0.649968 -8.627346 -2.797362
v 0.723476 -8.560482 -2.797362
v 0.723476 -8.560482 -2.797362
v 0.649968 -8.627346 -2.797362
v 0.668735 -8.506833 -2.612622
v 0.649968 -8.627346 -2.797362
v 0.601724 -8.567785 -2.612622
v 0.668735 -8.506833 -2.612622
v 0.668735 -8.506833 -2.612622
v 0.601724 -8.567785 -2.612622
v 0.668735 -8.506833 2.612622
v 0.601724 -8.567785 -2.612622
v 0.601724 -8.567785 2.612622
v 0.668735 -8.506833 2.612622
v 0.668735 -8.506833 2.612622
v 0.601724 -8.567785 2.612622
v 0.723476 -8.560482 2.797363
v 0.601724 -8.567785 2.612622
v 0.649968 -8.627346 2.797363
v 0.723476 -8.560482 2.797363
v 0.723476 -8.560482 2.797363
v 0.649968 -8.627346 2.797363
v 0.855634 -8.690004 2.873884
v 0.649968 -8.627346 2.797363
v 0.766437 -8.771138 2.873884
v 0.855634 -8.690004 2.873884
v 0.766437 -8.771138 -2.873884
v 0.668668 -8.841455 -2.873884
v 0.649968 -8.627346 -2.797362
v 0.668668 -8.841455 -2.873884
v 0.569314 -8.685353 -2.797362
v 0.649968 -8.627346 -2.797362
v 0.649968 -8.627346 -2.797362
v 0.569314 -8.685353 -2.797362
v 0.601724 -8.567785 -2.612622
v 0.569314 -8.685353 -2.797362
v 0.528160 -8.620694 -2.612622
v 0.601724 -8.567785 -2.612622
v 0.601724 -8.567785 -2.612622
v 0.528160 -8.620694 -2.612622
v 0.601724 -8.567785 2.612622
v 0.528160 -8.620694 -2.612622
v 0.528160 -8.620694 2.612622
v 0.601724 -8.567785 2.612622
v 0.601724 -8.567785 2.612622
v 0.528160 -8.620694 2.612622
v 0.649968 -8.627346 2.797363
v 0.528160 -8.620694 2.612622
v 0.569314 -8.685353 2.797363
v 0.649968 -8.627346 2.797363
v 0.649968 -8.627346 2.797363
v 0.569314 -8.685353 2.797363
v 0.766437 -8.771138 2.873884
v 0.569314 -8.685353 2.797363
v 0.668668 -8.841455 2.873884
v 0.766437 -8.771138 2.873884
v 0.668668 -8.841455 -2.873884
v 0.562326 -8.900953 -2.873884
v 0.569314 -8.685353 -2.797362
v 0.562326 -8.900953 -2.873884
v 0.480950 -8.734792 -2.797362
v 0.569314 -8.685353 -2.797362
v 0.569314 -8.685353 -2.797362
v 0.480950 -8.734792 -2.797362
v 0.528160 -8.620694 -2.612622
v 0.480950 -8.734792 -2.797362
v 0.447244 -8.665967 -2.612622
v 0.528160 -8.620694 -2.612622
v 0.528160 -8.620694 -2.612622
v 0.447244 -8.665967 -2.612622
v 0.528160 -8.620694 2.612622
v 0.447244 -8.665967 -2.612622
v 0.447244 -8.665967 2.612622
v 0.528160 -8.620694 2.612622
v 0.528160 -8.620694 2.612622
v 0.447244 -8.665967 2.612622
v 0.569314 -8.685353 2.797363
v 0.447244 -8.665967 2.612622
v 0.480950 -8.734792 2.797363
v 0.569314 -8.685353 2.797363
v 0.569314 -8.685353 2.797363
v 0.480950 -8.734792 2.797363
v 0.668668 -8.841455 2.873884
v 0.480950 -8.734792 2.797363
v 0.562326 -8.900953 2.873884
v 0.668668 -8.841455 2.873884
v 0.562326 -8.900953 -2.873884
v 0.447411 -8.949634 -2.873884
v 0.480950 -8.734792 -2.797362
v 0.447411 -8.949634 -2.873884
v 0.384135 -8.775806 -2.797362
v 0.480950 -8.734792 -2.797362
v 0.480950 -8.734792 -2.797362
v 0.384135 -8.775806 -2.797362
v 0.447244 -8.665967 -2.612622
v 0.384135 -8.775806 -2.797362
v 0.357925 -8.703804 -2.612622
v 0.447244 -8.665967 -2.612622
v 0.447244 -8.665967 -2.612622
v 0.357925 -8.703804 -2.612622
v 0.447244 -8.665967 2.612622
v 0.357925 -8.703804 -2.612622
v 0.357925 -8.703804 2.612622
v 0.447244 -8.665967 2.612622
v 0.447244 -8.665967 2.612622
v 0.357925 -8.703804 2.612622
v 0.480950 -8.734792 2.797363
v 0.357925 -8.703804 2.612622
v 0.384135 -8.775806 2.797363
v 0.480950 -8.734792 2.797363
v 0.480950 -8.734792 2.797363
v 0.384135 -8.775806 2.797363
v 0.562326 -8.900953 2.873884
v 0.384135 -8.775806 2.797363
v 0.447411 -8.949634 2.873884
v 0.562326 -8.900953 2.873884
v 0.447411 -8.949634 -2.873884
v 0.323924 -8.987496 -2.873884
v 0.384135 -8.775806 -2.797362
v 0.323924 -8.987496 -2.873884
v 0.278210 -8.808283 -2.797362
v 0.384135 -8.775806 -2.797362
v 0.384135 -8.775806 -2.797362
v 0.278210 -8.808283 -2.797362
v 0.357925 -8.703804 -2.612622
v 0.278210 -8.808283 -2.797362
v 0.259275 -8.734051 -2.612622
v 0.357925 -8.703804 -2.612622
v 0.357925 -8.703804 -2.612622
v 0.259275 -8.734051 -2.612622
v 0.357925 -8.703804 2.612622
v 0.259275 -8.734051 -2.612622
v 0.259275 -8.734051 2.612622
v 0.357925 -8.703804 2.612622
v 0.357925 -8.703804 2.612622
v 0.259275 -8.734051 2.612622
v 0.384135 -8.775806 2.797363
v 0.259275 -8.734051 2.612622
v 0.278210 -8.808283 2.797363
v 0.384135 -8.775806 2.797363
v 0.384135 -8.775806 2.797363
v 0.278210 -8.808283 2.797363
v 0.447411 -8.949634 2.873884
v 0.278210 -8.808283 2.797363
v 0.323924 -8.987496 2.873884
v 0.447411 -8.949634 2.873884
v 0.323924 -8.987496 -2.873884
v 0.191864 -9.014541 -2.873884
v 0.278210 -8.808283 -2.797362
v 0.191864 -9.014541 -2.873884
v 0.162689 -8.831942 -2.797362
v 0.278210 -8.808283 -2.797362
v 0.278210 -8.808283 -2.797362
v 0.162689 -8.831942 -2.797362
v 0.259275 -8.734051 -2.612622
v 0.162689 -8.831942 -2.797362
v 0.150604 -8.756306 -2.612622
v 0.259275 -8.734051 -2.612622
v 0.259275 -8.734051 -2.612622
v 0.150604 -8.756306 -2.612622
v 0.259275 -8.734051 2.612622
v 0.150604 -8.756306 -2.612622
v 0.150604 -8.756306 2.612622
v 0.259275 -8.734051 2.612622
v 0.259275 -8.734051 2.612622
v 0.150604 -8.756306 2.612622
v 0.278210 -8.808283 2.797363
v 0.150604 -8.756306 2.612622
v 0.162689 -8.831942 2.797363
v 0.278210 -8.808283 2.797363
v 0.278210 -8.808283 2.797363
v 0.162689 -8.831942 2.797363
v 0.323924 -8.987496 2.873884
v 0.162689 -8.831942 2.797363
v 0.191864 -9.014541 2.873884
v 0.323924 -8.987496 2.873884
v 0.191864 -9.014541 -2.873884
v 0.051231 -9.030768 -2.873884
v 0.162689 -8.831942 -2.797362
v 0.051231 -9.030768 -2.873884
v 0.037275 -8.846412 -2.797362
v 0.162689 -8.831942 -2.797362
v 0.162689 -8.831942 -2.797362
v 0.037275 -8.846412 -2.797362
v 0.150604 -8.756306 -2.612622
v 0.037275 -8.846412 -2.797362
v 0.031495 -8.770049 -2.612622
v 0.150604 -8.756306 -2.612622
v 0.150604 -8.756306 -2.612622
v 0.031495 -8.770049 -2.612622
v 0.150604 -8.756306 2.612622
v 0.031495 -8.770049 -2.612622
v 0.031495 -8.770049 2.612622
v 0.150604 -8.756306 2.612622
v 0.150604 -8.756306 2.612622
v 0.031495 -8.770049 2.612622
v 0.162689 -8.831942 2.797363
v 0.031495 -8.770049 2.612622
v 0.037275 -8.846412 2.797363
v 0.162689 -8.831942 2.797363
v 0.162689 -8.831942 2.797363
v 0.037275 -8.846412 2.797363
v 0.191864 -9.014541 2.873884
v 0.037275 -8.846412 2.797363
v 0.051231 -9.030768 2.873884
v 0.191864 -9.014541 2.873884
v 0.051231 -9.030768 -2.873884
v -0.097973 -9.036177 -2.873884
v 0.037275 -8.846412 -2.797362
v -0.097973 -9.036177 -2.873884
v -0.097906 -8.851312 -2.797362
v 0.037275 -8.846412 -2.797362
v 0.037275 -8.846412 -2.797362
v -0.097906 -8.851312 -2.797362
v 0.031495 -8.770049 -2.612622
v -0.097906 -8.851312 -2.797362
v -0.097878 -8.774739 -2.612622
v 0.031495 -8.770049 -2.612622
v 0.031495 -8.770049 -2.612622
v -0.097878 -8.774739 -2.612622
v 0.031495 -8.770049 2.612622
v -0.097878 -8.774739 -2.612622
v -0.097878 -8.774739 2.612622
v 0.031495 -8.770049 2.612622
v 0.031495 -8.770049 2.612622
v -0.097878 -8.774739 2.612622
v 0.037275 -8.846412 2.797363
v -0.097878 -8.774739 2.612622
v -0.097906 -8.851312 2.797363
v 0.037275 -8.846412 2.797363
v 0.037275 -8.846412 2.797363
v -0.097906 -8.851312 2.797363
v 0.051231 -9.030768 2.873884
v -0.097906 -8.851312 2.797363
v -0.097973 -9.036177 2.873884
v 0.051231 -9.030768 2.873884
vt 407.4140625 930.6640625
vt 407 919
vt 59 25
vt 59 25
vt 407 919
vt 407.4140625 907.1015625
vt 407.421875 427.3828125
vt 407 415
vt 59 25
vt 59 25
vt 407 415
vt 407.421875 402.625
vt 60.5625 14.0625
vt 59.390625 19.140625
vt 59 25
vt 65.25 6.25
vt 62.515625 9.765625
vt 60.5625 14.0625
vt 73.0625 1.5625
vt 68.765625 3.515625
vt 65.25 6.25
vt 84 0
vt 78.140625 0.390625
vt 73.0625 1.5625
vt 717.65625 0.265625
vt 712 0
vt 84 0
vt 728.40625 2.390625
vt 723.125 1.0625
vt 717.65625 0.265625
vt 738.40625 6.640625
vt 733.5 4.25
vt 728.40625 2.390625
vt 747.65625 13.015625
vt 743.125 9.5625
vt 738.40625 6.640625
vt 952 217
vt 752 17
vt 747.65625 13.015625
vt 959 225.5
vt 955.75 221.125
vt 952 217
vt 964 235
vt 961.75 230.125
vt 959 225.5
vt 967 245.5
vt 965.75 240.125
vt 964 235
vt 968 257
vt 967.75 251.125
vt 967 245.5
vt 967.9375 465.6640625
vt 968 463
vt 968 257
vt 967.4375 470.4765625
vt 967.75 468.15625
vt 967.9375 465.6640625
vt 966.4375 474.6015625
vt 967 472.625
vt 967.4375 470.4765625
vt 964.9375 478.0390625
vt 965.75 476.40625
vt 966.4375 474.6015625
vt 962.9375 480.9140625
vt 964 479.5
vt 964.9375 478.0390625
vt 960.4375 483.9765625
vt 961.75 482.40625
vt 962.9375 480.9140625
vt 957.4375 487.3515625
vt 959 485.625
vt 960.4375 483.9765625
vt 953.9375 491.0390625
vt 955.75 489.15625
vt 957.4375 487.3515625
vt 795 633
vt 952 493
vt 953.9375 491.0390625
vt 953.9375 838.96875
vt 952 837
vt 795 697
vt 957.4375 842.71875
vt 955.75 840.875
vt 953.9375 838.96875
vt 960.4375 846.21875
vt 959 844.5
vt 957.4375 842.71875
vt 962.9375 849.46875
vt 961.75 847.875
vt 960.4375 846.21875
vt 964.9375 852.5625
vt 964 851
vt 962.9375 849.46875
vt 966.4375 856.0625
vt 965.75 854.25
vt 964.9375 852.5625
vt 967.4375 860.0625
vt 967 858
vt 966.4375 856.0625
vt 967.9375 864.5625
vt 967.75 862.25
vt 967.4375 860.0625
vt 968 1077
vt 968 867
vt 967.9375 864.5625
vt 967 1088.125
vt 967.75 1082.65625
vt 968 1077
vt 964 1098.5
vt 965.75 1093.40625
vt 967 1088.125
vt 959 1108.125
vt 961.75 1103.40625
vt 964 1098.5
vt 952 1117
vt 955.75 1112.65625
vt 959 1108.125
vt 747.65625 1320.75
vt 752 1317
vt 952 1117
vt 738.40625 1326.75
vt 743.125 1324
vt 747.65625 1320.75
vt 728.40625 1330.75
vt 733.5 1329
vt 738.40625 1326.75
vt 717.65625 1332.75
vt 723.125 1332
vt 728.40625 1330.75
vt 84 1333
vt 712 1333
vt 717.65625 1332.75
vt 73.0625 1331.4375
vt 78.140625 1332.609375
vt 84 1333
vt 65.25 1326.75
vt 68.765625 1329.484375
vt 73.0625 1331.4375
vt 60.5625 1318.9375
vt 62.515625 1323.234375
vt 65.25 1326.75
vt 59 1308
vt 59.390625 1313.859375
vt 60.5625 1318.9375
vt 407.4140625 930.6640625
vt 59 25
vt 59 1308
vt 59 25
vt 407.4140625 907.1015625
vt 408.65625 895.90625
vt 408.6875 439.03125
vt 407.421875 427.3828125
vt 59 25
vt 59 25
vt 407.421875 402.625
vt 408.6875 391
vt 65.25 6.25
vt 60.5625 14.0625
vt 59 25
vt 84 0
vt 73.0625 1.5625
vt 65.25 6.25
vt 728.40625 2.390625
vt 717.65625 0.265625
vt 84 0
vt 747.65625 13.015625
vt 738.40625 6.640625
vt 728.40625 2.390625
vt 959 225.5
vt 952 217
vt 747.65625 13.015625
vt 967 245.5
vt 964 235
vt 959 225.5
vt 967.9375 465.6640625
vt 968 257
vt 967 245.5
vt 966.4375 474.6015625
vt 967.4375 470.4765625
vt 967.9375 465.6640625
vt 962.9375 480.9140625
vt 964.9375 478.0390625
vt 966.4375 474.6015625
vt 957.4375 487.3515625
vt 960.4375 483.9765625
vt 962.9375 480.9140625
vt 795 633
vt 953.9375 491.0390625
vt 957.4375 487.3515625
vt 957.4375 842.71875
vt 953.9375 838.96875
vt 795 697
vt 962.9375 849.46875
vt 960.4375 846.21875
vt 957.4375 842.71875
vt 966.4375 856.0625
vt 964.9375 852.5625
vt 962.9375 849.46875
vt 967.9375 864.5625
vt 967.4375 860.0625
vt 966.4375 856.0625
vt 967 1088.125
vt 968 1077
vt 967.9375 864.5625
vt 959 1108.125
vt 964 1098.5
vt 967 1088.125
vt 747.65625 1320.75
vt 952 1117
vt 959 1108.125
vt 728.40625 1330.75
vt 738.40625 1326.75
vt 747.65625 1320.75
vt 84 1333
vt 717.65625 1332.75
vt 728.40625 1330.75
vt 65.25 1326.75
vt 73.0625 1331.4375
vt 84 1333
vt 59 1308
vt 60.5625 1318.9375
vt 65.25 1326.75
vt 408.65625 941.65625
vt 407.4140625 930.6640625
vt 59 1308
vt 59 25
vt 408.65625 895.90625
vt 410.7265625 885.4140625
vt 410.796875 449.9453125
vt 408.6875 439.03125
vt 59 25
vt 59 25
vt 408.6875 391
vt 410.796875 380.125
vt 84 0
vt 65.25 6.25
vt 59 25
vt 747.65625 13.015625
vt 728.40625 2.390625
vt 84 0
vt 967 245.5
vt 959 225.5
vt 747.65625 13.015625
vt 966.4375 474.6015625
vt 967.9375 465.6640625
vt 967 245.5
vt 957.4375 487.3515625
vt 962.9375 480.9140625
vt 966.4375 474.6015625
vt 962.9375 849.46875
vt 957.4375 842.71875
vt 795 697
vt 967.9375 864.5625
vt 966.4375 856.0625
vt 962.9375 849.46875
vt 959 1108.125
vt 967 1088.125
vt 967.9375 864.5625
vt 728.40625 1330.75
vt 747.65625 1320.75
vt 959 1108.125
vt 65.25 1326.75
vt 84 1333
vt 728.40625 1330.75
vt 408.65625 941.65625
vt 59 1308
vt 65.25 1326.75
vt 59 25
vt 410.7265625 885.4140625
vt 413.625 875.625
vt 413.75 460.125
vt 410.796875 449.9453125
vt 59 25
vt 59 25
vt 410.796875 380.125
vt 413.75 370
vt 747.65625 13.015625
vt 84 0
vt 59 25
vt 966.4375 474.6015625
vt 967 245.5
vt 747.65625 13.015625
vt 795 633
vt 957.4375 487.3515625
vt 966.4375 474.6015625
vt 967.9375 864.5625
vt 962.9375 849.46875
vt 795 697
vt 728.40625 1330.75
vt 959 1108.125
vt 967.9375 864.5625
vt 410.7265625 951.9765625
vt 408.65625 941.65625
vt 65.25 1326.75
vt 59 25
vt 413.625 875.625
vt 417.3515625 866.5390625
vt 417.546875 469.5703125
vt 413.75 460.125
vt 59 25
vt 59 25
vt 413.75 370
vt 417.546875 360.625
vt 966.4375 474.6015625
vt 747.65625 13.015625
vt 59 25
vt 728.40625 1330.75
vt 967.9375 864.5625
vt 795 697
vt 413.625 961.625
vt 410.7265625 951.9765625
vt 65.25 1326.75
vt 59 25
vt 417.3515625 866.5390625
vt 421.90625 858.15625
vt 422.1875 478.28125
vt 417.546875 469.5703125
vt 59 25
vt 59 25
vt 417.546875 360.625
vt 422.1875 352
vt 728.40625 1330.75
vt 795 697
vt 779 668
vt 417.3515625 970.6015625
vt 413.625 961.625
vt 65.25 1326.75
vt 59 25
vt 421.90625 858.15625
vt 427.2890625 850.4765625
vt 427.671875 486.2578125
vt 422.1875 478.28125
vt 59 25
vt 59 25
vt 422.1875 352
vt 427.671875 344.125
vt 421.90625 978.90625
vt 417.3515625 970.6015625
vt 65.25 1326.75
vt 59 25
vt 427.2890625 850.4765625
vt 433.5 843.5
vt 59 25
vt 427.671875 344.125
vt 434 337
vt 427.2890625 986.5390625
vt 421.90625 978.90625
vt 65.25 1326.75
vt 59 25
vt 433.5 843.5
vt 440.4296875 837.2890625
vt 59 25
vt 434 337
vt 441.09375 330.671875
vt 427.2890625 986.5390625
vt 65.25 1326.75
vt 728.40625 1330.75
vt 59 25
vt 440.4296875 837.2890625
vt 447.96875 831.90625
vt 59 25
vt 441.09375 330.671875
vt 448.875 325.1875
vt 433.5 993.5
vt 427.2890625 986.5390625
vt 728.40625 1330.75
vt 59 25
vt 447.96875 831.90625
vt 456.1171875 827.3515625
vt 59 25
vt 448.875 325.1875
vt 457.34375 320.546875
vt 440.4296875 999.7109375
vt 433.5 993.5
vt 728.40625 1330.75
vt 59 25
vt 456.1171875 827.3515625
vt 464.875 823.625
vt 59 25
vt 457.34375 320.546875
vt 466.5 316.75
vt 447.96875 1005.09375
vt 440.4296875 999.7109375
vt 728.40625 1330.75
vt 59 25
vt 464.875 823.625
vt 474.2421875 820.7265625
vt 59 25
vt 466.5 316.75
vt 476.34375 313.796875
vt 456.1171875 1009.6484375
vt 447.96875 1005.09375
vt 728.40625 1330.75
vt 59 25
vt 474.2421875 820.7265625
vt 484.21875 818.65625
vt 59 25
vt 476.34375 313.796875
vt 486.875 311.6875
vt 464.875 1013.375
vt 456.1171875 1009.6484375
vt 728.40625 1330.75
vt 59 25
vt 484.21875 818.65625
vt 494.8046875 817.4140625
vt 59 25
vt 486.875 311.6875
vt 498.09375 310.421875
vt 474.2421875 1016.2734375
vt 464.875 1013.375
vt 728.40625 1330.75
vt 59 25
vt 494.8046875 817.4140625
vt 506 817
vt 59 25
vt 498.09375 310.421875
vt 510 310
vt 484.21875 1018.34375
vt 474.2421875 1016.2734375
vt 728.40625 1330.75
vt 59 25
vt 506 817
vt 517.421875 817.4140625
vt 59 25
vt 510 310
vt 521.90625 310.421875
vt 494.8046875 1019.5859375
vt 484.21875 1018.34375
vt 728.40625 1330.75
vt 59 25
vt 517.421875 817.4140625
vt 528.1875 818.65625
vt 59 25
vt 521.90625 310.421875
vt 533.125 311.6875
vt 506 1020
vt 494.8046875 1019.5859375
vt 728.40625 1330.75
vt 59 25
vt 528.1875 818.65625
vt 538.296875 820.7265625
vt 59 25
vt 533.125 311.6875
vt 543.65625 313.796875
vt 517.421875 1019.5859375
vt 506 1020
vt 728.40625 1330.75
vt 59 25
vt 538.296875 820.7265625
vt 547.75 823.625
vt 59 25
vt 543.65625 313.796875
vt 553.5 316.75
vt 528.1875 1018.34375
vt 517.421875 1019.5859375
vt 728.40625 1330.75
vt 59 25
vt 547.75 823.625
vt 556.546875 827.3515625
vt 59 25
vt 553.5 316.75
vt 562.65625 320.546875
vt 538.296875 1016.2734375
vt 528.1875 1018.34375
vt 728.40625 1330.75
vt 59 25
vt 556.546875 827.3515625
vt 564.6875 831.90625
vt 59 25
vt 562.65625 320.546875
vt 571.125 325.1875
vt 547.75 1013.375
vt 538.296875 1016.2734375
vt 728.40625 1330.75
vt 59 25
vt 564.6875 831.90625
vt 572.171875 837.2890625
vt 966.4375 474.6015625
vt 59 25
vt 571.125 325.1875
vt 556.546875 1009.6484375
vt 547.75 1013.375
vt 728.40625 1330.75
vt 59 25
vt 572.171875 837.2890625
vt 579 843.5
vt 966.4375 474.6015625
vt 571.125 325.1875
vt 578.90625 330.671875
vt 564.6875 1005.09375
vt 556.546875 1009.6484375
vt 728.40625 1330.75
vt 59 25
vt 579 843.5
vt 585.09375 850.4765625
vt 966.4375 474.6015625
vt 578.90625 330.671875
vt 586 337
vt 572.171875 999.7109375
vt 564.6875 1005.09375
vt 728.40625 1330.75
vt 59 25
vt 585.09375 850.4765625
vt 590.375 858.15625
vt 966.4375 474.6015625
vt 586 337
vt 592.328125 344.125
vt 579 993.5
vt 572.171875 999.7109375
vt 728.40625 1330.75
vt 427.671875 486.2578125
vt 59 25
vt 590.375 858.15625
vt 966.4375 474.6015625
vt 592.328125 344.125
vt 597.8125 352
vt 585.09375 986.5390625
vt 579 993.5
vt 728.40625 1330.75
vt 427.671875 486.2578125
vt 590.375 858.15625
vt 594.84375 866.5390625
vt 966.4375 474.6015625
vt 597.8125 352
vt 602.453125 360.625
vt 590.375 978.90625
vt 585.09375 986.5390625
vt 728.40625 1330.75
vt 434 493.5
vt 427.671875 486.2578125
vt 594.84375 866.5390625
vt 966.4375 474.6015625
vt 602.453125 360.625
vt 606.25 370
vt 590.375 978.90625
vt 728.40625 1330.75
vt 779 668
vt 441.09375 499.9453125
vt 434 493.5
vt 594.84375 866.5390625
vt 966.4375 474.6015625
vt 606.25 370
vt 609.203125 380.125
vt 590.375 978.90625
vt 779 668
vt 795 633
vt 448.875 505.53125
vt 441.09375 499.9453125
vt 594.84375 866.5390625
vt 966.4375 474.6015625
vt 609.203125 380.125
vt 611.3125 391
vt 594.84375 970.6015625
vt 590.375 978.90625
vt 795 633
vt 457.34375 510.2578125
vt 448.875 505.53125
vt 594.84375 866.5390625
vt 966.4375 474.6015625
vt 611.3125 391
vt 612.578125 402.625
vt 598.5 961.625
vt 594.84375 970.6015625
vt 795 633
vt 457.34375 510.2578125
vt 594.84375 866.5390625
vt 598.5 875.625
vt 966.4375 474.6015625
vt 612.578125 402.625
vt 613 415
vt 601.34375 951.9765625
vt 598.5 961.625
vt 795 633
vt 466.5 514.125
vt 457.34375 510.2578125
vt 598.5 875.625
vt 966.4375 474.6015625
vt 613 415
vt 612.578125 427.3828125
vt 603.375 941.65625
vt 601.34375 951.9765625
vt 795 633
vt 476.34375 517.1328125
vt 466.5 514.125
vt 598.5 875.625
vt 966.4375 474.6015625
vt 612.578125 427.3828125
vt 611.3125 439.03125
vt 604.59375 930.6640625
vt 603.375 941.65625
vt 795 633
vt 486.875 519.28125
vt 476.34375 517.1328125
vt 598.5 875.625
vt 966.4375 474.6015625
vt 611.3125 439.03125
vt 609.203125 449.9453125
vt 605 919
vt 604.59375 930.6640625
vt 795 633
vt 498.09375 520.5703125
vt 486.875 519.28125
vt 598.5 875.625
vt 966.4375 474.6015625
vt 609.203125 449.9453125
vt 606.25 460.125
vt 604.59375 907.1015625
vt 605 919
vt 795 633
vt 498.09375 520.5703125
vt 598.5 875.625
vt 601.34375 885.4140625
vt 966.4375 474.6015625
vt 606.25 460.125
vt 602.453125 469.5703125
vt 603.375 895.90625
vt 604.59375 907.1015625
vt 795 633
vt 510 521
vt 498.09375 520.5703125
vt 601.34375 885.4140625
vt 966.4375 474.6015625
vt 602.453125 469.5703125
vt 597.8125 478.28125
vt 601.34375 885.4140625
vt 603.375 895.90625
vt 795 633
vt 521.90625 520.5703125
vt 510 521
vt 601.34375 885.4140625
vt 966.4375 474.6015625
vt 597.8125 478.28125
vt 592.328125 486.2578125
vt 521.90625 520.5703125
vt 601.34375 885.4140625
vt 795 633
vt 966.4375 474.6015625
vt 592.328125 486.2578125
vt 586 493.5
vt 521.90625 520.5703125
vt 795 633
vt 966.4375 474.6015625
vt 966.4375 474.6015625
vt 586 493.5
vt 578.90625 499.9453125
vt 533.125 519.28125
vt 521.90625 520.5703125
vt 966.4375 474.6015625
vt 966.4375 474.6015625
vt 578.90625 499.9453125
vt 571.125 505.53125
vt 543.65625 517.1328125
vt 533.125 519.28125
vt 966.4375 474.6015625
vt 966.4375 474.6015625
vt 571.125 505.53125
vt 562.65625 510.2578125
vt 553.5 514.125
vt 543.65625 517.1328125
vt 966.4375 474.6015625
vt 966.4375 474.6015625
vt 562.65625 510.2578125
vt 553.5 514.125
vt 59 25
vt 407 919
vt 407.4140625 930.6640625
vt 407.4140625 907.1015625
vt 407 919
vt 59 25
vt 59 25
vt 407 415
vt 407.421875 427.3828125
vt 407.421875 402.625
vt 407 415
vt 59 25
vt 59 25
vt 59.390625 19.140625
vt 60.5625 14.0625
vt 60.5625 14.0625
vt 62.515625 9.765625
vt 65.25 6.25
vt 65.25 6.25
vt 68.765625 3.515625
vt 73.0625 1.5625
vt 73.0625 1.5625
vt 78.140625 0.390625
vt 84 0
vt 84 0
vt 712 0
vt 717.65625 0.265625
vt 717.65625 0.265625
vt 723.125 1.0625
vt 728.40625 2.390625
vt 728.40625 2.390625
vt 733.5 4.25
vt 738.40625 6.640625
vt 738.40625 6.640625
vt 743.125 9.5625
vt 747.65625 13.015625
vt 747.65625 13.015625
vt 752 17
vt 952 217
vt 952 217
vt 955.75 221.125
vt 959 225.5
vt 959 225.5
vt 961.75 230.125
vt 964 235
vt 964 235
vt 965.75 240.125
vt 967 245.5
vt 967 245.5
vt 967.75 251.125
vt 968 257
vt 968 257
vt 968 463
vt 967.9375 465.6640625
vt 967.9375 465.6640625
vt 967.75 468.15625
vt 967.4375 470.4765625
vt 967.4375 470.4765625
vt 967 472.625
vt 966.4375 474.6015625
vt 966.4375 474.6015625
vt 965.75 476.40625
vt 964.9375 478.0390625
vt 964.9375 478.0390625
vt 964 479.5
vt 962.9375 480.9140625
vt 962.9375 480.9140625
vt 961.75 482.40625
vt 960.4375 483.9765625
vt 960.4375 483.9765625
vt 959 485.625
vt 957.4375 487.3515625
vt 957.4375 487.3515625
vt 955.75 489.15625
vt 953.9375 491.0390625
vt 953.9375 491.0390625
vt 952 493
vt 795 633
vt 795 697
vt 952 837
vt 953.9375 838.96875
vt 953.9375 838.96875
vt 955.75 840.875
vt 957.4375 842.71875
vt 957.4375 842.71875
vt 959 844.5
vt 960.4375 846.21875
vt 960.4375 846.21875
vt 961.75 847.875
vt 962.9375 849.46875
vt 962.9375 849.46875
vt 964 851
vt 964.9375 852.5625
vt 964.9375 852.5625
vt 965.75 854.25
vt 966.4375 856.0625
vt 966.4375 856.0625
vt 967 858
vt 967.4375 860.0625
vt 967.4375 860.0625
vt 967.75 862.25
vt 967.9375 864.5625
vt 967.9375 864.5625
vt 968 867
vt 968 1077
vt 968 1077
vt 967.75 1082.65625
vt 967 1088.125
vt 967 1088.125
vt 965.75 1093.40625
vt 964 1098.5
vt 964 1098.5
vt 961.75 1103.40625
vt 959 1108.125
vt 959 1108.125
vt 955.75 1112.65625
vt 952 1117
vt 952 1117
vt 752 1317
vt 747.65625 1320.75
vt 747.65625 1320.75
vt 743.125 1324
vt 738.40625 1326.75
vt 738.40625 1326.75
vt 733.5 1329
vt 728.40625 1330.75
vt 728.40625 1330.75
vt 723.125 1332
vt 717.65625 1332.75
vt 717.65625 1332.75
vt 712 1333
vt 84 1333
vt 84 1333
vt 78.140625 1332.609375
vt 73.0625 1331.4375
vt 73.0625 1331.4375
vt 68.765625 1329.484375
vt 65.25 1326.75
vt 65.25 1326.75
vt 62.515625 1323.234375
vt 60.5625 1318.9375
vt 60.5625 1318.9375
vt 59.390625 1313.859375
vt 59 1308
vt 59 1308
vt 59 25
vt 407.4140625 930.6640625
vt 408.65625 895.90625
vt 407.4140625 907.1015625
vt 59 25
vt 59 25
vt 407.421875 427.3828125
vt 408.6875 439.03125
vt 408.6875 391
vt 407.421875 402.625
vt 59 25
vt 59 25
vt 60.5625 14.0625
vt 65.25 6.25
vt 65.25 6.25
vt 73.0625 1.5625
vt 84 0
vt 84 0
vt 717.65625 0.265625
vt 728.40625 2.390625
vt 728.40625 2.390625
vt 738.40625 6.640625
vt 747.65625 13.015625
vt 747.65625 13.015625
vt 952 217
vt 959 225.5
vt 959 225.5
vt 964 235
vt 967 245.5
vt 967 245.5
vt 968 257
vt 967.9375 465.6640625
vt 967.9375 465.6640625
vt 967.4375 470.4765625
vt 966.4375 474.6015625
vt 966.4375 474.6015625
vt 964.9375 478.0390625
vt 962.9375 480.9140625
vt 962.9375 480.9140625
vt 960.4375 483.9765625
vt 957.4375 487.3515625
vt 957.4375 487.3515625
vt 953.9375 491.0390625
vt 795 633
vt 795 697
vt 953.9375 838.96875
vt 957.4375 842.71875
vt 957.4375 842.71875
vt 960.4375 846.21875
vt 962.9375 849.46875
vt 962.9375 849.46875
vt 964.9375 852.5625
vt 966.4375 856.0625
vt 966.4375 856.0625
vt 967.4375 860.0625
vt 967.9375 864.5625
vt 967.9375 864.5625
vt 968 1077
vt 967 1088.125
vt 967 1088.125
vt 964 1098.5
vt 959 1108.125
vt 959 1108.125
vt 952 1117
vt 747.65625 1320.75
vt 747.65625 1320.75
vt 738.40625 1326.75
vt 728.40625 1330.75
vt 728.40625 1330.75
vt 717.65625 1332.75
vt 84 1333
vt 84 1333
vt 73.0625 1331.4375
vt 65.25 1326.75
vt 65.25 1326.75
vt 60.5625 1318.9375
vt 59 1308
vt 59 1308
vt 407.4140625 930.6640625
vt 408.65625 941.65625
vt 410.7265625 885.4140625
vt 408.65625 895.90625
vt 59 25
vt 59 25
vt 408.6875 439.03125
vt 410.796875 449.9453125
vt 410.796875 380.125
vt 408.6875 391
vt 59 25
vt 59 25
vt 65.25 6.25
vt 84 0
vt 84 0
vt 728.40625 2.390625
vt 747.65625 13.015625
vt 747.65625 13.015625
vt 959 225.5
vt 967 245.5
vt 967 245.5
vt 967.9375 465.6640625
vt 966.4375 474.6015625
vt 966.4375 474.6015625
vt 962.9375 480.9140625
vt 957.4375 487.3515625
vt 795 697
vt 957.4375 842.71875
vt 962.9375 849.46875
vt 962.9375 849.46875
vt 966.4375 856.0625
vt 967.9375 864.5625
vt 967.9375 864.5625
vt 967 1088.125
vt 959 1108.125
vt 959 1108.125
vt 747.65625 1320.75
vt 728.40625 1330.75
vt 728.40625 1330.75
vt 84 1333
vt 65.25 1326.75
vt 65.25 1326.75
vt 59 1308
vt 408.65625 941.65625
vt 413.625 875.625
vt 410.7265625 885.4140625
vt 59 25
vt 59 25
vt 410.796875 449.9453125
vt 413.75 460.125
vt 413.75 370
vt 410.796875 380.125
vt 59 25
vt 59 25
vt 84 0
vt 747.65625 13.015625
vt 747.65625 13.015625
vt 967 245.5
vt 966.4375 474.6015625
vt 966.4375 474.6015625
vt 957.4375 487.3515625
vt 795 633
vt 795 697
vt 962.9375 849.46875
vt 967.9375 864.5625
vt 967.9375 864.5625
vt 959 1108.125
vt 728.40625 1330.75
vt 65.25 1326.75
vt 408.65625 941.65625
vt 410.7265625 951.9765625
vt 417.3515625 866.5390625
vt 413.625 875.625
vt 59 25
vt 59 25
vt 413.75 460.125
vt 417.546875 469.5703125
vt 417.546875 360.625
vt 413.75 370
vt 59 25
vt 59 25
vt 747.65625 13.015625
vt 966.4375 474.6015625
vt 795 697
vt 967.9375 864.5625
vt 728.40625 1330.75
vt 65.25 1326.75
vt 410.7265625 951.9765625
vt 413.625 961.625
vt 421.90625 858.15625
vt 417.3515625 866.5390625
vt 59 25
vt 59 25
vt 417.546875 469.5703125
vt 422.1875 478.28125
vt 422.1875 352
vt 417.546875 360.625
vt 59 25
vt 779 668
vt 795 697
vt 728.40625 1330.75
vt 65.25 1326.75
vt 413.625 961.625
vt 417.3515625 970.6015625
vt 427.2890625 850.4765625
vt 421.90625 858.15625
vt 59 25
vt 59 25
vt 422.1875 478.28125
vt 427.671875 486.2578125
vt 427.671875 344.125
vt 422.1875 352
vt 59 25
vt 65.25 1326.75
vt 417.3515625 970.6015625
vt 421.90625 978.90625
vt 433.5 843.5
vt 427.2890625 850.4765625
vt 59 25
vt 434 337
vt 427.671875 344.125
vt 59 25
vt 65.25 1326.75
vt 421.90625 978.90625
vt 427.2890625 986.5390625
vt 440.4296875 837.2890625
vt 433.5 843.5
vt 59 25
vt 441.09375 330.671875
vt 434 337
vt 59 25
vt 728.40625 1330.75
vt 65.25 1326.75
vt 427.2890625 986.5390625
vt 447.96875 831.90625
vt 440.4296875 837.2890625
vt 59 25
vt 448.875 325.1875
vt 441.09375 330.671875
vt 59 25
vt 728.40625 1330.75
vt 427.2890625 986.5390625
vt 433.5 993.5
vt 456.1171875 827.3515625
vt 447.96875 831.90625
vt 59 25
vt 457.34375 320.546875
vt 448.875 325.1875
vt 59 25
vt 728.40625 1330.75
vt 433.5 993.5
vt 440.4296875 999.7109375
vt 464.875 823.625
vt 456.1171875 827.3515625
vt 59 25
vt 466.5 316.75
vt 457.34375 320.546875
vt 59 25
vt 728.40625 1330.75
vt 440.4296875 999.7109375
vt 447.96875 1005.09375
vt 474.2421875 820.7265625
vt 464.875 823.625
vt 59 25
vt 476.34375 313.796875
vt 466.5 316.75
vt 59 25
vt 728.40625 1330.75
vt 447.96875 1005.09375
vt 456.1171875 1009.6484375
vt 484.21875 818.65625
vt 474.2421875 820.7265625
vt 59 25
vt 486.875 311.6875
vt 476.34375 313.796875
vt 59 25
vt 728.40625 1330.75
vt 456.1171875 1009.6484375
vt 464.875 1013.375
vt 494.8046875 817.4140625
vt 484.21875 818.65625
vt 59 25
vt 498.09375 310.421875
vt 486.875 311.6875
vt 59 25
vt 728.40625 1330.75
vt 464.875 1013.375
vt 474.2421875 1016.2734375
vt 506 817
vt 494.8046875 817.4140625
vt 59 25
vt 510 310
vt 498.09375 310.421875
vt 59 25
vt 728.40625 1330.75
vt 474.2421875 1016.2734375
vt 484.21875 1018.34375
vt 517.421875 817.4140625
vt 506 817
vt 59 25
vt 521.90625 310.421875
vt 510 310
vt 59 25
vt 728.40625 1330.75
vt 484.21875 1018.34375
vt 494.8046875 1019.5859375
vt 528.1875 818.65625
vt 517.421875 817.4140625
vt 59 25
vt 533.125 311.6875
vt 521.90625 310.421875
vt 59 25
vt 728.40625 1330.75
vt 494.8046875 1019.5859375
vt 506 1020
vt 538.296875 820.7265625
vt 528.1875 818.65625
vt 59 25
vt 543.65625 313.796875
vt 533.125 311.6875
vt 59 25
vt 728.40625 1330.75
vt 506 1020
vt 517.421875 1019.5859375
vt 547.75 823.625
vt 538.296875 820.7265625
vt 59 25
vt 553.5 316.75
vt 543.65625 313.796875
vt 59 25
vt 728.40625 1330.75
vt 517.421875 1019.5859375
vt 528.1875 1018.34375
vt 556.546875 827.3515625
vt 547.75 823.625
vt 59 25
vt 562.65625 320.546875
vt 553.5 316.75
vt 59 25
vt 728.40625 1330.75
vt 528.1875 1018.34375
vt 538.296875 1016.2734375
vt 564.6875 831.90625
vt 556.546875 827.3515625
vt 59 25
vt 571.125 325.1875
vt 562.65625 320.546875
vt 59 25
vt 728.40625 1330.75
vt 538.296875 1016.2734375
vt 547.75 1013.375
vt 572.171875 837.2890625
vt 564.6875 831.90625
vt 59 25
vt 571.125 325.1875
vt 59 25
vt 966.4375 474.6015625
vt 728.40625 1330.75
vt 547.75 1013.375
vt 556.546875 1009.6484375
vt 579 843.5
vt 572.171875 837.2890625
vt 59 25
vt 578.90625 330.671875
vt 571.125 325.1875
vt 966.4375 474.6015625
vt 728.40625 1330.75
vt 556.546875 1009.6484375
vt 564.6875 1005.09375
vt 585.09375 850.4765625
vt 579 843.5
vt 59 25
vt 586 337
vt 578.90625 330.671875
vt 966.4375 474.6015625
vt 728.40625 1330.75
vt 564.6875 1005.09375
vt 572.171875 999.7109375
vt 590.375 858.15625
vt 585.09375 850.4765625
vt 59 25
vt 592.328125 344.125
vt 586 337
vt 966.4375 474.6015625
vt 728.40625 1330.75
vt 572.171875 999.7109375
vt 579 993.5
vt 590.375 858.15625
vt 59 25
vt 427.671875 486.2578125
vt 597.8125 352
vt 592.328125 344.125
vt 966.4375 474.6015625
vt 728.40625 1330.75
vt 579 993.5
vt 585.09375 986.5390625
vt 594.84375 866.5390625
vt 590.375 858.15625
vt 427.671875 486.2578125
vt 602.453125 360.625
vt 597.8125 352
vt 966.4375 474.6015625
vt 728.40625 1330.75
vt 585.09375 986.5390625
vt 590.375 978.90625
vt 594.84375 866.5390625
vt 427.671875 486.2578125
vt 434 493.5
vt 606.25 370
vt 602.453125 360.625
vt 966.4375 474.6015625
vt 779 668
vt 728.40625 1330.75
vt 590.375 978.90625
vt 594.84375 866.5390625
vt 434 493.5
vt 441.09375 499.9453125
vt 609.203125 380.125
vt 606.25 370
vt 966.4375 474.6015625
vt 795 633
vt 779 668
vt 590.375 978.90625
vt 594.84375 866.5390625
vt 441.09375 499.9453125
vt 448.875 505.53125
vt 611.3125 391
vt 609.203125 380.125
vt 966.4375 474.6015625
vt 795 633
vt 590.375 978.90625
vt 594.84375 970.6015625
vt 594.84375 866.5390625
vt 448.875 505.53125
vt 457.34375 510.2578125
vt 612.578125 402.625
vt 611.3125 391
vt 966.4375 474.6015625
vt 795 633
vt 594.84375 970.6015625
vt 598.5 961.625
vt 598.5 875.625
vt 594.84375 866.5390625
vt 457.34375 510.2578125
vt 613 415
vt 612.578125 402.625
vt 966.4375 474.6015625
vt 795 633
vt 598.5 961.625
vt 601.34375 951.9765625
vt 598.5 875.625
vt 457.34375 510.2578125
vt 466.5 514.125
vt 612.578125 427.3828125
vt 613 415
vt 966.4375 474.6015625
vt 795 633
vt 601.34375 951.9765625
vt 603.375 941.65625
vt 598.5 875.625
vt 466.5 514.125
vt 476.34375 517.1328125
vt 611.3125 439.03125
vt 612.578125 427.3828125
vt 966.4375 474.6015625
vt 795 633
vt 603.375 941.65625
vt 604.59375 930.6640625
vt 598.5 875.625
vt 476.34375 517.1328125
vt 486.875 519.28125
vt 609.203125 449.9453125
vt 611.3125 439.03125
vt 966.4375 474.6015625
vt 795 633
vt 604.59375 930.6640625
vt 605 919
vt 598.5 875.625
vt 486.875 519.28125
vt 498.09375 520.5703125
vt 606.25 460.125
vt 609.203125 449.9453125
vt 966.4375 474.6015625
vt 795 633
vt 605 919
vt 604.59375 907.1015625
vt 601.34375 885.4140625
vt 598.5 875.625
vt 498.09375 520.5703125
vt 602.453125 469.5703125
vt 606.25 460.125
vt 966.4375 474.6015625
vt 795 633
vt 604.59375 907.1015625
vt 603.375 895.90625
vt 601.34375 885.4140625
vt 498.09375 520.5703125
vt 510 521
vt 597.8125 478.28125
vt 602.453125 469.5703125
vt 966.4375 474.6015625
vt 795 633
vt 603.375 895.90625
vt 601.34375 885.4140625
vt 601.34375 885.4140625
vt 510 521
vt 521.90625 520.5703125
vt 592.328125 486.2578125
vt 597.8125 478.28125
vt 966.4375 474.6015625
vt 795 633
vt 601.34375 885.4140625
vt 521.90625 520.5703125
vt 586 493.5
vt 592.328125 486.2578125
vt 966.4375 474.6015625
vt 966.4375 474.6015625
vt 795 633
vt 521.90625 520.5703125
vt 578.90625 499.9453125
vt 586 493.5
vt 966.4375 474.6015625
vt 966.4375 474.6015625
vt 521.90625 520.5703125
vt 533.125 519.28125
vt 571.125 505.53125
vt 578.90625 499.9453125
vt 966.4375 474.6015625
vt 966.4375 474.6015625
vt 533.125 519.28125
vt 543.65625 517.1328125
vt 562.65625 510.2578125
vt 571.125 505.53125
vt 966.4375 474.6015625
vt 966.4375 474.6015625
vt 543.65625 517.1328125
vt 553.5 514.125
vt 553.5 514.125
vt 562.65625 510.2578125
vt 966.4375 474.6015625
vt 712 21
vt 717.65625 21
vt 712.3319091796875 15.142135620117188
vt 717.65625 21
vt 719.0108032226562 15.142135620117188
vt 712.3319091796875 15.142135620117188
vt 712.3319091796875 15.142135620117188
vt 719.0108032226562 15.142135620117188
vt 712.4693603515625 1
vt 719.0108032226562 15.142135620117188
vt 719.5718383789062 1
vt 712.4693603515625 1
vt 712.4693603515625 1
vt 719.5718383789062 1
vt 712.4693603515625 -399
vt 719.5718383789062 1
vt 719.5718383789062 -399
vt 712.4693603515625 -399
vt 712.4693603515625 -399
vt 719.5718383789062 -399
vt 712.3319091796875 -413.14215087890625
vt 719.5718383789062 -399
vt 719.0108032226562 -413.14215087890625
vt 712.3319091796875 -413.14215087890625
vt 712.3319091796875 -413.14215087890625
vt 719.0108032226562 -413.14215087890625
vt 712 -419
vt 719.0108032226562 -413.14215087890625
vt 717.65625 -419
vt 712 -419
vt 717.65625 21
vt 723.125 21
vt 719.0108032226562 15.142135620117188
vt 723.125 21
vt 725.876220703125 15.142135620117188
vt 719.0108032226562 15.142135620117188
vt 719.0108032226562 15.142135620117188
vt 725.876220703125 15.142135620117188
vt 719.5718383789062 1
vt 725.876220703125 15.142135620117188
vt 727.0158081054688 1
vt 719.5718383789062 1
vt 719.5718383789062 1
vt 727.0158081054688 1
vt 719.5718383789062 -399
vt 727.0158081054688 1
vt 727.0158081054688 -399
vt 719.5718383789062 -399
vt 719.5718383789062 -399
vt 727.0158081054688 -399
vt 719.0108032226562 -413.14215087890625
vt 727.0158081054688 -399
vt 725.876220703125 -413.14215087890625
vt 719.0108032226562 -413.14215087890625
vt 719.0108032226562 -413.14215087890625
vt 725.876220703125 -413.14215087890625
vt 717.65625 -419
vt 725.876220703125 -413.14215087890625
vt 723.125 -419
vt 717.65625 -419
vt 723.125 21
vt 728.40625 21
vt 725.876220703125 15.142135620117188
vt 728.40625 21
vt 732.5665893554688 15.142135620117188
vt 725.876220703125 15.142135620117188
vt 725.876220703125 15.142135620117188
vt 732.5665893554688 15.142135620117188
vt 727.0158081054688 1
vt 732.5665893554688 15.142135620117188
vt 734.2898559570312 1
vt 727.0158081054688 1
vt 727.0158081054688 1
vt 734.2898559570312 1
vt 727.0158081054688 -399
vt 734.2898559570312 1
vt 734.2898559570312 -399
vt 727.0158081054688 -399
vt 727.0158081054688 -399
vt 734.2898559570312 -399
vt 725.876220703125 -413.14215087890625
vt 734.2898559570312 -399
vt 732.5665893554688 -413.14215087890625
vt 725.876220703125 -413.14215087890625
vt 725.876220703125 -413.14215087890625
vt 732.5665893554688 -413.14215087890625
vt 723.125 -419
vt 732.5665893554688 -413.14215087890625
vt 728.40625 -419
vt 723.125 -419
vt 728.40625 21
vt 733.5 21
vt 732.5665893554688 15.142135620117188
vt 733.5 21
vt 739.0368041992188 15.142135620117188
vt 732.5665893554688 15.142135620117188
vt 732.5665893554688 15.142135620117188
vt 739.0368041992188 15.142135620117188
vt 734.2898559570312 1
vt 739.0368041992188 15.142135620117188
vt 741.3302001953125 1
vt 734.2898559570312 1
vt 734.2898559570312 1
vt 741.3302001953125 1
vt 734.2898559570312 -399
vt 741.3302001953125 1
vt 741.3302001953125 -399
vt 734.2898559570312 -399
vt 734.2898559570312 -399
vt 741.3302001953125 -399
vt 732.5665893554688 -413.14215087890625
vt 741.3302001953125 -399
vt 739.0368041992188 -413.14215087890625
vt 732.5665893554688 -413.14215087890625
vt 732.5665893554688 -413.14215087890625
vt 739.0368041992188 -413.14215087890625
vt 728.40625 -419
vt 739.0368041992188 -413.14215087890625
vt 733.5 -419
vt 728.40625 -419
vt 733.5 21
vt 738.40625 21
vt 739.0368041992188 15.142135620117188
vt 738.40625 21
vt 745.2435913085938 15.142135620117188
vt 739.0368041992188 15.142135620117188
vt 739.0368041992188 15.142135620117188
vt 745.2435913085938 15.142135620117188
vt 741.3302001953125 1
vt 745.2435913085938 15.142135620117188
vt 748.07568359375 1
vt 741.3302001953125 1
vt 741.3302001953125 1
vt 748.07568359375 1
vt 741.3302001953125 -399
vt 748.07568359375 1
vt 748.07568359375 -399
vt 741.3302001953125 -399
vt 741.3302001953125 -399
vt 748.07568359375 -399
vt 739.0368041992188 -413.14215087890625
vt 748.07568359375 -399
vt 745.2435913085938 -413.14215087890625
vt 739.0368041992188 -413.14215087890625
vt 739.0368041992188 -413.14215087890625
vt 745.2435913085938 -413.14215087890625
vt 733.5 -419
vt 745.2435913085938 -413.14215087890625
vt 738.40625 -419
vt 733.5 -419
vt 738.40625 21
vt 743.125 21
vt 745.2435913085938 15.142135620117188
vt 743.125 21
vt 751.1522827148438 15.142135620117188
vt 745.2435913085938 15.142135620117188
vt 745.2435913085938 15.142135620117188
vt 751.1522827148438 15.142135620117188
vt 748.07568359375 1
vt 751.1522827148438 15.142135620117188
vt 754.477294921875 1
vt 748.07568359375 1
vt 748.07568359375 1
vt 754.477294921875 1
vt 748.07568359375 -399
vt 754.477294921875 1
vt 754.477294921875 -399
vt 748.07568359375 -399
vt 748.07568359375 -399
vt 754.477294921875 -399
vt 745.2435913085938 -413.14215087890625
vt 754.477294921875 -399
vt 751.1522827148438 -413.14215087890625
vt 745.2435913085938 -413.14215087890625
vt 745.2435913085938 -413.14215087890625
vt 751.1522827148438 -413.14215087890625
vt 738.40625 -419
vt 751.1522827148438 -413.14215087890625
vt 743.125 -419
vt 738.40625 -419
vt 743.125 21
vt 747.65625 21
vt 751.1522827148438 15.142135620117188
vt 747.65625 21
vt 756.7408447265625 15.142135620117188
vt 751.1522827148438 15.142135620117188
vt 751.1522827148438 15.142135620117188
vt 756.7408447265625 15.142135620117188
vt 754.477294921875 1
vt 756.7408447265625 15.142135620117188
vt 760.5037841796875 1
vt 754.477294921875 1
vt 754.477294921875 1
vt 760.5037841796875 1
vt 754.477294921875 -399
vt 760.5037841796875 1
vt 760.5037841796875 -399
vt 754.477294921875 -399
vt 754.477294921875 -399
vt 760.5037841796875 -399
vt 751.1522827148438 -413.14215087890625
vt 760.5037841796875 -399
vt 756.7408447265625 -413.14215087890625
vt 751.1522827148438 -413.14215087890625
vt 751.1522827148438 -413.14215087890625
vt 756.7408447265625 -413.14215087890625
vt 743.125 -419
vt 756.7408447265625 -413.14215087890625
vt 747.65625 -419
vt 743.125 -419
vt 747.65625 21
vt 752 21
vt 756.7408447265625 15.142135620117188
vt 752 21
vt 761.7843627929688 15.142135620117188
vt 756.7408447265625 15.142135620117188
vt 756.7408447265625 15.142135620117188
vt 761.7843627929688 15.142135620117188
vt 760.5037841796875 1
vt 761.7843627929688 15.142135620117188
vt 765.837158203125 1
vt 760.5037841796875 1
vt 760.5037841796875 1
vt 765.837158203125 1
vt 760.5037841796875 -399
vt 765.837158203125 1
vt 765.837158203125 -399
vt 760.5037841796875 -399
vt 760.5037841796875 -399
vt 765.837158203125 -399
vt 756.7408447265625 -413.14215087890625
vt 765.837158203125 -399
vt 761.7843627929688 -413.14215087890625
vt 756.7408447265625 -413.14215087890625
vt 756.7408447265625 -413.14215087890625
vt 761.7843627929688 -413.14215087890625
vt 747.65625 -419
vt 761.7843627929688 -413.14215087890625
vt 752 -419
vt 747.65625 -419
vt 17 21
vt 217 21
vt 6.7843403816223145 15.142135620117188
vt 217 21
vt 207.2379608154297 15.142135620117188
vt 6.7843403816223145 15.142135620117188
vt 761.7843627929688 15.142135620117188
vt 962.2379760742188 15.142135620117188
vt 765.837158203125 1
vt 962.2379760742188 15.142135620117188
vt 966.4786376953125 1
vt 765.837158203125 1
vt 765.837158203125 1
vt 966.4786376953125 1
vt 765.837158203125 -399
vt 966.4786376953125 1
vt 966.4786376953125 -399
vt 765.837158203125 -399
vt 765.837158203125 -399
vt 966.4786376953125 -399
vt 761.7843627929688 -413.14215087890625
vt 966.4786376953125 -399
vt 962.2379760742188 -413.14215087890625
vt 761.7843627929688 -413.14215087890625
vt 761.7843627929688 -413.14215087890625
vt 962.2379760742188 -413.14215087890625
vt 752 -419
vt 962.2379760742188 -413.14215087890625
vt 952 -419
vt 752 -419
vt 217 21
vt 221.125 21
vt 207.2379608154297 15.142135620117188
vt 221.125 21
vt 212.12985229492188 15.142135620117188
vt 207.2379608154297 15.142135620117188
vt 207.2379608154297 15.142135620117188
vt 212.12985229492188 15.142135620117188
vt 203.19439697265625 1
vt 212.12985229492188 15.142135620117188
vt 208.40394592285156 1
vt 203.19439697265625 1
vt 203.19439697265625 1
vt 208.40394592285156 1
vt 203.19439697265625 -399
vt 208.40394592285156 1
vt 208.40394592285156 -399
vt 203.19439697265625 -399
vt 203.19439697265625 -399
vt 208.40394592285156 -399
vt 207.2379608154297 -413.14215087890625
vt 208.40394592285156 -399
vt 212.12985229492188 -413.14215087890625
vt 207.2379608154297 -413.14215087890625
vt 207.2379608154297 -413.14215087890625
vt 212.12985229492188 -413.14215087890625
vt 217 -419
vt 212.12985229492188 -413.14215087890625
vt 221.125 -419
vt 217 -419
vt 221.125 21
vt 225.5 21
vt 212.12985229492188 15.142135620117188
vt 225.5 21
vt 217.64891052246094 15.142135620117188
vt 212.12985229492188 15.142135620117188
vt 212.12985229492188 15.142135620117188
vt 217.64891052246094 15.142135620117188
vt 208.40394592285156 1
vt 217.64891052246094 15.142135620117188
vt 214.39688110351562 1
vt 208.40394592285156 1
vt 208.40394592285156 1
vt 214.39688110351562 1
vt 208.40394592285156 -399
vt 214.39688110351562 1
vt 214.39688110351562 -399
vt 208.40394592285156 -399
vt 208.40394592285156 -399
vt 214.39688110351562 -399
vt 212.12985229492188 -413.14215087890625
vt 214.39688110351562 -399
vt 217.64891052246094 -413.14215087890625
vt 212.12985229492188 -413.14215087890625
vt 212.12985229492188 -413.14215087890625
vt 217.64891052246094 -413.14215087890625
vt 221.125 -419
vt 217.64891052246094 -413.14215087890625
vt 225.5 -419
vt 221.125 -419
vt 225.5 21
vt 230.125 21
vt 217.64891052246094 15.142135620117188
vt 230.125 21
vt 223.53013610839844 15.142135620117188
vt 217.64891052246094 15.142135620117188
vt 217.64891052246094 15.142135620117188
vt 223.53013610839844 15.142135620117188
vt 214.39688110351562 1
vt 223.53013610839844 15.142135620117188
vt 220.7984619140625 1
vt 214.39688110351562 1
vt 214.39688110351562 1
vt 220.7984619140625 1
vt 214.39688110351562 -399
vt 220.7984619140625 1
vt 220.7984619140625 -399
vt 214.39688110351562 -399
vt 214.39688110351562 -399
vt 220.7984619140625 -399
vt 217.64891052246094 -413.14215087890625
vt 220.7984619140625 -399
vt 223.53013610839844 -413.14215087890625
vt 217.64891052246094 -413.14215087890625
vt 217.64891052246094 -413.14215087890625
vt 223.53013610839844 -413.14215087890625
vt 225.5 -419
vt 223.53013610839844 -413.14215087890625
vt 230.125 -419
vt 225.5 -419
vt 230.125 21
vt 235 21
vt 223.53013610839844 15.142135620117188
vt 235 21
vt 229.73779296875 15.142135620117188
vt 223.53013610839844 15.142135620117188
vt 223.53013610839844 15.142135620117188
vt 229.73779296875 15.142135620117188
vt 220.7984619140625 1
vt 229.73779296875 15.142135620117188
vt 227.55812072753906 1
vt 220.7984619140625 1
vt 220.7984619140625 1
vt 227.55812072753906 1
vt 220.7984619140625 -399
vt 227.55812072753906 1
vt 227.55812072753906 -399
vt 220.7984619140625 -399
vt 220.7984619140625 -399
vt 227.55812072753906 -399
vt 223.53013610839844 -413.14215087890625
vt 227.55812072753906 -399
vt 229.73779296875 -413.14215087890625
vt 223.53013610839844 -413.14215087890625
vt 223.53013610839844 -413.14215087890625
vt 229.73779296875 -413.14215087890625
vt 230.125 -419
vt 229.73779296875 -413.14215087890625
vt 235 -419
vt 230.125 -419
vt 235 21
vt 240.125 21
vt 229.73779296875 15.142135620117188
vt 240.125 21
vt 236.22850036621094 15.142135620117188
vt 229.73779296875 15.142135620117188
vt 229.73779296875 15.142135620117188
vt 236.22850036621094 15.142135620117188
vt 227.55812072753906 1
vt 236.22850036621094 15.142135620117188
vt 234.614501953125 1
vt 227.55812072753906 1
vt 227.55812072753906 1
vt 234.614501953125 1
vt 227.55812072753906 -399
vt 234.614501953125 1
vt 234.614501953125 -399
vt 227.55812072753906 -399
vt 227.55812072753906 -399
vt 234.614501953125 -399
vt 229.73779296875 -413.14215087890625
vt 234.614501953125 -399
vt 236.22850036621094 -413.14215087890625
vt 229.73779296875 -413.14215087890625
vt 229.73779296875 -413.14215087890625
vt 236.22850036621094 -413.14215087890625
vt 235 -419
vt 236.22850036621094 -413.14215087890625
vt 240.125 -419
vt 235 -419
vt 240.125 21
vt 245.5 21
vt 236.22850036621094 15.142135620117188
vt 245.5 21
vt 242.95791625976562 15.142135620117188
vt 236.22850036621094 15.142135620117188
vt 236.22850036621094 15.142135620117188
vt 242.95791625976562 15.142135620117188
vt 234.614501953125 1
vt 242.95791625976562 15.142135620117188
vt 241.90496826171875 1
vt 234.614501953125 1
vt 234.614501953125 1
vt 241.90496826171875 1
vt 234.614501953125 -399
vt 241.90496826171875 1
vt 241.90496826171875 -399
vt 234.614501953125 -399
vt 234.614501953125 -399
vt 241.90496826171875 -399
vt 236.22850036621094 -413.14215087890625
vt 241.90496826171875 -399
vt 242.95791625976562 -413.14215087890625
vt 236.22850036621094 -413.14215087890625
vt 236.22850036621094 -413.14215087890625
vt 242.95791625976562 -413.14215087890625
vt 240.125 -419
vt 242.95791625976562 -413.14215087890625
vt 245.5 -419
vt 240.125 -419
vt 245.5 21
vt 251.125 21
vt 242.95791625976562 15.142135620117188
vt 251.125 21
vt 249.8873291015625 15.142135620117188
vt 242.95791625976562 15.142135620117188
vt 242.95791625976562 15.142135620117188
vt 249.8873291015625 15.142135620117188
vt 241.90496826171875 1
vt 249.8873291015625 15.142135620117188
vt 249.37466430664062 1
vt 241.90496826171875 1
vt 241.90496826171875 1
vt 249.37466430664062 1
vt 241.90496826171875 -399
vt 249.37466430664062 1
vt 249.37466430664062 -399
vt 241.90496826171875 -399
vt 241.90496826171875 -399
vt 249.37466430664062 -399
vt 242.95791625976562 -413.14215087890625
vt 249.37466430664062 -399
vt 249.8873291015625 -413.14215087890625
vt 242.95791625976562 -413.14215087890625
vt 242.95791625976562 -413.14215087890625
vt 249.8873291015625 -413.14215087890625
vt 245.5 -419
vt 249.8873291015625 -413.14215087890625
vt 251.125 -419
vt 245.5 -419
vt 251.125 21
vt 257 21
vt 249.8873291015625 15.142135620117188
vt 257 21
vt 256.6992492675781 15.142135620117188
vt 249.8873291015625 15.142135620117188
vt 249.8873291015625 15.142135620117188
vt 256.6992492675781 15.142135620117188
vt 249.37466430664062 1
vt 256.6992492675781 15.142135620117188
vt 256.57464599609375 1
vt 249.37466430664062 1
vt 249.37466430664062 1
vt 256.57464599609375 1
vt 249.37466430664062 -399
vt 256.57464599609375 1
vt 256.57464599609375 -399
vt 249.37466430664062 -399
vt 249.37466430664062 -399
vt 256.57464599609375 -399
vt 249.8873291015625 -413.14215087890625
vt 256.57464599609375 -399
vt 256.6992492675781 -413.14215087890625
vt 249.8873291015625 -413.14215087890625
vt 249.8873291015625 -413.14215087890625
vt 256.6992492675781 -413.14215087890625
vt 251.125 -419
vt 256.6992492675781 -413.14215087890625
vt 257 -419
vt 251.125 -419
vt 257 21
vt 463 21
vt 256.6992492675781 15.142135620117188
vt 463 21
vt 463.1658630371094 15.142135620117188
vt 256.6992492675781 15.142135620117188
vt 256.6992492675781 15.142135620117188
vt 463.1658630371094 15.142135620117188
vt 256.57464599609375 1
vt 463.1658630371094 15.142135620117188
vt 463.23455810546875 1
vt 256.57464599609375 1
vt 256.57464599609375 1
vt 463.23455810546875 1
vt 256.57464599609375 -399
vt 463.23455810546875 1
vt 463.23455810546875 -399
vt 256.57464599609375 -399
vt 256.57464599609375 -399
vt 463.23455810546875 -399
vt 256.6992492675781 -413.14215087890625
vt 463.23455810546875 -399
vt 463.1658630371094 -413.14215087890625
vt 256.6992492675781 -413.14215087890625
vt 256.6992492675781 -413.14215087890625
vt 463.1658630371094 -413.14215087890625
vt 257 -419
vt 463.1658630371094 -413.14215087890625
vt 463 -419
vt 257 -419
vt 463 21
vt 465.6640625 21
vt 463.1658630371094 15.142135620117188
vt 465.6640625 21
vt 466.3608703613281 15.142135620117188
vt 463.1658630371094 15.142135620117188
vt 463.1658630371094 15.142135620117188
vt 466.3608703613281 15.142135620117188
vt 463.23455810546875 1
vt 466.3608703613281 15.142135620117188
vt 466.64947509765625 1
vt 463.23455810546875 1
vt 463.23455810546875 1
vt 466.64947509765625 1
vt 463.23455810546875 -399
vt 466.64947509765625 1
vt 466.64947509765625 -399
vt 463.23455810546875 -399
vt 463.23455810546875 -399
vt 466.64947509765625 -399
vt 463.1658630371094 -413.14215087890625
vt 466.64947509765625 -399
vt 466.3608703613281 -413.14215087890625
vt 463.1658630371094 -413.14215087890625
vt 463.1658630371094 -413.14215087890625
vt 466.3608703613281 -413.14215087890625
vt 463 -419
vt 466.3608703613281 -413.14215087890625
vt 465.6640625 -419
vt 463 -419
vt 465.6640625 21
vt 468.15625 21
vt 466.3608703613281 15.142135620117188
vt 468.15625 21
vt 469.6318359375 15.142135620117188
vt 466.3608703613281 15.142135620117188
vt 466.3608703613281 15.142135620117188
vt 469.6318359375 15.142135620117188
vt 466.64947509765625 1
vt 469.6318359375 15.142135620117188
vt 470.2430419921875 1
vt 466.64947509765625 1
vt 466.64947509765625 1
vt 470.2430419921875 1
vt 466.64947509765625 -399
vt 470.2430419921875 1
vt 470.2430419921875 -399
vt 466.64947509765625 -399
vt 466.64947509765625 -399
vt 470.2430419921875 -399
vt 466.3608703613281 -413.14215087890625
vt 470.2430419921875 -399
vt 469.6318359375 -413.14215087890625
vt 466.3608703613281 -413.14215087890625
vt 466.3608703613281 -413.14215087890625
vt 469.6318359375 -413.14215087890625
vt 465.6640625 -419
vt 469.6318359375 -413.14215087890625
vt 468.15625 -419
vt 465.6640625 -419
vt 468.15625 21
vt 470.4765625 21
vt 469.6318359375 15.142135620117188
vt 470.4765625 21
vt 472.833984375 15.142135620117188
vt 469.6318359375 15.142135620117188
vt 469.6318359375 15.142135620117188
vt 472.833984375 15.142135620117188
vt 470.2430419921875 1
vt 472.833984375 15.142135620117188
vt 473.8104553222656 1
vt 470.2430419921875 1
vt 470.2430419921875 1
vt 473.8104553222656 1
vt 470.2430419921875 -399
vt 473.8104553222656 1
vt 473.8104553222656 -399
vt 470.2430419921875 -399
vt 470.2430419921875 -399
vt 473.8104553222656 -399
vt 469.6318359375 -413.14215087890625
vt 473.8104553222656 -399
vt 472.833984375 -413.14215087890625
vt 469.6318359375 -413.14215087890625
vt 469.6318359375 -413.14215087890625
vt 472.833984375 -413.14215087890625
vt 468.15625 -419
vt 472.833984375 -413.14215087890625
vt 470.4765625 -419
vt 468.15625 -419
vt 470.4765625 21
vt 472.625 21
vt 472.833984375 15.142135620117188
vt 472.625 21
vt 475.976318359375 15.142135620117188
vt 472.833984375 15.142135620117188
vt 472.833984375 15.142135620117188
vt 475.976318359375 15.142135620117188
vt 473.8104553222656 1
vt 475.976318359375 15.142135620117188
vt 477.3644714355469 1
vt 473.8104553222656 1
vt 473.8104553222656 1
vt 477.3644714355469 1
vt 473.8104553222656 -399
vt 477.3644714355469 1
vt 477.3644714355469 -399
vt 473.8104553222656 -399
vt 473.8104553222656 -399
vt 477.3644714355469 -399
vt 472.833984375 -413.14215087890625
vt 477.3644714355469 -399
vt 475.976318359375 -413.14215087890625
vt 472.833984375 -413.14215087890625
vt 472.833984375 -413.14215087890625
vt 475.976318359375 -413.14215087890625
vt 470.4765625 -419
vt 475.976318359375 -413.14215087890625
vt 472.625 -419
vt 470.4765625 -419
vt 472.625 21
vt 474.6015625 21
vt 475.976318359375 15.142135620117188
vt 474.6015625 21
vt 479.06268310546875 15.142135620117188
vt 475.976318359375 15.142135620117188
vt 475.976318359375 15.142135620117188
vt 479.06268310546875 15.142135620117188
vt 477.3644714355469 1
vt 479.06268310546875 15.142135620117188
vt 480.9105529785156 1
vt 477.3644714355469 1
vt 477.3644714355469 1
vt 480.9105529785156 1
vt 477.3644714355469 -399
vt 480.9105529785156 1
vt 480.9105529785156 -399
vt 477.3644714355469 -399
vt 477.3644714355469 -399
vt 480.9105529785156 -399
vt 475.976318359375 -413.14215087890625
vt 480.9105529785156 -399
vt 479.06268310546875 -413.14215087890625
vt 475.976318359375 -413.14215087890625
vt 475.976318359375 -413.14215087890625
vt 479.06268310546875 -413.14215087890625
vt 472.625 -419
vt 479.06268310546875 -413.14215087890625
vt 474.6015625 -419
vt 472.625 -419
vt 474.6015625 21
vt 476.40625 21
vt 479.06268310546875 15.142135620117188
vt 476.40625 21
vt 482.08721923828125 15.142135620117188
vt 479.06268310546875 15.142135620117188
vt 479.06268310546875 15.142135620117188
vt 482.08721923828125 15.142135620117188
vt 480.9105529785156 1
vt 482.08721923828125 15.142135620117188
vt 484.44036865234375 1
vt 480.9105529785156 1
vt 480.9105529785156 1
vt 484.44036865234375 1
vt 480.9105529785156 -399
vt 484.44036865234375 1
vt 484.44036865234375 -399
vt 480.9105529785156 -399
vt 480.9105529785156 -399
vt 484.44036865234375 -399
vt 479.06268310546875 -413.14215087890625
vt 484.44036865234375 -399
vt 482.08721923828125 -413.14215087890625
vt 479.06268310546875 -413.14215087890625
vt 479.06268310546875 -413.14215087890625
vt 482.08721923828125 -413.14215087890625
vt 474.6015625 -419
vt 482.08721923828125 -413.14215087890625
vt 476.40625 -419
vt 474.6015625 -419
vt 476.40625 21
vt 478.0390625 21
vt 482.08721923828125 15.142135620117188
vt 478.0390625 21
vt 485.0287780761719 15.142135620117188
vt 482.08721923828125 15.142135620117188
vt 482.08721923828125 15.142135620117188
vt 485.0287780761719 15.142135620117188
vt 484.44036865234375 1
vt 485.0287780761719 15.142135620117188
vt 487.9240417480469 1
vt 484.44036865234375 1
vt 484.44036865234375 1
vt 487.9240417480469 1
vt 484.44036865234375 -399
vt 487.9240417480469 1
vt 487.9240417480469 -399
vt 484.44036865234375 -399
vt 484.44036865234375 -399
vt 487.9240417480469 -399
vt 482.08721923828125 -413.14215087890625
vt 487.9240417480469 -399
vt 485.0287780761719 -413.14215087890625
vt 482.08721923828125 -413.14215087890625
vt 482.08721923828125 -413.14215087890625
vt 485.0287780761719 -413.14215087890625
vt 476.40625 -419
vt 485.0287780761719 -413.14215087890625
vt 478.0390625 -419
vt 476.40625 -419
vt 478.0390625 21
vt 479.5 21
vt 485.0287780761719 15.142135620117188
vt 479.5 21
vt 487.5775451660156 15.142135620117188
vt 485.0287780761719 15.142135620117188
vt 485.0287780761719 15.142135620117188
vt 487.5775451660156 15.142135620117188
vt 487.9240417480469 1
vt 487.5775451660156 15.142135620117188
vt 490.92340087890625 1
vt 487.9240417480469 1
vt 487.9240417480469 1
vt 490.92340087890625 1
vt 487.9240417480469 -399
vt 490.92340087890625 1
vt 490.92340087890625 -399
vt 487.9240417480469 -399
vt 487.9240417480469 -399
vt 490.92340087890625 -399
vt 485.0287780761719 -413.14215087890625
vt 490.92340087890625 -399
vt 487.5775451660156 -413.14215087890625
vt 485.0287780761719 -413.14215087890625
vt 485.0287780761719 -413.14215087890625
vt 487.5775451660156 -413.14215087890625
vt 478.0390625 -419
vt 487.5775451660156 -413.14215087890625
vt 479.5 -419
vt 478.0390625 -419
vt 479.5 21
vt 480.9140625 21
vt 487.5775451660156 15.142135620117188
vt 480.9140625 21
vt 489.5664978027344 15.142135620117188
vt 487.5775451660156 15.142135620117188
vt 487.5775451660156 15.142135620117188
vt 489.5664978027344 15.142135620117188
vt 490.92340087890625 1
vt 489.5664978027344 15.142135620117188
vt 493.15045166015625 1
vt 490.92340087890625 1
vt 490.92340087890625 1
vt 493.15045166015625 1
vt 490.92340087890625 -399
vt 493.15045166015625 1
vt 493.15045166015625 -399
vt 490.92340087890625 -399
vt 490.92340087890625 -399
vt 493.15045166015625 -399
vt 487.5775451660156 -413.14215087890625
vt 493.15045166015625 -399
vt 489.5664978027344 -413.14215087890625
vt 487.5775451660156 -413.14215087890625
vt 487.5775451660156 -413.14215087890625
vt 489.5664978027344 -413.14215087890625
vt 479.5 -419
vt 489.5664978027344 -413.14215087890625
vt 480.9140625 -419
vt 479.5 -419
vt 480.9140625 21
vt 482.40625 21
vt 489.5664978027344 15.142135620117188
vt 482.40625 21
vt 491.34539794921875 15.142135620117188
vt 489.5664978027344 15.142135620117188
vt 489.5664978027344 15.142135620117188
vt 491.34539794921875 15.142135620117188
vt 493.15045166015625 1
vt 491.34539794921875 15.142135620117188
vt 495.0481262207031 1
vt 493.15045166015625 1
vt 493.15045166015625 1
vt 495.0481262207031 1
vt 493.15045166015625 -399
vt 495.0481262207031 1
vt 495.0481262207031 -399
vt 493.15045166015625 -399
vt 493.15045166015625 -399
vt 495.0481262207031 -399
vt 489.5664978027344 -413.14215087890625
vt 495.0481262207031 -399
vt 491.34539794921875 -413.14215087890625
vt 489.5664978027344 -413.14215087890625
vt 489.5664978027344 -413.14215087890625
vt 491.34539794921875 -413.14215087890625
vt 480.9140625 -419
vt 491.34539794921875 -413.14215087890625
vt 482.40625 -419
vt 480.9140625 -419
vt 482.40625 21
vt 483.9765625 21
vt 491.34539794921875 15.142135620117188
vt 483.9765625 21
vt 493.1596984863281 15.142135620117188
vt 491.34539794921875 15.142135620117188
vt 491.34539794921875 15.142135620117188
vt 493.1596984863281 15.142135620117188
vt 495.0481262207031 1
vt 493.1596984863281 15.142135620117188
vt 496.9634704589844 1
vt 495.0481262207031 1
vt 495.0481262207031 1
vt 496.9634704589844 1
vt 495.0481262207031 -399
vt 496.9634704589844 1
vt 496.9634704589844 -399
vt 495.0481262207031 -399
vt 495.0481262207031 -399
vt 496.9634704589844 -399
vt 491.34539794921875 -413.14215087890625
vt 496.9634704589844 -399
vt 493.1596984863281 -413.14215087890625
vt 491.34539794921875 -413.14215087890625
vt 491.34539794921875 -413.14215087890625
vt 493.1596984863281 -413.14215087890625
vt 482.40625 -419
vt 493.1596984863281 -413.14215087890625
vt 483.9765625 -419
vt 482.40625 -419
vt 483.9765625 21
vt 485.625 21
vt 493.1596984863281 15.142135620117188
vt 485.625 21
vt 495.01788330078125 15.142135620117188
vt 493.1596984863281 15.142135620117188
vt 493.1596984863281 15.142135620117188
vt 495.01788330078125 15.142135620117188
vt 496.9634704589844 1
vt 495.01788330078125 15.142135620117188
vt 498.9085388183594 1
vt 496.9634704589844 1
vt 496.9634704589844 1
vt 498.9085388183594 1
vt 496.9634704589844 -399
vt 498.9085388183594 1
vt 498.9085388183594 -399
vt 496.9634704589844 -399
vt 496.9634704589844 -399
vt 498.9085388183594 -399
vt 493.1596984863281 -413.14215087890625
vt 498.9085388183594 -399
vt 495.01788330078125 -413.14215087890625
vt 493.1596984863281 -413.14215087890625
vt 493.1596984863281 -413.14215087890625
vt 495.01788330078125 -413.14215087890625
vt 483.9765625 -419
vt 495.01788330078125 -413.14215087890625
vt 485.625 -419
vt 483.9765625 -419
vt 485.625 21
vt 487.3515625 21
vt 495.01788330078125 15.142135620117188
vt 487.3515625 21
vt 496.9263916015625 15.142135620117188
vt 495.01788330078125 15.142135620117188
vt 495.01788330078125 15.142135620117188
vt 496.9263916015625 15.142135620117188
vt 498.9085388183594 1
vt 496.9263916015625 15.142135620117188
vt 500.8924255371094 1
vt 498.9085388183594 1
vt 498.9085388183594 1
vt 500.8924255371094 1
vt 498.9085388183594 -399
vt 500.8924255371094 1
vt 500.8924255371094 -399
vt 498.9085388183594 -399
vt 498.9085388183594 -399
vt 500.8924255371094 -399
vt 495.01788330078125 -413.14215087890625
vt 500.8924255371094 -399
vt 496.9263916015625 -413.14215087890625
vt 495.01788330078125 -413.14215087890625
vt 495.01788330078125 -413.14215087890625
vt 496.9263916015625 -413.14215087890625
vt 485.625 -419
vt 496.9263916015625 -413.14215087890625
vt 487.3515625 -419
vt 485.625 -419
vt 487.3515625 21
vt 489.15625 21
vt 496.9263916015625 15.142135620117188
vt 489.15625 21
vt 498.8902282714844 15.142135620117188
vt 496.9263916015625 15.142135620117188
vt 496.9263916015625 15.142135620117188
vt 498.8902282714844 15.142135620117188
vt 500.8924255371094 1
vt 498.8902282714844 15.142135620117188
vt 502.92218017578125 1
vt 500.8924255371094 1
vt 500.8924255371094 1
vt 502.92218017578125 1
vt 500.8924255371094 -399
vt 502.92218017578125 1
vt 502.92218017578125 -399
vt 500.8924255371094 -399
vt 500.8924255371094 -399
vt 502.92218017578125 -399
vt 496.9263916015625 -413.14215087890625
vt 502.92218017578125 -399
vt 498.8902282714844 -413.14215087890625
vt 496.9263916015625 -413.14215087890625
vt 496.9263916015625 -413.14215087890625
vt 498.8902282714844 -413.14215087890625
vt 487.3515625 -419
vt 498.8902282714844 -413.14215087890625
vt 489.15625 -419
vt 487.3515625 -419
vt 489.15625 21
vt 491.0390625 21
vt 498.8902282714844 15.142135620117188
vt 491.0390625 21
vt 500.9132995605469 15.142135620117188
vt 498.8902282714844 15.142135620117188
vt 498.8902282714844 15.142135620117188
vt 500.9132995605469 15.142135620117188
vt 502.92218017578125 1
vt 500.9132995605469 15.142135620117188
vt 505.00335693359375 1
vt 502.92218017578125 1
vt 502.92218017578125 1
vt 505.00335693359375 1
vt 502.92218017578125 -399
vt 505.00335693359375 1
vt 505.00335693359375 -399
vt 502.92218017578125 -399
vt 502.92218017578125 -399
vt 505.00335693359375 -399
vt 498.8902282714844 -413.14215087890625
vt 505.00335693359375 -399
vt 500.9132995605469 -413.14215087890625
vt 498.8902282714844 -413.14215087890625
vt 498.8902282714844 -413.14215087890625
vt 500.9132995605469 -413.14215087890625
vt 489.15625 -419
vt 500.9132995605469 -413.14215087890625
vt 491.0390625 -419
vt 489.15625 -419
vt 491.0390625 21
vt 493 21
vt 500.9132995605469 15.142135620117188
vt 493 21
vt 503.25762939453125 15.142135620117188
vt 500.9132995605469 15.142135620117188
vt 500.9132995605469 15.142135620117188
vt 503.25762939453125 15.142135620117188
vt 505.00335693359375 1
vt 503.25762939453125 15.142135620117188
vt 507.5065002441406 1
vt 505.00335693359375 1
vt 505.00335693359375 1
vt 507.5065002441406 1
vt 505.00335693359375 -399
vt 507.5065002441406 1
vt 507.5065002441406 -399
vt 505.00335693359375 -399
vt 505.00335693359375 -399
vt 507.5065002441406 -399
vt 500.9132995605469 -413.14215087890625
vt 507.5065002441406 -399
vt 503.25762939453125 -413.14215087890625
vt 500.9132995605469 -413.14215087890625
vt 500.9132995605469 -413.14215087890625
vt 503.25762939453125 -413.14215087890625
vt 491.0390625 -419
vt 503.25762939453125 -413.14215087890625
vt 493 -419
vt 491.0390625 -419
vt 952 21
vt 795 21
vt 961.7457885742188 15.142135620117188
vt 795 21
vt 806.6277465820312 15.142135620117188
vt 961.7457885742188 15.142135620117188
vt 961.7457885742188 15.142135620117188
vt 806.6277465820312 15.142135620117188
vt 965.7826538085938 1
vt 806.6277465820312 15.142135620117188
vt 811.444091796875 1
vt 965.7826538085938 1
vt 965.7826538085938 1
vt 811.444091796875 1
vt 965.7826538085938 -399
vt 811.444091796875 1
vt 811.444091796875 -399
vt 965.7826538085938 -399
vt 965.7826538085938 -399
vt 811.444091796875 -399
vt 961.7457885742188 -413.14215087890625
vt 811.444091796875 -399
vt 806.6277465820312 -413.14215087890625
vt 961.7457885742188 -413.14215087890625
vt 961.7457885742188 -413.14215087890625
vt 806.6277465820312 -413.14215087890625
vt 952 -419
vt 806.6277465820312 -413.14215087890625
vt 795 -419
vt 952 -419
vt 633 21
vt 668 21
vt 641.5794677734375 15.142135620117188
vt 668 21
vt 667.4033203125 15.142135620117188
vt 641.5794677734375 15.142135620117188
vt 641.5794677734375 15.142135620117188
vt 667.4033203125 15.142135620117188
vt 645.1331787109375 1
vt 667.4033203125 15.142135620117188
vt 667.1561279296875 1
vt 645.1331787109375 1
vt 645.1331787109375 1
vt 667.1561279296875 1
vt 645.1331787109375 -399
vt 667.1561279296875 1
vt 667.1561279296875 -399
vt 645.1331787109375 -399
vt 645.1331787109375 -399
vt 667.1561279296875 -399
vt 641.5794677734375 -413.14215087890625
vt 667.1561279296875 -399
vt 667.4033203125 -413.14215087890625
vt 641.5794677734375 -413.14215087890625
vt 641.5794677734375 -413.14215087890625
vt 667.4033203125 -413.14215087890625
vt 633 -419
vt 667.4033203125 -413.14215087890625
vt 668 -419
vt 633 -419
vt 668 21
vt 697 21
vt 667.4033203125 15.142135620117188
vt 697 21
vt 688.0528564453125 15.142135620117188
vt 667.4033203125 15.142135620117188
vt 667.4033203125 15.142135620117188
vt 688.0528564453125 15.142135620117188
vt 667.1561279296875 1
vt 688.0528564453125 15.142135620117188
vt 684.3468017578125 1
vt 667.1561279296875 1
vt 667.1561279296875 1
vt 684.3468017578125 1
vt 667.1561279296875 -399
vt 684.3468017578125 1
vt 684.3468017578125 -399
vt 667.1561279296875 -399
vt 667.1561279296875 -399
vt 684.3468017578125 -399
vt 667.4033203125 -413.14215087890625
vt 684.3468017578125 -399
vt 688.0528564453125 -413.14215087890625
vt 667.4033203125 -413.14215087890625
vt 667.4033203125 -413.14215087890625
vt 688.0528564453125 -413.14215087890625
vt 668 -419
vt 688.0528564453125 -413.14215087890625
vt 697 -419
vt 668 -419
vt 795 21
vt 952 21
vt 806.2153930664062 15.142135620117188
vt 952 21
vt 961.7562866210938 15.142135620117188
vt 806.2153930664062 15.142135620117188
vt 806.2153930664062 15.142135620117188
vt 961.7562866210938 15.142135620117188
vt 810.8610229492188 1
vt 961.7562866210938 15.142135620117188
vt 965.7974853515625 1
vt 810.8610229492188 1
vt 810.8610229492188 1
vt 965.7974853515625 1
vt 810.8610229492188 -399
vt 965.7974853515625 1
vt 965.7974853515625 -399
vt 810.8610229492188 -399
vt 810.8610229492188 -399
vt 965.7974853515625 -399
vt 806.2153930664062 -413.14215087890625
vt 965.7974853515625 -399
vt 961.7562866210938 -413.14215087890625
vt 806.2153930664062 -413.14215087890625
vt 806.2153930664062 -413.14215087890625
vt 961.7562866210938 -413.14215087890625
vt 795 -419
vt 961.7562866210938 -413.14215087890625
vt 952 -419
vt 795 -419
vt 837 21
vt 838.96875 21
vt 826.751708984375 15.142135620117188
vt 838.96875 21
vt 829.1358032226562 15.142135620117188
vt 826.751708984375 15.142135620117188
vt 826.751708984375 15.142135620117188
vt 829.1358032226562 15.142135620117188
vt 822.5067749023438 1
vt 829.1358032226562 15.142135620117188
vt 825.0628051757812 1
vt 822.5067749023438 1
vt 822.5067749023438 1
vt 825.0628051757812 1
vt 822.5067749023438 -399
vt 825.0628051757812 1
vt 825.0628051757812 -399
vt 822.5067749023438 -399
vt 822.5067749023438 -399
vt 825.0628051757812 -399
vt 826.751708984375 -413.14215087890625
vt 825.0628051757812 -399
vt 829.1358032226562 -413.14215087890625
vt 826.751708984375 -413.14215087890625
vt 826.751708984375 -413.14215087890625
vt 829.1358032226562 -413.14215087890625
vt 837 -419
vt 829.1358032226562 -413.14215087890625
vt 838.96875 -419
vt 837 -419
vt 838.96875 21
vt 840.875 21
vt 829.1358032226562 15.142135620117188
vt 840.875 21
vt 831.2276611328125 15.142135620117188
vt 829.1358032226562 15.142135620117188
vt 829.1358032226562 15.142135620117188
vt 831.2276611328125 15.142135620117188
vt 825.0628051757812 1
vt 831.2276611328125 15.142135620117188
vt 827.2315673828125 1
vt 825.0628051757812 1
vt 825.0628051757812 1
vt 827.2315673828125 1
vt 825.0628051757812 -399
vt 827.2315673828125 1
vt 827.2315673828125 -399
vt 825.0628051757812 -399
vt 825.0628051757812 -399
vt 827.2315673828125 -399
vt 829.1358032226562 -413.14215087890625
vt 827.2315673828125 -399
vt 831.2276611328125 -413.14215087890625
vt 829.1358032226562 -413.14215087890625
vt 829.1358032226562 -413.14215087890625
vt 831.2276611328125 -413.14215087890625
vt 838.96875 -419
vt 831.2276611328125 -413.14215087890625
vt 840.875 -419
vt 838.96875 -419
vt 840.875 21
vt 842.71875 21
vt 831.2276611328125 15.142135620117188
vt 842.71875 21
vt 833.2807006835938 15.142135620117188
vt 831.2276611328125 15.142135620117188
vt 831.2276611328125 15.142135620117188
vt 833.2807006835938 15.142135620117188
vt 827.2315673828125 1
vt 833.2807006835938 15.142135620117188
vt 829.3712768554688 1
vt 827.2315673828125 1
vt 827.2315673828125 1
vt 829.3712768554688 1
vt 827.2315673828125 -399
vt 829.3712768554688 1
vt 829.3712768554688 -399
vt 827.2315673828125 -399
vt 827.2315673828125 -399
vt 829.3712768554688 -399
vt 831.2276611328125 -413.14215087890625
vt 829.3712768554688 -399
vt 833.2807006835938 -413.14215087890625
vt 831.2276611328125 -413.14215087890625
vt 831.2276611328125 -413.14215087890625
vt 833.2807006835938 -413.14215087890625
vt 840.875 -419
vt 833.2807006835938 -413.14215087890625
vt 842.71875 -419
vt 840.875 -419
vt 842.71875 21
vt 844.5 21
vt 833.2807006835938 15.142135620117188
vt 844.5 21
vt 835.29931640625 15.142135620117188
vt 833.2807006835938 15.142135620117188
vt 833.2807006835938 15.142135620117188
vt 835.29931640625 15.142135620117188
vt 829.3712768554688 1
vt 835.29931640625 15.142135620117188
vt 831.48828125 1
vt 829.3712768554688 1
vt 829.3712768554688 1
vt 831.48828125 1
vt 829.3712768554688 -399
vt 831.48828125 1
vt 831.48828125 -399
vt 829.3712768554688 -399
vt 829.3712768554688 -399
vt 831.48828125 -399
vt 833.2807006835938 -413.14215087890625
vt 831.48828125 -399
vt 835.29931640625 -413.14215087890625
vt 833.2807006835938 -413.14215087890625
vt 833.2807006835938 -413.14215087890625
vt 835.29931640625 -413.14215087890625
vt 842.71875 -419
vt 835.29931640625 -413.14215087890625
vt 844.5 -419
vt 842.71875 -419
vt 844.5 21
vt 846.21875 21
vt 835.29931640625 15.142135620117188
vt 846.21875 21
vt 837.2890014648438 15.142135620117188
vt 835.29931640625 15.142135620117188
vt 835.29931640625 15.142135620117188
vt 837.2890014648438 15.142135620117188
vt 831.48828125 1
vt 837.2890014648438 15.142135620117188
vt 833.5902099609375 1
vt 831.48828125 1
vt 831.48828125 1
vt 833.5902099609375 1
vt 831.48828125 -399
vt 833.5902099609375 1
vt 833.5902099609375 -399
vt 831.48828125 -399
vt 831.48828125 -399
vt 833.5902099609375 -399
vt 835.29931640625 -413.14215087890625
vt 833.5902099609375 -399
vt 837.2890014648438 -413.14215087890625
vt 835.29931640625 -413.14215087890625
vt 835.29931640625 -413.14215087890625
vt 837.2890014648438 -413.14215087890625
vt 844.5 -419
vt 837.2890014648438 -413.14215087890625
vt 846.21875 -419
vt 844.5 -419
vt 846.21875 21
vt 847.875 21
vt 837.2890014648438 15.142135620117188
vt 847.875 21
vt 839.2565307617188 15.142135620117188
vt 837.2890014648438 15.142135620117188
vt 837.2890014648438 15.142135620117188
vt 839.2565307617188 15.142135620117188
vt 833.5902099609375 1
vt 839.2565307617188 15.142135620117188
vt 835.6866455078125 1
vt 833.5902099609375 1
vt 833.5902099609375 1
vt 835.6866455078125 1
vt 833.5902099609375 -399
vt 835.6866455078125 1
vt 835.6866455078125 -399
vt 833.5902099609375 -399
vt 833.5902099609375 -399
vt 835.6866455078125 -399
vt 837.2890014648438 -413.14215087890625
vt 835.6866455078125 -399
vt 839.2565307617188 -413.14215087890625
vt 837.2890014648438 -413.14215087890625
vt 837.2890014648438 -413.14215087890625
vt 839.2565307617188 -413.14215087890625
vt 846.21875 -419
vt 839.2565307617188 -413.14215087890625
vt 847.875 -419
vt 846.21875 -419
vt 847.875 21
vt 849.46875 21
vt 839.2565307617188 15.142135620117188
vt 849.46875 21
vt 841.2105102539062 15.142135620117188
vt 839.2565307617188 15.142135620117188
vt 839.2565307617188 15.142135620117188
vt 841.2105102539062 15.142135620117188
vt 835.6866455078125 1
vt 841.2105102539062 15.142135620117188
vt 837.789794921875 1
vt 835.6866455078125 1
vt 835.6866455078125 1
vt 837.789794921875 1
vt 835.6866455078125 -399
vt 837.789794921875 1
vt 837.789794921875 -399
vt 835.6866455078125 -399
vt 835.6866455078125 -399
vt 837.789794921875 -399
vt 839.2565307617188 -413.14215087890625
vt 837.789794921875 -399
vt 841.2105102539062 -413.14215087890625
vt 839.2565307617188 -413.14215087890625
vt 839.2565307617188 -413.14215087890625
vt 841.2105102539062 -413.14215087890625
vt 847.875 -419
vt 841.2105102539062 -413.14215087890625
vt 849.46875 -419
vt 847.875 -419
vt 849.46875 21
vt 851 21
vt 841.2105102539062 15.142135620117188
vt 851 21
vt 843.3224487304688 15.142135620117188
vt 841.2105102539062 15.142135620117188
vt 841.2105102539062 15.142135620117188
vt 843.3224487304688 15.142135620117188
vt 837.789794921875 1
vt 843.3224487304688 15.142135620117188
vt 840.142333984375 1
vt 837.789794921875 1
vt 837.789794921875 1
vt 840.142333984375 1
vt 837.789794921875 -399
vt 840.142333984375 1
vt 840.142333984375 -399
vt 837.789794921875 -399
vt 837.789794921875 -399
vt 840.142333984375 -399
vt 841.2105102539062 -413.14215087890625
vt 840.142333984375 -399
vt 843.3224487304688 -413.14215087890625
vt 841.2105102539062 -413.14215087890625
vt 841.2105102539062 -413.14215087890625
vt 843.3224487304688 -413.14215087890625
vt 849.46875 -419
vt 843.3224487304688 -413.14215087890625
vt 851 -419
vt 849.46875 -419
vt 851 21
vt 852.5625 21
vt 843.3224487304688 15.142135620117188
vt 852.5625 21
vt 845.8428344726562 15.142135620117188
vt 843.3224487304688 15.142135620117188
vt 843.3224487304688 15.142135620117188
vt 845.8428344726562 15.142135620117188
vt 840.142333984375 1
vt 845.8428344726562 15.142135620117188
vt 843.0594482421875 1
vt 840.142333984375 1
vt 840.142333984375 1
vt 843.0594482421875 1
vt 840.142333984375 -399
vt 843.0594482421875 1
vt 843.0594482421875 -399
vt 840.142333984375 -399
vt 840.142333984375 -399
vt 843.0594482421875 -399
vt 843.3224487304688 -413.14215087890625
vt 843.0594482421875 -399
vt 845.8428344726562 -413.14215087890625
vt 843.3224487304688 -413.14215087890625
vt 843.3224487304688 -413.14215087890625
vt 845.8428344726562 -413.14215087890625
vt 851 -419
vt 845.8428344726562 -413.14215087890625
vt 852.5625 -419
vt 851 -419
vt 852.5625 21
vt 854.25 21
vt 845.8428344726562 15.142135620117188
vt 854.25 21
vt 848.664306640625 15.142135620117188
vt 845.8428344726562 15.142135620117188
vt 845.8428344726562 15.142135620117188
vt 848.664306640625 15.142135620117188
vt 843.0594482421875 1
vt 848.664306640625 15.142135620117188
vt 846.3506469726562 1
vt 843.0594482421875 1
vt 843.0594482421875 1
vt 846.3506469726562 1
vt 843.0594482421875 -399
vt 846.3506469726562 1
vt 846.3506469726562 -399
vt 843.0594482421875 -399
vt 843.0594482421875 -399
vt 846.3506469726562 -399
vt 845.8428344726562 -413.14215087890625
vt 846.3506469726562 -399
vt 848.664306640625 -413.14215087890625
vt 845.8428344726562 -413.14215087890625
vt 845.8428344726562 -413.14215087890625
vt 848.664306640625 -413.14215087890625
vt 852.5625 -419
vt 848.664306640625 -413.14215087890625
vt 854.25 -419
vt 852.5625 -419
vt 854.25 21
vt 856.0625 21
vt 848.664306640625 15.142135620117188
vt 856.0625 21
vt 851.5760498046875 15.142135620117188
vt 848.664306640625 15.142135620117188
vt 848.664306640625 15.142135620117188
vt 851.5760498046875 15.142135620117188
vt 846.3506469726562 1
vt 851.5760498046875 15.142135620117188
vt 849.7177124023438 1
vt 846.3506469726562 1
vt 846.3506469726562 1
vt 849.7177124023438 1
vt 846.3506469726562 -399
vt 849.7177124023438 1
vt 849.7177124023438 -399
vt 846.3506469726562 -399
vt 846.3506469726562 -399
vt 849.7177124023438 -399
vt 848.664306640625 -413.14215087890625
vt 849.7177124023438 -399
vt 851.5760498046875 -413.14215087890625
vt 848.664306640625 -413.14215087890625
vt 848.664306640625 -413.14215087890625
vt 851.5760498046875 -413.14215087890625
vt 854.25 -419
vt 851.5760498046875 -413.14215087890625
vt 856.0625 -419
vt 854.25 -419
vt 856.0625 21
vt 858 21
vt 851.5760498046875 15.142135620117188
vt 858 21
vt 854.5565795898438 15.142135620117188
vt 851.5760498046875 15.142135620117188
vt 851.5760498046875 15.142135620117188
vt 854.5565795898438 15.142135620117188
vt 849.7177124023438 1
vt 854.5565795898438 15.142135620117188
vt 853.1302490234375 1
vt 849.7177124023438 1
vt 849.7177124023438 1
vt 853.1302490234375 1
vt 849.7177124023438 -399
vt 853.1302490234375 1
vt 853.1302490234375 -399
vt 849.7177124023438 -399
vt 849.7177124023438 -399
vt 853.1302490234375 -399
vt 851.5760498046875 -413.14215087890625
vt 853.1302490234375 -399
vt 854.5565795898438 -413.14215087890625
vt 851.5760498046875 -413.14215087890625
vt 851.5760498046875 -413.14215087890625
vt 854.5565795898438 -413.14215087890625
vt 856.0625 -419
vt 854.5565795898438 -413.14215087890625
vt 858 -419
vt 856.0625 -419
vt 858 21
vt 860.0625 21
vt 854.5565795898438 15.142135620117188
vt 860.0625 21
vt 857.5924682617188 15.142135620117188
vt 854.5565795898438 15.142135620117188
vt 854.5565795898438 15.142135620117188
vt 857.5924682617188 15.142135620117188
vt 853.1302490234375 1
vt 857.5924682617188 15.142135620117188
vt 856.5693359375 1
vt 853.1302490234375 1
vt 853.1302490234375 1
vt 856.5693359375 1
vt 853.1302490234375 -399
vt 856.5693359375 1
vt 856.5693359375 -399
vt 853.1302490234375 -399
vt 853.1302490234375 -399
vt 856.5693359375 -399
vt 854.5565795898438 -413.14215087890625
vt 856.5693359375 -399
vt 857.5924682617188 -413.14215087890625
vt 854.5565795898438 -413.14215087890625
vt 854.5565795898438 -413.14215087890625
vt 857.5924682617188 -413.14215087890625
vt 858 -419
vt 857.5924682617188 -413.14215087890625
vt 860.0625 -419
vt 858 -419
vt 860.0625 21
vt 862.25 21
vt 857.5924682617188 15.142135620117188
vt 862.25 21
vt 860.6770629882812 15.142135620117188
vt 857.5924682617188 15.142135620117188
vt 857.5924682617188 15.142135620117188
vt 860.6770629882812 15.142135620117188
vt 856.5693359375 1
vt 860.6770629882812 15.142135620117188
vt 860.0255737304688 1
vt 856.5693359375 1
vt 856.5693359375 1
vt 860.0255737304688 1
vt 856.5693359375 -399
vt 860.0255737304688 1
vt 860.0255737304688 -399
vt 856.5693359375 -399
vt 856.5693359375 -399
vt 860.0255737304688 -399
vt 857.5924682617188 -413.14215087890625
vt 860.0255737304688 -399
vt 860.6770629882812 -413.14215087890625
vt 857.5924682617188 -413.14215087890625
vt 857.5924682617188 -413.14215087890625
vt 860.6770629882812 -413.14215087890625
vt 860.0625 -419
vt 860.6770629882812 -413.14215087890625
vt 862.25 -419
vt 860.0625 -419
vt 862.25 21
vt 864.5625 21
vt 860.6770629882812 15.142135620117188
vt 864.5625 21
vt 863.8092041015625 15.142135620117188
vt 860.6770629882812 15.142135620117188
vt 860.6770629882812 15.142135620117188
vt 863.8092041015625 15.142135620117188
vt 860.0255737304688 1
vt 863.8092041015625 15.142135620117188
vt 863.4971923828125 1
vt 860.0255737304688 1
vt 860.0255737304688 1
vt 863.4971923828125 1
vt 860.0255737304688 -399
vt 863.4971923828125 1
vt 863.4971923828125 -399
vt 860.0255737304688 -399
vt 860.0255737304688 -399
vt 863.4971923828125 -399
vt 860.6770629882812 -413.14215087890625
vt 863.4971923828125 -399
vt 863.8092041015625 -413.14215087890625
vt 860.6770629882812 -413.14215087890625
vt 860.6770629882812 -413.14215087890625
vt 863.8092041015625 -413.14215087890625
vt 862.25 -419
vt 863.8092041015625 -413.14215087890625
vt 864.5625 -419
vt 862.25 -419
vt 864.5625 21
vt 867 21
vt 863.8092041015625 15.142135620117188
vt 867 21
vt 866.8187255859375 15.142135620117188
vt 863.8092041015625 15.142135620117188
vt 863.8092041015625 15.142135620117188
vt 866.8187255859375 15.142135620117188
vt 863.4971923828125 1
vt 866.8187255859375 15.142135620117188
vt 866.74365234375 1
vt 863.4971923828125 1
vt 863.4971923828125 1
vt 866.74365234375 1
vt 863.4971923828125 -399
vt 866.74365234375 1
vt 866.74365234375 -399
vt 863.4971923828125 -399
vt 863.4971923828125 -399
vt 866.74365234375 -399
vt 863.8092041015625 -413.14215087890625
vt 866.74365234375 -399
vt 866.8187255859375 -413.14215087890625
vt 863.8092041015625 -413.14215087890625
vt 863.8092041015625 -413.14215087890625
vt 866.8187255859375 -413.14215087890625
vt 864.5625 -419
vt 866.8187255859375 -413.14215087890625
vt 867 -419
vt 864.5625 -419
vt 867 21
vt 1077 21
vt 866.8187255859375 15.142135620117188
vt 1077 21
vt 1077.3123779296875 15.142135620117188
vt 866.8187255859375 15.142135620117188
vt 866.8187255859375 15.142135620117188
vt 1077.3123779296875 15.142135620117188
vt 866.74365234375 1
vt 1077.3123779296875 15.142135620117188
vt 1077.4417724609375 1
vt 866.74365234375 1
vt 866.74365234375 1
vt 1077.4417724609375 1
vt 866.74365234375 -399
vt 1077.4417724609375 1
vt 1077.4417724609375 -399
vt 866.74365234375 -399
vt 866.74365234375 -399
vt 1077.4417724609375 -399
vt 866.8187255859375 -413.14215087890625
vt 1077.4417724609375 -399
vt 1077.3123779296875 -413.14215087890625
vt 866.8187255859375 -413.14215087890625
vt 866.8187255859375 -413.14215087890625
vt 1077.3123779296875 -413.14215087890625
vt 867 -419
vt 1077.3123779296875 -413.14215087890625
vt 1077 -419
vt 867 -419
vt 1077 21
vt 1082.65625 21
vt 1077.3123779296875 15.142135620117188
vt 1082.65625 21
vt 1083.931884765625 15.142135620117188
vt 1077.3123779296875 15.142135620117188
vt 1077.3123779296875 15.142135620117188
vt 1083.931884765625 15.142135620117188
vt 1077.4417724609375 1
vt 1083.931884765625 15.142135620117188
vt 1084.4603271484375 1
vt 1077.4417724609375 1
vt 1077.4417724609375 1
vt 1084.4603271484375 1
vt 1077.4417724609375 -399
vt 1084.4603271484375 1
vt 1084.4603271484375 -399
vt 1077.4417724609375 -399
vt 1077.4417724609375 -399
vt 1084.4603271484375 -399
vt 1077.3123779296875 -413.14215087890625
vt 1084.4603271484375 -399
vt 1083.931884765625 -413.14215087890625
vt 1077.3123779296875 -413.14215087890625
vt 1077.3123779296875 -413.14215087890625
vt 1083.931884765625 -413.14215087890625
vt 1077 -419
vt 1083.931884765625 -413.14215087890625
vt 1082.65625 -419
vt 1077 -419
vt 1082.65625 21
vt 1088.125 21
vt 1083.931884765625 15.142135620117188
vt 1088.125 21
vt 1090.7203369140625 15.142135620117188
vt 1083.931884765625 15.142135620117188
vt 1083.931884765625 15.142135620117188
vt 1090.7203369140625 15.142135620117188
vt 1084.4603271484375 1
vt 1090.7203369140625 15.142135620117188
vt 1091.79541015625 1
vt 1084.4603271484375 1
vt 1084.4603271484375 1
vt 1091.79541015625 1
vt 1084.4603271484375 -399
vt 1091.79541015625 1
vt 1091.79541015625 -399
vt 1084.4603271484375 -399
vt 1084.4603271484375 -399
vt 1091.79541015625 -399
vt 1083.931884765625 -413.14215087890625
vt 1091.79541015625 -399
vt 1090.7203369140625 -413.14215087890625
vt 1083.931884765625 -413.14215087890625
vt 1083.931884765625 -413.14215087890625
vt 1090.7203369140625 -413.14215087890625
vt 1082.65625 -419
vt 1090.7203369140625 -413.14215087890625
vt 1088.125 -419
vt 1082.65625 -419
vt 1088.125 21
vt 1093.40625 21
vt 1090.7203369140625 15.142135620117188
vt 1093.40625 21
vt 1097.3419189453125 15.142135620117188
vt 1090.7203369140625 15.142135620117188
vt 1090.7203369140625 15.142135620117188
vt 1097.3419189453125 15.142135620117188
vt 1091.79541015625 1
vt 1097.3419189453125 15.142135620117188
vt 1098.97216796875 1
vt 1091.79541015625 1
vt 1091.79541015625 1
vt 1098.97216796875 1
vt 1091.79541015625 -399
vt 1098.97216796875 1
vt 1098.97216796875 -399
vt 1091.79541015625 -399
vt 1091.79541015625 -399
vt 1098.97216796875 -399
vt 1090.7203369140625 -413.14215087890625
vt 1098.97216796875 -399
vt 1097.3419189453125 -413.14215087890625
vt 1090.7203369140625 -413.14215087890625
vt 1090.7203369140625 -413.14215087890625
vt 1097.3419189453125 -413.14215087890625
vt 1088.125 -419
vt 1097.3419189453125 -413.14215087890625
vt 1093.40625 -419
vt 1088.125 -419
vt 1093.40625 21
vt 1098.5 21
vt 1097.3419189453125 15.142135620117188
vt 1098.5 21
vt 1103.758056640625 15.142135620117188
vt 1097.3419189453125 15.142135620117188
vt 1097.3419189453125 15.142135620117188
vt 1103.758056640625 15.142135620117188
vt 1098.97216796875 1
vt 1103.758056640625 15.142135620117188
vt 1105.9359130859375 1
vt 1098.97216796875 1
vt 1098.97216796875 1
vt 1105.9359130859375 1
vt 1098.97216796875 -399
vt 1105.9359130859375 1
vt 1105.9359130859375 -399
vt 1098.97216796875 -399
vt 1098.97216796875 -399
vt 1105.9359130859375 -399
vt 1097.3419189453125 -413.14215087890625
vt 1105.9359130859375 -399
vt 1103.758056640625 -413.14215087890625
vt 1097.3419189453125 -413.14215087890625
vt 1097.3419189453125 -413.14215087890625
vt 1103.758056640625 -413.14215087890625
vt 1093.40625 -419
vt 1103.758056640625 -413.14215087890625
vt 1098.5 -419
vt 1093.40625 -419
vt 1098.5 21
vt 1103.40625 21
vt 1103.758056640625 15.142135620117188
vt 1103.40625 21
vt 1109.9298095703125 15.142135620117188
vt 1103.758056640625 15.142135620117188
vt 1103.758056640625 15.142135620117188
vt 1109.9298095703125 15.142135620117188
vt 1105.9359130859375 1
vt 1109.9298095703125 15.142135620117188
vt 1112.6319580078125 1
vt 1105.9359130859375 1
vt 1105.9359130859375 1
vt 1112.6319580078125 1
vt 1105.9359130859375 -399
vt 1112.6319580078125 1
vt 1112.6319580078125 -399
vt 1105.9359130859375 -399
vt 1105.9359130859375 -399
vt 1112.6319580078125 -399
vt 1103.758056640625 -413.14215087890625
vt 1112.6319580078125 -399
vt 1109.9298095703125 -413.14215087890625
vt 1103.758056640625 -413.14215087890625
vt 1103.758056640625 -413.14215087890625
vt 1109.9298095703125 -413.14215087890625
vt 1098.5 -419
vt 1109.9298095703125 -413.14215087890625
vt 1103.40625 -419
vt 1098.5 -419
vt 1103.40625 21
vt 1108.125 21
vt 1109.9298095703125 15.142135620117188
vt 1108.125 21
vt 1115.8238525390625 15.142135620117188
vt 1109.9298095703125 15.142135620117188
vt 1109.9298095703125 15.142135620117188
vt 1115.8238525390625 15.142135620117188
vt 1112.6319580078125 1
vt 1115.8238525390625 15.142135620117188
vt 1119.0126953125 1
vt 1112.6319580078125 1
vt 1112.6319580078125 1
vt 1119.0126953125 1
vt 1112.6319580078125 -399
vt 1119.0126953125 1
vt 1119.0126953125 -399
vt 1112.6319580078125 -399
vt 1112.6319580078125 -399
vt 1119.0126953125 -399
vt 1109.9298095703125 -413.14215087890625
vt 1119.0126953125 -399
vt 1115.8238525390625 -413.14215087890625
vt 1109.9298095703125 -413.14215087890625
vt 1109.9298095703125 -413.14215087890625
vt 1115.8238525390625 -413.14215087890625
vt 1103.40625 -419
vt 1115.8238525390625 -413.14215087890625
vt 1108.125 -419
vt 1103.40625 -419
vt 1108.125 21
vt 1112.65625 21
vt 1115.8238525390625 15.142135620117188
vt 1112.65625 21
vt 1121.416015625 15.142135620117188
vt 1115.8238525390625 15.142135620117188
vt 1115.8238525390625 15.142135620117188
vt 1121.416015625 15.142135620117188
vt 1119.0126953125 1
vt 1121.416015625 15.142135620117188
vt 1125.0443115234375 1
vt 1119.0126953125 1
vt 1119.0126953125 1
vt 1125.0443115234375 1
vt 1119.0126953125 -399
vt 1125.0443115234375 1
vt 1125.0443115234375 -399
vt 1119.0126953125 -399
vt 1119.0126953125 -399
vt 1125.0443115234375 -399
vt 1115.8238525390625 -413.14215087890625
vt 1125.0443115234375 -399
vt 1121.416015625 -413.14215087890625
vt 1115.8238525390625 -413.14215087890625
vt 1115.8238525390625 -413.14215087890625
vt 1121.416015625 -413.14215087890625
vt 1108.125 -419
vt 1121.416015625 -413.14215087890625
vt 1112.65625 -419
vt 1108.125 -419
vt 1112.65625 21
vt 1117 21
vt 1121.416015625 15.142135620117188
vt 1117 21
vt 1126.6336669921875 15.142135620117188
vt 1121.416015625 15.142135620117188
vt 1121.416015625 15.142135620117188
vt 1126.6336669921875 15.142135620117188
vt 1125.0443115234375 1
vt 1126.6336669921875 15.142135620117188
vt 1130.6241455078125 1
vt 1125.0443115234375 1
vt 1125.0443115234375 1
vt 1130.6241455078125 1
vt 1125.0443115234375 -399
vt 1130.6241455078125 1
vt 1130.6241455078125 -399
vt 1125.0443115234375 -399
vt 1125.0443115234375 -399
vt 1130.6241455078125 -399
vt 1121.416015625 -413.14215087890625
vt 1130.6241455078125 -399
vt 1126.6336669921875 -413.14215087890625
vt 1121.416015625 -413.14215087890625
vt 1121.416015625 -413.14215087890625
vt 1126.6336669921875 -413.14215087890625
vt 1112.65625 -419
vt 1126.6336669921875 -413.14215087890625
vt 1117 -419
vt 1112.65625 -419
vt 1117 21
vt 1317 21
vt 1126.6336669921875 15.142135620117188
vt 1317 21
vt 1327.3663330078125 15.142135620117188
vt 1126.6336669921875 15.142135620117188
vt 962.3663330078125 15.142135620117188
vt 761.6336669921875 15.142135620117188
vt 966.66015625 1
vt 761.6336669921875 15.142135620117188
vt 765.6240844726562 1
vt 966.66015625 1
vt 966.66015625 1
vt 765.6240844726562 1
vt 966.66015625 -399
vt 765.6240844726562 1
vt 765.6240844726562 -399
vt 966.66015625 -399
vt 966.66015625 -399
vt 765.6240844726562 -399
vt 962.3663330078125 -413.14215087890625
vt 765.6240844726562 -399
vt 761.6336669921875 -413.14215087890625
vt 962.3663330078125 -413.14215087890625
vt 962.3663330078125 -413.14215087890625
vt 761.6336669921875 -413.14215087890625
vt 952 -419
vt 761.6336669921875 -413.14215087890625
vt 752 -419
vt 952 -419
vt 752 21
vt 747.65625 21
vt 761.6336669921875 15.142135620117188
vt 747.65625 21
vt 756.4159545898438 15.142135620117188
vt 761.6336669921875 15.142135620117188
vt 761.6336669921875 15.142135620117188
vt 756.4159545898438 15.142135620117188
vt 765.6240844726562 1
vt 756.4159545898438 15.142135620117188
vt 760.0443725585938 1
vt 765.6240844726562 1
vt 765.6240844726562 1
vt 760.0443725585938 1
vt 765.6240844726562 -399
vt 760.0443725585938 1
vt 760.0443725585938 -399
vt 765.6240844726562 -399
vt 765.6240844726562 -399
vt 760.0443725585938 -399
vt 761.6336669921875 -413.14215087890625
vt 760.0443725585938 -399
vt 756.4159545898438 -413.14215087890625
vt 761.6336669921875 -413.14215087890625
vt 761.6336669921875 -413.14215087890625
vt 756.4159545898438 -413.14215087890625
vt 752 -419
vt 756.4159545898438 -413.14215087890625
vt 747.65625 -419
vt 752 -419
vt 747.65625 21
vt 743.125 21
vt 756.4159545898438 15.142135620117188
vt 743.125 21
vt 750.8237915039062 15.142135620117188
vt 756.4159545898438 15.142135620117188
vt 756.4159545898438 15.142135620117188
vt 750.8237915039062 15.142135620117188
vt 760.0443725585938 1
vt 750.8237915039062 15.142135620117188
vt 754.0127563476562 1
vt 760.0443725585938 1
vt 760.0443725585938 1
vt 754.0127563476562 1
vt 760.0443725585938 -399
vt 754.0127563476562 1
vt 754.0127563476562 -399
vt 760.0443725585938 -399
vt 760.0443725585938 -399
vt 754.0127563476562 -399
vt 756.4159545898438 -413.14215087890625
vt 754.0127563476562 -399
vt 750.8237915039062 -413.14215087890625
vt 756.4159545898438 -413.14215087890625
vt 756.4159545898438 -413.14215087890625
vt 750.8237915039062 -413.14215087890625
vt 747.65625 -419
vt 750.8237915039062 -413.14215087890625
vt 743.125 -419
vt 747.65625 -419
vt 743.125 21
vt 738.40625 21
vt 750.8237915039062 15.142135620117188
vt 738.40625 21
vt 744.9298095703125 15.142135620117188
vt 750.8237915039062 15.142135620117188
vt 750.8237915039062 15.142135620117188
vt 744.9298095703125 15.142135620117188
vt 754.0127563476562 1
vt 744.9298095703125 15.142135620117188
vt 747.6319580078125 1
vt 754.0127563476562 1
vt 754.0127563476562 1
vt 747.6319580078125 1
vt 754.0127563476562 -399
vt 747.6319580078125 1
vt 747.6319580078125 -399
vt 754.0127563476562 -399
vt 754.0127563476562 -399
vt 747.6319580078125 -399
vt 750.8237915039062 -413.14215087890625
vt 747.6319580078125 -399
vt 744.9298095703125 -413.14215087890625
vt 750.8237915039062 -413.14215087890625
vt 750.8237915039062 -413.14215087890625
vt 744.9298095703125 -413.14215087890625
vt 743.125 -419
vt 744.9298095703125 -413.14215087890625
vt 738.40625 -419
vt 743.125 -419
vt 738.40625 21
vt 733.5 21
vt 744.9298095703125 15.142135620117188
vt 733.5 21
vt 738.7579956054688 15.142135620117188
vt 744.9298095703125 15.142135620117188
vt 744.9298095703125 15.142135620117188
vt 738.7579956054688 15.142135620117188
vt 747.6319580078125 1
vt 738.7579956054688 15.142135620117188
vt 740.9359130859375 1
vt 747.6319580078125 1
vt 747.6319580078125 1
vt 740.9359130859375 1
vt 747.6319580078125 -399
vt 740.9359130859375 1
vt 740.9359130859375 -399
vt 747.6319580078125 -399
vt 747.6319580078125 -399
vt 740.9359130859375 -399
vt 744.9298095703125 -413.14215087890625
vt 740.9359130859375 -399
vt 738.7579956054688 -413.14215087890625
vt 744.9298095703125 -413.14215087890625
vt 744.9298095703125 -413.14215087890625
vt 738.7579956054688 -413.14215087890625
vt 738.40625 -419
vt 738.7579956054688 -413.14215087890625
vt 733.5 -419
vt 738.40625 -419
vt 733.5 21
vt 728.40625 21
vt 738.7579956054688 15.142135620117188
vt 728.40625 21
vt 732.3419189453125 15.142135620117188
vt 738.7579956054688 15.142135620117188
vt 738.7579956054688 15.142135620117188
vt 732.3419189453125 15.142135620117188
vt 740.9359130859375 1
vt 732.3419189453125 15.142135620117188
vt 733.97216796875 1
vt 740.9359130859375 1
vt 740.9359130859375 1
vt 733.97216796875 1
vt 740.9359130859375 -399
vt 733.97216796875 1
vt 733.97216796875 -399
vt 740.9359130859375 -399
vt 740.9359130859375 -399
vt 733.97216796875 -399
vt 738.7579956054688 -413.14215087890625
vt 733.97216796875 -399
vt 732.3419189453125 -413.14215087890625
vt 738.7579956054688 -413.14215087890625
vt 738.7579956054688 -413.14215087890625
vt 732.3419189453125 -413.14215087890625
vt 733.5 -419
vt 732.3419189453125 -413.14215087890625
vt 728.40625 -419
vt 733.5 -419
vt 728.40625 21
vt 723.125 21
vt 732.3419189453125 15.142135620117188
vt 723.125 21
vt 725.7203979492188 15.142135620117188
vt 732.3419189453125 15.142135620117188
vt 732.3419189453125 15.142135620117188
vt 725.7203979492188 15.142135620117188
vt 733.97216796875 1
vt 725.7203979492188 15.142135620117188
vt 726.79541015625 1
vt 733.97216796875 1
vt 733.97216796875 1
vt 726.79541015625 1
vt 733.97216796875 -399
vt 726.79541015625 1
vt 726.79541015625 -399
vt 733.97216796875 -399
vt 733.97216796875 -399
vt 726.79541015625 -399
vt 732.3419189453125 -413.14215087890625
vt 726.79541015625 -399
vt 725.7203979492188 -413.14215087890625
vt 732.3419189453125 -413.14215087890625
vt 732.3419189453125 -413.14215087890625
vt 725.7203979492188 -413.14215087890625
vt 728.40625 -419
vt 725.7203979492188 -413.14215087890625
vt 723.125 -419
vt 728.40625 -419
vt 723.125 21
vt 717.65625 21
vt 725.7203979492188 15.142135620117188
vt 717.65625 21
vt 718.9319458007812 15.142135620117188
vt 725.7203979492188 15.142135620117188
vt 725.7203979492188 15.142135620117188
vt 718.9319458007812 15.142135620117188
vt 726.79541015625 1
vt 718.9319458007812 15.142135620117188
vt 719.4603271484375 1
vt 726.79541015625 1
vt 726.79541015625 1
vt 719.4603271484375 1
vt 726.79541015625 -399
vt 719.4603271484375 1
vt 719.4603271484375 -399
vt 726.79541015625 -399
vt 726.79541015625 -399
vt 719.4603271484375 -399
vt 725.7203979492188 -413.14215087890625
vt 719.4603271484375 -399
vt 718.9319458007812 -413.14215087890625
vt 725.7203979492188 -413.14215087890625
vt 725.7203979492188 -413.14215087890625
vt 718.9319458007812 -413.14215087890625
vt 723.125 -419
vt 718.9319458007812 -413.14215087890625
vt 717.65625 -419
vt 723.125 -419
vt 717.65625 21
vt 712 21
vt 718.9319458007812 15.142135620117188
vt 712 21
vt 712.3123779296875 15.142135620117188
vt 718.9319458007812 15.142135620117188
vt 718.9319458007812 15.142135620117188
vt 712.3123779296875 15.142135620117188
vt 719.4603271484375 1
vt 712.3123779296875 15.142135620117188
vt 712.4417724609375 1
vt 719.4603271484375 1
vt 719.4603271484375 1
vt 712.4417724609375 1
vt 719.4603271484375 -399
vt 712.4417724609375 1
vt 712.4417724609375 -399
vt 719.4603271484375 -399
vt 719.4603271484375 -399
vt 712.4417724609375 -399
vt 718.9319458007812 -413.14215087890625
vt 712.4417724609375 -399
vt 712.3123779296875 -413.14215087890625
vt 718.9319458007812 -413.14215087890625
vt 718.9319458007812 -413.14215087890625
vt 712.3123779296875 -413.14215087890625
vt 717.65625 -419
vt 712.3123779296875 -413.14215087890625
vt 712 -419
vt 717.65625 -419
vt 712 21
vt 84 21
vt 712.3123779296875 15.142135620117188
vt 84 21
vt 83.52912139892578 15.142135620117188
vt 712.3123779296875 15.142135620117188
vt 712.3123779296875 15.142135620117188
vt 83.52912139892578 15.142135620117188
vt 712.4417724609375 1
vt 83.52912139892578 15.142135620117188
vt 83.33407592773438 1
vt 712.4417724609375 1
vt 712.4417724609375 1
vt 83.33407592773438 1
vt 712.4417724609375 -399
vt 83.33407592773438 1
vt 83.33407592773438 -399
vt 712.4417724609375 -399
vt 712.4417724609375 -399
vt 83.33407592773438 -399
vt 712.3123779296875 -413.14215087890625
vt 83.33407592773438 -399
vt 83.52912139892578 -413.14215087890625
vt 712.3123779296875 -413.14215087890625
vt 712.3123779296875 -413.14215087890625
vt 83.52912139892578 -413.14215087890625
vt 712 -419
vt 83.52912139892578 -413.14215087890625
vt 84 -419
vt 712 -419
vt 84 21
vt 78.140625 21
vt 83.52912139892578 15.142135620117188
vt 78.140625 21
vt 76.06698608398438 15.142135620117188
vt 83.52912139892578 15.142135620117188
vt 83.52912139892578 15.142135620117188
vt 76.06698608398438 15.142135620117188
vt 83.33407592773438 1
vt 76.06698608398438 15.142135620117188
vt 75.20806121826172 1
vt 83.33407592773438 1
vt 83.33407592773438 1
vt 75.20806121826172 1
vt 83.33407592773438 -399
vt 75.20806121826172 1
vt 75.20806121826172 -399
vt 83.33407592773438 -399
vt 83.33407592773438 -399
vt 75.20806121826172 -399
vt 83.52912139892578 -413.14215087890625
vt 75.20806121826172 -399
vt 76.06698608398438 -413.14215087890625
vt 83.52912139892578 -413.14215087890625
vt 83.52912139892578 -413.14215087890625
vt 76.06698608398438 -413.14215087890625
vt 84 -419
vt 76.06698608398438 -413.14215087890625
vt 78.140625 -419
vt 84 -419
vt 78.140625 21
vt 73.0625 21
vt 76.06698608398438 15.142135620117188
vt 73.0625 21
vt 68.50109100341797 15.142135620117188
vt 76.06698608398438 15.142135620117188
vt 76.06698608398438 15.142135620117188
vt 68.50109100341797 15.142135620117188
vt 75.20806121826172 1
vt 68.50109100341797 15.142135620117188
vt 66.6116943359375 1
vt 75.20806121826172 1
vt 75.20806121826172 1
vt 66.6116943359375 1
vt 75.20806121826172 -399
vt 66.6116943359375 1
vt 66.6116943359375 -399
vt 75.20806121826172 -399
vt 75.20806121826172 -399
vt 66.6116943359375 -399
vt 76.06698608398438 -413.14215087890625
vt 66.6116943359375 -399
vt 68.50109100341797 -413.14215087890625
vt 76.06698608398438 -413.14215087890625
vt 76.06698608398438 -413.14215087890625
vt 68.50109100341797 -413.14215087890625
vt 78.140625 -419
vt 68.50109100341797 -413.14215087890625
vt 73.0625 -419
vt 78.140625 -419
vt 73.0625 21
vt 68.765625 21
vt 68.50109100341797 15.142135620117188
vt 68.765625 21
vt 61.39762496948242 15.142135620117188
vt 68.50109100341797 15.142135620117188
vt 68.50109100341797 15.142135620117188
vt 61.39762496948242 15.142135620117188
vt 66.6116943359375 1
vt 61.39762496948242 15.142135620117188
vt 58.345699310302734 1
vt 66.6116943359375 1
vt 66.6116943359375 1
vt 58.345699310302734 1
vt 66.6116943359375 -399
vt 58.345699310302734 1
vt 58.345699310302734 -399
vt 66.6116943359375 -399
vt 66.6116943359375 -399
vt 58.345699310302734 -399
vt 68.50109100341797 -413.14215087890625
vt 58.345699310302734 -399
vt 61.39762496948242 -413.14215087890625
vt 68.50109100341797 -413.14215087890625
vt 68.50109100341797 -413.14215087890625
vt 61.39762496948242 -413.14215087890625
vt 73.0625 -419
vt 61.39762496948242 -413.14215087890625
vt 68.765625 -419
vt 73.0625 -419
vt 68.765625 21
vt 65.25 21
vt 61.39762496948242 15.142135620117188
vt 65.25 21
vt 55.172176361083984 15.142135620117188
vt 61.39762496948242 15.142135620117188
vt 61.39762496948242 15.142135620117188
vt 55.172176361083984 15.142135620117188
vt 58.345699310302734 1
vt 55.172176361083984 15.142135620117188
vt 50.997806549072266 1
vt 58.345699310302734 1
vt 58.345699310302734 1
vt 50.997806549072266 1
vt 58.345699310302734 -399
vt 50.997806549072266 1
vt 50.997806549072266 -399
vt 58.345699310302734 -399
vt 58.345699310302734 -399
vt 50.997806549072266 -399
vt 61.39762496948242 -413.14215087890625
vt 50.997806549072266 -399
vt 55.172176361083984 -413.14215087890625
vt 61.39762496948242 -413.14215087890625
vt 61.39762496948242 -413.14215087890625
vt 55.172176361083984 -413.14215087890625
vt 68.765625 -419
vt 55.172176361083984 -413.14215087890625
vt 65.25 -419
vt 68.765625 -419
vt 1326.75 21
vt 1323.234375 21
vt 1336.827880859375 15.142135620117188
vt 1323.234375 21
vt 1330.6024169921875 15.142135620117188
vt 1336.827880859375 15.142135620117188
vt 1336.827880859375 15.142135620117188
vt 1330.6024169921875 15.142135620117188
vt 1341.002197265625 1
vt 1330.6024169921875 15.142135620117188
vt 1333.654296875 1
vt 1341.002197265625 1
vt 1341.002197265625 1
vt 1333.654296875 1
vt 1341.002197265625 -399
vt 1333.654296875 1
vt 1333.654296875 -399
vt 1341.002197265625 -399
vt 1341.002197265625 -399
vt 1333.654296875 -399
vt 1336.827880859375 -413.14215087890625
vt 1333.654296875 -399
vt 1330.6024169921875 -413.14215087890625
vt 1336.827880859375 -413.14215087890625
vt 1336.827880859375 -413.14215087890625
vt 1330.6024169921875 -413.14215087890625
vt 1326.75 -419
vt 1330.6024169921875 -413.14215087890625
vt 1323.234375 -419
vt 1326.75 -419
vt 1323.234375 21
vt 1318.9375 21
vt 1330.6024169921875 15.142135620117188
vt 1318.9375 21
vt 1323.4989013671875 15.142135620117188
vt 1330.6024169921875 15.142135620117188
vt 1330.6024169921875 15.142135620117188
vt 1323.4989013671875 15.142135620117188
vt 1333.654296875 1
vt 1323.4989013671875 15.142135620117188
vt 1325.3883056640625 1
vt 1333.654296875 1
vt 1333.654296875 1
vt 1325.3883056640625 1
vt 1333.654296875 -399
vt 1325.3883056640625 1
vt 1325.3883056640625 -399
vt 1333.654296875 -399
vt 1333.654296875 -399
vt 1325.3883056640625 -399
vt 1330.6024169921875 -413.14215087890625
vt 1325.3883056640625 -399
vt 1323.4989013671875 -413.14215087890625
vt 1330.6024169921875 -413.14215087890625
vt 1330.6024169921875 -413.14215087890625
vt 1323.4989013671875 -413.14215087890625
vt 1323.234375 -419
vt 1323.4989013671875 -413.14215087890625
vt 1318.9375 -419
vt 1323.234375 -419
vt 1318.9375 21
vt 1313.859375 21
vt 1323.4989013671875 15.142135620117188
vt 1313.859375 21
vt 1315.9329833984375 15.142135620117188
vt 1323.4989013671875 15.142135620117188
vt 1323.4989013671875 15.142135620117188
vt 1315.9329833984375 15.142135620117188
vt 1325.3883056640625 1
vt 1315.9329833984375 15.142135620117188
vt 1316.7919921875 1
vt 1325.3883056640625 1
vt 1325.3883056640625 1
vt 1316.7919921875 1
vt 1325.3883056640625 -399
vt 1316.7919921875 1
vt 1316.7919921875 -399
vt 1325.3883056640625 -399
vt 1325.3883056640625 -399
vt 1316.7919921875 -399
vt 1323.4989013671875 -413.14215087890625
vt 1316.7919921875 -399
vt 1315.9329833984375 -413.14215087890625
vt 1323.4989013671875 -413.14215087890625
vt 1323.4989013671875 -413.14215087890625
vt 1315.9329833984375 -413.14215087890625
vt 1318.9375 -419
vt 1315.9329833984375 -413.14215087890625
vt 1313.859375 -419
vt 1318.9375 -419
vt 1313.859375 21
vt 1308 21
vt 1315.9329833984375 15.142135620117188
vt 1308 21
vt 1308.4708251953125 15.142135620117188
vt 1315.9329833984375 15.142135620117188
vt 1315.9329833984375 15.142135620117188
vt 1308.4708251953125 15.142135620117188
vt 1316.7919921875 1
vt 1308.4708251953125 15.142135620117188
vt 1308.6658935546875 1
vt 1316.7919921875 1
vt 1316.7919921875 1
vt 1308.6658935546875 1
vt 1316.7919921875 -399
vt 1308.6658935546875 1
vt 1308.6658935546875 -399
vt 1316.7919921875 -399
vt 1316.7919921875 -399
vt 1308.6658935546875 -399
vt 1315.9329833984375 -413.14215087890625
vt 1308.6658935546875 -399
vt 1308.4708251953125 -413.14215087890625
vt 1315.9329833984375 -413.14215087890625
vt 1315.9329833984375 -413.14215087890625
vt 1308.4708251953125 -413.14215087890625
vt 1313.859375 -419
vt 1308.4708251953125 -413.14215087890625
vt 1308 -419
vt 1313.859375 -419
vt 1308 21
vt 25 21
vt 1308.4708251953125 15.142135620117188
vt 25 21
vt 24.529117584228516 15.142135620117188
vt 1308.4708251953125 15.142135620117188
vt 1308.4708251953125 15.142135620117188
vt 24.529117584228516 15.142135620117188
vt 1308.6658935546875 1
vt 24.529117584228516 15.142135620117188
vt 24.33407211303711 1
vt 1308.6658935546875 1
vt 1308.6658935546875 1
vt 24.33407211303711 1
vt 1308.6658935546875 -399
vt 24.33407211303711 1
vt 24.33407211303711 -399
vt 1308.6658935546875 -399
vt 1308.6658935546875 -399
vt 24.33407211303711 -399
vt 1308.4708251953125 -413.14215087890625
vt 24.33407211303711 -399
vt 24.529117584228516 -413.14215087890625
vt 1308.4708251953125 -413.14215087890625
vt 1308.4708251953125 -413.14215087890625
vt 24.529117584228516 -413.14215087890625
vt 1308 -419
vt 24.529117584228516 -413.14215087890625
vt 25 -419
vt 1308 -419
vt 25 21
vt 19.140625 21
vt 24.529117584228516 15.142135620117188
vt 19.140625 21
vt 17.066986083984375 15.142135620117188
vt 24.529117584228516 15.142135620117188
vt 24.529117584228516 15.142135620117188
vt 17.066986083984375 15.142135620117188
vt 24.33407211303711 1
vt 17.066986083984375 15.142135620117188
vt 16.208057403564453 1
vt 24.33407211303711 1
vt 24.33407211303711 1
vt 16.208057403564453 1
vt 24.33407211303711 -399
vt 16.208057403564453 1
vt 16.208057403564453 -399
vt 24.33407211303711 -399
vt 24.33407211303711 -399
vt 16.208057403564453 -399
vt 24.529117584228516 -413.14215087890625
vt 16.208057403564453 -399
vt 17.066986083984375 -413.14215087890625
vt 24.529117584228516 -413.14215087890625
vt 24.529117584228516 -413.14215087890625
vt 17.066986083984375 -413.14215087890625
vt 25 -419
vt 17.066986083984375 -413.14215087890625
vt 19.140625 -419
vt 25 -419
vt 19.140625 21
vt 14.0625 21
vt 17.066986083984375 15.142135620117188
vt 14.0625 21
vt 9.501090049743652 15.142135620117188
vt 17.066986083984375 15.142135620117188
vt 17.066986083984375 15.142135620117188
vt 9.501090049743652 15.142135620117188
vt 16.208057403564453 1
vt 9.501090049743652 15.142135620117188
vt 7.611691951751709 1
vt 16.208057403564453 1
vt 16.208057403564453 1
vt 7.611691951751709 1
vt 16.208057403564453 -399
vt 7.611691951751709 1
vt 7.611691951751709 -399
vt 16.208057403564453 -399
vt 16.208057403564453 -399
vt 7.611691951751709 -399
vt 17.066986083984375 -413.14215087890625
vt 7.611691951751709 -399
vt 9.501090049743652 -413.14215087890625
vt 17.066986083984375 -413.14215087890625
vt 17.066986083984375 -413.14215087890625
vt 9.501090049743652 -413.14215087890625
vt 19.140625 -419
vt 9.501090049743652 -413.14215087890625
vt 14.0625 -419
vt 19.140625 -419
vt 14.0625 21
vt 9.765625 21
vt 9.501090049743652 15.142135620117188
vt 9.765625 21
vt 2.3976240158081055 15.142135620117188
vt 9.501090049743652 15.142135620117188
vt 9.501090049743652 15.142135620117188
vt 2.3976240158081055 15.142135620117188
vt 7.611691951751709 1
vt 2.3976240158081055 15.142135620117188
vt -0.6543018817901611 1
vt 7.611691951751709 1
vt 7.611691951751709 1
vt -0.6543018817901611 1
vt 7.611691951751709 -399
vt -0.6543018817901611 1
vt -0.6543018817901611 -399
vt 7.611691951751709 -399
vt 7.611691951751709 -399
vt -0.6543018817901611 -399
vt 9.501090049743652 -413.14215087890625
vt -0.6543018817901611 -399
vt 2.3976240158081055 -413.14215087890625
vt 9.501090049743652 -413.14215087890625
vt 9.501090049743652 -413.14215087890625
vt 2.3976240158081055 -413.14215087890625
vt 14.0625 -419
vt 2.3976240158081055 -413.14215087890625
vt 9.765625 -419
vt 14.0625 -419
vt 9.765625 21
vt 6.25 21
vt 2.3976240158081055 15.142135620117188
vt 6.25 21
vt -3.827822208404541 15.142135620117188
vt 2.3976240158081055 15.142135620117188
vt 2.3976240158081055 15.142135620117188
vt -3.827822208404541 15.142135620117188
vt -0.6543018817901611 1
vt -3.827822208404541 15.142135620117188
vt -8.002192497253418 1
vt -0.6543018817901611 1
vt -0.6543018817901611 1
vt -8.002192497253418 1
vt -0.6543018817901611 -399
vt -8.002192497253418 1
vt -8.002192497253418 -399
vt -0.6543018817901611 -399
vt -0.6543018817901611 -399
vt -8.002192497253418 -399
vt 2.3976240158081055 -413.14215087890625
vt -8.002192497253418 -399
vt -3.827822208404541 -413.14215087890625
vt 2.3976240158081055 -413.14215087890625
vt 2.3976240158081055 -413.14215087890625
vt -3.827822208404541 -413.14215087890625
vt 9.765625 -419
vt -3.827822208404541 -413.14215087890625
vt 6.25 -419
vt 9.765625 -419
vt 65.25 21
vt 68.765625 21
vt 55.172176361083984 15.142135620117188
vt 68.765625 21
vt 61.39762496948242 15.142135620117188
vt 55.172176361083984 15.142135620117188
vt 55.172176361083984 15.142135620117188
vt 61.39762496948242 15.142135620117188
vt 50.997806549072266 1
vt 61.39762496948242 15.142135620117188
vt 58.345699310302734 1
vt 50.997806549072266 1
vt 50.997806549072266 1
vt 58.345699310302734 1
vt 50.997806549072266 -399
vt 58.345699310302734 1
vt 58.345699310302734 -399
vt 50.997806549072266 -399
vt 50.997806549072266 -399
vt 58.345699310302734 -399
vt 55.172176361083984 -413.14215087890625
vt 58.345699310302734 -399
vt 61.39762496948242 -413.14215087890625
vt 55.172176361083984 -413.14215087890625
vt 55.172176361083984 -413.14215087890625
vt 61.39762496948242 -413.14215087890625
vt 65.25 -419
vt 61.39762496948242 -413.14215087890625
vt 68.765625 -419
vt 65.25 -419
vt 68.765625 21
vt 73.0625 21
vt 61.39762496948242 15.142135620117188
vt 73.0625 21
vt 68.50109100341797 15.142135620117188
vt 61.39762496948242 15.142135620117188
vt 61.39762496948242 15.142135620117188
vt 68.50109100341797 15.142135620117188
vt 58.345699310302734 1
vt 68.50109100341797 15.142135620117188
vt 66.6116943359375 1
vt 58.345699310302734 1
vt 58.345699310302734 1
vt 66.6116943359375 1
vt 58.345699310302734 -399
vt 66.6116943359375 1
vt 66.6116943359375 -399
vt 58.345699310302734 -399
vt 58.345699310302734 -399
vt 66.6116943359375 -399
vt 61.39762496948242 -413.14215087890625
vt 66.6116943359375 -399
vt 68.50109100341797 -413.14215087890625
vt 61.39762496948242 -413.14215087890625
vt 61.39762496948242 -413.14215087890625
vt 68.50109100341797 -413.14215087890625
vt 68.765625 -419
vt 68.50109100341797 -413.14215087890625
vt 73.0625 -419
vt 68.765625 -419
vt 73.0625 21
vt 78.140625 21
vt 68.50109100341797 15.142135620117188
vt 78.140625 21
vt 76.06698608398438 15.142135620117188
vt 68.50109100341797 15.142135620117188
vt 68.50109100341797 15.142135620117188
vt 76.06698608398438 15.142135620117188
vt 66.6116943359375 1
vt 76.06698608398438 15.142135620117188
vt 75.20806121826172 1
vt 66.6116943359375 1
vt 66.6116943359375 1
vt 75.20806121826172 1
vt 66.6116943359375 -399
vt 75.20806121826172 1
vt 75.20806121826172 -399
vt 66.6116943359375 -399
vt 66.6116943359375 -399
vt 75.20806121826172 -399
vt 68.50109100341797 -413.14215087890625
vt 75.20806121826172 -399
vt 76.06698608398438 -413.14215087890625
vt 68.50109100341797 -413.14215087890625
vt 68.50109100341797 -413.14215087890625
vt 76.06698608398438 -413.14215087890625
vt 73.0625 -419
vt 76.06698608398438 -413.14215087890625
vt 78.140625 -419
vt 73.0625 -419
vt 78.140625 21
vt 84 21
vt 76.06698608398438 15.142135620117188
vt 84 21
vt 83.52912139892578 15.142135620117188
vt 76.06698608398438 15.142135620117188
vt 76.06698608398438 15.142135620117188
vt 83.52912139892578 15.142135620117188
vt 75.20806121826172 1
vt 83.52912139892578 15.142135620117188
vt 83.33407592773438 1
vt 75.20806121826172 1
vt 75.20806121826172 1
vt 83.33407592773438 1
vt 75.20806121826172 -399
vt 83.33407592773438 1
vt 83.33407592773438 -399
vt 75.20806121826172 -399
vt 75.20806121826172 -399
vt 83.33407592773438 -399
vt 76.06698608398438 -413.14215087890625
vt 83.33407592773438 -399
vt 83.52912139892578 -413.14215087890625
vt 76.06698608398438 -413.14215087890625
vt 76.06698608398438 -413.14215087890625
vt 83.52912139892578 -413.14215087890625
vt 78.140625 -419
vt 83.52912139892578 -413.14215087890625
vt 84 -419
vt 78.140625 -419
vt 84 21
vt 712 21
vt 83.52912139892578 15.142135620117188
vt 712 21
vt 712.3319091796875 15.142135620117188
vt 83.52912139892578 15.142135620117188
vt 83.52912139892578 15.142135620117188
vt 712.3319091796875 15.142135620117188
vt 83.33407592773438 1
vt 712.3319091796875 15.142135620117188
vt 712.4693603515625 1
vt 83.33407592773438 1
vt 83.33407592773438 1
vt 712.4693603515625 1
vt 83.33407592773438 -399
vt 712.4693603515625 1
vt 712.4693603515625 -399
vt 83.33407592773438 -399
vt 83.33407592773438 -399
vt 712.4693603515625 -399
vt 83.52912139892578 -413.14215087890625
vt 712.4693603515625 -399
vt 712.3319091796875 -413.14215087890625
vt 83.52912139892578 -413.14215087890625
vt 83.52912139892578 -413.14215087890625
vt 712.3319091796875 -413.14215087890625
vt 84 -419
vt 712.3319091796875 -413.14215087890625
vt 712 -419
vt 84 -419
vt 510 21
vt 498.09375 21
vt 510 15.142135620117188
vt 498.09375 21
vt 499.13836669921875 15.142135620117188
vt 510 15.142135620117188
vt 510 15.142135620117188
vt 499.13836669921875 15.142135620117188
vt 510 1
vt 499.13836669921875 15.142135620117188
vt 499.5710754394531 1
vt 510 1
vt 510 1
vt 499.5710754394531 1
vt 510 -399
vt 499.5710754394531 1
vt 499.5710754394531 -399
vt 510 -399
vt 510 -399
vt 499.5710754394531 -399
vt 510 -413.14215087890625
vt 499.5710754394531 -399
vt 499.13836669921875 -413.14215087890625
vt 510 -413.14215087890625
vt 510 -413.14215087890625
vt 499.13836669921875 -413.14215087890625
vt 510 -419
vt 499.13836669921875 -413.14215087890625
vt 498.09375 -419
vt 510 -419
vt 498.09375 21
vt 486.875 21
vt 499.13836669921875 15.142135620117188
vt 486.875 21
vt 489.0603942871094 15.142135620117188
vt 499.13836669921875 15.142135620117188
vt 499.13836669921875 15.142135620117188
vt 489.0603942871094 15.142135620117188
vt 499.5710754394531 1
vt 489.0603942871094 15.142135620117188
vt 489.9656066894531 1
vt 499.5710754394531 1
vt 499.5710754394531 1
vt 489.9656066894531 1
vt 499.5710754394531 -399
vt 489.9656066894531 1
vt 489.9656066894531 -399
vt 499.5710754394531 -399
vt 499.5710754394531 -399
vt 489.9656066894531 -399
vt 499.13836669921875 -413.14215087890625
vt 489.9656066894531 -399
vt 489.0603942871094 -413.14215087890625
vt 499.13836669921875 -413.14215087890625
vt 499.13836669921875 -413.14215087890625
vt 489.0603942871094 -413.14215087890625
vt 498.09375 -419
vt 489.0603942871094 -413.14215087890625
vt 486.875 -419
vt 498.09375 -419
vt 486.875 21
vt 476.34375 21
vt 489.0603942871094 15.142135620117188
vt 476.34375 21
vt 479.7718811035156 15.142135620117188
vt 489.0603942871094 15.142135620117188
vt 489.0603942871094 15.142135620117188
vt 479.7718811035156 15.142135620117188
vt 489.9656066894531 1
vt 479.7718811035156 15.142135620117188
vt 481.19183349609375 1
vt 489.9656066894531 1
vt 489.9656066894531 1
vt 481.19183349609375 1
vt 489.9656066894531 -399
vt 481.19183349609375 1
vt 481.19183349609375 -399
vt 489.9656066894531 -399
vt 489.9656066894531 -399
vt 481.19183349609375 -399
vt 489.0603942871094 -413.14215087890625
vt 481.19183349609375 -399
vt 479.7718811035156 -413.14215087890625
vt 489.0603942871094 -413.14215087890625
vt 489.0603942871094 -413.14215087890625
vt 479.7718811035156 -413.14215087890625
vt 486.875 -419
vt 479.7718811035156 -413.14215087890625
vt 476.34375 -419
vt 486.875 -419
vt 476.34375 21
vt 466.5 21
vt 479.7718811035156 15.142135620117188
vt 466.5 21
vt 471.252685546875 15.142135620117188
vt 479.7718811035156 15.142135620117188
vt 479.7718811035156 15.142135620117188
vt 471.252685546875 15.142135620117188
vt 481.19183349609375 1
vt 471.252685546875 15.142135620117188
vt 473.2213134765625 1
vt 481.19183349609375 1
vt 481.19183349609375 1
vt 473.2213134765625 1
vt 481.19183349609375 -399
vt 473.2213134765625 1
vt 473.2213134765625 -399
vt 481.19183349609375 -399
vt 481.19183349609375 -399
vt 473.2213134765625 -399
vt 479.7718811035156 -413.14215087890625
vt 473.2213134765625 -399
vt 471.252685546875 -413.14215087890625
vt 479.7718811035156 -413.14215087890625
vt 479.7718811035156 -413.14215087890625
vt 471.252685546875 -413.14215087890625
vt 476.34375 -419
vt 471.252685546875 -413.14215087890625
vt 466.5 -419
vt 476.34375 -419
vt 466.5 21
vt 457.34375 21
vt 471.252685546875 15.142135620117188
vt 457.34375 21
vt 463.4682312011719 15.142135620117188
vt 471.252685546875 15.142135620117188
vt 471.252685546875 15.142135620117188
vt 463.4682312011719 15.142135620117188
vt 473.2213134765625 1
vt 463.4682312011719 15.142135620117188
vt 466.00506591796875 1
vt 473.2213134765625 1
vt 473.2213134765625 1
vt 466.00506591796875 1
vt 473.2213134765625 -399
vt 466.00506591796875 1
vt 466.00506591796875 -399
vt 473.2213134765625 -399
vt 473.2213134765625 -399
vt 466.00506591796875 -399
vt 471.252685546875 -413.14215087890625
vt 466.00506591796875 -399
vt 463.4682312011719 -413.14215087890625
vt 471.252685546875 -413.14215087890625
vt 471.252685546875 -413.14215087890625
vt 463.4682312011719 -413.14215087890625
vt 466.5 -419
vt 463.4682312011719 -413.14215087890625
vt 457.34375 -419
vt 466.5 -419
vt 457.34375 21
vt 448.875 21
vt 463.4682312011719 15.142135620117188
vt 448.875 21
vt 456.3704528808594 15.142135620117188
vt 463.4682312011719 15.142135620117188
vt 463.4682312011719 15.142135620117188
vt 456.3704528808594 15.142135620117188
vt 466.00506591796875 1
vt 456.3704528808594 15.142135620117188
vt 459.47515869140625 1
vt 466.00506591796875 1
vt 466.00506591796875 1
vt 459.47515869140625 1
vt 466.00506591796875 -399
vt 459.47515869140625 1
vt 459.47515869140625 -399
vt 466.00506591796875 -399
vt 466.00506591796875 -399
vt 459.47515869140625 -399
vt 463.4682312011719 -413.14215087890625
vt 459.47515869140625 -399
vt 456.3704528808594 -413.14215087890625
vt 463.4682312011719 -413.14215087890625
vt 463.4682312011719 -413.14215087890625
vt 456.3704528808594 -413.14215087890625
vt 457.34375 -419
vt 456.3704528808594 -413.14215087890625
vt 448.875 -419
vt 457.34375 -419
vt 448.875 21
vt 441.09375 21
vt 456.3704528808594 15.142135620117188
vt 441.09375 21
vt 449.90338134765625 15.142135620117188
vt 456.3704528808594 15.142135620117188
vt 456.3704528808594 15.142135620117188
vt 449.90338134765625 15.142135620117188
vt 459.47515869140625 1
vt 449.90338134765625 15.142135620117188
vt 453.55242919921875 1
vt 459.47515869140625 1
vt 459.47515869140625 1
vt 453.55242919921875 1
vt 459.47515869140625 -399
vt 453.55242919921875 1
vt 453.55242919921875 -399
vt 459.47515869140625 -399
vt 459.47515869140625 -399
vt 453.55242919921875 -399
vt 456.3704528808594 -413.14215087890625
vt 453.55242919921875 -399
vt 449.90338134765625 -413.14215087890625
vt 456.3704528808594 -413.14215087890625
vt 456.3704528808594 -413.14215087890625
vt 449.90338134765625 -413.14215087890625
vt 448.875 -419
vt 449.90338134765625 -413.14215087890625
vt 441.09375 -419
vt 448.875 -419
vt 441.09375 21
vt 434 21
vt 449.90338134765625 15.142135620117188
vt 434 21
vt 444.0278015136719 15.142135620117188
vt 449.90338134765625 15.142135620117188
vt 449.90338134765625 15.142135620117188
vt 444.0278015136719 15.142135620117188
vt 453.55242919921875 1
vt 444.0278015136719 15.142135620117188
vt 448.18145751953125 1
vt 453.55242919921875 1
vt 453.55242919921875 1
vt 448.18145751953125 1
vt 453.55242919921875 -399
vt 448.18145751953125 1
vt 448.18145751953125 -399
vt 453.55242919921875 -399
vt 453.55242919921875 -399
vt 448.18145751953125 -399
vt 449.90338134765625 -413.14215087890625
vt 448.18145751953125 -399
vt 444.0278015136719 -413.14215087890625
vt 449.90338134765625 -413.14215087890625
vt 449.90338134765625 -413.14215087890625
vt 444.0278015136719 -413.14215087890625
vt 441.09375 -419
vt 444.0278015136719 -413.14215087890625
vt 434 -419
vt 441.09375 -419
vt 337 21
vt 344.125 21
vt 347.0059509277344 15.142135620117188
vt 344.125 21
vt 352.8921203613281 15.142135620117188
vt 347.0059509277344 15.142135620117188
vt 347.0059509277344 15.142135620117188
vt 352.8921203613281 15.142135620117188
vt 351.1505432128906 1
vt 352.8921203613281 15.142135620117188
vt 356.5235595703125 1
vt 351.1505432128906 1
vt 351.1505432128906 1
vt 356.5235595703125 1
vt 351.1505432128906 -399
vt 356.5235595703125 1
vt 356.5235595703125 -399
vt 351.1505432128906 -399
vt 351.1505432128906 -399
vt 356.5235595703125 -399
vt 347.0059509277344 -413.14215087890625
vt 356.5235595703125 -399
vt 352.8921203613281 -413.14215087890625
vt 347.0059509277344 -413.14215087890625
vt 347.0059509277344 -413.14215087890625
vt 352.8921203613281 -413.14215087890625
vt 337 -419
vt 352.8921203613281 -413.14215087890625
vt 344.125 -419
vt 337 -419
vt 344.125 21
vt 352 21
vt 352.8921203613281 15.142135620117188
vt 352 21
vt 359.4158020019531 15.142135620117188
vt 352.8921203613281 15.142135620117188
vt 352.8921203613281 15.142135620117188
vt 359.4158020019531 15.142135620117188
vt 356.5235595703125 1
vt 359.4158020019531 15.142135620117188
vt 362.487548828125 1
vt 356.5235595703125 1
vt 356.5235595703125 1
vt 362.487548828125 1
vt 356.5235595703125 -399
vt 362.487548828125 1
vt 362.487548828125 -399
vt 356.5235595703125 -399
vt 356.5235595703125 -399
vt 362.487548828125 -399
vt 352.8921203613281 -413.14215087890625
vt 362.487548828125 -399
vt 359.4158020019531 -413.14215087890625
vt 352.8921203613281 -413.14215087890625
vt 352.8921203613281 -413.14215087890625
vt 359.4158020019531 -413.14215087890625
vt 344.125 -419
vt 359.4158020019531 -413.14215087890625
vt 352 -419
vt 344.125 -419
vt 352 21
vt 360.625 21
vt 359.4158020019531 15.142135620117188
vt 360.625 21
vt 366.64752197265625 15.142135620117188
vt 359.4158020019531 15.142135620117188
vt 359.4158020019531 15.142135620117188
vt 366.64752197265625 15.142135620117188
vt 362.487548828125 1
vt 366.64752197265625 15.142135620117188
vt 369.14215087890625 1
vt 362.487548828125 1
vt 362.487548828125 1
vt 369.14215087890625 1
vt 362.487548828125 -399
vt 369.14215087890625 1
vt 369.14215087890625 -399
vt 362.487548828125 -399
vt 362.487548828125 -399
vt 369.14215087890625 -399
vt 359.4158020019531 -413.14215087890625
vt 369.14215087890625 -399
vt 366.64752197265625 -413.14215087890625
vt 359.4158020019531 -413.14215087890625
vt 359.4158020019531 -413.14215087890625
vt 366.64752197265625 -413.14215087890625
vt 352 -419
vt 366.64752197265625 -413.14215087890625
vt 360.625 -419
vt 352 -419
vt 360.625 21
vt 370 21
vt 366.64752197265625 15.142135620117188
vt 370 21
vt 374.6460876464844 15.142135620117188
vt 366.64752197265625 15.142135620117188
vt 366.64752197265625 15.142135620117188
vt 374.6460876464844 15.142135620117188
vt 369.14215087890625 1
vt 374.6460876464844 15.142135620117188
vt 376.570556640625 1
vt 369.14215087890625 1
vt 369.14215087890625 1
vt 376.570556640625 1
vt 369.14215087890625 -399
vt 376.570556640625 1
vt 376.570556640625 -399
vt 369.14215087890625 -399
vt 369.14215087890625 -399
vt 376.570556640625 -399
vt 366.64752197265625 -413.14215087890625
vt 376.570556640625 -399
vt 374.6460876464844 -413.14215087890625
vt 366.64752197265625 -413.14215087890625
vt 366.64752197265625 -413.14215087890625
vt 374.6460876464844 -413.14215087890625
vt 360.625 -419
vt 374.6460876464844 -413.14215087890625
vt 370 -419
vt 360.625 -419
vt 370 21
vt 380.125 21
vt 374.6460876464844 15.142135620117188
vt 380.125 21
vt 383.45843505859375 15.142135620117188
vt 374.6460876464844 15.142135620117188
vt 374.6460876464844 15.142135620117188
vt 383.45843505859375 15.142135620117188
vt 376.570556640625 1
vt 383.45843505859375 15.142135620117188
vt 384.83917236328125 1
vt 376.570556640625 1
vt 376.570556640625 1
vt 384.83917236328125 1
vt 376.570556640625 -399
vt 384.83917236328125 1
vt 384.83917236328125 -399
vt 376.570556640625 -399
vt 376.570556640625 -399
vt 384.83917236328125 -399
vt 374.6460876464844 -413.14215087890625
vt 384.83917236328125 -399
vt 383.45843505859375 -413.14215087890625
vt 374.6460876464844 -413.14215087890625
vt 374.6460876464844 -413.14215087890625
vt 383.45843505859375 -413.14215087890625
vt 370 -419
vt 383.45843505859375 -413.14215087890625
vt 380.125 -419
vt 370 -419
vt 380.125 21
vt 391 21
vt 383.45843505859375 15.142135620117188
vt 391 21
vt 393.11541748046875 15.142135620117188
vt 383.45843505859375 15.142135620117188
vt 383.45843505859375 15.142135620117188
vt 393.11541748046875 15.142135620117188
vt 384.83917236328125 1
vt 393.11541748046875 15.142135620117188
vt 393.99163818359375 1
vt 384.83917236328125 1
vt 384.83917236328125 1
vt 393.99163818359375 1
vt 384.83917236328125 -399
vt 393.99163818359375 1
vt 393.99163818359375 -399
vt 384.83917236328125 -399
vt 384.83917236328125 -399
vt 393.99163818359375 -399
vt 383.45843505859375 -413.14215087890625
vt 393.99163818359375 -399
vt 393.11541748046875 -413.14215087890625
vt 383.45843505859375 -413.14215087890625
vt 383.45843505859375 -413.14215087890625
vt 393.11541748046875 -413.14215087890625
vt 380.125 -419
vt 393.11541748046875 -413.14215087890625
vt 391 -419
vt 380.125 -419
vt 391 21
vt 402.625 21
vt 393.11541748046875 15.142135620117188
vt 402.625 21
vt 403.63262939453125 15.142135620117188
vt 393.11541748046875 15.142135620117188
vt 393.11541748046875 15.142135620117188
vt 403.63262939453125 15.142135620117188
vt 393.99163818359375 1
vt 403.63262939453125 15.142135620117188
vt 404.04998779296875 1
vt 393.99163818359375 1
vt 393.99163818359375 1
vt 404.04998779296875 1
vt 393.99163818359375 -399
vt 404.04998779296875 1
vt 404.04998779296875 -399
vt 393.99163818359375 -399
vt 393.99163818359375 -399
vt 404.04998779296875 -399
vt 393.11541748046875 -413.14215087890625
vt 404.04998779296875 -399
vt 403.63262939453125 -413.14215087890625
vt 393.11541748046875 -413.14215087890625
vt 393.11541748046875 -413.14215087890625
vt 403.63262939453125 -413.14215087890625
vt 391 -419
vt 403.63262939453125 -413.14215087890625
vt 402.625 -419
vt 391 -419
vt 402.625 21
vt 415 21
vt 403.63262939453125 15.142135620117188
vt 415 21
vt 415.0001525878906 15.142135620117188
vt 403.63262939453125 15.142135620117188
vt 403.63262939453125 15.142135620117188
vt 415.0001525878906 15.142135620117188
vt 404.04998779296875 1
vt 415.0001525878906 15.142135620117188
vt 415.0002136230469 1
vt 404.04998779296875 1
vt 404.04998779296875 1
vt 415.0002136230469 1
vt 404.04998779296875 -399
vt 415.0002136230469 1
vt 415.0002136230469 -399
vt 404.04998779296875 -399
vt 404.04998779296875 -399
vt 415.0002136230469 -399
vt 403.63262939453125 -413.14215087890625
vt 415.0002136230469 -399
vt 415.0001525878906 -413.14215087890625
vt 403.63262939453125 -413.14215087890625
vt 403.63262939453125 -413.14215087890625
vt 415.0001525878906 -413.14215087890625
vt 402.625 -419
vt 415.0001525878906 -413.14215087890625
vt 415 -419
vt 402.625 -419
vt 415 21
vt 427.3828125 21
vt 415.0001525878906 15.142135620117188
vt 427.3828125 21
vt 426.3768615722656 15.142135620117188
vt 415.0001525878906 15.142135620117188
vt 415.0001525878906 15.142135620117188
vt 426.3768615722656 15.142135620117188
vt 415.0002136230469 1
vt 426.3768615722656 15.142135620117188
vt 425.960205078125 1
vt 415.0002136230469 1
vt 415.0002136230469 1
vt 425.960205078125 1
vt 415.0002136230469 -399
vt 425.960205078125 1
vt 425.960205078125 -399
vt 415.0002136230469 -399
vt 415.0002136230469 -399
vt 425.960205078125 -399
vt 415.0001525878906 -413.14215087890625
vt 425.960205078125 -399
vt 426.3768615722656 -413.14215087890625
vt 415.0001525878906 -413.14215087890625
vt 415.0001525878906 -413.14215087890625
vt 426.3768615722656 -413.14215087890625
vt 415 -419
vt 426.3768615722656 -413.14215087890625
vt 427.3828125 -419
vt 415 -419
vt 427.3828125 21
vt 439.03125 21
vt 426.3768615722656 15.142135620117188
vt 439.03125 21
vt 436.92205810546875 15.142135620117188
vt 426.3768615722656 15.142135620117188
vt 426.3768615722656 15.142135620117188
vt 436.92205810546875 15.142135620117188
vt 425.960205078125 1
vt 436.92205810546875 15.142135620117188
vt 436.04840087890625 1
vt 425.960205078125 1
vt 425.960205078125 1
vt 436.04840087890625 1
vt 425.960205078125 -399
vt 436.04840087890625 1
vt 436.04840087890625 -399
vt 425.960205078125 -399
vt 425.960205078125 -399
vt 436.04840087890625 -399
vt 426.3768615722656 -413.14215087890625
vt 436.04840087890625 -399
vt 436.92205810546875 -413.14215087890625
vt 426.3768615722656 -413.14215087890625
vt 426.3768615722656 -413.14215087890625
vt 436.92205810546875 -413.14215087890625
vt 427.3828125 -419
vt 436.92205810546875 -413.14215087890625
vt 439.03125 -419
vt 427.3828125 -419
vt 439.03125 21
vt 449.9453125 21
vt 436.92205810546875 15.142135620117188
vt 449.9453125 21
vt 446.6264953613281 15.142135620117188
vt 436.92205810546875 15.142135620117188
vt 436.92205810546875 15.142135620117188
vt 446.6264953613281 15.142135620117188
vt 436.04840087890625 1
vt 446.6264953613281 15.142135620117188
vt 445.25177001953125 1
vt 436.04840087890625 1
vt 436.04840087890625 1
vt 445.25177001953125 1
vt 436.04840087890625 -399
vt 445.25177001953125 1
vt 445.25177001953125 -399
vt 436.04840087890625 -399
vt 436.04840087890625 -399
vt 445.25177001953125 -399
vt 436.92205810546875 -413.14215087890625
vt 445.25177001953125 -399
vt 446.6264953613281 -413.14215087890625
vt 436.92205810546875 -413.14215087890625
vt 436.92205810546875 -413.14215087890625
vt 446.6264953613281 -413.14215087890625
vt 439.03125 -419
vt 446.6264953613281 -413.14215087890625
vt 449.9453125 -419
vt 439.03125 -419
vt 449.9453125 21
vt 460.125 21
vt 446.6264953613281 15.142135620117188
vt 460.125 21
vt 455.50604248046875 15.142135620117188
vt 446.6264953613281 15.142135620117188
vt 446.6264953613281 15.142135620117188
vt 455.50604248046875 15.142135620117188
vt 445.25177001953125 1
vt 455.50604248046875 15.142135620117188
vt 453.5928039550781 1
vt 445.25177001953125 1
vt 445.25177001953125 1
vt 453.5928039550781 1
vt 445.25177001953125 -399
vt 453.5928039550781 1
vt 453.5928039550781 -399
vt 445.25177001953125 -399
vt 445.25177001953125 -399
vt 453.5928039550781 -399
vt 446.6264953613281 -413.14215087890625
vt 453.5928039550781 -399
vt 455.50604248046875 -413.14215087890625
vt 446.6264953613281 -413.14215087890625
vt 446.6264953613281 -413.14215087890625
vt 455.50604248046875 -413.14215087890625
vt 449.9453125 -419
vt 455.50604248046875 -413.14215087890625
vt 460.125 -419
vt 449.9453125 -419
vt 460.125 21
vt 469.5703125 21
vt 455.50604248046875 15.142135620117188
vt 469.5703125 21
vt 463.59112548828125 15.142135620117188
vt 455.50604248046875 15.142135620117188
vt 455.50604248046875 15.142135620117188
vt 463.59112548828125 15.142135620117188
vt 453.5928039550781 1
vt 463.59112548828125 15.142135620117188
vt 461.11444091796875 1
vt 453.5928039550781 1
vt 453.5928039550781 1
vt 461.11444091796875 1
vt 453.5928039550781 -399
vt 461.11444091796875 1
vt 461.11444091796875 -399
vt 453.5928039550781 -399
vt 453.5928039550781 -399
vt 461.11444091796875 -399
vt 455.50604248046875 -413.14215087890625
vt 461.11444091796875 -399
vt 463.59112548828125 -413.14215087890625
vt 455.50604248046875 -413.14215087890625
vt 455.50604248046875 -413.14215087890625
vt 463.59112548828125 -413.14215087890625
vt 460.125 -419
vt 463.59112548828125 -413.14215087890625
vt 469.5703125 -419
vt 460.125 -419
vt 469.5703125 21
vt 478.28125 21
vt 463.59112548828125 15.142135620117188
vt 478.28125 21
vt 470.927001953125 15.142135620117188
vt 463.59112548828125 15.142135620117188
vt 463.59112548828125 15.142135620117188
vt 470.927001953125 15.142135620117188
vt 461.11444091796875 1
vt 470.927001953125 15.142135620117188
vt 467.8807678222656 1
vt 461.11444091796875 1
vt 461.11444091796875 1
vt 467.8807678222656 1
vt 461.11444091796875 -399
vt 467.8807678222656 1
vt 467.8807678222656 -399
vt 461.11444091796875 -399
vt 461.11444091796875 -399
vt 467.8807678222656 -399
vt 463.59112548828125 -413.14215087890625
vt 467.8807678222656 -399
vt 470.927001953125 -413.14215087890625
vt 463.59112548828125 -413.14215087890625
vt 463.59112548828125 -413.14215087890625
vt 470.927001953125 -413.14215087890625
vt 469.5703125 -419
vt 470.927001953125 -413.14215087890625
vt 478.28125 -419
vt 469.5703125 -419
vt 478.28125 21
vt 486.2578125 21
vt 470.927001953125 15.142135620117188
vt 486.2578125 21
vt 477.56982421875 15.142135620117188
vt 470.927001953125 15.142135620117188
vt 470.927001953125 15.142135620117188
vt 477.56982421875 15.142135620117188
vt 467.8807678222656 1
vt 477.56982421875 15.142135620117188
vt 473.9711608886719 1
vt 467.8807678222656 1
vt 467.8807678222656 1
vt 473.9711608886719 1
vt 467.8807678222656 -399
vt 473.9711608886719 1
vt 473.9711608886719 -399
vt 467.8807678222656 -399
vt 467.8807678222656 -399
vt 473.9711608886719 -399
vt 470.927001953125 -413.14215087890625
vt 473.9711608886719 -399
vt 477.56982421875 -413.14215087890625
vt 470.927001953125 -413.14215087890625
vt 470.927001953125 -413.14215087890625
vt 477.56982421875 -413.14215087890625
vt 478.28125 -419
vt 477.56982421875 -413.14215087890625
vt 486.2578125 -419
vt 478.28125 -419
vt 486.2578125 21
vt 493.5 21
vt 477.56982421875 15.142135620117188
vt 493.5 21
vt 483.5810241699219 15.142135620117188
vt 477.56982421875 15.142135620117188
vt 477.56982421875 15.142135620117188
vt 483.5810241699219 15.142135620117188
vt 473.9711608886719 1
vt 483.5810241699219 15.142135620117188
vt 479.47247314453125 1
vt 473.9711608886719 1
vt 473.9711608886719 1
vt 479.47247314453125 1
vt 473.9711608886719 -399
vt 479.47247314453125 1
vt 479.47247314453125 -399
vt 473.9711608886719 -399
vt 473.9711608886719 -399
vt 479.47247314453125 -399
vt 477.56982421875 -413.14215087890625
vt 479.47247314453125 -399
vt 483.5810241699219 -413.14215087890625
vt 477.56982421875 -413.14215087890625
vt 477.56982421875 -413.14215087890625
vt 483.5810241699219 -413.14215087890625
vt 486.2578125 -419
vt 483.5810241699219 -413.14215087890625
vt 493.5 -419
vt 486.2578125 -419
vt 434 21
vt 441.09375 21
vt 444.11328125 15.142135620117188
vt 441.09375 21
vt 450.0018005371094 15.142135620117188
vt 444.11328125 15.142135620117188
vt 444.11328125 15.142135620117188
vt 450.0018005371094 15.142135620117188
vt 448.30230712890625 1
vt 450.0018005371094 15.142135620117188
vt 453.691650390625 1
vt 448.30230712890625 1
vt 448.30230712890625 1
vt 453.691650390625 1
vt 448.30230712890625 -399
vt 453.691650390625 1
vt 453.691650390625 -399
vt 448.30230712890625 -399
vt 448.30230712890625 -399
vt 453.691650390625 -399
vt 444.11328125 -413.14215087890625
vt 453.691650390625 -399
vt 450.0018005371094 -413.14215087890625
vt 444.11328125 -413.14215087890625
vt 444.11328125 -413.14215087890625
vt 450.0018005371094 -413.14215087890625
vt 434 -419
vt 450.0018005371094 -413.14215087890625
vt 441.09375 -419
vt 434 -419
vt 441.09375 21
vt 448.875 21
vt 450.0018005371094 15.142135620117188
vt 448.875 21
vt 456.4691467285156 15.142135620117188
vt 450.0018005371094 15.142135620117188
vt 450.0018005371094 15.142135620117188
vt 456.4691467285156 15.142135620117188
vt 453.691650390625 1
vt 456.4691467285156 15.142135620117188
vt 459.6147766113281 1
vt 453.691650390625 1
vt 453.691650390625 1
vt 459.6147766113281 1
vt 453.691650390625 -399
vt 459.6147766113281 1
vt 459.6147766113281 -399
vt 453.691650390625 -399
vt 453.691650390625 -399
vt 459.6147766113281 -399
vt 450.0018005371094 -413.14215087890625
vt 459.6147766113281 -399
vt 456.4691467285156 -413.14215087890625
vt 450.0018005371094 -413.14215087890625
vt 450.0018005371094 -413.14215087890625
vt 456.4691467285156 -413.14215087890625
vt 441.09375 -419
vt 456.4691467285156 -413.14215087890625
vt 448.875 -419
vt 441.09375 -419
vt 448.875 21
vt 457.34375 21
vt 456.4691467285156 15.142135620117188
vt 457.34375 21
vt 463.55963134765625 15.142135620117188
vt 456.4691467285156 15.142135620117188
vt 456.4691467285156 15.142135620117188
vt 463.55963134765625 15.142135620117188
vt 459.6147766113281 1
vt 463.55963134765625 15.142135620117188
vt 466.1343078613281 1
vt 459.6147766113281 1
vt 459.6147766113281 1
vt 466.1343078613281 1
vt 459.6147766113281 -399
vt 466.1343078613281 1
vt 466.1343078613281 -399
vt 459.6147766113281 -399
vt 459.6147766113281 -399
vt 466.1343078613281 -399
vt 456.4691467285156 -413.14215087890625
vt 466.1343078613281 -399
vt 463.55963134765625 -413.14215087890625
vt 456.4691467285156 -413.14215087890625
vt 456.4691467285156 -413.14215087890625
vt 463.55963134765625 -413.14215087890625
vt 448.875 -419
vt 463.55963134765625 -413.14215087890625
vt 457.34375 -419
vt 448.875 -419
vt 457.34375 21
vt 466.5 21
vt 463.55963134765625 15.142135620117188
vt 466.5 21
vt 471.3302917480469 15.142135620117188
vt 463.55963134765625 15.142135620117188
vt 463.55963134765625 15.142135620117188
vt 471.3302917480469 15.142135620117188
vt 466.1343078613281 1
vt 471.3302917480469 15.142135620117188
vt 473.3310852050781 1
vt 466.1343078613281 1
vt 466.1343078613281 1
vt 473.3310852050781 1
vt 466.1343078613281 -399
vt 473.3310852050781 1
vt 473.3310852050781 -399
vt 466.1343078613281 -399
vt 466.1343078613281 -399
vt 473.3310852050781 -399
vt 463.55963134765625 -413.14215087890625
vt 473.3310852050781 -399
vt 471.3302917480469 -413.14215087890625
vt 463.55963134765625 -413.14215087890625
vt 463.55963134765625 -413.14215087890625
vt 471.3302917480469 -413.14215087890625
vt 457.34375 -419
vt 471.3302917480469 -413.14215087890625
vt 466.5 -419
vt 457.34375 -419
vt 466.5 21
vt 476.34375 21
vt 471.3302917480469 15.142135620117188
vt 476.34375 21
vt 479.8313903808594 15.142135620117188
vt 471.3302917480469 15.142135620117188
vt 471.3302917480469 15.142135620117188
vt 479.8313903808594 15.142135620117188
vt 473.3310852050781 1
vt 479.8313903808594 15.142135620117188
vt 481.2760009765625 1
vt 473.3310852050781 1
vt 473.3310852050781 1
vt 481.2760009765625 1
vt 473.3310852050781 -399
vt 481.2760009765625 1
vt 481.2760009765625 -399
vt 473.3310852050781 -399
vt 473.3310852050781 -399
vt 481.2760009765625 -399
vt 471.3302917480469 -413.14215087890625
vt 481.2760009765625 -399
vt 479.8313903808594 -413.14215087890625
vt 471.3302917480469 -413.14215087890625
vt 471.3302917480469 -413.14215087890625
vt 479.8313903808594 -413.14215087890625
vt 466.5 -419
vt 479.8313903808594 -413.14215087890625
vt 476.34375 -419
vt 466.5 -419
vt 476.34375 21
vt 486.875 21
vt 479.8313903808594 15.142135620117188
vt 486.875 21
vt 489.09979248046875 15.142135620117188
vt 479.8313903808594 15.142135620117188
vt 479.8313903808594 15.142135620117188
vt 489.09979248046875 15.142135620117188
vt 481.2760009765625 1
vt 489.09979248046875 15.142135620117188
vt 490.0213317871094 1
vt 481.2760009765625 1
vt 481.2760009765625 1
vt 490.0213317871094 1
vt 481.2760009765625 -399
vt 490.0213317871094 1
vt 490.0213317871094 -399
vt 481.2760009765625 -399
vt 481.2760009765625 -399
vt 490.0213317871094 -399
vt 479.8313903808594 -413.14215087890625
vt 490.0213317871094 -399
vt 489.09979248046875 -413.14215087890625
vt 479.8313903808594 -413.14215087890625
vt 479.8313903808594 -413.14215087890625
vt 489.09979248046875 -413.14215087890625
vt 476.34375 -419
vt 489.09979248046875 -413.14215087890625
vt 486.875 -419
vt 476.34375 -419
vt 486.875 21
vt 498.09375 21
vt 489.09979248046875 15.142135620117188
vt 498.09375 21
vt 499.1575622558594 15.142135620117188
vt 489.09979248046875 15.142135620117188
vt 489.09979248046875 15.142135620117188
vt 499.1575622558594 15.142135620117188
vt 490.0213317871094 1
vt 499.1575622558594 15.142135620117188
vt 499.5982360839844 1
vt 490.0213317871094 1
vt 490.0213317871094 1
vt 499.5982360839844 1
vt 490.0213317871094 -399
vt 499.5982360839844 1
vt 499.5982360839844 -399
vt 490.0213317871094 -399
vt 490.0213317871094 -399
vt 499.5982360839844 -399
vt 489.09979248046875 -413.14215087890625
vt 499.5982360839844 -399
vt 499.1575622558594 -413.14215087890625
vt 489.09979248046875 -413.14215087890625
vt 489.09979248046875 -413.14215087890625
vt 499.1575622558594 -413.14215087890625
vt 486.875 -419
vt 499.1575622558594 -413.14215087890625
vt 498.09375 -419
vt 486.875 -419
vt 498.09375 21
vt 510 21
vt 499.1575622558594 15.142135620117188
vt 510 21
vt 510 15.142135620117188
vt 499.1575622558594 15.142135620117188
vt 499.1575622558594 15.142135620117188
vt 510 15.142135620117188
vt 499.5982360839844 1
vt 510 15.142135620117188
vt 510 1
vt 499.5982360839844 1
vt 499.5982360839844 1
vt 510 1
vt 499.5982360839844 -399
vt 510 1
vt 510 -399
vt 499.5982360839844 -399
vt 499.5982360839844 -399
vt 510 -399
vt 499.1575622558594 -413.14215087890625
vt 510 -399
vt 510 -413.14215087890625
vt 499.1575622558594 -413.14215087890625
vt 499.1575622558594 -413.14215087890625
vt 510 -413.14215087890625
vt 498.09375 -419
vt 510 -413.14215087890625
vt 510 -419
vt 498.09375 -419
vt 510 21
vt 521.90625 21
vt 510 15.142135620117188
vt 521.90625 21
vt 520.8424072265625 15.142135620117188
vt 510 15.142135620117188
vt 510 15.142135620117188
vt 520.8424072265625 15.142135620117188
vt 510 1
vt 520.8424072265625 15.142135620117188
vt 520.4017944335938 1
vt 510 1
vt 510 1
vt 520.4017944335938 1
vt 510 -399
vt 520.4017944335938 1
vt 520.4017944335938 -399
vt 510 -399
vt 510 -399
vt 520.4017944335938 -399
vt 510 -413.14215087890625
vt 520.4017944335938 -399
vt 520.8424072265625 -413.14215087890625
vt 510 -413.14215087890625
vt 510 -413.14215087890625
vt 520.8424072265625 -413.14215087890625
vt 510 -419
vt 520.8424072265625 -413.14215087890625
vt 521.90625 -419
vt 510 -419
vt 521.90625 21
vt 533.125 21
vt 520.8424072265625 15.142135620117188
vt 533.125 21
vt 530.9002075195312 15.142135620117188
vt 520.8424072265625 15.142135620117188
vt 520.8424072265625 15.142135620117188
vt 530.9002075195312 15.142135620117188
vt 520.4017944335938 1
vt 530.9002075195312 15.142135620117188
vt 529.9786987304688 1
vt 520.4017944335938 1
vt 520.4017944335938 1
vt 529.9786987304688 1
vt 520.4017944335938 -399
vt 529.9786987304688 1
vt 529.9786987304688 -399
vt 520.4017944335938 -399
vt 520.4017944335938 -399
vt 529.9786987304688 -399
vt 520.8424072265625 -413.14215087890625
vt 529.9786987304688 -399
vt 530.9002075195312 -413.14215087890625
vt 520.8424072265625 -413.14215087890625
vt 520.8424072265625 -413.14215087890625
vt 530.9002075195312 -413.14215087890625
vt 521.90625 -419
vt 530.9002075195312 -413.14215087890625
vt 533.125 -419
vt 521.90625 -419
vt 533.125 21
vt 543.65625 21
vt 530.9002075195312 15.142135620117188
vt 543.65625 21
vt 540.1686401367188 15.142135620117188
vt 530.9002075195312 15.142135620117188
vt 530.9002075195312 15.142135620117188
vt 540.1686401367188 15.142135620117188
vt 529.9786987304688 1
vt 540.1686401367188 15.142135620117188
vt 538.7239990234375 1
vt 529.9786987304688 1
vt 529.9786987304688 1
vt 538.7239990234375 1
vt 529.9786987304688 -399
vt 538.7239990234375 1
vt 538.7239990234375 -399
vt 529.9786987304688 -399
vt 529.9786987304688 -399
vt 538.7239990234375 -399
vt 530.9002075195312 -413.14215087890625
vt 538.7239990234375 -399
vt 540.1686401367188 -413.14215087890625
vt 530.9002075195312 -413.14215087890625
vt 530.9002075195312 -413.14215087890625
vt 540.1686401367188 -413.14215087890625
vt 533.125 -419
vt 540.1686401367188 -413.14215087890625
vt 543.65625 -419
vt 533.125 -419
vt 543.65625 21
vt 553.5 21
vt 540.1686401367188 15.142135620117188
vt 553.5 21
vt 548.669677734375 15.142135620117188
vt 540.1686401367188 15.142135620117188
vt 540.1686401367188 15.142135620117188
vt 548.669677734375 15.142135620117188
vt 538.7239990234375 1
vt 548.669677734375 15.142135620117188
vt 546.6689453125 1
vt 538.7239990234375 1
vt 538.7239990234375 1
vt 546.6689453125 1
vt 538.7239990234375 -399
vt 546.6689453125 1
vt 546.6689453125 -399
vt 538.7239990234375 -399
vt 538.7239990234375 -399
vt 546.6689453125 -399
vt 540.1686401367188 -413.14215087890625
vt 546.6689453125 -399
vt 548.669677734375 -413.14215087890625
vt 540.1686401367188 -413.14215087890625
vt 540.1686401367188 -413.14215087890625
vt 548.669677734375 -413.14215087890625
vt 543.65625 -419
vt 548.669677734375 -413.14215087890625
vt 553.5 -419
vt 543.65625 -419
vt 553.5 21
vt 562.65625 21
vt 548.669677734375 15.142135620117188
vt 562.65625 21
vt 556.4403686523438 15.142135620117188
vt 548.669677734375 15.142135620117188
vt 548.669677734375 15.142135620117188
vt 556.4403686523438 15.142135620117188
vt 546.6689453125 1
vt 556.4403686523438 15.142135620117188
vt 553.8656616210938 1
vt 546.6689453125 1
vt 546.6689453125 1
vt 553.8656616210938 1
vt 546.6689453125 -399
vt 553.8656616210938 1
vt 553.8656616210938 -399
vt 546.6689453125 -399
vt 546.6689453125 -399
vt 553.8656616210938 -399
vt 548.669677734375 -413.14215087890625
vt 553.8656616210938 -399
vt 556.4403686523438 -413.14215087890625
vt 548.669677734375 -413.14215087890625
vt 548.669677734375 -413.14215087890625
vt 556.4403686523438 -413.14215087890625
vt 553.5 -419
vt 556.4403686523438 -413.14215087890625
vt 562.65625 -419
vt 553.5 -419
vt 562.65625 21
vt 571.125 21
vt 556.4403686523438 15.142135620117188
vt 571.125 21
vt 563.5308227539062 15.142135620117188
vt 556.4403686523438 15.142135620117188
vt 556.4403686523438 15.142135620117188
vt 563.5308227539062 15.142135620117188
vt 553.8656616210938 1
vt 563.5308227539062 15.142135620117188
vt 560.38525390625 1
vt 553.8656616210938 1
vt 553.8656616210938 1
vt 560.38525390625 1
vt 553.8656616210938 -399
vt 560.38525390625 1
vt 560.38525390625 -399
vt 553.8656616210938 -399
vt 553.8656616210938 -399
vt 560.38525390625 -399
vt 556.4403686523438 -413.14215087890625
vt 560.38525390625 -399
vt 563.5308227539062 -413.14215087890625
vt 556.4403686523438 -413.14215087890625
vt 556.4403686523438 -413.14215087890625
vt 563.5308227539062 -413.14215087890625
vt 562.65625 -419
vt 563.5308227539062 -413.14215087890625
vt 571.125 -419
vt 562.65625 -419
vt 571.125 21
vt 578.90625 21
vt 563.5308227539062 15.142135620117188
vt 578.90625 21
vt 569.9981689453125 15.142135620117188
vt 563.5308227539062 15.142135620117188
vt 563.5308227539062 15.142135620117188
vt 569.9981689453125 15.142135620117188
vt 560.38525390625 1
vt 569.9981689453125 15.142135620117188
vt 566.308349609375 1
vt 560.38525390625 1
vt 560.38525390625 1
vt 566.308349609375 1
vt 560.38525390625 -399
vt 566.308349609375 1
vt 566.308349609375 -399
vt 560.38525390625 -399
vt 560.38525390625 -399
vt 566.308349609375 -399
vt 563.5308227539062 -413.14215087890625
vt 566.308349609375 -399
vt 569.9981689453125 -413.14215087890625
vt 563.5308227539062 -413.14215087890625
vt 563.5308227539062 -413.14215087890625
vt 569.9981689453125 -413.14215087890625
vt 571.125 -419
vt 569.9981689453125 -413.14215087890625
vt 578.90625 -419
vt 571.125 -419
vt 578.90625 21
vt 586 21
vt 569.9981689453125 15.142135620117188
vt 586 21
vt 575.88671875 15.142135620117188
vt 569.9981689453125 15.142135620117188
vt 569.9981689453125 15.142135620117188
vt 575.88671875 15.142135620117188
vt 566.308349609375 1
vt 575.88671875 15.142135620117188
vt 571.6976928710938 1
vt 566.308349609375 1
vt 566.308349609375 1
vt 571.6976928710938 1
vt 566.308349609375 -399
vt 571.6976928710938 1
vt 571.6976928710938 -399
vt 566.308349609375 -399
vt 566.308349609375 -399
vt 571.6976928710938 -399
vt 569.9981689453125 -413.14215087890625
vt 571.6976928710938 -399
vt 575.88671875 -413.14215087890625
vt 569.9981689453125 -413.14215087890625
vt 569.9981689453125 -413.14215087890625
vt 575.88671875 -413.14215087890625
vt 578.90625 -419
vt 575.88671875 -413.14215087890625
vt 586 -419
vt 578.90625 -419
vt 493.5 21
vt 486.2578125 21
vt 483.5810241699219 15.142135620117188
vt 486.2578125 21
vt 477.56982421875 15.142135620117188
vt 483.5810241699219 15.142135620117188
vt 483.5810241699219 15.142135620117188
vt 477.56982421875 15.142135620117188
vt 479.47247314453125 1
vt 477.56982421875 15.142135620117188
vt 473.9711608886719 1
vt 479.47247314453125 1
vt 479.47247314453125 1
vt 473.9711608886719 1
vt 479.47247314453125 -399
vt 473.9711608886719 1
vt 473.9711608886719 -399
vt 479.47247314453125 -399
vt 479.47247314453125 -399
vt 473.9711608886719 -399
vt 483.5810241699219 -413.14215087890625
vt 473.9711608886719 -399
vt 477.56982421875 -413.14215087890625
vt 483.5810241699219 -413.14215087890625
vt 483.5810241699219 -413.14215087890625
vt 477.56982421875 -413.14215087890625
vt 493.5 -419
vt 477.56982421875 -413.14215087890625
vt 486.2578125 -419
vt 493.5 -419
vt 486.2578125 21
vt 478.28125 21
vt 477.56982421875 15.142135620117188
vt 478.28125 21
vt 470.927001953125 15.142135620117188
vt 477.56982421875 15.142135620117188
vt 477.56982421875 15.142135620117188
vt 470.927001953125 15.142135620117188
vt 473.9711608886719 1
vt 470.927001953125 15.142135620117188
vt 467.8807678222656 1
vt 473.9711608886719 1
vt 473.9711608886719 1
vt 467.8807678222656 1
vt 473.9711608886719 -399
vt 467.8807678222656 1
vt 467.8807678222656 -399
vt 473.9711608886719 -399
vt 473.9711608886719 -399
vt 467.8807678222656 -399
vt 477.56982421875 -413.14215087890625
vt 467.8807678222656 -399
vt 470.927001953125 -413.14215087890625
vt 477.56982421875 -413.14215087890625
vt 477.56982421875 -413.14215087890625
vt 470.927001953125 -413.14215087890625
vt 486.2578125 -419
vt 470.927001953125 -413.14215087890625
vt 478.28125 -419
vt 486.2578125 -419
vt 478.28125 21
vt 469.5703125 21
vt 470.927001953125 15.142135620117188
vt 469.5703125 21
vt 463.59112548828125 15.142135620117188
vt 470.927001953125 15.142135620117188
vt 470.927001953125 15.142135620117188
vt 463.59112548828125 15.142135620117188
vt 467.8807678222656 1
vt 463.59112548828125 15.142135620117188
vt 461.11444091796875 1
vt 467.8807678222656 1
vt 467.8807678222656 1
vt 461.11444091796875 1
vt 467.8807678222656 -399
vt 461.11444091796875 1
vt 461.11444091796875 -399
vt 467.8807678222656 -399
vt 467.8807678222656 -399
vt 461.11444091796875 -399
vt 470.927001953125 -413.14215087890625
vt 461.11444091796875 -399
vt 463.59112548828125 -413.14215087890625
vt 470.927001953125 -413.14215087890625
vt 470.927001953125 -413.14215087890625
vt 463.59112548828125 -413.14215087890625
vt 478.28125 -419
vt 463.59112548828125 -413.14215087890625
vt 469.5703125 -419
vt 478.28125 -419
vt 469.5703125 21
vt 460.125 21
vt 463.59112548828125 15.142135620117188
vt 460.125 21
vt 455.50604248046875 15.142135620117188
vt 463.59112548828125 15.142135620117188
vt 463.59112548828125 15.142135620117188
vt 455.50604248046875 15.142135620117188
vt 461.11444091796875 1
vt 455.50604248046875 15.142135620117188
vt 453.5928039550781 1
vt 461.11444091796875 1
vt 461.11444091796875 1
vt 453.5928039550781 1
vt 461.11444091796875 -399
vt 453.5928039550781 1
vt 453.5928039550781 -399
vt 461.11444091796875 -399
vt 461.11444091796875 -399
vt 453.5928039550781 -399
vt 463.59112548828125 -413.14215087890625
vt 453.5928039550781 -399
vt 455.50604248046875 -413.14215087890625
vt 463.59112548828125 -413.14215087890625
vt 463.59112548828125 -413.14215087890625
vt 455.50604248046875 -413.14215087890625
vt 469.5703125 -419
vt 455.50604248046875 -413.14215087890625
vt 460.125 -419
vt 469.5703125 -419
vt 460.125 21
vt 449.9453125 21
vt 455.50604248046875 15.142135620117188
vt 449.9453125 21
vt 446.6264953613281 15.142135620117188
vt 455.50604248046875 15.142135620117188
vt 455.50604248046875 15.142135620117188
vt 446.6264953613281 15.142135620117188
vt 453.5928039550781 1
vt 446.6264953613281 15.142135620117188
vt 445.25177001953125 1
vt 453.5928039550781 1
vt 453.5928039550781 1
vt 445.25177001953125 1
vt 453.5928039550781 -399
vt 445.25177001953125 1
vt 445.25177001953125 -399
vt 453.5928039550781 -399
vt 453.5928039550781 -399
vt 445.25177001953125 -399
vt 455.50604248046875 -413.14215087890625
vt 445.25177001953125 -399
vt 446.6264953613281 -413.14215087890625
vt 455.50604248046875 -413.14215087890625
vt 455.50604248046875 -413.14215087890625
vt 446.6264953613281 -413.14215087890625
vt 460.125 -419
vt 446.6264953613281 -413.14215087890625
vt 449.9453125 -419
vt 460.125 -419
vt 449.9453125 21
vt 439.03125 21
vt 446.6264953613281 15.142135620117188
vt 439.03125 21
vt 436.92205810546875 15.142135620117188
vt 446.6264953613281 15.142135620117188
vt 446.6264953613281 15.142135620117188
vt 436.92205810546875 15.142135620117188
vt 445.25177001953125 1
vt 436.92205810546875 15.142135620117188
vt 436.04840087890625 1
vt 445.25177001953125 1
vt 445.25177001953125 1
vt 436.04840087890625 1
vt 445.25177001953125 -399
vt 436.04840087890625 1
vt 436.04840087890625 -399
vt 445.25177001953125 -399
vt 445.25177001953125 -399
vt 436.04840087890625 -399
vt 446.6264953613281 -413.14215087890625
vt 436.04840087890625 -399
vt 436.92205810546875 -413.14215087890625
vt 446.6264953613281 -413.14215087890625
vt 446.6264953613281 -413.14215087890625
vt 436.92205810546875 -413.14215087890625
vt 449.9453125 -419
vt 436.92205810546875 -413.14215087890625
vt 439.03125 -419
vt 449.9453125 -419
vt 439.03125 21
vt 427.3828125 21
vt 436.92205810546875 15.142135620117188
vt 427.3828125 21
vt 426.3768615722656 15.142135620117188
vt 436.92205810546875 15.142135620117188
vt 436.92205810546875 15.142135620117188
vt 426.3768615722656 15.142135620117188
vt 436.04840087890625 1
vt 426.3768615722656 15.142135620117188
vt 425.960205078125 1
vt 436.04840087890625 1
vt 436.04840087890625 1
vt 425.960205078125 1
vt 436.04840087890625 -399
vt 425.960205078125 1
vt 425.960205078125 -399
vt 436.04840087890625 -399
vt 436.04840087890625 -399
vt 425.960205078125 -399
vt 436.92205810546875 -413.14215087890625
vt 425.960205078125 -399
vt 426.3768615722656 -413.14215087890625
vt 436.92205810546875 -413.14215087890625
vt 436.92205810546875 -413.14215087890625
vt 426.3768615722656 -413.14215087890625
vt 439.03125 -419
vt 426.3768615722656 -413.14215087890625
vt 427.3828125 -419
vt 439.03125 -419
vt 427.3828125 21
vt 415 21
vt 426.3768615722656 15.142135620117188
vt 415 21
vt 415.0001525878906 15.142135620117188
vt 426.3768615722656 15.142135620117188
vt 426.3768615722656 15.142135620117188
vt 415.0001525878906 15.142135620117188
vt 425.960205078125 1
vt 415.0001525878906 15.142135620117188
vt 415.0002136230469 1
vt 425.960205078125 1
vt 425.960205078125 1
vt 415.0002136230469 1
vt 425.960205078125 -399
vt 415.0002136230469 1
vt 415.0002136230469 -399
vt 425.960205078125 -399
vt 425.960205078125 -399
vt 415.0002136230469 -399
vt 426.3768615722656 -413.14215087890625
vt 415.0002136230469 -399
vt 415.0001525878906 -413.14215087890625
vt 426.3768615722656 -413.14215087890625
vt 426.3768615722656 -413.14215087890625
vt 415.0001525878906 -413.14215087890625
vt 427.3828125 -419
vt 415.0001525878906 -413.14215087890625
vt 415 -419
vt 427.3828125 -419
vt 415 21
vt 402.625 21
vt 415.0001525878906 15.142135620117188
vt 402.625 21
vt 403.63262939453125 15.142135620117188
vt 415.0001525878906 15.142135620117188
vt 415.0001525878906 15.142135620117188
vt 403.63262939453125 15.142135620117188
vt 415.0002136230469 1
vt 403.63262939453125 15.142135620117188
vt 404.04998779296875 1
vt 415.0002136230469 1
vt 415.0002136230469 1
vt 404.04998779296875 1
vt 415.0002136230469 -399
vt 404.04998779296875 1
vt 404.04998779296875 -399
vt 415.0002136230469 -399
vt 415.0002136230469 -399
vt 404.04998779296875 -399
vt 415.0001525878906 -413.14215087890625
vt 404.04998779296875 -399
vt 403.63262939453125 -413.14215087890625
vt 415.0001525878906 -413.14215087890625
vt 415.0001525878906 -413.14215087890625
vt 403.63262939453125 -413.14215087890625
vt 415 -419
vt 403.63262939453125 -413.14215087890625
vt 402.625 -419
vt 415 -419
vt 402.625 21
vt 391 21
vt 403.63262939453125 15.142135620117188
vt 391 21
vt 393.11541748046875 15.142135620117188
vt 403.63262939453125 15.142135620117188
vt 403.63262939453125 15.142135620117188
vt 393.11541748046875 15.142135620117188
vt 404.04998779296875 1
vt 393.11541748046875 15.142135620117188
vt 393.99163818359375 1
vt 404.04998779296875 1
vt 404.04998779296875 1
vt 393.99163818359375 1
vt 404.04998779296875 -399
vt 393.99163818359375 1
vt 393.99163818359375 -399
vt 404.04998779296875 -399
vt 404.04998779296875 -399
vt 393.99163818359375 -399
vt 403.63262939453125 -413.14215087890625
vt 393.99163818359375 -399
vt 393.11541748046875 -413.14215087890625
vt 403.63262939453125 -413.14215087890625
vt 403.63262939453125 -413.14215087890625
vt 393.11541748046875 -413.14215087890625
vt 402.625 -419
vt 393.11541748046875 -413.14215087890625
vt 391 -419
vt 402.625 -419
vt 391 21
vt 380.125 21
vt 393.11541748046875 15.142135620117188
vt 380.125 21
vt 383.45843505859375 15.142135620117188
vt 393.11541748046875 15.142135620117188
vt 393.11541748046875 15.142135620117188
vt 383.45843505859375 15.142135620117188
vt 393.99163818359375 1
vt 383.45843505859375 15.142135620117188
vt 384.83917236328125 1
vt 393.99163818359375 1
vt 393.99163818359375 1
vt 384.83917236328125 1
vt 393.99163818359375 -399
vt 384.83917236328125 1
vt 384.83917236328125 -399
vt 393.99163818359375 -399
vt 393.99163818359375 -399
vt 384.83917236328125 -399
vt 393.11541748046875 -413.14215087890625
vt 384.83917236328125 -399
vt 383.45843505859375 -413.14215087890625
vt 393.11541748046875 -413.14215087890625
vt 393.11541748046875 -413.14215087890625
vt 383.45843505859375 -413.14215087890625
vt 391 -419
vt 383.45843505859375 -413.14215087890625
vt 380.125 -419
vt 391 -419
vt 380.125 21
vt 370 21
vt 383.45843505859375 15.142135620117188
vt 370 21
vt 374.6460876464844 15.142135620117188
vt 383.45843505859375 15.142135620117188
vt 383.45843505859375 15.142135620117188
vt 374.6460876464844 15.142135620117188
vt 384.83917236328125 1
vt 374.6460876464844 15.142135620117188
vt 376.570556640625 1
vt 384.83917236328125 1
vt 384.83917236328125 1
vt 376.570556640625 1
vt 384.83917236328125 -399
vt 376.570556640625 1
vt 376.570556640625 -399
vt 384.83917236328125 -399
vt 384.83917236328125 -399
vt 376.570556640625 -399
vt 383.45843505859375 -413.14215087890625
vt 376.570556640625 -399
vt 374.6460876464844 -413.14215087890625
vt 383.45843505859375 -413.14215087890625
vt 383.45843505859375 -413.14215087890625
vt 374.6460876464844 -413.14215087890625
vt 380.125 -419
vt 374.6460876464844 -413.14215087890625
vt 370 -419
vt 380.125 -419
vt 370 21
vt 360.625 21
vt 374.6460876464844 15.142135620117188
vt 360.625 21
vt 366.64752197265625 15.142135620117188
vt 374.6460876464844 15.142135620117188
vt 374.6460876464844 15.142135620117188
vt 366.64752197265625 15.142135620117188
vt 376.570556640625 1
vt 366.64752197265625 15.142135620117188
vt 369.14215087890625 1
vt 376.570556640625 1
vt 376.570556640625 1
vt 369.14215087890625 1
vt 376.570556640625 -399
vt 369.14215087890625 1
vt 369.14215087890625 -399
vt 376.570556640625 -399
vt 376.570556640625 -399
vt 369.14215087890625 -399
vt 374.6460876464844 -413.14215087890625
vt 369.14215087890625 -399
vt 366.64752197265625 -413.14215087890625
vt 374.6460876464844 -413.14215087890625
vt 374.6460876464844 -413.14215087890625
vt 366.64752197265625 -413.14215087890625
vt 370 -419
vt 366.64752197265625 -413.14215087890625
vt 360.625 -419
vt 370 -419
vt 360.625 21
vt 352 21
vt 366.64752197265625 15.142135620117188
vt 352 21
vt 359.4158020019531 15.142135620117188
vt 366.64752197265625 15.142135620117188
vt 366.64752197265625 15.142135620117188
vt 359.4158020019531 15.142135620117188
vt 369.14215087890625 1
vt 359.4158020019531 15.142135620117188
vt 362.487548828125 1
vt 369.14215087890625 1
vt 369.14215087890625 1
vt 362.487548828125 1
vt 369.14215087890625 -399
vt 362.487548828125 1
vt 362.487548828125 -399
vt 369.14215087890625 -399
vt 369.14215087890625 -399
vt 362.487548828125 -399
vt 366.64752197265625 -413.14215087890625
vt 362.487548828125 -399
vt 359.4158020019531 -413.14215087890625
vt 366.64752197265625 -413.14215087890625
vt 366.64752197265625 -413.14215087890625
vt 359.4158020019531 -413.14215087890625
vt 360.625 -419
vt 359.4158020019531 -413.14215087890625
vt 352 -419
vt 360.625 -419
vt 352 21
vt 344.125 21
vt 359.4158020019531 15.142135620117188
vt 344.125 21
vt 352.8921203613281 15.142135620117188
vt 359.4158020019531 15.142135620117188
vt 359.4158020019531 15.142135620117188
vt 352.8921203613281 15.142135620117188
vt 362.487548828125 1
vt 352.8921203613281 15.142135620117188
vt 356.5235595703125 1
vt 362.487548828125 1
vt 362.487548828125 1
vt 356.5235595703125 1
vt 362.487548828125 -399
vt 356.5235595703125 1
vt 356.5235595703125 -399
vt 362.487548828125 -399
vt 362.487548828125 -399
vt 356.5235595703125 -399
vt 359.4158020019531 -413.14215087890625
vt 356.5235595703125 -399
vt 352.8921203613281 -413.14215087890625
vt 359.4158020019531 -413.14215087890625
vt 359.4158020019531 -413.14215087890625
vt 352.8921203613281 -413.14215087890625
vt 352 -419
vt 352.8921203613281 -413.14215087890625
vt 344.125 -419
vt 352 -419
vt 344.125 21
vt 337 21
vt 352.8921203613281 15.142135620117188
vt 337 21
vt 347.0059509277344 15.142135620117188
vt 352.8921203613281 15.142135620117188
vt 352.8921203613281 15.142135620117188
vt 347.0059509277344 15.142135620117188
vt 356.5235595703125 1
vt 347.0059509277344 15.142135620117188
vt 351.1505432128906 1
vt 356.5235595703125 1
vt 356.5235595703125 1
vt 351.1505432128906 1
vt 356.5235595703125 -399
vt 351.1505432128906 1
vt 351.1505432128906 -399
vt 356.5235595703125 -399
vt 356.5235595703125 -399
vt 351.1505432128906 -399
vt 352.8921203613281 -413.14215087890625
vt 351.1505432128906 -399
vt 347.0059509277344 -413.14215087890625
vt 352.8921203613281 -413.14215087890625
vt 352.8921203613281 -413.14215087890625
vt 347.0059509277344 -413.14215087890625
vt 344.125 -419
vt 347.0059509277344 -413.14215087890625
vt 337 -419
vt 344.125 -419
vt 586 21
vt 578.90625 21
vt 575.97216796875 15.142135620117188
vt 578.90625 21
vt 570.0966186523438 15.142135620117188
vt 575.97216796875 15.142135620117188
vt 575.97216796875 15.142135620117188
vt 570.0966186523438 15.142135620117188
vt 571.8185424804688 1
vt 570.0966186523438 15.142135620117188
vt 566.4475708007812 1
vt 571.8185424804688 1
vt 571.8185424804688 1
vt 566.4475708007812 1
vt 571.8185424804688 -399
vt 566.4475708007812 1
vt 566.4475708007812 -399
vt 571.8185424804688 -399
vt 571.8185424804688 -399
vt 566.4475708007812 -399
vt 575.97216796875 -413.14215087890625
vt 566.4475708007812 -399
vt 570.0966186523438 -413.14215087890625
vt 575.97216796875 -413.14215087890625
vt 575.97216796875 -413.14215087890625
vt 570.0966186523438 -413.14215087890625
vt 586 -419
vt 570.0966186523438 -413.14215087890625
vt 578.90625 -419
vt 586 -419
vt 578.90625 21
vt 571.125 21
vt 570.0966186523438 15.142135620117188
vt 571.125 21
vt 563.6295776367188 15.142135620117188
vt 570.0966186523438 15.142135620117188
vt 570.0966186523438 15.142135620117188
vt 563.6295776367188 15.142135620117188
vt 566.4475708007812 1
vt 563.6295776367188 15.142135620117188
vt 560.5248413085938 1
vt 566.4475708007812 1
vt 566.4475708007812 1
vt 560.5248413085938 1
vt 566.4475708007812 -399
vt 560.5248413085938 1
vt 560.5248413085938 -399
vt 566.4475708007812 -399
vt 566.4475708007812 -399
vt 560.5248413085938 -399
vt 570.0966186523438 -413.14215087890625
vt 560.5248413085938 -399
vt 563.6295776367188 -413.14215087890625
vt 570.0966186523438 -413.14215087890625
vt 570.0966186523438 -413.14215087890625
vt 563.6295776367188 -413.14215087890625
vt 578.90625 -419
vt 563.6295776367188 -413.14215087890625
vt 571.125 -419
vt 578.90625 -419
vt 571.125 21
vt 562.65625 21
vt 563.6295776367188 15.142135620117188
vt 562.65625 21
vt 556.5317993164062 15.142135620117188
vt 563.6295776367188 15.142135620117188
vt 563.6295776367188 15.142135620117188
vt 556.5317993164062 15.142135620117188
vt 560.5248413085938 1
vt 556.5317993164062 15.142135620117188
vt 553.9949340820312 1
vt 560.5248413085938 1
vt 560.5248413085938 1
vt 553.9949340820312 1
vt 560.5248413085938 -399
vt 553.9949340820312 1
vt 553.9949340820312 -399
vt 560.5248413085938 -399
vt 560.5248413085938 -399
vt 553.9949340820312 -399
vt 563.6295776367188 -413.14215087890625
vt 553.9949340820312 -399
vt 556.5317993164062 -413.14215087890625
vt 563.6295776367188 -413.14215087890625
vt 563.6295776367188 -413.14215087890625
vt 556.5317993164062 -413.14215087890625
vt 571.125 -419
vt 556.5317993164062 -413.14215087890625
vt 562.65625 -419
vt 571.125 -419
vt 562.65625 21
vt 553.5 21
vt 556.5317993164062 15.142135620117188
vt 553.5 21
vt 548.747314453125 15.142135620117188
vt 556.5317993164062 15.142135620117188
vt 556.5317993164062 15.142135620117188
vt 548.747314453125 15.142135620117188
vt 553.9949340820312 1
vt 548.747314453125 15.142135620117188
vt 546.7786865234375 1
vt 553.9949340820312 1
vt 553.9949340820312 1
vt 546.7786865234375 1
vt 553.9949340820312 -399
vt 546.7786865234375 1
vt 546.7786865234375 -399
vt 553.9949340820312 -399
vt 553.9949340820312 -399
vt 546.7786865234375 -399
vt 556.5317993164062 -413.14215087890625
vt 546.7786865234375 -399
vt 548.747314453125 -413.14215087890625
vt 556.5317993164062 -413.14215087890625
vt 556.5317993164062 -413.14215087890625
vt 548.747314453125 -413.14215087890625
vt 562.65625 -419
vt 548.747314453125 -413.14215087890625
vt 553.5 -419
vt 562.65625 -419
vt 553.5 21
vt 543.65625 21
vt 548.747314453125 15.142135620117188
vt 543.65625 21
vt 540.2281494140625 15.142135620117188
vt 548.747314453125 15.142135620117188
vt 548.747314453125 15.142135620117188
vt 540.2281494140625 15.142135620117188
vt 546.7786865234375 1
vt 540.2281494140625 15.142135620117188
vt 538.8081665039062 1
vt 546.7786865234375 1
vt 546.7786865234375 1
vt 538.8081665039062 1
vt 546.7786865234375 -399
vt 538.8081665039062 1
vt 538.8081665039062 -399
vt 546.7786865234375 -399
vt 546.7786865234375 -399
vt 538.8081665039062 -399
vt 548.747314453125 -413.14215087890625
vt 538.8081665039062 -399
vt 540.2281494140625 -413.14215087890625
vt 548.747314453125 -413.14215087890625
vt 548.747314453125 -413.14215087890625
vt 540.2281494140625 -413.14215087890625
vt 553.5 -419
vt 540.2281494140625 -413.14215087890625
vt 543.65625 -419
vt 553.5 -419
vt 543.65625 21
vt 533.125 21
vt 540.2281494140625 15.142135620117188
vt 533.125 21
vt 530.9396362304688 15.142135620117188
vt 540.2281494140625 15.142135620117188
vt 540.2281494140625 15.142135620117188
vt 530.9396362304688 15.142135620117188
vt 538.8081665039062 1
vt 530.9396362304688 15.142135620117188
vt 530.034423828125 1
vt 538.8081665039062 1
vt 538.8081665039062 1
vt 530.034423828125 1
vt 538.8081665039062 -399
vt 530.034423828125 1
vt 530.034423828125 -399
vt 538.8081665039062 -399
vt 538.8081665039062 -399
vt 530.034423828125 -399
vt 540.2281494140625 -413.14215087890625
vt 530.034423828125 -399
vt 530.9396362304688 -413.14215087890625
vt 540.2281494140625 -413.14215087890625
vt 540.2281494140625 -413.14215087890625
vt 530.9396362304688 -413.14215087890625
vt 543.65625 -419
vt 530.9396362304688 -413.14215087890625
vt 533.125 -419
vt 543.65625 -419
vt 533.125 21
vt 521.90625 21
vt 530.9396362304688 15.142135620117188
vt 521.90625 21
vt 520.8616333007812 15.142135620117188
vt 530.9396362304688 15.142135620117188
vt 530.9396362304688 15.142135620117188
vt 520.8616333007812 15.142135620117188
vt 530.034423828125 1
vt 520.8616333007812 15.142135620117188
vt 520.428955078125 1
vt 530.034423828125 1
vt 530.034423828125 1
vt 520.428955078125 1
vt 530.034423828125 -399
vt 520.428955078125 1
vt 520.428955078125 -399
vt 530.034423828125 -399
vt 530.034423828125 -399
vt 520.428955078125 -399
vt 530.9396362304688 -413.14215087890625
vt 520.428955078125 -399
vt 520.8616333007812 -413.14215087890625
vt 530.9396362304688 -413.14215087890625
vt 530.9396362304688 -413.14215087890625
vt 520.8616333007812 -413.14215087890625
vt 533.125 -419
vt 520.8616333007812 -413.14215087890625
vt 521.90625 -419
vt 533.125 -419
vt 521.90625 21
vt 510 21
vt 520.8616333007812 15.142135620117188
vt 510 21
vt 510 15.142135620117188
vt 520.8616333007812 15.142135620117188
vt 520.8616333007812 15.142135620117188
vt 510 15.142135620117188
vt 520.428955078125 1
vt 510 15.142135620117188
vt 510 1
vt 520.428955078125 1
vt 520.428955078125 1
vt 510 1
vt 520.428955078125 -399
vt 510 1
vt 510 -399
vt 520.428955078125 -399
vt 520.428955078125 -399
vt 510 -399
vt 520.8616333007812 -413.14215087890625
vt 510 -399
vt 510 -413.14215087890625
vt 520.8616333007812 -413.14215087890625
vt 520.8616333007812 -413.14215087890625
vt 510 -413.14215087890625
vt 521.90625 -419
vt 510 -413.14215087890625
vt 510 -419
vt 521.90625 -419
vt 506 21
vt 494.8046875 21
vt 506.00518798828125 15.142135620117188
vt 494.8046875 21
vt 495.891845703125 15.142135620117188
vt 506.00518798828125 15.142135620117188
vt 506.00518798828125 15.142135620117188
vt 495.891845703125 15.142135620117188
vt 506.00732421875 1
vt 495.891845703125 15.142135620117188
vt 496.3421630859375 1
vt 506.00732421875 1
vt 506.00732421875 1
vt 496.3421630859375 1
vt 506.00732421875 -399
vt 496.3421630859375 1
vt 496.3421630859375 -399
vt 506.00732421875 -399
vt 506.00732421875 -399
vt 496.3421630859375 -399
vt 506.00518798828125 -413.14215087890625
vt 496.3421630859375 -399
vt 495.891845703125 -413.14215087890625
vt 506.00518798828125 -413.14215087890625
vt 506.00518798828125 -413.14215087890625
vt 495.891845703125 -413.14215087890625
vt 506 -419
vt 495.891845703125 -413.14215087890625
vt 494.8046875 -419
vt 506 -419
vt 494.8046875 21
vt 484.21875 21
vt 495.891845703125 15.142135620117188
vt 484.21875 21
vt 486.48394775390625 15.142135620117188
vt 495.891845703125 15.142135620117188
vt 495.891845703125 15.142135620117188
vt 486.48394775390625 15.142135620117188
vt 496.3421630859375 1
vt 486.48394775390625 15.142135620117188
vt 487.4222412109375 1
vt 496.3421630859375 1
vt 496.3421630859375 1
vt 487.4222412109375 1
vt 496.3421630859375 -399
vt 487.4222412109375 1
vt 487.4222412109375 -399
vt 496.3421630859375 -399
vt 496.3421630859375 -399
vt 487.4222412109375 -399
vt 495.891845703125 -413.14215087890625
vt 487.4222412109375 -399
vt 486.48394775390625 -413.14215087890625
vt 495.891845703125 -413.14215087890625
vt 495.891845703125 -413.14215087890625
vt 486.48394775390625 -413.14215087890625
vt 494.8046875 -419
vt 486.48394775390625 -413.14215087890625
vt 484.21875 -419
vt 494.8046875 -419
vt 484.21875 21
vt 474.2421875 21
vt 486.48394775390625 15.142135620117188
vt 474.2421875 21
vt 477.7771911621094 15.142135620117188
vt 486.48394775390625 15.142135620117188
vt 486.48394775390625 15.142135620117188
vt 477.7771911621094 15.142135620117188
vt 487.4222412109375 1
vt 477.7771911621094 15.142135620117188
vt 479.2414245605469 1
vt 487.4222412109375 1
vt 487.4222412109375 1
vt 479.2414245605469 1
vt 487.4222412109375 -399
vt 479.2414245605469 1
vt 479.2414245605469 -399
vt 487.4222412109375 -399
vt 487.4222412109375 -399
vt 479.2414245605469 -399
vt 486.48394775390625 -413.14215087890625
vt 479.2414245605469 -399
vt 477.7771911621094 -413.14215087890625
vt 486.48394775390625 -413.14215087890625
vt 486.48394775390625 -413.14215087890625
vt 477.7771911621094 -413.14215087890625
vt 484.21875 -419
vt 477.7771911621094 -413.14215087890625
vt 474.2421875 -419
vt 484.21875 -419
vt 474.2421875 21
vt 464.875 21
vt 477.7771911621094 15.142135620117188
vt 464.875 21
vt 469.74652099609375 15.142135620117188
vt 477.7771911621094 15.142135620117188
vt 477.7771911621094 15.142135620117188
vt 469.74652099609375 15.142135620117188
vt 479.2414245605469 1
vt 469.74652099609375 15.142135620117188
vt 471.76434326171875 1
vt 479.2414245605469 1
vt 479.2414245605469 1
vt 471.76434326171875 1
vt 479.2414245605469 -399
vt 471.76434326171875 1
vt 471.76434326171875 -399
vt 479.2414245605469 -399
vt 479.2414245605469 -399
vt 471.76434326171875 -399
vt 477.7771911621094 -413.14215087890625
vt 471.76434326171875 -399
vt 469.74652099609375 -413.14215087890625
vt 477.7771911621094 -413.14215087890625
vt 477.7771911621094 -413.14215087890625
vt 469.74652099609375 -413.14215087890625
vt 474.2421875 -419
vt 469.74652099609375 -413.14215087890625
vt 464.875 -419
vt 474.2421875 -419
vt 464.875 21
vt 456.1171875 21
vt 469.74652099609375 15.142135620117188
vt 456.1171875 21
vt 462.3538513183594 15.142135620117188
vt 469.74652099609375 15.142135620117188
vt 469.74652099609375 15.142135620117188
vt 462.3538513183594 15.142135620117188
vt 471.76434326171875 1
vt 462.3538513183594 15.142135620117188
vt 464.9371643066406 1
vt 471.76434326171875 1
vt 471.76434326171875 1
vt 464.9371643066406 1
vt 471.76434326171875 -399
vt 464.9371643066406 1
vt 464.9371643066406 -399
vt 471.76434326171875 -399
vt 471.76434326171875 -399
vt 464.9371643066406 -399
vt 469.74652099609375 -413.14215087890625
vt 464.9371643066406 -399
vt 462.3538513183594 -413.14215087890625
vt 469.74652099609375 -413.14215087890625
vt 469.74652099609375 -413.14215087890625
vt 462.3538513183594 -413.14215087890625
vt 464.875 -419
vt 462.3538513183594 -413.14215087890625
vt 456.1171875 -419
vt 464.875 -419
vt 456.1171875 21
vt 447.96875 21
vt 462.3538513183594 15.142135620117188
vt 447.96875 21
vt 455.5507507324219 15.142135620117188
vt 462.3538513183594 15.142135620117188
vt 462.3538513183594 15.142135620117188
vt 455.5507507324219 15.142135620117188
vt 464.9371643066406 1
vt 455.5507507324219 15.142135620117188
vt 458.6912841796875 1
vt 464.9371643066406 1
vt 464.9371643066406 1
vt 458.6912841796875 1
vt 464.9371643066406 -399
vt 458.6912841796875 1
vt 458.6912841796875 -399
vt 464.9371643066406 -399
vt 464.9371643066406 -399
vt 458.6912841796875 -399
vt 462.3538513183594 -413.14215087890625
vt 458.6912841796875 -399
vt 455.5507507324219 -413.14215087890625
vt 462.3538513183594 -413.14215087890625
vt 462.3538513183594 -413.14215087890625
vt 455.5507507324219 -413.14215087890625
vt 456.1171875 -419
vt 455.5507507324219 -413.14215087890625
vt 447.96875 -419
vt 456.1171875 -419
vt 447.96875 21
vt 440.4296875 21
vt 455.5507507324219 15.142135620117188
vt 440.4296875 21
vt 449.28509521484375 15.142135620117188
vt 455.5507507324219 15.142135620117188
vt 455.5507507324219 15.142135620117188
vt 449.28509521484375 15.142135620117188
vt 458.6912841796875 1
vt 449.28509521484375 15.142135620117188
vt 452.953125 1
vt 458.6912841796875 1
vt 458.6912841796875 1
vt 452.953125 1
vt 458.6912841796875 -399
vt 452.953125 1
vt 452.953125 -399
vt 458.6912841796875 -399
vt 458.6912841796875 -399
vt 452.953125 -399
vt 455.5507507324219 -413.14215087890625
vt 452.953125 -399
vt 449.28509521484375 -413.14215087890625
vt 455.5507507324219 -413.14215087890625
vt 455.5507507324219 -413.14215087890625
vt 449.28509521484375 -413.14215087890625
vt 447.96875 -419
vt 449.28509521484375 -413.14215087890625
vt 440.4296875 -419
vt 447.96875 -419
vt 440.4296875 21
vt 433.5 21
vt 449.28509521484375 15.142135620117188
vt 433.5 21
vt 443.53265380859375 15.142135620117188
vt 449.28509521484375 15.142135620117188
vt 449.28509521484375 15.142135620117188
vt 443.53265380859375 15.142135620117188
vt 452.953125 1
vt 443.53265380859375 15.142135620117188
vt 447.68829345703125 1
vt 452.953125 1
vt 452.953125 1
vt 447.68829345703125 1
vt 452.953125 -399
vt 447.68829345703125 1
vt 447.68829345703125 -399
vt 452.953125 -399
vt 452.953125 -399
vt 447.68829345703125 -399
vt 449.28509521484375 -413.14215087890625
vt 447.68829345703125 -399
vt 443.53265380859375 -413.14215087890625
vt 449.28509521484375 -413.14215087890625
vt 449.28509521484375 -413.14215087890625
vt 443.53265380859375 -413.14215087890625
vt 440.4296875 -419
vt 443.53265380859375 -413.14215087890625
vt 433.5 -419
vt 440.4296875 -419
vt 843.5 21
vt 850.4765625 21
vt 853.4990844726562 15.142135620117188
vt 850.4765625 21
vt 859.2664794921875 15.142135620117188
vt 853.4990844726562 15.142135620117188
vt 853.4990844726562 15.142135620117188
vt 859.2664794921875 15.142135620117188
vt 857.640869140625 1
vt 859.2664794921875 15.142135620117188
vt 862.9074096679688 1
vt 857.640869140625 1
vt 857.640869140625 1
vt 862.9074096679688 1
vt 857.640869140625 -399
vt 862.9074096679688 1
vt 862.9074096679688 -399
vt 857.640869140625 -399
vt 857.640869140625 -399
vt 862.9074096679688 -399
vt 853.4990844726562 -413.14215087890625
vt 862.9074096679688 -399
vt 859.2664794921875 -413.14215087890625
vt 853.4990844726562 -413.14215087890625
vt 853.4990844726562 -413.14215087890625
vt 859.2664794921875 -413.14215087890625
vt 843.5 -419
vt 859.2664794921875 -413.14215087890625
vt 850.4765625 -419
vt 843.5 -419
vt 850.4765625 21
vt 858.15625 21
vt 859.2664794921875 15.142135620117188
vt 858.15625 21
vt 865.6146850585938 15.142135620117188
vt 859.2664794921875 15.142135620117188
vt 859.2664794921875 15.142135620117188
vt 865.6146850585938 15.142135620117188
vt 862.9074096679688 1
vt 865.6146850585938 15.142135620117188
vt 868.7041015625 1
vt 862.9074096679688 1
vt 862.9074096679688 1
vt 868.7041015625 1
vt 862.9074096679688 -399
vt 868.7041015625 1
vt 868.7041015625 -399
vt 862.9074096679688 -399
vt 862.9074096679688 -399
vt 868.7041015625 -399
vt 859.2664794921875 -413.14215087890625
vt 868.7041015625 -399
vt 865.6146850585938 -413.14215087890625
vt 859.2664794921875 -413.14215087890625
vt 859.2664794921875 -413.14215087890625
vt 865.6146850585938 -413.14215087890625
vt 850.4765625 -419
vt 865.6146850585938 -413.14215087890625
vt 858.15625 -419
vt 850.4765625 -419
vt 858.15625 21
vt 866.5390625 21
vt 865.6146850585938 15.142135620117188
vt 866.5390625 21
vt 872.6160278320312 15.142135620117188
vt 865.6146850585938 15.142135620117188
vt 865.6146850585938 15.142135620117188
vt 872.6160278320312 15.142135620117188
vt 868.7041015625 1
vt 872.6160278320312 15.142135620117188
vt 875.1331787109375 1
vt 868.7041015625 1
vt 868.7041015625 1
vt 875.1331787109375 1
vt 868.7041015625 -399
vt 875.1331787109375 1
vt 875.1331787109375 -399
vt 868.7041015625 -399
vt 868.7041015625 -399
vt 875.1331787109375 -399
vt 865.6146850585938 -413.14215087890625
vt 875.1331787109375 -399
vt 872.6160278320312 -413.14215087890625
vt 865.6146850585938 -413.14215087890625
vt 865.6146850585938 -413.14215087890625
vt 872.6160278320312 -413.14215087890625
vt 858.15625 -419
vt 872.6160278320312 -413.14215087890625
vt 866.5390625 -419
vt 858.15625 -419
vt 866.5390625 21
vt 875.625 21
vt 872.6160278320312 15.142135620117188
vt 875.625 21
vt 880.3278198242188 15.142135620117188
vt 872.6160278320312 15.142135620117188
vt 872.6160278320312 15.142135620117188
vt 880.3278198242188 15.142135620117188
vt 875.1331787109375 1
vt 880.3278198242188 15.142135620117188
vt 882.2758178710938 1
vt 875.1331787109375 1
vt 875.1331787109375 1
vt 882.2758178710938 1
vt 875.1331787109375 -399
vt 882.2758178710938 1
vt 882.2758178710938 -399
vt 875.1331787109375 -399
vt 875.1331787109375 -399
vt 882.2758178710938 -399
vt 872.6160278320312 -413.14215087890625
vt 882.2758178710938 -399
vt 880.3278198242188 -413.14215087890625
vt 872.6160278320312 -413.14215087890625
vt 872.6160278320312 -413.14215087890625
vt 880.3278198242188 -413.14215087890625
vt 866.5390625 -419
vt 880.3278198242188 -413.14215087890625
vt 875.625 -419
vt 866.5390625 -419
vt 875.625 21
vt 885.4140625 21
vt 880.3278198242188 15.142135620117188
vt 885.4140625 21
vt 888.7977905273438 15.142135620117188
vt 880.3278198242188 15.142135620117188
vt 880.3278198242188 15.142135620117188
vt 888.7977905273438 15.142135620117188
vt 882.2758178710938 1
vt 888.7977905273438 15.142135620117188
vt 890.1993408203125 1
vt 882.2758178710938 1
vt 882.2758178710938 1
vt 890.1993408203125 1
vt 882.2758178710938 -399
vt 890.1993408203125 1
vt 890.1993408203125 -399
vt 882.2758178710938 -399
vt 882.2758178710938 -399
vt 890.1993408203125 -399
vt 880.3278198242188 -413.14215087890625
vt 890.1993408203125 -399
vt 888.7977905273438 -413.14215087890625
vt 880.3278198242188 -413.14215087890625
vt 880.3278198242188 -413.14215087890625
vt 888.7977905273438 -413.14215087890625
vt 875.625 -419
vt 888.7977905273438 -413.14215087890625
vt 885.4140625 -419
vt 875.625 -419
vt 885.4140625 21
vt 895.90625 21
vt 888.7977905273438 15.142135620117188
vt 895.90625 21
vt 898.0587158203125 15.142135620117188
vt 888.7977905273438 15.142135620117188
vt 888.7977905273438 15.142135620117188
vt 898.0587158203125 15.142135620117188
vt 890.1993408203125 1
vt 898.0587158203125 15.142135620117188
vt 898.9503173828125 1
vt 890.1993408203125 1
vt 890.1993408203125 1
vt 898.9503173828125 1
vt 890.1993408203125 -399
vt 898.9503173828125 1
vt 898.9503173828125 -399
vt 890.1993408203125 -399
vt 890.1993408203125 -399
vt 898.9503173828125 -399
vt 888.7977905273438 -413.14215087890625
vt 898.9503173828125 -399
vt 898.0587158203125 -413.14215087890625
vt 888.7977905273438 -413.14215087890625
vt 888.7977905273438 -413.14215087890625
vt 898.0587158203125 -413.14215087890625
vt 885.4140625 -419
vt 898.0587158203125 -413.14215087890625
vt 895.90625 -419
vt 885.4140625 -419
vt 895.90625 21
vt 907.1015625 21
vt 898.0587158203125 15.142135620117188
vt 907.1015625 21
vt 908.1287231445312 15.142135620117188
vt 898.0587158203125 15.142135620117188
vt 898.0587158203125 15.142135620117188
vt 908.1287231445312 15.142135620117188
vt 898.9503173828125 1
vt 908.1287231445312 15.142135620117188
vt 908.55419921875 1
vt 898.9503173828125 1
vt 898.9503173828125 1
vt 908.55419921875 1
vt 898.9503173828125 -399
vt 908.55419921875 1
vt 908.55419921875 -399
vt 898.9503173828125 -399
vt 898.9503173828125 -399
vt 908.55419921875 -399
vt 898.0587158203125 -413.14215087890625
vt 908.55419921875 -399
vt 908.1287231445312 -413.14215087890625
vt 898.0587158203125 -413.14215087890625
vt 898.0587158203125 -413.14215087890625
vt 908.1287231445312 -413.14215087890625
vt 895.90625 -419
vt 908.1287231445312 -413.14215087890625
vt 907.1015625 -419
vt 895.90625 -419
vt 907.1015625 21
vt 919 21
vt 908.1287231445312 15.142135620117188
vt 919 21
vt 918.9950561523438 15.142135620117188
vt 908.1287231445312 15.142135620117188
vt 908.1287231445312 15.142135620117188
vt 918.9950561523438 15.142135620117188
vt 908.55419921875 1
vt 918.9950561523438 15.142135620117188
vt 918.9930419921875 1
vt 908.55419921875 1
vt 908.55419921875 1
vt 918.9930419921875 1
vt 908.55419921875 -399
vt 918.9930419921875 1
vt 918.9930419921875 -399
vt 908.55419921875 -399
vt 908.55419921875 -399
vt 918.9930419921875 -399
vt 908.1287231445312 -413.14215087890625
vt 918.9930419921875 -399
vt 918.9950561523438 -413.14215087890625
vt 908.1287231445312 -413.14215087890625
vt 908.1287231445312 -413.14215087890625
vt 918.9950561523438 -413.14215087890625
vt 907.1015625 -419
vt 918.9950561523438 -413.14215087890625
vt 919 -419
vt 907.1015625 -419
vt 919 21
vt 930.6640625 21
vt 918.9950561523438 15.142135620117188
vt 930.6640625 21
vt 929.6176147460938 15.142135620117188
vt 918.9950561523438 15.142135620117188
vt 918.9950561523438 15.142135620117188
vt 929.6176147460938 15.142135620117188
vt 918.9930419921875 1
vt 929.6176147460938 15.142135620117188
vt 929.1842041015625 1
vt 918.9930419921875 1
vt 918.9930419921875 1
vt 929.1842041015625 1
vt 918.9930419921875 -399
vt 929.1842041015625 1
vt 929.1842041015625 -399
vt 918.9930419921875 -399
vt 918.9930419921875 -399
vt 929.1842041015625 -399
vt 918.9950561523438 -413.14215087890625
vt 929.1842041015625 -399
vt 929.6176147460938 -413.14215087890625
vt 918.9950561523438 -413.14215087890625
vt 918.9950561523438 -413.14215087890625
vt 929.6176147460938 -413.14215087890625
vt 919 -419
vt 929.6176147460938 -413.14215087890625
vt 930.6640625 -419
vt 919 -419
vt 930.6640625 21
vt 941.65625 21
vt 929.6176147460938 15.142135620117188
vt 941.65625 21
vt 939.4674682617188 15.142135620117188
vt 929.6176147460938 15.142135620117188
vt 929.6176147460938 15.142135620117188
vt 939.4674682617188 15.142135620117188
vt 929.1842041015625 1
vt 939.4674682617188 15.142135620117188
vt 938.560791015625 1
vt 929.1842041015625 1
vt 929.1842041015625 1
vt 938.560791015625 1
vt 929.1842041015625 -399
vt 938.560791015625 1
vt 938.560791015625 -399
vt 929.1842041015625 -399
vt 929.1842041015625 -399
vt 938.560791015625 -399
vt 929.6176147460938 -413.14215087890625
vt 938.560791015625 -399
vt 939.4674682617188 -413.14215087890625
vt 929.6176147460938 -413.14215087890625
vt 929.6176147460938 -413.14215087890625
vt 939.4674682617188 -413.14215087890625
vt 930.6640625 -419
vt 939.4674682617188 -413.14215087890625
vt 941.65625 -419
vt 930.6640625 -419
vt 941.65625 21
vt 951.9765625 21
vt 939.4674682617188 15.142135620117188
vt 951.9765625 21
vt 948.5438232421875 15.142135620117188
vt 939.4674682617188 15.142135620117188
vt 939.4674682617188 15.142135620117188
vt 948.5438232421875 15.142135620117188
vt 938.560791015625 1
vt 948.5438232421875 15.142135620117188
vt 947.1219482421875 1
vt 938.560791015625 1
vt 938.560791015625 1
vt 947.1219482421875 1
vt 938.560791015625 -399
vt 947.1219482421875 1
vt 947.1219482421875 -399
vt 938.560791015625 -399
vt 938.560791015625 -399
vt 947.1219482421875 -399
vt 939.4674682617188 -413.14215087890625
vt 947.1219482421875 -399
vt 948.5438232421875 -413.14215087890625
vt 939.4674682617188 -413.14215087890625
vt 939.4674682617188 -413.14215087890625
vt 948.5438232421875 -413.14215087890625
vt 941.65625 -419
vt 948.5438232421875 -413.14215087890625
vt 951.9765625 -419
vt 941.65625 -419
vt 951.9765625 21
vt 961.625 21
vt 948.5438232421875 15.142135620117188
vt 961.625 21
vt 956.8671875 15.142135620117188
vt 948.5438232421875 15.142135620117188
vt 948.5438232421875 15.142135620117188
vt 956.8671875 15.142135620117188
vt 947.1219482421875 1
vt 956.8671875 15.142135620117188
vt 954.8964233398438 1
vt 947.1219482421875 1
vt 947.1219482421875 1
vt 954.8964233398438 1
vt 947.1219482421875 -399
vt 954.8964233398438 1
vt 954.8964233398438 -399
vt 947.1219482421875 -399
vt 947.1219482421875 -399
vt 954.8964233398438 -399
vt 948.5438232421875 -413.14215087890625
vt 954.8964233398438 -399
vt 956.8671875 -413.14215087890625
vt 948.5438232421875 -413.14215087890625
vt 948.5438232421875 -413.14215087890625
vt 956.8671875 -413.14215087890625
vt 951.9765625 -419
vt 956.8671875 -413.14215087890625
vt 961.625 -419
vt 951.9765625 -419
vt 961.625 21
vt 970.6015625 21
vt 956.8671875 15.142135620117188
vt 970.6015625 21
vt 964.4722290039062 15.142135620117188
vt 956.8671875 15.142135620117188
vt 956.8671875 15.142135620117188
vt 964.4722290039062 15.142135620117188
vt 954.8964233398438 1
vt 964.4722290039062 15.142135620117188
vt 961.933349609375 1
vt 954.8964233398438 1
vt 954.8964233398438 1
vt 961.933349609375 1
vt 954.8964233398438 -399
vt 961.933349609375 1
vt 961.933349609375 -399
vt 954.8964233398438 -399
vt 954.8964233398438 -399
vt 961.933349609375 -399
vt 956.8671875 -413.14215087890625
vt 961.933349609375 -399
vt 964.4722290039062 -413.14215087890625
vt 956.8671875 -413.14215087890625
vt 956.8671875 -413.14215087890625
vt 964.4722290039062 -413.14215087890625
vt 961.625 -419
vt 964.4722290039062 -413.14215087890625
vt 970.6015625 -419
vt 961.625 -419
vt 970.6015625 21
vt 978.90625 21
vt 964.4722290039062 15.142135620117188
vt 978.90625 21
vt 971.4070434570312 15.142135620117188
vt 964.4722290039062 15.142135620117188
vt 964.4722290039062 15.142135620117188
vt 971.4070434570312 15.142135620117188
vt 961.933349609375 1
vt 971.4070434570312 15.142135620117188
vt 968.3007202148438 1
vt 961.933349609375 1
vt 961.933349609375 1
vt 968.3007202148438 1
vt 961.933349609375 -399
vt 968.3007202148438 1
vt 968.3007202148438 -399
vt 961.933349609375 -399
vt 961.933349609375 -399
vt 968.3007202148438 -399
vt 964.4722290039062 -413.14215087890625
vt 968.3007202148438 -399
vt 971.4070434570312 -413.14215087890625
vt 964.4722290039062 -413.14215087890625
vt 964.4722290039062 -413.14215087890625
vt 971.4070434570312 -413.14215087890625
vt 970.6015625 -419
vt 971.4070434570312 -413.14215087890625
vt 978.90625 -419
vt 970.6015625 -419
vt 978.90625 21
vt 986.5390625 21
vt 971.4070434570312 15.142135620117188
vt 986.5390625 21
vt 977.7274169921875 15.142135620117188
vt 971.4070434570312 15.142135620117188
vt 971.4070434570312 15.142135620117188
vt 977.7274169921875 15.142135620117188
vt 968.3007202148438 1
vt 977.7274169921875 15.142135620117188
vt 974.0775146484375 1
vt 968.3007202148438 1
vt 968.3007202148438 1
vt 974.0775146484375 1
vt 968.3007202148438 -399
vt 974.0775146484375 1
vt 974.0775146484375 -399
vt 968.3007202148438 -399
vt 968.3007202148438 -399
vt 974.0775146484375 -399
vt 971.4070434570312 -413.14215087890625
vt 974.0775146484375 -399
vt 977.7274169921875 -413.14215087890625
vt 971.4070434570312 -413.14215087890625
vt 971.4070434570312 -413.14215087890625
vt 977.7274169921875 -413.14215087890625
vt 978.90625 -419
vt 977.7274169921875 -413.14215087890625
vt 986.5390625 -419
vt 978.90625 -419
vt 986.5390625 21
vt 993.5 21
vt 977.7274169921875 15.142135620117188
vt 993.5 21
vt 983.4956665039062 15.142135620117188
vt 977.7274169921875 15.142135620117188
vt 977.7274169921875 15.142135620117188
vt 983.4956665039062 15.142135620117188
vt 974.0775146484375 1
vt 983.4956665039062 15.142135620117188
vt 979.3516845703125 1
vt 974.0775146484375 1
vt 974.0775146484375 1
vt 979.3516845703125 1
vt 974.0775146484375 -399
vt 979.3516845703125 1
vt 979.3516845703125 -399
vt 974.0775146484375 -399
vt 974.0775146484375 -399
vt 979.3516845703125 -399
vt 977.7274169921875 -413.14215087890625
vt 979.3516845703125 -399
vt 983.4956665039062 -413.14215087890625
vt 977.7274169921875 -413.14215087890625
vt 977.7274169921875 -413.14215087890625
vt 983.4956665039062 -413.14215087890625
vt 986.5390625 -419
vt 983.4956665039062 -413.14215087890625
vt 993.5 -419
vt 986.5390625 -419
vt 433.5 21
vt 440.4296875 21
vt 443.5267639160156 15.142135620117188
vt 440.4296875 21
vt 449.28509521484375 15.142135620117188
vt 443.5267639160156 15.142135620117188
vt 443.5267639160156 15.142135620117188
vt 449.28509521484375 15.142135620117188
vt 447.6799621582031 1
vt 449.28509521484375 15.142135620117188
vt 452.953125 1
vt 447.6799621582031 1
vt 447.6799621582031 1
vt 452.953125 1
vt 447.6799621582031 -399
vt 452.953125 1
vt 452.953125 -399
vt 447.6799621582031 -399
vt 447.6799621582031 -399
vt 452.953125 -399
vt 443.5267639160156 -413.14215087890625
vt 452.953125 -399
vt 449.28509521484375 -413.14215087890625
vt 443.5267639160156 -413.14215087890625
vt 443.5267639160156 -413.14215087890625
vt 449.28509521484375 -413.14215087890625
vt 433.5 -419
vt 449.28509521484375 -413.14215087890625
vt 440.4296875 -419
vt 433.5 -419
vt 440.4296875 21
vt 447.96875 21
vt 449.28509521484375 15.142135620117188
vt 447.96875 21
vt 455.5507507324219 15.142135620117188
vt 449.28509521484375 15.142135620117188
vt 449.28509521484375 15.142135620117188
vt 455.5507507324219 15.142135620117188
vt 452.953125 1
vt 455.5507507324219 15.142135620117188
vt 458.6912841796875 1
vt 452.953125 1
vt 452.953125 1
vt 458.6912841796875 1
vt 452.953125 -399
vt 458.6912841796875 1
vt 458.6912841796875 -399
vt 452.953125 -399
vt 452.953125 -399
vt 458.6912841796875 -399
vt 449.28509521484375 -413.14215087890625
vt 458.6912841796875 -399
vt 455.5507507324219 -413.14215087890625
vt 449.28509521484375 -413.14215087890625
vt 449.28509521484375 -413.14215087890625
vt 455.5507507324219 -413.14215087890625
vt 440.4296875 -419
vt 455.5507507324219 -413.14215087890625
vt 447.96875 -419
vt 440.4296875 -419
vt 447.96875 21
vt 456.1171875 21
vt 455.5507507324219 15.142135620117188
vt 456.1171875 21
vt 462.3538513183594 15.142135620117188
vt 455.5507507324219 15.142135620117188
vt 455.5507507324219 15.142135620117188
vt 462.3538513183594 15.142135620117188
vt 458.6912841796875 1
vt 462.3538513183594 15.142135620117188
vt 464.9371643066406 1
vt 458.6912841796875 1
vt 458.6912841796875 1
vt 464.9371643066406 1
vt 458.6912841796875 -399
vt 464.9371643066406 1
vt 464.9371643066406 -399
vt 458.6912841796875 -399
vt 458.6912841796875 -399
vt 464.9371643066406 -399
vt 455.5507507324219 -413.14215087890625
vt 464.9371643066406 -399
vt 462.3538513183594 -413.14215087890625
vt 455.5507507324219 -413.14215087890625
vt 455.5507507324219 -413.14215087890625
vt 462.3538513183594 -413.14215087890625
vt 447.96875 -419
vt 462.3538513183594 -413.14215087890625
vt 456.1171875 -419
vt 447.96875 -419
vt 456.1171875 21
vt 464.875 21
vt 462.3538513183594 15.142135620117188
vt 464.875 21
vt 469.74652099609375 15.142135620117188
vt 462.3538513183594 15.142135620117188
vt 462.3538513183594 15.142135620117188
vt 469.74652099609375 15.142135620117188
vt 464.9371643066406 1
vt 469.74652099609375 15.142135620117188
vt 471.76434326171875 1
vt 464.9371643066406 1
vt 464.9371643066406 1
vt 471.76434326171875 1
vt 464.9371643066406 -399
vt 471.76434326171875 1
vt 471.76434326171875 -399
vt 464.9371643066406 -399
vt 464.9371643066406 -399
vt 471.76434326171875 -399
vt 462.3538513183594 -413.14215087890625
vt 471.76434326171875 -399
vt 469.74652099609375 -413.14215087890625
vt 462.3538513183594 -413.14215087890625
vt 462.3538513183594 -413.14215087890625
vt 469.74652099609375 -413.14215087890625
vt 456.1171875 -419
vt 469.74652099609375 -413.14215087890625
vt 464.875 -419
vt 456.1171875 -419
vt 464.875 21
vt 474.2421875 21
vt 469.74652099609375 15.142135620117188
vt 474.2421875 21
vt 477.7771911621094 15.142135620117188
vt 469.74652099609375 15.142135620117188
vt 469.74652099609375 15.142135620117188
vt 477.7771911621094 15.142135620117188
vt 471.76434326171875 1
vt 477.7771911621094 15.142135620117188
vt 479.2414245605469 1
vt 471.76434326171875 1
vt 471.76434326171875 1
vt 479.2414245605469 1
vt 471.76434326171875 -399
vt 479.2414245605469 1
vt 479.2414245605469 -399
vt 471.76434326171875 -399
vt 471.76434326171875 -399
vt 479.2414245605469 -399
vt 469.74652099609375 -413.14215087890625
vt 479.2414245605469 -399
vt 477.7771911621094 -413.14215087890625
vt 469.74652099609375 -413.14215087890625
vt 469.74652099609375 -413.14215087890625
vt 477.7771911621094 -413.14215087890625
vt 464.875 -419
vt 477.7771911621094 -413.14215087890625
vt 474.2421875 -419
vt 464.875 -419
vt 474.2421875 21
vt 484.21875 21
vt 477.7771911621094 15.142135620117188
vt 484.21875 21
vt 486.48394775390625 15.142135620117188
vt 477.7771911621094 15.142135620117188
vt 477.7771911621094 15.142135620117188
vt 486.48394775390625 15.142135620117188
vt 479.2414245605469 1
vt 486.48394775390625 15.142135620117188
vt 487.4222412109375 1
vt 479.2414245605469 1
vt 479.2414245605469 1
vt 487.4222412109375 1
vt 479.2414245605469 -399
vt 487.4222412109375 1
vt 487.4222412109375 -399
vt 479.2414245605469 -399
vt 479.2414245605469 -399
vt 487.4222412109375 -399
vt 477.7771911621094 -413.14215087890625
vt 487.4222412109375 -399
vt 486.48394775390625 -413.14215087890625
vt 477.7771911621094 -413.14215087890625
vt 477.7771911621094 -413.14215087890625
vt 486.48394775390625 -413.14215087890625
vt 474.2421875 -419
vt 486.48394775390625 -413.14215087890625
vt 484.21875 -419
vt 474.2421875 -419
vt 484.21875 21
vt 494.8046875 21
vt 486.48394775390625 15.142135620117188
vt 494.8046875 21
vt 495.891845703125 15.142135620117188
vt 486.48394775390625 15.142135620117188
vt 486.48394775390625 15.142135620117188
vt 495.891845703125 15.142135620117188
vt 487.4222412109375 1
vt 495.891845703125 15.142135620117188
vt 496.3421630859375 1
vt 487.4222412109375 1
vt 487.4222412109375 1
vt 496.3421630859375 1
vt 487.4222412109375 -399
vt 496.3421630859375 1
vt 496.3421630859375 -399
vt 487.4222412109375 -399
vt 487.4222412109375 -399
vt 496.3421630859375 -399
vt 486.48394775390625 -413.14215087890625
vt 496.3421630859375 -399
vt 495.891845703125 -413.14215087890625
vt 486.48394775390625 -413.14215087890625
vt 486.48394775390625 -413.14215087890625
vt 495.891845703125 -413.14215087890625
vt 484.21875 -419
vt 495.891845703125 -413.14215087890625
vt 494.8046875 -419
vt 484.21875 -419
vt 494.8046875 21
vt 506 21
vt 495.891845703125 15.142135620117188
vt 506 21
vt 506.00518798828125 15.142135620117188
vt 495.891845703125 15.142135620117188
vt 495.891845703125 15.142135620117188
vt 506.00518798828125 15.142135620117188
vt 496.3421630859375 1
vt 506.00518798828125 15.142135620117188
vt 506.00732421875 1
vt 496.3421630859375 1
vt 496.3421630859375 1
vt 506.00732421875 1
vt 496.3421630859375 -399
vt 506.00732421875 1
vt 506.00732421875 -399
vt 496.3421630859375 -399
vt 496.3421630859375 -399
vt 506.00732421875 -399
vt 495.891845703125 -413.14215087890625
vt 506.00732421875 -399
vt 506.00518798828125 -413.14215087890625
vt 495.891845703125 -413.14215087890625
vt 495.891845703125 -413.14215087890625
vt 506.00518798828125 -413.14215087890625
vt 494.8046875 -419
vt 506.00518798828125 -413.14215087890625
vt 506 -419
vt 494.8046875 -419
vt 506 21
vt 517.421875 21
vt 506.00518798828125 15.142135620117188
vt 517.421875 21
vt 516.353515625 15.142135620117188
vt 506.00518798828125 15.142135620117188
vt 506.00518798828125 15.142135620117188
vt 516.353515625 15.142135620117188
vt 506.00732421875 1
vt 516.353515625 15.142135620117188
vt 515.9110107421875 1
vt 506.00732421875 1
vt 506.00732421875 1
vt 515.9110107421875 1
vt 506.00732421875 -399
vt 515.9110107421875 1
vt 515.9110107421875 -399
vt 506.00732421875 -399
vt 506.00732421875 -399
vt 515.9110107421875 -399
vt 506.00518798828125 -413.14215087890625
vt 515.9110107421875 -399
vt 516.353515625 -413.14215087890625
vt 506.00518798828125 -413.14215087890625
vt 506.00518798828125 -413.14215087890625
vt 516.353515625 -413.14215087890625
vt 506 -419
vt 516.353515625 -413.14215087890625
vt 517.421875 -419
vt 506 -419
vt 517.421875 21
vt 528.1875 21
vt 516.353515625 15.142135620117188
vt 528.1875 21
vt 525.9541015625 15.142135620117188
vt 516.353515625 15.142135620117188
vt 516.353515625 15.142135620117188
vt 525.9541015625 15.142135620117188
vt 515.9110107421875 1
vt 525.9541015625 15.142135620117188
vt 525.0289916992188 1
vt 515.9110107421875 1
vt 515.9110107421875 1
vt 525.0289916992188 1
vt 515.9110107421875 -399
vt 525.0289916992188 1
vt 525.0289916992188 -399
vt 515.9110107421875 -399
vt 515.9110107421875 -399
vt 525.0289916992188 -399
vt 516.353515625 -413.14215087890625
vt 525.0289916992188 -399
vt 525.9541015625 -413.14215087890625
vt 516.353515625 -413.14215087890625
vt 516.353515625 -413.14215087890625
vt 525.9541015625 -413.14215087890625
vt 517.421875 -419
vt 525.9541015625 -413.14215087890625
vt 528.1875 -419
vt 517.421875 -419
vt 528.1875 21
vt 538.296875 21
vt 525.9541015625 15.142135620117188
vt 538.296875 21
vt 534.7974243164062 15.142135620117188
vt 525.9541015625 15.142135620117188
vt 525.9541015625 15.142135620117188
vt 534.7974243164062 15.142135620117188
vt 525.0289916992188 1
vt 534.7974243164062 15.142135620117188
vt 533.347900390625 1
vt 525.0289916992188 1
vt 525.0289916992188 1
vt 533.347900390625 1
vt 525.0289916992188 -399
vt 533.347900390625 1
vt 533.347900390625 -399
vt 525.0289916992188 -399
vt 525.0289916992188 -399
vt 533.347900390625 -399
vt 525.9541015625 -413.14215087890625
vt 533.347900390625 -399
vt 534.7974243164062 -413.14215087890625
vt 525.9541015625 -413.14215087890625
vt 525.9541015625 -413.14215087890625
vt 534.7974243164062 -413.14215087890625
vt 528.1875 -419
vt 534.7974243164062 -413.14215087890625
vt 538.296875 -419
vt 528.1875 -419
vt 538.296875 21
vt 547.75 21
vt 534.7974243164062 15.142135620117188
vt 547.75 21
vt 542.9061279296875 15.142135620117188
vt 534.7974243164062 15.142135620117188
vt 534.7974243164062 15.142135620117188
vt 542.9061279296875 15.142135620117188
vt 533.347900390625 1
vt 542.9061279296875 15.142135620117188
vt 540.8997192382812 1
vt 533.347900390625 1
vt 533.347900390625 1
vt 540.8997192382812 1
vt 533.347900390625 -399
vt 540.8997192382812 1
vt 540.8997192382812 -399
vt 533.347900390625 -399
vt 533.347900390625 -399
vt 540.8997192382812 -399
vt 534.7974243164062 -413.14215087890625
vt 540.8997192382812 -399
vt 542.9061279296875 -413.14215087890625
vt 534.7974243164062 -413.14215087890625
vt 534.7974243164062 -413.14215087890625
vt 542.9061279296875 -413.14215087890625
vt 538.296875 -419
vt 542.9061279296875 -413.14215087890625
vt 547.75 -419
vt 538.296875 -419
vt 547.75 21
vt 556.546875 21
vt 542.9061279296875 15.142135620117188
vt 556.546875 21
vt 550.3174438476562 15.142135620117188
vt 542.9061279296875 15.142135620117188
vt 542.9061279296875 15.142135620117188
vt 550.3174438476562 15.142135620117188
vt 540.8997192382812 1
vt 550.3174438476562 15.142135620117188
vt 547.7371826171875 1
vt 540.8997192382812 1
vt 540.8997192382812 1
vt 547.7371826171875 1
vt 540.8997192382812 -399
vt 547.7371826171875 1
vt 547.7371826171875 -399
vt 540.8997192382812 -399
vt 540.8997192382812 -399
vt 547.7371826171875 -399
vt 542.9061279296875 -413.14215087890625
vt 547.7371826171875 -399
vt 550.3174438476562 -413.14215087890625
vt 542.9061279296875 -413.14215087890625
vt 542.9061279296875 -413.14215087890625
vt 550.3174438476562 -413.14215087890625
vt 547.75 -419
vt 550.3174438476562 -413.14215087890625
vt 556.546875 -419
vt 547.75 -419
vt 556.546875 21
vt 564.6875 21
vt 550.3174438476562 15.142135620117188
vt 564.6875 21
vt 557.081787109375 15.142135620117188
vt 550.3174438476562 15.142135620117188
vt 550.3174438476562 15.142135620117188
vt 557.081787109375 15.142135620117188
vt 547.7371826171875 1
vt 557.081787109375 15.142135620117188
vt 553.9314575195312 1
vt 547.7371826171875 1
vt 547.7371826171875 1
vt 553.9314575195312 1
vt 547.7371826171875 -399
vt 553.9314575195312 1
vt 553.9314575195312 -399
vt 547.7371826171875 -399
vt 547.7371826171875 -399
vt 553.9314575195312 -399
vt 550.3174438476562 -413.14215087890625
vt 553.9314575195312 -399
vt 557.081787109375 -413.14215087890625
vt 550.3174438476562 -413.14215087890625
vt 550.3174438476562 -413.14215087890625
vt 557.081787109375 -413.14215087890625
vt 556.546875 -419
vt 557.081787109375 -413.14215087890625
vt 564.6875 -419
vt 556.546875 -419
vt 564.6875 21
vt 572.171875 21
vt 557.081787109375 15.142135620117188
vt 572.171875 21
vt 563.2559814453125 15.142135620117188
vt 557.081787109375 15.142135620117188
vt 557.081787109375 15.142135620117188
vt 563.2559814453125 15.142135620117188
vt 553.9314575195312 1
vt 563.2559814453125 15.142135620117188
vt 559.5628662109375 1
vt 553.9314575195312 1
vt 553.9314575195312 1
vt 559.5628662109375 1
vt 553.9314575195312 -399
vt 559.5628662109375 1
vt 559.5628662109375 -399
vt 553.9314575195312 -399
vt 553.9314575195312 -399
vt 559.5628662109375 -399
vt 557.081787109375 -413.14215087890625
vt 559.5628662109375 -399
vt 563.2559814453125 -413.14215087890625
vt 557.081787109375 -413.14215087890625
vt 557.081787109375 -413.14215087890625
vt 563.2559814453125 -413.14215087890625
vt 564.6875 -419
vt 563.2559814453125 -413.14215087890625
vt 572.171875 -419
vt 564.6875 -419
vt 572.171875 21
vt 579 21
vt 563.2559814453125 15.142135620117188
vt 579 21
vt 568.8889770507812 15.142135620117188
vt 563.2559814453125 15.142135620117188
vt 563.2559814453125 15.142135620117188
vt 568.8889770507812 15.142135620117188
vt 559.5628662109375 1
vt 568.8889770507812 15.142135620117188
vt 564.7008666992188 1
vt 559.5628662109375 1
vt 559.5628662109375 1
vt 564.7008666992188 1
vt 559.5628662109375 -399
vt 564.7008666992188 1
vt 564.7008666992188 -399
vt 559.5628662109375 -399
vt 559.5628662109375 -399
vt 564.7008666992188 -399
vt 563.2559814453125 -413.14215087890625
vt 564.7008666992188 -399
vt 568.8889770507812 -413.14215087890625
vt 563.2559814453125 -413.14215087890625
vt 563.2559814453125 -413.14215087890625
vt 568.8889770507812 -413.14215087890625
vt 572.171875 -419
vt 568.8889770507812 -413.14215087890625
vt 579 -419
vt 572.171875 -419
vt 993.5 21
vt 986.5390625 21
vt 983.57958984375 15.142135620117188
vt 986.5390625 21
vt 977.8299560546875 15.142135620117188
vt 983.57958984375 15.142135620117188
vt 983.57958984375 15.142135620117188
vt 977.8299560546875 15.142135620117188
vt 979.470458984375 1
vt 977.8299560546875 15.142135620117188
vt 974.2224731445312 1
vt 979.470458984375 1
vt 979.470458984375 1
vt 974.2224731445312 1
vt 979.470458984375 -399
vt 974.2224731445312 1
vt 974.2224731445312 -399
vt 979.470458984375 -399
vt 979.470458984375 -399
vt 974.2224731445312 -399
vt 983.57958984375 -413.14215087890625
vt 974.2224731445312 -399
vt 977.8299560546875 -413.14215087890625
vt 983.57958984375 -413.14215087890625
vt 983.57958984375 -413.14215087890625
vt 977.8299560546875 -413.14215087890625
vt 993.5 -419
vt 977.8299560546875 -413.14215087890625
vt 986.5390625 -419
vt 993.5 -419
vt 986.5390625 21
vt 978.90625 21
vt 977.8299560546875 15.142135620117188
vt 978.90625 21
vt 971.5092163085938 15.142135620117188
vt 977.8299560546875 15.142135620117188
vt 977.8299560546875 15.142135620117188
vt 971.5092163085938 15.142135620117188
vt 974.2224731445312 1
vt 971.5092163085938 15.142135620117188
vt 968.4452514648438 1
vt 974.2224731445312 1
vt 974.2224731445312 1
vt 968.4452514648438 1
vt 974.2224731445312 -399
vt 968.4452514648438 1
vt 968.4452514648438 -399
vt 974.2224731445312 -399
vt 974.2224731445312 -399
vt 968.4452514648438 -399
vt 977.8299560546875 -413.14215087890625
vt 968.4452514648438 -399
vt 971.5092163085938 -413.14215087890625
vt 977.8299560546875 -413.14215087890625
vt 977.8299560546875 -413.14215087890625
vt 971.5092163085938 -413.14215087890625
vt 986.5390625 -419
vt 971.5092163085938 -413.14215087890625
vt 978.90625 -419
vt 986.5390625 -419
vt 978.90625 21
vt 970.6015625 21
vt 971.5092163085938 15.142135620117188
vt 970.6015625 21
vt 964.5663452148438 15.142135620117188
vt 971.5092163085938 15.142135620117188
vt 971.5092163085938 15.142135620117188
vt 964.5663452148438 15.142135620117188
vt 968.4452514648438 1
vt 964.5663452148438 15.142135620117188
vt 962.0664672851562 1
vt 968.4452514648438 1
vt 968.4452514648438 1
vt 962.0664672851562 1
vt 968.4452514648438 -399
vt 962.0664672851562 1
vt 962.0664672851562 -399
vt 968.4452514648438 -399
vt 968.4452514648438 -399
vt 962.0664672851562 -399
vt 971.5092163085938 -413.14215087890625
vt 962.0664672851562 -399
vt 964.5663452148438 -413.14215087890625
vt 971.5092163085938 -413.14215087890625
vt 971.5092163085938 -413.14215087890625
vt 964.5663452148438 -413.14215087890625
vt 978.90625 -419
vt 964.5663452148438 -413.14215087890625
vt 970.6015625 -419
vt 978.90625 -419
vt 970.6015625 21
vt 961.625 21
vt 964.5663452148438 15.142135620117188
vt 961.625 21
vt 956.9468383789062 15.142135620117188
vt 964.5663452148438 15.142135620117188
vt 964.5663452148438 15.142135620117188
vt 956.9468383789062 15.142135620117188
vt 962.0664672851562 1
vt 956.9468383789062 15.142135620117188
vt 955.0090942382812 1
vt 962.0664672851562 1
vt 962.0664672851562 1
vt 955.0090942382812 1
vt 962.0664672851562 -399
vt 955.0090942382812 1
vt 955.0090942382812 -399
vt 962.0664672851562 -399
vt 962.0664672851562 -399
vt 955.0090942382812 -399
vt 964.5663452148438 -413.14215087890625
vt 955.0090942382812 -399
vt 956.9468383789062 -413.14215087890625
vt 964.5663452148438 -413.14215087890625
vt 964.5663452148438 -413.14215087890625
vt 956.9468383789062 -413.14215087890625
vt 970.6015625 -419
vt 956.9468383789062 -413.14215087890625
vt 961.625 -419
vt 970.6015625 -419
vt 961.625 21
vt 951.9765625 21
vt 956.9468383789062 15.142135620117188
vt 951.9765625 21
vt 948.6047973632812 15.142135620117188
vt 956.9468383789062 15.142135620117188
vt 956.9468383789062 15.142135620117188
vt 948.6047973632812 15.142135620117188
vt 955.0090942382812 1
vt 948.6047973632812 15.142135620117188
vt 947.2081298828125 1
vt 955.0090942382812 1
vt 955.0090942382812 1
vt 947.2081298828125 1
vt 955.0090942382812 -399
vt 947.2081298828125 1
vt 947.2081298828125 -399
vt 955.0090942382812 -399
vt 955.0090942382812 -399
vt 947.2081298828125 -399
vt 956.9468383789062 -413.14215087890625
vt 947.2081298828125 -399
vt 948.6047973632812 -413.14215087890625
vt 956.9468383789062 -413.14215087890625
vt 956.9468383789062 -413.14215087890625
vt 948.6047973632812 -413.14215087890625
vt 961.625 -419
vt 948.6047973632812 -413.14215087890625
vt 951.9765625 -419
vt 961.625 -419
vt 951.9765625 21
vt 941.65625 21
vt 948.6047973632812 15.142135620117188
vt 941.65625 21
vt 939.5076904296875 15.142135620117188
vt 948.6047973632812 15.142135620117188
vt 948.6047973632812 15.142135620117188
vt 939.5076904296875 15.142135620117188
vt 947.2081298828125 1
vt 939.5076904296875 15.142135620117188
vt 938.6177368164062 1
vt 947.2081298828125 1
vt 947.2081298828125 1
vt 938.6177368164062 1
vt 947.2081298828125 -399
vt 938.6177368164062 1
vt 938.6177368164062 -399
vt 947.2081298828125 -399
vt 947.2081298828125 -399
vt 938.6177368164062 -399
vt 948.6047973632812 -413.14215087890625
vt 938.6177368164062 -399
vt 939.5076904296875 -413.14215087890625
vt 948.6047973632812 -413.14215087890625
vt 948.6047973632812 -413.14215087890625
vt 939.5076904296875 -413.14215087890625
vt 951.9765625 -419
vt 939.5076904296875 -413.14215087890625
vt 941.65625 -419
vt 951.9765625 -419
vt 941.65625 21
vt 930.6640625 21
vt 939.5076904296875 15.142135620117188
vt 930.6640625 21
vt 929.6372680664062 15.142135620117188
vt 939.5076904296875 15.142135620117188
vt 939.5076904296875 15.142135620117188
vt 929.6372680664062 15.142135620117188
vt 938.6177368164062 1
vt 929.6372680664062 15.142135620117188
vt 929.2119140625 1
vt 938.6177368164062 1
vt 938.6177368164062 1
vt 929.2119140625 1
vt 938.6177368164062 -399
vt 929.2119140625 1
vt 929.2119140625 -399
vt 938.6177368164062 -399
vt 938.6177368164062 -399
vt 929.2119140625 -399
vt 939.5076904296875 -413.14215087890625
vt 929.2119140625 -399
vt 929.6372680664062 -413.14215087890625
vt 939.5076904296875 -413.14215087890625
vt 939.5076904296875 -413.14215087890625
vt 929.6372680664062 -413.14215087890625
vt 941.65625 -419
vt 929.6372680664062 -413.14215087890625
vt 930.6640625 -419
vt 941.65625 -419
vt 930.6640625 21
vt 919 21
vt 929.6372680664062 15.142135620117188
vt 919 21
vt 918.9951782226562 15.142135620117188
vt 929.6372680664062 15.142135620117188
vt 929.6372680664062 15.142135620117188
vt 918.9951782226562 15.142135620117188
vt 929.2119140625 1
vt 918.9951782226562 15.142135620117188
vt 918.9931640625 1
vt 929.2119140625 1
vt 929.2119140625 1
vt 918.9931640625 1
vt 929.2119140625 -399
vt 918.9931640625 1
vt 918.9931640625 -399
vt 929.2119140625 -399
vt 929.2119140625 -399
vt 918.9931640625 -399
vt 929.6372680664062 -413.14215087890625
vt 918.9931640625 -399
vt 918.9951782226562 -413.14215087890625
vt 929.6372680664062 -413.14215087890625
vt 929.6372680664062 -413.14215087890625
vt 918.9951782226562 -413.14215087890625
vt 930.6640625 -419
vt 918.9951782226562 -413.14215087890625
vt 919 -419
vt 930.6640625 -419
vt 919 21
vt 907.1015625 21
vt 918.9951782226562 15.142135620117188
vt 907.1015625 21
vt 908.1094970703125 15.142135620117188
vt 918.9951782226562 15.142135620117188
vt 918.9951782226562 15.142135620117188
vt 908.1094970703125 15.142135620117188
vt 918.9931640625 1
vt 908.1094970703125 15.142135620117188
vt 908.5269775390625 1
vt 918.9931640625 1
vt 918.9931640625 1
vt 908.5269775390625 1
vt 918.9931640625 -399
vt 908.5269775390625 1
vt 908.5269775390625 -399
vt 918.9931640625 -399
vt 918.9931640625 -399
vt 908.5269775390625 -399
vt 918.9951782226562 -413.14215087890625
vt 908.5269775390625 -399
vt 908.1094970703125 -413.14215087890625
vt 918.9951782226562 -413.14215087890625
vt 918.9951782226562 -413.14215087890625
vt 908.1094970703125 -413.14215087890625
vt 919 -419
vt 908.1094970703125 -413.14215087890625
vt 907.1015625 -419
vt 919 -419
vt 907.1015625 21
vt 895.90625 21
vt 908.1094970703125 15.142135620117188
vt 895.90625 21
vt 898.0191040039062 15.142135620117188
vt 908.1094970703125 15.142135620117188
vt 908.1094970703125 15.142135620117188
vt 898.0191040039062 15.142135620117188
vt 908.5269775390625 1
vt 898.0191040039062 15.142135620117188
vt 898.894287109375 1
vt 908.5269775390625 1
vt 908.5269775390625 1
vt 898.894287109375 1
vt 908.5269775390625 -399
vt 898.894287109375 1
vt 898.894287109375 -399
vt 908.5269775390625 -399
vt 908.5269775390625 -399
vt 898.894287109375 -399
vt 908.1094970703125 -413.14215087890625
vt 898.894287109375 -399
vt 898.0191040039062 -413.14215087890625
vt 908.1094970703125 -413.14215087890625
vt 908.1094970703125 -413.14215087890625
vt 898.0191040039062 -413.14215087890625
vt 907.1015625 -419
vt 898.0191040039062 -413.14215087890625
vt 895.90625 -419
vt 907.1015625 -419
vt 895.90625 21
vt 885.4140625 21
vt 898.0191040039062 15.142135620117188
vt 885.4140625 21
vt 888.7376098632812 15.142135620117188
vt 898.0191040039062 15.142135620117188
vt 898.0191040039062 15.142135620117188
vt 888.7376098632812 15.142135620117188
vt 898.894287109375 1
vt 888.7376098632812 15.142135620117188
vt 890.1142578125 1
vt 898.894287109375 1
vt 898.894287109375 1
vt 890.1142578125 1
vt 898.894287109375 -399
vt 890.1142578125 1
vt 890.1142578125 -399
vt 898.894287109375 -399
vt 898.894287109375 -399
vt 890.1142578125 -399
vt 898.0191040039062 -413.14215087890625
vt 890.1142578125 -399
vt 888.7376098632812 -413.14215087890625
vt 898.0191040039062 -413.14215087890625
vt 898.0191040039062 -413.14215087890625
vt 888.7376098632812 -413.14215087890625
vt 895.90625 -419
vt 888.7376098632812 -413.14215087890625
vt 885.4140625 -419
vt 895.90625 -419
vt 885.4140625 21
vt 875.625 21
vt 888.7376098632812 15.142135620117188
vt 875.625 21
vt 880.2488403320312 15.142135620117188
vt 888.7376098632812 15.142135620117188
vt 888.7376098632812 15.142135620117188
vt 880.2488403320312 15.142135620117188
vt 890.1142578125 1
vt 880.2488403320312 15.142135620117188
vt 882.1641235351562 1
vt 890.1142578125 1
vt 890.1142578125 1
vt 882.1641235351562 1
vt 890.1142578125 -399
vt 882.1641235351562 1
vt 882.1641235351562 -399
vt 890.1142578125 -399
vt 890.1142578125 -399
vt 882.1641235351562 -399
vt 888.7376098632812 -413.14215087890625
vt 882.1641235351562 -399
vt 880.2488403320312 -413.14215087890625
vt 888.7376098632812 -413.14215087890625
vt 888.7376098632812 -413.14215087890625
vt 880.2488403320312 -413.14215087890625
vt 885.4140625 -419
vt 880.2488403320312 -413.14215087890625
vt 875.625 -419
vt 885.4140625 -419
vt 875.625 21
vt 866.5390625 21
vt 880.2488403320312 15.142135620117188
vt 866.5390625 21
vt 872.5223388671875 15.142135620117188
vt 880.2488403320312 15.142135620117188
vt 880.2488403320312 15.142135620117188
vt 872.5223388671875 15.142135620117188
vt 882.1641235351562 1
vt 872.5223388671875 15.142135620117188
vt 875.0006713867188 1
vt 882.1641235351562 1
vt 882.1641235351562 1
vt 875.0006713867188 1
vt 882.1641235351562 -399
vt 875.0006713867188 1
vt 875.0006713867188 -399
vt 882.1641235351562 -399
vt 882.1641235351562 -399
vt 875.0006713867188 -399
vt 880.2488403320312 -413.14215087890625
vt 875.0006713867188 -399
vt 872.5223388671875 -413.14215087890625
vt 880.2488403320312 -413.14215087890625
vt 880.2488403320312 -413.14215087890625
vt 872.5223388671875 -413.14215087890625
vt 875.625 -419
vt 872.5223388671875 -413.14215087890625
vt 866.5390625 -419
vt 875.625 -419
vt 866.5390625 21
vt 858.15625 21
vt 872.5223388671875 15.142135620117188
vt 858.15625 21
vt 865.5126342773438 15.142135620117188
vt 872.5223388671875 15.142135620117188
vt 872.5223388671875 15.142135620117188
vt 865.5126342773438 15.142135620117188
vt 875.0006713867188 1
vt 865.5126342773438 15.142135620117188
vt 868.5597534179688 1
vt 875.0006713867188 1
vt 875.0006713867188 1
vt 868.5597534179688 1
vt 875.0006713867188 -399
vt 868.5597534179688 1
vt 868.5597534179688 -399
vt 875.0006713867188 -399
vt 875.0006713867188 -399
vt 868.5597534179688 -399
vt 872.5223388671875 -413.14215087890625
vt 868.5597534179688 -399
vt 865.5126342773438 -413.14215087890625
vt 872.5223388671875 -413.14215087890625
vt 872.5223388671875 -413.14215087890625
vt 865.5126342773438 -413.14215087890625
vt 866.5390625 -419
vt 865.5126342773438 -413.14215087890625
vt 858.15625 -419
vt 866.5390625 -419
vt 858.15625 21
vt 850.4765625 21
vt 865.5126342773438 15.142135620117188
vt 850.4765625 21
vt 859.1639404296875 15.142135620117188
vt 865.5126342773438 15.142135620117188
vt 865.5126342773438 15.142135620117188
vt 859.1639404296875 15.142135620117188
vt 868.5597534179688 1
vt 859.1639404296875 15.142135620117188
vt 862.7623291015625 1
vt 868.5597534179688 1
vt 868.5597534179688 1
vt 862.7623291015625 1
vt 868.5597534179688 -399
vt 862.7623291015625 1
vt 862.7623291015625 -399
vt 868.5597534179688 -399
vt 868.5597534179688 -399
vt 862.7623291015625 -399
vt 865.5126342773438 -413.14215087890625
vt 862.7623291015625 -399
vt 859.1639404296875 -413.14215087890625
vt 865.5126342773438 -413.14215087890625
vt 865.5126342773438 -413.14215087890625
vt 859.1639404296875 -413.14215087890625
vt 858.15625 -419
vt 859.1639404296875 -413.14215087890625
vt 850.4765625 -419
vt 858.15625 -419
vt 850.4765625 21
vt 843.5 21
vt 859.1639404296875 15.142135620117188
vt 843.5 21
vt 853.4151000976562 15.142135620117188
vt 859.1639404296875 15.142135620117188
vt 859.1639404296875 15.142135620117188
vt 853.4151000976562 15.142135620117188
vt 862.7623291015625 1
vt 853.4151000976562 15.142135620117188
vt 857.5220336914062 1
vt 862.7623291015625 1
vt 862.7623291015625 1
vt 857.5220336914062 1
vt 862.7623291015625 -399
vt 857.5220336914062 1
vt 857.5220336914062 -399
vt 862.7623291015625 -399
vt 862.7623291015625 -399
vt 857.5220336914062 -399
vt 859.1639404296875 -413.14215087890625
vt 857.5220336914062 -399
vt 853.4151000976562 -413.14215087890625
vt 859.1639404296875 -413.14215087890625
vt 859.1639404296875 -413.14215087890625
vt 853.4151000976562 -413.14215087890625
vt 850.4765625 -419
vt 853.4151000976562 -413.14215087890625
vt 843.5 -419
vt 850.4765625 -419
vt 579 21
vt 572.171875 21
vt 568.8831787109375 15.142135620117188
vt 572.171875 21
vt 563.2559814453125 15.142135620117188
vt 568.8831787109375 15.142135620117188
vt 568.8831787109375 15.142135620117188
vt 563.2559814453125 15.142135620117188
vt 564.692626953125 1
vt 563.2559814453125 15.142135620117188
vt 559.5628662109375 1
vt 564.692626953125 1
vt 564.692626953125 1
vt 559.5628662109375 1
vt 564.692626953125 -399
vt 559.5628662109375 1
vt 559.5628662109375 -399
vt 564.692626953125 -399
vt 564.692626953125 -399
vt 559.5628662109375 -399
vt 568.8831787109375 -413.14215087890625
vt 559.5628662109375 -399
vt 563.2559814453125 -413.14215087890625
vt 568.8831787109375 -413.14215087890625
vt 568.8831787109375 -413.14215087890625
vt 563.2559814453125 -413.14215087890625
vt 579 -419
vt 563.2559814453125 -413.14215087890625
vt 572.171875 -419
vt 579 -419
vt 572.171875 21
vt 564.6875 21
vt 563.2559814453125 15.142135620117188
vt 564.6875 21
vt 557.081787109375 15.142135620117188
vt 563.2559814453125 15.142135620117188
vt 563.2559814453125 15.142135620117188
vt 557.081787109375 15.142135620117188
vt 559.5628662109375 1
vt 557.081787109375 15.142135620117188
vt 553.9314575195312 1
vt 559.5628662109375 1
vt 559.5628662109375 1
vt 553.9314575195312 1
vt 559.5628662109375 -399
vt 553.9314575195312 1
vt 553.9314575195312 -399
vt 559.5628662109375 -399
vt 559.5628662109375 -399
vt 553.9314575195312 -399
vt 563.2559814453125 -413.14215087890625
vt 553.9314575195312 -399
vt 557.081787109375 -413.14215087890625
vt 563.2559814453125 -413.14215087890625
vt 563.2559814453125 -413.14215087890625
vt 557.081787109375 -413.14215087890625
vt 572.171875 -419
vt 557.081787109375 -413.14215087890625
vt 564.6875 -419
vt 572.171875 -419
vt 564.6875 21
vt 556.546875 21
vt 557.081787109375 15.142135620117188
vt 556.546875 21
vt 550.3174438476562 15.142135620117188
vt 557.081787109375 15.142135620117188
vt 557.081787109375 15.142135620117188
vt 550.3174438476562 15.142135620117188
vt 553.9314575195312 1
vt 550.3174438476562 15.142135620117188
vt 547.7371826171875 1
vt 553.9314575195312 1
vt 553.9314575195312 1
vt 547.7371826171875 1
vt 553.9314575195312 -399
vt 547.7371826171875 1
vt 547.7371826171875 -399
vt 553.9314575195312 -399
vt 553.9314575195312 -399
vt 547.7371826171875 -399
vt 557.081787109375 -413.14215087890625
vt 547.7371826171875 -399
vt 550.3174438476562 -413.14215087890625
vt 557.081787109375 -413.14215087890625
vt 557.081787109375 -413.14215087890625
vt 550.3174438476562 -413.14215087890625
vt 564.6875 -419
vt 550.3174438476562 -413.14215087890625
vt 556.546875 -419
vt 564.6875 -419
vt 556.546875 21
vt 547.75 21
vt 550.3174438476562 15.142135620117188
vt 547.75 21
vt 542.9061279296875 15.142135620117188
vt 550.3174438476562 15.142135620117188
vt 550.3174438476562 15.142135620117188
vt 542.9061279296875 15.142135620117188
vt 547.7371826171875 1
vt 542.9061279296875 15.142135620117188
vt 540.8997192382812 1
vt 547.7371826171875 1
vt 547.7371826171875 1
vt 540.8997192382812 1
vt 547.7371826171875 -399
vt 540.8997192382812 1
vt 540.8997192382812 -399
vt 547.7371826171875 -399
vt 547.7371826171875 -399
vt 540.8997192382812 -399
vt 550.3174438476562 -413.14215087890625
vt 540.8997192382812 -399
vt 542.9061279296875 -413.14215087890625
vt 550.3174438476562 -413.14215087890625
vt 550.3174438476562 -413.14215087890625
vt 542.9061279296875 -413.14215087890625
vt 556.546875 -419
vt 542.9061279296875 -413.14215087890625
vt 547.75 -419
vt 556.546875 -419
vt 547.75 21
vt 538.296875 21
vt 542.9061279296875 15.142135620117188
vt 538.296875 21
vt 534.7974243164062 15.142135620117188
vt 542.9061279296875 15.142135620117188
vt 542.9061279296875 15.142135620117188
vt 534.7974243164062 15.142135620117188
vt 540.8997192382812 1
vt 534.7974243164062 15.142135620117188
vt 533.347900390625 1
vt 540.8997192382812 1
vt 540.8997192382812 1
vt 533.347900390625 1
vt 540.8997192382812 -399
vt 533.347900390625 1
vt 533.347900390625 -399
vt 540.8997192382812 -399
vt 540.8997192382812 -399
vt 533.347900390625 -399
vt 542.9061279296875 -413.14215087890625
vt 533.347900390625 -399
vt 534.7974243164062 -413.14215087890625
vt 542.9061279296875 -413.14215087890625
vt 542.9061279296875 -413.14215087890625
vt 534.7974243164062 -413.14215087890625
vt 547.75 -419
vt 534.7974243164062 -413.14215087890625
vt 538.296875 -419
vt 547.75 -419
vt 538.296875 21
vt 528.1875 21
vt 534.7974243164062 15.142135620117188
vt 528.1875 21
vt 525.9541015625 15.142135620117188
vt 534.7974243164062 15.142135620117188
vt 534.7974243164062 15.142135620117188
vt 525.9541015625 15.142135620117188
vt 533.347900390625 1
vt 525.9541015625 15.142135620117188
vt 525.0289916992188 1
vt 533.347900390625 1
vt 533.347900390625 1
vt 525.0289916992188 1
vt 533.347900390625 -399
vt 525.0289916992188 1
vt 525.0289916992188 -399
vt 533.347900390625 -399
vt 533.347900390625 -399
vt 525.0289916992188 -399
vt 534.7974243164062 -413.14215087890625
vt 525.0289916992188 -399
vt 525.9541015625 -413.14215087890625
vt 534.7974243164062 -413.14215087890625
vt 534.7974243164062 -413.14215087890625
vt 525.9541015625 -413.14215087890625
vt 538.296875 -419
vt 525.9541015625 -413.14215087890625
vt 528.1875 -419
vt 538.296875 -419
vt 528.1875 21
vt 517.421875 21
vt 525.9541015625 15.142135620117188
vt 517.421875 21
vt 516.353515625 15.142135620117188
vt 525.9541015625 15.142135620117188
vt 525.9541015625 15.142135620117188
vt 516.353515625 15.142135620117188
vt 525.0289916992188 1
vt 516.353515625 15.142135620117188
vt 515.9110107421875 1
vt 525.0289916992188 1
vt 525.0289916992188 1
vt 515.9110107421875 1
vt 525.0289916992188 -399
vt 515.9110107421875 1
vt 515.9110107421875 -399
vt 525.0289916992188 -399
vt 525.0289916992188 -399
vt 515.9110107421875 -399
vt 525.9541015625 -413.14215087890625
vt 515.9110107421875 -399
vt 516.353515625 -413.14215087890625
vt 525.9541015625 -413.14215087890625
vt 525.9541015625 -413.14215087890625
vt 516.353515625 -413.14215087890625
vt 528.1875 -419
vt 516.353515625 -413.14215087890625
vt 517.421875 -419
vt 528.1875 -419
vt 517.421875 21
vt 506 21
vt 516.353515625 15.142135620117188
vt 506 21
vt 506.00518798828125 15.142135620117188
vt 516.353515625 15.142135620117188
vt 516.353515625 15.142135620117188
vt 506.00518798828125 15.142135620117188
vt 515.9110107421875 1
vt 506.00518798828125 15.142135620117188
vt 506.00732421875 1
vt 515.9110107421875 1
vt 515.9110107421875 1
vt 506.00732421875 1
vt 515.9110107421875 -399
vt 506.00732421875 1
vt 506.00732421875 -399
vt 515.9110107421875 -399
vt 515.9110107421875 -399
vt 506.00732421875 -399
vt 516.353515625 -413.14215087890625
vt 506.00732421875 -399
vt 506.00518798828125 -413.14215087890625
vt 516.353515625 -413.14215087890625
vt 516.353515625 -413.14215087890625
vt 506.00518798828125 -413.14215087890625
vt 517.421875 -419
vt 506.00518798828125 -413.14215087890625
vt 506 -419
vt 517.421875 -419
vn 0 0 -1
vn 0 0 -1
vn 0 0 -1
vn 0 0 -1
vn 0 0 -1
vn 0 0 -1
vn 0 0 -1
vn 0 0 -1
vn 0 0 -1
vn 0 0 -1
vn 0 0 -1
vn 0 0 -1
vn 0 0 -1
vn 0 0 -1
vn 0 0 -1
vn 0 0 -1
vn 0 0 -1
vn 0 0 -1
vn 0 0 -1
vn 0 0 -1
vn 0 0 -1
vn 0 0 -1
vn 0 0 -1
vn 0 0 -1
vn 0 0 -1
vn 0 0 -1
vn 0 0 -1
vn 0 0 -1
vn 0 0 -1
vn 0 0 -1
vn 0 0 -1
vn 0 0 -1
vn 0 0 -1
vn 0 0 -1
vn 0 0 -1
vn 0 0 -1
vn 0 0 -1
vn 0 0 -1
vn 0 0 -1
vn 0 0 -1
vn 0 0 -1
vn 0 0 -1
vn 0 0 -1
vn 0 0 -1
vn 0 0 -1
vn 0 0 -1
vn 0 0 -1
vn 0 0 -1
vn 0 0 -1
vn 0 0 -1
vn 0 0 -1
vn 0 0 -1
vn 0 0 -1
vn 0 0 -1
vn 0 0 -1
vn 0 0 -1
vn 0 0 -1
vn 0 0 -1
vn 0 0 -1
vn 0 0 -1
vn 0 0 -1
vn 0 0 -1
vn 0 0 -1
vn 0 0 -1
vn 0 0 -1
vn 0 0 -1
vn 0 0 -1
vn 0 0 -1
vn 0 0 -1
vn 0 0 -1
vn 0 0 -1
vn 0 0 -1
vn 0 0 -1
vn 0 0 -1
vn 0 0 -1
vn 0 0 -1
vn 0 0 -1
vn 0 0 -1
vn 0 0 -1
vn 0 0 -1
vn 0 0 -1
vn 0 0 -1
vn 0 0 -1
vn 0 0 -1
vn 0 0 -1
vn 0 0 -1
vn 0 0 -1
vn 0 0 -1
vn 0 0 -1
vn 0 0 -1
vn 0 0 -1
vn 0 0 -1
vn 0 0 -1
vn 0 0 -1
vn 0 0 -1
vn 0 0 -1
vn 0 0 -1
vn 0 0 -1
vn 0 0 -1
vn 0 0 -1
vn 0 0 -1
vn 0 0 -1
vn 0 0 -1
vn 0 0 -1
vn 0 0 -1
vn 0 0 -1
vn 0 0 -1
vn 0 0 -1
vn 0 0 -1
vn 0 0 -1
vn 0 0 -1
vn 0 0 -1
vn 0 0 -1
vn 0 0 -1
vn 0 0 -1
vn 0 0 -1
vn 0 0 -1
vn 0 0 -1
vn 0 0 -1
vn 0 0 -1
vn 0 0 -1
vn 0 0 -1
vn 0 0 -1
vn 0 0 -1
vn 0 0 -1
vn 0 0 -1
vn 0 0 -1
vn 0 0 -1
vn 0 0 -1
vn 0 0 -1
vn 0 0 -1
vn 0 0 -1
vn 0 0 -1
vn 0 0 -1
vn 0 0 -1
vn 0 0 -1
vn 0 0 -1
vn 0 0 -1
vn 0 0 -1
vn 0 0 -1
vn 0 0 -1
vn 0 0 -1
vn 0 0 -1
vn 0 0 -1
vn 0 0 -1
vn 0 0 -1
vn 0 0 -1
vn 0 0 -1
vn 0 0 -1
vn 0 0 -1
vn 0 0 -1
vn 0 0 -1
vn 0 0 -1
vn 0 0 -1
vn 0 0 -1
vn 0 0 -1
vn 0 0 -1
vn 0 0 -1
vn 0 0 -1
vn 0 0 -1
vn 0 0 -1
vn 0 0 -1
vn 0 0 -1
vn 0 0 -1
vn 0 0 -1
vn 0 0 -1
vn 0 0 -1
vn 0 0 -1
vn 0 0 -1
vn 0 0 -1
vn 0 0 -1
vn 0 0 -1
vn 0 0 -1
vn 0 0 -1
vn 0 0 -1
vn 0 0 -1
vn 0 0 -1
vn 0 0 -1
vn 0 0 -1
vn 0 0 -1
vn 0 0 -1
vn 0 0 -1
vn 0 0 -1
vn 0 0 -1
vn 0 0 -1
vn 0 0 -1
vn 0 0 -1
vn 0 0 -1
vn 0 0 -1
vn 0 0 -1
vn 0 0 -1
vn 0 0 -1
vn 0 0 -1
vn 0 0 -1
vn 0 0 -1
vn 0 0 -1
vn 0 0 -1
vn 0 0 -1
vn 0 0 -1
vn 0 0 -1
vn 0 0 -1
vn 0 0 -1
vn 0 0 -1
vn 0 0 -1
vn 0 0 -1
vn 0 0 -1
vn 0 0 -1
vn 0 0 -1
vn 0 0 -1
vn 0 0 -1
vn 0 0 -1
vn 0 0 -1
vn 0 0 -1
vn 0 0 -1
vn 0 0 -1
vn 0 0 -1
vn 0 0 -1
vn 0 0 -1
vn 0 0 -1
vn 0 0 -1
vn 0 0 -1
vn 0 0 -1
vn 0 0 -1
vn 0 0 -1
vn 0 0 -1
vn 0 0 -1
vn 0 0 -1
vn 0 0 -1
vn 0 0 -1
vn 0 0 -1
vn 0 0 -1
vn 0 0 -1
vn 0 0 -1
vn 0 0 -1
vn 0 0 -1
vn 0 0 -1
vn 0 0 -1
vn 0 0 -1
vn 0 0 -1
vn 0 0 -1
vn 0 0 -1
vn 0 0 -1
vn 0 0 -1
vn 0 0 -1
vn 0 0 -1
vn 0 0 -1
vn 0 0 -1
vn 0 0 -1
vn 0 0 -1
vn 0 0 -1
vn 0 0 -1
vn 0 0 -1
vn 0 0 -1
vn 0 0 -1
vn 0 0 -1
vn 0 0 -1
vn 0 0 -1
vn 0 0 -1
vn 0 0 -1
vn 0 0 -1
vn 0 0 -1
vn 0 0 -1
vn 0 0 -1
vn 0 0 -1
vn 0 0 -1
vn 0 0 -1
vn 0 0 -1
vn 0 0 -1
vn 0 0 -1
vn 0 0 -1
vn 0 0 -1
vn 0 0 -1
vn 0 0 -1
vn 0 0 -1
vn 0 0 -1
vn 0 0 -1
vn 0 0 -1
vn 0 0 -1
vn 0 0 -1
vn 0 0 -1
vn 0 0 -1
vn 0 0 -1
vn 0 0 -1
vn 0 0 -1
vn 0 0 -1
vn 0 0 -1
vn 0 0 -1
vn 0 0 -1
vn 0 0 -1
vn 0 0 -1
vn 0 0 -1
vn 0 0 -1
vn 0 0 -1
vn 0 0 -1
vn 0 0 -1
vn 0 0 -1
vn 0 0 -1
vn 0 0 -1
vn 0 0 -1
vn 0 0 -1
vn 0 0 -1
vn 0 0 -1
vn 0 0 -1
vn 0 0 -1
vn 0 0 -1
vn 0 0 -1
vn 0 0 -1
vn 0 0 -1
vn 0 0 -1
vn 0 0 -1
vn 0 0 -1
vn 0 0 -1
vn 0 0 -1
vn 0 0 -1
vn 0 0 -1
vn 0 0 -1
vn 0 0 -1
vn 0 0 -1
vn 0 0 -1
vn 0 0 -1
vn 0 0 -1
vn 0 0 -1
vn 0 0 -1
vn 0 0 -1
vn 0 0 -1
vn 0 0 -1
vn 0 0 -1
vn 0 0 -1
vn 0 0 -1
vn 0 0 -1
vn 0 0 -1
vn 0 0 -1
vn 0 0 -1
vn 0 0 -1
vn 0 0 -1
vn 0 0 -1
vn 0 0 -1
vn 0 0 -1
vn 0 0 -1
vn 0 0 -1
vn 0 0 -1
vn 0 0 -1
vn 0 0 -1
vn 0 0 -1
vn 0 0 -1
vn 0 0 -1
vn 0 0 -1
vn 0 0 -1
vn 0 0 -1
vn 0 0 -1
vn 0 0 -1
vn 0 0 -1
vn 0 0 -1
vn 0 0 -1
vn 0 0 -1
vn 0 0 -1
vn 0 0 -1
vn 0 0 -1
vn 0 0 -1
vn 0 0 -1
vn 0 0 -1
vn 0 0 -1
vn 0 0 -1
vn 0 0 -1
vn 0 0 -1
vn 0 0 -1
vn 0 0 -1
vn 0 0 -1
vn 0 0 -1
vn 0 0 -1
vn 0 0 -1
vn 0 0 -1
vn 0 0 -1
vn 0 0 -1
vn 0 0 -1
vn 0 0 -1
vn 0 0 -1
vn 0 0 -1
vn 0 0 -1
vn 0 0 -1
vn 0 0 -1
vn 0 0 -1
vn 0 0 -1
vn 0 0 -1
vn 0 0 -1
vn 0 0 -1
vn 0 0 -1
vn 0 0 -1
vn 0 0 -1
vn 0 0 -1
vn 0 0 -1
vn 0 0 -1
vn 0 0 -1
vn 0 0 -1
vn 0 0 -1
vn 0 0 -1
vn 0 0 -1
vn 0 0 -1
vn 0 0 -1
vn 0 0 -1
vn 0 0 -1
vn 0 0 -1
vn 0 0 -1
vn 0 0 -1
vn 0 0 -1
vn 0 0 -1
vn 0 0 -1
vn 0 0 -1
vn 0 0 -1
vn 0 0 -1
vn 0 0 -1
vn 0 0 -1
vn 0 0 -1
vn 0 0 -1
vn 0 0 -1
vn 0 0 -1
vn 0 0 -1
vn 0 0 -1
vn 0 0 -1
vn 0 0 -1
vn 0 0 -1
vn 0 0 -1
vn 0 0 -1
vn 0 0 -1
vn 0 0 -1
vn 0 0 -1
vn 0 0 -1
vn 0 0 -1
vn 0 0 -1
vn 0 0 -1
vn 0 0 -1
vn 0 0 -1
vn 0 0 -1
vn 0 0 -1
vn 0 0 -1
vn 0 0 -1
vn 0 0 -1
vn 0 0 -1
vn 0 0 -1
vn 0 0 -1
vn 0 0 -1
vn 0 0 -1
vn 0 0 -1
vn 0 0 -1
vn 0 0 -1
vn 0 0 -1
vn 0 0 -1
vn 0 0 -1
vn 0 0 -1
vn 0 0 -1
vn 0 0 -1
vn 0 0 -1
vn 0 0 -1
vn 0 0 -1
vn 0 0 -1
vn 0 0 -1
vn 0 0 -1
vn 0 0 -1
vn 0 0 -1
vn 0 0 -1
vn 0 0 -1
vn 0 0 -1
vn 0 0 -1
vn 0 0 -1
vn 0 0 -1
vn 0 0 -1
vn 0 0 -1
vn 0 0 -1
vn 0 0 -1
vn 0 0 -1
vn 0 0 -1
vn 0 0 -1
vn 0 0 -1
vn 0 0 -1
vn 0 0 -1
vn 0 0 -1
vn 0 0 -1
vn 0 0 -1
vn 0 0 -1
vn 0 0 -1
vn 0 0 -1
vn 0 0 -1
vn 0 0 -1
vn 0 0 -1
vn 0 0 -1
vn 0 0 -1
vn 0 0 -1
vn 0 0 -1
vn 0 0 -1
vn 0 0 -1
vn 0 0 -1
vn 0 0 -1
vn 0 0 -1
vn 0 0 -1
vn 0 0 -1
vn 0 0 -1
vn 0 0 -1
vn 0 0 -1
vn 0 0 -1
vn 0 0 -1
vn 0 0 -1
vn 0 0 -1
vn 0 0 -1
vn 0 0 -1
vn 0 0 -1
vn 0 0 -1
vn 0 0 -1
vn 0 0 -1
vn 0 0 -1
vn 0 0 -1
vn 0 0 -1
vn 0 0 -1
vn 0 0 -1
vn 0 0 -1
vn 0 0 -1
vn 0 0 -1
vn 0 0 -1
vn 0 0 -1
vn 0 0 -1
vn 0 0 -1
vn 0 0 -1
vn 0 0 -1
vn 0 0 -1
vn 0 0 -1
vn 0 0 -1
vn 0 0 -1
vn 0 0 -1
vn 0 0 -1
vn 0 0 -1
vn 0 0 -1
vn 0 0 -1
vn 0 0 -1
vn 0 0 -1
vn 0 0 -1
vn 0 0 -1
vn 0 0 -1
vn 0 0 -1
vn 0 0 -1
vn 0 0 -1
vn 0 0 -1
vn 0 0 -1
vn 0 0 -1
vn 0 0 -1
vn 0 0 -1
vn 0 0 -1
vn 0 0 -1
vn 0 0 -1
vn 0 0 -1
vn 0 0 -1
vn 0 0 -1
vn 0 0 -1
vn 0 0 -1
vn 0 0 -1
vn 0 0 -1
vn 0 0 -1
vn 0 0 -1
vn 0 0 -1
vn 0 0 -1
vn 0 0 -1
vn 0 0 -1
vn 0 0 -1
vn 0 0 -1
vn 0 0 -1
vn 0 0 -1
vn 0 0 -1
vn 0 0 -1
vn 0 0 -1
vn 0 0 -1
vn 0 0 -1
vn 0 0 -1
vn 0 0 -1
vn 0 0 -1
vn 0 0 -1
vn 0 0 -1
vn 0 0 -1
vn 0 0 -1
vn 0 0 -1
vn 0 0 -1
vn 0 0 -1
vn 0 0 -1
vn 0 0 -1
vn 0 0 -1
vn 0 0 -1
vn 0 0 -1
vn 0 0 -1
vn 0 0 -1
vn 0 0 -1
vn 0 0 -1
vn 0 0 -1
vn 0 0 -1
vn 0 0 -1
vn 0 0 -1
vn 0 0 -1
vn 0 0 -1
vn 0 0 -1
vn 0 0 -1
vn 0 0 -1
vn 0 0 -1
vn 0 0 -1
vn 0 0 -1
vn 0 0 -1
vn 0 0 -1
vn 0 0 -1
vn 0 0 -1
vn 0 0 -1
vn 0 0 -1
vn 0 0 -1
vn 0 0 -1
vn 0 0 -1
vn 0 0 -1
vn 0 0 -1
vn 0 0 -1
vn 0 0 -1
vn 0 0 -1
vn 0 0 -1
vn 0 0 -1
vn 0 0 -1
vn 0 0 -1
vn 0 0 -1
vn 0 0 -1
vn 0 0 -1
vn 0 0 -1
vn 0 0 -1
vn 0 0 -1
vn 0 0 -1
vn 0 0 -1
vn 0 0 -1
vn 0 0 -1
vn 0 0 -1
vn 0 0 -1
vn 0 0 -1
vn 0 0 -1
vn 0 0 -1
vn 0 0 -1
vn 0 0 -1
vn 0 0 -1
vn 0 0 -1
vn 0 0 -1
vn 0 0 -1
vn 0 0 -1
vn 0 0 -1
vn 0 0 -1
vn 0 0 -1
vn 0 0 -1
vn 0 0 -1
vn 0 0 -1
vn 0 0 -1
vn 0 0 -1
vn 0 0 -1
vn 0 0 -1
vn 0 0 -1
vn 0 0 -1
vn 0 0 -1
vn 0 0 -1
vn 0 0 -1
vn 0 0 -1
vn 0 0 -1
vn 0 0 -1
vn 0 0 -1
vn 0 0 -1
vn 0 0 -1
vn 0 0 -1
vn 0 0 -1
vn 0 0 1
vn 0 0 1
vn 0 0 1
vn 0 0 1
vn 0 0 1
vn 0 0 1
vn 0 0 1
vn 0 0 1
vn 0 0 1
vn 0 0 1
vn 0 0 1
vn 0 0 1
vn 0 0 1
vn 0 0 1
vn 0 0 1
vn 0 0 1
vn 0 0 1
vn 0 0 1
vn 0 0 1
vn 0 0 1
vn 0 0 1
vn 0 0 1
vn 0 0 1
vn 0 0 1
vn 0 0 1
vn 0 0 1
vn 0 0 1
vn 0 0 1
vn 0 0 1
vn 0 0 1
vn 0 0 1
vn 0 0 1
vn 0 0 1
vn 0 0 1
vn 0 0 1
vn 0 0 1
vn 0 0 1
vn 0 0 1
vn 0 0 1
vn 0 0 1
vn 0 0 1
vn 0 0 1
vn 0 0 1
vn 0 0 1
vn 0 0 1
vn 0 0 1
vn 0 0 1
vn 0 0 1
vn 0 0 1
vn 0 0 1
vn 0 0 1
vn 0 0 1
vn 0 0 1
vn 0 0 1
vn 0 0 1
vn 0 0 1
vn 0 0 1
vn 0 0 1
vn 0 0 1
vn 0 0 1
vn 0 0 1
vn 0 0 1
vn 0 0 1
vn 0 0 1
vn 0 0 1
vn 0 0 1
vn 0 0 1
vn 0 0 1
vn 0 0 1
vn 0 0 1
vn 0 0 1
vn 0 0 1
vn 0 0 1
vn 0 0 1
vn 0 0 1
vn 0 0 1
vn 0 0 1
vn 0 0 1
vn 0 0 1
vn 0 0 1
vn 0 0 1
vn 0 0 1
vn 0 0 1
vn 0 0 1
vn 0 0 1
vn 0 0 1
vn 0 0 1
vn 0 0 1
vn 0 0 1
vn 0 0 1
vn 0 0 1
vn 0 0 1
vn 0 0 1
vn 0 0 1
vn 0 0 1
vn 0 0 1
vn 0 0 1
vn 0 0 1
vn 0 0 1
vn 0 0 1
vn 0 0 1
vn 0 0 1
vn 0 0 1
vn 0 0 1
vn 0 0 1
vn 0 0 1
vn 0 0 1
vn 0 0 1
vn 0 0 1
vn 0 0 1
vn 0 0 1
vn 0 0 1
vn 0 0 1
vn 0 0 1
vn 0 0 1
vn 0 0 1
vn 0 0 1
vn 0 0 1
vn 0 0 1
vn 0 0 1
vn 0 0 1
vn 0 0 1
vn 0 0 1
vn 0 0 1
vn 0 0 1
vn 0 0 1
vn 0 0 1
vn 0 0 1
vn 0 0 1
vn 0 0 1
vn 0 0 1
vn 0 0 1
vn 0 0 1
vn 0 0 1
vn 0 0 1
vn 0 0 1
vn 0 0 1
vn 0 0 1
vn 0 0 1
vn 0 0 1
vn 0 0 1
vn 0 0 1
vn 0 0 1
vn 0 0 1
vn 0 0 1
vn 0 0 1
vn 0 0 1
vn 0 0 1
vn 0 0 1
vn 0 0 1
vn 0 0 1
vn 0 0 1
vn 0 0 1
vn 0 0 1
vn 0 0 1
vn 0 0 1
vn 0 0 1
vn 0 0 1
vn 0 0 1
vn 0 0 1
vn 0 0 1
vn 0 0 1
vn 0 0 1
vn 0 0 1
vn 0 0 1
vn 0 0 1
vn 0 0 1
vn 0 0 1
vn 0 0 1
vn 0 0 1
vn 0 0 1
vn 0 0 1
vn 0 0 1
vn 0 0 1
vn 0 0 1
vn 0 0 1
vn 0 0 1
vn 0 0 1
vn 0 0 1
vn 0 0 1
vn 0 0 1
vn 0 0 1
vn 0 0 1
vn 0 0 1
vn 0 0 1
vn 0 0 1
vn 0 0 1
vn 0 0 1
vn 0 0 1
vn 0 0 1
vn 0 0 1
vn 0 0 1
vn 0 0 1
vn 0 0 1
vn 0 0 1
vn 0 0 1
vn 0 0 1
vn 0 0 1
vn 0 0 1
vn 0 0 1
vn 0 0 1
vn 0 0 1
vn 0 0 1
vn 0 0 1
vn 0 0 1
vn 0 0 1
vn 0 0 1
vn 0 0 1
vn 0 0 1
vn 0 0 1
vn 0 0 1
vn 0 0 1
vn 0 0 1
vn 0 0 1
vn 0 0 1
vn 0 0 1
vn 0 0 1
vn 0 0 1
vn 0 0 1
vn 0 0 1
vn 0 0 1
vn 0 0 1
vn 0 0 1
vn 0 0 1
vn 0 0 1
vn 0 0 1
vn 0 0 1
vn 0 0 1
vn 0 0 1
vn 0 0 1
vn 0 0 1
vn 0 0 1
vn 0 0 1
vn 0 0 1
vn 0 0 1
vn 0 0 1
vn 0 0 1
vn 0 0 1
vn 0 0 1
vn 0 0 1
vn 0 0 1
vn 0 0 1
vn 0 0 1
vn 0 0 1
vn 0 0 1
vn 0 0 1
vn 0 0 1
vn 0 0 1
vn 0 0 1
vn 0 0 1
vn 0 0 1
vn 0 0 1
vn 0 0 1
vn 0 0 1
vn 0 0 1
vn 0 0 1
vn 0 0 1
vn 0 0 1
vn 0 0 1
vn 0 0 1
vn 0 0 1
vn 0 0 1
vn 0 0 1
vn 0 0 1
vn 0 0 1
vn 0 0 1
vn 0 0 1
vn 0 0 1
vn 0 0 1
vn 0 0 1
vn 0 0 1
vn 0 0 1
vn 0 0 1
vn 0 0 1
vn 0 0 1
vn 0 0 1
vn 0 0 1
vn 0 0 1
vn 0 0 1
vn 0 0 1
vn 0 0 1
vn 0 0 1
vn 0 0 1
vn 0 0 1
vn 0 0 1
vn 0 0 1
vn 0 0 1
vn 0 0 1
vn 0 0 1
vn 0 0 1
vn 0 0 1
vn 0 0 1
vn 0 0 1
vn 0 0 1
vn 0 0 1
vn 0 0 1
vn 0 0 1
vn 0 0 1
vn 0 0 1
vn 0 0 1
vn 0 0 1
vn 0 0 1
vn 0 0 1
vn 0 0 1
vn 0 0 1
vn 0 0 1
vn 0 0 1
vn 0 0 1
vn 0 0 1
vn 0 0 1
vn 0 0 1
vn 0 0 1
vn 0 0 1
vn 0 0 1
vn 0 0 1
vn 0 0 1
vn 0 0 1
vn 0 0 1
vn 0 0 1
vn 0 0 1
vn 0 0 1
vn 0 0 1
vn 0 0 1
vn 0 0 1
vn 0 0 1
vn 0 0 1
vn 0 0 1
vn 0 0 1
vn 0 0 1
vn 0 0 1
vn 0 0 1
vn 0 0 1
vn 0 0 1
vn 0 0 1
vn 0 0 1
vn 0 0 1
vn 0 0 1
vn 0 0 1
vn 0 0 1
vn 0 0 1
vn 0 0 1
vn 0 0 1
vn 0 0 1
vn 0 0 1
vn 0 0 1
vn 0 0 1
vn 0 0 1
vn 0 0 1
vn 0 0 1
vn 0 0 1
vn 0 0 1
vn 0 0 1
vn 0 0 1
vn 0 0 1
vn 0 0 1
vn 0 0 1
vn 0 0 1
vn 0 0 1
vn 0 0 1
vn 0 0 1
vn 0 0 1
vn 0 0 1
vn 0 0 1
vn 0 0 1
vn 0 0 1
vn 0 0 1
vn 0 0 1
vn 0 0 1
vn 0 0 1
vn 0 0 1
vn 0 0 1
vn 0 0 1
vn 0 0 1
vn 0 0 1
vn 0 0 1
vn 0 0 1
vn 0 0 1
vn 0 0 1
vn 0 0 1
vn 0 0 1
vn 0 0 1
vn 0 0 1
vn 0 0 1
vn 0 0 1
vn 0 0 1
vn 0 0 1
vn 0 0 1
vn 0 0 1
vn 0 0 1
vn 0 0 1
vn 0 0 1
vn 0 0 1
vn 0 0 1
vn 0 0 1
vn 0 0 1
vn 0 0 1
vn 0 0 1
vn 0 0 1
vn 0 0 1
vn 0 0 1
vn 0 0 1
vn 0 0 1
vn 0 0 1
vn 0 0 1
vn 0 0 1
vn 0 0 1
vn 0 0 1
vn 0 0 1
vn 0 0 1
vn 0 0 1
vn 0 0 1
vn 0 0 1
vn 0 0 1
vn 0 0 1
vn 0 0 1
vn 0 0 1
vn 0 0 1
vn 0 0 1
vn 0 0 1
vn 0 0 1
vn 0 0 1
vn 0 0 1
vn 0 0 1
vn 0 0 1
vn 0 0 1
vn 0 0 1
vn 0 0 1
vn 0 0 1
vn 0 0 1
vn 0 0 1
vn 0 0 1
vn 0 0 1
vn 0 0 1
vn 0 0 1
vn 0 0 1
vn 0 0 1
vn 0 0 1
vn 0 0 1
vn 0 0 1
vn 0 0 1
vn 0 0 1
vn 0 0 1
vn 0 0 1
vn 0 0 1
vn 0 0 1
vn 0 0 1
vn 0 0 1
vn 0 0 1
vn 0 0 1
vn 0 0 1
vn 0 0 1
vn 0 0 1
vn 0 0 1
vn 0 0 1
vn 0 0 1
vn 0 0 1
vn 0 0 1
vn 0 0 1
vn 0 0 1
vn 0 0 1
vn 0 0 1
vn 0 0 1
vn 0 0 1
vn 0 0 1
vn 0 0 1
vn 0 0 1
vn 0 0 1
vn 0 0 1
vn 0 0 1
vn 0 0 1
vn 0 0 1
vn 0 0 1
vn 0 0 1
vn 0 0 1
vn 0 0 1
vn 0 0 1
vn 0 0 1
vn 0 0 1
vn 0 0 1
vn 0 0 1
vn 0 0 1
vn 0 0 1
vn 0 0 1
vn 0 0 1
vn 0 0 1
vn 0 0 1
vn 0 0 1
vn 0 0 1
vn 0 0 1
vn 0 0 1
vn 0 0 1
vn 0 0 1
vn 0 0 1
vn 0 0 1
vn 0 0 1
vn 0 0 1
vn 0 0 1
vn 0 0 1
vn 0 0 1
vn 0 0 1
vn 0 0 1
vn 0 0 1
vn 0 0 1
vn 0 0 1
vn 0 0 1
vn 0 0 1
vn 0 0 1
vn 0 0 1
vn 0 0 1
vn 0 0 1
vn 0 0 1
vn 0 0 1
vn 0 0 1
vn 0 0 1
vn 0 0 1
vn 0 0 1
vn 0 0 1
vn 0 0 1
vn 0 0 1
vn 0 0 1
vn 0 0 1
vn 0 0 1
vn 0 0 1
vn 0 0 1
vn 0 0 1
vn 0 0 1
vn 0 0 1
vn 0 0 1
vn 0 0 1
vn 0 0 1
vn 0 0 1
vn 0 0 1
vn 0 0 1
vn 0 0 1
vn 0 0 1
vn 0 0 1
vn 0 0 1
vn 0 0 1
vn 0 0 1
vn 0 0 1
vn 0 0 1
vn 0 0 1
vn 0 0 1
vn 0 0 1
vn 0 0 1
vn 0 0 1
vn 0 0 1
vn 0 0 1
vn 0 0 1
vn 0 0 1
vn 0 0 1
vn 0 0 1
vn 0 0 1
vn 0 0 1
vn 0 0 1
vn 0 0 1
vn 0 0 1
vn 0 0 1
vn 0 0 1
vn 0 0 1
vn 0 0 1
vn 0 0 1
vn 0 0 1
vn 0 0 1
vn 0 0 1
vn 0 0 1
vn 0 0 1
vn 0 0 1
vn 0 0 1
vn 0 0 1
vn 0 0 1
vn 0 0 1
vn 0 0 1
vn 0 0 1
vn 0 0 1
vn 0 0 1
vn 0 0 1
vn 0 0 1
vn 0 0 1
vn 0 0 1
vn 0 0 1
vn 0 0 1
vn 0 0 1
vn 0 0 1
vn 0 0 1
vn 0 0 1
vn 0 0 1
vn 0 0 1
vn 0 0 1
vn 0 0 1
vn 0 0 1
vn 0 0 1
vn 0 0 1
vn 0 0 1
vn 0 0 1
vn 0 0 1
vn 0 0 1
vn 0 0 1
vn 0 0 1
vn 0 0 1
vn 0 0 1
vn 0 0 1
vn 0 0 1
vn 0 0 1
vn 0 0 1
vn 0 0 1
vn 0 0 1
vn 0 0 1
vn 0 0 1
vn 0 0 1
vn 0 0 1
vn 0 0 1
vn 0 0 1
vn 0 0 1
vn 0 0 1
vn 0 0 1
vn 0 0 1
vn 0 0 1
vn 0 0 1
vn 0 0 1
vn 0 0 1
vn 0 0 1
vn 0 0 1
vn 0 0 1
vn 0 0 1
vn 0 0 1
vn 0 0 1
vn 0 0 1
vn 0 0 1
vn 0 0 1
vn 0 0 1
vn 0 0 1
vn 0 0 1
vn 0 0 1
vn 0 0 1
vn 0 0 1
vn 0 0 1
vn 0 0 1
vn 0 0 1
vn 0 0 1
vn 0 0 1
vn 0 0 1
vn 0 0 1
vn 0 0 1
vn 0 0 1
vn 0 0 1
vn 0 0 1
vn 0 0 1
vn 0 0 1
vn 0 0 1
vn 0 0 1
vn 0 0 1
vn 0 0 1
vn 0 0 1
vn 0 0 1
vn 0 0 1
vn 0 0 1
vn 0 0 1
vn 0 0 1
vn 0 0 1
vn 0 0 1
vn 0 0 1
vn 0 0 1
vn 0.01795153481579731 -0.3822621054887311 -0.9238795511889412
vn 0.01795153481579731 -0.3822621054887311 -0.9238795511889412
vn 0.01795153481579731 -0.3822621054887311 -0.9238795511889412
vn 0.017951505023079333 -0.3822621056932402 -0.923879551683214
vn 0.017951505023079333 -0.3822621056932402 -0.923879551683214
vn 0.017951505023079333 -0.3822621056932402 -0.923879551683214
vn 0.04333877256398093 -0.9228624840871368 -0.3826834021187318
vn 0.04333877256398093 -0.9228624840871368 -0.3826834021187318
vn 0.04333877256398093 -0.9228624840871368 -0.3826834021187318
vn 0.043338858579000404 -0.922862491185344 -0.38268337525982243
vn 0.043338858579000404 -0.922862491185344 -0.38268337525982243
vn 0.043338858579000404 -0.922862491185344 -0.38268337525982243
vn 0.04690964030316906 -0.9988991368735021 0
vn 0.04690964030316906 -0.9988991368735021 0
vn 0.04690964030316906 -0.9988991368735021 0
vn 0.04690964030316906 -0.9988991368735021 0
vn 0.04690964030316906 -0.9988991368735021 0
vn 0.04690964030316906 -0.9988991368735021 0
vn 0.04333886430078279 -0.922862633186056 0.3826830321689447
vn 0.04333886430078279 -0.922862633186056 0.3826830321689447
vn 0.04333886430078279 -0.922862633186056 0.3826830321689447
vn 0.04333877927431109 -0.9228626471380645 0.38268300815209544
vn 0.04333877927431109 -0.9228626471380645 0.38268300815209544
vn 0.04333877927431109 -0.9228626471380645 0.38268300815209544
vn 0.01795146571511091 -0.38226126713078623 0.9238798994080588
vn 0.01795146571511091 -0.38226126713078623 0.9238798994080588
vn 0.01795146571511091 -0.38226126713078623 0.9238798994080588
vn 0.017951495507828614 -0.38226126692627804 0.9238798989137869
vn 0.017951495507828614 -0.38226126692627804 0.9238798989137869
vn 0.017951495507828614 -0.38226126692627804 0.9238798989137869
vn 0.055179704915884205 -0.37868419931392716 -0.9238795794665915
vn 0.055179704915884205 -0.37868419931392716 -0.9238795794665915
vn 0.055179704915884205 -0.37868419931392716 -0.9238795794665915
vn 0.05518000691602781 -0.3786842904477201 -0.9238795240748947
vn 0.05518000691602781 -0.3786842904477201 -0.9238795240748947
vn 0.05518000691602781 -0.3786842904477201 -0.9238795240748947
vn 0.13321633599113325 -0.9142248008510035 -0.38268318663620504
vn 0.13321633599113325 -0.9142248008510035 -0.38268318663620504
vn 0.13321633599113325 -0.9142248008510035 -0.38268318663620504
vn 0.133215751485376 -0.9142247777889632 -0.38268344520361425
vn 0.133215751485376 -0.9142247777889632 -0.38268344520361425
vn 0.133215751485376 -0.9142247777889632 -0.38268344520361425
vn 0.14419169974508056 -0.9895497732426723 0
vn 0.14419169974508056 -0.9895497732426723 0
vn 0.14419169974508056 -0.9895497732426723 0
vn 0.14419169974508056 -0.9895497732426723 0
vn 0.14419169974508056 -0.9895497732426723 0
vn 0.14419169974508056 -0.9895497732426723 0
vn 0.13321578362742328 -0.9142250322644603 0.3826828260760836
vn 0.13321578362742328 -0.9142250322644603 0.3826828260760836
vn 0.13321578362742328 -0.9142250322644603 0.3826828260760836
vn 0.13321635366647372 -0.9142248198893839 0.38268313500078954
vn 0.13321635366647372 -0.9142248198893839 0.38268313500078954
vn 0.13321635366647372 -0.9142248198893839 0.38268313500078954
vn 0.05517986815735259 -0.37868333043957564 0.923879925854723
vn 0.05517986815735259 -0.37868333043957564 0.923879925854723
vn 0.05517986815735259 -0.37868333043957564 0.923879925854723
vn 0.05517959387288738 -0.37868345916761736 0.9238798894731234
vn 0.05517959387288738 -0.37868345916761736 0.9238798894731234
vn 0.05517959387288738 -0.37868345916761736 0.9238798894731234
vn 0.09333099528693838 -0.3711279671958575 -0.9238795144843402
vn 0.09333099528693838 -0.3711279671958575 -0.9238795144843402
vn 0.09333099528693838 -0.3711279671958575 -0.9238795144843402
vn 0.09333122321075722 -0.3711279848931078 -0.9238794843501856
vn 0.09333122321075722 -0.3711279848931078 -0.9238794843501856
vn 0.09333122321075722 -0.3711279848931078 -0.9238794843501856
vn 0.22532144220503272 -0.8959819687066388 -0.38268336707416456
vn 0.22532144220503272 -0.8959819687066388 -0.38268336707416456
vn 0.22532144220503272 -0.8959819687066388 -0.38268336707416456
vn 0.22532147049429835 -0.8959819626900279 -0.38268336450440643
vn 0.22532147049429835 -0.8959819626900279 -0.38268336450440643
vn 0.22532147049429835 -0.8959819626900279 -0.38268336450440643
vn 0.24388619945958934 -0.9698038573408322 0
vn 0.24388619945958934 -0.9698038573408322 0
vn 0.24388619945958934 -0.9698038573408322 0
vn 0.24388619945958934 -0.9698038573408322 0
vn 0.24388619945958934 -0.9698038573408322 0
vn 0.24388619945958934 -0.9698038573408322 0
vn 0.22532150298444595 -0.8959820925873486 0.38268304124382874
vn 0.22532150298444595 -0.8959820925873486 0.38268304124382874
vn 0.22532150298444595 -0.8959820925873486 0.38268304124382874
vn 0.22532149140956956 -0.8959821058141906 0.3826830170908241
vn 0.22532149140956956 -0.8959821058141906 0.3826830170908241
vn 0.22532149140956956 -0.8959821058141906 0.3826830170908241
vn 0.09333099541841697 -0.3711270736489954 0.9238798734137144
vn 0.09333099541841697 -0.3711270736489954 0.9238798734137144
vn 0.09333099541841697 -0.3711270736489954 0.9238798734137144
vn 0.09333080664726134 -0.37112718289071334 0.9238798486005496
vn 0.09333080664726134 -0.37112718289071334 0.9238798486005496
vn 0.09333080664726134 -0.37112718289071334 0.9238798486005496
vn 0.13122205624212724 -0.3594822935103829 -0.9238794578342474
vn 0.13122205624212724 -0.3594822935103829 -0.9238794578342474
vn 0.13122205624212724 -0.3594822935103829 -0.9238794578342474
vn 0.1312212509828991 -0.35948229187623026 -0.9238795728437207
vn 0.1312212509828991 -0.35948229187623026 -0.9238795728437207
vn 0.1312212509828991 -0.35948229187623026 -0.9238795728437207
vn 0.31679623833488 -0.8678672776709043 -0.3826833308689622
vn 0.31679623833488 -0.8678672776709043 -0.3826833308689622
vn 0.31679623833488 -0.8678672776709043 -0.3826833308689622
vn 0.31679672538284714 -0.86786718643423 -0.3826831345871391
vn 0.31679672538284714 -0.86786718643423 -0.3826831345871391
vn 0.31679672538284714 -0.86786718643423 -0.3826831345871391
vn 0.34289825346637437 -0.9393725500405631 0
vn 0.34289825346637437 -0.9393725500405631 0
vn 0.34289825346637437 -0.9393725500405631 0
vn 0.34289825346637437 -0.9393725500405631 0
vn 0.34289825346637437 -0.9393725500405631 0
vn 0.34289825346637437 -0.9393725500405631 0
vn 0.31679672706038164 -0.8678672506344954 0.3826829876019468
vn 0.31679672706038164 -0.8678672506344954 0.3826829876019468
vn 0.31679672706038164 -0.8678672506344954 0.3826829876019468
vn 0.3167963650649728 -0.8678674770881725 0.3826827737098063
vn 0.3167963650649728 -0.8678674770881725 0.3826827737098063
vn 0.3167963650649728 -0.8678674770881725 0.3826827737098063
vn 0.13122105258975425 -0.35948168301420835 0.9238798379305121
vn 0.13122105258975425 -0.35948168301420835 0.9238798379305121
vn 0.13122105258975425 -0.35948168301420835 0.9238798379305121
vn 0.1312216492256043 -0.3594811481871266 0.9238799612896567
vn 0.1312216492256043 -0.3594811481871266 0.9238799612896567
vn 0.1312216492256043 -0.3594811481871266 0.9238799612896567
vn 0.16762625979778162 -0.3440172931027734 -0.9238796128676328
vn 0.16762625979778162 -0.3440172931027734 -0.9238796128676328
vn 0.16762625979778162 -0.3440172931027734 -0.9238796128676328
vn 0.16762654591386839 -0.34401726944504557 -0.9238795697646749
vn 0.16762654591386839 -0.34401726944504557 -0.9238795697646749
vn 0.16762654591386839 -0.34401726944504557 -0.9238795697646749
vn 0.40468644829630485 -0.8305314724650905 -0.3826830957989792
vn 0.40468644829630485 -0.8305314724650905 -0.3826830957989792
vn 0.40468644829630485 -0.8305314724650905 -0.3826830957989792
vn 0.40468692403115003 -0.8305313509935519 -0.3826828563380278
vn 0.40468692403115003 -0.8305313509935519 -0.3826828563380278
vn 0.40468692403115003 -0.8305313509935519 -0.3826828563380278
vn 0.43802986078288175 -0.8989604224116483 0
vn 0.43802986078288175 -0.8989604224116483 0
vn 0.43802986078288175 -0.8989604224116483 0
vn 0.43802986078288175 -0.8989604224116483 0
vn 0.43802986078288175 -0.8989604224116483 0
vn 0.43802986078288175 -0.8989604224116483 0
vn 0.4046869519962094 -0.8305314068276165 0.3826827055890529
vn 0.4046869519962094 -0.8305314068276165 0.3826827055890529
vn 0.4046869519962094 -0.8305314068276165 0.3826827055890529
vn 0.40468653985037434 -0.830531715290133 0.3826824719805714
vn 0.40468653985037434 -0.830531715290133 0.3826824719805714
vn 0.40468653985037434 -0.830531715290133 0.3826824719805714
vn 0.16762612562871224 -0.3440163989128067 0.9238799701724093
vn 0.16762612562871224 -0.3440163989128067 0.9238799701724093
vn 0.16762612562871224 -0.3440163989128067 0.9238799701724093
vn 0.16762593455738048 -0.34401661295481967 0.9238799251390077
vn 0.16762593455738048 -0.34401661295481967 0.9238799251390077
vn 0.16762593455738048 -0.34401661295481967 0.9238799251390077
vn 0.20146423681367864 -0.32535934614754863 -0.9238795685366797
vn 0.20146423681367864 -0.32535934614754863 -0.9238795685366797
vn 0.20146423681367864 -0.32535934614754863 -0.9238795685366797
vn 0.20146517139316603 -0.3253591605609797 -0.9238794300960362
vn 0.20146517139316603 -0.3253591605609797 -0.9238794300960362
vn 0.20146517139316603 -0.3253591605609797 -0.9238794300960362
vn 0.48637979709165075 -0.7854862726246801 -0.3826826472408584
vn 0.48637979709165075 -0.7854862726246801 -0.3826826472408584
vn 0.48637979709165075 -0.7854862726246801 -0.3826826472408584
vn 0.4863785483871253 -0.785486754295441 -0.38268324564219725
vn 0.4863785483871253 -0.785486754295441 -0.38268324564219725
vn 0.4863785483871253 -0.785486754295441 -0.38268324564219725
vn 0.5264523112659681 -0.850204660045286 0
vn 0.5264523112659681 -0.850204660045286 0
vn 0.5264523112659681 -0.850204660045286 0
vn 0.5264523112659681 -0.850204660045286 0
vn 0.5264523112659681 -0.850204660045286 0
vn 0.5264523112659681 -0.850204660045286 0
vn 0.48637873745414983 -0.785487068877098 0.38268235963965247
vn 0.48637873745414983 -0.785487068877098 0.38268235963965247
vn 0.48637873745414983 -0.785487068877098 0.38268235963965247
vn 0.48637972445480043 -0.7854861804985404 0.38268292865646225
vn 0.48637972445480043 -0.7854861804985404 0.38268292865646225
vn 0.48637972445480043 -0.7854861804985404 0.38268292865646225
vn 0.20146456095466206 -0.3253581779065275 0.923879909267806
vn 0.20146456095466206 -0.3253581779065275 0.923879909267806
vn 0.20146456095466206 -0.3253581779065275 0.923879909267806
vn 0.2014639735457148 -0.3253589369138973 0.923879770063957
vn 0.2014639735457148 -0.3253589369138973 0.923879770063957
vn 0.2014639735457148 -0.3253589369138973 0.923879770063957
vn 0.2319545184727489 -0.3043746994070489 -0.923879398904935
vn 0.2319545184727489 -0.3043746994070489 -0.923879398904935
vn 0.2319545184727489 -0.3043746994070489 -0.923879398904935
vn 0.23195329875042917 -0.3043750598862797 -0.9238795863736885
vn 0.23195329875042917 -0.3043750598862797 -0.9238795863736885
vn 0.23195329875042917 -0.3043750598862797 -0.9238795863736885
vn 0.559985049979677 -0.7348266949700587 -0.3826832530417802
vn 0.559985049979677 -0.7348266949700587 -0.3826832530417802
vn 0.559985049979677 -0.7348266949700587 -0.3826832530417802
vn 0.5599859311697402 -0.7348262608366066 -0.38268279720527065
vn 0.5599859311697402 -0.7348262608366066 -0.38268279720527065
vn 0.5599859311697402 -0.7348262608366066 -0.38268279720527065
vn 0.6061242276597888 -0.7953699897807462 0
vn 0.6061242276597888 -0.7953699897807462 0
vn 0.6061242276597888 -0.7953699897807462 0
vn 0.6061242276597888 -0.7953699897807462 0
vn 0.6061242276597888 -0.7953699897807462 0
vn 0.6061242276597888 -0.7953699897807462 0
vn 0.5599858710965269 -0.7348262602217397 0.3826828862920266
vn 0.5599858710965269 -0.7348262602217397 0.3826828862920266
vn 0.5599858710965269 -0.7348262602217397 0.3826828862920266
vn 0.5599852225229031 -0.7348269847646991 0.38268244409378815
vn 0.5599852225229031 -0.7348269847646991 0.38268244409378815
vn 0.5599852225229031 -0.7348269847646991 0.38268244409378815
vn 0.23195300501741645 -0.30437468833445036 0.9238797825283854
vn 0.23195300501741645 -0.30437468833445036 0.9238797825283854
vn 0.23195300501741645 -0.30437468833445036 0.9238797825283854
vn 0.23195370511818525 -0.30437361511783656 0.9238799603314519
vn 0.23195370511818525 -0.30437361511783656 0.9238799603314519
vn 0.23195370511818525 -0.30437361511783656 0.9238799603314519
vn 0.2586803405545679 -0.2820123102537877 -0.9238796124365414
vn 0.2586803405545679 -0.2820123102537877 -0.9238796124365414
vn 0.2586803405545679 -0.2820123102537877 -0.9238796124365414
vn 0.2586799839162121 -0.2820124305418362 -0.9238796755752311
vn 0.2586799839162121 -0.2820124305418362 -0.9238796755752311
vn 0.2586799839162121 -0.2820124305418362 -0.9238796755752311
vn 0.6245095118903939 -0.6808390005104744 -0.38268279938131555
vn 0.6245095118903939 -0.6808390005104744 -0.38268279938131555
vn 0.6245095118903939 -0.6808390005104744 -0.38268279938131555
vn 0.6245090444517696 -0.6808393087799711 -0.38268301375674985
vn 0.6245090444517696 -0.6808393087799711 -0.38268301375674985
vn 0.6245090444517696 -0.6808393087799711 -0.38268301375674985
vn 0.6759636179584901 -0.7369349952312404 0
vn 0.6759636179584901 -0.7369349952312404 0
vn 0.6759636179584901 -0.7369349952312404 0
vn 0.6759636179584901 -0.7369349952312404 0
vn 0.6759636179584901 -0.7369349952312404 0
vn 0.6759636179584901 -0.7369349952312404 0
vn 0.6245092128222518 -0.6808394762084615 0.3826824411131495
vn 0.6245092128222518 -0.6808394762084615 0.3826824411131495
vn 0.6245092128222518 -0.6808394762084615 0.3826824411131495
vn 0.6245095221592047 -0.6808390713101566 0.38268265666215534
vn 0.6245095221592047 -0.6808390713101566 0.38268265666215534
vn 0.6245095221592047 -0.6808390713101566 0.38268265666215534
vn 0.25867947908822486 -0.2820118960749199 0.9238799800682301
vn 0.25867947908822486 -0.2820118960749199 0.9238799800682301
vn 0.25867947908822486 -0.2820118960749199 0.9238799800682301
vn 0.25867965560704936 -0.2820115657472543 0.9238800314758406
vn 0.25867965560704936 -0.2820115657472543 0.9238800314758406
vn 0.25867965560704936 -0.2820115657472543 0.9238800314758406
vn 0.27059778679954516 -0.27059778679954516 -0.9238796867332758
vn 0.27059778679954516 -0.27059778679954516 -0.9238796867332758
vn 0.27059778679954516 -0.27059778679954516 -0.9238796867332758
vn 0.27059787801433816 -0.27059787801433816 -0.9238796333009376
vn 0.27059787801433816 -0.27059787801433816 -0.9238796333009376
vn 0.27059787801433816 -0.27059787801433816 -0.9238796333009376
vn 0.6532816172286591 -0.6532816172286591 -0.38268297216131236
vn 0.6532816172286591 -0.6532816172286591 -0.38268297216131236
vn 0.6532816172286591 -0.6532816172286591 -0.38268297216131236
vn 0.6532820644816992 -0.6532819452724064 -0.38268164864235343
vn 0.6532820644816992 -0.6532819452724064 -0.38268164864235343
vn 0.6532820644816992 -0.6532819452724064 -0.38268164864235343
vn 0.7071068407911908 -0.7071067215818992 0
vn 0.7071068407911908 -0.7071067215818992 0
vn 0.7071068407911908 -0.7071067215818992 0
vn 0.7071068407911908 -0.7071067215818992 0
vn 0.7071068407911908 -0.7071067215818992 0
vn 0.7071068407911908 -0.7071067215818992 0
vn 0.6532817495311279 -0.6532816899264831 0.382682622203239
vn 0.6532817495311279 -0.6532816899264831 0.382682622203239
vn 0.6532817495311279 -0.6532816899264831 0.382682622203239
vn 0.653282153358527 -0.6532820937538834 0.38268124344392485
vn 0.653282153358527 -0.6532820937538834 0.38268124344392485
vn 0.653282153358527 -0.6532820937538834 0.38268124344392485
vn 0.2705971886349026 -0.2705971886349026 0.9238800371291577
vn 0.2705971886349026 -0.2705971886349026 0.9238800371291577
vn 0.2705971886349026 -0.2705971886349026 0.9238800371291577
vn 0.2705972798497255 -0.2705972798497255 0.9238799836969404
vn 0.2705972798497255 -0.2705972798497255 0.9238799836969404
vn 0.2705972798497255 -0.2705972798497255 0.9238799836969404
vn 0.28316262652222585 -0.2574205722749619 -0.9238796328043308
vn 0.28316262652222585 -0.2574205722749619 -0.9238796328043308
vn 0.28316262652222585 -0.2574205722749619 -0.9238796328043308
vn 0.2831638450151278 -0.25741991353085814 -0.9238794428896089
vn 0.2831638450151278 -0.25741991353085814 -0.9238794428896089
vn 0.2831638450151278 -0.25741991353085814 -0.9238794428896089
vn 0.6836181966574364 -0.6214668234289387 -0.3826815236929777
vn 0.6836181966574364 -0.6214668234289387 -0.3826815236929777
vn 0.6836181966574364 -0.6214668234289387 -0.3826815236929777
vn 0.6836150215675268 -0.621469312238847 -0.38268315383957546
vn 0.6836150215675268 -0.621469312238847 -0.38268315383957546
vn 0.6836150215675268 -0.621469312238847 -0.38268315383957546
vn 0.7399394854403618 -0.6726734407468848 0
vn 0.7399394854403618 -0.6726734407468848 0
vn 0.7399394854403618 -0.6726734407468848 0
vn 0.7399394854403618 -0.6726734407468848 0
vn 0.7399394854403618 -0.6726734407468848 0
vn 0.7399394854403618 -0.6726734407468848 0
vn 0.6836156101349581 -0.621469841881532 0.3826812423042872
vn 0.6836156101349581 -0.621469841881532 0.3826812423042872
vn 0.6836156101349581 -0.621469841881532 0.3826812423042872
vn 0.6836178072535248 -0.6214664369139575 0.3826828470095736
vn 0.6836178072535248 -0.6214664369139575 0.3826828470095736
vn 0.6836178072535248 -0.6214664369139575 0.3826828470095736
vn 0.2831628904678748 -0.2574190484699356 0.9238799764832611
vn 0.2831628904678748 -0.2574190484699356 0.9238799764832611
vn 0.2831628904678748 -0.2574190484699356 0.9238799764832611
vn 0.28316235040713755 -0.2574203266798492 0.9238797858617458
vn 0.28316235040713755 -0.2574203266798492 0.9238797858617458
vn 0.28316235040713755 -0.2574203266798492 0.9238797858617458
vn 0.30719701213729295 -0.22820349600780288 -0.9238794077928877
vn 0.30719701213729295 -0.22820349600780288 -0.9238794077928877
vn 0.30719701213729295 -0.22820349600780288 -0.9238794077928877
vn 0.30719531182869003 -0.2282045975228661 -0.9238797010757951
vn 0.30719531182869003 -0.2282045975228661 -0.9238797010757951
vn 0.30719531182869003 -0.2282045975228661 -0.9238797010757951
vn 0.7416359284298716 -0.5509352756915525 -0.38268325239110634
vn 0.7416359284298716 -0.5509352756915525 -0.38268325239110634
vn 0.7416359284298716 -0.5509352756915525 -0.38268325239110634
vn 0.7416386065118068 -0.550932769230575 -0.38268167073842885
vn 0.7416386065118068 -0.550932769230575 -0.38268167073842885
vn 0.7416386065118068 -0.550932769230575 -0.38268167073842885
vn 0.8027432544786666 -0.5963248002464754 0
vn 0.8027432544786666 -0.5963248002464754 0
vn 0.8027432544786666 -0.5963248002464754 0
vn 0.8027432544786666 -0.5963248002464754 0
vn 0.8027432544786666 -0.5963248002464754 0
vn 0.8027432544786666 -0.5963248002464754 0
vn 0.741638237487412 -0.5509324627413416 0.3826828271484433
vn 0.741638237487412 -0.5509324627413416 0.3826828271484433
vn 0.741638237487412 -0.5509324627413416 0.3826828271484433
vn 0.741636570971401 -0.5509358023947214 0.3826812488709978
vn 0.741636570971401 -0.5509358023947214 0.3826812488709978
vn 0.741636570971401 -0.5509358023947214 0.3826812488709978
vn 0.30719515035852907 -0.2282044839597195 0.9238797828164003
vn 0.30719515035852907 -0.2282044839597195 0.9238797828164003
vn 0.30719515035852907 -0.2282044839597195 0.9238797828164003
vn 0.3071957164737241 -0.2282025169107153 0.9238800804519004
vn 0.3071957164737241 -0.2282025169107153 0.9238800804519004
vn 0.3071957164737241 -0.2282025169107153 0.9238800804519004
vn 0.32892966851506095 -0.19557981538560393 -0.9238797589428535
vn 0.32892966851506095 -0.19557981538560393 -0.9238797589428535
vn 0.32892966851506095 -0.19557981538560393 -0.9238797589428535
vn 0.3289295820710999 -0.19557992145552403 -0.9238797672651906
vn 0.3289295820710999 -0.19557992145552403 -0.9238797672651906
vn 0.3289295820710999 -0.19557992145552403 -0.9238797672651906
vn 0.794108080244567 -0.47217281907213887 -0.3826815723545592
vn 0.794108080244567 -0.47217281907213887 -0.3826815723545592
vn 0.794108080244567 -0.47217281907213887 -0.3826815723545592
vn 0.7941090361720539 -0.4721717177259564 -0.3826809475916085
vn 0.7941090361720539 -0.4721717177259564 -0.3826809475916085
vn 0.7941090361720539 -0.4721717177259564 -0.3826809475916085
vn 0.8595364654742835 -0.5110744217038999 0
vn 0.8595364654742835 -0.5110744217038999 0
vn 0.8595364654742835 -0.5110744217038999 0
vn 0.8595364654742835 -0.5110744217038999 0
vn 0.8595364654742835 -0.5110744217038999 0
vn 0.8595364654742835 -0.5110744217038999 0
vn 0.7941089420331955 -0.47217167302801605 0.38268119809162765
vn 0.7941089420331955 -0.47217167302801605 0.38268119809162765
vn 0.7941089420331955 -0.47217167302801605 0.38268119809162765
vn 0.7941084420529985 -0.47217303017413803 0.3826805610902284
vn 0.7941084420529985 -0.47217303017413803 0.3826805610902284
vn 0.7941084420529985 -0.47217303017413803 0.3826805610902284
vn 0.3289288879827266 -0.19557951398986778 0.9238801006396524
vn 0.3289288879827266 -0.19557951398986778 0.9238801006396524
vn 0.3289288879827266 -0.19557951398986778 0.9238801006396524
vn 0.3289288813728282 -0.19557933124572358 0.9238801416787219
vn 0.3289288813728282 -0.19557933124572358 0.9238801416787219
vn 0.3289288813728282 -0.19557933124572358 0.9238801416787219
vn 0.3474604443224665 -0.16036636923424985 -0.9238797904759354
vn 0.3474604443224665 -0.16036636923424985 -0.9238797904759354
vn 0.3474604443224665 -0.16036636923424985 -0.9238797904759354
vn 0.34746125573756925 -0.1603655378857066 -0.9238796296162718
vn 0.34746125573756925 -0.1603655378857066 -0.9238796296162718
vn 0.34746125573756925 -0.1603655378857066 -0.9238796296162718
vn 0.8388471727819254 -0.3871573863235845 -0.3826807794113275
vn 0.8388471727819254 -0.3871573863235845 -0.3826807794113275
vn 0.8388471727819254 -0.3871573863235845 -0.3826807794113275
vn 0.8388436626175594 -0.387162425920662 -0.382683375183174
vn 0.8388436626175594 -0.387162425920662 -0.382683375183174
vn 0.8388436626175594 -0.387162425920662 -0.382683375183174
vn 0.9079578240155287 -0.41906155849586824 0
vn 0.9079578240155287 -0.41906155849586824 0
vn 0.9079578240155287 -0.41906155849586824 0
vn 0.9079578240155287 -0.41906155849586824 0
vn 0.9079578240155287 -0.41906155849586824 0
vn 0.9079578240155287 -0.41906155849586824 0
vn 0.8388447345460169 -0.3871629023169778 0.382680543526734
vn 0.8388447345460169 -0.3871629023169778 0.382680543526734
vn 0.8388447345460169 -0.3871629023169778 0.382680543526734
vn 0.8388462779883666 -0.38715696875697164 0.3826831632669213
vn 0.8388462779883666 -0.38715696875697164 0.3826831632669213
vn 0.8388462779883666 -0.38715696875697164 0.3826831632669213
vn 0.34746016133757274 -0.1603650350704738 0.9238801284853537
vn 0.34746016133757274 -0.1603650350704738 0.9238801284853537
vn 0.34746016133757274 -0.1603650350704738 0.9238801284853537
vn 0.3474600562285346 -0.16036619011397357 0.9238799675249986
vn 0.3474600562285346 -0.16036619011397357 0.9238799675249986
vn 0.3474600562285346 -0.16036619011397357 0.9238799675249986
vn 0.36215224208808017 -0.12366173938359311 -0.9238796067471133
vn 0.36215224208808017 -0.12366173938359311 -0.9238796067471133
vn 0.36215224208808017 -0.12366173938359311 -0.9238796067471133
vn 0.36215331408970486 -0.1236603979779563 -0.9238793660785898
vn 0.36215331408970486 -0.1236603979779563 -0.9238793660785898
vn 0.36215331408970486 -0.1236603979779563 -0.9238793660785898
vn 0.8743145454221207 -0.2985423203311984 -0.38268336602807096
vn 0.8743145454221207 -0.2985423203311984 -0.38268336602807096
vn 0.8743145454221207 -0.2985423203311984 -0.38268336602807096
vn 0.8743132586124505 -0.29854462347327804 -0.38268450923662584
vn 0.8743132586124505 -0.29854462347327804 -0.38268450923662584
vn 0.8743132586124505 -0.29854462347327804 -0.38268450923662584
vn 0.9463503204243466 -0.3231424933875711 0
vn 0.9463503204243466 -0.3231424933875711 0
vn 0.9463503204243466 -0.3231424933875711 0
vn 0.9463503204243466 -0.3231424933875711 0
vn 0.9463503204243466 -0.3231424933875711 0
vn 0.9463503204243466 -0.3231424933875711 0
vn 0.874313821009433 -0.298544790797204 0.38268309379921484
vn 0.874313821009433 -0.298544790797204 0.38268309379921484
vn 0.874313821009433 -0.298544790797204 0.38268309379921484
vn 0.8743142271312203 -0.2985421942013345 0.38268419162200745
vn 0.8743142271312203 -0.2985421942013345 0.38268419162200745
vn 0.8743142271312203 -0.2985421942013345 0.38268419162200745
vn 0.3621520146377561 -0.12365996989064808 0.9238799327512524
vn 0.3621520146377561 -0.12365996989064808 0.9238799327512524
vn 0.3621520146377561 -0.12365996989064808 0.9238799327512524
vn 0.3621520950128335 -0.12366168789072685 0.9238796712915768
vn 0.3621520950128335 -0.12366168789072685 0.9238796712915768
vn 0.3621520950128335 -0.12366168789072685 0.9238796712915768
vn 0.3727372023389771 -0.08668307291042979 -0.923879333497247
vn 0.3727372023389771 -0.08668307291042979 -0.923879333497247
vn 0.3727372023389771 -0.08668307291042979 -0.923879333497247
vn 0.3727365163568331 -0.08668413076992325 -0.9238795110006689
vn 0.3727365163568331 -0.08668413076992325 -0.9238795110006689
vn 0.3727365163568331 -0.08668413076992325 -0.9238795110006689
vn 0.8998650168021168 -0.2092738714014284 -0.3826844630820339
vn 0.8998650168021168 -0.2092738714014284 -0.3826844630820339
vn 0.8998650168021168 -0.2092738714014284 -0.3826844630820339
vn 0.8998672497891617 -0.20926866241715358 -0.38268206083774775
vn 0.8998672497891617 -0.20926866241715358 -0.38268206083774775
vn 0.8998672497891617 -0.20926866241715358 -0.38268206083774775
vn 0.9740086960198776 -0.22651061802409544 0
vn 0.9740086960198776 -0.22651061802409544 0
vn 0.9740086960198776 -0.22651061802409544 0
vn 0.9740086960198776 -0.22651061802409544 0
vn 0.9740086960198776 -0.22651061802409544 0
vn 0.9740086960198776 -0.22651061802409544 0
vn 0.8998664615117529 -0.2092684655818609 0.3826840220852326
vn 0.8998664615117529 -0.2092684655818609 0.3826840220852326
vn 0.8998664615117529 -0.2092684655818609 0.3826840220852326
vn 0.8998661641630207 -0.20927415798229618 0.38268160838395754
vn 0.8998661641630207 -0.20927415798229618 0.38268160838395754
vn 0.8998661641630207 -0.20927415798229618 0.38268160838395754
vn 0.37273607322283187 -0.08668402736897848 0.9238796994833894
vn 0.37273607322283187 -0.08668402736897848 0.9238796994833894
vn 0.37273607322283187 -0.08668402736897848 0.9238796994833894
vn 0.3727358983580482 -0.08668276913924305 0.9238798880858765
vn 0.3727358983580482 -0.08668276913924305 0.9238798880858765
vn 0.3727358983580482 -0.08668276913924305 0.9238798880858765
vn 0.3793264819098209 -0.05057686797993298 -0.9238795378983446
vn 0.3793264819098209 -0.05057686797993298 -0.9238795378983446
vn 0.3793264819098209 -0.05057686797993298 -0.9238795378983446
vn 0.37932572800337006 -0.05057832363704941 -0.923879767747286
vn 0.37932572800337006 -0.05057832363704941 -0.923879767747286
vn 0.37932572800337006 -0.05057832363704941 -0.923879767747286
vn 0.9157752008999429 -0.12210712862374488 -0.3826821534327583
vn 0.9157752008999429 -0.12210712862374488 -0.3826821534327583
vn 0.9157752008999429 -0.12210712862374488 -0.3826821534327583
vn 0.9157759138570706 -0.1221049601982541 -0.3826811391932322
vn 0.9157759138570706 -0.1221049601982541 -0.3826811391932322
vn 0.9157759138570706 -0.1221049601982541 -0.3826811391932322
vn 0.9912276882910044 -0.1321653130184749 0
vn 0.9912276882910044 -0.1321653130184749 0
vn 0.9912276882910044 -0.1321653130184749 0
vn 0.9912276882910044 -0.1321653130184749 0
vn 0.9912276882910044 -0.1321653130184749 0
vn 0.9912276882910044 -0.1321653130184749 0
vn 0.9157756593906706 -0.12210492825619591 0.38268175833599893
vn 0.9157756593906706 -0.12210492825619591 0.38268175833599893
vn 0.9157756593906706 -0.12210492825619591 0.38268175833599893
vn 0.9157757796226627 -0.12210720081964914 0.3826807454843975
vn 0.9157757796226627 -0.12210720081964914 0.3826807454843975
vn 0.9157757796226627 -0.12210720081964914 0.3826807454843975
vn 0.3793253855400443 -0.05057827698180171 0.9238799109096639
vn 0.3793253855400443 -0.05057827698180171 0.9238799109096639
vn 0.3793253855400443 -0.05057827698180171 0.9238799109096639
vn 0.37932500117764056 -0.05057666806544884 0.9238801568001016
vn 0.37932500117764056 -0.05057666806544884 0.9238801568001016
vn 0.37932500117764056 -0.05057666806544884 0.9238801568001016
vn 0.3823367923578556 -0.016269650183801686 -0.9238797950450064
vn 0.3823367923578556 -0.016269650183801686 -0.9238797950450064
vn 0.3823367923578556 -0.016269650183801686 -0.9238797950450064
vn 0.3823370933734246 -0.016268935055398174 -0.9238796830664286
vn 0.3823370933734246 -0.016268935055398174 -0.9238796830664286
vn 0.3823370933734246 -0.016268935055398174 -0.9238796830664286
vn 0.9230452452116663 -0.03927676122979567 -0.3826810830436128
vn 0.9230452452116663 -0.03927676122979567 -0.3826810830436128
vn 0.9230452452116663 -0.03927676122979567 -0.3826810830436128
vn 0.9230444541439703 -0.03928031819243152 -0.3826826260450836
vn 0.9230444541439703 -0.03928031819243152 -0.3826826260450836
vn 0.9230444541439703 -0.03928031819243152 -0.3826826260450836
vn 0.9990957565262986 -0.042516694264055965 0
vn 0.9990957565262986 -0.042516694264055965 0
vn 0.9990957565262986 -0.042516694264055965 0
vn 0.9990957565262986 -0.042516694264055965 0
vn 0.9990957565262986 -0.042516694264055965 0
vn 0.9990957565262986 -0.042516694264055965 0
vn 0.9230452098894931 -0.03928034718131775 0.3826808001786564
vn 0.9230452098894931 -0.03928034718131775 0.3826808001786564
vn 0.9230452098894931 -0.03928034718131775 0.3826808001786564
vn 0.9230447542349559 -0.03927674200168809 0.38268226927447613
vn 0.9230447542349559 -0.03927674200168809 0.38268226927447613
vn 0.9230447542349559 -0.03927674200168809 0.38268226927447613
vn 0.3823359837344979 -0.016268888193410415 0.9238801431022987
vn 0.3823359837344979 -0.016268888193410415 0.9238801431022987
vn 0.3823359837344979 -0.016268888193410415 0.9238801431022987
vn 0.38233622482129487 -0.0162696259144175 0.9238800303405228
vn 0.38233622482129487 -0.0162696259144175 0.9238800303405228
vn 0.38233622482129487 -0.0162696259144175 0.9238800303405228
vn 0.3826830685865544 0 -0.9238796831932059
vn 0.3826830685865544 0 -0.9238796831932059
vn 0.3826830685865544 0 -0.9238796831932059
vn 0.3826830685865544 0 -0.9238796831932059
vn 0.3826830685865544 0 -0.9238796831932059
vn 0.3826830685865544 0 -0.9238796831932059
vn 0.9238798779669956 0 -0.3826825983601677
vn 0.9238798779669956 0 -0.3826825983601677
vn 0.9238798779669956 0 -0.3826825983601677
vn 0.9238798779669956 0 -0.3826825983601677
vn 0.9238798779669956 0 -0.3826825983601677
vn 0.9238798779669956 0 -0.3826825983601677
vn 1 0 0
vn 1 0 0
vn 1 0 0
vn 1 0 0
vn 1 0 0
vn 1 0 0
vn 0.9238800305938178 0 0.3826822298852745
vn 0.9238800305938178 0 0.3826822298852745
vn 0.9238800305938178 0 0.3826822298852745
vn 0.9238800305938178 0 0.3826822298852745
vn 0.9238800305938178 0 0.3826822298852745
vn 0.9238800305938178 0 0.3826822298852745
vn 0.3826822298852745 0 0.9238800305938178
vn 0.3826822298852745 0 0.9238800305938178
vn 0.3826822298852745 0 0.9238800305938178
vn 0.3826822044473736 0 0.9238800411305023
vn 0.3826822044473736 0 0.9238800411305023
vn 0.3826822044473736 0 0.9238800411305023
vn 0.38257780570405214 0.008975432230745999 -0.9238796805855966
vn 0.38257780570405214 0.008975432230745999 -0.9238796805855966
vn 0.38257780570405214 0.008975432230745999 -0.9238796805855966
vn 0.38257771038141736 0.008974830457589657 -0.923879725904606
vn 0.38257771038141736 0.008974830457589657 -0.923879725904606
vn 0.38257771038141736 0.008974830457589657 -0.923879725904606
vn 0.9236257713576802 0.021667191855559303 -0.38268259338650995
vn 0.9236257713576802 0.021667191855559303 -0.38268259338650995
vn 0.9236257713576802 0.021667191855559303 -0.38268259338650995
vn 0.9236262310896738 0.021675089069613858 -0.3826810365786481
vn 0.9236262310896738 0.021675089069613858 -0.3826810365786481
vn 0.9236262310896738 0.021675089069613858 -0.3826810365786481
vn 0.9997247546666543 0.02346092297199209 0
vn 0.9997247546666543 0.02346092297199209 0
vn 0.9997247546666543 0.02346092297199209 0
vn 0.9997247546666543 0.02346092297199209 0
vn 0.9997247546666543 0.02346092297199209 0
vn 0.9997247546666543 0.02346092297199209 0
vn 0.923625750404533 0.021675079666086002 0.38268219727488273
vn 0.923625750404533 0.021675079666086002 0.38268219727488273
vn 0.923625750404533 0.021675079666086002 0.38268219727488273
vn 0.9236265993800835 0.02166720846822916 0.38268059396156645
vn 0.9236265993800835 0.02166720846822916 0.38268059396156645
vn 0.9236265993800835 0.02166720846822916 0.38268059396156645
vn 0.3825769436598079 0.00897481202206435 0.9238800435820057
vn 0.3825769436598079 0.00897481202206435 0.9238800435820057
vn 0.3825769436598079 0.00897481202206435 0.9238800435820057
vn 0.3825768442183075 0.008975409695744896 0.9238800789543815
vn 0.3825768442183075 0.008975409695744896 0.9238800789543815
vn 0.3825768442183075 0.008975409695744896 0.9238800789543815
vn 0.3816044605498172 0.028710054059711797 -0.9238797370244524
vn 0.3816044605498172 0.028710054059711797 -0.9238797370244524
vn 0.3816044605498172 0.028710054059711797 -0.9238797370244524
vn 0.381604529509304 0.0287103267097211 -0.9238797000682523
vn 0.381604529509304 0.0287103267097211 -0.9238797000682523
vn 0.381604529509304 0.0287103267097211 -0.9238797000682523
vn 0.9212768554806419 0.0693130111675172 -0.3826808879975484
vn 0.9212768554806419 0.0693130111675172 -0.3826808879975484
vn 0.9212768554806419 0.0693130111675172 -0.3826808879975484
vn 0.9212767398365296 0.06930269238171284 -0.38268303524564723
vn 0.9212767398365296 0.06930269238171284 -0.38268303524564723
vn 0.9212767398365296 0.06930269238171284 -0.38268303524564723
vn 0.9971825798581295 0.07501268177771835 0
vn 0.9971825798581295 0.07501268177771835 0
vn 0.9971825798581295 0.07501268177771835 0
vn 0.9971825798581295 0.07501268177771835 0
vn 0.9971825798581295 0.07501268177771835 0
vn 0.9971825798581295 0.07501268177771835 0
vn 0.9212777198803277 0.0693027688711531 0.38268066201324596
vn 0.9212777198803277 0.0693027688711531 0.38268066201324596
vn 0.9212777198803277 0.0693027688711531 0.38268066201324596
vn 0.9212760801496449 0.06931295152746535 0.3826827653483448
vn 0.9212760801496449 0.06931295152746535 0.3826827653483448
vn 0.9212760801496449 0.06931295152746535 0.3826827653483448
vn 0.38160359380977554 0.028710258764641537 0.9238800886658025
vn 0.38160359380977554 0.028710258764641537 0.9238800886658025
vn 0.38160359380977554 0.028710258764641537 0.9238800886658025
vn 0.3816036940885335 0.028709996949619277 0.9238800553822656
vn 0.3816036940885335 0.028709996949619277 0.9238800553822656
vn 0.3816036940885335 0.028709996949619277 0.9238800553822656
vn 0.3792588226452299 0.05107863025321878 -0.9238797102313746
vn 0.3792588226452299 0.05107863025321878 -0.9238797102313746
vn 0.3792588226452299 0.05107863025321878 -0.9238797102313746
vn 0.3792588491997517 0.05107965427065794 -0.9238796427150401
vn 0.3792588491997517 0.05107965427065794 -0.9238796427150401
vn 0.3792588491997517 0.05107965427065794 -0.9238796427150401
vn 0.915612631866899 0.12331730044777056 -0.3826830957542346
vn 0.915612631866899 0.12331730044777056 -0.3826830957542346
vn 0.915612631866899 0.12331730044777056 -0.3826830957542346
vn 0.9156126382495002 0.12331715229578538 -0.3826831282241847
vn 0.9156126382495002 0.12331715229578538 -0.3826831282241847
vn 0.9156126382495002 0.12331715229578538 -0.3826831282241847
vn 0.991051842712851 0.13347750767624636 0
vn 0.991051842712851 0.13347750767624636 0
vn 0.991051842712851 0.13347750767624636 0
vn 0.991051842712851 0.13347750767624636 0
vn 0.991051842712851 0.13347750767624636 0
vn 0.991051842712851 0.13347750767624636 0
vn 0.915612789940622 0.12331717099455448 0.3826827592602655
vn 0.915612789940622 0.12331717099455448 0.3826827592602655
vn 0.915612789940622 0.12331717099455448 0.3826827592602655
vn 0.9156127643215626 0.12331731713285621 0.38268277346463
vn 0.9156127643215626 0.12331731713285621 0.38268277346463
vn 0.9156127643215626 0.12331731713285621 0.38268277346463
vn 0.3792578635154485 0.05107952358816304 0.9238800545696958
vn 0.3792578635154485 0.05107952358816304 0.9238800545696958
vn 0.3792578635154485 0.05107952358816304 0.9238800545696958
vn 0.37925820956800066 0.05107854227783401 0.9238799667673534
vn 0.37925820956800066 0.05107854227783401 0.9238799667673534
vn 0.37925820956800066 0.05107854227783401 0.9238799667673534
vn 0.37498724455584415 0.07636103778055807 -0.9238796232894694
vn 0.37498724455584415 0.07636103778055807 -0.9238796232894694
vn 0.37498724455584415 0.07636103778055807 -0.9238796232894694
vn 0.3749872473293016 0.07636094148778638 -0.9238796301226107
vn 0.3749872473293016 0.07636094148778638 -0.9238796301226107
vn 0.3749872473293016 0.07636094148778638 -0.9238796301226107
vn 0.9052999866794174 0.18435176228257993 -0.38268310893159835
vn 0.9052999866794174 0.18435176228257993 -0.38268310893159835
vn 0.9052999866794174 0.18435176228257993 -0.38268310893159835
vn 0.9052991643953625 0.1843589349849225 -0.3826815987688504
vn 0.9052991643953625 0.1843589349849225 -0.3826815987688504
vn 0.9052991643953625 0.1843589349849225 -0.3826815987688504
vn 0.9798879458752308 0.19954852424515931 0
vn 0.9798879458752308 0.19954852424515931 0
vn 0.9798879458752308 0.19954852424515931 0
vn 0.9798879458752308 0.19954852424515931 0
vn 0.9798879458752308 0.19954852424515931 0
vn 0.9798879458752308 0.19954852424515931 0
vn 0.9052987191011646 0.18435886690265804 0.3826826849860842
vn 0.9052987191011646 0.18435886690265804 0.3826826849860842
vn 0.9052987191011646 0.18435886690265804 0.3826826849860842
vn 0.9053007834848451 0.18435190362533813 0.38268115586142964
vn 0.9053007834848451 0.18435190362533813 0.38268115586142964
vn 0.9053007834848451 0.18435190362533813 0.38268115586142964
vn 0.37498641121195886 0.07636076978796148 0.9238799836795717
vn 0.37498641121195886 0.07636076978796148 0.9238799836795717
vn 0.37498641121195886 0.07636076978796148 0.9238799836795717
vn 0.3749863828268389 0.0763608669341035 0.9238799871712319
vn 0.3749863828268389 0.0763608669341035 0.9238799871712319
vn 0.3749863828268389 0.0763608669341035 0.9238799871712319
vn 0.36806866612316774 0.10474681133582642 -0.9238796255645477
vn 0.36806866612316774 0.10474681133582642 -0.9238796255645477
vn 0.36806866612316774 0.10474681133582642 -0.9238796255645477
vn 0.36806833723166005 0.10474956774728905 -0.9238794440749708
vn 0.36806833723166005 0.10474956774728905 -0.9238794440749708
vn 0.36806833723166005 0.10474956774728905 -0.9238794440749708
vn 0.8885958768446461 0.25288790400844147 -0.3826814284243641
vn 0.8885958768446461 0.25288790400844147 -0.3826814284243641
vn 0.8885958768446461 0.25288790400844147 -0.3826814284243641
vn 0.8885974301578691 0.2528799180084162 -0.3826830989015425
vn 0.8885974301578691 0.2528799180084162 -0.3826830989015425
vn 0.8885974301578691 0.2528799180084162 -0.3826830989015425
vn 0.9618107857294129 0.273715203184934 0
vn 0.9618107857294129 0.273715203184934 0
vn 0.9618107857294129 0.273715203184934 0
vn 0.9618107857294129 0.273715203184934 0
vn 0.9618107857294129 0.273715203184934 0
vn 0.9618107857294129 0.273715203184934 0
vn 0.88859820503507 0.2528801266294593 0.382681161757827
vn 0.88859820503507 0.2528801266294593 0.382681161757827
vn 0.88859820503507 0.2528801266294593 0.382681161757827
vn 0.8885952883436404 0.2528877571442074 0.38268289198768063
vn 0.8885952883436404 0.2528877571442074 0.38268289198768063
vn 0.8885952883436404 0.2528877571442074 0.38268289198768063
vn 0.3680671831789811 0.10474923481560676 0.9238799415899422
vn 0.3680671831789811 0.10474923481560676 0.9238799415899422
vn 0.3680671831789811 0.10474923481560676 0.9238799415899422
vn 0.36806837138422316 0.10474672286351573 0.9238797530176314
vn 0.36806837138422316 0.10474672286351573 0.9238797530176314
vn 0.36806837138422316 0.10474672286351573 0.9238797530176314
vn 0.35761322645135163 0.13623360936712628 -0.9238794206745053
vn 0.35761322645135163 0.13623360936712628 -0.9238794206745053
vn 0.35761322645135163 0.13623360936712628 -0.9238794206745053
vn 0.3576128539964622 0.13623553732183016 -0.923879280548675
vn 0.3576128539964622 0.13623553732183016 -0.923879280548675
vn 0.3576128539964622 0.13623553732183016 -0.923879280548675
vn 0.8633525456599812 0.3289012047265719 -0.3826831318883017
vn 0.8633525456599812 0.3289012047265719 -0.3826831318883017
vn 0.8633525456599812 0.3289012047265719 -0.3826831318883017
vn 0.8633554605355432 0.32889092073402826 -0.382685394315204
vn 0.8633554605355432 0.32889092073402826 -0.382685394315204
vn 0.8633554605355432 0.32889092073402826 -0.382685394315204
vn 0.9344900378912849 0.35598928225712734 0
vn 0.9344900378912849 0.35598928225712734 0
vn 0.9344900378912849 0.35598928225712734 0
vn 0.9344900378912849 0.35598928225712734 0
vn 0.9344900378912849 0.35598928225712734 0
vn 0.9344900378912849 0.35598928225712734 0
vn 0.8633564092187251 0.3288912764605494 0.38268294831243743
vn 0.8633564092187251 0.3288912764605494 0.38268294831243743
vn 0.8633564092187251 0.3288912764605494 0.38268294831243743
vn 0.8633517437388115 0.32890089639432 0.38268520605605616
vn 0.8633517437388115 0.32890089639432 0.38268520605605616
vn 0.8633517437388115 0.32890089639432 0.38268520605605616
vn 0.3576118063700566 0.13623513325897654 0.9238797456436927
vn 0.3576118063700566 0.13623513325897654 0.9238797456436927
vn 0.3576118063700566 0.13623513325897654 0.9238797456436927
vn 0.3576127854935684 0.13623344776942073 0.9238796151882492
vn 0.3576127854935684 0.13623344776942073 0.9238796151882492
vn 0.3576127854935684 0.13623344776942073 0.9238796151882492
vn 0.3426103216539215 0.17048550757283856 -0.9238792449253465
vn 0.3426103216539215 0.17048550757283856 -0.9238792449253465
vn 0.3426103216539215 0.17048550757283856 -0.9238792449253465
vn 0.3426121796176642 0.1704796863041907 -0.9238796301116602
vn 0.3426121796176642 0.1704796863041907 -0.9238796301116602
vn 0.3426121796176642 0.1704796863041907 -0.9238796301116602
vn 0.8271386367240199 0.41157420195154903 -0.3826857090698258
vn 0.8271386367240199 0.41157420195154903 -0.3826857090698258
vn 0.8271386367240199 0.41157420195154903 -0.3826857090698258
vn 0.8271319085088437 0.41159146103344313 -0.3826816890457049
vn 0.8271319085088437 0.41159146103344313 -0.3826816890457049
vn 0.8271319085088437 0.41159146103344313 -0.3826816890457049
vn 0.8952804186397244 0.4455030549842277 0
vn 0.8952804186397244 0.4455030549842277 0
vn 0.8952804186397244 0.4455030549842277 0
vn 0.8952804186397244 0.4455030549842277 0
vn 0.8952804186397244 0.4455030549842277 0
vn 0.8952804186397244 0.4455030549842277 0
vn 0.8271306791218526 0.41159084628668874 0.3826850074257291
vn 0.8271306791218526 0.41159084628668874 0.3826850074257291
vn 0.8271306791218526 0.41159084628668874 0.3826850074257291
vn 0.8271403890660597 0.4115750482628216 0.38268101131765536
vn 0.8271403890660597 0.4115750482628216 0.38268101131765536
vn 0.8271403890660597 0.4115750482628216 0.38268101131765536
vn 0.3426120353231593 0.17047958434323723 0.9238797024363502
vn 0.3426120353231593 0.17047958434323723 0.9238797024363502
vn 0.3426120353231593 0.17047958434323723 0.9238797024363502
vn 0.3426084797600589 0.1704846015130727 0.9238800951657256
vn 0.3426084797600589 0.1704846015130727 0.9238800951657256
vn 0.3426084797600589 0.1704846015130727 0.9238800951657256
vn 0.32207244198938595 0.20667749363738844 -0.9238797301244144
vn 0.32207244198938595 0.20667749363738844 -0.9238797301244144
vn 0.32207244198938595 0.20667749363738844 -0.9238797301244144
vn 0.3220703671800676 0.20668217988764095 -0.9238794050639885
vn 0.3220703671800676 0.20668217988764095 -0.9238794050639885
vn 0.3220703671800676 0.20668217988764095 -0.9238794050639885
vn 0.7775466391929742 0.4989749160990541 -0.38268166533510944
vn 0.7775466391929742 0.4989749160990541 -0.38268166533510944
vn 0.7775466391929742 0.4989749160990541 -0.38268166533510944
vn 0.7775564281645765 0.4989563879164478 -0.38268593386394156
vn 0.7775564281645765 0.4989563879164478 -0.38268593386394156
vn 0.7775564281645765 0.4989563879164478 -0.38268593386394156
vn 0.84162198245815 0.5400670686527861 0
vn 0.84162198245815 0.5400670686527861 0
vn 0.84162198245815 0.5400670686527861 0
vn 0.84162198245815 0.5400670686527861 0
vn 0.84162198245815 0.5400670686527861 0
vn 0.84162198245815 0.5400670686527861 0
vn 0.7775578977480654 0.4989573284150167 0.3826817216311206
vn 0.7775578977480654 0.4989573284150167 0.3826817216311206
vn 0.7775578977480654 0.4989573284150167 0.3826817216311206
vn 0.7775451757824982 0.49897400936487046 0.3826858210016548
vn 0.7775451757824982 0.49897400936487046 0.3826858210016548
vn 0.7775451757824982 0.49897400936487046 0.3826858210016548
vn 0.32206919769232 0.2066814302109393 0.9238799804648794
vn 0.32206919769232 0.2066814302109393 0.9238799804648794
vn 0.32206919769232 0.2066814302109393 0.9238799804648794
vn 0.3220725091793417 0.20667755810961247 0.9238796922785836
vn 0.3220725091793417 0.20667755810961247 0.9238796922785836
vn 0.3220725091793417 0.20667755810961247 0.9238796922785836
vn 0.3059441509251607 0.22988069523272964 -0.9238793441104739
vn 0.3059441509251607 0.22988069523272964 -0.9238793441104739
vn 0.3059441509251607 0.22988069523272964 -0.9238793441104739
vn 0.30594510215905174 0.22987897976547267 -0.9238794559502193
vn 0.30594510215905174 0.22987897976547267 -0.9238794559502193
vn 0.30594510215905174 0.22987897976547267 -0.9238794559502193
vn 0.7386156285877675 0.5549759838738819 -0.3826860469485576
vn 0.7386156285877675 0.5549759838738819 -0.3826860469485576
vn 0.7386156285877675 0.5549759838738819 -0.3826860469485576
vn 0.7386077071161161 0.5549881476892198 -0.382683695645846
vn 0.7386077071161161 0.5549881476892198 -0.382683695645846
vn 0.7386077071161161 0.5549881476892198 -0.382683695645846
vn 0.7994633172343587 0.6007149110823164 0
vn 0.7994633172343587 0.6007149110823164 0
vn 0.7994633172343587 0.6007149110823164 0
vn 0.7994633172343587 0.6007149110823164 0
vn 0.7994633172343587 0.6007149110823164 0
vn 0.7994633172343587 0.6007149110823164 0
vn 0.73860710942994 0.5549876696199734 0.3826855425402687
vn 0.73860710942994 0.5549876696199734 0.3826855425402687
vn 0.73860710942994 0.5549876696199734 0.3826855425402687
vn 0.7386165251175291 0.5549767009780647 0.38268327660718354
vn 0.7386165251175291 0.5549767009780647 0.38268327660718354
vn 0.7386165251175291 0.5549767009780647 0.38268327660718354
vn 0.3059446129648714 0.22987858305054598 0.9238797166582066
vn 0.3059446129648714 0.22987858305054598 0.9238797166582066
vn 0.3059446129648714 0.22987858305054598 0.9238797166582066
vn 0.3059432550175547 0.22987999349716373 0.923879815397548
vn 0.3059432550175547 0.22987999349716373 0.923879815397548
vn 0.3059432550175547 0.22987999349716373 0.923879815397548
vn 0.29943648736522754 0.23829502468794767 -0.9238794679195681
vn 0.29943648736522754 0.23829502468794767 -0.9238794679195681
vn 0.29943648736522754 0.23829502468794767 -0.9238794679195681
vn 0.2994378735673327 0.23829276306780944 -0.9238796019736463
vn 0.2994378735673327 0.23829276306780944 -0.9238796019736463
vn 0.2994378735673327 0.23829276306780944 -0.9238796019736463
vn 0.7229072048653501 0.5752898012295465 -0.3826837045851778
vn 0.7229072048653501 0.5752898012295465 -0.3826837045851778
vn 0.7229072048653501 0.5752898012295465 -0.3826837045851778
vn 0.7229032971961473 0.5752953775122839 -0.38268270344495237
vn 0.7229032971961473 0.5752953775122839 -0.38268270344495237
vn 0.7229032971961473 0.5752953775122839 -0.38268270344495237
vn 0.782464628997984 0.622695033196064 0
vn 0.782464628997984 0.622695033196064 0
vn 0.782464628997984 0.622695033196064 0
vn 0.782464628997984 0.622695033196064 0
vn 0.782464628997984 0.622695033196064 0
vn 0.782464628997984 0.622695033196064 0
vn 0.722903092846202 0.5752952258105897 0.38268331752630386
vn 0.722903092846202 0.5752952258105897 0.38268331752630386
vn 0.722903092846202 0.5752952258105897 0.38268331752630386
vn 0.7229076097886306 0.575290208666369 0.38268232716222256
vn 0.7229076097886306 0.575290208666369 0.38268232716222256
vn 0.7229076097886306 0.575290208666369 0.38268232716222256
vn 0.2994374416019162 0.23829243233335143 0.9238798272825066
vn 0.2994374416019162 0.23829243233335143 0.9238798272825066
vn 0.2994374416019162 0.23829243233335143 0.9238798272825066
vn 0.29943552502250814 0.23829425783031133 0.9238799776159218
vn 0.29943552502250814 0.23829425783031133 0.9238799776159218
vn 0.29943552502250814 0.23829425783031133 0.9238799776159218
vn 0.2936258595098194 0.2454186364058114 -0.9238796174458185
vn 0.2936258595098194 0.2454186364058114 -0.9238796174458185
vn 0.2936258595098194 0.2454186364058114 -0.9238796174458185
vn 0.29362666882694183 0.24541738859851295 -0.9238796916953417
vn 0.29362666882694183 0.24541738859851295 -0.9238796916953417
vn 0.29362666882694183 0.24541738859851295 -0.9238796916953417
vn 0.7088783972259779 0.5924907916763567 -0.3826827403020064
vn 0.7088783972259779 0.5924907916763567 -0.3826827403020064
vn 0.7088783972259779 0.5924907916763567 -0.3826827403020064
vn 0.7088752252721428 0.5924950724222371 -0.3826819882758227
vn 0.7088752252721428 0.5924950724222371 -0.3826819882758227
vn 0.7088752252721428 0.5924950724222371 -0.3826819882758227
vn 0.7672805107549614 0.6413116386091909 0
vn 0.7672805107549614 0.6413116386091909 0
vn 0.7672805107549614 0.6413116386091909 0
vn 0.7672805107549614 0.6413116386091909 0
vn 0.7672805107549614 0.6413116386091909 0
vn 0.7672805107549614 0.6413116386091909 0
vn 0.7088751109348005 0.5924949572850393 0.3826823783360994
vn 0.7088751109348005 0.5924949572850393 0.3826823783360994
vn 0.7088751109348005 0.5924949572850393 0.3826823783360994
vn 0.7088787571876674 0.5924910916502217 0.3826816090736485
vn 0.7088787571876674 0.5924910916502217 0.3826816090736485
vn 0.7088787571876674 0.5924910916502217 0.3826816090736485
vn 0.293626156161693 0.24541695142841477 0.923879970758806
vn 0.293626156161693 0.24541695142841477 0.923879970758806
vn 0.293626156161693 0.24541695142841477 0.923879970758806
vn 0.29362506043173964 0.24541795562014249 0.9238800522501214
vn 0.29362506043173964 0.24541795562014249 0.9238800522501214
vn 0.29362506043173964 0.24541795562014249 0.9238800522501214
vn 0.2884213076931296 0.25151431966825066 -0.9238796979425418
vn 0.2884213076931296 0.25151431966825066 -0.9238796979425418
vn 0.2884213076931296 0.25151431966825066 -0.9238796979425418
vn 0.28842034329999056 0.2515157706347796 -0.923879604002983
vn 0.28842034329999056 0.2515157706347796 -0.923879604002983
vn 0.28842034329999056 0.2515157706347796 -0.923879604002983
vn 0.6963090917272794 0.6072134393594208 -0.38268196696373624
vn 0.6963090917272794 0.6072134393594208 -0.38268196696373624
vn 0.6963090917272794 0.6072134393594208 -0.38268196696373624
vn 0.6963126535725859 0.6072087776106974 -0.38268288290336017
vn 0.6963126535725859 0.6072087776106974 -0.38268288290336017
vn 0.6963126535725859 0.6072087776106974 -0.38268288290336017
vn 0.7536832015916765 0.6572378805565914 0
vn 0.7536832015916765 0.6572378805565914 0
vn 0.7536832015916765 0.6572378805565914 0
vn 0.7536832015916765 0.6572378805565914 0
vn 0.7536832015916765 0.6572378805565914 0
vn 0.7536832015916765 0.6572378805565914 0
vn 0.6963130453331593 0.6072091053988229 0.3826816499645919
vn 0.6963130453331593 0.6072091053988229 0.3826816499645919
vn 0.6963130453331593 0.6072091053988229 0.3826816499645919
vn 0.6963088991289714 0.607213308129525 0.38268252563214683
vn 0.6963088991289714 0.607213308129525 0.38268252563214683
vn 0.6963088991289714 0.607213308129525 0.38268252563214683
vn 0.28841951895893525 0.2515150642076101 0.9238800536650513
vn 0.28841951895893525 0.2515150642076101 0.9238800536650513
vn 0.28841951895893525 0.2515150642076101 0.9238800536650513
vn 0.2884208624200548 0.25151393377438214 0.9238799420044833
vn 0.2884208624200548 0.25151393377438214 0.9238799420044833
vn 0.2884208624200548 0.25151393377438214 0.9238799420044833
vn 0.28374289946778813 0.25678091771124506 -0.9238796064969632
vn 0.28374289946778813 0.25678091771124506 -0.9238796064969632
vn 0.28374289946778813 0.25678091771124506 -0.9238796064969632
vn 0.2837419452539228 0.25678240733903734 -0.9238794855308179
vn 0.2837419452539228 0.25678240733903734 -0.9238794855308179
vn 0.2837419452539228 0.25678240733903734 -0.9238794855308179
vn 0.6850135910046152 0.6199275840040727 -0.3826828592056811
vn 0.6850135910046152 0.6199275840040727 -0.3826828592056811
vn 0.6850135910046152 0.6199275840040727 -0.3826828592056811
vn 0.6850200203028158 0.619919470529576 -0.3826844938623197
vn 0.6850200203028158 0.619919470529576 -0.3826844938623197
vn 0.6850200203028158 0.619919470529576 -0.3826844938623197
vn 0.7414606560525583 0.6709963453895335 0
vn 0.7414606560525583 0.6709963453895335 0
vn 0.7414606560525583 0.6709963453895335 0
vn 0.7414606560525583 0.6709963453895335 0
vn 0.7414606560525583 0.6709963453895335 0
vn 0.7414606560525583 0.6709963453895335 0
vn 0.685020585030054 0.6199200325687227 0.3826825725128805
vn 0.685020585030054 0.6199200325687227 0.3826825725128805
vn 0.685020585030054 0.6199200325687227 0.3826825725128805
vn 0.6850131776762959 0.6199272299094444 0.38268417268895033
vn 0.6850131776762959 0.6199272299094444 0.38268417268895033
vn 0.6850131776762959 0.6199272299094444 0.38268417268895033
vn 0.2837411207097988 0.25678170106157594 0.9238799350663865
vn 0.2837411207097988 0.25678170106157594 0.9238799350663865
vn 0.2837411207097988 0.25678170106157594 0.9238799350663865
vn 0.2837425224111955 0.25678056947124867 0.9238798190878256
vn 0.2837425224111955 0.25678056947124867 0.9238798190878256
vn 0.2837425224111955 0.25678056947124867 0.9238798190878256
vn 0.27952125246006304 0.2613705357143913 -0.9238794902385971
vn 0.27952125246006304 0.2613705357143913 -0.9238794902385971
vn 0.27952125246006304 0.2613705357143913 -0.9238794902385971
vn 0.27952193863893027 0.2613695827184399 -0.9238795522410497
vn 0.27952193863893027 0.2613695827184399 -0.9238795522410497
vn 0.27952193863893027 0.2613695827184399 -0.9238795522410497
vn 0.6748254151257492 0.6310017566662504 -0.38268452044009615
vn 0.6748254151257492 0.6310017566662504 -0.38268452044009615
vn 0.6748254151257492 0.6310017566662504 -0.38268452044009615
vn 0.6748241257386174 0.6310033268789174 -0.38268420504228956
vn 0.6748241257386174 0.6310033268789174 -0.38268420504228956
vn 0.6748241257386174 0.6310033268789174 -0.38268420504228956
vn 0.7304246438467581 0.682993294009053 0
vn 0.7304246438467581 0.682993294009053 0
vn 0.7304246438467581 0.682993294009053 0
vn 0.7304246438467581 0.682993294009053 0
vn 0.7304246438467581 0.682993294009053 0
vn 0.7304246438467581 0.682993294009053 0
vn 0.6748241735926169 0.6310033158913197 0.38268413877400353
vn 0.6748241735926169 0.6310033158913197 0.38268413877400353
vn 0.6748241735926169 0.6310033158913197 0.38268413877400353
vn 0.6748256210790856 0.6310019608571342 0.382683820574738
vn 0.6748256210790856 0.6310019608571342 0.382683820574738
vn 0.6748256210790856 0.6310019608571342 0.382683820574738
vn 0.2795214294585308 0.26136910350537196 0.9238798418659526
vn 0.2795214294585308 0.26136910350537196 0.9238798418659526
vn 0.2795214294585308 0.26136910350537196 0.9238798418659526
vn 0.279520510122631 0.26136982300261774 0.9238799164633704
vn 0.279520510122631 0.26136982300261774 0.9238799164633704
vn 0.279520510122631 0.26136982300261774 0.9238799164633704
vn 0.2756969007419811 0.2654011819354419 -0.923879554676115
vn 0.2756969007419811 0.2654011819354419 -0.923879554676115
vn 0.2756969007419811 0.2654011819354419 -0.923879554676115
vn 0.2756975314386148 0.2654002627302594 -0.9238796305262732
vn 0.2756975314386148 0.2654002627302594 -0.9238796305262732
vn 0.2756975314386148 0.2654002627302594 -0.9238796305262732
vn 0.6655929167382454 0.6407330708056905 -0.38268420553216614
vn 0.6655929167382454 0.6407330708056905 -0.38268420553216614
vn 0.6655929167382454 0.6407330708056905 -0.38268420553216614
vn 0.6655878844083936 0.6407391258933832 -0.38268281994119135
vn 0.6655878844083936 0.6407391258933832 -0.38268281994119135
vn 0.6655878844083936 0.6407391258933832 -0.38268281994119135
vn 0.720426919511195 0.6935308599071928 0
vn 0.720426919511195 0.6935308599071928 0
vn 0.720426919511195 0.6935308599071928 0
vn 0.720426919511195 0.6935308599071928 0
vn 0.720426919511195 0.6935308599071928 0
vn 0.720426919511195 0.6935308599071928 0
vn 0.6655875950082647 0.6407388361713238 0.3826838083757027
vn 0.6655875950082647 0.6407388361713238 0.3826838083757027
vn 0.6655875950082647 0.6407388361713238 0.3826838083757027
vn 0.6655933938321537 0.6407336074946549 0.38268247714506226
vn 0.6655933938321537 0.6407336074946549 0.38268247714506226
vn 0.6655933938321537 0.6407336074946549 0.38268247714506226
vn 0.2756970222886577 0.26539978347639065 0.9238799201367309
vn 0.2756970222886577 0.26539978347639065 0.9238799201367309
vn 0.2756970222886577 0.26539978347639065 0.9238799201367309
vn 0.27569616055720486 0.26540044156867587 0.9238799882393641
vn 0.27569616055720486 0.26540044156867587 0.9238799882393641
vn 0.27569616055720486 0.26540044156867587 0.9238799882393641
vn 0.2722198094345008 0.2689661706599678 -0.923879631982412
vn 0.2722198094345008 0.2689661706599678 -0.923879631982412
vn 0.2722198094345008 0.2689661706599678 -0.923879631982412
vn 0.2722181048074012 0.2689685788237623 -0.923879433162462
vn 0.2722181048074012 0.2689685788237623 -0.923879433162462
vn 0.2722181048074012 0.2689685788237623 -0.923879433162462
vn 0.6571924053407054 0.6493473612488 -0.38268282794204167
vn 0.6571924053407054 0.6493473612488 -0.38268282794204167
vn 0.6571924053407054 0.6493473612488 -0.38268282794204167
vn 0.6571992623773127 0.649339138280434 -0.38268500496875946
vn 0.6571992623773127 0.649339138280434 -0.38268500496875946
vn 0.6571992623773127 0.649339138280434 -0.38268500496875946
vn 0.7113478796392635 0.702840091438105 0
vn 0.7113478796392635 0.702840091438105 0
vn 0.7113478796392635 0.702840091438105 0
vn 0.7113478796392635 0.702840091438105 0
vn 0.7113478796392635 0.702840091438105 0
vn 0.7113478796392635 0.702840091438105 0
vn 0.657199993076609 0.649339868795025 0.38268251056635005
vn 0.657199993076609 0.649339868795025 0.38268251056635005
vn 0.657199993076609 0.649339868795025 0.38268251056635005
vn 0.6571918084646644 0.6493468239873064 0.38268476460990936
vn 0.6571918084646644 0.6493468239873064 0.38268476460990936
vn 0.6571918084646644 0.6493468239873064 0.38268476460990936
vn 0.272217154533464 0.26896765831155645 0.9238799811447924
vn 0.272217154533464 0.26896765831155645 0.9238799811447924
vn 0.272217154533464 0.26896765831155645 0.9238799811447924
vn 0.272219599388898 0.26896599043377145 0.9238797463406848
vn 0.272219599388898 0.26896599043377145 0.9238797463406848
vn 0.272219599388898 0.26896599043377145 0.9238797463406848
vn 0.25469261484334105 0.28561958756385175 -0.9238793877688346
vn 0.25469261484334105 0.28561958756385175 -0.9238793877688346
vn 0.25469261484334105 0.28561958756385175 -0.9238793877688346
vn 0.254692436921988 0.2856193501462386 -0.9238795102159044
vn 0.254692436921988 0.2856193501462386 -0.9238795102159044
vn 0.254692436921988 0.2856193501462386 -0.9238795102159044
vn 0.6148814090637927 0.6895455265202147 -0.3826850136126117
vn 0.6148814090637927 0.6895455265202147 -0.3826850136126117
vn 0.6148814090637927 0.6895455265202147 -0.3826850136126117
vn 0.6148821919836343 0.6895467276512286 -0.38268159136138713
vn 0.6148821919836343 0.6895467276512286 -0.38268159136138713
vn 0.6148821919836343 0.6895467276512286 -0.38268159136138713
vn 0.6655430939286354 0.7463594242212659 0
vn 0.6655430939286354 0.7463594242212659 0
vn 0.6655430939286354 0.7463594242212659 0
vn 0.6655430939286354 0.7463594242212659 0
vn 0.6655430939286354 0.7463594242212659 0
vn 0.6655430939286354 0.7463594242212659 0
vn 0.6148813297878155 0.689545802483442 0.38268464374185884
vn 0.6148813297878155 0.689545802483442 0.38268464374185884
vn 0.6148813297878155 0.689545802483442 0.38268464374185884
vn 0.6148824797406157 0.6895466565337149 0.3826812571464748
vn 0.6148824797406157 0.6895466565337149 0.3826812571464748
vn 0.6148824797406157 0.6895466565337149 0.3826812571464748
vn 0.25469207674326716 0.285618930053127 0.9238797393814352
vn 0.25469207674326716 0.285618930053127 0.9238797393814352
vn 0.25469207674326716 0.285618930053127 0.9238797393814352
vn 0.2546918687847687 0.28561872217449896 0.923879860976701
vn 0.2546918687847687 0.28561872217449896 0.923879860976701
vn 0.2546918687847687 0.28561872217449896 0.923879860976701
vn 0.348040782834075 0.1591043591442481 -0.9238795464699617
vn 0.348040782834075 0.1591043591442481 -0.9238795464699617
vn 0.348040782834075 0.1591043591442481 -0.9238795464699617
vn 0.3480405514671774 0.15910406434464977 -0.923879684398048
vn 0.3480405514671774 0.15910406434464977 -0.923879684398048
vn 0.3480405514671774 0.15910406434464977 -0.923879684398048
vn 0.8402457124950987 0.38411184632040857 -0.3826816328881368
vn 0.8402457124950987 0.38411184632040857 -0.3826816328881368
vn 0.8402457124950987 0.38411184632040857 -0.3826816328881368
vn 0.8402457218271915 0.38411205920275904 -0.382681398719768
vn 0.8402457218271915 0.38411205920275904 -0.382681398719768
vn 0.8402457218271915 0.38411205920275904 -0.382681398719768
vn 0.9094745847335014 0.4157595215071151 0
vn 0.9094745847335014 0.4157595215071151 0
vn 0.9094745847335014 0.4157595215071151 0
vn 0.9094745847335014 0.4157595215071151 0
vn 0.9094745847335014 0.4157595215071151 0
vn 0.9094745847335014 0.4157595215071151 0
vn 0.8402457505756787 0.38411207234491535 0.3826813224060051
vn 0.8402457505756787 0.38411207234491535 0.3826813224060051
vn 0.8402457505756787 0.38411207234491535 0.3826813224060051
vn 0.8402459278646975 0.384111952438516 0.38268105349058595
vn 0.8402459278646975 0.384111952438516 0.38268105349058595
vn 0.8402459278646975 0.384111952438516 0.38268105349058595
vn 0.3480401380046376 0.1591038723529687 0.9238798732194586
vn 0.3480401380046376 0.1591038723529687 0.9238798732194586
vn 0.3480401380046376 0.1591038723529687 0.9238798732194586
vn 0.3480397653746308 0.15910388039601234 0.9238800122098668
vn 0.3480397653746308 0.15910388039601234 0.9238800122098668
vn 0.3480397653746308 0.15910388039601234 0.9238800122098668
vn 0.3350691479253968 -0.18486572702359613 -0.9238794992208593
vn 0.3350691479253968 -0.18486572702359613 -0.9238794992208593
vn 0.3350691479253968 -0.18486572702359613 -0.9238794992208593
vn 0.33506980561731853 -0.18486569834724814 -0.9238792664294165
vn 0.33506980561731853 -0.18486569834724814 -0.9238792664294165
vn 0.33506980561731853 -0.18486569834724814 -0.9238792664294165
vn 0.8089288313822399 -0.4463045509183168 -0.38268315038444434
vn 0.8089288313822399 -0.4463045509183168 -0.38268315038444434
vn 0.8089288313822399 -0.4463045509183168 -0.38268315038444434
vn 0.8089261501215651 -0.4463063693831423 -0.3826866973093543
vn 0.8089261501215651 -0.4463063693831423 -0.3826866973093543
vn 0.8089261501215651 -0.4463063693831423 -0.3826866973093543
vn 0.8755766386342282 -0.4830792376805138 0
vn 0.8755766386342282 -0.4830792376805138 0
vn 0.8755766386342282 -0.4830792376805138 0
vn 0.8755766386342282 -0.4830792376805138 0
vn 0.8755766386342282 -0.4830792376805138 0
vn 0.8755766386342282 -0.4830792376805138 0
vn 0.8089277597447254 -0.44630723381476944 0.382682286706595
vn 0.8089277597447254 -0.44630723381476944 0.382682286706595
vn 0.8089277597447254 -0.44630723381476944 0.382682286706595
vn 0.808927723344484 -0.44630396836176695 0.3826861719859348
vn 0.808927723344484 -0.44630396836176695 0.3826861719859348
vn 0.808927723344484 -0.44630396836176695 0.3826861719859348
vn 0.3350684327322381 -0.18486493729658102 0.923879916625907
vn 0.3350684327322381 -0.18486493729658102 0.923879916625907
vn 0.3350684327322381 -0.18486493729658102 0.923879916625907
vn 0.3350688566119813 -0.18486556681278607 0.9238796369309838
vn 0.3350688566119813 -0.18486556681278607 0.9238796369309838
vn 0.3350688566119813 -0.18486556681278607 0.9238796369309838
vn 0.2546927316731012 -0.285619704104669 -0.9238793195326188
vn 0.2546927316731012 -0.285619704104669 -0.9238793195326188
vn 0.2546927316731012 -0.285619704104669 -0.9238793195326188
vn 0.25469231358828803 -0.285619315718684 -0.923879554859526
vn 0.25469231358828803 -0.285619315718684 -0.923879554859526
vn 0.25469231358828803 -0.285619315718684 -0.923879554859526
vn 0.6148809303095316 -0.6895452263471012 -0.3826863237216739
vn 0.6148809303095316 -0.6895452263471012 -0.3826863237216739
vn 0.6148809303095316 -0.6895452263471012 -0.3826863237216739
vn 0.6148823566455979 -0.6895463541529233 -0.38268199978620254
vn 0.6148823566455979 -0.6895463541529233 -0.38268199978620254
vn 0.6148823566455979 -0.6895463541529233 -0.38268199978620254
vn 0.6655434411844 -0.7463591145664579 0
vn 0.6655434411844 -0.7463591145664579 0
vn 0.6655434411844 -0.7463591145664579 0
vn 0.6655434411844 -0.7463591145664579 0
vn 0.6655434411844 -0.7463591145664579 0
vn 0.6655434411844 -0.7463591145664579 0
vn 0.6148812804087191 -0.6895450986949284 0.3826859912104641
vn 0.6148812804087191 -0.6895450986949284 0.3826859912104641
vn 0.6148812804087191 -0.6895450986949284 0.3826859912104641
vn 0.6148822402995024 -0.6895466553870203 0.3826816439402848
vn 0.6148822402995024 -0.6895466553870203 0.3826816439402848
vn 0.6148822402995024 -0.6895466553870203 0.3826816439402848
vn 0.2546921334989329 -0.2856191056721336 0.9238796694422993
vn 0.2546921334989329 -0.2856191056721336 0.9238796694422993
vn 0.2546921334989329 -0.2856191056721336 0.9238796694422993
vn 0.25469177765608275 -0.28561863083674727 0.9238799143359089
vn 0.25469177765608275 -0.28561863083674727 0.9238799143359089
vn 0.25469177765608275 -0.28561863083674727 0.9238799143359089
vn 0.2727541115316287 -0.26842466841743257 -0.9238795332875293
vn 0.2727541115316287 -0.26842466841743257 -0.9238795332875293
vn 0.2727541115316287 -0.26842466841743257 -0.9238795332875293
vn 0.2727540369774801 -0.2684247133098651 -0.9238795422548354
vn 0.2727540369774801 -0.2684247133098651 -0.9238795422548354
vn 0.2727540369774801 -0.2684247133098651 -0.9238795422548354
vn 0.6584869116289569 -0.6480349986075058 -0.38268214982296744
vn 0.6584869116289569 -0.6480349986075058 -0.38268214982296744
vn 0.6584869116289569 -0.6480349986075058 -0.38268214982296744
vn 0.6584808168154872 -0.6480402289167441 -0.38268378015215465
vn 0.6584808168154872 -0.6480402289167441 -0.38268378015215465
vn 0.6584808168154872 -0.6480402289167441 -0.38268378015215465
vn 0.7127346356529679 -0.7014337738807784 0
vn 0.7127346356529679 -0.7014337738807784 0
vn 0.7127346356529679 -0.7014337738807784 0
vn 0.7127346356529679 -0.7014337738807784 0
vn 0.7127346356529679 -0.7014337738807784 0
vn 0.7127346356529679 -0.7014337738807784 0
vn 0.6584813798873134 -0.6480407915663362 0.3826818584774772
vn 0.6584813798873134 -0.6480407915663362 0.3826818584774772
vn 0.6584813798873134 -0.6480407915663362 0.3826818584774772
vn 0.658486489971223 -0.6480346366246569 0.3826834883557521
vn 0.658486489971223 -0.6480346366246569 0.3826834883557521
vn 0.658486489971223 -0.6480346366246569 0.3826834883557521
vn 0.27275341120805935 -0.26842411734150684 0.9238799001514213
vn 0.27275341120805935 -0.26842411734150684 0.9238799001514213
vn 0.27275341120805935 -0.26842411734150684 0.9238799001514213
vn 0.2727534707423188 -0.2684240576675967 0.9238798999130144
vn 0.2727534707423188 -0.2684240576675967 0.9238798999130144
vn 0.2727534707423188 -0.2684240576675967 0.9238798999130144
vn 0.27733167848369417 -0.2636924371042039 -0.9238795585591567
vn 0.27733167848369417 -0.2636924371042039 -0.9238795585591567
vn 0.27733167848369417 -0.2636924371042039 -0.9238795585591567
vn 0.27733379302951966 -0.26369085623188204 -0.9238793750179491
vn 0.27733379302951966 -0.26369085623188204 -0.9238793750179491
vn 0.27733379302951966 -0.26369085623188204 -0.9238793750179491
vn 0.6695422461263337 -0.6366053158088955 -0.3826837500286108
vn 0.6695422461263337 -0.6366053158088955 -0.3826837500286108
vn 0.6695422461263337 -0.6366053158088955 -0.3826837500286108
vn 0.66954242863296 -0.6366051405059995 -0.38268372233688513
vn 0.66954242863296 -0.6366051405059995 -0.38268372233688513
vn 0.66954242863296 -0.6366051405059995 -0.38268372233688513
vn 0.7247076062357319 -0.6890565183379919 0
vn 0.7247076062357319 -0.6890565183379919 0
vn 0.7247076062357319 -0.6890565183379919 0
vn 0.7247076062357319 -0.6890565183379919 0
vn 0.7247076062357319 -0.6890565183379919 0
vn 0.7247076062357319 -0.6890565183379919 0
vn 0.6695425529931317 -0.6366052050081352 0.38268339745537633
vn 0.6695425529931317 -0.6366052050081352 0.38268339745537633
vn 0.6695425529931317 -0.6366052050081352 0.38268339745537633
vn 0.6695423603530394 -0.6366054302807104 0.3826833597505809
vn 0.6695423603530394 -0.6366054302807104 0.3826833597505809
vn 0.6695423603530394 -0.6366054302807104 0.3826833597505809
vn 0.27733286597149687 -0.26368998893523465 0.9238799008460847
vn 0.27733286597149687 -0.26368998893523465 0.9238799008460847
vn 0.27733286597149687 -0.26368998893523465 0.9238799008460847
vn 0.2773313793608829 -0.2636921380354708 0.9238797337100063
vn 0.2773313793608829 -0.2636921380354708 0.9238797337100063
vn 0.2773313793608829 -0.2636921380354708 0.9238797337100063
vn 0.28229551753288606 -0.2583721509100778 -0.9238793603143973
vn 0.28229551753288606 -0.2583721509100778 -0.9238793603143973
vn 0.28229551753288606 -0.2583721509100778 -0.9238793603143973
vn 0.2822974643257022 -0.25837055040939716 -0.9238792130557024
vn 0.2822974643257022 -0.25837055040939716 -0.9238792130557024
vn 0.2822974643257022 -0.25837055040939716 -0.9238792130557024
vn 0.6815249450706684 -0.6237603542088856 -0.3826836418814217
vn 0.6815249450706684 -0.6237603542088856 -0.3826836418814217
vn 0.6815249450706684 -0.6237603542088856 -0.3826836418814217
vn 0.6815108082800666 -0.6237737556533471 -0.3826869738514347
vn 0.6815108082800666 -0.6237737556533471 -0.3826869738514347
vn 0.6815108082800666 -0.6237737556533471 -0.3826869738514347
vn 0.7376631466380886 -0.6751689285593596 0
vn 0.7376631466380886 -0.6751689285593596 0
vn 0.7376631466380886 -0.6751689285593596 0
vn 0.7376631466380886 -0.6751689285593596 0
vn 0.7376631466380886 -0.6751689285593596 0
vn 0.7376631466380886 -0.6751689285593596 0
vn 0.6815118925817546 -0.6237747793830601 0.38268337418190734
vn 0.6815118925817546 -0.6237747793830601 0.38268337418190734
vn 0.6815118925817546 -0.6237747793830601 0.38268337418190734
vn 0.6815240204215527 -0.6237594917562632 0.38268669434984465
vn 0.6815240204215527 -0.6237594917562632 0.38268669434984465
vn 0.6815240204215527 -0.6237594917562632 0.38268669434984465
vn 0.2822965624608185 -0.2583697088098637 0.9238797239859264
vn 0.2822965624608185 -0.2583697088098637 0.9238797239859264
vn 0.2822965624608185 -0.2583697088098637 0.9238797239859264
vn 0.2822951909330647 -0.2583718540087037 0.9238795431397806
vn 0.2822951909330647 -0.2583718540087037 0.9238795431397806
vn 0.2822951909330647 -0.2583718540087037 0.9238795431397806
vn 0.2876863486605999 -0.25235644044218325 -0.9238792084259081
vn 0.2876863486605999 -0.25235644044218325 -0.9238792084259081
vn 0.2876863486605999 -0.25235644044218325 -0.9238792084259081
vn 0.287683365639241 -0.2523590009952745 -0.923879437887404
vn 0.287683365639241 -0.2523590009952745 -0.923879437887404
vn 0.287683365639241 -0.2523590009952745 -0.923879437887404
vn 0.694527505021976 -0.6092472060570671 -0.38268706102977496
vn 0.694527505021976 -0.6092472060570671 -0.38268706102977496
vn 0.694527505021976 -0.6092472060570671 -0.38268706102977496
vn 0.6945388869517776 -0.6092358789313576 -0.38268443701635174
vn 0.6945388869517776 -0.6092358789313576 -0.38268443701635174
vn 0.6945388869517776 -0.6092358789313576 -0.38268443701635174
vn 0.75176381103352 -0.6594324623646897 0
vn 0.75176381103352 -0.6594324623646897 0
vn 0.75176381103352 -0.6594324623646897 0
vn 0.75176381103352 -0.6594324623646897 0
vn 0.75176381103352 -0.6594324623646897 0
vn 0.75176381103352 -0.6594324623646897 0
vn 0.694538213620351 -0.6092352673760684 0.38268663264642805
vn 0.694538213620351 -0.6092352673760684 0.38268663264642805
vn 0.694538213620351 -0.6092352673760684 0.38268663264642805
vn 0.6945284614446516 -0.6092480429329851 0.3826839929049196
vn 0.6945284614446516 -0.6092480429329851 0.3826839929049196
vn 0.6945284614446516 -0.6092480429329851 0.3826839929049196
vn 0.2876831282503685 -0.25235882308460994 0.9238795604035369
vn 0.2876831282503685 -0.25235882308460994 0.9238795604035369
vn 0.2876831282503685 -0.25235882308460994 0.9238795604035369
vn 0.2876852753868022 -0.25235548642559347 0.9238798032192943
vn 0.2876852753868022 -0.25235548642559347 0.9238798032192943
vn 0.2876852753868022 -0.25235548642559347 0.9238798032192943
vn 0.2935477527863475 -0.24551266705048416 -0.9238794548813409
vn 0.2935477527863475 -0.24551266705048416 -0.9238794548813409
vn 0.2935477527863475 -0.24551266705048416 -0.9238794548813409
vn 0.293545750725218 -0.24551445075245143 -0.9238796169971984
vn 0.293545750725218 -0.24551445075245143 -0.9238796169971984
vn 0.293545750725218 -0.24551445075245143 -0.9238796169971984
vn 0.7086822240540717 -0.5927243107257691 -0.38268446112226245
vn 0.7086822240540717 -0.5927243107257691 -0.38268446112226245
vn 0.7086822240540717 -0.5927243107257691 -0.38268446112226245
vn 0.7086942050336454 -0.5927117941238308 -0.38268165994497183
vn 0.7086942050336454 -0.5927117941238308 -0.38268165994497183
vn 0.7086942050336454 -0.5927117941238308 -0.38268165994497183
vn 0.7670844411528375 -0.6415461480994483 0
vn 0.7670844411528375 -0.6415461480994483 0
vn 0.7670844411528375 -0.6415461480994483 0
vn 0.7670844411528375 -0.6415461480994483 0
vn 0.7670844411528375 -0.6415461480994483 0
vn 0.7670844411528375 -0.6415461480994483 0
vn 0.708693456230901 -0.592711160265874 0.382684028399124
vn 0.708693456230901 -0.592711160265874 0.382684028399124
vn 0.708693456230901 -0.592711160265874 0.382684028399124
vn 0.7086831961064747 -0.5927252201664192 0.3826812523954914
vn 0.7086831961064747 -0.5927252201664192 0.3826812523954914
vn 0.7086831961064747 -0.5927252201664192 0.3826812523954914
vn 0.29354540011948993 -0.24551411389888902 0.9238798179120116
vn 0.29354540011948993 -0.24551411389888902 0.9238798179120116
vn 0.29354540011948993 -0.24551411389888902 0.9238798179120116
vn 0.2935467665631955 -0.245511860090696 0.9238799826790811
vn 0.2935467665631955 -0.245511860090696 0.9238799826790811
vn 0.2935467665631955 -0.245511860090696 0.9238799826790811
vn 0.2999263723119248 -0.2376775160821997 -0.9238796293569873
vn 0.2999263723119248 -0.2376775160821997 -0.9238796293569873
vn 0.2999263723119248 -0.2376775160821997 -0.9238796293569873
vn 0.2999237421652142 -0.23767999859908423 -0.9238798445423264
vn 0.2999237421652142 -0.23767999859908423 -0.9238798445423264
vn 0.2999237421652142 -0.23767999859908423 -0.9238798445423264
vn 0.7240819823782124 -0.5738118205910455 -0.3826816919389111
vn 0.7240819823782124 -0.5738118205910455 -0.3826816919389111
vn 0.7240819823782124 -0.5738118205910455 -0.3826816919389111
vn 0.724078529899538 -0.5738156389262565 -0.3826824990278178
vn 0.724078529899538 -0.5738156389262565 -0.3826824990278178
vn 0.724078529899538 -0.5738156389262565 -0.3826824990278178
vn 0.783736652239009 -0.6210932779681249 0
vn 0.783736652239009 -0.6210932779681249 0
vn 0.783736652239009 -0.6210932779681249 0
vn 0.783736652239009 -0.6210932779681249 0
vn 0.783736652239009 -0.6210932779681249 0
vn 0.783736652239009 -0.6210932779681249 0
vn 0.7240789431244614 -0.5738158741689136 0.38268136442153594
vn 0.7240789431244614 -0.5738158741689136 0.38268136442153594
vn 0.7240789431244614 -0.5738158741689136 0.38268136442153594
vn 0.7240818147170669 -0.5738117102199846 0.38268217467038573
vn 0.7240818147170669 -0.5738117102199846 0.38268217467038573
vn 0.7240818147170669 -0.5738117102199846 0.38268217467038573
vn 0.29992345597641545 -0.237679754657748 0.9238800002061934
vn 0.29992345597641545 -0.237679754657748 0.9238800002061934
vn 0.29992345597641545 -0.237679754657748 0.9238800002061934
vn 0.2999252923880777 -0.23767664623579135 0.9238802037169282
vn 0.2999252923880777 -0.23767664623579135 0.9238802037169282
vn 0.2999252923880777 -0.23767664623579135 0.9238802037169282
vn 0.30686667085759256 -0.22864573839457847 -0.9238798475076595
vn 0.30686667085759256 -0.22864573839457847 -0.9238798475076595
vn 0.30686667085759256 -0.22864573839457847 -0.9238798475076595
vn 0.30686974067868533 -0.22864257948401015 -0.9238796096368264
vn 0.30686974067868533 -0.22864257948401015 -0.9238796096368264
vn 0.30686974067868533 -0.22864257948401015 -0.9238796096368264
vn 0.7408497560666865 -0.5519925525148981 -0.382682454397923
vn 0.7408497560666865 -0.5519925525148981 -0.382682454397923
vn 0.7408497560666865 -0.5519925525148981 -0.382682454397923
vn 0.740849501283617 -0.5519928383452669 -0.3826825353518915
vn 0.740849501283617 -0.5519928383452669 -0.3826825353518915
vn 0.740849501283617 -0.5519928383452669 -0.3826825353518915
vn 0.801889363240538 -0.5974725509357602 0
vn 0.801889363240538 -0.5974725509357602 0
vn 0.801889363240538 -0.5974725509357602 0
vn 0.801889363240538 -0.5974725509357602 0
vn 0.801889363240538 -0.5974725509357602 0
vn 0.801889363240538 -0.5974725509357602 0
vn 0.7408496246036438 -0.5519929606173887 0.38268212024275444
vn 0.7408496246036438 -0.5519929606173887 0.38268212024275444
vn 0.7408496246036438 -0.5519929606173887 0.38268212024275444
vn 0.7408498615153563 -0.551992601866776 0.3826821790690342
vn 0.7408498615153563 -0.551992601866776 0.3826821790690342
vn 0.7408498615153563 -0.551992601866776 0.3826821790690342
vn 0.3068686202518636 -0.22864176890687749 0.9238801823915543
vn 0.3068686202518636 -0.22864176890687749 0.9238801823915543
vn 0.3068686202518636 -0.22864176890687749 0.9238801823915543
vn 0.3068665013933502 -0.22864561125056437 0.92387993526132
vn 0.3068665013933502 -0.22864561125056437 0.92387993526132
vn 0.3068665013933502 -0.22864561125056437 0.92387993526132
vn 0.31440799935000535 -0.21816067055242203 -0.9238796089149519
vn 0.31440799935000535 -0.21816067055242203 -0.9238796089149519
vn 0.31440799935000535 -0.21816067055242203 -0.9238796089149519
vn 0.3144057614738889 -0.21816317207259026 -0.9238797797891506
vn 0.3144057614738889 -0.21816317207259026 -0.9238797797891506
vn 0.3144057614738889 -0.21816317207259026 -0.9238797797891506
vn 0.7590441659828286 -0.5266935794838851 -0.3826824106460663
vn 0.7590441659828286 -0.5266935794838851 -0.3826824106460663
vn 0.7590441659828286 -0.5266935794838851 -0.3826824106460663
vn 0.7590473843061085 -0.526689526140804 -0.38268160581824423
vn 0.7590473843061085 -0.526689526140804 -0.38268160581824423
vn 0.7590473843061085 -0.526689526140804 -0.38268160581824423
vn 0.8215862596597399 -0.5700842200397396 0
vn 0.8215862596597399 -0.5700842200397396 0
vn 0.8215862596597399 -0.5700842200397396 0
vn 0.8215862596597399 -0.5700842200397396 0
vn 0.8215862596597399 -0.5700842200397396 0
vn 0.8215862596597399 -0.5700842200397396 0
vn 0.7590472349790468 -0.5266894273919328 0.38268203791688665
vn 0.7590472349790468 -0.5266894273919328 0.38268203791688665
vn 0.7590472349790468 -0.5266894273919328 0.38268203791688665
vn 0.7590446110952711 -0.526693837248082 0.38268117300452514
vn 0.7590446110952711 -0.526693837248082 0.38268117300452514
vn 0.7590446110952711 -0.526693837248082 0.38268117300452514
vn 0.3144053798207117 -0.21816289295914273 0.9238799755788041
vn 0.3144053798207117 -0.21816289295914273 0.9238799755788041
vn 0.3144053798207117 -0.21816289295914273 0.9238799755788041
vn 0.31440690401476346 -0.21815988589135527 0.923880166956582
vn 0.31440690401476346 -0.21815988589135527 0.923880166956582
vn 0.31440690401476346 -0.21815988589135527 0.923880166956582
vn 0.3281477706346386 -0.19688865642031866 -0.9238798069015894
vn 0.3281477706346386 -0.19688865642031866 -0.9238798069015894
vn 0.3281477706346386 -0.19688865642031866 -0.9238798069015894
vn 0.32814948781329584 -0.19688650383957623 -0.9238796557202135
vn 0.32814948781329584 -0.19688650383957623 -0.9238796557202135
vn 0.32814948781329584 -0.19688650383957623 -0.9238796557202135
vn 0.7922242296510275 -0.4753268368704992 -0.382681549208375
vn 0.7922242296510275 -0.4753268368704992 -0.382681549208375
vn 0.7922242296510275 -0.4753268368704992 -0.382681549208375
vn 0.7922236951160051 -0.4753275830726129 -0.3826817289433757
vn 0.7922236951160051 -0.4753275830726129 -0.3826817289433757
vn 0.7922236951160051 -0.4753275830726129 -0.3826817289433757
vn 0.8574960864956268 -0.514490487419043 0
vn 0.8574960864956268 -0.514490487419043 0
vn 0.8574960864956268 -0.514490487419043 0
vn 0.8574960864956268 -0.514490487419043 0
vn 0.8574960864956268 -0.514490487419043 0
vn 0.8574960864956268 -0.514490487419043 0
vn 0.7922238704104235 -0.4753277001702224 0.3826812206038018
vn 0.7922238704104235 -0.4753277001702224 0.3826812206038018
vn 0.7922238704104235 -0.4753277001702224 0.3826812206038018
vn 0.7922242745773799 -0.47532688766831077 0.3826813931064607
vn 0.7922242745773799 -0.47532688766831077 0.3826813931064607
vn 0.7922242745773799 -0.47532688766831077 0.3826813931064607
vn 0.32814847759255056 -0.19688590962802804 0.9238801411674761
vn 0.32814847759255056 -0.19688590962802804 0.9238801411674761
vn 0.32814847759255056 -0.19688590962802804 0.9238801411674761
vn 0.3281474354516934 -0.1968884731919448 0.9238799650012017
vn 0.3281474354516934 -0.1968884731919448 0.9238799650012017
vn 0.3281474354516934 -0.1968884731919448 0.9238799650012017
vn 0.3447981825812439 -0.16601394362460373 -0.9238796370798947
vn 0.3447981825812439 -0.16601394362460373 -0.9238796370798947
vn 0.3447981825812439 -0.16601394362460373 -0.9238796370798947
vn 0.34479990587527715 -0.1660114377062412 -0.9238794442237077
vn 0.34479990587527715 -0.1660114377062412 -0.9238794442237077
vn 0.34479990587527715 -0.1660114377062412 -0.9238794442237077
vn 0.8324208796105642 -0.4007872314404548 -0.38268142664972615
vn 0.8324208796105642 -0.4007872314404548 -0.38268142664972615
vn 0.8324208796105642 -0.4007872314404548 -0.38268142664972615
vn 0.8324166626046634 -0.40079436138103164 -0.38268313224296296
vn 0.8324166626046634 -0.40079436138103164 -0.38268313224296296
vn 0.8324166626046634 -0.40079436138103164 -0.38268313224296296
vn 0.9010011960410339 -0.43381660264750865 0
vn 0.9010011960410339 -0.43381660264750865 0
vn 0.9010011960410339 -0.43381660264750865 0
vn 0.9010011960410339 -0.43381660264750865 0
vn 0.9010011960410339 -0.43381660264750865 0
vn 0.9010011960410339 -0.43381660264750865 0
vn 0.8324173804630415 -0.4007946904597046 0.3826812260907993
vn 0.8324173804630415 -0.4007946904597046 0.3826812260907993
vn 0.8324173804630415 -0.4007946904597046 0.3826812260907993
vn 0.8324203296867337 -0.40078695672833664 0.38268291056783277
vn 0.8324203296867337 -0.40078695672833664 0.38268291056783277
vn 0.8324203296867337 -0.40078695672833664 0.38268291056783277
vn 0.3447988113862701 -0.1660109350133478 0.9238799430243138
vn 0.3447988113862701 -0.1660109350133478 0.9238799430243138
vn 0.3447988113862701 -0.1660109350133478 0.9238799430243138
vn 0.34479794135656433 -0.1660138230642287 0.9238797487703009
vn 0.34479794135656433 -0.1660138230642287 0.9238797487703009
vn 0.34479794135656433 -0.1660138230642287 0.9238797487703009
vn 0.3578083835867564 -0.13572041776366175 -0.9238793908498499
vn 0.3578083835867564 -0.13572041776366175 -0.9238793908498499
vn 0.3578083835867564 -0.13572041776366175 -0.9238793908498499
vn 0.35780620205438995 -0.13572424510027667 -0.9238796734766779
vn 0.35780620205438995 -0.13572424510027667 -0.9238796734766779
vn 0.35780620205438995 -0.13572424510027667 -0.9238796734766779
vn 0.8638213885801435 -0.3276676242473355 -0.38268333730589804
vn 0.8638213885801435 -0.3276676242473355 -0.38268333730589804
vn 0.8638213885801435 -0.3276676242473355 -0.38268333730589804
vn 0.8638261649676013 -0.3276576733121402 -0.3826810758804795
vn 0.8638261649676013 -0.3276576733121402 -0.3826810758804795
vn 0.8638261649676013 -0.3276576733121402 -0.3826810758804795
vn 0.9349977246486822 -0.354653711247728 0
vn 0.9349977246486822 -0.354653711247728 0
vn 0.9349977246486822 -0.354653711247728 0
vn 0.9349977246486822 -0.354653711247728 0
vn 0.9349977246486822 -0.354653711247728 0
vn 0.9349977246486822 -0.354653711247728 0
vn 0.8638255030744488 -0.3276574027235645 0.3826828016499086
vn 0.8638255030744488 -0.3276574027235645 0.3826828016499086
vn 0.8638255030744488 -0.3276574027235645 0.3826828016499086
vn 0.8638224590047573 -0.32766804054709575 0.38268056460055705
vn 0.8638224590047573 -0.32766804054709575 0.38268056460055705
vn 0.8638224590047573 -0.32766804054709575 0.38268056460055705
vn 0.35780590856780836 -0.13572412761184144 0.9238798043998849
vn 0.35780590856780836 -0.13572412761184144 0.9238798043998849
vn 0.35780590856780836 -0.13572412761184144 0.9238798043998849
vn 0.35780682477306813 -0.13571981826817409 0.9238800826271062
vn 0.35780682477306813 -0.13571981826817409 0.9238800826271062
vn 0.35780682477306813 -0.13571981826817409 0.9238800826271062
vn 0.3675081373174574 -0.10669591107444185 -0.923879727867999
vn 0.3675081373174574 -0.10669591107444185 -0.923879727867999
vn 0.3675081373174574 -0.10669591107444185 -0.923879727867999
vn 0.3675091582998099 -0.10669377499426684 -0.9238795684196279
vn 0.3675091582998099 -0.10669377499426684 -0.9238795684196279
vn 0.3675091582998099 -0.10669377499426684 -0.9238795684196279
vn 0.8872467792628357 -0.25758191702635186 -0.3826809489754546
vn 0.8872467792628357 -0.25758191702635186 -0.3826809489754546
vn 0.8872467792628357 -0.25758191702635186 -0.3826809489754546
vn 0.8872405176062821 -0.2575982179764956 -0.3826844940849714
vn 0.8872405176062821 -0.2575982179764956 -0.3826844940849714
vn 0.8872405176062821 -0.2575982179764956 -0.3826844940849714
vn 0.9603426664417691 -0.2788224578679288 0
vn 0.9603426664417691 -0.2788224578679288 0
vn 0.9603426664417691 -0.2788224578679288 0
vn 0.9603426664417691 -0.2788224578679288 0
vn 0.9603426664417691 -0.2788224578679288 0
vn 0.9603426664417691 -0.2788224578679288 0
vn 0.8872419510434906 -0.25759863605845607 0.3826808892659304
vn 0.8872419510434906 -0.25759863605845607 0.3826808892659304
vn 0.8872419510434906 -0.25759863605845607 0.3826808892659304
vn 0.8872454091036295 -0.2575815000108857 0.38268440636727696
vn 0.8872454091036295 -0.2575815000108857 0.38268440636727696
vn 0.8872454091036295 -0.2575815000108857 0.38268440636727696
vn 0.36750805491317895 -0.10669346186645663 0.9238800434953031
vn 0.36750805491317895 -0.10669346186645663 0.9238800434953031
vn 0.36750805491317895 -0.10669346186645663 0.9238800434953031
vn 0.3675077203983643 -0.10669579195614527 0.9238799074698231
vn 0.3675077203983643 -0.10669579195614527 0.9238799074698231
vn 0.3675077203983643 -0.10669579195614527 0.9238799074698231
vn 0.3743539669372249 -0.07940841293938018 -0.9238795437679157
vn 0.3743539669372249 -0.07940841293938018 -0.9238795437679157
vn 0.3743539669372249 -0.07940841293938018 -0.9238795437679157
vn 0.37435374310475134 -0.07940904933276496 -0.9238795797654195
vn 0.37435374310475134 -0.07940904933276496 -0.9238795797654195
vn 0.37435374310475134 -0.07940904933276496 -0.9238795797654195
vn 0.9037696813062006 -0.19171036979047912 -0.38268459240801195
vn 0.9037696813062006 -0.19171036979047912 -0.38268459240801195
vn 0.9037696813062006 -0.19171036979047912 -0.38268459240801195
vn 0.9037709614203541 -0.19170608654162635 -0.38268371493470055
vn 0.9037709614203541 -0.19170608654162635 -0.38268371493470055
vn 0.9037709614203541 -0.19170608654162635 -0.38268371493470055
vn 0.9782347658869894 -0.2075011874906435 0
vn 0.9782347658869894 -0.2075011874906435 0
vn 0.9782347658869894 -0.2075011874906435 0
vn 0.9782347658869894 -0.2075011874906435 0
vn 0.9782347658869894 -0.2075011874906435 0
vn 0.9782347658869894 -0.2075011874906435 0
vn 0.903770763151257 -0.19170603545340914 0.38268420877236464
vn 0.903770763151257 -0.19170603545340914 0.38268420877236464
vn 0.903770763151257 -0.19170603545340914 0.38268420877236464
vn 0.9037702021451273 -0.1917104856900391 0.3826833043014096
vn 0.9037702021451273 -0.1917104856900391 0.3826833043014096
vn 0.9037702021451273 -0.1917104856900391 0.3826833043014096
vn 0.3743529577965156 -0.079408890654342 0.9238799116086717
vn 0.3743529577965156 -0.079408890654342 0.9238799116086717
vn 0.3743529577965156 -0.079408890654342 0.9238799116086717
vn 0.3743530292030307 -0.07940821515494195 0.9238799407349535
vn 0.3743530292030307 -0.07940821515494195 0.9238799407349535
vn 0.3743530292030307 -0.07940821515494195 0.9238799407349535
vn 0.3788370749973433 -0.05411958267466194 -0.9238796141157016
vn 0.3788370749973433 -0.05411958267466194 -0.9238796141157016
vn 0.3788370749973433 -0.05411958267466194 -0.9238796141157016
vn 0.3788364552369538 -0.05412163245410761 -0.9238797481728898
vn 0.3788364552369538 -0.05412163245410761 -0.9238797481728898
vn 0.3788364552369538 -0.05412163245410761 -0.9238797481728898
vn 0.9145932204099039 -0.130661338660998 -0.38268375424043943
vn 0.9145932204099039 -0.130661338660998 -0.38268375424043943
vn 0.9145932204099039 -0.130661338660998 -0.38268375424043943
vn 0.9145964032071877 -0.13064740946804787 -0.3826809031553095
vn 0.9145964032071877 -0.13064740946804787 -0.3826809031553095
vn 0.9145964032071877 -0.13064740946804787 -0.3826809031553095
vn 0.9899508913417306 -0.14141157212800165 0
vn 0.9899508913417306 -0.14141157212800165 0
vn 0.9899508913417306 -0.14141157212800165 0
vn 0.9899508913417306 -0.14141157212800165 0
vn 0.9899508913417306 -0.14141157212800165 0
vn 0.9899508913417306 -0.14141157212800165 0
vn 0.9145954496904349 -0.13064727538010468 0.3826832278024559
vn 0.9145954496904349 -0.13064727538010468 0.3826832278024559
vn 0.9145954496904349 -0.13064727538010468 0.3826832278024559
vn 0.9145945983251796 -0.13066154827850093 0.3826803895104479
vn 0.9145945983251796 -0.13066154827850093 0.3826803895104479
vn 0.9145945983251796 -0.13066154827850093 0.3826803895104479
vn 0.3788358628909 -0.05412155475166005 0.9238799956157566
vn 0.3788358628909 -0.05412155475166005 0.9238799956157566
vn 0.3788358628909 -0.05412155475166005 0.9238799956157566
vn 0.3788358188515942 -0.054119403225269196 0.9238801397094661
vn 0.3788358188515942 -0.054119403225269196 0.9238801397094661
vn 0.3788358188515942 -0.054119403225269196 0.9238801397094661
vn 0.38143114063621636 -0.030926848485647872 -0.9238797621961966
vn 0.38143114063621636 -0.030926848485647872 -0.9238797621961966
vn 0.38143114063621636 -0.030926848485647872 -0.9238797621961966
vn 0.3814326584721435 -0.030920742565898197 -0.923879339919476
vn 0.3814326584721435 -0.030920742565898197 -0.923879339919476
vn 0.3814326584721435 -0.030920742565898197 -0.923879339919476
vn 0.9208599051538723 -0.07464927955060284 -0.382680702600193
vn 0.9208599051538723 -0.07464927955060284 -0.382680702600193
vn 0.9208599051538723 -0.07464927955060284 -0.382680702600193
vn 0.9208569535269945 -0.07466714091119706 -0.3826843205687038
vn 0.9208569535269945 -0.07466714091119706 -0.3826843205687038
vn 0.9208569535269945 -0.07466714091119706 -0.3826843205687038
vn 0.996728781250855 -0.08081916001905295 0
vn 0.996728781250855 -0.08081916001905295 0
vn 0.996728781250855 -0.08081916001905295 0
vn 0.996728781250855 -0.08081916001905295 0
vn 0.996728781250855 -0.08081916001905295 0
vn 0.996728781250855 -0.08081916001905295 0
vn 0.9208585036882407 -0.07466726760678342 0.38268056565912967
vn 0.9208585036882407 -0.07466726760678342 0.38268056565912967
vn 0.9208585036882407 -0.07466726760678342 0.38268056565912967
vn 0.9208584771127514 -0.07464916799215238 0.38268416069608086
vn 0.9208584771127514 -0.07464916799215238 0.38268416069608086
vn 0.9208584771127514 -0.07464916799215238 0.38268416069608086
vn 0.3814309564603052 -0.030920604464308377 0.9238800472319653
vn 0.3814309564603052 -0.030920604464308377 0.9238800472319653
vn 0.3814309564603052 -0.030920604464308377 0.9238800472319653
vn 0.38143146246781684 -0.030926874076684367 0.9238796284687241
vn 0.38143146246781684 -0.030926874076684367 0.9238796284687241
vn 0.38143146246781684 -0.030926874076684367 0.9238796284687241
vn 0.3825583192356132 -0.009809187696588097 -0.9238792736176928
vn 0.3825583192356132 -0.009809187696588097 -0.9238792736176928
vn 0.3825583192356132 -0.009809187696588097 -0.9238792736176928
vn 0.382557235844503 -0.009814531355996057 -0.9238796654745008
vn 0.382557235844503 -0.009814531355996057 -0.9238796654745008
vn 0.382557235844503 -0.009814531355996057 -0.9238796654745008
vn 0.9235752035162639 -0.02369438063099143 -0.38268449116263553
vn 0.9235752035162639 -0.02369438063099143 -0.38268449116263553
vn 0.9235752035162639 -0.02369438063099143 -0.38268449116263553
vn 0.9235762705273941 -0.023684113580547096 -0.3826825515784771
vn 0.9235762705273941 -0.023684113580547096 -0.3826825515784771
vn 0.9235762705273941 -0.023684113580547096 -0.3826825515784771
vn 0.9996713568070272 -0.025635490625250643 0
vn 0.9996713568070272 -0.025635490625250643 0
vn 0.9996713568070272 -0.025635490625250643 0
vn 0.9996713568070272 -0.025635490625250643 0
vn 0.9996713568070272 -0.025635490625250643 0
vn 0.9996713568070272 -0.025635490625250643 0
vn 0.9235756372721728 -0.02368409925370377 0.38268408077661237
vn 0.9235756372721728 -0.02368409925370377 0.38268408077661237
vn 0.9235756372721728 -0.02368409925370377 0.38268408077661237
vn 0.9235761752695486 -0.023694407171840598 0.38268214427021174
vn 0.9235761752695486 -0.023694407171840598 0.38268214427021174
vn 0.9235761752695486 -0.023694407171840598 0.38268214427021174
vn 0.38255718496649627 -0.009814530648555964 0.9238796865494221
vn 0.38255718496649627 -0.009814530648555964 0.9238796865494221
vn 0.38255718496649627 -0.009814530648555964 0.9238796865494221
vn 0.3825564936604317 -0.00980914093472819 0.9238800300430564
vn 0.3825564936604317 -0.00980914093472819 0.9238800300430564
vn 0.3825564936604317 -0.00980914093472819 0.9238800300430564
vn 0.3826830940244355 0 -0.9238796726565017
vn 0.3826830940244355 0 -0.9238796726565017
vn 0.3826830940244355 0 -0.9238796726565017
vn 0.3826830685865544 0 -0.9238796831932059
vn 0.3826830685865544 0 -0.9238796831932059
vn 0.3826830685865544 0 -0.9238796831932059
vn 0.9238798885036886 0 -0.38268257292227453
vn 0.9238798885036886 0 -0.38268257292227453
vn 0.9238798885036886 0 -0.38268257292227453
vn 0.9238798885036886 0 -0.38268257292227453
vn 0.9238798885036886 0 -0.38268257292227453
vn 0.9238798885036886 0 -0.38268257292227453
vn 1 0 0
vn 1 0 0
vn 1 0 0
vn 1 0 0
vn 1 0 0
vn 1 0 0
vn 0.9238800305938178 0 0.3826822298852745
vn 0.9238800305938178 0 0.3826822298852745
vn 0.9238800305938178 0 0.3826822298852745
vn 0.9238800305938178 0 0.3826822298852745
vn 0.9238800305938178 0 0.3826822298852745
vn 0.9238800305938178 0 0.3826822298852745
vn 0.3826822298852745 0 0.9238800305938178
vn 0.3826822298852745 0 0.9238800305938178
vn 0.3826822298852745 0 0.9238800305938178
vn 0.3826822298852745 0 0.9238800305938178
vn 0.3826822298852745 0 0.9238800305938178
vn 0.3826822298852745 0 0.9238800305938178
vn 0.38230984934206147 0.01689767258008007 -0.9238796716875128
vn 0.38230984934206147 0.01689767258008007 -0.9238796716875128
vn 0.38230984934206147 0.01689767258008007 -0.9238796716875128
vn 0.3823103556849099 0.016899291205583124 -0.9238794325521196
vn 0.3823103556849099 0.016899291205583124 -0.9238794325521196
vn 0.3823103556849099 0.016899291205583124 -0.9238794325521196
vn 0.9229786260650856 0.0407984921312614 -0.38268255626148173
vn 0.9229786260650856 0.0407984921312614 -0.38268255626148173
vn 0.9229786260650856 0.0407984921312614 -0.38268255626148173
vn 0.9229786260650856 0.0407984921312614 -0.38268255626148173
vn 0.9229786260650856 0.0407984921312614 -0.38268255626148173
vn 0.9229786260650856 0.0407984921312614 -0.38268255626148173
vn 0.9990244734250865 0.04415995355215485 0
vn 0.9990244734250865 0.04415995355215485 0
vn 0.9990244734250865 0.04415995355215485 0
vn 0.9990244734250865 0.04415995355215485 0
vn 0.9990244734250865 0.04415995355215485 0
vn 0.9990244734250865 0.04415995355215485 0
vn 0.9229787697575642 0.04079850066407423 0.38268220878475273
vn 0.9229787697575642 0.04079850066407423 0.38268220878475273
vn 0.9229787697575642 0.04079850066407423 0.38268220878475273
vn 0.9229787698978442 0.0407984969449847 0.38268220884291515
vn 0.9229787698978442 0.0407984969449847 0.38268220884291515
vn 0.9229787698978442 0.0407984969449847 0.38268220884291515
vn 0.3823089495730447 0.01689922949947669 0.9238800155424293
vn 0.3823089495730447 0.01689922949947669 0.9238800155424293
vn 0.3823089495730447 0.01689922949947669 0.9238800155424293
vn 0.38230965023665936 0.016897661824578407 0.9238797542758396
vn 0.38230965023665936 0.016897661824578407 0.9238797542758396
vn 0.38230965023665936 0.016897661824578407 0.9238797542758396
vn 0.3791350079649044 0.05199566047036104 -0.9238793736347309
vn 0.3791350079649044 0.05199566047036104 -0.9238793736347309
vn 0.3791350079649044 0.05199566047036104 -0.9238793736347309
vn 0.3791347830644233 0.05199459689122222 -0.9238795257850516
vn 0.3791347830644233 0.05199459689122222 -0.9238795257850516
vn 0.3791347830644233 0.05199459689122222 -0.9238795257850516
vn 0.9153125825832877 0.1255260847236323 -0.3826827383338158
vn 0.9153125825832877 0.1255260847236323 -0.3826827383338158
vn 0.9153125825832877 0.1255260847236323 -0.3826827383338158
vn 0.9153125226910128 0.1255243412483382 -0.38268345346929317
vn 0.9153125226910128 0.1255243412483382 -0.38268345346929317
vn 0.9153125226910128 0.1255243412483382 -0.38268345346929317
vn 0.9907271426535035 0.13586658459542075 0
vn 0.9907271426535035 0.13586658459542075 0
vn 0.9907271426535035 0.13586658459542075 0
vn 0.9907271426535035 0.13586658459542075 0
vn 0.9907271426535035 0.13586658459542075 0
vn 0.9907271426535035 0.13586658459542075 0
vn 0.9153129471717747 0.12552441674815618 0.3826824134184315
vn 0.9153129471717747 0.12552441674815618 0.3826824134184315
vn 0.9153129471717747 0.12552441674815618 0.3826824134184315
vn 0.9153124195842972 0.12552607199133461 0.38268313237607665
vn 0.9153124195842972 0.12552607199133461 0.38268313237607665
vn 0.9153124195842972 0.12552607199133461 0.38268313237607665
vn 0.3791342671341132 0.0519945248365609 0.9238797415636405
vn 0.3791342671341132 0.0519945248365609 0.9238797415636405
vn 0.3791342671341132 0.0519945248365609 0.9238797415636405
vn 0.3791337262212036 0.051995485348276346 0.9238799094822998
vn 0.3791337262212036 0.051995485348276346 0.9238799094822998
vn 0.3791337262212036 0.051995485348276346 0.9238799094822998
vn 0.37239477036773644 0.08814077823973145 -0.9238795041638576
vn 0.37239477036773644 0.08814077823973145 -0.9238795041638576
vn 0.37239477036773644 0.08814077823973145 -0.9238795041638576
vn 0.3723949179275411 0.08814206684654673 -0.9238793217481159
vn 0.3723949179275411 0.08814206684654673 -0.9238793217481159
vn 0.3723949179275411 0.08814206684654673 -0.9238793217481159
vn 0.8990395710499217 0.2127934705019416 -0.3826836664898465
vn 0.8990395710499217 0.2127934705019416 -0.3826836664898465
vn 0.8990395710499217 0.2127934705019416 -0.3826836664898465
vn 0.8990395504505979 0.21279400206808577 -0.38268341930299826
vn 0.8990395504505979 0.21279400206808577 -0.38268341930299826
vn 0.8990395504505979 0.21279400206808577 -0.38268341930299826
vn 0.9731133936667631 0.2303265574491035 0
vn 0.9731133936667631 0.2303265574491035 0
vn 0.9731133936667631 0.2303265574491035 0
vn 0.9731133936667631 0.2303265574491035 0
vn 0.9731133936667631 0.2303265574491035 0
vn 0.9731133936667631 0.2303265574491035 0
vn 0.899039591464255 0.21279401177562338 0.3826833175514986
vn 0.899039591464255 0.21279401177562338 0.3826833175514986
vn 0.899039591464255 0.21279401177562338 0.3826833175514986
vn 0.8990398001733036 0.21279352790650827 0.3826830962891467
vn 0.8990398001733036 0.21279352790650827 0.3826830962891467
vn 0.8990398001733036 0.21279352790650827 0.3826830962891467
vn 0.3723936904579003 0.0881417749544946 0.9238798443601943
vn 0.3723936904579003 0.0881417749544946 0.9238798443601943
vn 0.3723936904579003 0.0881417749544946 0.9238798443601943
vn 0.37239440374897653 0.08814068670474269 0.9238796606721357
vn 0.37239440374897653 0.08814068670474269 0.9238796606721357
vn 0.37239440374897653 0.08814068670474269 0.9238796606721357
vn 0.3619204838487926 0.12434077533912045 -0.9238792859236115
vn 0.3619204838487926 0.12434077533912045 -0.9238792859236115
vn 0.3619204838487926 0.12434077533912045 -0.9238792859236115
vn 0.3619204158871227 0.1243389172734291 -0.9238795626137444
vn 0.3619204158871227 0.1243389172734291 -0.9238795626137444
vn 0.3619204158871227 0.1243389172734291 -0.9238795626137444
vn 0.8737532570364963 0.3001807059408575 -0.3826836677975199
vn 0.8737532570364963 0.3001807059408575 -0.3826836677975199
vn 0.8737532570364963 0.3001807059408575 -0.3826836677975199
vn 0.8737525282678993 0.30018538026305197 -0.38268166512361246
vn 0.8737525282678993 0.30018538026305197 -0.38268166512361246
vn 0.8737525282678993 0.30018538026305197 -0.38268166512361246
vn 0.9457421726657715 0.3249180555792893 0
vn 0.9457421726657715 0.3249180555792893 0
vn 0.9457421726657715 0.3249180555792893 0
vn 0.9457421726657715 0.3249180555792893 0
vn 0.9457421726657715 0.3249180555792893 0
vn 0.9457421726657715 0.3249180555792893 0
vn 0.8737519138417956 0.30018516533230266 0.3826832365968197
vn 0.8737519138417956 0.30018516533230266 0.3826832365968197
vn 0.8737519138417956 0.30018516533230266 0.3826832365968197
vn 0.8737541959979944 0.30018105851409044 0.3826812473655569
vn 0.8737541959979944 0.30018105851409044 0.3826812473655569
vn 0.8737541959979944 0.30018105851409044 0.3826812473655569
vn 0.36192014696276187 0.12433882762478621 0.9238796800273001
vn 0.36192014696276187 0.12433882762478621 0.9238796800273001
vn 0.36192014696276187 0.12433882762478621 0.9238796800273001
vn 0.36191899248603837 0.12434026827134824 0.9238799383924842
vn 0.36191899248603837 0.12434026827134824 0.9238799383924842
vn 0.36191899248603837 0.12434026827134824 0.9238799383924842
vn 0.3478488379618932 0.15952304251185248 -0.9238796376348613
vn 0.3478488379618932 0.15952304251185248 -0.9238796376348613
vn 0.3478488379618932 0.15952304251185248 -0.9238796376348613
vn 0.34784871457047734 0.1595244115007692 -0.9238794477132825
vn 0.34784871457047734 0.1595244115007692 -0.9238794477132825
vn 0.34784871457047734 0.1595244115007692 -0.9238794477132825
vn 0.83978147610804 0.3851261496382558 -0.38268122667647725
vn 0.83978147610804 0.3851261496382558 -0.38268122667647725
vn 0.83978147610804 0.3851261496382558 -0.38268122667647725
vn 0.8397839575147144 0.38511660281126164 -0.38268538898165055
vn 0.8397839575147144 0.38511660281126164 -0.38268538898165055
vn 0.8397839575147144 0.38511660281126164 -0.38268538898165055
vn 0.9089764146538558 0.41684754719564016 0
vn 0.9089764146538558 0.41684754719564016 0
vn 0.9089764146538558 0.41684754719564016 0
vn 0.9089764146538558 0.41684754719564016 0
vn 0.9089764146538558 0.41684754719564016 0
vn 0.9089764146538558 0.41684754719564016 0
vn 0.8397856163976222 0.3851173432618002 0.3826810034619417
vn 0.8397856163976222 0.3851173432618002 0.3826810034619417
vn 0.8397856163976222 0.3851173432618002 0.3826810034619417
vn 0.8397799847421139 0.385125463611676 0.3826851898158934
vn 0.8397799847421139 0.385125463611676 0.3826851898158934
vn 0.8397799847421139 0.385125463611676 0.3826851898158934
vn 0.347847576482454 0.15952387249089478 0.9238799692821529
vn 0.347847576482454 0.15952387249089478 0.9238799692821529
vn 0.347847576482454 0.15952387249089478 0.9238799692821529
vn 0.34784857132681135 0.1595229091286564 0.9238797610560731
vn 0.34784857132681135 0.1595229091286564 0.9238797610560731
vn 0.34784857132681135 0.1595229091286564 0.9238797610560731
vn 0.33063345931829347 0.19268704825098926 -0.9238794385716891
vn 0.33063345931829347 0.19268704825098926 -0.9238794385716891
vn 0.33063345931829347 0.19268704825098926 -0.9238794385716891
vn 0.33063399841298713 0.19268380134389915 -0.9238799228217408
vn 0.33063399841298713 0.19268380134389915 -0.9238799228217408
vn 0.33063399841298713 0.19268380134389915 -0.9238799228217408
vn 0.7982222902213011 0.46518053837067874 -0.3826855655953418
vn 0.7982222902213011 0.46518053837067874 -0.3826855655953418
vn 0.7982222902213011 0.46518053837067874 -0.3826855655953418
vn 0.7982177087437479 0.46519303025250464 -0.3826799368302099
vn 0.7982177087437479 0.46519303025250464 -0.3826799368302099
vn 0.7982177087437479 0.46519303025250464 -0.3826799368302099
vn 0.8639832564413177 0.5035205383984416 0
vn 0.8639832564413177 0.5035205383984416 0
vn 0.8639832564413177 0.5035205383984416 0
vn 0.8639832564413177 0.5035205383984416 0
vn 0.8639832564413177 0.5035205383984416 0
vn 0.8639832564413177 0.5035205383984416 0
vn 0.7982159087436564 0.46519198025889963 0.3826849677363121
vn 0.7982159087436564 0.46519198025889963 0.3826849677363121
vn 0.7982159087436564 0.46519198025889963 0.3826849677363121
vn 0.798224508121121 0.46518182717147094 0.3826793727184759
vn 0.798224508121121 0.46518182717147094 0.3826793727184759
vn 0.798224508121121 0.46518182717147094 0.3826793727184759
vn 0.33063414269677055 0.1926839028967874 0.9238798500062834
vn 0.33063414269677055 0.1926839028967874 0.9238798500062834
vn 0.33063414269677055 0.1926839028967874 0.9238798500062834
vn 0.33063163440582 0.19268598620608693 0.9238803131628707
vn 0.33063163440582 0.19268598620608693 0.9238803131628707
vn 0.33063163440582 0.19268598620608693 0.9238803131628707
vn 0.3109660822555764 0.22303774021422432 -0.923880004181685
vn 0.3109660822555764 0.22303774021422432 -0.923880004181685
vn 0.3109660822555764 0.22303774021422432 -0.923880004181685
vn 0.31096616242878905 0.22303749517281582 -0.9238800363528527
vn 0.31096616242878905 0.22303749517281582 -0.9238800363528527
vn 0.31096616242878905 0.22303749517281582 -0.9238800363528527
vn 0.7507424424472721 0.5384628226838238 -0.38267946599690067
vn 0.7507424424472721 0.5384628226838238 -0.38267946599690067
vn 0.7507424424472721 0.5384628226838238 -0.38267946599690067
vn 0.7507427934684012 0.5384621026894654 -0.38267979045476275
vn 0.7507427934684012 0.5384621026894654 -0.38267979045476275
vn 0.7507427934684012 0.5384621026894654 -0.38267979045476275
vn 0.8125968457741423 0.5828261887028711 0
vn 0.8125968457741423 0.5828261887028711 0
vn 0.8125968457741423 0.5828261887028711 0
vn 0.8125968457741423 0.5828261887028711 0
vn 0.8125968457741423 0.5828261887028711 0
vn 0.8125968457741423 0.5828261887028711 0
vn 0.7507430376853123 0.538462226057545 0.38267913775927587
vn 0.7507430376853123 0.538462226057545 0.38267913775927587
vn 0.7507430376853123 0.538462226057545 0.38267913775927587
vn 0.7507424424472721 0.5384628226838238 0.38267946599690067
vn 0.7507424424472721 0.5384628226838238 0.38267946599690067
vn 0.7507424424472721 0.5384628226838238 0.38267946599690067
vn 0.310965543517285 0.2230370382125061 0.9238803549867226
vn 0.310965543517285 0.2230370382125061 0.9238803549867226
vn 0.310965543517285 0.2230370382125061 0.9238803549867226
vn 0.3109653006945787 0.22303718406530137 0.9238804015066837
vn 0.3109653006945787 0.22303718406530137 0.9238804015066837
vn 0.3109653006945787 0.22303718406530137 0.9238804015066837
vn 0.28966952014701797 0.25007439216038474 -0.9238800612002677
vn 0.28966952014701797 0.25007439216038474 -0.9238800612002677
vn 0.28966952014701797 0.25007439216038474 -0.9238800612002677
vn 0.28966846252137185 0.2500773300339099 -0.9238795975794766
vn 0.28966846252137185 0.2500773300339099 -0.9238795975794766
vn 0.28966846252137185 0.2500773300339099 -0.9238795975794766
vn 0.6993230577284636 0.6037414666538169 -0.38267937280706693
vn 0.6993230577284636 0.6037414666538169 -0.38267937280706693
vn 0.6993230577284636 0.6037414666538169 -0.38267937280706693
vn 0.6993289422100452 0.6037315581434279 -0.3826842514254903
vn 0.6993289422100452 0.6037315581434279 -0.3826842514254903
vn 0.6993289422100452 0.6037315581434279 -0.3826842514254903
vn 0.7569484708410964 0.6534745691236392 0
vn 0.7569484708410964 0.6534745691236392 0
vn 0.7569484708410964 0.6534745691236392 0
vn 0.7569484708410964 0.6534745691236392 0
vn 0.7569484708410964 0.6534745691236392 0
vn 0.7569484708410964 0.6534745691236392 0
vn 0.6993305110855955 0.6037329455866088 0.382679195512477
vn 0.6993305110855955 0.6037329455866088 0.382679195512477
vn 0.6993305110855955 0.6037329455866088 0.382679195512477
vn 0.6993216282807205 0.6037401562699755 0.3826840523537758
vn 0.6993216282807205 0.6037401562699755 0.3826840523537758
vn 0.6993216282807205 0.6037401562699755 0.3826840523537758
vn 0.2896670491379918 0.2500761229257636 0.9238803674643739
vn 0.2896670491379918 0.2500761229257636 0.9238803674643739
vn 0.2896670491379918 0.2500761229257636 0.9238803674643739
vn 0.28966978049389347 0.2500746237812439 0.9238799168773444
vn 0.28966978049389347 0.2500746237812439 0.9238799168773444
vn 0.28966978049389347 0.2500746237812439 0.9238799168773444
vn 0.2705980604439119 0.2705980604439119 -0.9238795264362049
vn 0.2705980604439119 0.2705980604439119 -0.9238795264362049
vn 0.2705980604439119 0.2705980604439119 -0.9238795264362049
vn 0.2705980604439119 0.2705980604439119 -0.9238795264362049
vn 0.2705980604439119 0.2705980604439119 -0.9238795264362049
vn 0.2705980604439119 0.2705980604439119 -0.9238795264362049
vn 0.653281137615102 0.653281137615102 -0.3826846096626262
vn 0.653281137615102 0.653281137615102 -0.3826846096626262
vn 0.653281137615102 0.653281137615102 -0.3826846096626262
vn 0.6532817520874356 0.6532819309013709 -0.38268220646816964
vn 0.6532817520874356 0.6532819309013709 -0.38268220646816964
vn 0.6532817520874356 0.6532819309013709 -0.38268220646816964
vn 0.7071066619772459 0.707106900395829 0
vn 0.7071066619772459 0.707106900395829 0
vn 0.7071066619772459 0.707106900395829 0
vn 0.7071066619772459 0.707106900395829 0
vn 0.7071066619772459 0.707106900395829 0
vn 0.7071066619772459 0.707106900395829 0
vn 0.6532811090913129 0.653281347509898 0.38268430004388193
vn 0.6532811090913129 0.653281347509898 0.38268430004388193
vn 0.6532811090913129 0.653281347509898 0.38268430004388193
vn 0.6532819365438018 0.6532819365438018 0.38268188194786534
vn 0.6532819365438018 0.6532819365438018 0.38268188194786534
vn 0.6532819365438018 0.6532819365438018 0.38268188194786534
vn 0.270597462279359 0.270597462279359 0.9238798768324494
vn 0.270597462279359 0.270597462279359 0.9238798768324494
vn 0.270597462279359 0.270597462279359 0.9238798768324494
vn 0.270597462279359 0.270597462279359 0.9238798768324494
vn 0.270597462279359 0.270597462279359 0.9238798768324494
vn 0.270597462279359 0.270597462279359 0.9238798768324494
vn 0.25007519190393707 0.28967040851867126 -0.923879566189682
vn 0.25007519190393707 0.28967040851867126 -0.923879566189682
vn 0.25007519190393707 0.28967040851867126 -0.923879566189682
vn 0.25007554496060513 0.28966977737494387 -0.9238796685111146
vn 0.25007554496060513 0.28966977737494387 -0.9238796685111146
vn 0.25007554496060513 0.28966977737494387 -0.9238796685111146
vn 0.6037366325582971 0.6993257328493184 -0.38268211074197245
vn 0.6037366325582971 0.6993257328493184 -0.38268211074197245
vn 0.6037366325582971 0.6993257328493184 -0.38268211074197245
vn 0.6037355061875607 0.6993271108422416 -0.38268136956153614
vn 0.6037355061875607 0.6993271108422416 -0.38268136956153614
vn 0.6037355061875607 0.6993271108422416 -0.38268136956153614
vn 0.6534780240789584 0.7569454881600526 0
vn 0.6534780240789584 0.7569454881600526 0
vn 0.6534780240789584 0.7569454881600526 0
vn 0.6534780240789584 0.7569454881600526 0
vn 0.6534780240789584 0.7569454881600526 0
vn 0.6534780240789584 0.7569454881600526 0
vn 0.6037354360140038 0.6993269793906273 0.38268172049022936
vn 0.6037354360140038 0.6993269793906273 0.38268172049022936
vn 0.6037354360140038 0.6993269793906273 0.38268172049022936
vn 0.6037369956523303 0.6993260372041601 0.38268098171848536
vn 0.6037369956523303 0.6993260372041601 0.38268098171848536
vn 0.6037369956523303 0.6993260372041601 0.38268098171848536
vn 0.25007513327842945 0.28966930696690335 0.9238799274348857
vn 0.25007513327842945 0.28966930696690335 0.9238799274348857
vn 0.25007513327842945 0.28966930696690335 0.9238799274348857
vn 0.25007444371982396 0.28966957043263253 0.9238800314778941
vn 0.25007444371982396 0.28966957043263253 0.9238800314778941
vn 0.25007444371982396 0.28966957043263253 0.9238800314778941
vn 0.22303817092158845 0.31096667631341807 -0.9238797002502752
vn 0.22303817092158845 0.31096667631341807 -0.9238797002502752
vn 0.22303817092158845 0.31096667631341807 -0.9238797002502752
vn 0.2230363716779162 0.3109693430402749 -0.9238792370206456
vn 0.2230363716779162 0.3109693430402749 -0.9238792370206456
vn 0.2230363716779162 0.3109693430402749 -0.9238792370206456
vn 0.5384570430401798 0.7507458427102582 -0.38268092773705104
vn 0.5384570430401798 0.7507458427102582 -0.38268092773705104
vn 0.5384570430401798 0.7507458427102582 -0.38268092773705104
vn 0.5384655686087099 0.7507370837610927 -0.3826861148366751
vn 0.5384655686087099 0.7507370837610927 -0.3826861148366751
vn 0.5384655686087099 0.7507370837610927 -0.3826861148366751
vn 0.5828316333548789 0.8125929406294914 0
vn 0.5828316333548789 0.8125929406294914 0
vn 0.5828316333548789 0.8125929406294914 0
vn 0.5828316333548789 0.8125929406294914 0
vn 0.5828316333548789 0.8125929406294914 0
vn 0.5828316333548789 0.8125929406294914 0
vn 0.538466858162418 0.7507389011830149 0.38268073496220545
vn 0.538466858162418 0.7507389011830149 0.38268073496220545
vn 0.538466858162418 0.7507389011830149 0.38268073496220545
vn 0.5384558333992324 0.7507441493137643 0.38268595185803506
vn 0.5384558333992324 0.7507441493137643 0.38268595185803506
vn 0.5384558333992324 0.7507441493137643 0.38268595185803506
vn 0.2230352818779222 0.3109678410880985 0.9238800056536796
vn 0.2230352818779222 0.3109678410880985 0.9238800056536796
vn 0.2230352818779222 0.3109678410880985 0.9238800056536796
vn 0.2230383872140742 0.3109669642634196 0.9238795511135302
vn 0.2230383872140742 0.3109669642634196 0.9238795511135302
vn 0.2230383872140742 0.3109669642634196 0.9238795511135302
vn 0.19268739333336554 0.33063405940685486 -0.9238791518432143
vn 0.19268739333336554 0.33063405940685486 -0.9238791518432143
vn 0.19268739333336554 0.33063405940685486 -0.9238791518432143
vn 0.1926884856260022 0.33063269623502534 -0.9238794118755517
vn 0.1926884856260022 0.33063269623502534 -0.9238794118755517
vn 0.1926884856260022 0.33063269623502534 -0.9238794118755517
vn 0.46519016735622165 0.7982163346224561 -0.38268628318373465
vn 0.46519016735622165 0.7982163346224561 -0.38268628318373465
vn 0.46519016735622165 0.7982163346224561 -0.38268628318373465
vn 0.46518859658640255 0.7982176609443412 -0.38268542611721923
vn 0.46518859658640255 0.7982176609443412 -0.38268542611721923
vn 0.46518859658640255 0.7982176609443412 -0.38268542611721923
vn 0.5035169167766029 0.8639853670750351 0
vn 0.5035169167766029 0.8639853670750351 0
vn 0.5035169167766029 0.8639853670750351 0
vn 0.5035169167766029 0.8639853670750351 0
vn 0.5035169167766029 0.8639853670750351 0
vn 0.5035169167766029 0.8639853670750351 0
vn 0.46518848468451374 0.798217494669185 0.3826859089657935
vn 0.46518848468451374 0.798217494669185 0.3826859089657935
vn 0.46518848468451374 0.798217494669185 0.3826859089657935
vn 0.46519040525484046 0.7982168105674174 0.38268500125614635
vn 0.46519040525484046 0.7982168105674174 0.38268500125614635
vn 0.46519040525484046 0.7982168105674174 0.38268500125614635
vn 0.19268831115593021 0.33063243970125694 0.9238795400706036
vn 0.19268831115593021 0.33063243970125694 0.9238795400706036
vn 0.19268831115593021 0.33063243970125694 0.9238795400706036
vn 0.1926866159635952 0.33063271399646527 0.9238797954624992
vn 0.1926866159635952 0.33063271399646527 0.9238797954624992
vn 0.1926866159635952 0.33063271399646527 0.9238797954624992
vn 0.15952326023522442 0.3478493021648132 -0.9238794252646702
vn 0.15952326023522442 0.3478493021648132 -0.9238794252646702
vn 0.15952326023522442 0.3478493021648132 -0.9238794252646702
vn 0.15952551558870215 0.3478470784998182 -0.9238798730653786
vn 0.15952551558870215 0.3478470784998182 -0.9238798730653786
vn 0.15952551558870215 0.3478470784998182 -0.9238798730653786
vn 0.38512909192539835 0.8397781204923759 -0.38268562932910166
vn 0.38512909192539835 0.8397781204923759 -0.38268562932910166
vn 0.38512909192539835 0.8397781204923759 -0.38268562932910166
vn 0.38512340649807103 0.8397820692620306 -0.3826826856722206
vn 0.38512340649807103 0.8397820692620306 -0.3826826856722206
vn 0.38512340649807103 0.8397820692620306 -0.3826826856722206
vn 0.41685440763822307 0.9089732684917561 0
vn 0.41685440763822307 0.9089732684917561 0
vn 0.41685440763822307 0.9089732684917561 0
vn 0.41685440763822307 0.9089732684917561 0
vn 0.41685440763822307 0.9089732684917561 0
vn 0.41685440763822307 0.9089732684917561 0
vn 0.3851229547599099 0.839781164936508 0.38268512478913774
vn 0.3851229547599099 0.839781164936508 0.38268512478913774
vn 0.3851229547599099 0.839781164936508 0.38268512478913774
vn 0.3851297252372968 0.8397793884633461 0.38268220947775
vn 0.3851297252372968 0.8397793884633461 0.38268220947775
vn 0.3851297252372968 0.8397793884633461 0.38268220947775
vn 0.1595255741924525 0.3478472253289694 0.9238798076641276
vn 0.1595255741924525 0.3478472253289694 0.9238798076641276
vn 0.1595255741924525 0.3478472253289694 0.9238798076641276
vn 0.15952239750883238 0.34784745778096726 0.9238802686540893
vn 0.15952239750883238 0.34784745778096726 0.9238802686540893
vn 0.15952239750883238 0.34784745778096726 0.9238802686540893
vn 0.12434024809459206 0.3619189473279661 -0.9238799587981072
vn 0.12434024809459206 0.3619189473279661 -0.9238799587981072
vn 0.12434024809459206 0.3619189473279661 -0.9238799587981072
vn 0.12433706584426475 0.36192158913806427 -0.9238793521737657
vn 0.12433706584426475 0.36192158913806427 -0.9238793521737657
vn 0.12433706584426475 0.36192158913806427 -0.9238793521737657
vn 0.3001759975493529 0.8737553442920103 -0.38268259539258004
vn 0.3001759975493529 0.8737553442920103 -0.38268259539258004
vn 0.3001759975493529 0.8737553442920103 -0.38268259539258004
vn 0.3001847026855056 0.8737505246343441 -0.3826867713611529
vn 0.3001847026855056 0.8737505246343441 -0.3826867713611529
vn 0.3001847026855056 0.8737505246343441 -0.3826867713611529
vn 0.3249180555792893 0.9457421726657715 0
vn 0.3249180555792893 0.9457421726657715 0
vn 0.3249180555792893 0.9457421726657715 0
vn 0.3249180555792893 0.9457421726657715 0
vn 0.3249180555792893 0.9457421726657715 0
vn 0.3249180555792893 0.9457421726657715 0
vn 0.3001852880679645 0.873752222129267 0.3826824364296347
vn 0.3001852880679645 0.873752222129267 0.3826824364296347
vn 0.3001852880679645 0.873752222129267 0.3826824364296347
vn 0.30017545373591226 0.8737537731138081 0.38268660930822096
vn 0.30017545373591226 0.8737537731138081 0.38268660930822096
vn 0.30017545373591226 0.8737537731138081 0.38268660930822096
vn 0.12433637214368956 0.3619195602614495 0.9238802403246348
vn 0.12433637214368956 0.3619195602614495 0.9238802403246348
vn 0.12433637214368956 0.3619195602614495 0.9238802403246348
vn 0.12434049905783118 0.3619196774111136 0.9238796390205193
vn 0.12434049905783118 0.3619196774111136 0.9238796390205193
vn 0.12434049905783118 0.3619196774111136 0.9238796390205193
vn 0.08814088803997011 0.3723952389303579 -0.9238793048215374
vn 0.08814088803997011 0.3723952389303579 -0.9238793048215374
vn 0.08814088803997011 0.3723952389303579 -0.9238793048215374
vn 0.0881426697545328 0.37239405117156 -0.9238796135972354
vn 0.0881426697545328 0.37239405117156 -0.9238796135972354
vn 0.0881426697545328 0.37239405117156 -0.9238796135972354
vn 0.21279503116158077 0.8990378853795603 -0.38268675880567193
vn 0.21279503116158077 0.8990378853795603 -0.38268675880567193
vn 0.21279503116158077 0.8990378853795603 -0.38268675880567193
vn 0.2127867993868914 0.8990414382512544 -0.38268298931857275
vn 0.2127867993868914 0.8990414382512544 -0.38268298931857275
vn 0.2127867993868914 0.8990414382512544 -0.38268298931857275
vn 0.2303187210979998 0.9731152484221908 0
vn 0.2303187210979998 0.9731152484221908 0
vn 0.2303187210979998 0.9731152484221908 0
vn 0.2303187210979998 0.9731152484221908 0
vn 0.2303187210979998 0.9731152484221908 0
vn 0.2303187210979998 0.9731152484221908 0
vn 0.21278649633904526 0.8990401057196337 0.3826862883399187
vn 0.21278649633904526 0.8990401057196337 0.3826862883399187
vn 0.21278649633904526 0.8990401057196337 0.3826862883399187
vn 0.21279545726372923 0.899039591782939 0.38268251302442186
vn 0.21279545726372923 0.899039591782939 0.38268251302442186
vn 0.21279545726372923 0.899039591782939 0.38268251302442186
vn 0.08814262641391052 0.3723938781155798 0.9238796874869024
vn 0.08814262641391052 0.3723938781155798 0.9238796874869024
vn 0.08814262641391052 0.3723938781155798 0.9238796874869024
vn 0.08814050305211701 0.3723936399238266 0.9238799860728683
vn 0.08814050305211701 0.3723936399238266 0.9238799860728683
vn 0.08814050305211701 0.3723936399238266 0.9238799860728683
vn 0.051995575904823205 0.3791343902546477 -0.9238796318853242
vn 0.051995575904823205 0.3791343902546477 -0.9238796318853242
vn 0.051995575904823205 0.3791343902546477 -0.9238796318853242
vn 0.05199778906516814 0.37913320062539047 -0.9238799955166699
vn 0.05199778906516814 0.37913320062539047 -0.9238799955166699
vn 0.05199778906516814 0.37913320062539047 -0.9238799955166699
vn 0.12553414841265156 0.9153112870366825 -0.38268319195590783
vn 0.12553414841265156 0.9153112870366825 -0.38268319195590783
vn 0.12553414841265156 0.9153112870366825 -0.38268319195590783
vn 0.12553189343957427 0.9153120261855525 -0.38268216374633085
vn 0.12553189343957427 0.9153120261855525 -0.38268216374633085
vn 0.12553189343957427 0.9153120261855525 -0.38268216374633085
vn 0.13587467097482822 0.9907260336679773 0
vn 0.13587467097482822 0.9907260336679773 0
vn 0.13587467097482822 0.9907260336679773 0
vn 0.13587467097482822 0.9907260336679773 0
vn 0.13587467097482822 0.9907260336679773 0
vn 0.13587467097482822 0.9907260336679773 0
vn 0.12553186971661254 0.9153117724898023 0.38268277832563574
vn 0.12553186971661254 0.9153117724898023 0.38268277832563574
vn 0.12553186971661254 0.9153117724898023 0.38268277832563574
vn 0.12553423521290358 0.9153118640767024 0.3826817833003598
vn 0.12553423521290358 0.9153118640767024 0.3826817833003598
vn 0.12553423521290358 0.9153118640767024 0.3826817833003598
vn 0.051997783074085605 0.3791331543024222 0.9238800148634433
vn 0.051997783074085605 0.3791331543024222 0.9238800148634433
vn 0.051997783074085605 0.3791331543024222 0.9238800148634433
vn 0.051995328727956626 0.3791325925799421 0.9238803835097288
vn 0.051995328727956626 0.3791325925799421 0.9238803835097288
vn 0.051995328727956626 0.3791325925799421 0.9238803835097288
vn 0.016897635338023315 0.3823089853201084 -0.9238800299083708
vn 0.016897635338023315 0.3823089853201084 -0.9238800299083708
vn 0.016897635338023315 0.3823089853201084 -0.9238800299083708
vn 0.016892133018105958 0.3823113978096844 -0.9238791322174691
vn 0.016892133018105958 0.3823113978096844 -0.9238791322174691
vn 0.016892133018105958 0.3823113978096844 -0.9238791322174691
vn 0.04078113595524457 0.9229795786355807 -0.38268210876899633
vn 0.04078113595524457 0.9229795786355807 -0.38268210876899633
vn 0.04078113595524457 0.9229795786355807 -0.38268210876899633
vn 0.04079041928875842 0.922977550046603 -0.38268601203103536
vn 0.04079041928875842 0.922977550046603 -0.38268601203103536
vn 0.04079041928875842 0.922977550046603 -0.38268601203103536
vn 0.04415128329801497 0.9990248566392822 0
vn 0.04415128329801497 0.9990248566392822 0
vn 0.04415128329801497 0.9990248566392822 0
vn 0.04415128329801497 0.9990248566392822 0
vn 0.04415128329801497 0.9990248566392822 0
vn 0.04415128329801497 0.9990248566392822 0
vn 0.04079049457128931 0.922979236551854 0.38268193639991205
vn 0.04079049457128931 0.922979236551854 0.38268193639991205
vn 0.04079049457128931 0.922979236551854 0.38268193639991205
vn 0.04078106882217071 0.922978086757554 0.3826857141194152
vn 0.04078106882217071 0.922978086757554 0.3826857141194152
vn 0.04078106882217071 0.922978086757554 0.3826857141194152
vn 0.016892010536300458 0.3823086066388005 0.9238802894693342
vn 0.016892010536300458 0.3823086066388005 0.9238802894693342
vn 0.016892010536300458 0.3823086066388005 0.9238802894693342
vn 0.01689769685158121 0.3823104168783954 0.9238794363916644
vn 0.01689769685158121 0.3823104168783954 0.9238794363916644
vn 0.01689769685158121 0.3823104168783954 0.9238794363916644
vn 0 0.38268450033849405 -0.9238790901414953
vn 0 0.38268450033849405 -0.9238790901414953
vn 0 0.38268450033849405 -0.9238790901414953
vn 0 0.38268450033849405 -0.9238790901414953
vn 0 0.38268450033849405 -0.9238790901414953
vn 0 0.38268450033849405 -0.9238790901414953
vn 0 0.9238784760140226 -0.3826859829651552
vn 0 0.9238784760140226 -0.3826859829651552
vn 0 0.9238784760140226 -0.3826859829651552
vn 0 0.9238784865507925 -0.38268595752734
vn 0 0.9238784865507925 -0.38268595752734
vn 0 0.9238784865507925 -0.38268595752734
vn 0 1 0
vn 0 1 0
vn 0 1 0
vn 0 1 0
vn 0 1 0
vn 0 1 0
vn 0 0.9238786093764687 0.38268566100208445
vn 0 0.9238786093764687 0.38268566100208445
vn 0 0.9238786093764687 0.38268566100208445
vn 0 0.9238786199132315 0.38268563556426155
vn 0 0.9238786199132315 0.38268563556426155
vn 0 0.9238786199132315 0.38268563556426155
vn 0 0.3826836361998657 0.9238794480801317
vn 0 0.3826836361998657 0.9238794480801317
vn 0 0.3826836361998657 0.9238794480801317
vn 0 0.3826836361998657 0.9238794480801317
vn 0 0.3826836361998657 0.9238794480801317
vn 0 0.3826836361998657 0.9238794480801317
vn -0.025455793378822478 0.3818369211714338 -0.923879087442602
vn -0.025455793378822478 0.3818369211714338 -0.923879087442602
vn -0.025455793378822478 0.3818369211714338 -0.923879087442602
vn -0.025453748593923863 0.3818363013152796 -0.9238793999653765
vn -0.025453748593923863 0.3818363013152796 -0.9238793999653765
vn -0.025453748593923863 0.3818363013152796 -0.9238793999653765
vn -0.06145066258293139 0.9218325409249777 -0.38268601040529027
vn -0.06145066258293139 0.9218325409249777 -0.38268601040529027
vn -0.06145066258293139 0.9218325409249777 -0.38268601040529027
vn -0.06145711219774724 0.9218333328467068 -0.38268306705816824
vn -0.06145711219774724 0.9218333328467068 -0.38268306705816824
vn -0.06145711219774724 0.9218333328467068 -0.38268306705816824
vn -0.06652069184941295 0.99778504576681 0
vn -0.06652069184941295 0.99778504576681 0
vn -0.06652069184941295 0.99778504576681 0
vn -0.06652069184941295 0.99778504576681 0
vn -0.06652069184941295 0.99778504576681 0
vn -0.06652069184941295 0.99778504576681 0
vn -0.06145704660061225 0.9218322818339011 0.3826856093349127
vn -0.06145704660061225 0.9218322818339011 0.3826856093349127
vn -0.06145704660061225 0.9218322818339011 0.3826856093349127
vn -0.06145076003814289 0.9218339804021148 0.38268252725559293
vn -0.06145076003814289 0.9218339804021148 0.38268252725559293
vn -0.06145076003814289 0.9218339804021148 0.38268252725559293
vn -0.0254537374718873 0.3818361531112466 0.9238794615240221
vn -0.0254537374718873 0.3818361531112466 0.9238794615240221
vn -0.0254537374718873 0.3818361531112466 0.9238794615240221
vn -0.02545567823913934 0.38183516799915457 0.9238798151948351
vn -0.02545567823913934 0.38183516799915457 0.9238798151948351
vn -0.02545567823913934 0.38183516799915457 0.9238798151948351
vn -0.08605004998499567 0.37288353503381977 -0.9238794608596197
vn -0.08605004998499567 0.37288353503381977 -0.9238794608596197
vn -0.08605004998499567 0.37288353503381977 -0.9238794608596197
vn -0.08604982529658543 0.37288347035487873 -0.923879507891873
vn -0.08604982529658543 0.37288347035487873 -0.923879507891873
vn -0.08604982529658543 0.37288347035487873 -0.923879507891873
vn -0.2077426665032631 0.9002203573472987 -0.3826830186088949
vn -0.2077426665032631 0.9002203573472987 -0.3826830186088949
vn -0.2077426665032631 0.9002203573472987 -0.3826830186088949
vn -0.20774186650867946 0.9002203726085801 -0.3826834169910675
vn -0.20774186650867946 0.9002203726085801 -0.3826834169910675
vn -0.20774186650867946 0.9002203726085801 -0.3826834169910675
vn -0.22485817572350572 0.9743915028417977 0
vn -0.22485817572350572 0.9743915028417977 0
vn -0.22485817572350572 0.9743915028417977 0
vn -0.22485817572350572 0.9743915028417977 0
vn -0.22485817572350572 0.9743915028417977 0
vn -0.22485817572350572 0.9743915028417977 0
vn -0.20774192703820699 0.9002206746396534 0.3826826736367604
vn -0.20774192703820699 0.9002206746396534 0.3826826736367604
vn -0.20774192703820699 0.9002206746396534 0.3826826736367604
vn -0.20774265939544517 0.9002203265466812 0.3826830949225412
vn -0.20774265939544517 0.9002203265466812 0.3826830949225412
vn -0.20774265939544517 0.9002203265466812 0.3826830949225412
vn -0.08604965163338 0.3728826855284495 0.9238798408271854
vn -0.08604965163338 0.3728826855284495 0.9238798408271854
vn -0.08604965163338 0.3728826855284495 0.9238798408271854
vn -0.08604983199202634 0.372882602815254 0.9238798574121343
vn -0.08604983199202634 0.372882602815254 0.9238798574121343
vn -0.08604983199202634 0.372882602815254 0.9238798574121343
vn -0.158355549013778 0.34838223465240176 -0.9238795044133971
vn -0.158355549013778 0.34838223465240176 -0.9238795044133971
vn -0.158355549013778 0.34838223465240176 -0.9238795044133971
vn -0.15835715944032352 0.3483821178655866 -0.9238792724190107
vn -0.15835715944032352 0.3483821178655866 -0.9238792724190107
vn -0.15835715944032352 0.3483821178655866 -0.9238792724190107
vn -0.3823073897184598 0.8410675133790108 -0.3826832864198608
vn -0.3823073897184598 0.8410675133790108 -0.3826832864198608
vn -0.3823073897184598 0.8410675133790108 -0.3826832864198608
vn -0.3823087520063081 0.8410671963942189 -0.38268262214130877
vn -0.3823087520063081 0.8410671963942189 -0.38268262214130877
vn -0.3823087520063081 0.8410671963942189 -0.38268262214130877
vn -0.4138078571874516 0.9103642443164877 0
vn -0.4138078571874516 0.9103642443164877 0
vn -0.4138078571874516 0.9103642443164877 0
vn -0.4138078571874516 0.9103642443164877 0
vn -0.4138078571874516 0.9103642443164877 0
vn -0.4138078571874516 0.9103642443164877 0
vn -0.3823087002033901 0.8410670943484825 0.3826828981715738
vn -0.3823087002033901 0.8410670943484825 0.3826828981715738
vn -0.3823087002033901 0.8410670943484825 0.3826828981715738
vn -0.3823075906494561 0.8410679137041268 0.38268220584343265
vn -0.3823075906494561 0.8410679137041268 0.38268220584343265
vn -0.3823075906494561 0.8410679137041268 0.38268220584343265
vn -0.15835662373404946 0.3483809273908377 0.9238798131520424
vn -0.15835662373404946 0.3483809273908377 0.9238798131520424
vn -0.15835662373404946 0.3483809273908377 0.9238798131520424
vn -0.15835550493176365 0.34838208700802203 0.9238795676438251
vn -0.15835550493176365 0.34838208700802203 0.9238795676438251
vn -0.15835550493176365 0.34838208700802203 0.9238795676438251
vn -0.23494529503000627 0.30207255198375876 -0.9238792570900608
vn -0.23494529503000627 0.30207255198375876 -0.9238792570900608
vn -0.23494529503000627 0.30207255198375876 -0.9238792570900608
vn -0.23494156024847296 0.30207375103235623 -0.9238798148056139
vn -0.23494156024847296 0.30207375103235623 -0.9238798148056139
vn -0.23494156024847296 0.30207375103235623 -0.9238798148056139
vn -0.567200244992381 0.7292720098956604 -0.38268292052732994
vn -0.567200244992381 0.7292720098956604 -0.38268292052732994
vn -0.567200244992381 0.7292720098956604 -0.38268292052732994
vn -0.5672040155986914 0.7292701820980423 -0.3826808150291934
vn -0.5672040155986914 0.7292701820980423 -0.3826808150291934
vn -0.5672040155986914 0.7292701820980423 -0.3826808150291934
vn -0.6139364705252449 0.7893554396841799 0
vn -0.6139364705252449 0.7893554396841799 0
vn -0.6139364705252449 0.7893554396841799 0
vn -0.6139364705252449 0.7893554396841799 0
vn -0.6139364705252449 0.7893554396841799 0
vn -0.6139364705252449 0.7893554396841799 0
vn -0.5672035805217269 0.7292696823177706 0.38268241231531763
vn -0.5672035805217269 0.7292696823177706 0.38268241231531763
vn -0.5672035805217269 0.7292696823177706 0.38268241231531763
vn -0.5672009020761798 0.72927290580742 0.38268023928492784
vn -0.5672009020761798 0.72927290580742 0.38268023928492784
vn -0.5672009020761798 0.72927290580742 0.38268023928492784
vn -0.23494163511914642 0.30207387071077085 0.9238797566357618
vn -0.23494163511914642 0.30207387071077085 0.9238797566357618
vn -0.23494163511914642 0.30207387071077085 0.9238797566357618
vn -0.2349436875969726 0.3020704980565681 0.9238803374150751
vn -0.2349436875969726 0.3020704980565681 0.9238803374150751
vn -0.2349436875969726 0.3020704980565681 0.9238803374150751
vn -0.3020713678902249 0.23494437737973742 -0.9238798776023731
vn -0.3020713678902249 0.23494437737973742 -0.9238798776023731
vn -0.3020713678902249 0.23494437737973742 -0.9238798776023731
vn -0.30207192448129666 0.23494401224395073 -0.9238797884740633
vn -0.30207192448129666 0.23494401224395073 -0.9238797884740633
vn -0.30207192448129666 0.23494401224395073 -0.9238797884740633
vn -0.7292679557767737 0.5672064430953216 -0.3826814596871911
vn -0.7292679557767737 0.5672064430953216 -0.3826814596871911
vn -0.7292679557767737 0.5672064430953216 -0.3826814596871911
vn -0.7292671358731894 0.567207110071969 -0.3826820335724168
vn -0.7292671358731894 0.567207110071969 -0.3826820335724168
vn -0.7292671358731894 0.567207110071969 -0.3826820335724168
vn -0.7893525704190804 0.6139401596025387 0
vn -0.7893525704190804 0.6139401596025387 0
vn -0.7893525704190804 0.6139401596025387 0
vn -0.7893525704190804 0.6139401596025387 0
vn -0.7893525704190804 0.6139401596025387 0
vn -0.7893525704190804 0.6139401596025387 0
vn -0.7292674179749687 0.5672073361072169 0.38268116095030974
vn -0.7292674179749687 0.5672073361072169 0.38268116095030974
vn -0.7292674179749687 0.5672073361072169 0.38268116095030974
vn -0.7292679106449083 0.5672063351425977 0.3826817057003291
vn -0.7292679106449083 0.5672063351425977 0.3826817057003291
vn -0.7292679106449083 0.5672063351425977 0.3826817057003291
vn -0.3020711212178399 0.23494338748348056 0.9238802099861129
vn -0.3020711212178399 0.23494338748348056 0.9238802099861129
vn -0.3020711212178399 0.23494338748348056 0.9238802099861129
vn -0.30207092048950146 0.23494401946728938 0.923880114901917
vn -0.30207092048950146 0.23494401946728938 0.923880114901917
vn -0.30207092048950146 0.23494401946728938 0.923880114901917
vn -0.3483818457338047 0.15835538442445668 -0.9238796792802026
vn -0.3483818457338047 0.15835538442445668 -0.9238796792802026
vn -0.3483818457338047 0.15835538442445668 -0.9238796792802026
vn -0.3483824963485192 0.15835472648411905 -0.9238795467148918
vn -0.3483824963485192 0.15835472648411905 -0.9238795467148918
vn -0.3483824963485192 0.15835472648411905 -0.9238795467148918
vn -0.8410701862747934 0.38230234889256226 -0.382682447717313
vn -0.8410701862747934 0.38230234889256226 -0.382682447717313
vn -0.8410701862747934 0.38230234889256226 -0.382682447717313
vn -0.8410690304763819 0.3823039178201541 -0.38268342058793137
vn -0.8410690304763819 0.3823039178201541 -0.38268342058793137
vn -0.8410690304763819 0.3823039178201541 -0.38268342058793137
vn -0.9103665519683974 0.4138027803884012 0
vn -0.9103665519683974 0.4138027803884012 0
vn -0.9103665519683974 0.4138027803884012 0
vn -0.9103665519683974 0.4138027803884012 0
vn -0.9103665519683974 0.4138027803884012 0
vn -0.9103665519683974 0.4138027803884012 0
vn -0.8410695057955702 0.3823041257464249 0.38268216819974404
vn -0.8410695057955702 0.3823041257464249 0.38268216819974404
vn -0.8410695057955702 0.3823041257464249 0.38268216819974404
vn -0.8410699342220377 0.3823022234859567 0.38268312696724793
vn -0.8410699342220377 0.3823022234859567 0.38268312696724793
vn -0.8410699342220377 0.3823022234859567 0.38268312696724793
vn -0.34838152342874096 0.15835426934666594 0.9238799919433007
vn -0.34838152342874096 0.15835426934666594 0.9238799919433007
vn -0.34838152342874096 0.15835426934666594 0.9238799919433007
vn -0.34838143145198025 0.15835520695174465 0.9238798659191244
vn -0.34838143145198025 0.15835520695174465 0.9238798659191244
vn -0.34838143145198025 0.15835520695174465 0.9238798659191244
vn -0.37288338716358177 0.08605002044606737 -0.9238795232922123
vn -0.37288338716358177 0.08605002044606737 -0.9238795232922123
vn -0.37288338716358177 0.08605002044606737 -0.9238795232922123
vn -0.3728835233454121 0.08604977161619241 -0.9238794915043371
vn -0.3728835233454121 0.08604977161619241 -0.9238794915043371
vn -0.3728835233454121 0.08604977161619241 -0.9238794915043371
vn -0.9002202768180302 0.20774248286058056 -0.38268330773707715
vn -0.9002202768180302 0.20774248286058056 -0.38268330773707715
vn -0.9002202768180302 0.20774248286058056 -0.38268330773707715
vn -0.9002193240724221 0.20774452453398784 -0.3826844406201263
vn -0.9002193240724221 0.20774452453398784 -0.3826844406201263
vn -0.9002193240724221 0.20774452453398784 -0.3826844406201263
vn -0.9743908169693385 0.2248611478353367 0
vn -0.9743908169693385 0.2248611478353367 0
vn -0.9743908169693385 0.2248611478353367 0
vn -0.9743908169693385 0.2248611478353367 0
vn -0.9743908169693385 0.2248611478353367 0
vn -0.9743908169693385 0.2248611478353367 0
vn -0.9002198973350491 0.20774463848543243 0.38268303022557804
vn -0.9002198973350491 0.20774463848543243 0.38268303022557804
vn -0.9002198973350491 0.20774463848543243 0.38268303022557804
vn -0.9002199354712042 0.20774241211192654 0.3826841491231892
vn -0.9002199354712042 0.20774241211192654 0.3826841491231892
vn -0.9002199354712042 0.20774241211192654 0.3826841491231892
vn -0.3728826627386351 0.0860495638446805 0.9238798582018581
vn -0.3728826627386351 0.0860495638446805 0.9238798582018581
vn -0.3728826627386351 0.0860495638446805 0.9238798582018581
vn -0.37288267418798243 0.0860498496088992 0.9238798269649061
vn -0.37288267418798243 0.0860498496088992 0.9238798269649061
vn -0.37288267418798243 0.0860498496088992 0.9238798269649061
vn -0.3818359090919204 0.025455726403560287 -0.9238795075772673
vn -0.3818359090919204 0.025455726403560287 -0.9238795075772673
vn -0.3818359090919204 0.025455726403560287 -0.9238795075772673
vn -0.3818359357802233 0.025455599536089425 -0.9238795000426729
vn -0.3818359357802233 0.025455599536089425 -0.9238795000426729
vn -0.3818359357802233 0.025455599536089425 -0.9238795000426729
vn -0.9218331707554989 0.06145523204099639 -0.38268375945374294
vn -0.9218331707554989 0.06145523204099639 -0.38268375945374294
vn -0.9218331707554989 0.06145523204099639 -0.38268375945374294
vn -0.9218332896927068 0.061454747735112 -0.3826835507245325
vn -0.9218332896927068 0.061454747735112 -0.3826835507245325
vn -0.9218332896927068 0.061454747735112 -0.3826835507245325
vn -0.9977852156806499 0.0665181431574811 0
vn -0.9977852156806499 0.0665181431574811 0
vn -0.9977852156806499 0.0665181431574811 0
vn -0.9977852156806499 0.0665181431574811 0
vn -0.9977852156806499 0.0665181431574811 0
vn -0.9977852156806499 0.0665181431574811 0
vn -0.9218333510025574 0.061454751574081194 0.3826834024208052
vn -0.9218333510025574 0.061454751574081194 0.3826834024208052
vn -0.9218333510025574 0.061454751574081194 0.3826834024208052
vn -0.9218334159948932 0.061455247396876266 0.3826831662388285
vn -0.9218334159948932 0.061455247396876266 0.3826831662388285
vn -0.9218334159948932 0.061455247396876266 0.3826831662388285
vn -0.3818350464833715 0.025455540249631023 0.9238798692187427
vn -0.3818350464833715 0.025455540249631023 0.9238798692187427
vn -0.3818350464833715 0.025455540249631023 0.9238798692187427
vn -0.38183509609424415 0.025455673693831313 0.923879845038029
vn -0.38183509609424415 0.025455673693831313 0.923879845038029
vn -0.38183509609424415 0.025455673693831313 0.923879845038029
vn -0.38268346249921037 0 -0.9238795200293247
vn -0.38268346249921037 0 -0.9238795200293247
vn -0.38268346249921037 0 -0.9238795200293247
vn -0.3826834159879129 0 -0.9238795392949354
vn -0.3826834159879129 0 -0.9238795392949354
vn -0.3826834159879129 0 -0.9238795392949354
vn -0.9238795392949354 0 -0.3826834159879129
vn -0.9238795392949354 0 -0.3826834159879129
vn -0.9238795392949354 0 -0.3826834159879129
vn -0.9238795392949354 0 -0.3826834159879129
vn -0.9238795392949354 0 -0.3826834159879129
vn -0.9238795392949354 0 -0.3826834159879129
vn -1 0 0
vn -1 0 0
vn -1 0 0
vn -1 0 0
vn -1 0 0
vn -1 0 0
vn -0.9238796831932059 0 0.3826830685865544
vn -0.9238796831932059 0 0.3826830685865544
vn -0.9238796831932059 0 0.3826830685865544
vn -0.9238796831932059 0 0.3826830685865544
vn -0.9238796831932059 0 0.3826830685865544
vn -0.9238796831932059 0 0.3826830685865544
vn -0.3826825983601677 0 0.9238798779669956
vn -0.3826825983601677 0 0.9238798779669956
vn -0.3826825983601677 0 0.9238798779669956
vn -0.3826825983601677 0 0.9238798779669956
vn -0.3826825983601677 0 0.9238798779669956
vn -0.3826825983601677 0 0.9238798779669956
vn -0.381835883652841 -0.025455724831797994 -0.9238795181344492
vn -0.381835883652841 -0.025455724831797994 -0.9238795181344492
vn -0.381835883652841 -0.025455724831797994 -0.9238795181344492
vn -0.3818358375672099 -0.025455682768051907 -0.9238795383404482
vn -0.3818358375672099 -0.025455682768051907 -0.9238795383404482
vn -0.3818358375672099 -0.025455682768051907 -0.9238795383404482
vn -0.9218332916480897 -0.061455455670637295 -0.3826834323269852
vn -0.9218332916480897 -0.061455455670637295 -0.3826834323269852
vn -0.9218332916480897 -0.061455455670637295 -0.3826834323269852
vn -0.9218332853555911 -0.061455380745331384 -0.38268345951708393
vn -0.9218332853555911 -0.061455380745331384 -0.38268345951708393
vn -0.9218332853555911 -0.061455380745331384 -0.38268345951708393
vn -0.9977851699225773 -0.0665188295340018 0
vn -0.9977851699225773 -0.0665188295340018 0
vn -0.9977851699225773 -0.0665188295340018 0
vn -0.9977851699225773 -0.0665188295340018 0
vn -0.9977851699225773 -0.0665188295340018 0
vn -0.9977851699225773 -0.0665188295340018 0
vn -0.9218334482582954 -0.06145539086045658 0.3826830654816192
vn -0.9218334482582954 -0.06145539086045658 0.3826830654816192
vn -0.9218334482582954 -0.06145539086045658 0.3826830654816192
vn -0.9218334138456419 -0.06145547077101582 0.382683135544281
vn -0.9218334138456419 -0.06145547077101582 0.382683135544281
vn -0.9218334138456419 -0.06145547077101582 0.382683135544281
vn -0.38183502015714665 -0.025455629888338407 0.9238798776294347
vn -0.38183502015714665 -0.025455629888338407 0.9238798776294347
vn -0.38183502015714665 -0.025455629888338407 0.9238798776294347
vn -0.3818349733292432 -0.025455664143558175 0.9238798960393427
vn -0.3818349733292432 -0.025455664143558175 0.9238798960393427
vn -0.3818349733292432 -0.025455664143558175 0.9238798960393427
vn -0.3728833412103391 -0.08605000926835099 -0.92387954288031
vn -0.3728833412103391 -0.08605000926835099 -0.92387954288031
vn -0.3728833412103391 -0.08605000926835099 -0.92387954288031
vn -0.37288331674711017 -0.08604997324754686 -0.9238795561087878
vn -0.37288331674711017 -0.08604997324754686 -0.9238795561087878
vn -0.37288331674711017 -0.08604997324754686 -0.9238795561087878
vn -0.9002200782040083 -0.20774302963429644 -0.3826834781339965
vn -0.9002200782040083 -0.20774302963429644 -0.3826834781339965
vn -0.9002200782040083 -0.20774302963429644 -0.3826834781339965
vn -0.9002200878839182 -0.2077434192983086 -0.38268324383034846
vn -0.9002200878839182 -0.2077434192983086 -0.38268324383034846
vn -0.9002200878839182 -0.2077434192983086 -0.38268324383034846
vn -0.9743911128173078 -0.22485986583347448 0
vn -0.9743911128173078 -0.22485986583347448 0
vn -0.9743911128173078 -0.22485986583347448 0
vn -0.9743911128173078 -0.22485986583347448 0
vn -0.9743911128173078 -0.22485986583347448 0
vn -0.9743911128173078 -0.22485986583347448 0
vn -0.9002201449460695 -0.20774344851390064 0.38268309373792553
vn -0.9002201449460695 -0.20774344851390064 0.38268309373792553
vn -0.9002201449460695 -0.20774344851390064 0.38268309373792553
vn -0.9002203203863063 -0.20774307520633042 0.3826828836875163
vn -0.9002203203863063 -0.20774307520633042 0.3826828836875163
vn -0.9002203203863063 -0.20774307520633042 0.3826828836875163
vn -0.37288250674021306 -0.08604978574975705 0.9238799004954897
vn -0.37288250674021306 -0.08604978574975705 0.9238799004954897
vn -0.37288250674021306 -0.08604978574975705 0.9238799004954897
vn -0.3728825062620875 -0.08604980054058124 0.9238798993108521
vn -0.3728825062620875 -0.08604980054058124 0.9238798993108521
vn -0.3728825062620875 -0.08604980054058124 0.9238798993108521
vn -0.348382139378445 -0.15835550164348125 -0.9238795484592887
vn -0.348382139378445 -0.15835550164348125 -0.9238795484592887
vn -0.348382139378445 -0.15835550164348125 -0.9238795484592887
vn -0.3483821495202004 -0.15835567016614477 -0.9238795157497086
vn -0.3483821495202004 -0.15835567016614477 -0.9238795157497086
vn -0.3483821495202004 -0.15835567016614477 -0.9238795157497086
vn -0.8410688823842837 -0.38230440862178866 -0.3826832557523211
vn -0.8410688823842837 -0.38230440862178866 -0.3826832557523211
vn -0.8410688823842837 -0.38230440862178866 -0.3826832557523211
vn -0.8410690034055539 -0.3823038133989536 -0.38268358440231853
vn -0.8410690034055539 -0.3823038133989536 -0.38268358440231853
vn -0.8410690034055539 -0.3823038133989536 -0.38268358440231853
vn -0.9103665958553552 -0.41380268383703406 0
vn -0.9103665958553552 -0.41380268383703406 0
vn -0.9103665958553552 -0.41380268383703406 0
vn -0.9103665958553552 -0.41380268383703406 0
vn -0.9103665958553552 -0.41380268383703406 0
vn -0.9103665958553552 -0.41380268383703406 0
vn -0.8410692537145407 -0.3823039109199699 0.3826829368437549
vn -0.8410692537145407 -0.3823039109199699 0.3826829368437549
vn -0.8410692537145407 -0.3823039109199699 0.3826829368437549
vn -0.8410688823842837 -0.38230440862178866 0.3826832557523211
vn -0.8410688823842837 -0.38230440862178866 0.3826832557523211
vn -0.8410688823842837 -0.38230440862178866 0.3826832557523211
vn -0.3483813025941656 -0.15835529197301496 0.9238798999366387
vn -0.3483813025941656 -0.15835529197301496 0.9238798999366387
vn -0.3483813025941656 -0.15835529197301496 0.9238798999366387
vn -0.3483814060888213 -0.15835519406838514 0.9238798776914343
vn -0.3483814060888213 -0.15835519406838514 0.9238798776914343
vn -0.3483814060888213 -0.15835519406838514 0.9238798776914343
vn -0.30207205253256164 -0.23494491319070193 -0.923879517493801
vn -0.30207205253256164 -0.23494491319070193 -0.923879517493801
vn -0.30207205253256164 -0.23494491319070193 -0.923879517493801
vn -0.30207207144145504 -0.2349447855087491 -0.9238795437811773
vn -0.30207207144145504 -0.2349447855087491 -0.9238795437811773
vn -0.30207207144145504 -0.2349447855087491 -0.9238795437811773
vn -0.7292664982949532 -0.5672068989555601 -0.3826835614993595
vn -0.7292664982949532 -0.5672068989555601 -0.3826835614993595
vn -0.7292664982949532 -0.5672068989555601 -0.3826835614993595
vn -0.7292663412067879 -0.5672072138765906 -0.3826833940860518
vn -0.7292663412067879 -0.5672072138765906 -0.3826833940860518
vn -0.7292663412067879 -0.5672072138765906 -0.3826833940860518
vn -0.7893521820720352 -0.6139406589061491 0
vn -0.7893521820720352 -0.6139406589061491 0
vn -0.7893521820720352 -0.6139406589061491 0
vn -0.7893521820720352 -0.6139406589061491 0
vn -0.7893521820720352 -0.6139406589061491 0
vn -0.7893521820720352 -0.6139406589061491 0
vn -0.7292663943598007 -0.5672072684632986 0.3826832118866189
vn -0.7292663943598007 -0.5672072684632986 0.3826832118866189
vn -0.7292663943598007 -0.5672072684632986 0.3826832118866189
vn -0.7292666824091544 -0.5672070222872773 0.3826830278388966
vn -0.7292666824091544 -0.5672070222872773 0.3826830278388966
vn -0.7292666824091544 -0.5672070222872773 0.3826830278388966
vn -0.3020714273437924 -0.2349443027564249 0.9238798771403028
vn -0.3020714273437924 -0.2349443027564249 0.9238798771403028
vn -0.3020714273437924 -0.2349443027564249 0.9238798771403028
vn -0.30207132523048924 -0.23494435247836656 0.9238798978828455
vn -0.30207132523048924 -0.23494435247836656 0.9238798978828455
vn -0.30207132523048924 -0.23494435247836656 0.9238798978828455
vn -0.23494487421068985 -0.30207201093035146 -0.9238795410087922
vn -0.23494487421068985 -0.30207201093035146 -0.9238795410087922
vn -0.23494487421068985 -0.30207201093035146 -0.9238795410087922
vn -0.2349448547610995 -0.3020720838456549 -0.9238795221144528
vn -0.2349448547610995 -0.3020720838456549 -0.9238795221144528
vn -0.2349448547610995 -0.3020720838456549 -0.9238795221144528
vn -0.5672070432810381 -0.7292664709825702 -0.38268339963083114
vn -0.5672070432810381 -0.7292664709825702 -0.38268339963083114
vn -0.5672070432810381 -0.7292664709825702 -0.38268339963083114
vn -0.5672071018957008 -0.7292664101050901 -0.38268342876523215
vn -0.5672071018957008 -0.7292664101050901 -0.38268342876523215
vn -0.5672071018957008 -0.7292664101050901 -0.38268342876523215
vn -0.6139405268589346 -0.7893522847754187 0
vn -0.6139405268589346 -0.7893522847754187 0
vn -0.6139405268589346 -0.7893522847754187 0
vn -0.6139405268589346 -0.7893522847754187 0
vn -0.6139405268589346 -0.7893522847754187 0
vn -0.6139405268589346 -0.7893522847754187 0
vn -0.567207217538017 -0.72926652472827 0.38268303892847433
vn -0.567207217538017 -0.72926652472827 0.38268303892847433
vn -0.567207217538017 -0.72926652472827 0.38268303892847433
vn -0.5672071459855311 -0.7292665689714 0.38268306066983276
vn -0.5672071459855311 -0.7292665689714 0.38268306066983276
vn -0.5672071459855311 -0.7292665689714 0.38268306066983276
vn -0.23494432106519894 -0.3020713721203643 0.9238798905401788
vn -0.23494432106519894 -0.3020713721203643 0.9238798905401788
vn -0.23494432106519894 -0.3020713721203643 0.9238798905401788
vn -0.23494437737973742 -0.3020713678902249 0.9238798776023731
vn -0.23494437737973742 -0.3020713678902249 0.9238798776023731
vn -0.23494437737973742 -0.3020713678902249 0.9238798776023731
vn -0.1583555145268322 -0.34838216474158445 -0.9238795366869588
vn -0.1583555145268322 -0.34838216474158445 -0.9238795366869588
vn -0.1583555145268322 -0.34838216474158445 -0.9238795366869588
vn -0.15835550707544174 -0.34838221093340516 -0.9238795205458513
vn -0.15835550707544174 -0.34838221093340516 -0.9238795205458513
vn -0.15835550707544174 -0.34838221093340516 -0.9238795205458513
vn -0.38230401332524405 -0.8410689842876136 -0.3826834266921075
vn -0.38230401332524405 -0.8410689842876136 -0.3826834266921075
vn -0.38230401332524405 -0.8410689842876136 -0.3826834266921075
vn -0.3823040089651222 -0.8410689746953437 -0.3826834521299805
vn -0.3823040089651222 -0.8410689746953437 -0.3826834521299805
vn -0.3823040089651222 -0.8410689746953437 -0.3826834521299805
vn -0.41380290163895384 -0.9103664968545262 0
vn -0.41380290163895384 -0.9103664968545262 0
vn -0.41380290163895384 -0.9103664968545262 0
vn -0.41380290163895384 -0.9103664968545262 0
vn -0.41380290163895384 -0.9103664968545262 0
vn -0.41380290163895384 -0.9103664968545262 0
vn -0.38230407820868806 -0.8410691151102634 0.3826830743482706
vn -0.38230407820868806 -0.8410691151102634 0.3826830743482706
vn -0.38230407820868806 -0.8410691151102634 0.3826830743482706
vn -0.38230407820868806 -0.8410691151102634 0.3826830743482706
vn -0.38230407820868806 -0.8410691151102634 0.3826830743482706
vn -0.38230407820868806 -0.8410691151102634 0.3826830743482706
vn -0.15835515048590135 -0.3483814085550231 0.9238798842316059
vn -0.15835515048590135 -0.3483814085550231 0.9238798842316059
vn -0.15835515048590135 -0.3483814085550231 0.9238798842316059
vn -0.15835519406838514 -0.3483814060888213 0.9238798776914343
vn -0.15835519406838514 -0.3483814060888213 0.9238798776914343
vn -0.15835519406838514 -0.3483814060888213 0.9238798776914343
vn -0.08605002044606737 -0.37288338716358177 -0.9238795232922123
vn -0.08605002044606737 -0.37288338716358177 -0.9238795232922123
vn -0.08605002044606737 -0.37288338716358177 -0.9238795232922123
vn -0.08605004263230373 -0.3728833864463898 -0.9238795215152522
vn -0.08605004263230373 -0.3728833864463898 -0.9238795215152522
vn -0.08605004263230373 -0.3728833864463898 -0.9238795215152522
vn -0.20774317147312948 -0.9002200520890196 -0.38268346256812397
vn -0.20774317147312948 -0.9002200520890196 -0.38268346256812397
vn -0.20774317147312948 -0.9002200520890196 -0.38268346256812397
vn -0.20774302485334345 -0.9002201220582595 -0.38268337756714194
vn -0.20774302485334345 -0.9002201220582595 -0.38268337756714194
vn -0.20774302485334345 -0.9002201220582595 -0.38268337756714194
vn -0.22485940113491315 -0.9743912200555014 0
vn -0.22485940113491315 -0.9743912200555014 0
vn -0.22485940113491315 -0.9743912200555014 0
vn -0.22485940113491315 -0.9743912200555014 0
vn -0.22485940113491315 -0.9743912200555014 0
vn -0.22485940113491315 -0.9743912200555014 0
vn -0.207743029363398 -0.9002202558440452 0.38268306040246985
vn -0.207743029363398 -0.9002202558440452 0.38268306040246985
vn -0.207743029363398 -0.9002202558440452 0.38268306040246985
vn -0.2077432020876461 -0.9002202344224619 0.3826830170294196
vn -0.2077432020876461 -0.9002202344224619 0.3826830170294196
vn -0.2077432020876461 -0.9002202344224619 0.3826830170294196
vn -0.0860498560907668 -0.3728825507809343 0.9238798761689002
vn -0.0860498560907668 -0.3728825507809343 0.9238798761689002
vn -0.0860498560907668 -0.3728825507809343 0.9238798761689002
vn -0.08604981171829269 -0.37288255221531175 0.9238798797228143
vn -0.08604981171829269 -0.37288255221531175 0.9238798797228143
vn -0.08604981171829269 -0.37288255221531175 0.9238798797228143
vn -0.025455724831797994 -0.381835883652841 -0.9238795181344492
vn -0.025455724831797994 -0.381835883652841 -0.9238795181344492
vn -0.025455724831797994 -0.381835883652841 -0.9238795181344492
vn -0.025455721108921605 -0.3818358836890504 -0.9238795182220607
vn -0.025455721108921605 -0.3818358836890504 -0.9238795182220607
vn -0.025455721108921605 -0.3818358836890504 -0.9238795182220607
vn -0.06145554544082691 -0.9218332970964054 -0.38268340478643786
vn -0.06145554544082691 -0.9218332970964054 -0.38268340478643786
vn -0.06145554544082691 -0.9218332970964054 -0.38268340478643786
vn -0.06145559298580451 -0.921833283839454 -0.38268342908536274
vn -0.06145559298580451 -0.921833283839454 -0.38268342908536274
vn -0.06145559298580451 -0.921833283839454 -0.38268342908536274
vn -0.06651905948002264 -0.9977851545928579 0
vn -0.06651905948002264 -0.9977851545928579 0
vn -0.06651905948002264 -0.9977851545928579 0
vn -0.06651905948002264 -0.9977851545928579 0
vn -0.06651905948002264 -0.9977851545928579 0
vn -0.06651905948002264 -0.9977851545928579 0
vn -0.06145560611125422 -0.9218334360177346 0.38268306040016403
vn -0.06145560611125422 -0.9218334360177346 0.38268306040016403
vn -0.06145560611125422 -0.9218334360177346 0.38268306040016403
vn -0.06145555044294531 -0.921833439183401 0.3826830617143352
vn -0.06145555044294531 -0.921833439183401 0.3826830617143352
vn -0.06145555044294531 -0.921833439183401 0.3826830617143352
vn -0.0254556652556643 -0.3818350198131584 0.9238798767971281
vn -0.0254556652556643 -0.3818350198131584 0.9238798767971281
vn -0.0254556652556643 -0.3818350198131584 0.9238798767971281
vn -0.0254556671171025 -0.38183501979505374 0.9238798767533224
vn -0.0254556671171025 -0.38183501979505374 0.9238798767533224
vn -0.0254556671171025 -0.38183501979505374 0.9238798767533224
vn 0 -0.38268346249921037 -0.9238795200293247
vn 0 -0.38268346249921037 -0.9238795200293247
vn 0 -0.38268346249921037 -0.9238795200293247
vn 0 -0.3826834370613369 -0.9238795305660377
vn 0 -0.3826834370613369 -0.9238795305660377
vn 0 -0.3826834370613369 -0.9238795305660377
vn 0 -0.9238795305660377 -0.3826834370613369
vn 0 -0.9238795305660377 -0.3826834370613369
vn 0 -0.9238795305660377 -0.3826834370613369
vn 0 -0.9238795305660377 -0.3826834370613369
vn 0 -0.9238795305660377 -0.3826834370613369
vn 0 -0.9238795305660377 -0.3826834370613369
vn 0 -1 0
vn 0 -1 0
vn 0 -1 0
vn 0 -1 0
vn 0 -1 0
vn 0 -1 0
vn 0 -0.9238796831932059 0.3826830685865544
vn 0 -0.9238796831932059 0.3826830685865544
vn 0 -0.9238796831932059 0.3826830685865544
vn 0 -0.9238796831932059 0.3826830685865544
vn 0 -0.9238796831932059 0.3826830685865544
vn 0 -0.9238796831932059 0.3826830685865544
vn 0 -0.3826825983601677 0.9238798779669956
vn 0 -0.3826825983601677 0.9238798779669956
vn 0 -0.3826825983601677 0.9238798779669956
vn 0 -0.3826825983601677 0.9238798779669956
vn 0 -0.3826825983601677 0.9238798779669956
vn 0 -0.3826825983601677 0.9238798779669956
vn 0.013551153107611931 0.382443662648804 -0.9238794353968606
vn 0.013551153107611931 0.382443662648804 -0.9238794353968606
vn 0.013551153107611931 0.382443662648804 -0.9238794353968606
vn 0.013551021166961514 0.38244376072442154 -0.9238793967333042
vn 0.013551021166961514 0.38244376072442154 -0.9238793967333042
vn 0.013551021166961514 0.38244376072442154 -0.9238793967333042
vn 0.03271503005131413 0.9233000884905007 -0.3826835159791642
vn 0.03271503005131413 0.9233000884905007 -0.3826835159791642
vn 0.03271503005131413 0.9233000884905007 -0.3826835159791642
vn 0.0327161036344226 0.9232997506036554 -0.3826842394170541
vn 0.0327161036344226 0.9232997506036554 -0.3826842394170541
vn 0.0327161036344226 0.9232997506036554 -0.3826842394170541
vn 0.0354116623072665 0.9993728104029228 0
vn 0.0354116623072665 0.9993728104029228 0
vn 0.0354116623072665 0.9993728104029228 0
vn 0.0354116623072665 0.9993728104029228 0
vn 0.0354116623072665 0.9993728104029228 0
vn 0.0354116623072665 0.9993728104029228 0
vn 0.03271611792145898 0.9233002101092485 0.38268312954762834
vn 0.03271611792145898 0.9233002101092485 0.38268312954762834
vn 0.03271611792145898 0.9233002101092485 0.38268312954762834
vn 0.032715025826606944 0.9232999551864158 0.38268383796278455
vn 0.032715025826606944 0.9232999551864158 0.38268383796278455
vn 0.032715025826606944 0.9232999551864158 0.38268383796278455
vn 0.013550987364372583 0.3824427992895868 0.9238797952185098
vn 0.013550987364372583 0.3824427992895868 0.9238797952185098
vn 0.013550987364372583 0.3824427992895868 0.9238797952185098
vn 0.013551126388825649 0.38244289596068515 0.9238797531620653
vn 0.013551126388825649 0.38244289596068515 0.9238797531620653
vn 0.013551126388825649 0.38244289596068515 0.9238797531620653
vn 0.04289971333140761 0.3802715874406718 -0.9238793938504282
vn 0.04289971333140761 0.3802715874406718 -0.9238793938504282
vn 0.04289971333140761 0.3802715874406718 -0.9238793938504282
vn 0.042899794233125475 0.3802714886849239 -0.9238794307419705
vn 0.042899794233125475 0.3802714886849239 -0.9238794307419705
vn 0.042899794233125475 0.3802714886849239 -0.9238794307419705
vn 0.103569166142219 0.9180556648300291 -0.3826842354972293
vn 0.103569166142219 0.9180556648300291 -0.3826842354972293
vn 0.103569166142219 0.9180556648300291 -0.3826842354972293
vn 0.10356830288899335 0.918055971842802 -0.3826837326049571
vn 0.10356830288899335 0.918055971842802 -0.3826837326049571
vn 0.10356830288899335 0.918055971842802 -0.3826837326049571
vn 0.11210154082955717 0.9936967568346187 0
vn 0.11210154082955717 0.9936967568346187 0
vn 0.11210154082955717 0.9936967568346187 0
vn 0.11210154082955717 0.9936967568346187 0
vn 0.11210154082955717 0.9936967568346187 0
vn 0.11210154082955717 0.9936967568346187 0
vn 0.10356829527971606 0.9180559108314291 0.3826838810301901
vn 0.10356829527971606 0.9180559108314291 0.3826838810301901
vn 0.10356829527971606 0.9180559108314291 0.3826838810301901
vn 0.10356920943550522 0.9180560099576555 0.38268339582157673
vn 0.10356920943550522 0.9180560099576555 0.38268339582157673
vn 0.10356920943550522 0.9180560099576555 0.38268339582157673
vn 0.04289971002411597 0.38027069707620675 0.9238797604802383
vn 0.04289971002411597 0.38027069707620675 0.9238797604802383
vn 0.04289971002411597 0.38027069707620675 0.9238797604802383
vn 0.04289961518705883 0.3802706521622191 0.9238797833706087
vn 0.04289961518705883 0.3802706521622191 0.9238797833706087
vn 0.04289961518705883 0.3802706521622191 0.9238797833706087
vn 0.0751574999304435 0.37523078482590155 -0.9238794338673977
vn 0.0751574999304435 0.37523078482590155 -0.9238794338673977
vn 0.0751574999304435 0.37523078482590155 -0.9238794338673977
vn 0.07515800887809315 0.3752303195124339 -0.923879581449919
vn 0.07515800887809315 0.3752303195124339 -0.923879581449919
vn 0.07515800887809315 0.3752303195124339 -0.923879581449919
vn 0.18144748749589504 0.9058863343193309 -0.3826836272626676
vn 0.18144748749589504 0.9058863343193309 -0.3826836272626676
vn 0.18144748749589504 0.9058863343193309 -0.3826836272626676
vn 0.1814458653968003 0.905887060196534 -0.38268267807530487
vn 0.1814458653968003 0.905887060196534 -0.38268267807530487
vn 0.1814458653968003 0.905887060196534 -0.38268267807530487
vn 0.19639552680877884 0.9805247559595334 0
vn 0.19639552680877884 0.9805247559595334 0
vn 0.19639552680877884 0.9805247559595334 0
vn 0.19639552680877884 0.9805247559595334 0
vn 0.19639552680877884 0.9805247559595334 0
vn 0.19639552680877884 0.9805247559595334 0
vn 0.18144581121445022 0.9058867892446716 0.382683345162433
vn 0.18144581121445022 0.9058867892446716 0.382683345162433
vn 0.18144581121445022 0.9058867892446716 0.382683345162433
vn 0.18144761338564472 0.9058868445090433 0.38268235985226934
vn 0.18144761338564472 0.9058868445090433 0.38268235985226934
vn 0.18144761338564472 0.9058868445090433 0.38268235985226934
vn 0.07515790861968236 0.37522985549860927 0.9238797780633627
vn 0.07515790861968236 0.37522985549860927 0.9238797780633627
vn 0.07515790861968236 0.37522985549860927 0.9238797780633627
vn 0.07515726993538271 0.3752296273928102 0.9238799226644733
vn 0.07515726993538271 0.3752296273928102 0.9238799226644733
vn 0.07515726993538271 0.3752296273928102 0.9238799226644733
vn 0.10996323926121847 0.3665441606730509 -0.9238795723944049
vn 0.10996323926121847 0.3665441606730509 -0.9238795723944049
vn 0.10996323926121847 0.3665441606730509 -0.9238795723944049
vn 0.10996313261070383 0.3665442422720579 -0.9238795527143372
vn 0.10996313261070383 0.3665442422720579 -0.9238795527143372
vn 0.10996313261070383 0.3665442422720579 -0.9238795527143372
vn 0.26547461070048006 0.8849165213580364 -0.3826826117045564
vn 0.26547461070048006 0.8849165213580364 -0.3826826117045564
vn 0.26547461070048006 0.8849165213580364 -0.3826826117045564
vn 0.26547664239960456 0.8849154060071972 -0.3826837814062019
vn 0.26547664239960456 0.8849154060071972 -0.3826837814062019
vn 0.26547664239960456 0.8849154060071972 -0.3826837814062019
vn 0.2873499143109833 0.9578256765954182 0
vn 0.2873499143109833 0.9578256765954182 0
vn 0.2873499143109833 0.9578256765954182 0
vn 0.2873499143109833 0.9578256765954182 0
vn 0.2873499143109833 0.9578256765954182 0
vn 0.2873499143109833 0.9578256765954182 0
vn 0.26547685372854873 0.8849160110958673 0.3826822355957611
vn 0.26547685372854873 0.8849160110958673 0.3826822355957611
vn 0.26547685372854873 0.8849160110958673 0.3826822355957611
vn 0.2654745636191273 0.8849162054745253 0.3826833748150048
vn 0.2654745636191273 0.8849162054745253 0.3826833748150048
vn 0.2654745636191273 0.8849162054745253 0.3826833748150048
vn 0.10996286733735208 0.3665433580275646 0.9238799351067348
vn 0.10996286733735208 0.3665433580275646 0.9238799351067348
vn 0.10996286733735208 0.3665433580275646 0.9238799351067348
vn 0.10996302070640951 0.36654337751943006 0.9238799091190208
vn 0.10996302070640951 0.36654337751943006 0.9238799091190208
vn 0.10996302070640951 0.36654337751943006 0.9238799091190208
vn 0.14658603165193743 0.3534955106757625 -0.9238795696716207
vn 0.14658603165193743 0.3534955106757625 -0.9238795696716207
vn 0.14658603165193743 0.3534955106757625 -0.9238795696716207
vn 0.146586101117517 0.3534954091141837 -0.9238795975095244
vn 0.146586101117517 0.3534954091141837 -0.9238795975095244
vn 0.146586101117517 0.3534954091141837 -0.9238795975095244
vn 0.35389026607272017 0.8534136319947685 -0.3826837497261637
vn 0.35389026607272017 0.8534136319947685 -0.3826837497261637
vn 0.35389026607272017 0.8534136319947685 -0.3826837497261637
vn 0.35388984337480733 0.8534139168380349 -0.38268350539749957
vn 0.35388984337480733 0.8534139168380349 -0.38268350539749957
vn 0.35388984337480733 0.8534139168380349 -0.38268350539749957
vn 0.3830476160522291 0.9237285985811546 0
vn 0.3830476160522291 0.9237285985811546 0
vn 0.3830476160522291 0.9237285985811546 0
vn 0.3830476160522291 0.9237285985811546 0
vn 0.3830476160522291 0.9237285985811546 0
vn 0.3830476160522291 0.9237285985811546 0
vn 0.3538898855889962 0.8534139467695505 0.3826833996099462
vn 0.3538898855889962 0.8534139467695505 0.3826833996099462
vn 0.3538898855889962 0.8534139467695505 0.3826833996099462
vn 0.35389032692798184 0.853413873429235 0.3826831550320914
vn 0.35389032692798184 0.853413873429235 0.3826831550320914
vn 0.35389032692798184 0.853413873429235 0.3826831550320914
vn 0.14658582078110036 0.35349470057608956 0.9238799130896569
vn 0.14658582078110036 0.35349470057608956 0.9238799130896569
vn 0.14658582078110036 0.35349470057608956 0.9238799130896569
vn 0.14658568955233223 0.3534947075253295 0.9238799312519184
vn 0.14658568955233223 0.3534947075253295 0.9238799312519184
vn 0.14658568955233223 0.3534947075253295 0.9238799312519184
vn 0.18389909984260244 0.33560036745608873 -0.9238795995368764
vn 0.18389909984260244 0.33560036745608873 -0.9238795995368764
vn 0.18389909984260244 0.33560036745608873 -0.9238795995368764
vn 0.18389913876391092 0.335600384097469 -0.923879585744551
vn 0.18389913876391092 0.335600384097469 -0.923879585744551
vn 0.18389913876391092 0.335600384097469 -0.923879585744551
vn 0.44397194098272336 0.810211257757774 -0.3826834637433386
vn 0.44397194098272336 0.810211257757774 -0.3826834637433386
vn 0.44397194098272336 0.810211257757774 -0.3826834637433386
vn 0.44397098770376187 0.8102120333396988 -0.38268292764231954
vn 0.44397098770376187 0.8102120333396988 -0.38268292764231954
vn 0.44397098770376187 0.8102120333396988 -0.38268292764231954
vn 0.48055060805023375 0.8769669965868446 0
vn 0.48055060805023375 0.8769669965868446 0
vn 0.48055060805023375 0.8769669965868446 0
vn 0.48055060805023375 0.8769669965868446 0
vn 0.48055060805023375 0.8769669965868446 0
vn 0.48055060805023375 0.8769669965868446 0
vn 0.44397096863682944 0.8102119389394076 0.38268314962605937
vn 0.44397096863682944 0.8102119389394076 0.38268314962605937
vn 0.44397096863682944 0.8102119389394076 0.38268314962605937
vn 0.44397210274718896 0.8102115842718031 0.38268258478014716
vn 0.44397210274718896 0.8102115842718031 0.38268258478014716
vn 0.44397210274718896 0.8102115842718031 0.38268258478014716
vn 0.1838987370994209 0.33559961045405295 0.9238799467226928
vn 0.1838987370994209 0.33559961045405295 0.9238799467226928
vn 0.1838987370994209 0.33559961045405295 0.9238799467226928
vn 0.18389870646568443 0.335599638739117 0.9238799425457954
vn 0.18389870646568443 0.335599638739117 0.9238799425457954
vn 0.18389870646568443 0.335599638739117 0.9238799425457954
vn 0.22046499916765805 0.3127965256214913 -0.9238796013015593
vn 0.22046499916765805 0.3127965256214913 -0.9238796013015593
vn 0.22046499916765805 0.3127965256214913 -0.9238796013015593
vn 0.2204647820225151 0.3127969518950148 -0.9238795087958996
vn 0.2204647820225151 0.3127969518950148 -0.9238795087958996
vn 0.2204647820225151 0.3127969518950148 -0.9238795087958996
vn 0.532249090406397 0.7551587186417801 -0.3826829175974122
vn 0.532249090406397 0.7551587186417801 -0.3826829175974122
vn 0.532249090406397 0.7551587186417801 -0.3826829175974122
vn 0.5322487328397563 0.7551590763565151 -0.3826827090251776
vn 0.5322487328397563 0.7551590763565151 -0.3826827090251776
vn 0.5322487328397563 0.7551590763565151 -0.3826827090251776
vn 0.5761016634599596 0.817378048003901 0
vn 0.5761016634599596 0.817378048003901 0
vn 0.5761016634599596 0.817378048003901 0
vn 0.5761016634599596 0.817378048003901 0
vn 0.5761016634599596 0.817378048003901 0
vn 0.5761016634599596 0.817378048003901 0
vn 0.5322487270933363 0.7551591278080888 0.38268261548658045
vn 0.5322487270933363 0.7551591278080888 0.38268261548658045
vn 0.5322487270933363 0.7551591278080888 0.38268261548658045
vn 0.5322492559569363 0.7551588786375194 0.3826823716193522
vn 0.5322492559569363 0.7551588786375194 0.3826823716193522
vn 0.5322492559569363 0.7551588786375194 0.3826823716193522
vn 0.2204641390031916 0.3127960248031916 0.9238799761229283
vn 0.2204641390031916 0.3127960248031916 0.9238799761229283
vn 0.2204641390031916 0.3127960248031916 0.9238799761229283
vn 0.22046462105511946 0.3127959725972841 0.9238798787666836
vn 0.22046462105511946 0.3127959725972841 0.9238798787666836
vn 0.22046462105511946 0.3127959725972841 0.9238798787666836
vn 0.2547481600800835 0.28556954241076027 -0.923879543762671
vn 0.2547481600800835 0.28556954241076027 -0.923879543762671
vn 0.2547481600800835 0.28556954241076027 -0.923879543762671
vn 0.25474807099104657 0.28556981098805007 -0.9238794853110389
vn 0.25474807099104657 0.28556981098805007 -0.9238794853110389
vn 0.25474807099104657 0.28556981098805007 -0.9238794853110389
vn 0.6150162834132947 0.6894265433557702 -0.3826826524066803
vn 0.6150162834132947 0.6894265433557702 -0.3826826524066803
vn 0.6150162834132947 0.6894265433557702 -0.3826826524066803
vn 0.615016950919691 0.6894256625757285 -0.3826831664229093
vn 0.615016950919691 0.6894256625757285 -0.3826831664229093
vn 0.615016950919691 0.6894256625757285 -0.3826831664229093
vn 0.6656894682822725 0.7462288736159071 0
vn 0.6656894682822725 0.7462288736159071 0
vn 0.6656894682822725 0.7462288736159071 0
vn 0.6656894682822725 0.7462288736159071 0
vn 0.6656894682822725 0.7462288736159071 0
vn 0.6656894682822725 0.7462288736159071 0
vn 0.6150171762038413 0.6894259458754359 0.38268229398289866
vn 0.6150171762038413 0.6894259458754359 0.38268229398289866
vn 0.6150171762038413 0.6894259458754359 0.38268229398289866
vn 0.6150162112830179 0.6894265293146721 0.3826827936244431
vn 0.6150162112830179 0.6894265293146721 0.3826827936244431
vn 0.6150162112830179 0.6894265293146721 0.3826827936244431
vn 0.25474741389269673 0.285569064307631 0.9238798972947985
vn 0.25474741389269673 0.285569064307631 0.9238798972947985
vn 0.25474741389269673 0.285569064307631 0.9238798972947985
vn 0.254747683071482 0.2855690057767715 0.9238798411640867
vn 0.254747683071482 0.2855690057767715 0.9238798411640867
vn 0.254747683071482 0.2855690057767715 0.9238798411640867
vn 0.2861250874041901 0.2541242483979237 -0.92387948387987
vn 0.2861250874041901 0.2541242483979237 -0.92387948387987
vn 0.2861250874041901 0.2541242483979237 -0.92387948387987
vn 0.28612512343453195 0.2541241347200987 -0.9238795039897437
vn 0.28612512343453195 0.2541241347200987 -0.9238795039897437
vn 0.28612512343453195 0.2541241347200987 -0.9238795039897437
vn 0.6907671135048676 0.6135098970683904 -0.38268316019820653
vn 0.6907671135048676 0.6135098970683904 -0.38268316019820653
vn 0.6907671135048676 0.6135098970683904 -0.38268316019820653
vn 0.6907680735566368 0.613508293407126 -0.3826839981963301
vn 0.6907680735566368 0.613508293407126 -0.3826839981963301
vn 0.6907680735566368 0.613508293407126 -0.3826839981963301
vn 0.7476822070567813 0.6640567123753063 0
vn 0.7476822070567813 0.6640567123753063 0
vn 0.7476822070567813 0.6640567123753063 0
vn 0.7476822070567813 0.6640567123753063 0
vn 0.7476822070567813 0.6640567123753063 0
vn 0.7476822070567813 0.6640567123753063 0
vn 0.6907684884047967 0.6135085893126763 0.38268277498016845
vn 0.6907684884047967 0.6135085893126763 0.38268277498016845
vn 0.6907684884047967 0.6135085893126763 0.38268277498016845
vn 0.6907670009077981 0.6135097241271469 0.3826836406985256
vn 0.6907670009077981 0.6135097241271469 0.3826836406985256
vn 0.6907670009077981 0.6135097241271469 0.3826836406985256
vn 0.2861245637717245 0.2541236041235409 0.9238798232636656
vn 0.2861245637717245 0.2541236041235409 0.9238798232636656
vn 0.2861245637717245 0.2541236041235409 0.9238798232636656
vn 0.28612443206472987 0.25412368243057665 0.9238798425139274
vn 0.28612443206472987 0.25412368243057665 0.9238798425139274
vn 0.28612443206472987 0.25412368243057665 0.9238798425139274
vn 0.31403260457909166 0.21870125157979467 -0.9238794758076962
vn 0.31403260457909166 0.21870125157979467 -0.9238794758076962
vn 0.31403260457909166 0.21870125157979467 -0.9238794758076962
vn 0.3140326178833079 0.21870106713013207 -0.9238795149485121
vn 0.3140326178833079 0.21870106713013207 -0.9238795149485121
vn 0.3140326178833079 0.21870106713013207 -0.9238795149485121
vn 0.758141462080506 0.5279908804460672 -0.3826841434397553
vn 0.758141462080506 0.5279908804460672 -0.3826841434397553
vn 0.758141462080506 0.5279908804460672 -0.3826841434397553
vn 0.758140809530164 0.5279923131170089 -0.38268345955149097
vn 0.758140809530164 0.5279923131170089 -0.38268345955149097
vn 0.758140809530164 0.5279923131170089 -0.38268345955149097
vn 0.8206057093448602 0.5714947679468456 0
vn 0.8206057093448602 0.5714947679468456 0
vn 0.8206057093448602 0.5714947679468456 0
vn 0.8206057093448602 0.5714947679468456 0
vn 0.8206057093448602 0.5714947679468456 0
vn 0.8206057093448602 0.5714947679468456 0
vn 0.7581406941538817 0.5279921965771416 0.38268384891645896
vn 0.7581406941538817 0.5279921965771416 0.38268384891645896
vn 0.7581406941538817 0.5279921965771416 0.38268384891645896
vn 0.7581418126954397 0.5279911139806427 0.3826831266209066
vn 0.7581418126954397 0.5279911139806427 0.3826831266209066
vn 0.7581418126954397 0.5279911139806427 0.3826831266209066
vn 0.31403199696707457 0.21870063843161364 0.9238798274832477
vn 0.31403199696707457 0.21870063843161364 0.9238798274832477
vn 0.31403199696707457 0.21870063843161364 0.9238798274832477
vn 0.3140318381936571 0.21870073594134767 0.9238798583687305
vn 0.3140318381936571 0.21870073594134767 0.9238798583687305
vn 0.3140318381936571 0.21870073594134767 0.9238798583687305
vn 0.3370004986246348 0.18132092563865865 -0.9238795299454833
vn 0.3370004986246348 0.18132092563865865 -0.9238795299454833
vn 0.3370004986246348 0.18132092563865865 -0.9238795299454833
vn 0.3370005108206506 0.1813214526074902 -0.9238794220735357
vn 0.3370005108206506 0.1813214526074902 -0.9238794220735357
vn 0.3370005108206506 0.1813214526074902 -0.9238794220735357
vn 0.8135906507532675 0.4377484348298316 -0.38268336887158705
vn 0.8135906507532675 0.4377484348298316 -0.38268336887158705
vn 0.8135906507532675 0.4377484348298316 -0.38268336887158705
vn 0.8135906841881703 0.437748331342367 -0.3826834161669388
vn 0.8135906841881703 0.437748331342367 -0.3826834161669388
vn 0.8135906841881703 0.437748331342367 -0.3826834161669388
vn 0.8806241955496338 0.4738153925449869 0
vn 0.8806241955496338 0.4738153925449869 0
vn 0.8806241955496338 0.4738153925449869 0
vn 0.8806241955496338 0.4738153925449869 0
vn 0.8806241955496338 0.4738153925449869 0
vn 0.8806241955496338 0.4738153925449869 0
vn 0.8135908424443724 0.4377484119560045 0.38268298749833707
vn 0.8135908424443724 0.4377484119560045 0.38268298749833707
vn 0.8135908424443724 0.4377484119560045 0.38268298749833707
vn 0.8135907626150803 0.4377484904812028 0.3826830673923792
vn 0.8135907626150803 0.4377484904812028 0.3826830673923792
vn 0.8135907626150803 0.4377484904812028 0.3826830673923792
vn 0.33699951549389967 0.18132092582478512 0.9238798885217274
vn 0.33699951549389967 0.18132092582478512 0.9238798885217274
vn 0.33699951549389967 0.18132092582478512 0.9238798885217274
vn 0.33699997403515436 0.1813206328587156 0.9238797787591305
vn 0.33699997403515436 0.1813206328587156 0.9238797787591305
vn 0.33699997403515436 0.1813206328587156 0.9238797787591305
vn 0.35469802815339796 0.14365270572346286 -0.9238794342133715
vn 0.35469802815339796 0.14365270572346286 -0.9238794342133715
vn 0.35469802815339796 0.14365270572346286 -0.9238794342133715
vn 0.35469797777467293 0.14365229222744125 -0.9238795178487069
vn 0.35469797777467293 0.14365229222744125 -0.9238795178487069
vn 0.35469797777467293 0.14365229222744125 -0.9238795178487069
vn 0.856316624205409 0.3468073002885252 -0.38268333590063347
vn 0.856316624205409 0.3468073002885252 -0.38268333590063347
vn 0.856316624205409 0.3468073002885252 -0.38268333590063347
vn 0.8563168623666879 0.3468059888821373 -0.38268399143673854
vn 0.8563168623666879 0.3468059888821373 -0.38268399143673854
vn 0.8563168623666879 0.3468059888821373 -0.38268399143673854
vn 0.9268709286521896 0.37538018277398116 0
vn 0.9268709286521896 0.37538018277398116 0
vn 0.9268709286521896 0.37538018277398116 0
vn 0.9268709286521896 0.37538018277398116 0
vn 0.9268709286521896 0.37538018277398116 0
vn 0.9268709286521896 0.37538018277398116 0
vn 0.8563172712145788 0.34680613449800024 0.38268294460842156
vn 0.8563172712145788 0.34680613449800024 0.38268294460842156
vn 0.8563172712145788 0.34680613449800024 0.38268294460842156
vn 0.8563165222153676 0.3468072476576569 0.38268361181673094
vn 0.8563165222153676 0.3468072476576569 0.38268361181673094
vn 0.8563165222153676 0.3468072476576569 0.38268361181673094
vn 0.35469734515076545 0.1436520510649389 0.9238797982247663
vn 0.35469734515076545 0.1436520510649389 0.9238797982247663
vn 0.35469734515076545 0.1436520510649389 0.9238797982247663
vn 0.35469705294142717 0.14365229183813985 0.9238798729728429
vn 0.35469705294142717 0.14365229183813985 0.9238798729728429
vn 0.35469705294142717 0.14365229183813985 0.9238798729728429
vn 0.36737607934839633 0.1071513564766156 -0.9238795392949354
vn 0.36737607934839633 0.1071513564766156 -0.9238795392949354
vn 0.36737607934839633 0.1071513564766156 -0.9238795392949354
vn 0.3673759132428391 0.10715062257574096 -0.9238796904633314
vn 0.3673759132428391 0.10715062257574096 -0.9238796904633314
vn 0.3673759132428391 0.10715062257574096 -0.9238796904633314
vn 0.8869245780362291 0.258684698616338 -0.38268396827804413
vn 0.8869245780362291 0.258684698616338 -0.38268396827804413
vn 0.8869245780362291 0.258684698616338 -0.38268396827804413
vn 0.8869244556301401 0.25868657523027605 -0.3826829834220623
vn 0.8869244556301401 0.25868657523027605 -0.3826829834220623
vn 0.8869244556301401 0.25868657523027605 -0.3826829834220623
vn 0.9599999212264633 0.28000027008055595 0
vn 0.9599999212264633 0.28000027008055595 0
vn 0.9599999212264633 0.28000027008055595 0
vn 0.9599999212264633 0.28000027008055595 0
vn 0.9599999212264633 0.28000027008055595 0
vn 0.9599999212264633 0.28000027008055595 0
vn 0.8869241926224947 0.2586864786514906 0.382683658265973
vn 0.8869241926224947 0.2586864786514906 0.382683658265973
vn 0.8869241926224947 0.2586864786514906 0.382683658265973
vn 0.8869251102139472 0.25868481658194364 0.38268265513600624
vn 0.8869251102139472 0.25868481658194364 0.38268265513600624
vn 0.8869251102139472 0.25868481658194364 0.38268265513600624
vn 0.3673755221033312 0.10715050228457426 0.9238798599490458
vn 0.3673755221033312 0.10715050228457426 0.9238798599490458
vn 0.3673755221033312 0.10715050228457426 0.9238798599490458
vn 0.36737492528047855 0.10715102359876319 0.9238800368104617
vn 0.36737492528047855 0.10715102359876319 0.9238800368104617
vn 0.36737492528047855 0.10715102359876319 0.9238800368104617
vn 0.37568127815394475 0.07286921086586669 -0.9238796757978845
vn 0.37568127815394475 0.07286921086586669 -0.9238796757978845
vn 0.37568127815394475 0.07286921086586669 -0.9238796757978845
vn 0.3756815512059146 0.07286991960808734 -0.9238795088645644
vn 0.3756815512059146 0.07286991960808734 -0.9238795088645644
vn 0.3756815512059146 0.07286991960808734 -0.9238795088645644
vn 0.9069755100468393 0.17592354163642723 -0.3826830694888031
vn 0.9069755100468393 0.17592354163642723 -0.3826830694888031
vn 0.9069755100468393 0.17592354163642723 -0.3826830694888031
vn 0.9069754518938534 0.17592254354019743 -0.3826836661477565
vn 0.9069754518938534 0.17592254354019743 -0.3826836661477565
vn 0.9069754518938534 0.17592254354019743 -0.3826836661477565
vn 0.9817032603465499 0.19041719624276104 0
vn 0.9817032603465499 0.19041719624276104 0
vn 0.9817032603465499 0.19041719624276104 0
vn 0.9817032603465499 0.19041719624276104 0
vn 0.9817032603465499 0.19041719624276104 0
vn 0.9817032603465499 0.19041719624276104 0
vn 0.9069758450263345 0.17592261337141288 0.38268270230484547
vn 0.9069758450263345 0.17592261337141288 0.38268270230484547
vn 0.9069758450263345 0.17592261337141288 0.38268270230484547
vn 0.9069754061483075 0.17592354460621318 0.38268331436750463
vn 0.9069754061483075 0.17592354460621318 0.38268331436750463
vn 0.9069754061483075 0.17592354460621318 0.38268331436750463
vn 0.3756802967086454 0.07286967319587191 0.9238800384212397
vn 0.3756802967086454 0.07286967319587191 0.9238800384212397
vn 0.3756802967086454 0.07286967319587191 0.9238800384212397
vn 0.37568083459602125 0.07286912213330059 0.9238798631622831
vn 0.37568083459602125 0.07286912213330059 0.9238798631622831
vn 0.37568083459602125 0.07286912213330059 0.9238798631622831
vn 0.38043549892264383 0.04141838129160625 -0.9238795099203478
vn 0.38043549892264383 0.04141838129160625 -0.9238795099203478
vn 0.38043549892264383 0.04141838129160625 -0.9238795099203478
vn 0.3804355241181435 0.041418399416508406 -0.9238794987327774
vn 0.3804355241181435 0.041418399416508406 -0.9238794987327774
vn 0.3804355241181435 0.041418399416508406 -0.9238794987327774
vn 0.9184522818054607 0.0999928360921883 -0.3826837320511333
vn 0.9184522818054607 0.0999928360921883 -0.3826837320511333
vn 0.9184522818054607 0.0999928360921883 -0.3826837320511333
vn 0.9184522865952184 0.09999278445958859 -0.3826837340468411
vn 0.9184522865952184 0.09999278445958859 -0.3826837340468411
vn 0.9184522865952184 0.09999278445958859 -0.3826837340468411
vn 0.9941257249173827 0.10823143285334563 0
vn 0.9941257249173827 0.10823143285334563 0
vn 0.9941257249173827 0.10823143285334563 0
vn 0.9941257249173827 0.10823143285334563 0
vn 0.9941257249173827 0.10823143285334563 0
vn 0.9941257249173827 0.10823143285334563 0
vn 0.9184524382148899 0.09999280385066481 0.38268336508817097
vn 0.9184524382148899 0.09999280385066481 0.38268336508817097
vn 0.9184524382148899 0.09999280385066481 0.38268336508817097
vn 0.918452423634567 0.09999284696677367 0.38268338881544
vn 0.918452423634567 0.09999284696677367 0.38268338881544
vn 0.918452423634567 0.09999284696677367 0.38268338881544
vn 0.3804346352764192 0.04141830312813255 0.9238798690566236
vn 0.3804346352764192 0.04141830312813255 0.9238798690566236
vn 0.3804346352764192 0.04141830312813255 0.9238798690566236
vn 0.38043466100023293 0.04141828778294005 0.9238798591520261
vn 0.38043466100023293 0.04141828778294005 0.9238798591520261
vn 0.38043466100023293 0.04141828778294005 0.9238798591520261
vn 0.38246131081471596 0.013038453693108718 -0.923879507541531
vn 0.38246131081471596 0.013038453693108718 -0.923879507541531
vn 0.38246131081471596 0.013038453693108718 -0.923879507541531
vn 0.3824609452277222 0.01303786948253046 -0.9238796671292608
vn 0.3824609452277222 0.01303786948253046 -0.9238796671292608
vn 0.3824609452277222 0.01303786948253046 -0.9238796671292608
vn 0.9233430429974515 0.031476225042505274 -0.382683775727793
vn 0.9233430429974515 0.031476225042505274 -0.382683775727793
vn 0.9233430429974515 0.031476225042505274 -0.382683775727793
vn 0.9233437576091325 0.03147917917569283 -0.38268180850763245
vn 0.9233437576091325 0.03147917917569283 -0.38268180850763245
vn 0.9233437576091325 0.03147917917569283 -0.38268180850763245
vn 0.9994193538798637 0.03407279105614806 0
vn 0.9994193538798637 0.03407279105614806 0
vn 0.9994193538798637 0.03407279105614806 0
vn 0.9994193538798637 0.03407279105614806 0
vn 0.9994193538798637 0.03407279105614806 0
vn 0.9994193538798637 0.03407279105614806 0
vn 0.9233430630914322 0.03147915753096442 0.38268348603261176
vn 0.9233430630914322 0.03147915753096442 0.38268348603261176
vn 0.9233430630914322 0.03147915753096442 0.38268348603261176
vn 0.9233439742739133 0.03147625611318539 0.38268152617176626
vn 0.9233439742739133 0.03147625611318539 0.38268152617176626
vn 0.9233439742739133 0.03147625611318539 0.38268152617176626
vn 0.3824604750313029 0.013037854807748165 0.923879861984686
vn 0.3824604750313029 0.013037854807748165 0.923879861984686
vn 0.3824604750313029 0.013037854807748165 0.923879861984686
vn 0.3824600783121937 0.01303841142198022 0.92388001836008
vn 0.3824600783121937 0.01303841142198022 0.92388001836008
vn 0.3824600783121937 0.01303841142198022 0.92388001836008
vn 0.38246118688284575 -0.013030224365914198 -0.9238796749475219
vn 0.38246118688284575 -0.013030224365914198 -0.9238796749475219
vn 0.38246118688284575 -0.013030224365914198 -0.9238796749475219
vn 0.38246183485894863 -0.013029424098363973 -0.9238794179891613
vn 0.38246183485894863 -0.013029424098363973 -0.9238794179891613
vn 0.38246183485894863 -0.013029424098363973 -0.9238794179891613
vn 0.9233445401989149 -0.031455814418768206 -0.3826818415134253
vn 0.9233445401989149 -0.031455814418768206 -0.3826818415134253
vn 0.9233445401989149 -0.031455814418768206 -0.3826818415134253
vn 0.9233435659101585 -0.031458836957577806 -0.3826839438356269
vn 0.9233435659101585 -0.031458836957577806 -0.3826839438356269
vn 0.9233435659101585 -0.031458836957577806 -0.3826839438356269
vn 0.9994201031227946 -0.03405080724480407 0
vn 0.9994201031227946 -0.03405080724480407 0
vn 0.9994201031227946 -0.03405080724480407 0
vn 0.9994201031227946 -0.03405080724480407 0
vn 0.9994201031227946 -0.03405080724480407 0
vn 0.9994201031227946 -0.03405080724480407 0
vn 0.923344577837846 -0.0314588704391518 0.382681499485071
vn 0.923344577837846 -0.0314588704391518 0.382681499485071
vn 0.923344577837846 -0.0314588704391518 0.382681499485071
vn 0.9233438352588041 -0.03145578869316121 0.3826835445211275
vn 0.9233438352588041 -0.03145578869316121 0.3826835445211275
vn 0.9233438352588041 -0.03145578869316121 0.3826835445211275
vn 0.3824603523459332 -0.013029374997284368 0.9238800324017209
vn 0.3824603523459332 -0.013029374997284368 0.9238800324017209
vn 0.3824603523459332 -0.013029374997284368 0.9238800324017209
vn 0.38246091582503916 -0.01303021402471423 0.9238797873039233
vn 0.38246091582503916 -0.01303021402471423 0.9238797873039233
vn 0.38246091582503916 -0.01303021402471423 0.9238797873039233
vn 0.3804446157518545 -0.041336033457699525 -0.9238794438039023
vn 0.3804446157518545 -0.041336033457699525 -0.9238794438039023
vn 0.3804446157518545 -0.041336033457699525 -0.9238794438039023
vn 0.3804447151602223 -0.041335907884497175 -0.9238794084868553
vn 0.3804447151602223 -0.041335907884497175 -0.9238794084868553
vn 0.3804447151602223 -0.041335907884497175 -0.9238794084868553
vn 0.9184739137460722 -0.09979360706900324 -0.38268381956404995
vn 0.9184739137460722 -0.09979360706900324 -0.38268381956404995
vn 0.9184739137460722 -0.09979360706900324 -0.38268381956404995
vn 0.9184738481822736 -0.09979376288372602 -0.3826839362904486
vn 0.9184738481822736 -0.09979376288372602 -0.3826839362904486
vn 0.9184738481822736 -0.09979376288372602 -0.3826839362904486
vn 0.9941491532840739 -0.108016022073389 0
vn 0.9941491532840739 -0.108016022073389 0
vn 0.9941491532840739 -0.108016022073389 0
vn 0.9941491532840739 -0.108016022073389 0
vn 0.9941491532840739 -0.108016022073389 0
vn 0.9941491532840739 -0.108016022073389 0
vn 0.9184740312271124 -0.09979378569516288 0.3826834910184202
vn 0.9184740312271124 -0.09979378569516288 0.3826834910184202
vn 0.9184740312271124 -0.09979378569516288 0.3826834910184202
vn 0.918474003667848 -0.09979362623861135 0.38268359874510177
vn 0.918474003667848 -0.09979362623861135 0.38268359874510177
vn 0.918474003667848 -0.09979362623861135 0.38268359874510177
vn 0.38044377993836986 -0.041335806068479405 0.9238797981571382
vn 0.38044377993836986 -0.041335806068479405 0.9238797981571382
vn 0.38044377993836986 -0.041335806068479405 0.9238797981571382
vn 0.38044384958131816 -0.04133595244548133 0.9238797629297723
vn 0.38044384958131816 -0.04133595244548133 0.9238797629297723
vn 0.38044384958131816 -0.04133595244548133 0.9238797629297723
vn 0.3757306095603508 -0.07261794169222749 -0.9238793988307087
vn 0.3757306095603508 -0.07261794169222749 -0.9238793988307087
vn 0.3757306095603508 -0.07261794169222749 -0.9238793988307087
vn 0.37572994480171445 -0.07261863283598863 -0.9238796148548427
vn 0.37572994480171445 -0.07261863283598863 -0.9238796148548427
vn 0.37572994480171445 -0.07261863283598863 -0.9238796148548427
vn 0.9070926143332441 -0.17531692662239995 -0.3826838960052497
vn 0.9070926143332441 -0.17531692662239995 -0.3826838960052497
vn 0.9070926143332441 -0.17531692662239995 -0.3826838960052497
vn 0.9070934140242107 -0.17531517308445457 -0.3826828037948261
vn 0.9070934140242107 -0.17531517308445457 -0.3826828037948261
vn 0.9070934140242107 -0.17531517308445457 -0.3826828037948261
vn 0.9818305599123405 -0.18975972075817346 0
vn 0.9818305599123405 -0.18975972075817346 0
vn 0.9818305599123405 -0.18975972075817346 0
vn 0.9818305599123405 -0.18975972075817346 0
vn 0.9818305599123405 -0.18975972075817346 0
vn 0.9818305599123405 -0.18975972075817346 0
vn 0.9070931144368563 -0.17531509827634684 0.3826835481930199
vn 0.9070931144368563 -0.17531509827634684 0.3826835481930199
vn 0.9070931144368563 -0.17531509827634684 0.3826835481930199
vn 0.9070932079020333 -0.17531704535282377 0.382682434646215
vn 0.9070932079020333 -0.17531704535282377 0.382682434646215
vn 0.9070932079020333 -0.17531704535282377 0.382682434646215
vn 0.3757296235015379 -0.07261857449252476 0.9238797501093235
vn 0.3757296235015379 -0.07261857449252476 0.9238797501093235
vn 0.3757296235015379 -0.07261857449252476 0.9238797501093235
vn 0.37572928338521205 -0.07261768549797216 0.9238799583061386
vn 0.37572928338521205 -0.07261768549797216 0.9238799583061386
vn 0.37572928338521205 -0.07261768549797216 0.9238799583061386
vn 0.3675303647164731 -0.10662046500740241 -0.9238795957553028
vn 0.3675303647164731 -0.10662046500740241 -0.9238795957553028
vn 0.3675303647164731 -0.10662046500740241 -0.9238795957553028
vn 0.3675302311617625 -0.10662058870073705 -0.9238796346100988
vn 0.3675302311617625 -0.10662058870073705 -0.9238796346100988
vn 0.3675302311617625 -0.10662058870073705 -0.9238796346100988
vn 0.8872972556854155 -0.257405067519871 -0.3826829121717103
vn 0.8872972556854155 -0.257405067519871 -0.3826829121717103
vn 0.8872972556854155 -0.257405067519871 -0.3826829121717103
vn 0.8872970719409419 -0.2574053939150577 -0.382683118661465
vn 0.8872970719409419 -0.2574053939150577 -0.382683118661465
vn 0.8872970719409419 -0.2574053939150577 -0.382683118661465
vn 0.9604033008591016 -0.2786135310765465 0
vn 0.9604033008591016 -0.2786135310765465 0
vn 0.9604033008591016 -0.2786135310765465 0
vn 0.9604033008591016 -0.2786135310765465 0
vn 0.9604033008591016 -0.2786135310765465 0
vn 0.9604033008591016 -0.2786135310765465 0
vn 0.8872972886320422 -0.25740546450789037 0.3826825687534036
vn 0.8872972886320422 -0.25740546450789037 0.3826825687534036
vn 0.8872972886320422 -0.25740546450789037 0.3826825687534036
vn 0.8872973154670237 -0.2574051271758521 0.38268273343410253
vn 0.8872973154670237 -0.2574051271758521 0.38268273343410253
vn 0.8872973154670237 -0.2574051271758521 0.38268273343410253
vn 0.36752951979351195 -0.10662037376166018 0.9238799424055456
vn 0.36752951979351195 -0.10662037376166018 0.9238799424055456
vn 0.36752951979351195 -0.10662037376166018 0.9238799424055456
vn 0.3675294796170657 -0.106620221740514 0.9238799759321621
vn 0.3675294796170657 -0.106620221740514 0.9238799759321621
vn 0.3675294796170657 -0.106620221740514 0.9238799759321621
vn 0.35506886448849945 -0.1427323826448677 -0.9238796287479049
vn 0.35506886448849945 -0.1427323826448677 -0.9238796287479049
vn 0.35506886448849945 -0.1427323826448677 -0.9238796287479049
vn 0.35506965883540464 -0.1427317377481615 -0.9238794230925914
vn 0.35506965883540464 -0.1427317377481615 -0.9238794230925914
vn 0.35506965883540464 -0.1427317377481615 -0.9238794230925914
vn 0.8572134799019311 -0.3445847263095673 -0.38268318001786045
vn 0.8572134799019311 -0.3445847263095673 -0.38268318001786045
vn 0.8572134799019311 -0.3445847263095673 -0.38268318001786045
vn 0.8572120031518978 -0.34458693705434257 -0.38268449728701726
vn 0.8572120031518978 -0.34458693705434257 -0.38268449728701726
vn 0.8572120031518978 -0.34458693705434257 -0.38268449728701726
vn 0.9278400332843442 -0.37297838092161206 0
vn 0.9278400332843442 -0.37297838092161206 0
vn 0.9278400332843442 -0.37297838092161206 0
vn 0.9278400332843442 -0.37297838092161206 0
vn 0.9278400332843442 -0.37297838092161206 0
vn 0.9278400332843442 -0.37297838092161206 0
vn 0.8572126638510655 -0.3445871775021755 0.3826828008082468
vn 0.8572126638510655 -0.3445871775021755 0.3826828008082468
vn 0.8572126638510655 -0.3445871775021755 0.3826828008082468
vn 0.8572131357877392 -0.3445845827302155 0.3826840801203967
vn 0.8572131357877392 -0.3445845827302155 0.3826840801203967
vn 0.8572131357877392 -0.3445845827302155 0.3826840801203967
vn 0.35506836331083297 -0.14273122254984205 0.9238800005873024
vn 0.35506836331083297 -0.14273122254984205 0.9238800005873024
vn 0.35506836331083297 -0.14273122254984205 0.9238800005873024
vn 0.35506850008655566 -0.14273224581133978 0.9238797899358634
vn 0.35506850008655566 -0.14273224581133978 0.9238797899358634
vn 0.35506850008655566 -0.14273224581133978 0.9238797899358634
vn 0.33774584530841223 -0.1799291968295414 -0.9238794445733611
vn 0.33774584530841223 -0.1799291968295414 -0.9238794445733611
vn 0.33774584530841223 -0.1799291968295414 -0.9238794445733611
vn 0.3377458717111161 -0.17992919501844412 -0.9238794352739501
vn 0.3377458717111161 -0.17992919501844412 -0.9238794352739501
vn 0.3377458717111161 -0.17992919501844412 -0.9238794352739501
vn 0.8153897495688066 -0.4343869969131089 -0.3826845871091877
vn 0.8153897495688066 -0.4343869969131089 -0.3826845871091877
vn 0.8153897495688066 -0.4343869969131089 -0.3826845871091877
vn 0.8153909453028295 -0.4343855385390673 -0.3826836947483947
vn 0.8153909453028295 -0.4343855385390673 -0.3826836947483947
vn 0.8153909453028295 -0.4343855385390673 -0.3826836947483947
vn 0.8825728918627546 -0.47017559544176096 0
vn 0.8825728918627546 -0.47017559544176096 0
vn 0.8825728918627546 -0.47017559544176096 0
vn 0.8825728918627546 -0.47017559544176096 0
vn 0.8825728918627546 -0.47017559544176096 0
vn 0.8825728918627546 -0.47017559544176096 0
vn 0.8153907203780351 -0.4343854563206831 0.38268426732550803
vn 0.8153907203780351 -0.4343854563206831 0.38268426732550803
vn 0.8153907203780351 -0.4343854563206831 0.38268426732550803
vn 0.8153901769298558 -0.43438724072751783 0.38268339976987703
vn 0.8153901769298558 -0.43438724072751783 0.38268339976987703
vn 0.8153901769298558 -0.43438724072751783 0.38268339976987703
vn 0.3377451245002712 -0.17992879154022703 0.923879787012991
vn 0.3377451245002712 -0.17992879154022703 0.923879787012991
vn 0.3377451245002712 -0.17992879154022703 0.923879787012991
vn 0.3377451245002712 -0.17992879154022703 0.923879787012991
vn 0.3377451245002712 -0.17992879154022703 0.923879787012991
vn 0.3377451245002712 -0.17992879154022703 0.923879787012991
vn 0.31533834512675724 -0.2168144148664339 -0.9238794497112944
vn 0.31533834512675724 -0.2168144148664339 -0.9238794497112944
vn 0.31533834512675724 -0.2168144148664339 -0.9238794497112944
vn 0.31533813072091876 -0.21681454499618924 -0.9238794923535926
vn 0.31533813072091876 -0.21681454499618924 -0.9238794923535926
vn 0.31533813072091876 -0.21681454499618924 -0.9238794923535926
vn 0.7612933061683435 -0.5234363772220162 -0.38268376106645063
vn 0.7612933061683435 -0.5234363772220162 -0.38268376106645063
vn 0.7612933061683435 -0.5234363772220162 -0.38268376106645063
vn 0.7612927626751856 -0.5234369088155837 -0.38268411514977935
vn 0.7612927626751856 -0.5234369088155837 -0.38268411514977935
vn 0.7612927626751856 -0.5234369088155837 -0.38268411514977935
vn 0.8240175947837112 -0.5665642095004481 0
vn 0.8240175947837112 -0.5665642095004481 0
vn 0.8240175947837112 -0.5665642095004481 0
vn 0.8240175947837112 -0.5665642095004481 0
vn 0.8240175947837112 -0.5665642095004481 0
vn 0.8240175947837112 -0.5665642095004481 0
vn 0.7612930000375163 -0.5234370869032805 0.38268339936308393
vn 0.7612930000375163 -0.5234370869032805 0.38268339936308393
vn 0.7612930000375163 -0.5234370869032805 0.38268339936308393
vn 0.7612933061683435 -0.5234363772220162 0.38268376106645063
vn 0.7612933061683435 -0.5234363772220162 0.38268376106645063
vn 0.7612933061683435 -0.5234363772220162 0.38268376106645063
vn 0.3153375366646302 -0.21681411423087277 0.923879796207583
vn 0.3153375366646302 -0.21681411423087277 0.923879796207583
vn 0.3153375366646302 -0.21681411423087277 0.923879796207583
vn 0.31533756142041175 -0.21681388724365055 0.9238798410268111
vn 0.31533756142041175 -0.21681388724365055 0.9238798410268111
vn 0.31533756142041175 -0.21681388724365055 0.9238798410268111
vn 0.28817194558078607 -0.2518007146811129 -0.923879499646066
vn 0.28817194558078607 -0.2518007146811129 -0.923879499646066
vn 0.28817194558078607 -0.2518007146811129 -0.923879499646066
vn 0.28817086804172237 -0.2518011278457224 -0.9238797231391662
vn 0.28817086804172237 -0.2518011278457224 -0.9238797231391662
vn 0.28817086804172237 -0.2518011278457224 -0.9238797231391662
vn 0.6957067046244032 -0.6079023301321885 -0.38268386190236614
vn 0.6957067046244032 -0.6079023301321885 -0.38268386190236614
vn 0.6957067046244032 -0.6079023301321885 -0.38268386190236614
vn 0.6957106562521299 -0.6078992461752883 -0.3826815768713551
vn 0.6957106562521299 -0.6078992461752883 -0.3826815768713551
vn 0.6957106562521299 -0.6078992461752883 -0.3826815768713551
vn 0.7530311769070561 -0.6579848376717915 0
vn 0.7530311769070561 -0.6579848376717915 0
vn 0.7530311769070561 -0.6579848376717915 0
vn 0.7530311769070561 -0.6579848376717915 0
vn 0.7530311769070561 -0.6579848376717915 0
vn 0.7530311769070561 -0.6579848376717915 0
vn 0.6957099973398057 -0.6078987068838805 0.3826836314377106
vn 0.6957099973398057 -0.6078987068838805 0.3826836314377106
vn 0.6957099973398057 -0.6078987068838805 0.3826836314377106
vn 0.695707501582277 -0.6079030050918728 0.3826813408600117
vn 0.695707501582277 -0.6079030050918728 0.3826813408600117
vn 0.695707501582277 -0.6079030050918728 0.3826813408600117
vn 0.28817065798680347 -0.25180094777469775 0.9238798377360645
vn 0.28817065798680347 -0.25180094777469775 0.9238798377360645
vn 0.28817065798680347 -0.25180094777469775 0.9238798377360645
vn 0.2881709111750293 -0.25179982819199875 0.923880063901713
vn 0.2881709111750293 -0.25179982819199875 0.923880063901713
vn 0.2881709111750293 -0.25179982819199875 0.923880063901713
vn 0.2573428194059803 -0.2832330807439196 -0.9238796974024753
vn 0.2573428194059803 -0.2832330807439196 -0.9238796974024753
vn 0.2573428194059803 -0.2832330807439196 -0.9238796974024753
vn 0.2573439411306269 -0.2832327708742478 -0.9238794799465201
vn 0.2573439411306269 -0.2832327708742478 -0.9238794799465201
vn 0.2573439411306269 -0.2832327708742478 -0.9238794799465201
vn 0.6212835321520146 -0.683784664737148 -0.38268172800255656
vn 0.6212835321520146 -0.683784664737148 -0.38268172800255656
vn 0.6212835321520146 -0.683784664737148 -0.38268172800255656
vn 0.6212807924589514 -0.6837863360011537 -0.38268318962255793
vn 0.6212807924589514 -0.6837863360011537 -0.38268318962255793
vn 0.6212807924589514 -0.6837863360011537 -0.38268318962255793
vn 0.6724693802747879 -0.7401249439066642 0
vn 0.6724693802747879 -0.7401249439066642 0
vn 0.6724693802747879 -0.7401249439066642 0
vn 0.6724693802747879 -0.7401249439066642 0
vn 0.6724693802747879 -0.7401249439066642 0
vn 0.6724693802747879 -0.7401249439066642 0
vn 0.621281278419735 -0.6837869420891339 0.3826813176959796
vn 0.621281278419735 -0.6837869420891339 0.3826813176959796
vn 0.621281278419735 -0.6837869420891339 0.3826813176959796
vn 0.6212832277742125 -0.6837843597200751 0.38268276716970523
vn 0.6212832277742125 -0.6837843597200751 0.38268276716970523
vn 0.6212832277742125 -0.6837843597200751 0.38268276716970523
vn 0.2573429614452402 -0.28323167236097213 0.9238800896037322
vn 0.2573429614452402 -0.28323167236097213 0.9238800896037322
vn 0.2573429614452402 -0.28323167236097213 0.9238800896037322
vn 0.2573425759853507 -0.28323277721540857 0.9238798582586757
vn 0.2573425759853507 -0.28323277721540857 0.9238798582586757
vn 0.2573425759853507 -0.28323277721540857 0.9238798582586757
vn 0.2231677632926793 -0.3108742550888394 -0.9238795088916638
vn 0.2231677632926793 -0.3108742550888394 -0.9238795088916638
vn 0.2231677632926793 -0.3108742550888394 -0.9238795088916638
vn 0.2231680891481294 -0.3108742225421612 -0.9238794411311356
vn 0.2231680891481294 -0.3108742225421612 -0.9238794411311356
vn 0.2231680891481294 -0.3108742225421612 -0.9238794411311356
vn 0.5387751910557039 -0.7505164539697333 -0.3826830879769671
vn 0.5387751910557039 -0.7505164539697333 -0.3826830879769671
vn 0.5387751910557039 -0.7505164539697333 -0.3826830879769671
vn 0.5387718090533185 -0.7505180252296598 -0.3826847678896904
vn 0.5387718090533185 -0.7505180252296598 -0.3826847678896904
vn 0.5387718090533185 -0.7505180252296598 -0.3826847678896904
vn 0.5831627362108509 -0.8123553551833543 0
vn 0.5831627362108509 -0.8123553551833543 0
vn 0.5831627362108509 -0.8123553551833543 0
vn 0.5831627362108509 -0.8123553551833543 0
vn 0.5831627362108509 -0.8123553551833543 0
vn 0.5831627362108509 -0.8123553551833543 0
vn 0.5387722945249407 -0.7505187525133491 0.38268265805773954
vn 0.5387722945249407 -0.7505187525133491 0.38268265805773954
vn 0.5387722945249407 -0.7505187525133491 0.38268265805773954
vn 0.5387748478758871 -0.7505160568634263 0.38268434993671885
vn 0.5387748478758871 -0.7505160568634263 0.38268434993671885
vn 0.5387748478758871 -0.7505160568634263 0.38268434993671885
vn 0.22316748049569177 -0.31087339127431907 0.9238798678653026
vn 0.22316748049569177 -0.31087339127431907 0.9238798678653026
vn 0.22316748049569177 -0.31087339127431907 0.9238798678653026
vn 0.22316734674539537 -0.31087365999692107 0.9238798097516469
vn 0.22316734674539537 -0.31087365999692107 0.9238798097516469
vn 0.22316734674539537 -0.31087365999692107 0.9238798097516469
vn 0.18650155767594334 -0.3341614515853212 -0.9238794798342682
vn 0.18650155767594334 -0.3341614515853212 -0.9238794798342682
vn 0.18650155767594334 -0.3341614515853212 -0.9238794798342682
vn 0.18650054697374938 -0.33416148600450557 -0.9238796714127618
vn 0.18650054697374938 -0.33416148600450557 -0.9238796714127618
vn 0.18650054697374938 -0.33416148600450557 -0.9238796714127618
vn 0.4502522970820783 -0.8067374871017909 -0.3826845905925655
vn 0.4502522970820783 -0.8067374871017909 -0.3826845905925655
vn 0.4502522970820783 -0.8067374871017909 -0.3826845905925655
vn 0.450257960311454 -0.8067356407698283 -0.3826818196463788
vn 0.450257960311454 -0.8067356407698283 -0.3826818196463788
vn 0.450257960311454 -0.8067356407698283 -0.3826818196463788
vn 0.48735534283964294 -0.8732037390011876 0
vn 0.48735534283964294 -0.8732037390011876 0
vn 0.48735534283964294 -0.8732037390011876 0
vn 0.48735534283964294 -0.8732037390011876 0
vn 0.48735534283964294 -0.8732037390011876 0
vn 0.48735534283964294 -0.8732037390011876 0
vn 0.45025746842006104 -0.8067347197272027 0.3826843400488577
vn 0.45025746842006104 -0.8067347197272027 0.3826843400488577
vn 0.45025746842006104 -0.8067347197272027 0.3826843400488577
vn 0.45025290122491146 -0.8067385744920584 0.38268158743931185
vn 0.45025290122491146 -0.8067385744920584 0.38268158743931185
vn 0.45025290122491146 -0.8067385744920584 0.38268158743931185
vn 0.18650038679520117 -0.33416119467206173 0.9238798091205267
vn 0.18650038679520117 -0.33416119467206173 0.9238798091205267
vn 0.18650038679520117 -0.33416119467206173 0.9238798091205267
vn 0.18650093174272966 -0.33416031894577025 0.9238800158576626
vn 0.18650093174272966 -0.33416031894577025 0.9238800158576626
vn 0.18650093174272966 -0.33416031894577025 0.9238800158576626
vn 0.14889276226266487 -0.35252994769124885 -0.9238796357354127
vn 0.14889276226266487 -0.35252994769124885 -0.9238796357354127
vn 0.14889276226266487 -0.35252994769124885 -0.9238796357354127
vn 0.14889302453735034 -0.3525299336125477 -0.9238795988391847
vn 0.14889302453735034 -0.3525299336125477 -0.9238795988391847
vn 0.14889302453735034 -0.3525299336125477 -0.9238795988391847
vn 0.3594599393897161 -0.8510834640305507 -0.382681968777861
vn 0.3594599393897161 -0.8510834640305507 -0.382681968777861
vn 0.3594599393897161 -0.8510834640305507 -0.382681968777861
vn 0.35945793770687184 -0.8510838695969318 -0.3826829470089243
vn 0.35945793770687184 -0.8510838695969318 -0.3826829470089243
vn 0.35945793770687184 -0.8510838695969318 -0.3826829470089243
vn 0.3890743548446181 -0.921206353865541 0
vn 0.3890743548446181 -0.921206353865541 0
vn 0.3890743548446181 -0.921206353865541 0
vn 0.3890743548446181 -0.921206353865541 0
vn 0.3890743548446181 -0.921206353865541 0
vn 0.3890743548446181 -0.921206353865541 0
vn 0.35945813973462826 -0.8510843904392276 0.38268159889026365
vn 0.35945813973462826 -0.8510843904392276 0.38268159889026365
vn 0.35945813973462826 -0.8510843904392276 0.38268159889026365
vn 0.3594598265315894 -0.8510832406494474 0.38268257158579133
vn 0.3594598265315894 -0.8510832406494474 0.38268257158579133
vn 0.3594598265315894 -0.8510832406494474 0.38268257158579133
vn 0.14889264343009587 -0.35252905451352 0.9238799957008498
vn 0.14889264343009587 -0.35252905451352 0.9238799957008498
vn 0.14889264343009587 -0.35252905451352 0.9238799957008498
vn 0.14889246582937726 -0.35252926600228973 0.9238799436242431
vn 0.14889246582937726 -0.35252926600228973 0.9238799436242431
vn 0.14889246582937726 -0.35252926600228973 0.9238799436242431
vn 0.11182714075135683 -0.3659797252401709 -0.9238796086636534
vn 0.11182714075135683 -0.3659797252401709 -0.9238796086636534
vn 0.11182714075135683 -0.3659797252401709 -0.9238796086636534
vn 0.11182745226144224 -0.36597981001854785 -0.9238795373745987
vn 0.11182745226144224 -0.36597981001854785 -0.9238795373745987
vn 0.11182745226144224 -0.36597981001854785 -0.9238795373745987
vn 0.2699754558726232 -0.8835536911457302 -0.3826828034928204
vn 0.2699754558726232 -0.8835536911457302 -0.3826828034928204
vn 0.2699754558726232 -0.8835536911457302 -0.3826828034928204
vn 0.2699746832438812 -0.883553758053948 -0.3826831940863247
vn 0.2699746832438812 -0.883553758053948 -0.3826831940863247
vn 0.2699746832438812 -0.883553758053948 -0.3826831940863247
vn 0.29221845231235793 -0.9563515965000374 0
vn 0.29221845231235793 -0.9563515965000374 0
vn 0.29221845231235793 -0.9563515965000374 0
vn 0.29221845231235793 -0.9563515965000374 0
vn 0.29221845231235793 -0.9563515965000374 0
vn 0.29221845231235793 -0.9563515965000374 0
vn 0.2699747720201118 -0.8835540540129426 0.3826824481341973
vn 0.2699747720201118 -0.8835540540129426 0.3826824481341973
vn 0.2699747720201118 -0.8835540540129426 0.3826824481341973
vn 0.2699754527935973 -0.8835536810689448 0.3826828289307079
vn 0.2699754527935973 -0.8835536810689448 0.3826828289307079
vn 0.2699754527935973 -0.8835536810689448 0.3826828289307079
vn 0.11182714775156875 -0.36597882969658385 0.923879962570716
vn 0.11182714775156875 -0.36597882969658385 0.923879962570716
vn 0.11182714775156875 -0.36597882969658385 0.923879962570716
vn 0.11182693814456236 -0.3659790648726911 0.9238798947807678
vn 0.11182693814456236 -0.3659790648726911 0.9238798947807678
vn 0.11182693814456236 -0.3659790648726911 0.9238798947807678
vn 0.07649413716648257 -0.37496034391213556 -0.9238795308223083
vn 0.07649413716648257 -0.37496034391213556 -0.9238795308223083
vn 0.07649413716648257 -0.37496034391213556 -0.9238795308223083
vn 0.07649408936703164 -0.37496029893394234 -0.9238795530345268
vn 0.07649408936703164 -0.37496029893394234 -0.9238795530345268
vn 0.07649408936703164 -0.37496029893394234 -0.9238795530345268
vn 0.18467310465721473 -0.9052344158066262 -0.3826832853097997
vn 0.18467310465721473 -0.9052344158066262 -0.3826832853097997
vn 0.18467310465721473 -0.9052344158066262 -0.3826832853097997
vn 0.1846720139530693 -0.9052344014963873 -0.3826838455043469
vn 0.1846720139530693 -0.9052344014963873 -0.3826838455043469
vn 0.1846720139530693 -0.9052344014963873 -0.3826838455043469
vn 0.19988760592639895 -0.9798188327425701 0
vn 0.19988760592639895 -0.9798188327425701 0
vn 0.19988760592639895 -0.9798188327425701 0
vn 0.19988760592639895 -0.9798188327425701 0
vn 0.19988760592639895 -0.9798188327425701 0
vn 0.19988760592639895 -0.9798188327425701 0
vn 0.184672107922771 -0.9052347814900913 0.38268290128505517
vn 0.184672107922771 -0.9052347814900913 0.38268290128505517
vn 0.184672107922771 -0.9052347814900913 0.38268290128505517
vn 0.18467308548531106 -0.9052343352675682 0.3826834850761384
vn 0.18467308548531106 -0.9052343352675682 0.3826834850761384
vn 0.18467308548531106 -0.9052343352675682 0.3826834850761384
vn 0.0764939242188415 -0.37495948821544545 0.9238798957412232
vn 0.0764939242188415 -0.37495948821544545 0.9238798957412232
vn 0.0764939242188415 -0.37495948821544545 0.9238798957412232
vn 0.07649395470157418 -0.3749594617483755 0.9238799039591035
vn 0.07649395470157418 -0.3749594617483755 0.9238799039591035
vn 0.07649395470157418 -0.3749594617483755 0.9238799039591035
vn 0.043683855486928845 -0.3801819574311268 -0.923879537609549
vn 0.043683855486928845 -0.3801819574311268 -0.923879537609549
vn 0.043683855486928845 -0.3801819574311268 -0.923879537609549
vn 0.04368414270759621 -0.38018205008710837 -0.9238794859003342
vn 0.04368414270759621 -0.38018205008710837 -0.9238794859003342
vn 0.04368414270759621 -0.38018205008710837 -0.9238794859003342
vn 0.10546280124896419 -0.9178402146432186 -0.38268386160956924
vn 0.10546280124896419 -0.9178402146432186 -0.38268386160956924
vn 0.10546280124896419 -0.9178402146432186 -0.38268386160956924
vn 0.10546437581369697 -0.917840415147032 -0.38268294678094966
vn 0.10546437581369697 -0.917840415147032 -0.38268294678094966
vn 0.10546437581369697 -0.917840415147032 -0.38268294678094966
vn 0.11415378656452356 -0.9934630909163065 0
vn 0.11415378656452356 -0.9934630909163065 0
vn 0.11415378656452356 -0.9934630909163065 0
vn 0.11415378656452356 -0.9934630909163065 0
vn 0.11415378656452356 -0.9934630909163065 0
vn 0.11415378656452356 -0.9934630909163065 0
vn 0.10546434536553996 -0.9178401711078522 0.3826835404839441
vn 0.10546434536553996 -0.9178401711078522 0.3826835404839441
vn 0.10546434536553996 -0.9178401711078522 0.3826835404839441
vn 0.10546286455083531 -0.9178407236572483 0.3826826233278315
vn 0.10546286455083531 -0.9178407236572483 0.3826826233278315
vn 0.10546286455083531 -0.9178407236572483 0.3826826233278315
vn 0.04368402743337542 -0.3801810386338442 0.9238799075694264
vn 0.04368402743337542 -0.3801810386338442 0.9238799075694264
vn 0.04368402743337542 -0.3801810386338442 0.9238799075694264
vn 0.04368377725613625 -0.3801812421780333 0.9238798356391398
vn 0.04368377725613625 -0.3801812421780333 0.9238798356391398
vn 0.04368377725613625 -0.3801812421780333 0.9238798356391398
vn 0.01380177285293043 -0.38243457049283375 -0.9238794890883106
vn 0.01380177285293043 -0.38243457049283375 -0.9238794890883106
vn 0.01380177285293043 -0.38243457049283375 -0.9238794890883106
vn 0.01380181163260772 -0.38243461679455437 -0.9238794693426521
vn 0.01380181163260772 -0.38243461679455437 -0.9238794693426521
vn 0.01380181163260772 -0.38243461679455437 -0.9238794693426521
vn 0.033320516528644435 -0.9232786943931227 -0.38268289177593895
vn 0.033320516528644435 -0.9232786943931227 -0.38268289177593895
vn 0.033320516528644435 -0.9232786943931227 -0.38268289177593895
vn 0.033318139554477565 -0.9232781513299578 -0.38268440894993877
vn 0.033318139554477565 -0.9232781513299578 -0.38268440894993877
vn 0.033318139554477565 -0.9232781513299578 -0.38268440894993877
vn 0.03606330877727187 -0.9993495073096476 0
vn 0.03606330877727187 -0.9993495073096476 0
vn 0.03606330877727187 -0.9993495073096476 0
vn 0.03606330877727187 -0.9993495073096476 0
vn 0.03606330877727187 -0.9993495073096476 0
vn 0.03606330877727187 -0.9993495073096476 0
vn 0.03331816646562299 -0.9232789493044352 0.3826824813793634
vn 0.03331816646562299 -0.9232789493044352 0.3826824813793634
vn 0.03331816646562299 -0.9232789493044352 0.3826824813793634
vn 0.033320498151749985 -0.9232782244709448 0.3826840271303454
vn 0.033320498151749985 -0.9232782244709448 0.3826840271303454
vn 0.033320498151749985 -0.9232782244709448 0.3826840271303454
vn 0.013801779372605781 -0.3824337062370654 0.9238798467441163
vn 0.013801779372605781 -0.3824337062370654 0.9238798467441163
vn 0.013801779372605781 -0.3824337062370654 0.9238798467441163
vn 0.01380174350336435 -0.38243377837559506 0.9238798174187126
vn 0.01380174350336435 -0.38243377837559506 0.9238798174187126
vn 0.01380174350336435 -0.38243377837559506 0.9238798174187126
vn -0.013801774386800011 -0.3824346169911857 -0.9238794698176709
vn -0.013801774386800011 -0.3824346169911857 -0.9238794698176709
vn -0.013801774386800011 -0.3824346169911857 -0.9238794698176709
vn -0.013801847659153925 -0.38243451921247384 -0.9238795091979893
vn -0.013801847659153925 -0.38243451921247384 -0.9238795091979893
vn -0.013801847659153925 -0.38243451921247384 -0.9238795091979893
vn -0.03332058694663882 -0.9232780883015811 -0.3826843479262107
vn -0.03332058694663882 -0.9232780883015811 -0.3826843479262107
vn -0.03332058694663882 -0.9232780883015811 -0.3826843479262107
vn -0.03331806478809427 -0.9232788593648166 -0.38268270722464015
vn -0.03331806478809427 -0.9232788593648166 -0.38268270722464015
vn -0.03331806478809427 -0.9232788593648166 -0.38268270722464015
vn -0.036063204604804965 -0.9993495110688912 0
vn -0.036063204604804965 -0.9993495110688912 0
vn -0.036063204604804965 -0.9993495110688912 0
vn -0.036063204604804965 -0.9993495110688912 0
vn -0.036063204604804965 -0.9993495110688912 0
vn -0.036063204604804965 -0.9993495110688912 0
vn -0.033318045584821855 -0.9232783069386955 0.38268404170388926
vn -0.033318045584821855 -0.9232783069386955 0.38268404170388926
vn -0.033318045584821855 -0.9232783069386955 0.38268404170388926
vn -0.033320616125320536 -0.9232789054861869 0.38268237381052433
vn -0.033320616125320536 -0.9232789054861869 0.38268237381052433
vn -0.033320616125320536 -0.9232789054861869 0.38268237381052433
vn -0.013801820014574384 -0.38243375252893513 0.9238798269747655
vn -0.013801820014574384 -0.38243375252893513 0.9238798269747655
vn -0.013801820014574384 -0.38243375252893513 0.9238798269747655
vn -0.013801740264509341 -0.38243370644352737 0.9238798472428853
vn -0.013801740264509341 -0.38243370644352737 0.9238798472428853
vn -0.013801740264509341 -0.38243370644352737 0.9238798472428853
vn -0.04368386433894994 -0.38018202923255195 -0.923879507644279
vn -0.04368386433894994 -0.38018202923255195 -0.923879507644279
vn -0.04368386433894994 -0.38018202923255195 -0.923879507644279
vn -0.043683994049541534 -0.3801819041524834 -0.9238795529823525
vn -0.043683994049541534 -0.3801819041524834 -0.9238795529823525
vn -0.043683994049541534 -0.3801819041524834 -0.9238795529823525
vn -0.10546255054009074 -0.9178407738073179 -0.3826825895835382
vn -0.10546255054009074 -0.9178407738073179 -0.3826825895835382
vn -0.10546255054009074 -0.9178407738073179 -0.3826825895835382
vn -0.10546433775349397 -0.9178401100979985 -0.3826836889096669
vn -0.10546433775349397 -0.9178401100979985 -0.3826836889096669
vn -0.10546433775349397 -0.9178401100979985 -0.3826836889096669
vn -0.11415378656452356 -0.9934630909163065 0
vn -0.11415378656452356 -0.9934630909163065 0
vn -0.11415378656452356 -0.9934630909163065 0
vn -0.11415378656452356 -0.9934630909163065 0
vn -0.11415378656452356 -0.9934630909163065 0
vn -0.11415378656452356 -0.9934630909163065 0
vn -0.10546441387383251 -0.917840720195478 0.38268220465197417
vn -0.10546441387383251 -0.917840720195478 0.38268220465197417
vn -0.10546441387383251 -0.917840720195478 0.38268220465197417
vn -0.10546251368271815 -0.9178404792263957 0.38268330627450003
vn -0.10546251368271815 -0.9178404792263957 0.38268330627450003
vn -0.10546251368271815 -0.9178404792263957 0.38268330627450003
vn -0.04368390887733455 -0.3801811635283413 0.9238798617804338
vn -0.04368390887733455 -0.3801811635283413 0.9238798617804338
vn -0.04368390887733455 -0.3801811635283413 0.9238798617804338
vn -0.04368375873441932 -0.38018109407792916 0.923879897458832
vn -0.04368375873441932 -0.38018109407792916 0.923879897458832
vn -0.04368375873441932 -0.38018109407792916 0.923879897458832
vn -0.07649412640195442 -0.37496029786544516 -0.9238795504018141
vn -0.07649412640195442 -0.37496029786544516 -0.9238795504018141
vn -0.07649412640195442 -0.37496029786544516 -0.9238795504018141
vn -0.07649388020021756 -0.37496050485144244 -0.9238794867803194
vn -0.07649388020021756 -0.37496050485144244 -0.9238794867803194
vn -0.07649388020021756 -0.37496050485144244 -0.9238794867803194
vn -0.1846725000186263 -0.9052344332940644 -0.3826835357258584
vn -0.1846725000186263 -0.9052344332940644 -0.3826835357258584
vn -0.1846725000186263 -0.9052344332940644 -0.3826835357258584
vn -0.18467264970024516 -0.9052343769737011 -0.38268359671891566
vn -0.18467264970024516 -0.9052343769737011 -0.38268359671891566
vn -0.18467264970024516 -0.9052343769737011 -0.38268359671891566
vn -0.19988825872844357 -0.9798186995676857 0
vn -0.19988825872844357 -0.9798186995676857 0
vn -0.19988825872844357 -0.9798186995676857 0
vn -0.19988825872844357 -0.9798186995676857 0
vn -0.19988825872844357 -0.9798186995676857 0
vn -0.19988825872844357 -0.9798186995676857 0
vn -0.18467271893614262 -0.9052345433937717 0.3826831696422014
vn -0.18467271893614262 -0.9052345433937717 0.3826831696422014
vn -0.18467271893614262 -0.9052345433937717 0.3826831696422014
vn -0.18467251554478192 -0.9052345555669735 0.3826832389977726
vn -0.18467251554478192 -0.9052345555669735 0.3826832389977726
vn -0.18467251554478192 -0.9052345555669735 0.3826832389977726
vn -0.07649367978834094 -0.3749594952674835 0.9238799131170635
vn -0.07649367978834094 -0.3749594952674835 0.9238799131170635
vn -0.07649367978834094 -0.3749594952674835 0.9238799131170635
vn -0.07649398762541441 -0.3749596558634236 0.9238798224509213
vn -0.07649398762541441 -0.3749596558634236 0.9238798224509213
vn -0.07649398762541441 -0.3749596558634236 0.9238798224509213
vn -0.11182724759275461 -0.3659800911587394 -0.9238794507787633
vn -0.11182724759275461 -0.3659800911587394 -0.9238794507787633
vn -0.11182724759275461 -0.3659800911587394 -0.9238794507787633
vn -0.11182806392824417 -0.3659791567212306 -0.9238797221303633
vn -0.11182806392824417 -0.3659791567212306 -0.9238797221303633
vn -0.11182806392824417 -0.3659791567212306 -0.9238797221303633
vn -0.2699771271369101 -0.8835528047152387 -0.3826836710688556
vn -0.2699771271369101 -0.8835528047152387 -0.3826836710688556
vn -0.2699771271369101 -0.8835528047152387 -0.3826836710688556
vn -0.2699738963049188 -0.8835546125936128 -0.3826817762560582
vn -0.2699738963049188 -0.8835546125936128 -0.3826817762560582
vn -0.2699738963049188 -0.8835546125936128 -0.3826817762560582
vn -0.29221739835735494 -0.9563519185411086 0
vn -0.29221739835735494 -0.9563519185411086 0
vn -0.29221739835735494 -0.9563519185411086 0
vn -0.29221739835735494 -0.9563519185411086 0
vn -0.29221739835735494 -0.9563519185411086 0
vn -0.29221739835735494 -0.9563519185411086 0
vn -0.26997372373344675 -0.8835539773724823 0.38268336462768204
vn -0.26997372373344675 -0.8835539773724823 0.38268336462768204
vn -0.26997372373344675 -0.8835539773724823 0.38268336462768204
vn -0.2699773873073224 -0.8835536724381142 0.38268148408805125
vn -0.2699773873073224 -0.8835536724381142 0.38268148408805125
vn -0.2699773873073224 -0.8835536724381142 0.38268148408805125
vn -0.1118280062291614 -0.3659789841436197 0.9238797974780133
vn -0.1118280062291614 -0.3659789841436197 0.9238797974780133
vn -0.1118280062291614 -0.3659789841436197 0.9238797974780133
vn -0.11182683132343829 -0.3659786936018682 0.9238800547828865
vn -0.11182683132343829 -0.3659786936018682 0.9238800547828865
vn -0.11182683132343829 -0.3659786936018682 0.9238800547828865
vn -0.14889270360173462 -0.3525298009140478 -0.9238797011958148
vn -0.14889270360173462 -0.3525298009140478 -0.9238797011958148
vn -0.14889270360173462 -0.3525298009140478 -0.9238797011958148
vn -0.1488924937307626 -0.3525300661641975 -0.9238796338056714
vn -0.1488924937307626 -0.3525300661641975 -0.9238796338056714
vn -0.1488924937307626 -0.3525300661641975 -0.9238796338056714
vn -0.3594588018428546 -0.8510841077044877 -0.38268160576457705
vn -0.3594588018428546 -0.8510841077044877 -0.38268160576457705
vn -0.3594588018428546 -0.8510841077044877 -0.38268160576457705
vn -0.35946055829471285 -0.8510829111481889 -0.3826826170365948
vn -0.35946055829471285 -0.8510829111481889 -0.3826826170365948
vn -0.35946055829471285 -0.8510829111481889 -0.3826826170365948
vn -0.3890771594529219 -0.9212051693255121 0
vn -0.3890771594529219 -0.9212051693255121 0
vn -0.3890771594529219 -0.9212051693255121 0
vn -0.3890771594529219 -0.9212051693255121 0
vn -0.3890771594529219 -0.9212051693255121 0
vn -0.3890771594529219 -0.9212051693255121 0
vn -0.35946079447290097 -0.8510834422854925 0.38268121394234617
vn -0.35946079447290097 -0.8510834422854925 0.38268121394234617
vn -0.35946079447290097 -0.8510834422854925 0.38268121394234617
vn -0.3594586848852324 -0.8510838746171407 0.38268223401048324
vn -0.3594586848852324 -0.8510838746171407 0.38268223401048324
vn -0.3594586848852324 -0.8510838746171407 0.38268223401048324
vn -0.14889207841127078 -0.3525291170193086 0.9238800629085783
vn -0.14889207841127078 -0.3525291170193086 0.9238800629085783
vn -0.14889207841127078 -0.3525291170193086 0.9238800629085783
vn -0.14889243318147727 -0.3525291698579138 0.9238799855720381
vn -0.14889243318147727 -0.3525291698579138 0.9238799855720381
vn -0.14889243318147727 -0.3525291698579138 0.9238799855720381
vn -0.18650134965068774 -0.3341610652140481 -0.9238796615758378
vn -0.18650134965068774 -0.3341610652140481 -0.9238796615758378
vn -0.18650134965068774 -0.3341610652140481 -0.9238796615758378
vn -0.18650123185671239 -0.3341612763661667 -0.9238796089822869
vn -0.18650123185671239 -0.3341612763661667 -0.9238796089822869
vn -0.18650123185671239 -0.3341612763661667 -0.9238796089822869
vn -0.45025415356310133 -0.8067373239423117 -0.38268275027439214
vn -0.45025415356310133 -0.8067373239423117 -0.38268275027439214
vn -0.45025415356310133 -0.8067373239423117 -0.38268275027439214
vn -0.45025452962238494 -0.8067370055454048 -0.3826829790285404
vn -0.45025452962238494 -0.8067370055454048 -0.3826829790285404
vn -0.45025452962238494 -0.8067370055454048 -0.3826829790285404
vn -0.4873518951808229 -0.8732056632109415 0
vn -0.4873518951808229 -0.8732056632109415 0
vn -0.4873518951808229 -0.8732056632109415 0
vn -0.4873518951808229 -0.8732056632109415 0
vn -0.4873518951808229 -0.8732056632109415 0
vn -0.4873518951808229 -0.8732056632109415 0
vn -0.4502546407635634 -0.8067372295080628 0.3826823761248089
vn -0.4502546407635634 -0.8067372295080628 0.3826823761248089
vn -0.4502546407635634 -0.8067372295080628 0.3826823761248089
vn -0.45025417621332514 -0.806737370732272 0.3826826249863461
vn -0.45025417621332514 -0.806737370732272 0.3826826249863461
vn -0.45025417621332514 -0.806737370732272 0.3826826249863461
vn -0.18650076384659647 -0.3341604279145611 0.9238800103371615
vn -0.18650076384659647 -0.3341604279145611 0.9238800103371615
vn -0.18650076384659647 -0.3341604279145611 0.9238800103371615
vn -0.18650097958950534 -0.33416041398468505 0.9238799718241212
vn -0.18650097958950534 -0.33416041398468505 0.9238799718241212
vn -0.18650097958950534 -0.33416041398468505 0.9238799718241212
vn -0.22316758534656078 -0.31087401787913393 -0.9238796316935823
vn -0.22316758534656078 -0.31087401787913393 -0.9238796316935823
vn -0.22316758534656078 -0.31087401787913393 -0.9238796316935823
vn -0.22316774741492604 -0.31087374708895893 -0.9238796836626606
vn -0.22316774741492604 -0.31087374708895893 -0.9238796836626606
vn -0.22316774741492604 -0.31087374708895893 -0.9238796836626606
vn -0.5387752650353347 -0.7505165932034481 -0.3826827107570905
vn -0.5387752650353347 -0.7505165932034481 -0.3826827107570905
vn -0.5387752650353347 -0.7505165932034481 -0.3826827107570905
vn -0.5387742651973093 -0.7505176252057586 -0.38268209445518586
vn -0.5387742651973093 -0.7505176252057586 -0.38268209445518586
vn -0.5387742651973093 -0.7505176252057586 -0.38268209445518586
vn -0.5831647119272918 -0.8123539368789683 0
vn -0.5831647119272918 -0.8123539368789683 0
vn -0.5831647119272918 -0.8123539368789683 0
vn -0.5831647119272918 -0.8123539368789683 0
vn -0.5831647119272918 -0.8123539368789683 0
vn -0.5831647119272918 -0.8123539368789683 0
vn -0.53877418555004 -0.7505175376815487 0.3826823782424739
vn -0.53877418555004 -0.7505175376815487 0.3826823782424739
vn -0.53877418555004 -0.7505175376815487 0.3826823782424739
vn -0.5387754924086107 -0.7505169354451547 0.3826817194351888
vn -0.5387754924086107 -0.7505169354451547 0.3826817194351888
vn -0.5387754924086107 -0.7505169354451547 0.3826817194351888
vn -0.2231673429590042 -0.3108731778852979 0.9238799728904802
vn -0.2231673429590042 -0.3108731778852979 0.9238799728904802
vn -0.2231673429590042 -0.3108731778852979 0.9238799728904802
vn -0.2231670171034944 -0.31087321043189053 0.9238800406507862
vn -0.2231670171034944 -0.31087321043189053 0.9238800406507862
vn -0.2231670171034944 -0.31087321043189053 0.9238800406507862
vn -0.2573428194059803 -0.2832330807439196 -0.9238796974024753
vn -0.2573428194059803 -0.2832330807439196 -0.9238796974024753
vn -0.2573428194059803 -0.2832330807439196 -0.9238796974024753
vn -0.25734285157909764 -0.283233023748584 -0.9238797059138015
vn -0.25734285157909764 -0.283233023748584 -0.9238797059138015
vn -0.25734285157909764 -0.283233023748584 -0.9238797059138015
vn -0.6212816684079231 -0.6837861968481115 -0.382682016170427
vn -0.6212816684079231 -0.6837861968481115 -0.382682016170427
vn -0.6212816684079231 -0.6837861968481115 -0.382682016170427
vn -0.6212812074378324 -0.6837868103579471 -0.3826816683159698
vn -0.6212812074378324 -0.6837868103579471 -0.3826816683159698
vn -0.6212812074378324 -0.6837868103579471 -0.3826816683159698
vn -0.6724693802747879 -0.7401249439066642 0
vn -0.6724693802747879 -0.7401249439066642 0
vn -0.6724693802747879 -0.7401249439066642 0
vn -0.6724693802747879 -0.7401249439066642 0
vn -0.6724693802747879 -0.7401249439066642 0
vn -0.6724693802747879 -0.7401249439066642 0
vn -0.6212812003522429 -0.6837868025594934 0.3826816937538829
vn -0.6212812003522429 -0.6837868025594934 0.3826816937538829
vn -0.6212812003522429 -0.6837868025594934 0.3826816937538829
vn -0.6212818652055452 -0.6837863954549964 0.3826813417941642
vn -0.6212818652055452 -0.6837863954549964 0.3826813417941642
vn -0.6212818652055452 -0.6837863954549964 0.3826813417941642
vn -0.2573422812518069 -0.2832324232081812 0.9238800488828284
vn -0.2573422812518069 -0.2832324232081812 0.9238800488828284
vn -0.2573422812518069 -0.2832324232081812 0.9238800488828284
vn -0.25734225342314426 -0.2832324253804032 0.9238800559684317
vn -0.25734225342314426 -0.2832324253804032 0.9238800559684317
vn -0.25734225342314426 -0.2832324253804032 0.9238800559684317
vn -0.28817155063595445 -0.25180038028937596 -0.9238797139726552
vn -0.28817155063595445 -0.25180038028937596 -0.9238797139726552
vn -0.28817155063595445 -0.25180038028937596 -0.9238797139726552
vn -0.28817158445092755 -0.25180029438861035 -0.923879726837239
vn -0.28817158445092755 -0.25180029438861035 -0.923879726837239
vn -0.28817158445092755 -0.25180029438861035 -0.923879726837239
vn -0.6957091656742309 -0.6079009147018336 -0.38268163622199
vn -0.6957091656742309 -0.6079009147018336 -0.38268163622199
vn -0.6957091656742309 -0.6079009147018336 -0.38268163622199
vn -0.6957102962522197 -0.6078989460794179 -0.38268270805483434
vn -0.6957102962522197 -0.6078989460794179 -0.38268270805483434
vn -0.6957102962522197 -0.6078989460794179 -0.38268270805483434
vn -0.7530311769070561 -0.6579848376717915 0
vn -0.7530311769070561 -0.6579848376717915 0
vn -0.7530311769070561 -0.6579848376717915 0
vn -0.7530311769070561 -0.6579848376717915 0
vn -0.7530311769070561 -0.6579848376717915 0
vn -0.7530311769070561 -0.6579848376717915 0
vn -0.6957107625595383 -0.6078993541111498 0.38268121214670636
vn -0.6957107625595383 -0.6078993541111498 0.38268121214670636
vn -0.6957107625595383 -0.6078993541111498 0.38268121214670636
vn -0.6957089437197811 -0.6079007502740252 0.38268230092935296
vn -0.6957089437197811 -0.6079007502740252 0.38268230092935296
vn -0.6957089437197811 -0.6079007502740252 0.38268230092935296
vn -0.2881709974824159 -0.2517997658789806 0.9238800539644093
vn -0.2881709974824159 -0.2517997658789806 0.9238800539644093
vn -0.2881709974824159 -0.2517997658789806 0.9238800539644093
vn -0.2881708701411993 -0.2517997885757376 0.9238800874979815
vn -0.2881708701411993 -0.2517997885757376 0.9238800874979815
vn -0.2881708701411993 -0.2517997885757376 0.9238800874979815
vn -0.31533780067302014 -0.21681403682870898 -0.9238797242610869
vn -0.31533780067302014 -0.21681403682870898 -0.9238797242610869
vn -0.31533780067302014 -0.21681403682870898 -0.9238797242610869
vn -0.31533759061482675 -0.21681563026149453 -0.9238794220132553
vn -0.31533759061482675 -0.21681563026149453 -0.9238794220132553
vn -0.31533759061482675 -0.21681563026149453 -0.9238794220132553
vn -0.7612920451051025 -0.5234389337822627 -0.3826827728818981
vn -0.7612920451051025 -0.5234389337822627 -0.3826827728818981
vn -0.7612920451051025 -0.5234389337822627 -0.3826827728818981
vn -0.7612941678711067 -0.5234340899913262 -0.3826851753078385
vn -0.7612941678711067 -0.5234340899913262 -0.3826851753078385
vn -0.7612941678711067 -0.5234340899913262 -0.3826851753078385
vn -0.8240195148954184 -0.5665614168574485 0
vn -0.8240195148954184 -0.5665614168574485 0
vn -0.8240195148954184 -0.5665614168574485 0
vn -0.8240195148954184 -0.5665614168574485 0
vn -0.8240195148954184 -0.5665614168574485 0
vn -0.8240195148954184 -0.5665614168574485 0
vn -0.7612951497546587 -0.5234347650379116 0.3826822986626607
vn -0.7612951497546587 -0.5234347650379116 0.3826822986626607
vn -0.7612951497546587 -0.5234347650379116 0.3826822986626607
vn -0.761291362668984 -0.5234384981332607 0.3826847263709359
vn -0.761291362668984 -0.5234384981332607 0.3826847263709359
vn -0.761291362668984 -0.5234384981332607 0.3826847263709359
vn -0.3153362312356455 -0.21681466961204407 0.9238801114382318
vn -0.3153362312356455 -0.21681466961204407 0.9238801114382318
vn -0.3153362312356455 -0.21681466961204407 0.9238801114382318
vn -0.31533762940660504 -0.21681393770996207 0.9238798059785285
vn -0.31533762940660504 -0.21681393770996207 0.9238798059785285
vn -0.31533762940660504 -0.21681393770996207 0.9238798059785285
vn -0.33774584530841223 -0.1799291968295414 -0.9238794445733611
vn -0.33774584530841223 -0.1799291968295414 -0.9238794445733611
vn -0.33774584530841223 -0.1799291968295414 -0.9238794445733611
vn -0.3377458717111161 -0.17992919501844412 -0.9238794352739501
vn -0.3377458717111161 -0.17992919501844412 -0.9238794352739501
vn -0.3377458717111161 -0.17992919501844412 -0.9238794352739501
vn -0.8153895178567664 -0.4343868514743076 -0.382685245907845
vn -0.8153895178567664 -0.4343868514743076 -0.382685245907845
vn -0.8153895178567664 -0.4343868514743076 -0.382685245907845
vn -0.8153890957881662 -0.43438824960710337 -0.38268455818471897
vn -0.8153890957881662 -0.43438824960710337 -0.38268455818471897
vn -0.8153890957881662 -0.43438824960710337 -0.38268455818471897
vn -0.8825712367576998 -0.47017870224839464 0
vn -0.8825712367576998 -0.47017870224839464 0
vn -0.8825712367576998 -0.47017870224839464 0
vn -0.8825712367576998 -0.47017870224839464 0
vn -0.8825712367576998 -0.47017870224839464 0
vn -0.8825712367576998 -0.47017870224839464 0
vn -0.8153889653548655 -0.4343881840230083 0.38268491054484394
vn -0.8153889653548655 -0.4343881840230083 0.38268491054484394
vn -0.8153889653548655 -0.4343881840230083 0.38268491054484394
vn -0.8153898800020067 -0.4343870624971283 0.38268423474900126
vn -0.8153898800020067 -0.4343870624971283 0.38268423474900126
vn -0.8153898800020067 -0.4343870624971283 0.38268423474900126
vn -0.3377451245002712 -0.17992879154022703 0.923879787012991
vn -0.3377451245002712 -0.17992879154022703 0.923879787012991
vn -0.3377451245002712 -0.17992879154022703 0.923879787012991
vn -0.3377451245002712 -0.17992879154022703 0.923879787012991
vn -0.3377451245002712 -0.17992879154022703 0.923879787012991
vn -0.3377451245002712 -0.17992879154022703 0.923879787012991
vn -0.35506930400469133 -0.1427325733375804 -0.9238794303706822
vn -0.35506930400469133 -0.1427325733375804 -0.9238794303706822
vn -0.35506930400469133 -0.1427325733375804 -0.9238794303706822
vn -0.35506916722918164 -0.1427315500761705 -0.9238796410225898
vn -0.35506916722918164 -0.1427315500761705 -0.9238796410225898
vn -0.35506916722918164 -0.1427315500761705 -0.9238796410225898
vn -0.8572130044643554 -0.34458451825591846 -0.38268443234018495
vn -0.8572130044643554 -0.34458451825591846 -0.38268443234018495
vn -0.8572130044643554 -0.34458451825591846 -0.38268443234018495
vn -0.8572130975945484 -0.3445839058838144 -0.3826847751325022
vn -0.8572130975945484 -0.3445839058838144 -0.3826847751325022
vn -0.8572130975945484 -0.3445839058838144 -0.3826847751325022
vn -0.9278413398712045 -0.37297513057308257 0
vn -0.9278413398712045 -0.37297513057308257 0
vn -0.9278413398712045 -0.37297513057308257 0
vn -0.9278413398712045 -0.37297513057308257 0
vn -0.9278413398712045 -0.37297513057308257 0
vn -0.9278413398712045 -0.37297513057308257 0
vn -0.8572133750743938 -0.34458398703272114 0.38268408050793035
vn -0.8572133750743938 -0.34458398703272114 0.38268408050793035
vn -0.8572133750743938 -0.34458398703272114 0.38268408050793035
vn -0.8572130142407706 -0.344584522185865 0.3826844069023344
vn -0.8572130142407706 -0.344584522185865 0.3826844069023344
vn -0.8572130142407706 -0.344584522185865 0.3826844069023344
vn -0.3550688541620979 -0.14273142481951429 0.9238797806928162
vn -0.3550688541620979 -0.14273142481951429 0.9238797806928162
vn -0.3550688541620979 -0.14273142481951429 0.9238797806928162
vn -0.355068059814988 -0.14273206971613847 0.9238799863476682
vn -0.355068059814988 -0.14273206971613847 0.9238799863476682
vn -0.355068059814988 -0.14273206971613847 0.9238799863476682
vn -0.36753031374705897 -0.10662045261131939 -0.923879617462116
vn -0.36753031374705897 -0.10662045261131939 -0.923879617462116
vn -0.36753031374705897 -0.10662045261131939 -0.923879617462116
vn -0.36753071013333927 -0.10662199002910713 -0.9238792823476
vn -0.36753071013333927 -0.10662199002910713 -0.9238792823476
vn -0.36753071013333927 -0.10662199002910713 -0.9238792823476
vn -0.887295676853708 -0.2574076989705155 -0.3826848028697048
vn -0.887295676853708 -0.2574076989705155 -0.3826848028697048
vn -0.887295676853708 -0.2574076989705155 -0.3826848028697048
vn -0.8872958450684099 -0.25740504348893833 -0.3826861990074819
vn -0.8872958450684099 -0.25740504348893833 -0.3826861990074819
vn -0.8872958450684099 -0.25740504348893833 -0.3826861990074819
vn -0.9604033008591016 -0.2786135310765465 0
vn -0.9604033008591016 -0.2786135310765465 0
vn -0.9604033008591016 -0.2786135310765465 0
vn -0.9604033008591016 -0.2786135310765465 0
vn -0.9604033008591016 -0.2786135310765465 0
vn -0.9604033008591016 -0.2786135310765465 0
vn -0.8872965668519333 -0.2574052539989096 0.38268438388119475
vn -0.8872965668519333 -0.2574052539989096 0.38268438388119475
vn -0.8872965668519333 -0.2574052539989096 0.38268438388119475
vn -0.8872952839469794 -0.2574075695267009 0.3826858009330965
vn -0.8872952839469794 -0.2574075695267009 0.3826858009330965
vn -0.8872952839469794 -0.2574075695267009 0.3826858009330965
vn -0.3675290685261642 -0.10662150502207261 0.9238799913706965
vn -0.3675290685261642 -0.10662150502207261 0.9238799913706965
vn -0.3675290685261642 -0.10662150502207261 0.9238799913706965
vn -0.3675302167619932 -0.1066204355117534 0.9238796580173019
vn -0.3675302167619932 -0.1066204355117534 0.9238796580173019
vn -0.3675302167619932 -0.1066204355117534 0.9238796580173019
vn -0.3757307828046001 -0.07261797786867023 -0.9238793255308335
vn -0.3757307828046001 -0.07261797786867023 -0.9238793255308335
vn -0.3757307828046001 -0.07261797786867023 -0.9238793255308335
vn -0.3757301460111135 -0.07261630682336177 -0.9238797158514753
vn -0.3757301460111135 -0.07261630682336177 -0.9238797158514753
vn -0.3757301460111135 -0.07261630682336177 -0.9238797158514753
vn -0.9070927912850578 -0.17531126382136333 -0.38268607078915073
vn -0.9070927912850578 -0.17531126382136333 -0.38268607078915073
vn -0.9070927912850578 -0.17531126382136333 -0.38268607078915073
vn -0.9070929506353416 -0.1753150862766565 -0.3826839419566469
vn -0.9070929506353416 -0.1753150862766565 -0.3826839419566469
vn -0.9070929506353416 -0.1753150862766565 -0.3826839419566469
vn -0.9818305599123405 -0.18975972075817346 0
vn -0.9818305599123405 -0.18975972075817346 0
vn -0.9818305599123405 -0.18975972075817346 0
vn -0.9818305599123405 -0.18975972075817346 0
vn -0.9818305599123405 -0.18975972075817346 0
vn -0.9818305599123405 -0.18975972075817346 0
vn -0.907092208562213 -0.17531491718084988 0.3826857783869146
vn -0.907092208562213 -0.17531491718084988 0.3826857783869146
vn -0.907092208562213 -0.17531491718084988 0.3826857783869146
vn -0.90709378811382 -0.17531146587679705 0.38268361540239554
vn -0.90709378811382 -0.17531146587679705 0.38268361540239554
vn -0.90709378811382 -0.17531146587679705 0.38268361540239554
vn -0.3757303399459594 -0.07261634699864078 0.9238796338228628
vn -0.3757303399459594 -0.07261634699864078 0.9238796338228628
vn -0.3757303399459594 -0.07261634699864078 0.9238796338228628
vn -0.37572908454576753 -0.07261765013464636 0.9238800419509675
vn -0.37572908454576753 -0.07261765013464636 0.9238800419509675
vn -0.37572908454576753 -0.07261765013464636 0.9238800419509675
vn -0.38044402322992676 -0.04133596678541995 -0.9238796907815117
vn -0.38044402322992676 -0.04133596678541995 -0.9238796907815117
vn -0.38044402322992676 -0.04133596678541995 -0.9238796907815117
vn -0.3804439280981754 -0.04133582087709053 -0.923879736483947
vn -0.3804439280981754 -0.04133582087709053 -0.923879736483947
vn -0.3804439280981754 -0.04133582087709053 -0.923879736483947
vn -0.9184738632061726 -0.09979360060332115 -0.3826839425501857
vn -0.9184738632061726 -0.09979360060332115 -0.3826839425501857
vn -0.9184738632061726 -0.09979360060332115 -0.3826839425501857
vn -0.918474313390667 -0.09979658539027728 -0.3826820837013199
vn -0.918474313390667 -0.09979658539027728 -0.3826820837013199
vn -0.918474313390667 -0.09979658539027728 -0.3826820837013199
vn -0.9941488313732693 -0.10801898480898219 0
vn -0.9941488313732693 -0.10801898480898219 0
vn -0.9941488313732693 -0.10801898480898219 0
vn -0.9941488313732693 -0.10801898480898219 0
vn -0.9941488313732693 -0.10801898480898219 0
vn -0.9941488313732693 -0.10801898480898219 0
vn -0.9184736716041558 -0.09979652729208509 0.38268363919877946
vn -0.9184736716041558 -0.09979652729208509 0.38268363919877946
vn -0.9184736716041558 -0.09979652729208509 0.38268363919877946
vn -0.9184747470032035 -0.09979371124589208 0.38268179250282164
vn -0.9184747470032035 -0.09979371124589208 0.38268179250282164
vn -0.9184747470032035 -0.09979371124589208 0.38268179250282164
vn -0.3804431873576255 -0.04133574311509838 0.9238800449919315
vn -0.3804431873576255 -0.04133574311509838 0.9238800449919315
vn -0.3804431873576255 -0.04133574311509838 0.9238800449919315
vn -0.38044306251899984 -0.041335865438040756 0.9238800909261183
vn -0.38044306251899984 -0.041335865438040756 0.9238800909261183
vn -0.38044306251899984 -0.041335865438040756 0.9238800909261183
vn -0.3824610640777386 -0.013030218655471416 -0.9238797258660428
vn -0.3824610640777386 -0.013030218655471416 -0.9238797258660428
vn -0.3824610640777386 -0.013030218655471416 -0.9238797258660428
vn -0.3824619430666246 -0.013031480167816427 -0.9238793441950837
vn -0.3824619430666246 -0.013031480167816427 -0.9238793441950837
vn -0.3824619430666246 -0.013031480167816427 -0.9238793441950837
vn -0.923344207090933 -0.031460754989094654 -0.3826822391059356
vn -0.923344207090933 -0.031460754989094654 -0.3826822391059356
vn -0.923344207090933 -0.031460754989094654 -0.3826822391059356
vn -0.9233437289553629 -0.03145884387090887 -0.3826835498700085
vn -0.9233437289553629 -0.03145884387090887 -0.3826835498700085
vn -0.9233437289553629 -0.03145884387090887 -0.3826835498700085
vn -0.9994201031227946 -0.03405080724480407 0
vn -0.9994201031227946 -0.03405080724480407 0
vn -0.9994201031227946 -0.03405080724480407 0
vn -0.9994201031227946 -0.03405080724480407 0
vn -0.9994201031227946 -0.03405080724480407 0
vn -0.9994201031227946 -0.03405080724480407 0
vn -0.9233444234731336 -0.03145886551609642 0.3826818723450415
vn -0.9233444234731336 -0.03145886551609642 0.3826818723450415
vn -0.9233444234731336 -0.03145886551609642 0.3826818723450415
vn -0.9233438282403045 -0.031460743090108746 0.382683154182095
vn -0.9233438282403045 -0.031460743090108746 0.382683154182095
vn -0.9233438282403045 -0.031460743090108746 0.382683154182095
vn -0.3824601430009348 -0.013031418294164644 0.9238800902459945
vn -0.3824601430009348 -0.013031418294164644 0.9238800902459945
vn -0.3824601430009348 -0.013031418294164644 0.9238800902459945
vn -0.38246103863015335 -0.013030219735157255 0.9238797363854225
vn -0.38246103863015335 -0.013030219735157255 0.9238797363854225
vn -0.38246103863015335 -0.013030219735157255 0.9238797363854225
vn -0.3824616327583085 0.013038463737135903 -0.9238793741237132
vn -0.3824616327583085 0.013038463737135903 -0.9238793741237132
vn -0.3824616327583085 0.013038463737135903 -0.9238793741237132
vn -0.38246053673752983 0.013039908445678514 -0.9238798074566676
vn -0.38246053673752983 0.013039908445678514 -0.9238798074566676
vn -0.38246053673752983 0.013039908445678514 -0.9238798074566676
vn -0.9233429849752042 0.031481179732449564 -0.3826835081627281
vn -0.9233429849752042 0.031481179732449564 -0.3826835081627281
vn -0.9233429849752042 0.031481179732449564 -0.3826835081627281
vn -0.9233444233795453 0.031476627696859896 -0.38268041199247227
vn -0.9233444233795453 0.031476627696859896 -0.38268041199247227
vn -0.9233444233795453 0.031476627696859896 -0.38268041199247227
vn -0.9994194486499665 0.034070011156396185 0
vn -0.9994194486499665 0.034070011156396185 0
vn -0.9994194486499665 0.034070011156396185 0
vn -0.9994194486499665 0.034070011156396185 0
vn -0.9994194486499665 0.034070011156396185 0
vn -0.9994194486499665 0.034070011156396185 0
vn -0.9233432693627771 0.03147659174196462 0.38268319938921785
vn -0.9233432693627771 0.03147659174196462 0.38268319938921785
vn -0.9233432693627771 0.03147659174196462 0.38268319938921785
vn -0.9233443968113265 0.031481225831408485 0.38268009785887647
vn -0.9233443968113265 0.031481225831408485 0.38268009785887647
vn -0.9233443968113265 0.031481225831408485 0.38268009785887647
vn -0.382460735852918 0.013039917434974182 0.9238797249015335
vn -0.382460735852918 0.013039917434974182 0.9238797249015335
vn -0.382460735852918 0.013039917434974182 0.9238797249015335
vn -0.38245975636835666 0.013038401377944701 0.9238801517773638
vn -0.38245975636835666 0.013038401377944701 0.9238801517773638
vn -0.38245975636835666 0.013038401377944701 0.9238801517773638
vn -0.38043480910141064 0.04141830631027168 -0.9238797973364077
vn -0.38043480910141064 0.04141830631027168 -0.9238797973364077
vn -0.38043480910141064 0.04141830631027168 -0.9238797973364077
vn -0.38043478337760017 0.04141832165546451 -0.9238798072410085
vn -0.38043478337760017 0.04141832165546451 -0.9238798072410085
vn -0.38043478337760017 0.04141832165546451 -0.9238798072410085
vn -0.9184536755662351 0.09999298110271419 -0.38268034907617754
vn -0.9184536755662351 0.09999298110271419 -0.38268034907617754
vn -0.9184536755662351 0.09999298110271419 -0.38268034907617754
vn -0.9184526784390533 0.09999561291612048 -0.3826820545383051
vn -0.9184526784390533 0.09999561291612048 -0.3826820545383051
vn -0.9184526784390533 0.09999561291612048 -0.3826820545383051
vn -0.9941254007618456 0.10823441024045816 0
vn -0.9941254007618456 0.10823441024045816 0
vn -0.9941254007618456 0.10823441024045816 0
vn -0.9941254007618456 0.10823441024045816 0
vn -0.9941254007618456 0.10823441024045816 0
vn -0.9941254007618456 0.10823441024045816 0
vn -0.9184535437983131 0.09999571313724702 0.38267995144571354
vn -0.9184535437983131 0.09999571313724702 0.38267995144571354
vn -0.9184535437983131 0.09999571313724702 0.38267995144571354
vn -0.9184531164284594 0.09999292551635401 0.38268170555898245
vn -0.9184531164284594 0.09999292551635401 0.38268170555898245
vn -0.9184531164284594 0.09999292551635401 0.38268170555898245
vn -0.3804339708852598 0.041418231396076956 0.9238801458546961
vn -0.3804339708852598 0.041418231396076956 0.9238801458546961
vn -0.3804339708852598 0.041418231396076956 0.9238801458546961
vn -0.38043394574842176 0.041418209552271226 0.9238801571847786
vn -0.38043394574842176 0.041418209552271226 0.9238801571847786
vn -0.38043394574842176 0.041418209552271226 0.9238801571847786
vn -0.3756809824486734 0.07286915171082474 -0.9238798007075079
vn -0.3756809824486734 0.07286915171082474 -0.9238798007075079
vn -0.3756809824486734 0.07286915171082474 -0.9238798007075079
vn -0.37568139440796783 0.07286870365317463 -0.9238796685302643
vn -0.37568139440796783 0.07286870365317463 -0.9238796685302643
vn -0.37568139440796783 0.07286870365317463 -0.9238796685302643
vn -0.9069764771922972 0.17592087694148412 -0.38268200228909316
vn -0.9069764771922972 0.17592087694148412 -0.38268200228909316
vn -0.9069764771922972 0.17592087694148412 -0.38268200228909316
vn -0.9069756939338821 0.17592258894611965 -0.3826830716293153
vn -0.9069756939338821 0.17592258894611965 -0.3826830716293153
vn -0.9069756939338821 0.17592258894611965 -0.3826830716293153
vn -0.9817032603465499 0.19041719624276104 0
vn -0.9817032603465499 0.19041719624276104 0
vn -0.9817032603465499 0.19041719624276104 0
vn -0.9817032603465499 0.19041719624276104 0
vn -0.9817032603465499 0.19041719624276104 0
vn -0.9817032603465499 0.19041719624276104 0
vn -0.9069762771557535 0.17592270566787538 0.38268163570673747
vn -0.9069762771557535 0.17592270566787538 0.38268163570673747
vn -0.9069762771557535 0.17592270566787538 0.38268163570673747
vn -0.9069762041212092 0.17592082551665775 0.38268267312150445
vn -0.9069762041212092 0.17592082551665775 0.38268267312150445
vn -0.9069762041212092 0.17592082551665775 0.38268267312150445
vn -0.3756802113826788 0.07286847444396626 0.9238801676666053
vn -0.3756802113826788 0.07286847444396626 0.9238801676666053
vn -0.3756802113826788 0.07286847444396626 0.9238801676666053
vn -0.375680441618407 0.07286905400206638 0.9238800283338972
vn -0.375680441618407 0.07286905400206638 0.9238800283338972
vn -0.375680441618407 0.07286905400206638 0.9238800283338972
vn -0.36737573363290893 0.10715125564293176 -0.9238796884615579
vn -0.36737573363290893 0.10715125564293176 -0.9238796884615579
vn -0.36737573363290893 0.10715125564293176 -0.9238796884615579
vn -0.36737633016232435 0.1071507416937312 -0.9238795108621828
vn -0.36737633016232435 0.1071507416937312 -0.9238795108621828
vn -0.36737633016232435 0.1071507416937312 -0.9238795108621828
vn -0.8869249702338199 0.25868478072149936 -0.38268300380185083
vn -0.8869249702338199 0.25868478072149936 -0.38268300380185083
vn -0.8869249702338199 0.25868478072149936 -0.38268300380185083
vn -0.8869240399244324 0.25868645646630534 -0.38268402716213556
vn -0.8869240399244324 0.25868645646630534 -0.38268402716213556
vn -0.8869240399244324 0.25868645646630534 -0.38268402716213556
vn -0.9599999212264633 0.28000027008055595 0
vn -0.9599999212264633 0.28000027008055595 0
vn -0.9599999212264633 0.28000027008055595 0
vn -0.9599999212264633 0.28000027008055595 0
vn -0.9599999212264633 0.28000027008055595 0
vn -0.9599999212264633 0.28000027008055595 0
vn -0.8869246083277897 0.258686597415341 0.38268261452575847
vn -0.8869246083277897 0.258686597415341 0.38268261452575847
vn -0.8869246083277897 0.258686597415341 0.38268261452575847
vn -0.8869247307342182 0.25868472080155824 0.38268359938185775
vn -0.8869247307342182 0.25868472080155824 0.38268359938185775
vn -0.8869247307342182 0.25868472080155824 0.38268359938185775
vn -0.36737510518369176 0.10715038316653903 0.9238800395497975
vn -0.36737510518369176 0.10715038316653903 0.9238800395497975
vn -0.36737510518369176 0.10715038316653903 0.9238800395497975
vn -0.3673752912265691 0.10715113033303968 0.9238798789152981
vn -0.3673752912265691 0.10715113033303968 0.9238798789152981
vn -0.3673752912265691 0.10715113033303968 0.9238798789152981
vn -0.35469785685940614 0.14365261936207235 -0.9238795134051623
vn -0.35469785685940614 0.14365261936207235 -0.9238795134051623
vn -0.35469785685940614 0.14365261936207235 -0.9238795134051623
vn -0.3546970158418145 0.14365327235936792 -0.9238797347562923
vn -0.3546970158418145 0.14365327235936792 -0.9238797347562923
vn -0.3546970158418145 0.14365327235936792 -0.9238797347562923
vn -0.8563152489719605 0.34681004034988516 -0.3826839300135297
vn -0.8563152489719605 0.34681004034988516 -0.3826839300135297
vn -0.8563152489719605 0.34681004034988516 -0.3826839300135297
vn -0.8563177457053525 0.34680631236165554 -0.3826817216646404
vn -0.8563177457053525 0.34680631236165554 -0.3826817216646404
vn -0.8563177457053525 0.34680631236165554 -0.3826817216646404
vn -0.9268709286521896 0.37538018277398116 0
vn -0.9268709286521896 0.37538018277398116 0
vn -0.9268709286521896 0.37538018277398116 0
vn -0.9268709286521896 0.37538018277398116 0
vn -0.9268709286521896 0.37538018277398116 0
vn -0.9268709286521896 0.37538018277398116 0
vn -0.8563170025059404 0.3468060271610371 0.38268364316236325
vn -0.8563170025059404 0.3468060271610371 0.38268364316236325
vn -0.8563170025059404 0.3468060271610371 0.38268364316236325
vn -0.8563161988699747 0.34681042625066333 0.3826814547331906
vn -0.8563161988699747 0.34681042625066333 0.3826814547331906
vn -0.8563161988699747 0.34681042625066333 0.3826814547331906
vn -0.3546967483753059 0.14365315345560964 0.9238798559305446
vn -0.3546967483753059 0.14365315345560964 0.9238798559305446
vn -0.3546967483753059 0.14365315345560964 0.9238798559305446
vn -0.35469663795586837 0.14365212883538334 0.923880057639446
vn -0.35469663795586837 0.14365212883538334 0.923880057639446
vn -0.35469663795586837 0.14365212883538334 0.923880057639446
vn -0.33700013686542046 0.18132074460188086 -0.9238796974334414
vn -0.33700013686542046 0.18132074460188086 -0.9238796974334414
vn -0.33700013686542046 0.18132074460188086 -0.9238796974334414
vn -0.3370021062904421 0.18131947933303194 -0.9238792273723896
vn -0.3370021062904421 0.18131947933303194 -0.9238792273723896
vn -0.3370021062904421 0.18131947933303194 -0.9238792273723896
vn -0.8135939918261907 0.4377433701635964 -0.3826820590805644
vn -0.8135939918261907 0.4377433701635964 -0.3826820590805644
vn -0.8135939918261907 0.4377433701635964 -0.3826820590805644
vn -0.813588021621319 0.43775066649187233 -0.3826864056381276
vn -0.813588021621319 0.43775066649187233 -0.3826864056381276
vn -0.813588021621319 0.43775066649187233 -0.3826864056381276
vn -0.8806225151802491 0.4738185156340048 0
vn -0.8806225151802491 0.4738185156340048 0
vn -0.8806225151802491 0.4738185156340048 0
vn -0.8806225151802491 0.4738185156340048 0
vn -0.8806225151802491 0.4738185156340048 0
vn -0.8806225151802491 0.4738185156340048 0
vn -0.8135898281211458 0.43775160024271537 0.382681496891013
vn -0.8135898281211458 0.43775160024271537 0.382681496891013
vn -0.8135898281211458 0.43775160024271537 0.382681496891013
vn -0.8135925967362514 0.4377426120941381 0.38268589220529703
vn -0.8135925967362514 0.4377426120941381 0.38268589220529703
vn -0.8135925967362514 0.4377426120941381 0.38268589220529703
vn -0.3370002756292838 0.1813185039140012 0.9238800865719399
vn -0.3370002756292838 0.1813185039140012 0.9238800865719399
vn -0.3370002756292838 0.1813185039140012 0.9238800865719399
vn -0.3370002829589909 0.18132081753765344 0.9238796298290362
vn -0.3370002829589909 0.18132081753765344 0.9238796298290362
vn -0.3370002829589909 0.18132081753765344 0.9238796298290362
vn -0.31403300352957975 0.21870154272492048 -0.9238792712816597
vn -0.31403300352957975 0.21870154272492048 -0.9238792712816597
vn -0.31403300352957975 0.21870154272492048 -0.9238792712816597
vn -0.31403074374691725 0.21870270863269284 -0.9238797633991565
vn -0.31403074374691725 0.21870270863269284 -0.9238797633991565
vn -0.31403074374691725 0.21870270863269284 -0.9238797633991565
vn -0.758137466756956 0.5279951707183407 -0.3826861392805541
vn -0.758137466756956 0.5279951707183407 -0.3826861392805541
vn -0.758137466756956 0.5279951707183407 -0.3826861392805541
vn -0.7581452011377532 0.5279875910232159 -0.38268127432276755
vn -0.7581452011377532 0.5279875910232159 -0.38268127432276755
vn -0.7581452011377532 0.5279875910232159 -0.38268127432276755
vn -0.8206096496896594 0.5714891099891706 0
vn -0.8206096496896594 0.5714891099891706 0
vn -0.8206096496896594 0.5714891099891706 0
vn -0.8206096496896594 0.5714891099891706 0
vn -0.8206096496896594 0.5714891099891706 0
vn -0.8206096496896594 0.5714891099891706 0
vn -0.7581435953507721 0.5279864609991978 0.3826860146780217
vn -0.7581435953507721 0.5279864609991978 0.3826860146780217
vn -0.7581435953507721 0.5279864609991978 0.3826860146780217
vn -0.7581391771935502 0.5279963502070425 0.3826811233551099
vn -0.7581391771935502 0.5279963502070425 0.3826811233551099
vn -0.7581391771935502 0.5279963502070425 0.3826811233551099
vn -0.31403112745137257 0.21870295935769177 0.9238795736240779
vn -0.31403112745137257 0.21870295935769177 0.9238795736240779
vn -0.31403112745137257 0.21870295935769177 0.9238795736240779
vn -0.3140314134030086 0.21870043265442302 0.9238800745512791
vn -0.3140314134030086 0.21870043265442302 0.9238800745512791
vn -0.3140314134030086 0.21870043265442302 0.9238800745512791
vn -0.28612464211273597 0.25412386251613067 -0.9238797279276895
vn -0.28612464211273597 0.25412386251613067 -0.9238797279276895
vn -0.28612464211273597 0.25412386251613067 -0.9238797279276895
vn -0.2861247968482998 0.2541238377975807 -0.923879686805348
vn -0.2861247968482998 0.2541238377975807 -0.923879686805348
vn -0.2861247968482998 0.2541238377975807 -0.923879686805348
vn -0.6907676488267307 0.6135103729108657 -0.3826814310430555
vn -0.6907676488267307 0.6135103729108657 -0.3826814310430555
vn -0.6907676488267307 0.6135103729108657 -0.3826814310430555
vn -0.690766800747022 0.613511016469957 -0.3826819301400633
vn -0.690766800747022 0.613511016469957 -0.3826819301400633
vn -0.690766800747022 0.613511016469957 -0.3826819301400633
vn -0.7476801033589189 0.6640590809869225 0
vn -0.7476801033589189 0.6640590809869225 0
vn -0.7476801033589189 0.6640590809869225 0
vn -0.7476801033589189 0.6640590809869225 0
vn -0.7476801033589189 0.6640590809869225 0
vn -0.7476801033589189 0.6640590809869225 0
vn -0.6907670607035674 0.6135112740176834 0.38268104800231906
vn -0.6907670607035674 0.6135112740176834 0.38268104800231906
vn -0.6907670607035674 0.6135112740176834 0.38268104800231906
vn -0.6907676425745081 0.6135103077532638 0.38268154678864796
vn -0.6907676425745081 0.6135103077532638 0.38268154678864796
vn -0.6907676425745081 0.6135103077532638 0.38268154678864796
vn -0.2861241027239338 0.25412320424764223 0.9238800760398154
vn -0.2861241027239338 0.25412320424764223 0.9238800760398154
vn -0.2861241027239338 0.25412320424764223 0.9238800760398154
vn -0.2861240802828364 0.25412335979717965 0.9238800402041891
vn -0.2861240802828364 0.25412335979717965 0.9238800402041891
vn -0.2861240802828364 0.25412335979717965 0.9238800402041891
vn -0.25474792642190525 0.2855693093285317 -0.9238796802362118
vn -0.25474792642190525 0.2855693093285317 -0.9238796802362118
vn -0.25474792642190525 0.2855693093285317 -0.9238796802362118
vn -0.2547487382942682 0.2855690789918627 -0.9238795275690536
vn -0.2547487382942682 0.2855690789918627 -0.9238795275690536
vn -0.2547487382942682 0.2855690789918627 -0.9238795275690536
vn -0.6150182532066014 0.6894251160279098 -0.38268205812737505
vn -0.6150182532066014 0.6894251160279098 -0.38268205812737505
vn -0.6150182532066014 0.6894251160279098 -0.38268205812737505
vn -0.6150171055202365 0.6894258142467826 -0.38268264471709634
vn -0.6150171055202365 0.6894258142467826 -0.38268264471709634
vn -0.6150171055202365 0.6894258142467826 -0.38268264471709634
vn -0.6656894682822725 0.7462288736159071 0
vn -0.6656894682822725 0.7462288736159071 0
vn -0.6656894682822725 0.7462288736159071 0
vn -0.6656894682822725 0.7462288736159071 0
vn -0.6656894682822725 0.7462288736159071 0
vn -0.6656894682822725 0.7462288736159071 0
vn -0.6150173588606554 0.6894261289971864 0.38268167052527935
vn -0.6150173588606554 0.6894261289971864 0.38268167052527935
vn -0.6150173588606554 0.6894261289971864 0.38268167052527935
vn -0.6150181482474529 0.6894250723974357 0.3826823054128116
vn -0.6150181482474529 0.6894250723974357 0.3826823054128116
vn -0.6150181482474529 0.6894250723974357 0.3826823054128116
vn -0.2547478989379761 0.2855681496368422 0.923880046272067
vn -0.2547478989379761 0.2855681496368422 0.923880046272067
vn -0.2547478989379761 0.2855681496368422 0.923880046272067
vn -0.2547475941106189 0.28556888706755956 0.9238799023865856
vn -0.2547475941106189 0.28556888706755956 0.9238799023865856
vn -0.2547475941106189 0.28556888706755956 0.9238799023865856
vn -0.22046511241088243 0.3127966873102493 -0.9238795195356324
vn -0.22046511241088243 0.3127966873102493 -0.9238795195356324
vn -0.22046511241088243 0.3127966873102493 -0.9238795195356324
vn -0.2204655823222482 0.31279661787927643 -0.923879430907842
vn -0.2204655823222482 0.31279661787927643 -0.923879430907842
vn -0.2204655823222482 0.31279661787927643 -0.923879430907842
vn -0.5322508208700928 0.7551575888904091 -0.3826827401704137
vn -0.5322508208700928 0.7551575888904091 -0.3826827401704137
vn -0.5322508208700928 0.7551575888904091 -0.3826827401704137
vn -0.5322484380634369 0.7551586637307378 -0.3826839332548965
vn -0.5322484380634369 0.7551586637307378 -0.3826839332548965
vn -0.5322484380634369 0.7551586637307378 -0.3826839332548965
vn -0.5761016634599596 0.817378048003901 0
vn -0.5761016634599596 0.817378048003901 0
vn -0.5761016634599596 0.817378048003901 0
vn -0.5761016634599596 0.817378048003901 0
vn -0.5761016634599596 0.817378048003901 0
vn -0.5761016634599596 0.817378048003901 0
vn -0.5322488004874545 0.7551592069773585 0.38268235718019794
vn -0.5322488004874545 0.7551592069773585 0.38268235718019794
vn -0.5322488004874545 0.7551592069773585 0.38268235718019794
vn -0.5322506546717275 0.7551573087661565 0.38268352410127743
vn -0.5322506546717275 0.7551573087661565 0.38268352410127743
vn -0.5322506546717275 0.7551573087661565 0.38268352410127743
vn -0.22046496356515366 0.3127957338712756 0.923879877858667
vn -0.22046496356515366 0.3127957338712756 0.923879877858667
vn -0.22046496356515366 0.3127957338712756 0.923879877858667
vn -0.22046474640134167 0.3127961687788224 0.9238797824346427
vn -0.22046474640134167 0.3127961687788224 0.9238797824346427
vn -0.22046474640134167 0.3127961687788224 0.9238797824346427
vn -0.1838992701996352 0.3356006772395436 -0.9238794530978601
vn -0.1838992701996352 0.3356006772395436 -0.9238794530978601
vn -0.1838992701996352 0.3356006772395436 -0.9238794530978601
vn -0.18389929899407462 0.33560067540024197 -0.9238794480344227
vn -0.18389929899407462 0.33560067540024197 -0.9238794480344227
vn -0.18389929899407462 0.33560067540024197 -0.9238794480344227
vn -0.4439718639328851 0.8102111663171251 -0.3826837467295987
vn -0.4439718639328851 0.8102111663171251 -0.3826837467295987
vn -0.4439718639328851 0.8102111663171251 -0.3826837467295987
vn -0.4439707058941954 0.8102115317042987 -0.3826843166386414
vn -0.4439707058941954 0.8102115317042987 -0.3826843166386414
vn -0.4439707058941954 0.8102115317042987 -0.3826843166386414
vn -0.48055060805023375 0.8769669965868446 0
vn -0.48055060805023375 0.8769669965868446 0
vn -0.48055060805023375 0.8769669965868446 0
vn -0.48055060805023375 0.8769669965868446 0
vn -0.48055060805023375 0.8769669965868446 0
vn -0.48055060805023375 0.8769669965868446 0
vn -0.44397092821775236 0.8102118547422631 0.3826833747794243
vn -0.44397092821775236 0.8102118547422631 0.3826833747794243
vn -0.44397092821775236 0.8102118547422631 0.3826833747794243
vn -0.4439718525051732 0.8102110806399467 0.3826839413816241
vn -0.4439718525051732 0.8102110806399467 0.3826839413816241
vn -0.4439718525051732 0.8102110806399467 0.3826839413816241
vn -0.18389888293243375 0.33559990267660317 0.9238798115445848
vn -0.18389888293243375 0.33559990267660317 0.9238798115445848
vn -0.18389888293243375 0.33559990267660317 0.9238798115445848
vn -0.18389886669591834 0.3355999300420172 0.92387980483597
vn -0.18389886669591834 0.3355999300420172 0.92387980483597
vn -0.18389886669591834 0.3355999300420172 0.92387980483597
vn -0.14658610181895165 0.3534957088289248 -0.9238794827211286
vn -0.14658610181895165 0.3534957088289248 -0.9238794827211286
vn -0.14658610181895165 0.3534957088289248 -0.9238794827211286
vn -0.14658563024423754 0.3534956619147971 -0.9238795754931047
vn -0.14658563024423754 0.3534956619147971 -0.9238795754931047
vn -0.14658563024423754 0.3534956619147971 -0.9238795754931047
vn -0.35388898458760437 0.8534139896581614 -0.38268413717228184
vn -0.35388898458760437 0.8534139896581614 -0.38268413717228184
vn -0.35388898458760437 0.8534139896581614 -0.38268413717228184
vn -0.353889794949348 0.8534138245876217 -0.38268375590484166
vn -0.353889794949348 0.8534138245876217 -0.38268375590484166
vn -0.353889794949348 0.8534138245876217 -0.38268375590484166
vn -0.3830476160522291 0.9237285985811546 0
vn -0.3830476160522291 0.9237285985811546 0
vn -0.3830476160522291 0.9237285985811546 0
vn -0.3830476160522291 0.9237285985811546 0
vn -0.3830476160522291 0.9237285985811546 0
vn -0.3830476160522291 0.9237285985811546 0
vn -0.3538897868772172 0.8534138051214825 0.38268380678057207
vn -0.3538897868772172 0.8534138051214825 0.38268380678057207
vn -0.3538897868772172 0.8534138051214825 0.38268380678057207
vn -0.35388911372706655 0.8534142520236513 0.3826834326546986
vn -0.35388911372706655 0.8534142520236513 0.3826834326546986
vn -0.35388911372706655 0.8534142520236513 0.3826834326546986
vn -0.14658542161914584 0.3534951254516878 0.9238798138560194
vn -0.14658542161914584 0.3534951254516878 0.9238798138560194
vn -0.14658542161914584 0.3534951254516878 0.9238798138560194
vn -0.1465856864637823 0.35349475968186567 0.9238799117858348
vn -0.1465856864637823 0.35349475968186567 0.9238799117858348
vn -0.1465856864637823 0.35349475968186567 0.9238799117858348
vn -0.10996325894023681 0.36654421136861703 -0.9238795499389525
vn -0.10996325894023681 0.36654421136861703 -0.9238795499389525
vn -0.10996325894023681 0.36654421136861703 -0.9238795499389525
vn -0.10996354229175687 0.36654427173813114 -0.9238794922621738
vn -0.10996354229175687 0.36654427173813114 -0.9238794922621738
vn -0.10996354229175687 0.36654427173813114 -0.9238794922621738
vn -0.2654753562265231 0.8849158076623217 -0.3826837448674054
vn -0.2654753562265231 0.8849158076623217 -0.3826837448674054
vn -0.2654753562265231 0.8849158076623217 -0.3826837448674054
vn -0.26547672815776946 0.8849156918678395 -0.38268306089074394
vn -0.26547672815776946 0.8849156918678395 -0.38268306089074394
vn -0.26547672815776946 0.8849156918678395 -0.38268306089074394
vn -0.2873499143109833 0.9578256765954182 0
vn -0.2873499143109833 0.9578256765954182 0
vn -0.2873499143109833 0.9578256765954182 0
vn -0.2873499143109833 0.9578256765954182 0
vn -0.2873499143109833 0.9578256765954182 0
vn -0.2873499143109833 0.9578256765954182 0
vn -0.26547670613096075 0.8849155389720861 0.38268342972697117
vn -0.26547670613096075 0.8849155389720861 0.38268342972697117
vn -0.26547670613096075 0.8849155389720861 0.38268342972697117
vn -0.2654755136630855 0.8849161933732925 0.38268274373303296
vn -0.2654755136630855 0.8849161933732925 0.38268274373303296
vn -0.2654755136630855 0.8849161933732925 0.38268274373303296
vn -0.10996325128400468 0.3665433166134549 0.9238799058389892
vn -0.10996325128400468 0.3665433166134549 0.9238799058389892
vn -0.10996325128400468 0.3665433166134549 0.9238799058389892
vn -0.10996306611986002 0.3665434990952761 0.9238798554793315
vn -0.10996306611986002 0.3665434990952761 0.9238798554793315
vn -0.10996306611986002 0.3665434990952761 0.9238798554793315
vn -0.07515746379203625 0.3752306115761905 -0.9238795071720699
vn -0.07515746379203625 0.3752306115761905 -0.9238795071720699
vn -0.07515746379203625 0.3752306115761905 -0.9238795071720699
vn -0.07515810331677533 0.3752308140756004 -0.9238793729021053
vn -0.07515810331677533 0.3752308140756004 -0.9238793729021053
vn -0.07515810331677533 0.3752308140756004 -0.9238793729021053
vn -0.18144754733674037 0.9058865739171551 -0.38268303171439416
vn -0.18144754733674037 0.9058865739171551 -0.38268303171439416
vn -0.18144754733674037 0.9058865739171551 -0.38268303171439416
vn -0.18144638965261217 0.9058865373104733 -0.3826836672784363
vn -0.18144638965261217 0.9058865373104733 -0.3826836672784363
vn -0.18144638965261217 0.9058865373104733 -0.3826836672784363
vn -0.19639619160491084 0.9805246228030622 0
vn -0.19639619160491084 0.9805246228030622 0
vn -0.19639619160491084 0.9805246228030622 0
vn -0.19639619160491084 0.9805246228030622 0
vn -0.19639619160491084 0.9805246228030622 0
vn -0.19639619160491084 0.9805246228030622 0
vn -0.1814464758247493 0.9058869383928229 0.38268267697931757
vn -0.1814464758247493 0.9058869383928229 0.38268267697931757
vn -0.1814464758247493 0.9058869383928229 0.38268267697931757
vn -0.1814475338962762 0.9058864620004738 0.38268330301598436
vn -0.1814475338962762 0.9058864620004738 0.38268330301598436
vn -0.1814475338962762 0.9058864620004738 0.38268330301598436
vn -0.07515786675371244 0.37522963124646785 0.9238798725481961
vn -0.07515786675371244 0.37522963124646785 0.9238798725481961
vn -0.07515786675371244 0.37522963124646785 0.9238798725481961
vn -0.07515735864655712 0.3752300709538362 0.9238797352974315
vn -0.07515735864655712 0.3752300709538362 0.9238797352974315
vn -0.07515735864655712 0.3752300709538362 0.9238797352974315
vn -0.04289971656366048 0.3802716128726124 -0.9238793832324758
vn -0.04289971656366048 0.3802716128726124 -0.9238793832324758
vn -0.04289971656366048 0.3802716128726124 -0.9238793832324758
vn -0.04289967614706388 0.3802715880483984 -0.9238793953269151
vn -0.04289967614706388 0.3802715880483984 -0.9238793953269151
vn -0.04289967614706388 0.3802715880483984 -0.9238793953269151
vn -0.10356887727850486 0.9180559183969436 -0.3826837053698717
vn -0.10356887727850486 0.9180559183969436 -0.3826837053698717
vn -0.10356887727850486 0.9180559183969436 -0.3826837053698717
vn -0.10356828530806966 0.9180558288794111 -0.3826840803311314
vn -0.10356828530806966 0.9180558288794111 -0.3826840803311314
vn -0.10356828530806966 0.9180558288794111 -0.3826840803311314
vn -0.11210154082955717 0.9936967568346187 0
vn -0.11210154082955717 0.9936967568346187 0
vn -0.11210154082955717 0.9936967568346187 0
vn -0.11210154082955717 0.9936967568346187 0
vn -0.11210154082955717 0.9936967568346187 0
vn -0.11210154082955717 0.9936967568346187 0
vn -0.10356832335444657 0.918056133936191 0.3826833382049489
vn -0.10356832335444657 0.918056133936191 0.3826833382049489
vn -0.10356832335444657 0.918056133936191 0.3826833382049489
vn -0.10356887161117491 0.9180559277652036 0.38268368442926787
vn -0.10356887161117491 0.9180559277652036 0.38268368442926787
vn -0.10356887161117491 0.9180559277652036 0.38268368442926787
vn -0.042899586343421926 0.3802707500671642 0.9238797444120742
vn -0.042899586343421926 0.3802707500671642 0.9238797444120742
vn -0.042899586343421926 0.3802707500671642 0.9238797444120742
vn -0.042899620781689816 0.38027069853474604 0.9238797640238059
vn -0.042899620781689816 0.38027069853474604 0.9238797640238059
vn -0.042899620781689816 0.38027069853474604 0.9238797640238059
vn -0.013551156183938434 0.3824437600245636 -0.923879395042639
vn -0.013551156183938434 0.3824437600245636 -0.923879395042639
vn -0.013551156183938434 0.3824437600245636 -0.923879395042639
vn -0.013551018245088375 0.38244363790532065 -0.9238794476176344
vn -0.013551018245088375 0.38244363790532065 -0.9238794476176344
vn -0.013551018245088375 0.38244363790532065 -0.9238794476176344
vn -0.03271502197500669 0.9232998324123433 -0.3826841345084922
vn -0.03271502197500669 0.9232998324123433 -0.3826841345084922
vn -0.03271502197500669 0.9232998324123433 -0.3826841345084922
vn -0.032716016569742275 0.9233000692009427 -0.38268347818182974
vn -0.032716016569742275 0.9233000692009427 -0.38268347818182974
vn -0.032716016569742275 0.9233000692009427 -0.38268347818182974
vn -0.035411561850560325 0.9993728139624891 0
vn -0.035411561850560325 0.9993728139624891 0
vn -0.035411561850560325 0.9993728139624891 0
vn -0.035411561850560325 0.9993728139624891 0
vn -0.035411561850560325 0.9993728139624891 0
vn -0.035411561850560325 0.9993728139624891 0
vn -0.032716012718142284 0.9232999464269851 0.3826837747275847
vn -0.032716012718142284 0.9232999464269851 0.3826837747275847
vn -0.032716012718142284 0.9232999464269851 0.3826837747275847
vn -0.03271503657002469 0.9233002410047294 0.3826831474507736
vn -0.03271503657002469 0.9233002410047294 0.3826831474507736
vn -0.03271503657002469 0.9233002410047294 0.3826831474507736
vn -0.013550991371848549 0.38244289666054 0.9238797548527273
vn -0.013550991371848549 0.38244289666054 0.9238797548527273
vn -0.013550991371848549 0.38244289666054 0.9238797548527273
vn -0.01355112331249843 0.38244279858490576 0.9238797935161883
vn -0.01355112331249843 0.38244279858490576 0.9238797935161883
vn -0.01355112331249843 0.38244279858490576 0.9238797935161883
vn 0.014144010069516448 0.38242200446855273 -0.923879514589109
vn 0.014144010069516448 0.38242200446855273 -0.923879514589109
vn 0.014144010069516448 0.38242200446855273 -0.923879514589109
vn 0.014143198171366436 0.3824225765300386 -0.9238792902244386
vn 0.014143198171366436 0.3824225765300386 -0.9238792902244386
vn 0.014143198171366436 0.3824225765300386 -0.9238792902244386
vn 0.03414462516898204 0.9232477573121264 -0.3826848875905592
vn 0.03414462516898204 0.9232477573121264 -0.3826848875905592
vn 0.03414462516898204 0.9232477573121264 -0.3826848875905592
vn 0.03414212905735826 0.9232484680488163 -0.3826833956013045
vn 0.03414212905735826 0.9232484680488163 -0.3826833956013045
vn 0.03414212905735826 0.9232484680488163 -0.3826833956013045
vn 0.036955173818189475 0.9993169242678057 0
vn 0.036955173818189475 0.9993169242678057 0
vn 0.036955173818189475 0.9993169242678057 0
vn 0.036955173818189475 0.9993169242678057 0
vn 0.036955173818189475 0.9993169242678057 0
vn 0.036955173818189475 0.9993169242678057 0
vn 0.03414211401818923 0.9232479874797436 0.3826845563450034
vn 0.03414211401818923 0.9232479874797436 0.3826845563450034
vn 0.03414211401818923 0.9232479874797436 0.3826845563450034
vn 0.034144654264207985 0.9232485130530956 0.38268306172396194
vn 0.034144654264207985 0.9232485130530956 0.38268306172396194
vn 0.034144654264207985 0.9232485130530956 0.38268306172396194
vn 0.014143145815397556 0.382421170361519 0.9238798730818691
vn 0.014143145815397556 0.382421170361519 0.9238798730818691
vn 0.014143145815397556 0.382421170361519 0.9238798730818691
vn 0.014143997401320229 0.3824216614747625 0.9238796567586026
vn 0.014143997401320229 0.3824216614747625 0.9238796567586026
vn 0.014143997401320229 0.3824216614747625 0.9238796567586026
vn 0.044599349421550784 0.3800762200252619 -0.9238793021831818
vn 0.044599349421550784 0.3800762200252619 -0.9238793021831818
vn 0.044599349421550784 0.3800762200252619 -0.9238793021831818
vn 0.04460125115179587 0.38007474552283116 -0.92387981697375
vn 0.04460125115179587 0.38007474552283116 -0.92387981697375
vn 0.04460125115179587 0.38007474552283116 -0.92387981697375
vn 0.10767713125047045 0.9175832813017543 -0.3826833642597683
vn 0.10767713125047045 0.9175832813017543 -0.3826833642597683
vn 0.10767713125047045 0.9175832813017543 -0.3826833642597683
vn 0.10767233213053627 0.9175850017741215 -0.38268058928139626
vn 0.10767233213053627 0.9175850017741215 -0.38268058928139626
vn 0.10767233213053627 0.9175850017741215 -0.38268058928139626
vn 0.11654354666484402 0.9931855827239839 0
vn 0.11654354666484402 0.9931855827239839 0
vn 0.11654354666484402 0.9931855827239839 0
vn 0.11654354666484402 0.9931855827239839 0
vn 0.11654354666484402 0.9931855827239839 0
vn 0.11654354666484402 0.9931855827239839 0
vn 0.10767221715201584 0.917583964945183 0.3826831077132177
vn 0.10767221715201584 0.917583964945183 0.3826831077132177
vn 0.10767221715201584 0.917583964945183 0.3826831077132177
vn 0.10767728012293137 0.9175845318135032 0.3826803239283694
vn 0.10767728012293137 0.9175845318135032 0.3826803239283694
vn 0.10767728012293137 0.9175845318135032 0.3826803239283694
vn 0.044601302992299426 0.3800751898856237 0.9238796316646429
vn 0.044601302992299426 0.3800751898856237 0.9238796316646429
vn 0.044601302992299426 0.3800751898856237 0.9238796316646429
vn 0.04459911465865548 0.3800742226764744 0.9238801352061521
vn 0.04459911465865548 0.3800742226764744 0.9238801352061521
vn 0.04459911465865548 0.3800742226764744 0.9238801352061521
vn 0.07775683525989988 0.37469991198052854 -0.9238797814283789
vn 0.07775683525989988 0.37469991198052854 -0.9238797814283789
vn 0.07775683525989988 0.37469991198052854 -0.9238797814283789
vn 0.07775528835342217 0.37470132625147656 -0.9238793380298429
vn 0.07775528835342217 0.37470132625147656 -0.9238793380298429
vn 0.07775528835342217 0.37470132625147656 -0.9238793380298429
vn 0.1877178743200057 0.9046089863268781 -0.38268078279087514
vn 0.1877178743200057 0.9046089863268781 -0.38268078279087514
vn 0.1877178743200057 0.9046089863268781 -0.38268078279087514
vn 0.1877248913088479 0.9046058798583017 -0.38268468392250726
vn 0.1877248913088479 0.9046058798583017 -0.38268468392250726
vn 0.1877248913088479 0.9046058798583017 -0.38268468392250726
vn 0.203192067693615 0.9791388990467049 0
vn 0.203192067693615 0.9791388990467049 0
vn 0.203192067693615 0.9791388990467049 0
vn 0.203192067693615 0.9791388990467049 0
vn 0.203192067693615 0.9791388990467049 0
vn 0.203192067693615 0.9791388990467049 0
vn 0.1877252761514862 0.9046076555287846 0.3826802977062758
vn 0.1877252761514862 0.9046076555287846 0.3826802977062758
vn 0.1877252761514862 0.9046076555287846 0.3826802977062758
vn 0.1877175712505399 0.9046075911023009 0.38268422957301373
vn 0.1877175712505399 0.9046075911023009 0.38268422957301373
vn 0.1877175712505399 0.9046075911023009 0.38268422957301373
vn 0.07775488494820107 0.37469938392556673 0.9238801597352834
vn 0.07775488494820107 0.37469938392556673 0.9238801597352834
vn 0.07775488494820107 0.37469938392556673 0.9238801597352834
vn 0.07775686569068928 0.37470003421831793 0.9238797292909675
vn 0.07775686569068928 0.37470003421831793 0.9238797292909675
vn 0.07775686569068928 0.37470003421831793 0.9238797292909675
vn 0.11312023562888585 0.36558267514948894 -0.9238793860249338
vn 0.11312023562888585 0.36558267514948894 -0.9238793860249338
vn 0.11312023562888585 0.36558267514948894 -0.9238793860249338
vn 0.11312156417978349 0.36558131182936643 -0.9238797628255738
vn 0.11312156417978349 0.36558131182936643 -0.9238797628255738
vn 0.11312156417978349 0.36558131182936643 -0.9238797628255738
vn 0.27309986083241794 0.8825922328594255 -0.3826844868942658
vn 0.27309986083241794 0.8825922328594255 -0.3826844868942658
vn 0.27309986083241794 0.8825922328594255 -0.3826844868942658
vn 0.27309692822281095 0.8825938401714613 -0.3826828727375426
vn 0.27309692822281095 0.8825938401714613 -0.3826828727375426
vn 0.27309692822281095 0.8825938401714613 -0.3826828727375426
vn 0.29559791598450696 0.9553124473519731 0
vn 0.29559791598450696 0.9553124473519731 0
vn 0.29559791598450696 0.9553124473519731 0
vn 0.29559791598450696 0.9553124473519731 0
vn 0.29559791598450696 0.9553124473519731 0
vn 0.29559791598450696 0.9553124473519731 0
vn 0.2730967682147559 0.8825933277960308 0.3826841686307179
vn 0.2730967682147559 0.8825933277960308 0.3826841686307179
vn 0.2730967682147559 0.8825933277960308 0.3826841686307179
vn 0.27310010840513854 0.8825929776991185 0.38268259237298063
vn 0.27310010840513854 0.8825929776991185 0.38268259237298063
vn 0.27310010840513854 0.8825929776991185 0.38268259237298063
vn 0.11312160102290929 0.365581459516679 0.9238796998742144
vn 0.11312160102290929 0.365581459516679 0.9238796998742144
vn 0.11312160102290929 0.365581459516679 0.9238796998742144
vn 0.1131197419851023 0.3655810596659895 0.9238800857182258
vn 0.1131197419851023 0.3655810596659895 0.9238800857182258
vn 0.1131197419851023 0.3655810596659895 0.9238800857182258
vn 0.14983583771525164 0.35212990135771455 -0.9238797293511612
vn 0.14983583771525164 0.35212990135771455 -0.9238797293511612
vn 0.14983583771525164 0.35212990135771455 -0.9238797293511612
vn 0.14983438184967132 0.3521316999509126 -0.9238792799415989
vn 0.14983438184967132 0.3521316999509126 -0.9238792799415989
vn 0.14983438184967132 0.3521316999509126 -0.9238792799415989
vn 0.3617317071370688 0.8501200058468058 -0.38268282912972285
vn 0.3617317071370688 0.8501200058468058 -0.38268282912972285
vn 0.3617317071370688 0.8501200058468058 -0.38268282912972285
vn 0.36173355362699505 0.8501187512020787 -0.38268387088431616
vn 0.36173355362699505 0.8501187512020787 -0.38268387088431616
vn 0.36173355362699505 0.8501187512020787 -0.38268387088431616
vn 0.3915376661680305 0.9201620813594157 0
vn 0.3915376661680305 0.9201620813594157 0
vn 0.3915376661680305 0.9201620813594157 0
vn 0.3915376661680305 0.9201620813594157 0
vn 0.3915376661680305 0.9201620813594157 0
vn 0.3915376661680305 0.9201620813594157 0
vn 0.36173379390822596 0.8501192920213446 0.38268244234337284
vn 0.36173379390822596 0.8501192920213446 0.38268244234337284
vn 0.36173379390822596 0.8501192920213446 0.38268244234337284
vn 0.3617315860827742 0.850119763092207 0.3826834828289436
vn 0.3617315860827742 0.850119763092207 0.3826834828289436
vn 0.3617315860827742 0.850119763092207 0.3826834828289436
vn 0.14983356266048753 0.35212985308748057 0.9238801167170203
vn 0.14983356266048753 0.35212985308748057 0.9238801167170203
vn 0.14983356266048753 0.35212985308748057 0.9238801167170203
vn 0.1498358833765116 0.3521300228178787 0.9238796756521168
vn 0.1498358833765116 0.3521300228178787 0.9238796756521168
vn 0.1498358833765116 0.3521300228178787 0.9238796756521168
vn 0.1867172615518412 0.3340413355538033 -0.9238793483891784
vn 0.1867172615518412 0.3340413355538033 -0.9238793483891784
vn 0.1867172615518412 0.3340413355538033 -0.9238793483891784
vn 0.18671838853511172 0.3340396269729122 -0.9238797383830045
vn 0.18671838853511172 0.3340396269729122 -0.9238797383830045
vn 0.18671838853511172 0.3340396269729122 -0.9238797383830045
vn 0.4507785822930992 0.8064438853486265 -0.38268385062559807
vn 0.4507785822930992 0.8064438853486265 -0.38268385062559807
vn 0.4507785822930992 0.8064438853486265 -0.38268385062559807
vn 0.4507738732383093 0.806447818740439 -0.38268110856759185
vn 0.4507738732383093 0.806447818740439 -0.38268110856759185
vn 0.4507738732383093 0.806447818740439 -0.38268110856759185
vn 0.48791361743133654 0.8728919188107238 0
vn 0.48791361743133654 0.8728919188107238 0
vn 0.48791361743133654 0.8728919188107238 0
vn 0.48791361743133654 0.8728919188107238 0
vn 0.48791361743133654 0.8728919188107238 0
vn 0.48791361743133654 0.8728919188107238 0
vn 0.4507733338321854 0.8064469193675101 0.3826836392484918
vn 0.4507733338321854 0.8064469193675101 0.3826836392484918
vn 0.4507733338321854 0.8064469193675101 0.3826836392484918
vn 0.4507791710218792 0.8064449451409087 0.38268092378573587
vn 0.4507791710218792 0.8064449451409087 0.38268092378573587
vn 0.4507791710218792 0.8064449451409087 0.38268092378573587
vn 0.18671847581307682 0.33403977217573466 0.9238796682440981
vn 0.18671847581307682 0.33403977217573466 0.9238796682440981
vn 0.18671847581307682 0.33403977217573466 0.9238796682440981
vn 0.18671643825740344 0.3340398685659298 0.9238800451860217
vn 0.18671643825740344 0.3340398685659298 0.9238800451860217
vn 0.18671643825740344 0.3340398685659298 0.9238800451860217
vn 0.22236892961488852 0.311445599163172 -0.9238796988265418
vn 0.22236892961488852 0.311445599163172 -0.9238796988265418
vn 0.22236892961488852 0.311445599163172 -0.9238796988265418
vn 0.22236806597206354 0.3114472689679796 -0.9238793437934583
vn 0.22236806597206354 0.3114472689679796 -0.9238793437934583
vn 0.22236806597206354 0.3114472689679796 -0.9238793437934583
vn 0.5368438991091216 0.7519000813437791 -0.38268119324645894
vn 0.5368438991091216 0.7519000813437791 -0.38268119324645894
vn 0.5368438991091216 0.7519000813437791 -0.38268119324645894
vn 0.536846650473507 0.7518972336973552 -0.38268292858924496
vn 0.536846650473507 0.7518972336973552 -0.38268292858924496
vn 0.536846650473507 0.7518972336973552 -0.38268292858924496
vn 0.5810785347121846 0.8138474897035317 0
vn 0.5810785347121846 0.8138474897035317 0
vn 0.5810785347121846 0.8138474897035317 0
vn 0.5810785347121846 0.8138474897035317 0
vn 0.5810785347121846 0.8138474897035317 0
vn 0.5810785347121846 0.8138474897035317 0
vn 0.536847184424343 0.7518979454642906 0.38268078104633696
vn 0.536847184424343 0.7518979454642906 0.38268078104633696
vn 0.536847184424343 0.7518979454642906 0.38268078104633696
vn 0.5368435921218219 0.7518996515562391 0.38268246835639735
vn 0.5368435921218219 0.7518996515562391 0.38268246835639735
vn 0.5368435921218219 0.7518996515562391 0.38268246835639735
vn 0.22236703057961785 0.31144579855264964 0.923880088688519
vn 0.22236703057961785 0.31144579855264964 0.923880088688519
vn 0.22236703057961785 0.31144579855264964 0.923880088688519
vn 0.22236889316889233 0.31144553025352706 0.9238797308286079
vn 0.22236889316889233 0.31144553025352706 0.9238797308286079
vn 0.22236889316889233 0.31144553025352706 0.9238797308286079
vn 0.2554156484199224 0.2849732043567553 -0.923879385710534
vn 0.2554156484199224 0.2849732043567553 -0.923879385710534
vn 0.2554156484199224 0.2849732043567553 -0.923879385710534
vn 0.25541603240625155 0.2849721276307714 -0.9238796116721267
vn 0.25541603240625155 0.2849721276307714 -0.9238796116721267
vn 0.25541603240625155 0.2849721276307714 -0.9238796116721267
vn 0.6166293130764006 0.6879840611186225 -0.38268292606497845
vn 0.6166293130764006 0.6879840611186225 -0.38268292606497845
vn 0.6166293130764006 0.6879840611186225 -0.38268292606497845
vn 0.6166308108390728 0.6879821026966298 -0.3826840334963971
vn 0.6166308108390728 0.6879821026966298 -0.3826840334963971
vn 0.6166308108390728 0.6879821026966298 -0.3826840334963971
vn 0.6674365952536301 0.7446666309941932 0
vn 0.6674365952536301 0.7446666309941932 0
vn 0.6674365952536301 0.7446666309941932 0
vn 0.6674365952536301 0.7446666309941932 0
vn 0.6674365952536301 0.7446666309941932 0
vn 0.6674365952536301 0.7446666309941932 0
vn 0.6166312557066245 0.6879825438649307 0.3826825235398267
vn 0.6166312557066245 0.6879825438649307 0.3826825235398267
vn 0.6166312557066245 0.6879825438649307 0.3826825235398267
vn 0.6166291163626231 0.6879838623335213 0.3826836004096607
vn 0.6166291163626231 0.6879838623335213 0.3826836004096607
vn 0.6166291163626231 0.6879838623335213 0.3826836004096607
vn 0.25541585231184005 0.28497191758586404 0.923879726249717
vn 0.25541585231184005 0.28497191758586404 0.923879726249717
vn 0.25541585231184005 0.28497191758586404 0.923879726249717
vn 0.25541478770186843 0.28497219503782506 0.9238799349907612
vn 0.25541478770186843 0.28497219503782506 0.9238799349907612
vn 0.25541478770186843 0.28497219503782506 0.9238799349907612
vn 0.2858267064204754 0.254459375382471 -0.9238796026413756
vn 0.2858267064204754 0.254459375382471 -0.9238796026413756
vn 0.2858267064204754 0.254459375382471 -0.9238796026413756
vn 0.2858268058636518 0.2544591458986986 -0.9238796350814792
vn 0.2858268058636518 0.2544591458986986 -0.9238796350814792
vn 0.2858268058636518 0.2544591458986986 -0.9238796350814792
vn 0.6900473288221768 0.6143190310268823 -0.38268369720118833
vn 0.6900473288221768 0.6143190310268823 -0.38268369720118833
vn 0.6900473288221768 0.6143190310268823 -0.38268369720118833
vn 0.690047501606482 0.6143187276357432 -0.3826838726712348
vn 0.690047501606482 0.6143187276357432 -0.3826838726712348
vn 0.690047501606482 0.6143187276357432 -0.3826838726712348
vn 0.7469021508541094 0.6649339644276756 0
vn 0.7469021508541094 0.6649339644276756 0
vn 0.7469021508541094 0.6649339644276756 0
vn 0.7469021508541094 0.6649339644276756 0
vn 0.7469021508541094 0.6649339644276756 0
vn 0.7469021508541094 0.6649339644276756 0
vn 0.6900476394368388 0.6143188634225446 0.3826834061608621
vn 0.6900476394368388 0.6143188634225446 0.3826834061608621
vn 0.6900476394368388 0.6143188634225446 0.3826834061608621
vn 0.6900473819975571 0.6143190849078334 0.3826835148217385
vn 0.6900473819975571 0.6143190849078334 0.3826835148217385
vn 0.6900473819975571 0.6143190849078334 0.3826835148217385
vn 0.2858262692295192 0.25445866889031776 0.9238799324830592
vn 0.2858262692295192 0.25445866889031776 0.9238799324830592
vn 0.2858262692295192 0.25445866889031776 0.9238799324830592
vn 0.2858260006789499 0.2544587580037996 0.9238799910221245
vn 0.2858260006789499 0.2544587580037996 0.9238799910221245
vn 0.2858260006789499 0.2544587580037996 0.9238799910221245
vn 0.31337138205779025 0.21964688035117685 -0.9238796592950763
vn 0.31337138205779025 0.21964688035117685 -0.9238796592950763
vn 0.31337138205779025 0.21964688035117685 -0.9238796592950763
vn 0.31337121785367256 0.21964818699247843 -0.9238794043444325
vn 0.31337121785367256 0.21964818699247843 -0.9238794043444325
vn 0.31337121785367256 0.21964818699247843 -0.9238794043444325
vn 0.7565443502140127 0.530277132032099 -0.38268369367281513
vn 0.7565443502140127 0.530277132032099 -0.38268369367281513
vn 0.7565443502140127 0.530277132032099 -0.38268369367281513
vn 0.7565456685098563 0.5302742163064722 -0.3826851277219057
vn 0.7565456685098563 0.5302742163064722 -0.3826851277219057
vn 0.7565456685098563 0.5302742163064722 -0.3826851277219057
vn 0.8188797535588846 0.5739651114931468 0
vn 0.8188797535588846 0.5739651114931468 0
vn 0.8188797535588846 0.5739651114931468 0
vn 0.8188797535588846 0.5739651114931468 0
vn 0.8188797535588846 0.5739651114931468 0
vn 0.8188797535588846 0.5739651114931468 0
vn 0.7565463078344165 0.5302746220954746 0.3826833015217854
vn 0.7565463078344165 0.5302746220954746 0.3826833015217854
vn 0.7565463078344165 0.5302746220954746 0.3826833015217854
vn 0.7565439909356904 0.5302768924566837 0.38268473591924296
vn 0.7565439909356904 0.5302768924566837 0.38268473591924296
vn 0.7565439909356904 0.5302768924566837 0.38268473591924296
vn 0.3133699587407782 0.21964731752755842 0.9238800381336046
vn 0.3133699587407782 0.21964731752755842 0.9238800381336046
vn 0.3133699587407782 0.21964731752755842 0.9238800381336046
vn 0.3133711438214119 0.21964671656611098 0.9238797790415084
vn 0.3133711438214119 0.21964671656611098 0.9238797790415084
vn 0.3133711438214119 0.21964671656611098 0.9238797790415084
vn 0.3362552493576997 0.18269973830104963 -0.9238794363466043
vn 0.3362552493576997 0.18269973830104963 -0.9238794363466043
vn 0.3362552493576997 0.18269973830104963 -0.9238794363466043
vn 0.3362552537267918 0.18269936814590534 -0.9238795079555656
vn 0.3362552537267918 0.18269936814590534 -0.9238795079555656
vn 0.3362552537267918 0.18269936814590534 -0.9238795079555656
vn 0.8117912992128383 0.4410749069316654 -0.38268500492906
vn 0.8117912992128383 0.4410749069316654 -0.38268500492906
vn 0.8117912992128383 0.4410749069316654 -0.38268500492906
vn 0.811790644862153 0.4410769639984666 -0.38268402206544394
vn 0.811790644862153 0.4410769639984666 -0.38268402206544394
vn 0.811790644862153 0.4410769639984666 -0.38268402206544394
vn 0.8786760991018128 0.4774183834617404 0
vn 0.8786760991018128 0.4774183834617404 0
vn 0.8786760991018128 0.4774183834617404 0
vn 0.8786760991018128 0.4774183834617404 0
vn 0.8786760991018128 0.4774183834617404 0
vn 0.8786760991018128 0.4774183834617404 0
vn 0.8117904132334781 0.4410768186760696 0.3826846809173529
vn 0.8117904132334781 0.4410768186760696 0.3826846809173529
vn 0.8117904132334781 0.4410768186760696 0.3826846809173529
vn 0.8117917638828975 0.4410751685417518 0.38268371769355364
vn 0.8117917638828975 0.4410751685417518 0.38268371769355364
vn 0.8117917638828975 0.4410751685417518 0.38268371769355364
vn 0.3362546781468376 0.18269905014903454 0.9238797803280506
vn 0.3362546781468376 0.18269905014903454 0.9238797803280506
vn 0.3362546781468376 0.18269905014903454 0.9238797803280506
vn 0.3362543834029579 0.18269924564590864 0.9238798489428767
vn 0.3362543834029579 0.18269924564590864 0.9238798489428767
vn 0.3362543834029579 0.18269924564590864 0.9238798489428767
vn 0.3540604705044321 0.14521655417630566 -0.9238795027596078
vn 0.3540604705044321 0.14521655417630566 -0.9238795027596078
vn 0.3540604705044321 0.14521655417630566 -0.9238795027596078
vn 0.3540604919738699 0.14521664016556998 -0.9238794810159193
vn 0.3540604919738699 0.14521664016556998 -0.9238794810159193
vn 0.3540604919738699 0.14521664016556998 -0.9238794810159193
vn 0.8547770824134436 0.3505837556599083 -0.3826841643550918
vn 0.8547770824134436 0.3505837556599083 -0.3826841643550918
vn 0.8547770824134436 0.3505837556599083 -0.3826841643550918
vn 0.8547769190288614 0.350584536848584 -0.38268381363495246
vn 0.8547769190288614 0.350584536848584 -0.38268381363495246
vn 0.8547769190288614 0.350584536848584 -0.38268381363495246
vn 0.9252040341967023 0.379470018718406 0
vn 0.9252040341967023 0.379470018718406 0
vn 0.9252040341967023 0.379470018718406 0
vn 0.9252040341967023 0.379470018718406 0
vn 0.9252040341967023 0.379470018718406 0
vn 0.9252040341967023 0.379470018718406 0
vn 0.854776918211153 0.3505845067108806 0.3826838430711865
vn 0.854776918211153 0.3505845067108806 0.3826838430711865
vn 0.854776918211153 0.3505845067108806 0.3826838430711865
vn 0.8547773448761996 0.350583884730831 0.3826834598639371
vn 0.8547773448761996 0.350583884730831 0.3826834598639371
vn 0.8547773448761996 0.350583884730831 0.3826834598639371
vn 0.35405966198818134 0.14521631417720807 0.9238798503320661
vn 0.35405966198818134 0.14521631417720807 0.9238798503320661
vn 0.35405966198818134 0.14521631417720807 0.9238798503320661
vn 0.35405971795162355 0.14521623817797802 0.923879840830751
vn 0.35405971795162355 0.14521623817797802 0.923879840830751
vn 0.35405971795162355 0.14521623817797802 0.923879840830751
vn 0.36693691806632717 0.1086461159643425 -0.9238794941148158
vn 0.36693691806632717 0.1086461159643425 -0.9238794941148158
vn 0.36693691806632717 0.1086461159643425 -0.9238794941148158
vn 0.36693662627450907 0.10864494061765452 -0.9238797482229316
vn 0.36693662627450907 0.10864494061765452 -0.9238797482229316
vn 0.36693662627450907 0.10864494061765452 -0.9238797482229316
vn 0.8858644945833529 0.26229241441577145 -0.3826836638485185
vn 0.8858644945833529 0.26229241441577145 -0.3826836638485185
vn 0.8858644945833529 0.26229241441577145 -0.3826836638485185
vn 0.8858643094176014 0.262294826523176 -0.38268243920939615
vn 0.8858643094176014 0.262294826523176 -0.38268243920939615
vn 0.8858643094176014 0.262294826523176 -0.38268243920939615
vn 0.9588521913897855 0.28390575032395204 0
vn 0.9588521913897855 0.28390575032395204 0
vn 0.9588521913897855 0.28390575032395204 0
vn 0.9588521913897855 0.28390575032395204 0
vn 0.9588521913897855 0.28390575032395204 0
vn 0.9588521913897855 0.28390575032395204 0
vn 0.8858639469419861 0.2622947058785214 0.3826833609872079
vn 0.8858639469419861 0.2622947058785214 0.3826833609872079
vn 0.8858639469419861 0.2622947058785214 0.3826833609872079
vn 0.8858650965905073 0.26229259499458984 0.3826821465050274
vn 0.8858650965905073 0.26229259499458984 0.3826821465050274
vn 0.8858650965905073 0.26229259499458984 0.3826821465050274
vn 0.36693645340938924 0.10864489022495336 0.9238798228056218
vn 0.36693645340938924 0.10864489022495336 0.9238798228056218
vn 0.36693645340938924 0.10864489022495336 0.9238798228056218
vn 0.366935545421083 0.10864572056884471 0.9238800857841936
vn 0.366935545421083 0.10864572056884471 0.9238800857841936
vn 0.366935545421083 0.10864572056884471 0.9238800857841936
vn 0.3754438352052937 0.07408236499467 -0.9238797160903235
vn 0.3754438352052937 0.07408236499467 -0.9238797160903235
vn 0.3754438352052937 0.07408236499467 -0.9238797160903235
vn 0.37544435572621815 0.07408376099233094 -0.9238793926214375
vn 0.37544435572621815 0.07408376099233094 -0.9238793926214375
vn 0.37544435572621815 0.07408376099233094 -0.9238793926214375
vn 0.9064023995202698 0.1788539271571157 -0.3826825876419965
vn 0.9064023995202698 0.1788539271571157 -0.3826825876419965
vn 0.9064023995202698 0.1788539271571157 -0.3826825876419965
vn 0.9064023105855797 0.17885160854978788 -0.3826838819238086
vn 0.9064023105855797 0.17885160854978788 -0.3826838819238086
vn 0.9064023105855797 0.17885160854978788 -0.3826838819238086
vn 0.9810829902702259 0.19358761892856644 0
vn 0.9810829902702259 0.19358761892856644 0
vn 0.9810829902702259 0.19358761892856644 0
vn 0.9810829902702259 0.19358761892856644 0
vn 0.9810829902702259 0.19358761892856644 0
vn 0.9810829902702259 0.19358761892856644 0
vn 0.9064029850267614 0.17885173460669695 0.38268222556417775
vn 0.9064029850267614 0.17885173460669695 0.38268222556417775
vn 0.9064029850267614 0.17885173460669695 0.38268222556417775
vn 0.9064020352484077 0.17885386624145885 0.38268347890655907
vn 0.9064020352484077 0.17885386624145885 0.38268347890655907
vn 0.9064020352484077 0.17885386624145885 0.38268347890655907
vn 0.37544270846043376 0.07408343901154117 0.9238800878512952
vn 0.37544270846043376 0.07408343901154117 0.9238800878512952
vn 0.37544270846043376 0.07408343901154117 0.9238800878512952
vn 0.3754437334211979 0.07408234608125759 0.9238797589696666
vn 0.3754437334211979 0.07408234608125759 0.9238797589696666
vn 0.3754437334211979 0.07408234608125759 0.9238797589696666
vn 0.38034956807477915 0.04220208059942675 -0.9238794241990719
vn 0.38034956807477915 0.04220208059942675 -0.9238794241990719
vn 0.38034956807477915 0.04220208059942675 -0.9238794241990719
vn 0.380349236739085 0.042201338877207326 -0.9238795944867311
vn 0.380349236739085 0.042201338877207326 -0.9238795944867311
vn 0.380349236739085 0.042201338877207326 -0.9238795944867311
vn 0.9182444957205067 0.10188308520560335 -0.3826837898683196
vn 0.9182444957205067 0.10188308520560335 -0.3826837898683196
vn 0.9182444957205067 0.10188308520560335 -0.3826837898683196
vn 0.9182447738703905 0.1018851989654504 -0.3826825596907781
vn 0.9182447738703905 0.1018851989654504 -0.3826825596907781
vn 0.9182447738703905 0.1018851989654504 -0.3826825596907781
vn 0.993900593189699 0.11027969376618939 0
vn 0.993900593189699 0.11027969376618939 0
vn 0.993900593189699 0.11027969376618939 0
vn 0.993900593189699 0.11027969376618939 0
vn 0.993900593189699 0.11027969376618939 0
vn 0.993900593189699 0.11027969376618939 0
vn 0.9182444077939497 0.10188515332454315 0.38268345023945444
vn 0.9182444077939497 0.10188515332454315 0.38268345023945444
vn 0.9182444077939497 0.10188515332454315 0.38268345023945444
vn 0.9182451361404099 0.10188315802144486 0.38268223379986893
vn 0.9182451361404099 0.10188315802144486 0.38268223379986893
vn 0.9182451361404099 0.10188315802144486 0.38268223379986893
vn 0.3803488386336725 0.042201300021246 0.9238797601563384
vn 0.3803488386336725 0.042201300021246 0.9238797601563384
vn 0.3803488386336725 0.042201300021246 0.9238797601563384
vn 0.3803483066767733 0.04220194126881778 0.9238799498642961
vn 0.3803483066767733 0.04220194126881778 0.9238799498642961
vn 0.3803483066767733 0.04220194126881778 0.9238799498642961
vn 0.38245171180243703 0.01330921887612838 -0.9238796203144071
vn 0.38245171180243703 0.01330921887612838 -0.9238796203144071
vn 0.38245171180243703 0.01330921887612838 -0.9238796203144071
vn 0.3824516613190671 0.01330914003112592 -0.9238796423484595
vn 0.3824516613190671 0.01330914003112592 -0.9238796423484595
vn 0.3824516613190671 0.01330914003112592 -0.9238796423484595
vn 0.9233209909811081 0.032131138573013404 -0.38268255453791766
vn 0.9233209909811081 0.032131138573013404 -0.38268255453791766
vn 0.9233209909811081 0.032131138573013404 -0.38268255453791766
vn 0.9233206649883478 0.03212970171182366 -0.38268346171919265
vn 0.9233206649883478 0.03212970171182366 -0.38268346171919265
vn 0.9233206649883478 0.03212970171182366 -0.38268346171919265
vn 0.9993950992045135 0.03477694187245988 0
vn 0.9993950992045135 0.03477694187245988 0
vn 0.9993950992045135 0.03477694187245988 0
vn 0.9993950992045135 0.03477694187245988 0
vn 0.9993950992045135 0.03477694187245988 0
vn 0.9993950992045135 0.03477694187245988 0
vn 0.9233211858230351 0.032129719795178924 0.38268220355306265
vn 0.9233211858230351 0.032129719795178924 0.38268220355306265
vn 0.9233211858230351 0.032129719795178924 0.38268220355306265
vn 0.923320766494689 0.032131131607265453 0.38268309675408535
vn 0.923320766494689 0.032131131607265453 0.38268309675408535
vn 0.923320766494689 0.032131131607265453 0.38268309675408535
vn 0.3824508735703143 0.013309112574261947 0.9238799688421593
vn 0.3824508735703143 0.013309112574261947 0.9238799688421593
vn 0.3824508735703143 0.013309112574261947 0.9238799688421593
vn 0.38245082229997834 0.01330918830142123 0.9238799889752064
vn 0.38245082229997834 0.01330918830142123 0.9238799889752064
vn 0.38245082229997834 0.01330918830142123 0.9238799889752064
vn 0.38244232398572237 -0.013576316598672505 -0.9238796201086007
vn 0.38244232398572237 -0.013576316598672505 -0.9238796201086007
vn 0.38244232398572237 -0.013576316598672505 -0.9238796201086007
vn 0.3824426487102875 -0.013575791222664996 -0.9238794934081707
vn 0.3824426487102875 -0.013575791222664996 -0.9238794934081707
vn 0.3824426487102875 -0.013575791222664996 -0.9238794934081707
vn 0.9232980440210116 -0.03277485385246708 -0.38268332974134617
vn 0.9232980440210116 -0.03277485385246708 -0.38268332974134617
vn 0.9232980440210116 -0.03277485385246708 -0.38268332974134617
vn 0.9232982138955657 -0.03277428729103129 -0.38268296840834604
vn 0.9232982138955657 -0.03277428729103129 -0.38268296840834604
vn 0.9232982138955657 -0.03277428729103129 -0.38268296840834604
vn 0.9993705772872614 -0.03547462829299185 0
vn 0.9993705772872614 -0.03547462829299185 0
vn 0.9993705772872614 -0.03547462829299185 0
vn 0.9993705772872614 -0.03547462829299185 0
vn 0.9993705772872614 -0.03547462829299185 0
vn 0.9993705772872614 -0.03547462829299185 0
vn 0.9232981945725932 -0.03277428872090856 0.3826830149063692
vn 0.9232981945725932 -0.03277428872090856 0.3826830149063692
vn 0.9232981945725932 -0.03277428872090856 0.3826830149063692
vn 0.9232983404817281 -0.0327748612475825 0.38268261383800645
vn 0.9232983404817281 -0.0327748612475825 0.38268261383800645
vn 0.9232983404817281 -0.0327748612475825 0.38268261383800645
vn 0.3824414372731396 -0.013575748753062822 0.9238799955092919
vn 0.3824414372731396 -0.013575748753062822 0.9238799955092919
vn 0.3824414372731396 -0.013575748753062822 0.9238799955092919
vn 0.38244175641288114 -0.013576298856375499 0.923879855317342
vn 0.38244175641288114 -0.013576298856375499 0.923879855317342
vn 0.38244175641288114 -0.013576298856375499 0.923879855317342
vn 0.3802631481420955 -0.04297216591082105 -0.9238795003256624
vn 0.3802631481420955 -0.04297216591082105 -0.9238795003256624
vn 0.3802631481420955 -0.04297216591082105 -0.9238795003256624
vn 0.38026307068939375 -0.04297222686637611 -0.9238795293695048
vn 0.38026307068939375 -0.04297222686637611 -0.9238795293695048
vn 0.38026307068939375 -0.04297222686637611 -0.9238795293695048
vn 0.9180364770344506 -0.10374415848460808 -0.3826828666330586
vn 0.9180364770344506 -0.10374415848460808 -0.3826828666330586
vn 0.9180364770344506 -0.10374415848460808 -0.3826828666330586
vn 0.9180359607758548 -0.10374559944232423 -0.3826837144675821
vn 0.9180359607758548 -0.10374559944232423 -0.3826837144675821
vn 0.9180359607758548 -0.10374559944232423 -0.3826837144675821
vn 0.9936750892030584 -0.11229344191578539 0
vn 0.9936750892030584 -0.11229344191578539 0
vn 0.9936750892030584 -0.11229344191578539 0
vn 0.9936750892030584 -0.11229344191578539 0
vn 0.9936750892030584 -0.11229344191578539 0
vn 0.9936750892030584 -0.11229344191578539 0
vn 0.9180364593348086 -0.1037456615017102 0.38268250162710715
vn 0.9180364593348086 -0.1037456615017102 0.38268250162710715
vn 0.9180364593348086 -0.1037456615017102 0.38268250162710715
vn 0.9180362730609795 -0.10374413328967322 0.38268336278479814
vn 0.9180362730609795 -0.10374413328967322 0.38268336278479814
vn 0.9180362730609795 -0.10374413328967322 0.38268336278479814
vn 0.38026228375469456 -0.042972132369641466 0.9238798576618447
vn 0.38026228375469456 -0.042972132369641466 0.9238798576618447
vn 0.38026228375469456 -0.042972132369641466 0.9238798576618447
vn 0.38026228485042174 -0.04297206543824056 0.9238798603240079
vn 0.38026228485042174 -0.04297206543824056 0.9238798603240079
vn 0.38026228485042174 -0.04297206543824056 0.9238798603240079
vn 0.3752082878040036 -0.07526888685758201 -0.9238795026595236
vn 0.3752082878040036 -0.07526888685758201 -0.9238795026595236
vn 0.3752082878040036 -0.07526888685758201 -0.9238795026595236
vn 0.3752082084588692 -0.07526897828301195 -0.9238795274348908
vn 0.3752082084588692 -0.07526897828301195 -0.9238795274348908
vn 0.3752082084588692 -0.07526897828301195 -0.9238795274348908
vn 0.9058325165186111 -0.181715336904746 -0.38268392747952545
vn 0.9058325165186111 -0.181715336904746 -0.38268392747952545
vn 0.9058325165186111 -0.181715336904746 -0.38268392747952545
vn 0.9058330108804977 -0.18171423773437478 -0.3826832792320396
vn 0.9058330108804977 -0.18171423773437478 -0.3826832792320396
vn 0.9058330108804977 -0.18171423773437478 -0.3826832792320396
vn 0.9804665196100474 -0.19668605421778237 0
vn 0.9804665196100474 -0.19668605421778237 0
vn 0.9804665196100474 -0.19668605421778237 0
vn 0.9804665196100474 -0.19668605421778237 0
vn 0.9804665196100474 -0.19668605421778237 0
vn 0.9804665196100474 -0.19668605421778237 0
vn 0.9058328782993451 -0.18171422015075675 0.38268360140843033
vn 0.9058328782993451 -0.18171422015075675 0.38268360140843033
vn 0.9058328782993451 -0.18171422015075675 0.38268360140843033
vn 0.9058329093565196 -0.1817154184738934 0.382682958877922
vn 0.9058329093565196 -0.1817154184738934 0.382682958877922
vn 0.9058329093565196 -0.1817154184738934 0.382682958877922
vn 0.3752074233425774 -0.0752688123128429 0.9238798598095089
vn 0.3752074233425774 -0.0752688123128429 0.9238798598095089
vn 0.3752074233425774 -0.0752688123128429 0.9238798598095089
vn 0.37520740068165104 -0.07526870943731885 0.9238798773938955
vn 0.37520740068165104 -0.07526870943731885 0.9238798773938955
vn 0.37520740068165104 -0.07526870943731885 0.9238798773938955
vn 0.36650335168674303 -0.11009938083586818 -0.9238795481781932
vn 0.36650335168674303 -0.11009938083586818 -0.9238795481781932
vn 0.36650335168674303 -0.11009938083586818 -0.9238795481781932
vn 0.36650377067677137 -0.1100989492301663 -0.9238794333992514
vn 0.36650377067677137 -0.1100989492301663 -0.9238794333992514
vn 0.36650377067677137 -0.1100989492301663 -0.9238794333992514
vn 0.8848178512071195 -0.26580223817778575 -0.38268334215757954
vn 0.8848178512071195 -0.26580223817778575 -0.38268334215757954
vn 0.8848178512071195 -0.26580223817778575 -0.38268334215757954
vn 0.8848177729479137 -0.26580238158550407 -0.38268342349645623
vn 0.8848177729479137 -0.26580238158550407 -0.38268342349645623
vn 0.8848177729479137 -0.26580238158550407 -0.38268342349645623
vn 0.9577198564823058 -0.28770240961714494 0
vn 0.9577198564823058 -0.28770240961714494 0
vn 0.9577198564823058 -0.28770240961714494 0
vn 0.9577198564823058 -0.28770240961714494 0
vn 0.9577198564823058 -0.28770240961714494 0
vn 0.9577198564823058 -0.28770240961714494 0
vn 0.8848179662182422 -0.26580241573057806 0.382682952911679
vn 0.8848179662182422 -0.26580241573057806 0.382682952911679
vn 0.8848179662182422 -0.26580241573057806 0.382682952911679
vn 0.8848179709901621 -0.2658022681524653 0.3826830443824984
vn 0.8848179709901621 -0.2658022681524653 0.3826830443824984
vn 0.8848179709901621 -0.2658022681524653 0.3826830443824984
vn 0.3665026426797337 -0.11009860785263417 0.9238799215578198
vn 0.3665026426797337 -0.11009860785263417 0.9238799215578198
vn 0.3665026426797337 -0.11009860785263417 0.9238799215578198
vn 0.36650281318673483 -0.1100992163048003 0.9238797814084245
vn 0.36650281318673483 -0.1100992163048003 0.9238797814084245
vn 0.36650281318673483 -0.1100992163048003 0.9238797814084245
vn 0.3534372717732334 -0.14672723291241588 -0.9238794369631566
vn 0.3534372717732334 -0.14672723291241588 -0.9238794369631566
vn 0.3534372717732334 -0.14672723291241588 -0.9238794369631566
vn 0.353436823109002 -0.14672758986384432 -0.9238795519132151
vn 0.353436823109002 -0.14672758986384432 -0.9238795519132151
vn 0.353436823109002 -0.14672758986384432 -0.9238795519132151
vn 0.8532720804858365 -0.3542317450313846 -0.38268345597293896
vn 0.8532720804858365 -0.3542317450313846 -0.38268345597293896
vn 0.8532720804858365 -0.3542317450313846 -0.38268345597293896
vn 0.8532733289535684 -0.3542298661442439 -0.3826824114431266
vn 0.8532733289535684 -0.3542298661442439 -0.3826824114431266
vn 0.8532733289535684 -0.3542298661442439 -0.3826824114431266
vn 0.923575979664899 -0.383415453243635 0
vn 0.923575979664899 -0.383415453243635 0
vn 0.923575979664899 -0.383415453243635 0
vn 0.923575979664899 -0.383415453243635 0
vn 0.923575979664899 -0.383415453243635 0
vn 0.923575979664899 -0.383415453243635 0
vn 0.8532730496670987 -0.35422972491105104 0.3826831649044022
vn 0.8532730496670987 -0.35422972491105104 0.3826831649044022
vn 0.8532730496670987 -0.35422972491105104 0.3826831649044022
vn 0.8532726019407673 -0.3542319772282365 0.3826820783446845
vn 0.8532726019407673 -0.3542319772282365 0.3826820783446845
vn 0.8532726019407673 -0.3542319772282365 0.3826820783446845
vn 0.35343635903984105 -0.1467273716469982 0.923879764102572
vn 0.35343635903984105 -0.1467273716469982 0.923879764102572
vn 0.35343635903984105 -0.1467273716469982 0.923879764102572
vn 0.35343627124028704 -0.14672680607016783 0.9238798875136364
vn 0.35343627124028704 -0.14672680607016783 0.9238798875136364
vn 0.35343627124028704 -0.14672680607016783 0.9238798875136364
vn 0.33553305280248763 -0.18402236706618025 -0.9238795045331415
vn 0.33553305280248763 -0.18402236706618025 -0.9238795045331415
vn 0.33553305280248763 -0.18402236706618025 -0.9238795045331415
vn 0.33553340244588714 -0.18402213916970758 -0.9238794229435415
vn 0.33553340244588714 -0.18402213916970758 -0.9238794229435415
vn 0.33553340244588714 -0.18402213916970758 -0.9238794229435415
vn 0.8100490491681416 -0.4442686097546213 -0.3826825581712415
vn 0.8100490491681416 -0.4442686097546213 -0.3826825581712415
vn 0.8100490491681416 -0.4442686097546213 -0.3826825581712415
vn 0.8100472434431671 -0.44427080548159914 -0.38268383136325124
vn 0.8100472434431671 -0.44427080548159914 -0.38268383136325124
vn 0.8100472434431671 -0.44427080548159914 -0.38268383136325124
vn 0.8767889737301364 -0.4808753430414728 0
vn 0.8767889737301364 -0.4808753430414728 0
vn 0.8767889737301364 -0.4808753430414728 0
vn 0.8767889737301364 -0.4808753430414728 0
vn 0.8767889737301364 -0.4808753430414728 0
vn 0.8767889737301364 -0.4808753430414728 0
vn 0.8100478477535598 -0.44427113783951 0.38268216633730506
vn 0.8100478477535598 -0.44427113783951 0.38268216633730506
vn 0.8100478477535598 -0.44427113783951 0.38268216633730506
vn 0.8100487026800279 -0.44426846685256977 0.3826834575035493
vn 0.8100487026800279 -0.44426846685256977 0.3826834575035493
vn 0.8100487026800279 -0.44426846685256977 0.3826834575035493
vn 0.3355324590024478 -0.1840216232401551 0.9238798683464365
vn 0.3355324590024478 -0.1840216232401551 0.9238798683464365
vn 0.3355324590024478 -0.1840216232401551 0.9238798683464365
vn 0.33553245263732345 -0.184022022080572 0.9238797912155887
vn 0.33553245263732345 -0.184022022080572 0.9238797912155887
vn 0.33553245263732345 -0.184022022080572 0.9238797912155887
vn 0.31273785995251874 -0.22054902256297726 -0.9238794074979884
vn 0.31273785995251874 -0.22054902256297726 -0.9238794074979884
vn 0.31273785995251874 -0.22054902256297726 -0.9238794074979884
vn 0.312737024603281 -0.22054946897427213 -0.9238795836998744
vn 0.312737024603281 -0.22054946897427213 -0.9238795836998744
vn 0.312737024603281 -0.22054946897427213 -0.9238795836998744
vn 0.7550140122921888 -0.5324535440177036 -0.382684027241062
vn 0.7550140122921888 -0.5324535440177036 -0.382684027241062
vn 0.7550140122921888 -0.5324535440177036 -0.382684027241062
vn 0.7550153699771465 -0.5324522233911548 -0.3826831860744452
vn 0.7550153699771465 -0.5324522233911548 -0.3826831860744452
vn 0.7550153699771465 -0.5324522233911548 -0.3826831860744452
vn 0.8172226045167599 -0.5763221448693808 0
vn 0.8172226045167599 -0.5763221448693808 0
vn 0.8172226045167599 -0.5763221448693808 0
vn 0.8172226045167599 -0.5763221448693808 0
vn 0.8172226045167599 -0.5763221448693808 0
vn 0.8172226045167599 -0.5763221448693808 0
vn 0.7550151706731115 -0.5324521493364714 0.3826836823284005
vn 0.7550151706731115 -0.5324521493364714 0.3826836823284005
vn 0.7550151706731115 -0.5324521493364714 0.3826836823284005
vn 0.7550143734586947 -0.532453844536458 0.3826828965463703
vn 0.7550143734586947 -0.532453844536458 0.3826828965463703
vn 0.7550143734586947 -0.532453844536458 0.3826828965463703
vn 0.3127367194799625 -0.22054924044970134 0.9238797415388927
vn 0.3127367194799625 -0.22054924044970134 0.9238797415388927
vn 0.3127367194799625 -0.22054924044970134 0.9238797415388927
vn 0.31273686700334224 -0.22054830062701616 0.9238799159563266
vn 0.31273686700334224 -0.22054830062701616 0.9238799159563266
vn 0.31273686700334224 -0.22054830062701616 0.9238799159563266
vn 0.285543178133096 -0.25477758458755206 -0.9238795786320768
vn 0.285543178133096 -0.25477758458755206 -0.9238795786320768
vn 0.285543178133096 -0.25477758458755206 -0.9238795786320768
vn 0.2855441841522756 -0.2547771906797902 -0.9238793763290342
vn 0.2855441841522756 -0.2547771906797902 -0.9238793763290342
vn 0.2855441841522756 -0.2547771906797902 -0.9238793763290342
vn 0.6893639603544087 -0.6150860225216052 -0.382683309099099
vn 0.6893639603544087 -0.6150860225216052 -0.382683309099099
vn 0.6893639603544087 -0.6150860225216052 -0.382683309099099
vn 0.689362710425425 -0.6150869777739357 -0.38268402533661816
vn 0.689362710425425 -0.6150869777739357 -0.38268402533661816
vn 0.689362710425425 -0.6150869777739357 -0.38268402533661816
vn 0.7461610038385553 -0.6657655415764919 0
vn 0.7461610038385553 -0.6657655415764919 0
vn 0.7461610038385553 -0.6657655415764919 0
vn 0.7461610038385553 -0.6657655415764919 0
vn 0.7461610038385553 -0.6657655415764919 0
vn 0.7461610038385553 -0.6657655415764919 0
vn 0.6893630626308029 -0.6150872709589179 0.382682919640517
vn 0.6893630626308029 -0.6150872709589179 0.382682919640517
vn 0.6893630626308029 -0.6150872709589179 0.382682919640517
vn 0.689363893139072 -0.6150858965216647 0.38268363269975636
vn 0.689363893139072 -0.6150858965216647 0.38268363269975636
vn 0.689363893139072 -0.6150858965216647 0.38268363269975636
vn 0.28554315181275625 -0.2547762763921502 0.9238799475259695
vn 0.28554315181275625 -0.2547762763921502 0.9238799475259695
vn 0.28554315181275625 -0.2547762763921502 0.9238799475259695
vn 0.285542901954034 -0.2547773390682573 0.9238797316972416
vn 0.285542901954034 -0.2547773390682573 0.9238797316972416
vn 0.285542901954034 -0.2547773390682573 0.9238797316972416
vn 0.2554156741088154 -0.2849732295696285 -0.9238793708316013
vn 0.2554156741088154 -0.2849732295696285 -0.9238793708316013
vn 0.2554156741088154 -0.2849732295696285 -0.9238793708316013
vn 0.25541556050718883 -0.2849732656285525 -0.9238793911154187
vn 0.25541556050718883 -0.2849732656285525 -0.9238793911154187
vn 0.25541556050718883 -0.2849732656285525 -0.9238793911154187
vn 0.6166269303516292 -0.687985433655616 -0.3826842978785792
vn 0.6166269303516292 -0.687985433655616 -0.3826842978785792
vn 0.6166269303516292 -0.687985433655616 -0.3826842978785792
vn 0.6166295989262843 -0.6879838091180374 -0.38268291851014924
vn 0.6166295989262843 -0.6879838091180374 -0.38268291851014924
vn 0.6166295989262843 -0.6879838091180374 -0.38268291851014924
vn 0.6674349291686887 -0.7446681242846288 0
vn 0.6674349291686887 -0.7446681242846288 0
vn 0.6674349291686887 -0.7446681242846288 0
vn 0.6674349291686887 -0.7446681242846288 0
vn 0.6674349291686887 -0.7446681242846288 0
vn 0.6674349291686887 -0.7446681242846288 0
vn 0.6166293127652895 -0.6879834647250528 0.3826839987555253
vn 0.6166293127652895 -0.6879834647250528 0.3826839987555253
vn 0.6166293127652895 -0.6879834647250528 0.3826839987555253
vn 0.6166273921288415 -0.6879859532946768 0.3826826196021954
vn 0.6166273921288415 -0.6879859532946768 0.3826826196021954
vn 0.6166273921288415 -0.6879859532946768 0.3826826196021954
vn 0.2554150578088096 -0.2849727037816083 0.9238797033942904
vn 0.2554150578088096 -0.2849727037816083 0.9238797033942904
vn 0.2554150578088096 -0.2849727037816083 0.9238797033942904
vn 0.25541511030596364 -0.28497254683999984 0.9238797372899334
vn 0.25541511030596364 -0.28497254683999984 0.9238797372899334
vn 0.25541511030596364 -0.28497254683999984 0.9238797372899334
vn 0.2223693845278856 -0.31144624497798723 -0.9238793716247814
vn 0.2223693845278856 -0.31144624497798723 -0.9238793716247814
vn 0.2223693845278856 -0.31144624497798723 -0.9238793716247814
vn 0.2223675077744652 -0.31144651430936354 -0.9238797325467859
vn 0.2223675077744652 -0.31144651430936354 -0.9238797325467859
vn 0.2223675077744652 -0.31144651430936354 -0.9238797325467859
vn 0.5368434757939526 -0.7518995363826478 -0.3826828578405715
vn 0.5368434757939526 -0.7518995363826478 -0.3826828578405715
vn 0.5368434757939526 -0.7518995363826478 -0.3826828578405715
vn 0.5368470987088513 -0.75189784928929 -0.38268109025927716
vn 0.5368470987088513 -0.75189784928929 -0.38268109025927716
vn 0.5368470987088513 -0.75189784928929 -0.38268109025927716
vn 0.5810785347121846 -0.8138474897035317 0
vn 0.5810785347121846 -0.8138474897035317 0
vn 0.5810785347121846 -0.8138474897035317 0
vn 0.5810785347121846 -0.8138474897035317 0
vn 0.5810785347121846 -0.8138474897035317 0
vn 0.5810785347121846 -0.8138474897035317 0
vn 0.536846760678676 -0.7518973402956439 0.3826825645429235
vn 0.536846760678676 -0.7518973402956439 0.3826825645429235
vn 0.536846760678676 -0.7518973402956439 0.3826825645429235
vn 0.5368439668874967 -0.7519002120011429 0.38268084144510395
vn 0.5368439668874967 -0.7519002120011429 0.38268084144510395
vn 0.5368439668874967 -0.7519002120011429 0.38268084144510395
vn 0.22236757254909378 -0.31144658115505436 0.9238796944220886
vn 0.22236757254909378 -0.31144658115505436 0.9238796944220886
vn 0.22236757254909378 -0.31144658115505436 0.9238796944220886
vn 0.22236843825570052 -0.3114448844384382 0.9238800580296387
vn 0.22236843825570052 -0.3114448844384382 0.9238800580296387
vn 0.22236843825570052 -0.3114448844384382 0.9238800580296387
vn 0.1867168561661248 -0.33404061483374053 -0.9238796909040349
vn 0.1867168561661248 -0.33404061483374053 -0.9238796909040349
vn 0.1867168561661248 -0.33404061483374053 -0.9238796909040349
vn 0.1867188937216263 -0.33404051844322447 -0.9238793139612738
vn 0.1867188937216263 -0.33404051844322447 -0.9238793139612738
vn 0.1867188937216263 -0.33404051844322447 -0.9238793139612738
vn 0.4507790865671167 -0.8064448347911248 -0.3826812558153733
vn 0.4507790865671167 -0.8064448347911248 -0.3826812558153733
vn 0.4507790865671167 -0.8064448347911248 -0.3826812558153733
vn 0.45077329687001494 -0.8064467873490394 -0.38268396099568963
vn 0.45077329687001494 -0.8064467873490394 -0.38268396099568963
vn 0.45077329687001494 -0.8064467873490394 -0.38268396099568963
vn 0.48791361743133654 -0.8728919188107238 0
vn 0.48791361743133654 -0.8728919188107238 0
vn 0.48791361743133654 -0.8728919188107238 0
vn 0.48791361743133654 -0.8728919188107238 0
vn 0.48791361743133654 -0.8728919188107238 0
vn 0.48791361743133654 -0.8728919188107238 0
vn 0.45077393394658166 -0.8064479399241513 0.38268078167895414
vn 0.45077393394658166 -0.8064479399241513 0.38268078167895414
vn 0.45077393394658166 -0.8064479399241513 0.38268078167895414
vn 0.4507786430018732 -0.806444006533206 0.3826835237373829
vn 0.4507786430018732 -0.806444006533206 0.3826835237373829
vn 0.4507786430018732 -0.806444006533206 0.3826835237373829
vn 0.18671798500802192 -0.33403887977567553 0.9238800900943562
vn 0.18671798500802192 -0.33403887977567553 0.9238800900943562
vn 0.18671798500802192 -0.33403887977567553 0.9238800900943562
vn 0.1867168417844654 -0.33404061576314115 0.9238796934745437
vn 0.1867168417844654 -0.33404061576314115 0.9238796934745437
vn 0.1867168417844654 -0.33404061576314115 0.9238796934745437
vn 0.14983622545982217 -0.3521308259685331 -0.9238793140571294
vn 0.14983622545982217 -0.3521308259685331 -0.9238793140571294
vn 0.14983622545982217 -0.3521308259685331 -0.9238793140571294
vn 0.14983392088301126 -0.3521306293453839 -0.9238797627557642
vn 0.14983392088301126 -0.3521306293453839 -0.9238797627557642
vn 0.14983392088301126 -0.3521306293453839 -0.9238797627557642
vn 0.3617315214300597 -0.8501196320192478 -0.38268383511634363
vn 0.3617315214300597 -0.8501196320192478 -0.38268383511634363
vn 0.3617315214300597 -0.8501196320192478 -0.38268383511634363
vn 0.361733729255642 -0.8501191609487716 -0.382682794630961
vn 0.361733729255642 -0.8501191609487716 -0.382682794630961
vn 0.361733729255642 -0.8501191609487716 -0.382682794630961
vn 0.3915376661680305 -0.9201620813594157 0
vn 0.3915376661680305 -0.9201620813594157 0
vn 0.3915376661680305 -0.9201620813594157 0
vn 0.3915376661680305 -0.9201620813594157 0
vn 0.3915376661680305 -0.9201620813594157 0
vn 0.3915376661680305 -0.9201620813594157 0
vn 0.36173364418238996 -0.8501188731103163 0.3826835144713893
vn 0.36173364418238996 -0.8501188731103163 0.3826835144713893
vn 0.36173364418238996 -0.8501188731103163 0.3826835144713893
vn 0.36173177178963695 -0.8501201369194196 0.3826824768421431
vn 0.36173177178963695 -0.8501201369194196 0.3826824768421431
vn 0.36173177178963695 -0.8501201369194196 0.3826824768421431
vn 0.1498340381939497 -0.3521309229072178 0.9238796318411857
vn 0.1498340381939497 -0.3521309229072178 0.9238796318411857
vn 0.1498340381939497 -0.3521309229072178 0.9238796318411857
vn 0.14983549405937305 -0.35212912431368243 0.9238800812497598
vn 0.14983549405937305 -0.35212912431368243 0.9238800812497598
vn 0.14983549405937305 -0.35212912431368243 0.9238800812497598
vn 0.11311998757457563 -0.36558189322712353 -0.9238797258061247
vn 0.11311998757457563 -0.36558189322712353 -0.9238797258061247
vn 0.11311998757457563 -0.36558189322712353 -0.9238797258061247
vn 0.11312185520000563 -0.365582266950149 -0.9238793492484281
vn 0.11312185520000563 -0.365582266950149 -0.9238793492484281
vn 0.11312185520000563 -0.365582266950149 -0.9238793492484281
vn 0.2731000446038429 -0.8825928449272753 -0.3826829441202698
vn 0.2731000446038429 -0.8825928449272753 -0.3826829441202698
vn 0.2731000446038429 -0.8825928449272753 -0.3826829441202698
vn 0.2730967463596308 -0.8825931746658234 -0.38268453739481884
vn 0.2730967463596308 -0.8825931746658234 -0.38268453739481884
vn 0.2730967463596308 -0.8825931746658234 -0.38268453739481884
vn 0.29559791598450696 -0.9553124473519731 0
vn 0.29559791598450696 -0.9553124473519731 0
vn 0.29559791598450696 -0.9553124473519731 0
vn 0.29559791598450696 -0.9553124473519731 0
vn 0.29559791598450696 -0.9553124473519731 0
vn 0.29559791598450696 -0.9553124473519731 0
vn 0.27309697454271753 -0.8825939760518183 0.38268252629648086
vn 0.27309697454271753 -0.8825939760518183 0.38268252629648086
vn 0.27309697454271753 -0.8825939760518183 0.38268252629648086
vn 0.2730998970543245 -0.8825923728152474 0.38268413826192055
vn 0.2730998970543245 -0.8825923728152474 0.38268413826192055
vn 0.2730998970543245 -0.8825923728152474 0.38268413826192055
vn 0.11312131000257834 -0.36558050439554485 0.9238801134504409
vn 0.11312131000257834 -0.36558050439554485 0.9238801134504409
vn 0.11312131000257834 -0.36558050439554485 0.9238801134504409
vn 0.11311999003950284 -0.365581841588646 0.9238797459378124
vn 0.11311999003950284 -0.365581841588646 0.9238797459378124
vn 0.11311999003950284 -0.365581841588646 0.9238797459378124
vn 0.07775703739663495 -0.37470087033424987 -0.9238793757336798
vn 0.07775703739663495 -0.37470087033424987 -0.9238793757336798
vn 0.07775703739663495 -0.37470087033424987 -0.9238793757336798
vn 0.07775506405975656 -0.3747002198248245 -0.9238798056437273
vn 0.07775506405975656 -0.3747002198248245 -0.9238798056437273
vn 0.07775506405975656 -0.3747002198248245 -0.9238798056437273
vn 0.18771753919153739 -0.9046074610181103 -0.3826845527980477
vn 0.18771753919153739 -0.9046074610181103 -0.3826845527980477
vn 0.18771753919153739 -0.9046074610181103 -0.3826845527980477
vn 0.18772522757568136 -0.9046075176596116 -0.38268064744036134
vn 0.18772522757568136 -0.9046075176596116 -0.38268064744036134
vn 0.18772522757568136 -0.9046075176596116 -0.38268064744036134
vn 0.203192067693615 -0.9791388990467049 0
vn 0.203192067693615 -0.9791388990467049 0
vn 0.203192067693615 -0.9791388990467049 0
vn 0.203192067693615 -0.9791388990467049 0
vn 0.203192067693615 -0.9791388990467049 0
vn 0.203192067693615 -0.9791388990467049 0
vn 0.1877249297630695 -0.9046060285583871 0.38268431355527643
vn 0.1877249297630695 -0.9046060285583871 0.38268431355527643
vn 0.1877249297630695 -0.9046060285583871 0.38268431355527643
vn 0.18771789839808012 -0.9046091375557664 0.3826804134935841
vn 0.18771789839808012 -0.9046091375557664 0.3826804134935841
vn 0.18771789839808012 -0.9046091375557664 0.3826804134935841
vn 0.07775511664748745 -0.37470049013555806 0.923879691587226
vn 0.07775511664748745 -0.37470049013555806 0.923879691587226
vn 0.07775511664748745 -0.37470049013555806 0.923879691587226
vn 0.07775666783574993 -0.3746990964980038 0.9238801262559233
vn 0.07775666783574993 -0.3746990964980038 0.9238801262559233
vn 0.07775666783574993 -0.3746990964980038 0.9238801262559233
vn 0.044599215632193996 -0.38007506047105594 -0.9238797856717703
vn 0.044599215632193996 -0.38007506047105594 -0.9238797856717703
vn 0.044599215632193996 -0.38007506047105594 -0.9238797856717703
vn 0.044601403460600125 -0.3800760531769296 -0.9238792716642107
vn 0.044601403460600125 -0.3800760531769296 -0.9238792716642107
vn 0.044601403460600125 -0.3800760531769296 -0.9238792716642107
vn 0.10767726832548016 -0.9175843794481952 -0.3826806925866959
vn 0.10767726832548016 -0.9175843794481952 -0.3826806925866959
vn 0.10767726832548016 -0.9175843794481952 -0.3826806925866959
vn 0.10767219210125234 -0.9175838227347971 -0.3826834557483607
vn 0.10767219210125234 -0.9175838227347971 -0.3826834557483607
vn 0.10767219210125234 -0.9175838227347971 -0.3826834557483607
vn 0.11654354666484402 -0.9931855827239839 0
vn 0.11654354666484402 -0.9931855827239839 0
vn 0.11654354666484402 -0.9931855827239839 0
vn 0.11654354666484402 -0.9931855827239839 0
vn 0.11654354666484402 -0.9931855827239839 0
vn 0.11654354666484402 -0.9931855827239839 0
vn 0.10767234981697353 -0.9175851447195694 0.38268024155273356
vn 0.10767234981697353 -0.9175851447195694 0.38268024155273356
vn 0.10767234981697353 -0.9175851447195694 0.38268024155273356
vn 0.10767715507330809 -0.9175834130471588 0.3826830416624777
vn 0.10767715507330809 -0.9175834130471588 0.3826830416624777
vn 0.10767715507330809 -0.9175834130471588 0.3826830416624777
vn 0.044601150178233 -0.38007390772819755 0.9238801665080792
vn 0.044601150178233 -0.38007390772819755 0.9238801665080792
vn 0.044601150178233 -0.38007390772819755 0.9238801665080792
vn 0.044599248953244706 -0.3800753567339558 0.9238796621835351
vn 0.044599248953244706 -0.3800753567339558 0.9238796621835351
vn 0.044599248953244706 -0.3800753567339558 0.9238796621835351
vn 0.014144028288462403 -0.3824225000900063 -0.9238793091571456
vn 0.014144028288462403 -0.3824225000900063 -0.9238793091571456
vn 0.014144028288462403 -0.3824225000900063 -0.9238793091571456
vn 0.014143177472484595 -0.38242203441578493 -0.9238795149391905
vn 0.014143177472484595 -0.38242203441578493 -0.9238795149391905
vn 0.014143177472484595 -0.38242203441578493 -0.9238795149391905
vn 0.03414464778626816 -0.9232483605387145 -0.38268343025290186
vn 0.03414464778626816 -0.9232483605387145 -0.38268343025290186
vn 0.03414464778626816 -0.9232483605387145 -0.38268343025290186
vn 0.034142107540154856 -0.9232478349647479 -0.38268492487374245
vn 0.034142107540154856 -0.9232478349647479 -0.38268492487374245
vn 0.034142107540154856 -0.9232478349647479 -0.38268492487374245
vn 0.036955173818189475 -0.9993169242678057 0
vn 0.036955173818189475 -0.9993169242678057 0
vn 0.036955173818189475 -0.9993169242678057 0
vn 0.036955173818189475 -0.9993169242678057 0
vn 0.036955173818189475 -0.9993169242678057 0
vn 0.036955173818189475 -0.9993169242678057 0
vn 0.034142135924754985 -0.9232486310926855 0.3826830016344831
vn 0.034142135924754985 -0.9232486310926855 0.3826830016344831
vn 0.034142135924754985 -0.9232486310926855 0.3826830016344831
vn 0.03414463313650268 -0.9232478904991263 0.3826845655587472
vn 0.03414463313650268 -0.9232478904991263 0.3826845655587472
vn 0.03414463313650268 -0.9232478904991263 0.3826845655587472
vn 0.014143166514286709 -0.3824217124759702 0.9238796483676299
vn 0.014143166514286709 -0.3824217124759702 0.9238796483676299
vn 0.014143166514286709 -0.3824217124759702 0.9238796483676299
vn 0.01414397918236669 -0.3824211658531038 0.9238798621901237
vn 0.01414397918236669 -0.3824211658531038 0.9238798621901237
vn 0.01414397918236669 -0.3824211658531038 0.9238798621901237
vn -0.013863823574950827 -0.3824322576402552 -0.9238795174220824
vn -0.013863823574950827 -0.3824322576402552 -0.9238795174220824
vn -0.013863823574950827 -0.3824322576402552 -0.9238795174220824
vn -0.013863012600444877 -0.3824328296077211 -0.9238792928298976
vn -0.013863012600444877 -0.3824328296077211 -0.9238792928298976
vn -0.013863012600444877 -0.3824328296077211 -0.9238792928298976
vn -0.033468198366919895 -0.9232724997631182 -0.3826849498990459
vn -0.033468198366919895 -0.9232724997631182 -0.3826849498990459
vn -0.033468198366919895 -0.9232724997631182 -0.3826849498990459
vn -0.03346863770707012 -0.9232723738197778 -0.3826852153287681
vn -0.03346863770707012 -0.9232723738197778 -0.3826852153287681
vn -0.03346863770707012 -0.9232723738197778 -0.3826852153287681
vn -0.03622621975573701 -0.9993436150805234 0
vn -0.03622621975573701 -0.9993436150805234 0
vn -0.03622621975573701 -0.9993436150805234 0
vn -0.03622621975573701 -0.9993436150805234 0
vn -0.03622621975573701 -0.9993436150805234 0
vn -0.03622621975573701 -0.9993436150805234 0
vn -0.033468645797845656 -0.9232726298989002 0.38268459680006334
vn -0.033468645797845656 -0.9232726298989002 0.38268459680006334
vn -0.033468645797845656 -0.9232726298989002 0.38268459680006334
vn -0.03346819767022466 -0.9232725401483367 0.3826848525258672
vn -0.03346819767022466 -0.9232725401483367 0.3826848525258672
vn -0.03346819767022466 -0.9232725401483367 0.3826848525258672
vn -0.01386296195275844 -0.3824314488726991 0.9238798651334623
vn -0.01386296195275844 -0.3824314488726991 0.9238798651334623
vn -0.01386296195275844 -0.3824314488726991 0.9238798651334623
vn -0.013863811523302183 -0.3824319611492307 0.9238796403328734
vn -0.013863811523302183 -0.3824319611492307 0.9238796403328734
vn -0.013863811523302183 -0.3824319611492307 0.9238796403328734
vn -0.04386480838801235 -0.38016166772905335 -0.923879312991988
vn -0.04386480838801235 -0.38016166772905335 -0.923879312991988
vn -0.04386480838801235 -0.38016166772905335 -0.923879312991988
vn -0.043865832212303946 -0.3801608576019339 -0.9238795977353781
vn -0.043865832212303946 -0.3801608576019339 -0.9238795977353781
vn -0.043865832212303946 -0.3801608576019339 -0.9238795977353781
vn -0.10590145049429302 -0.9177891661932305 -0.3826851567562289
vn -0.10590145049429302 -0.9177891661932305 -0.3826851567562289
vn -0.10590145049429302 -0.9177891661932305 -0.3826851567562289
vn -0.10589772432161482 -0.9177905294528667 -0.38268291839345253
vn -0.10589772432161482 -0.9177905294528667 -0.38268291839345253
vn -0.10589772432161482 -0.9177905294528667 -0.38268291839345253
vn -0.1146228444536024 -0.9934090816624163 0
vn -0.1146228444536024 -0.9934090816624163 0
vn -0.1146228444536024 -0.9934090816624163 0
vn -0.1146228444536024 -0.9934090816624163 0
vn -0.1146228444536024 -0.9934090816624163 0
vn -0.1146228444536024 -0.9934090816624163 0
vn -0.10589763393145724 -0.9177897460714058 0.3826848221891001
vn -0.10589763393145724 -0.9177897460714058 0.3826848221891001
vn -0.10589763393145724 -0.9177897460714058 0.3826848221891001
vn -0.10590156396825036 -0.9177901943372996 0.38268265955930175
vn -0.10590156396825036 -0.9177901943372996 0.38268265955930175
vn -0.10590156396825036 -0.9177901943372996 0.38268265955930175
vn -0.043865809972917655 -0.38016070956404374 0.9238796597063833
vn -0.043865809972917655 -0.38016070956404374 0.9238796597063833
vn -0.043865809972917655 -0.38016070956404374 0.9238796597063833
vn -0.04386463804782836 -0.38016018648040484 0.9238799305884485
vn -0.04386463804782836 -0.38016018648040484 0.9238799305884485
vn -0.04386463804782836 -0.38016018648040484 0.9238799305884485
vn -0.07677677375408061 -0.3749024619627928 -0.9238795760412454
vn -0.07677677375408061 -0.3749024619627928 -0.9238795760412454
vn -0.07677677375408061 -0.3749024619627928 -0.9238795760412454
vn -0.07677674326960884 -0.3749024884341674 -0.9238795678327243
vn -0.07677674326960884 -0.3749024884341674 -0.9238795678327243
vn -0.07677674326960884 -0.3749024884341674 -0.9238795678327243
vn -0.1853555444692961 -0.9050950426489749 -0.38268300969175656
vn -0.1853555444692961 -0.9050950426489749 -0.38268300969175656
vn -0.1853555444692961 -0.9050950426489749 -0.38268300969175656
vn -0.18535900534482314 -0.905093511513208 -0.38268495470068836
vn -0.18535900534482314 -0.905093511513208 -0.38268495470068836
vn -0.18535900534482314 -0.905093511513208 -0.38268495470068836
vn -0.20063127528399166 -0.9796668267211661 0
vn -0.20063127528399166 -0.9796668267211661 0
vn -0.20063127528399166 -0.9796668267211661 0
vn -0.20063127528399166 -0.9796668267211661 0
vn -0.20063127528399166 -0.9796668267211661 0
vn -0.20063127528399166 -0.9796668267211661 0
vn -0.18535917502552998 -0.9050944801953309 0.3826825814611881
vn -0.18535917502552998 -0.9050944801953309 0.3826825814611881
vn -0.18535917502552998 -0.9050944801953309 0.3826825814611881
vn -0.1853554215392714 -0.9050944284340989 0.3826845219283777
vn -0.1853554215392714 -0.9050944284340989 0.3826845219283777
vn -0.1853554215392714 -0.9050944284340989 0.3826845219283777
vn -0.07677657242581427 -0.3749016267038365 0.9238799317126447
vn -0.07677657242581427 -0.3749016267038365 0.9238799317126447
vn -0.07677657242581427 -0.3749016267038365 0.9238799317126447
vn -0.07677661686578709 -0.3749016254171061 0.9238799285417212
vn -0.07677661686578709 -0.3749016254171061 0.9238799285417212
vn -0.07677661686578709 -0.3749016254171061 0.9238799285417212
vn -0.11218047967819515 -0.3658716704949981 -0.9238795704573024
vn -0.11218047967819515 -0.3658716704949981 -0.9238795704573024
vn -0.11218047967819515 -0.3658716704949981 -0.9238795704573024
vn -0.11217993056530201 -0.36587224401246543 -0.9238794100095786
vn -0.11217993056530201 -0.36587224401246543 -0.9238794100095786
vn -0.11217993056530201 -0.36587224401246543 -0.9238794100095786
vn -0.2708259175513934 -0.883292480099944 -0.3826848794783196
vn -0.2708259175513934 -0.883292480099944 -0.3826848794783196
vn -0.2708259175513934 -0.883292480099944 -0.3826848794783196
vn -0.2708229131913231 -0.883294107932605 -0.38268324836881557
vn -0.2708229131913231 -0.883294107932605 -0.38268324836881557
vn -0.2708229131913231 -0.883294107932605 -0.38268324836881557
vn -0.29313656061379045 -0.9560705815113848 0
vn -0.29313656061379045 -0.9560705815113848 0
vn -0.29313656061379045 -0.9560705815113848 0
vn -0.29313656061379045 -0.9560705815113848 0
vn -0.29313656061379045 -0.9560705815113848 0
vn -0.29313656061379045 -0.9560705815113848 0
vn -0.2708227337378718 -0.8832935694050053 0.3826846183719838
vn -0.2708227337378718 -0.8832935694050053 0.3826846183719838
vn -0.2708227337378718 -0.8832935694050053 0.3826846183719838
vn -0.27082615697818235 -0.8832932582485793 0.38268291394970516
vn -0.27082615697818235 -0.8832932582485793 0.38268291394970516
vn -0.27082615697818235 -0.8832932582485793 0.38268291394970516
vn -0.11217955727785307 -0.3658710196436811 0.9238799402053484
vn -0.11217955727785307 -0.3658710196436811 0.9238799402053484
vn -0.11217955727785307 -0.3658710196436811 0.9238799402053484
vn -0.11218033475976084 -0.365871182707819 0.9238797812254417
vn -0.11218033475976084 -0.365871182707819 0.9238797812254417
vn -0.11218033475976084 -0.365871182707819 0.9238797812254417
vn -0.14927223531807687 -0.35237005841690905 -0.9238793978081818
vn -0.14927223531807687 -0.35237005841690905 -0.9238793978081818
vn -0.14927223531807687 -0.35237005841690905 -0.9238793978081818
vn -0.1492735008025232 -0.35236844646117477 -0.9238798081442723
vn -0.1492735008025232 -0.35236844646117477 -0.9238798081442723
vn -0.1492735008025232 -0.35236844646117477 -0.9238798081442723
vn -0.3603787473852136 -0.8506942513370129 -0.38268322301248503
vn -0.3603787473852136 -0.8506942513370129 -0.38268322301248503
vn -0.3603787473852136 -0.8506942513370129 -0.38268322301248503
vn -0.3603726131221902 -0.850698375897134 -0.3826798308736208
vn -0.3603726131221902 -0.850698375897134 -0.3826798308736208
vn -0.3603726131221902 -0.850698375897134 -0.3826798308736208
vn -0.39006387693135147 -0.9207877996114432 0
vn -0.39006387693135147 -0.9207877996114432 0
vn -0.39006387693135147 -0.9207877996114432 0
vn -0.39006387693135147 -0.9207877996114432 0
vn -0.39006387693135147 -0.9207877996114432 0
vn -0.39006387693135147 -0.9207877996114432 0
vn -0.3603720979694655 -0.8506971637078088 0.382683010681916
vn -0.3603720979694655 -0.8506971637078088 0.382683010681916
vn -0.3603720979694655 -0.8506971637078088 0.382683010681916
vn -0.3603793430547319 -0.8506956213540793 0.3826796165311615
vn -0.3603793430547319 -0.8506956213540793 0.3826796165311615
vn -0.3603793430547319 -0.8506956213540793 0.3826796165311615
vn -0.14927357089520174 -0.3523686446599967 0.923879721226022
vn -0.14927357089520174 -0.3523686446599967 0.923879721226022
vn -0.14927357089520174 -0.3523686446599967 0.923879721226022
vn -0.14927155114621235 -0.35236845211671125 0.9238801209958338
vn -0.14927155114621235 -0.35236845211671125 0.9238801209958338
vn -0.14927155114621235 -0.35236845211671125 0.9238801209958338
vn -0.18685326485551845 -0.3339641184532064 -0.9238797676097287
vn -0.18685326485551845 -0.3339641184532064 -0.9238797676097287
vn -0.18685326485551845 -0.3339641184532064 -0.9238797676097287
vn -0.18685355979039361 -0.3339636658985335 -0.9238798715489315
vn -0.18685355979039361 -0.3339636658985335 -0.9238798715489315
vn -0.18685355979039361 -0.3339636658985335 -0.9238798715489315
vn -0.4511060990537658 -0.8062626679783746 -0.3826797585722128
vn -0.4511060990537658 -0.8062626679783746 -0.3826797585722128
vn -0.4511060990537658 -0.8062626679783746 -0.3826797585722128
vn -0.4511101855053453 -0.8062592768288651 -0.3826820861508
vn -0.4511101855053453 -0.8062592768288651 -0.3826820861508
vn -0.4511101855053453 -0.8062592768288651 -0.3826820861508
vn -0.48827784892667164 -0.8726882274028579 0
vn -0.48827784892667164 -0.8726882274028579 0
vn -0.48827784892667164 -0.8726882274028579 0
vn -0.48827784892667164 -0.8726882274028579 0
vn -0.48827784892667164 -0.8726882274028579 0
vn -0.48827784892667164 -0.8726882274028579 0
vn -0.4511107464440566 -0.8062602806255766 0.3826793100342014
vn -0.4511107464440566 -0.8062602806255766 0.3826793100342014
vn -0.4511107464440566 -0.8062602806255766 0.3826793100342014
vn -0.45110572648979275 -0.8062619792930524 0.38268164872981053
vn -0.45110572648979275 -0.8062619792930524 0.38268164872981053
vn -0.45110572648979275 -0.8062619792930524 0.38268164872981053
vn -0.18685326262959745 -0.3339631608004717 0.9238801142317293
vn -0.18685326262959745 -0.3339631608004717 0.9238801142317293
vn -0.18685326262959745 -0.3339631608004717 0.9238801142317293
vn -0.18685272247834492 -0.3339631839728838 0.923880215099947
vn -0.18685272247834492 -0.3339631839728838 0.923880215099947
vn -0.18685272247834492 -0.3339631839728838 0.923880215099947
vn -0.22344089138901968 -0.3106768808575383 -0.9238798860002914
vn -0.22344089138901968 -0.3106768808575383 -0.9238798860002914
vn -0.22344089138901968 -0.3106768808575383 -0.9238798860002914
vn -0.22344024081831418 -0.3106781785046747 -0.9238796069748867
vn -0.22344024081831418 -0.3106781785046747 -0.9238796069748867
vn -0.22344024081831418 -0.3106781785046747 -0.9238796069748867
vn -0.5394331314910484 -0.7500443594956082 -0.38268179397324875
vn -0.5394331314910484 -0.7500443594956082 -0.38268179397324875
vn -0.5394331314910484 -0.7500443594956082 -0.38268179397324875
vn -0.5394371342661554 -0.7500402000509503 -0.3826843039402695
vn -0.5394371342661554 -0.7500402000509503 -0.3826843039402695
vn -0.5394371342661554 -0.7500402000509503 -0.3826843039402695
vn -0.5838827618755338 -0.8118379890006372 0
vn -0.5838827618755338 -0.8118379890006372 0
vn -0.5838827618755338 -0.8118379890006372 0
vn -0.5838827618755338 -0.8118379890006372 0
vn -0.5838827618755338 -0.8118379890006372 0
vn -0.5838827618755338 -0.8118379890006372 0
vn -0.5394378827424602 -0.7500411766451583 0.3826813347931644
vn -0.5394378827424602 -0.7500411766451583 0.3826813347931644
vn -0.5394378827424602 -0.7500411766451583 0.3826813347931644
vn -0.5394326403373186 -0.7500436839383157 0.382683810374765
vn -0.5394326403373186 -0.7500436839383157 0.382683810374765
vn -0.5394326403373186 -0.7500436839383157 0.382683810374765
vn -0.2234393308399162 -0.31067689560386286 0.9238802584598054
vn -0.2234393308399162 -0.31067689560386286 0.9238802584598054
vn -0.2234393308399162 -0.31067689560386286 0.9238802584598054
vn -0.22344075384716425 -0.31067666747018463 0.9238799910214701
vn -0.22344075384716425 -0.31067666747018463 0.9238799910214701
vn -0.22344075384716425 -0.31067666747018463 0.9238799910214701
vn -0.25750118365958385 -0.2830893681274219 -0.9238796188179119
vn -0.25750118365958385 -0.2830893681274219 -0.9238796188179119
vn -0.25750118365958385 -0.2830893681274219 -0.9238796188179119
vn -0.25750126816555485 -0.2830891541231588 -0.9238796608384477
vn -0.25750126816555485 -0.2830891541231588 -0.9238796608384477
vn -0.25750126816555485 -0.2830891541231588 -0.9238796608384477
vn -0.62166332184006 -0.6834379323049949 -0.38268434376840554
vn -0.62166332184006 -0.6834379323049949 -0.38268434376840554
vn -0.62166332184006 -0.6834379323049949 -0.38268434376840554
vn -0.62165944453564 -0.6834429953987351 -0.38268160010646457
vn -0.62165944453564 -0.6834429953987351 -0.38268160010646457
vn -0.62165944453564 -0.6834429953987351 -0.38268160010646457
vn -0.6728787877321922 -0.7397527539793654 0
vn -0.6728787877321922 -0.7397527539793654 0
vn -0.6728787877321922 -0.7397527539793654 0
vn -0.6728787877321922 -0.7397527539793654 0
vn -0.6728787877321922 -0.7397527539793654 0
vn -0.6728787877321922 -0.7397527539793654 0
vn -0.6216587322679733 -0.6834422238233924 0.3826841351432177
vn -0.6216587322679733 -0.6834422238233924 0.3826841351432177
vn -0.6216587322679733 -0.6834422238233924 0.3826841351432177
vn -0.6216641558579773 -0.6834388258831281 0.38268139306331583
vn -0.6216641558579773 -0.6834388258831281 0.38268139306331583
vn -0.6216641558579773 -0.6834388258831281 0.38268139306331583
vn -0.2575007654967356 -0.2830885922442593 0.9238799731078484
vn -0.2575007654967356 -0.2830885922442593 0.9238799731078484
vn -0.2575007654967356 -0.2830885922442593 0.9238799731078484
vn -0.25750056419574413 -0.2830886896934152 0.9238799993541038
vn -0.25750056419574413 -0.2830886896934152 0.9238799993541038
vn -0.25750056419574413 -0.2830886896934152 0.9238799993541038
vn -0.28793832067488573 -0.25206723290789257 -0.9238796640153332
vn -0.28793832067488573 -0.25206723290789257 -0.9238796640153332
vn -0.28793832067488573 -0.25206723290789257 -0.9238796640153332
vn -0.2879379616618887 -0.25206875161371745 -0.9238793615477611
vn -0.2879379616618887 -0.25206875161371745 -0.9238793615477611
vn -0.2879379616618887 -0.25206875161371745 -0.9238793615477611
vn -0.6951434636124573 -0.6085475704091574 -0.3826818777339579
vn -0.6951434636124573 -0.6085475704091574 -0.3826818777339579
vn -0.6951434636124573 -0.6085475704091574 -0.3826818777339579
vn -0.695146211559484 -0.608542986220741 -0.38268417588925757
vn -0.695146211559484 -0.608542986220741 -0.38268417588925757
vn -0.695146211559484 -0.608542986220741 -0.38268417588925757
vn -0.7524210828948859 -0.658682407549562 0
vn -0.7524210828948859 -0.658682407549562 0
vn -0.7524210828948859 -0.658682407549562 0
vn -0.7524210828948859 -0.658682407549562 0
vn -0.7524210828948859 -0.658682407549562 0
vn -0.7524210828948859 -0.658682407549562 0
vn -0.6951470443792752 -0.6085437596408559 0.3826814331698494
vn -0.6951470443792752 -0.6085437596408559 0.3826814331698494
vn -0.6951470443792752 -0.6085437596408559 0.3826814331698494
vn -0.6951428909839681 -0.6085470544680742 0.38268373836979486
vn -0.6951428909839681 -0.6085470544680742 0.38268373836979486
vn -0.6951428909839681 -0.6085470544680742 0.38268373836979486
vn -0.2879367718567432 -0.25206768073287084 0.9238800245392632
vn -0.2879367718567432 -0.25206768073287084 0.9238800245392632
vn -0.2879367718567432 -0.25206768073287084 0.9238800245392632
vn -0.2879382063082378 -0.2520670881356306 0.9238797391580892
vn -0.2879382063082378 -0.2520670881356306 0.9238797391580892
vn -0.2879382063082378 -0.2520670881356306 0.9238797391580892
vn -0.31469752493651726 -0.21774362901308447 -0.9238794184432525
vn -0.31469752493651726 -0.21774362901308447 -0.9238794184432525
vn -0.31469752493651726 -0.21774362901308447 -0.9238794184432525
vn -0.31469750112016276 -0.21774384177111414 -0.9238793764120299
vn -0.31469750112016276 -0.21774384177111414 -0.9238793764120299
vn -0.31469750112016276 -0.21774384177111414 -0.9238793764120299
vn -0.7597460615732904 -0.5256795196469126 -0.3826838963788069
vn -0.7597460615732904 -0.5256795196469126 -0.3826838963788069
vn -0.7597460615732904 -0.5256795196469126 -0.3826838963788069
vn -0.7597474631217738 -0.5256764414067034 -0.38268534232449164
vn -0.7597474631217738 -0.5256764414067034 -0.38268534232449164
vn -0.7597474631217738 -0.5256764414067034 -0.38268534232449164
vn -0.8223454361333016 -0.568988561985854 0
vn -0.8223454361333016 -0.568988561985854 0
vn -0.8223454361333016 -0.568988561985854 0
vn -0.8223454361333016 -0.568988561985854 0
vn -0.8223454361333016 -0.568988561985854 0
vn -0.8223454361333016 -0.568988561985854 0
vn -0.7597480870998881 -0.5256768963290286 0.3826834786268422
vn -0.7597480870998881 -0.5256768963290286 0.3826834786268422
vn -0.7597480870998881 -0.5256768963290286 0.3826834786268422
vn -0.7597457023249531 -0.5256792801071072 0.3826849386438371
vn -0.7597457023249531 -0.5256792801071072 0.3826849386438371
vn -0.7597457023249531 -0.5256792801071072 0.3826849386438371
vn -0.3146966926193622 -0.21774328777251456 0.9238797823767174
vn -0.3146966926193622 -0.21774328777251456 0.9238797823767174
vn -0.3146966926193622 -0.21774328777251456 0.9238797823767174
vn -0.31469690505258757 -0.21774318610540552 0.9238797339778535
vn -0.31469690505258757 -0.21774318610540552 0.9238797339778535
vn -0.31469690505258757 -0.21774318610540552 0.9238797339778535
vn -0.3369929159708714 -0.18133580497717053 -0.9238793754699424
vn -0.3369929159708714 -0.18133580497717053 -0.9238793754699424
vn -0.3369929159708714 -0.18133580497717053 -0.9238793754699424
vn -0.3369929472871654 -0.181336029309255 -0.9238793200159114
vn -0.3369929472871654 -0.181336029309255 -0.9238793200159114
vn -0.3369929472871654 -0.181336029309255 -0.9238793200159114
vn -0.8135711468029131 -0.4377829686018711 -0.38268532960113044
vn -0.8135711468029131 -0.4377829686018711 -0.38268532960113044
vn -0.8135711468029131 -0.4377829686018711 -0.38268532960113044
vn -0.8135708707900186 -0.43778378510835914 -0.3826849823264155
vn -0.8135708707900186 -0.43778378510835914 -0.3826849823264155
vn -0.8135708707900186 -0.43778378510835914 -0.3826849823264155
vn -0.880603371406757 -0.4738540938591258 0
vn -0.880603371406757 -0.4738540938591258 0
vn -0.880603371406757 -0.4738540938591258 0
vn -0.880603371406757 -0.4738540938591258 0
vn -0.880603371406757 -0.4738540938591258 0
vn -0.880603371406757 -0.4738540938591258 0
vn -0.8135708707900186 -0.43778378510835914 0.3826849823264155
vn -0.8135708707900186 -0.43778378510835914 0.3826849823264155
vn -0.8135708707900186 -0.43778378510835914 0.3826849823264155
vn -0.8135713970283305 -0.4377831239667476 0.3826846198990572
vn -0.8135713970283305 -0.4377831239667476 0.3826846198990572
vn -0.8135713970283305 -0.4377831239667476 0.3826846198990572
vn -0.3369920785858385 -0.18133557988849383 0.9238797250924492
vn -0.3369920785858385 -0.18133557988849383 0.9238797250924492
vn -0.3369920785858385 -0.18133557988849383 0.9238797250924492
vn -0.336992263845627 -0.18133544924655992 0.9238796831594185
vn -0.336992263845627 -0.18133544924655992 0.9238796831594185
vn -0.336992263845627 -0.18133544924655992 0.9238796831594185
vn -0.3544126692640946 -0.1443560845530254 -0.9238793106881543
vn -0.3544126692640946 -0.1443560845530254 -0.9238793106881543
vn -0.3544126692640946 -0.1443560845530254 -0.9238793106881543
vn -0.35441240820232833 -0.14435355427160468 -0.9238798061876778
vn -0.35441240820232833 -0.14435355427160468 -0.9238798061876778
vn -0.35441240820232833 -0.14435355427160468 -0.9238798061876778
vn -0.8556281583649253 -0.3485006794070278 -0.3826848978806013
vn -0.8556281583649253 -0.3485006794070278 -0.3826848978806013
vn -0.8556281583649253 -0.3485006794070278 -0.3826848978806013
vn -0.8556264824799142 -0.34850937885258765 -0.38268072244474555
vn -0.8556264824799142 -0.34850937885258765 -0.38268072244474555
vn -0.8556264824799142 -0.34850937885258765 -0.38268072244474555
vn -0.9261223069936284 -0.3772233721401678 0
vn -0.9261223069936284 -0.3772233721401678 0
vn -0.9261223069936284 -0.3772233721401678 0
vn -0.9261223069936284 -0.3772233721401678 0
vn -0.9261223069936284 -0.3772233721401678 0
vn -0.9261223069936284 -0.3772233721401678 0
vn -0.8556249720451005 -0.34850874472771143 0.3826846770660355
vn -0.8556249720451005 -0.34850874472771143 0.3826846770660355
vn -0.8556249720451005 -0.34850874472771143 0.3826846770660355
vn -0.8556298506434067 -0.34850132029082254 0.38268053052578316
vn -0.8556298506434067 -0.34850132029082254 0.38268053052578316
vn -0.8556298506434067 -0.34850132029082254 0.38268053052578316
vn -0.3544128231909479 -0.14435371727043114 0.9238796215243793
vn -0.3544128231909479 -0.14435371727043114 0.9238796215243793
vn -0.3544128231909479 -0.14435371727043114 0.9238796215243793
vn -0.35441086407257183 -0.1443553446882357 0.9238801187855887
vn -0.35441086407257183 -0.1443553446882357 0.9238801187855887
vn -0.35441086407257183 -0.1443553446882357 0.9238801187855887
vn -0.3670711600308716 -0.10818939900576324 -0.9238797635062486
vn -0.3670711600308716 -0.10818939900576324 -0.9238797635062486
vn -0.3670711600308716 -0.10818939900576324 -0.9238797635062486
vn -0.36707150840337455 -0.10819096089978741 -0.9238794421882393
vn -0.36707150840337455 -0.10819096089978741 -0.9238794421882393
vn -0.36707150840337455 -0.10819096089978741 -0.9238794421882393
vn -0.8861895335707815 -0.26119625957793907 -0.38268083904488215
vn -0.8861895335707815 -0.26119625957793907 -0.38268083904488215
vn -0.8861895335707815 -0.26119625957793907 -0.38268083904488215
vn -0.8861901370009263 -0.2611886621618267 -0.3826846271283894
vn -0.8861901370009263 -0.2611886621618267 -0.3826846271283894
vn -0.8861901370009263 -0.2611886621618267 -0.3826846271283894
vn -0.9592058108892821 -0.2827087058373593 0
vn -0.9592058108892821 -0.2827087058373593 0
vn -0.9592058108892821 -0.2827087058373593 0
vn -0.9592058108892821 -0.2827087058373593 0
vn -0.9592058108892821 -0.2827087058373593 0
vn -0.9592058108892821 -0.2827087058373593 0
vn -0.8861918530745434 -0.26118913532630417 0.38268033021283454
vn -0.8861918530745434 -0.26118913532630417 0.38268033021283454
vn -0.8861918530745434 -0.26118913532630417 0.38268033021283454
vn -0.8861882267926532 -0.2611958436788494 0.382684149056356
vn -0.8861882267926532 -0.2611958436788494 0.382684149056356
vn -0.8861882267926532 -0.2611958436788494 0.382684149056356
vn -0.36706984071927357 -0.10819048442986237 0.9238801605799093
vn -0.36706984071927357 -0.10819048442986237 0.9238801605799093
vn -0.36706984071927357 -0.10819048442986237 0.9238801605799093
vn -0.367071063936439 -0.10818935978181769 0.9238798062792428
vn -0.367071063936439 -0.10818935978181769 0.9238798062792428
vn -0.367071063936439 -0.10818935978181769 0.9238798062792428
vn -0.3754798757448254 -0.07390216713377895 -0.923879501127491
vn -0.3754798757448254 -0.07390216713377895 -0.923879501127491
vn -0.3754798757448254 -0.07390216713377895 -0.923879501127491
vn -0.37547942701235476 -0.07390077354108812 -0.9238797949736225
vn -0.37547942701235476 -0.07390077354108812 -0.9238797949736225
vn -0.37547942701235476 -0.07390077354108812 -0.9238797949736225
vn -0.9064886545148013 -0.1784124667526141 -0.38268434896555753
vn -0.9064886545148013 -0.1784124667526141 -0.38268434896555753
vn -0.9064886545148013 -0.1784124667526141 -0.38268434896555753
vn -0.9064888224527121 -0.17841878270428033 -0.38268100651406517
vn -0.9064888224527121 -0.17841878270428033 -0.38268100651406517
vn -0.9064888224527121 -0.17841878270428033 -0.38268100651406517
vn -0.9811753617666785 -0.19311889980534658 0
vn -0.9811753617666785 -0.19311889980534658 0
vn -0.9811753617666785 -0.19311889980534658 0
vn -0.9811753617666785 -0.19311889980534658 0
vn -0.9811753617666785 -0.19311889980534658 0
vn -0.9811753617666785 -0.19311889980534658 0
vn -0.9064875520476674 -0.1784185523352418 0.38268412322073675
vn -0.9064875520476674 -0.1784185523352418 0.38268412322073675
vn -0.9064875520476674 -0.1784185523352418 0.38268412322073675
vn -0.9064901229102279 -0.17841276050083416 0.38268073371502775
vn -0.9064901229102279 -0.17841276050083416 0.38268073371502775
vn -0.9064901229102279 -0.17841276050083416 0.38268073371502775
vn -0.3754793506238883 -0.0739007612021906 0.9238798270060885
vn -0.3754793506238883 -0.0739007612021906 0.9238798270060885
vn -0.3754793506238883 -0.0739007612021906 0.9238798270060885
vn -0.3754783507306666 -0.07390187555819355 0.9238801442403446
vn -0.3754783507306666 -0.07390187555819355 0.9238801442403446
vn -0.3754783507306666 -0.07390187555819355 0.9238801442403446
vn -0.3803521504460494 -0.042171241069537645 -0.923879769276133
vn -0.3803521504460494 -0.042171241069537645 -0.923879769276133
vn -0.3803521504460494 -0.042171241069537645 -0.923879769276133
vn -0.380353057102582 -0.04217312043235863 -0.9238793102271085
vn -0.380353057102582 -0.04217312043235863 -0.9238793102271085
vn -0.380353057102582 -0.04217312043235863 -0.9238793102271085
vn -0.9182531807226609 -0.1018148881247558 -0.3826811004594554
vn -0.9182531807226609 -0.1018148881247558 -0.3826811004594554
vn -0.9182531807226609 -0.1018148881247558 -0.3826811004594554
vn -0.918252414203106 -0.10180890623332149 -0.3826845312025847
vn -0.918252414203106 -0.10180890623332149 -0.3826845312025847
vn -0.918252414203106 -0.10180890623332149 -0.3826845312025847
vn -0.9939097408385178 -0.11019721895905747 0
vn -0.9939097408385178 -0.11019721895905747 0
vn -0.9939097408385178 -0.11019721895905747 0
vn -0.9939097408385178 -0.11019721895905747 0
vn -0.9939097408385178 -0.11019721895905747 0
vn -0.9939097408385178 -0.11019721895905747 0
vn -0.918254011970772 -0.10180907631523985 0.3826806520839782
vn -0.918254011970772 -0.10180907631523985 0.3826806520839782
vn -0.918254011970772 -0.10180907631523985 0.3826806520839782
vn -0.9182519504245097 -0.10181474893646479 0.3826840896099398
vn -0.9182519504245097 -0.10181474893646479 0.3826840896099398
vn -0.9182519504245097 -0.10181474893646479 0.3826840896099398
vn -0.3803510595677454 -0.04217289682853988 0.923880142799261
vn -0.3803510595677454 -0.04217289682853988 0.923880142799261
vn -0.3803510595677454 -0.04217289682853988 0.923880142799261
vn -0.3803523749596656 -0.0421712618795778 0.9238796758961776
vn -0.3803523749596656 -0.0421712618795778 0.9238796758961776
vn -0.3803523749596656 -0.0421712618795778 0.9238796758961776
vn -0.382451988661696 -0.013320497493336272 -0.9238793431586422
vn -0.382451988661696 -0.013320497493336272 -0.9238793431586422
vn -0.382451988661696 -0.013320497493336272 -0.9238793431586422
vn -0.38245221121312883 -0.013320900203362252 -0.9238792452241582
vn -0.38245221121312883 -0.013320900203362252 -0.9238792452241582
vn -0.38245221121312883 -0.013320900203362252 -0.9238792452241582
vn -0.9233192348424782 -0.03215942581629852 -0.3826844155450633
vn -0.9233192348424782 -0.03215942581629852 -0.3826844155450633
vn -0.9233192348424782 -0.03215942581629852 -0.3826844155450633
vn -0.9233187385020144 -0.032157104281150845 -0.3826858081707497
vn -0.9233187385020144 -0.032157104281150845 -0.3826858081707497
vn -0.9233187385020144 -0.032157104281150845 -0.3826858081707497
vn -0.9993940653564088 -0.03480663917113806 0
vn -0.9993940653564088 -0.03480663917113806 0
vn -0.9993940653564088 -0.03480663917113806 0
vn -0.9993940653564088 -0.03480663917113806 0
vn -0.9993940653564088 -0.03480663917113806 0
vn -0.9993940653564088 -0.03480663917113806 0
vn -0.9233194854564004 -0.03215713518746565 0.3826840033670899
vn -0.9233194854564004 -0.03215713518746565 0.3826840033670899
vn -0.9233194854564004 -0.03215713518746565 0.3826840033670899
vn -0.9233188051880289 -0.03215941048247838 0.3826854534778794
vn -0.9233188051880289 -0.03215941048247838 0.3826854534778794
vn -0.9233188051880289 -0.03215941048247838 0.3826854534778794
vn -0.3824510971430198 -0.01332086266064492 0.9238797069489496
vn -0.3824510971430198 -0.01332086266064492 0.9238797069489496
vn -0.3824510971430198 -0.01332086266064492 0.9238797069489496
vn -0.38245134915645224 -0.013320476528595535 0.9238796081922475
vn -0.38245134915645224 -0.013320476528595535 0.9238796081922475
vn -0.38245134915645224 -0.013320476528595535 0.9238796081922475
vn -0.3824612190542111 0.013058426756758926 -0.9238792634377098
vn -0.3824612190542111 0.013058426756758926 -0.9238792634377098
vn -0.3824612190542111 0.013058426756758926 -0.9238792634377098
vn -0.38246042117434564 0.013059551094711401 -0.9238795778456989
vn -0.38246042117434564 0.013059551094711401 -0.9238795778456989
vn -0.38246042117434564 0.013059551094711401 -0.9238795778456989
vn -0.9233404296226728 0.031528520981769254 -0.3826857763086057
vn -0.9233404296226728 0.031528520981769254 -0.3826857763086057
vn -0.9233404296226728 0.031528520981769254 -0.3826857763086057
vn -0.923340957572416 0.03152684803648828 -0.3826846403007807
vn -0.923340957572416 0.03152684803648828 -0.3826846403007807
vn -0.923340957572416 0.03152684803648828 -0.3826846403007807
vn -0.9994175919156296 0.03412443361528205 0
vn -0.9994175919156296 0.03412443361528205 0
vn -0.9994175919156296 0.03412443361528205 0
vn -0.9994175919156296 0.03412443361528205 0
vn -0.9994175919156296 0.03412443361528205 0
vn -0.9994175919156296 0.03412443361528205 0
vn -0.9233406207334824 0.031526841295731724 0.3826854535795961
vn -0.9233406207334824 0.031526841295731724 0.3826854535795961
vn -0.9233406207334824 0.031526841295731724 0.3826854535795961
vn -0.9233410224320148 0.031528539497686074 0.3826843444555112
vn -0.9233410224320148 0.031528539497686074 0.3826843444555112
vn -0.9233410224320148 0.031528539497686074 0.3826843444555112
vn -0.3824603492365873 0.013059548810937897 0.9238796076582071
vn -0.3824603492365873 0.013059548810937897 0.9238796076582071
vn -0.3824603492365873 0.013059548810937897 0.9238796076582071
vn -0.38245961373626886 0.013058371945554518 0.9238799287693371
vn -0.38245961373626886 0.013058371945554518 0.9238799287693371
vn -0.38245961373626886 0.013058371945554518 0.9238799287693371
vn -0.3804356812105072 0.041415189095981284 -0.9238795779613496
vn -0.3804356812105072 0.041415189095981284 -0.9238795779613496
vn -0.3804356812105072 0.041415189095981284 -0.9238795779613496
vn -0.3804361605701032 0.041414638027602826 -0.92387940527307
vn -0.3804361605701032 0.041414638027602826 -0.92387940527307
vn -0.3804361605701032 0.041414638027602826 -0.92387940527307
vn -0.9184529130926447 0.0999836543244241 -0.38268461596929787
vn -0.9184529130926447 0.0999836543244241 -0.38268461596929787
vn -0.9184529130926447 0.0999836543244241 -0.38268461596929787
vn -0.9184522043090877 0.09998559217994926 -0.382685810758908
vn -0.9184522043090877 0.09998559217994926 -0.382685810758908
vn -0.9184522043090877 0.09998559217994926 -0.382685810758908
vn -0.9941265611638953 0.10822375149867992 0
vn -0.9941265611638953 0.10822375149867992 0
vn -0.9941265611638953 0.10822375149867992 0
vn -0.9941265611638953 0.10822375149867992 0
vn -0.9941265611638953 0.10822375149867992 0
vn -0.9941265611638953 0.10822375149867992 0
vn -0.9184528545238202 0.09998567354451654 0.38268422897069576
vn -0.9184528545238202 0.09998567354451654 0.38268422897069576
vn -0.9184528545238202 0.09998567354451654 0.38268422897069576
vn -0.9184525777433268 0.09998361949678529 0.38268542991464993
vn -0.9184525777433268 0.09998361949678529 0.38268542991464993
vn -0.9184525777433268 0.09998361949678529 0.38268542991464993
vn -0.38043490365713534 0.04141449962410542 0.9238799290493711
vn -0.38043490365713534 0.04141449962410542 0.9238799290493711
vn -0.38043490365713534 0.04141449962410542 0.9238799290493711
vn -0.38043523678964647 0.04141514095177134 0.9238797631232922
vn -0.38043523678964647 0.04141514095177134 0.9238797631232922
vn -0.38043523678964647 0.04141514095177134 0.9238797631232922
vn -0.3757077678271791 0.07273568067261969 -0.9238794260894704
vn -0.3757077678271791 0.07273568067261969 -0.9238794260894704
vn -0.3757077678271791 0.07273568067261969 -0.9238794260894704
vn -0.37570745540670525 0.07273605618402564 -0.9238795235757814
vn -0.37570745540670525 0.07273605618402564 -0.9238795235757814
vn -0.37570745540670525 0.07273605618402564 -0.9238795235757814
vn -0.9070370152371241 0.17560018512059827 -0.3826858084321142
vn -0.9070370152371241 0.17560018512059827 -0.3826858084321142
vn -0.9070370152371241 0.17560018512059827 -0.3826858084321142
vn -0.9070380409767771 0.17559786295178986 -0.3826844427825291
vn -0.9070380409767771 0.17559786295178986 -0.3826844427825291
vn -0.9070380409767771 0.17559786295178986 -0.3826844427825291
vn -0.981771348144033 0.1900658306046826 0
vn -0.981771348144033 0.1900658306046826 0
vn -0.981771348144033 0.1900658306046826 0
vn -0.981771348144033 0.1900658306046826 0
vn -0.981771348144033 0.1900658306046826 0
vn -0.981771348144033 0.1900658306046826 0
vn -0.9070376215586892 0.17559775822054544 0.3826854849417143
vn -0.9070376215586892 0.17559775822054544 0.3826854849417143
vn -0.9070376215586892 0.17559775822054544 0.3826854849417143
vn -0.9070376870406966 0.17560033725929178 0.38268414631688946
vn -0.9070376870406966 0.17560033725929178 0.38268414631688946
vn -0.9070376870406966 0.17560033725929178 0.38268414631688946
vn -0.37570684310348484 0.07273594127804467 0.9238797816229177
vn -0.37570684310348484 0.07273594127804467 0.9238797816229177
vn -0.37570684310348484 0.07273594127804467 0.9238797816229177
vn -0.375706681667957 0.07273547525587436 0.9238798839618464
vn -0.375706681667957 0.07273547525587436 0.9238798839618464
vn -0.375706681667957 0.07273547525587436 0.9238798839618464
vn -0.36749086676881704 0.10675712189194826 -0.9238795266520692
vn -0.36749086676881704 0.10675712189194826 -0.9238795266520692
vn -0.36749086676881704 0.10675712189194826 -0.9238795266520692
vn -0.3674911034564767 0.10675686061878398 -0.9238794626958449
vn -0.3674911034564767 0.10675686061878398 -0.9238794626958449
vn -0.3674911034564767 0.10675686061878398 -0.9238794626958449
vn -0.8872012463849945 0.2577336123188325 -0.3826843784295328
vn -0.8872012463849945 0.2577336123188325 -0.3826843784295328
vn -0.8872012463849945 0.2577336123188325 -0.3826843784295328
vn -0.8872022624838214 0.2577317057893769 -0.38268330676224516
vn -0.8872022624838214 0.2577317057893769 -0.38268330676224516
vn -0.8872022624838214 0.2577317057893769 -0.38268330676224516
vn -0.960300750800554 0.2789667865748398 0
vn -0.960300750800554 0.2789667865748398 0
vn -0.960300750800554 0.2789667865748398 0
vn -0.960300750800554 0.2789667865748398 0
vn -0.960300750800554 0.2789667865748398 0
vn -0.960300750800554 0.2789667865748398 0
vn -0.8872019495932274 0.25773164186576986 0.38268407520976244
vn -0.8872019495932274 0.25773164186576986 0.38268407520976244
vn -0.8872019495932274 0.25773164186576986 0.38268407520976244
vn -0.8872017919529046 0.2577337639815955 0.38268301145913697
vn -0.8872017919529046 0.2577337639815955 0.38268301145913697
vn -0.8872017919529046 0.2577337639815955 0.38268301145913697
vn -0.36749007681787105 0.10675655871455818 0.9238799059465579
vn -0.36749007681787105 0.10675655871455818 0.9238799059465579
vn -0.36749007681787105 0.10675655871455818 0.9238799059465579
vn -0.36749018030128977 0.1067569278822504 0.9238798221258376
vn -0.36749018030128977 0.1067569278822504 0.9238798221258376
vn -0.36749018030128977 0.1067569278822504 0.9238798221258376
vn -0.35501736113261534 0.14286167803239355 -0.9238794370718525
vn -0.35501736113261534 0.14286167803239355 -0.9238794370718525
vn -0.35501736113261534 0.14286167803239355 -0.9238794370718525
vn -0.3550177815048263 0.14286135147028506 -0.9238793260331543
vn -0.3550177815048263 0.14286135147028506 -0.9238793260331543
vn -0.3550177815048263 0.14286135147028506 -0.9238793260331543
vn -0.8570876248086822 0.3448973349003682 -0.3826834615951344
vn -0.8570876248086822 0.3448973349003682 -0.3826834615951344
vn -0.8570876248086822 0.3448973349003682 -0.3826834615951344
vn -0.857086860528429 0.34489850144849027 -0.3826841219702055
vn -0.857086860528429 0.34489850144849027 -0.3826841219702055
vn -0.857086860528429 0.34489850144849027 -0.3826841219702055
vn -0.9277044313969346 0.3733155340546255 0
vn -0.9277044313969346 0.3733155340546255 0
vn -0.9277044313969346 0.3733155340546255 0
vn -0.9277044313969346 0.3733155340546255 0
vn -0.9277044313969346 0.3733155340546255 0
vn -0.9277044313969346 0.3733155340546255 0
vn -0.8570872595622236 0.34489864313679436 0.38268310056561894
vn -0.8570872595622236 0.34489864313679436 0.38268310056561894
vn -0.8570872595622236 0.34489864313679436 0.38268310056561894
vn -0.8570875042305686 0.34489730454722284 0.3826837590071928
vn -0.8570875042305686 0.34489730454722284 0.3826837590071928
vn -0.8570875042305686 0.34489730454722284 0.3826837590071928
vn -0.3550167354083354 0.14286091812327242 0.9238797950236728
vn -0.3550167354083354 0.14286091812327242 0.9238797950236728
vn -0.3550167354083354 0.14286091812327242 0.9238797950236728
vn -0.3550168001488259 0.14286144173061344 0.9238796891796784
vn -0.3550168001488259 0.14286144173061344 0.9238796891796784
vn -0.3550168001488259 0.14286144173061344 0.9238796891796784
vn -0.33769702540135627 0.1800211648224214 -0.9238793748380003
vn -0.33769702540135627 0.1800211648224214 -0.9238793748380003
vn -0.33769702540135627 0.1800211648224214 -0.9238793748380003
vn -0.33769750407604177 0.18002085287759742 -0.9238792606558686
vn -0.33769750407604177 0.18002085287759742 -0.9238792606558686
vn -0.33769750407604177 0.18002085287759742 -0.9238792606558686
vn -0.8152722872523591 0.43460793135719167 -0.38268399971742967
vn -0.8152722872523591 0.43460793135719167 -0.38268399971742967
vn -0.8152722872523591 0.43460793135719167 -0.38268399971742967
vn -0.8152687959257577 0.4346122642341797 -0.3826865168346081
vn -0.8152687959257577 0.4346122642341797 -0.3826865168346081
vn -0.8152687959257577 0.4346122642341797 -0.3826865168346081
vn -0.8824418184402486 0.47042155251207113 0
vn -0.8824418184402486 0.47042155251207113 0
vn -0.8824418184402486 0.47042155251207113 0
vn -0.8824418184402486 0.47042155251207113 0
vn -0.8824418184402486 0.47042155251207113 0
vn -0.8824418184402486 0.47042155251207113 0
vn -0.8152698848737029 0.43461283904205594 0.38268354414296823
vn -0.8152698848737029 0.43461283904205594 0.38268354414296823
vn -0.8152698848737029 0.43461283904205594 0.38268354414296823
vn -0.8152715536710317 0.4346075043556148 0.38268604747574264
vn -0.8152715536710317 0.4346075043556148 0.38268604747574264
vn -0.8152715536710317 0.4346075043556148 0.38268604747574264
vn -0.3376964901932021 0.18002031611387698 0.9238797358409007
vn -0.3376964901932021 0.18002031611387698 0.9238797358409007
vn -0.3376964901932021 0.18002031611387698 0.9238797358409007
vn -0.3376964938679995 0.18002086941581574 0.9238796266852267
vn -0.3376964938679995 0.18002086941581574 0.9238796266852267
vn -0.3376964938679995 0.18002086941581574 0.9238796266852267
vn -0.31531962998639923 0.21684238484005242 -0.9238792730016833
vn -0.31531962998639923 0.21684238484005242 -0.9238792730016833
vn -0.31531962998639923 0.21684238484005242 -0.9238792730016833
vn -0.31531842782617586 0.21684298886441888 -0.9238795415277764
vn -0.31531842782617586 0.21684298886441888 -0.9238795415277764
vn -0.31531842782617586 0.21684298886441888 -0.9238795415277764
vn -0.7612451237544016 0.5235046691131293 -0.38268619386763714
vn -0.7612451237544016 0.5235046691131293 -0.38268619386763714
vn -0.7612451237544016 0.5235046691131293 -0.38268619386763714
vn -0.7612486126926442 0.523501174354955 -0.38268403431879366
vn -0.7612486126926442 0.523501174354955 -0.38268403431879366
vn -0.7612486126926442 0.523501174354955 -0.38268403431879366
vn -0.8239697732896717 0.5666337553525795 0
vn -0.8239697732896717 0.5666337553525795 0
vn -0.8239697732896717 0.5666337553525795 0
vn -0.8239697732896717 0.5666337553525795 0
vn -0.8239697732896717 0.5666337553525795 0
vn -0.8239697732896717 0.5666337553525795 0
vn -0.7612479726820433 0.5235007268888421 0.3826859195663376
vn -0.7612479726820433 0.5235007268888421 0.3826859195663376
vn -0.7612479726820433 0.5235007268888421 0.3826859195663376
vn -0.7612459641071218 0.5235052096038711 0.382683782839338
vn -0.7612459641071218 0.5235052096038711 0.382683782839338
vn -0.7612459641071218 0.5235052096038711 0.382683782839338
vn -0.31531828339836926 0.21684288770855178 0.9238796145629159
vn -0.31531828339836926 0.21684288770855178 0.9238796145629159
vn -0.31531828339836926 0.21684288770855178 0.9238796145629159
vn -0.315318437798615 0.216841580112094 0.9238798687701401
vn -0.315318437798615 0.216841580112094 0.9238798687701401
vn -0.315318437798615 0.216841580112094 0.9238798687701401
vn -0.2882184307035486 0.2517473628468686 -0.9238795384152801
vn -0.2882184307035486 0.2517473628468686 -0.9238795384152801
vn -0.2882184307035486 0.2517473628468686 -0.9238795384152801
vn -0.2882192694128057 0.25174700892618057 -0.923879373206194
vn -0.2882192694128057 0.25174700892618057 -0.923879373206194
vn -0.2882192694128057 0.25174700892618057 -0.923879373206194
vn -0.6958220656299913 0.6077703285764149 -0.3826837868064555
vn -0.6958220656299913 0.6077703285764149 -0.3826837868064555
vn -0.6958220656299913 0.6077703285764149 -0.3826837868064555
vn -0.6958238217074495 0.607768929665034 -0.3826828154990217
vn -0.6958238217074495 0.607768929665034 -0.3826828154990217
vn -0.6958238217074495 0.607768929665034 -0.3826828154990217
vn -0.7531540469641588 0.6578441924510009 0
vn -0.7531540469641588 0.6578441924510009 0
vn -0.7531540469641588 0.6578441924510009 0
vn -0.7531540469641588 0.6578441924510009 0
vn -0.7531540469641588 0.6578441924510009 0
vn -0.7531540469641588 0.6578441924510009 0
vn -0.6958235997577816 0.6077687652359078 0.38268348020752385
vn -0.6958235997577816 0.6077687652359078 0.38268348020752385
vn -0.6958235997577816 0.6077687652359078 0.38268348020752385
vn -0.6958224321661115 0.607770693985255 0.3826825400081886
vn -0.6958224321661115 0.607770693985255 0.3826825400081886
vn -0.6958224321661115 0.607770693985255 0.3826825400081886
vn -0.2882182853374061 0.25174617393816184 0.9238799077286302
vn -0.2882182853374061 0.25174617393816184 0.9238799077286302
vn -0.2882182853374061 0.25174617393816184 0.9238799077286302
vn -0.2882180789557682 0.2517470401573462 0.9238797360777332
vn -0.2882180789557682 0.2517470401573462 0.9238797360777332
vn -0.2882180789557682 0.2517470401573462 0.9238797360777332
vn -0.2575015460519841 0.2830897607956014 -0.9238793974938109
vn -0.2575015460519841 0.2830897607956014 -0.9238793974938109
vn -0.2575015460519841 0.2830897607956014 -0.9238793974938109
vn -0.2575003245597404 0.28309008906419103 -0.9238796373582746
vn -0.2575003245597404 0.28309008906419103 -0.9238796373582746
vn -0.2575003245597404 0.28309008906419103 -0.9238796373582746
vn -0.6216614232454212 0.6834406241378765 -0.3826826206225037
vn -0.6216614232454212 0.6834406241378765 -0.3826826206225037
vn -0.6216614232454212 0.6834406241378765 -0.3826826206225037
vn -0.6216577398455729 0.6834429024039034 -0.38268453541242364
vn -0.6216577398455729 0.6834429024039034 -0.38268453541242364
vn -0.6216577398455729 0.6834429024039034 -0.38268453541242364
vn -0.6728777881951016 0.7397536631566403 0
vn -0.6728777881951016 0.7397536631566403 0
vn -0.6728777881951016 0.7397536631566403 0
vn -0.6728777881951016 0.7397536631566403 0
vn -0.6728777881951016 0.7397536631566403 0
vn -0.6728777881951016 0.7397536631566403 0
vn -0.6216583730047364 0.6834436525369332 0.38268216718326414
vn -0.6216583730047364 0.6834436525369332 0.38268216718326414
vn -0.6216583730047364 0.6834436525369332 0.38268216718326414
vn -0.62166099711884 0.6834401971274238 0.382684075461258
vn -0.62166099711884 0.6834401971274238 0.382684075461258
vn -0.62166099711884 0.6834401971274238 0.382684075461258
vn -0.2575001701035224 0.2830899042645788 0.9238797370329801
vn -0.2575001701035224 0.2830899042645788 0.9238797370329801
vn -0.2575001701035224 0.2830899042645788 0.9238797370329801
vn -0.25750061550329945 0.28308874017647934 0.9238799695851813
vn -0.25750061550329945 0.28308874017647934 0.9238799695851813
vn -0.25750061550329945 0.28308874017647934 0.9238799695851813
vn -0.22344124520946895 0.3106773822031036 -0.9238796318388388
vn -0.22344124520946895 0.3106773822031036 -0.9238796318388388
vn -0.22344124520946895 0.3106773822031036 -0.9238796318388388
vn -0.22343982427115844 0.3106775834111696 -0.9238799078318943
vn -0.22343982427115844 0.3106775834111696 -0.9238799078318943
vn -0.22343982427115844 0.3106775834111696 -0.9238799078318943
vn -0.539432572482807 0.7500435532581591 -0.3826841621500112
vn -0.539432572482807 0.7500435532581591 -0.3826841621500112
vn -0.539432572482807 0.7500435532581591 -0.3826841621500112
vn -0.5394377726282519 0.7500410700817836 -0.38268169887315423
vn -0.5394377726282519 0.7500410700817836 -0.38268169887315423
vn -0.5394377726282519 0.7500410700817836 -0.38268169887315423
vn -0.5838827618755338 0.8118379890006372 0
vn -0.5838827618755338 0.8118379890006372 0
vn -0.5838827618755338 0.8118379890006372 0
vn -0.5838827618755338 0.8118379890006372 0
vn -0.5838827618755338 0.8118379890006372 0
vn -0.5838827618755338 0.8118379890006372 0
vn -0.5394372443809776 0.7500403066151768 0.3826839398606494
vn -0.5394372443809776 0.7500403066151768 0.3826839398606494
vn -0.5394372443809776 0.7500403066151768 0.3826839398606494
vn -0.5394331993450447 0.7500444901750503 0.38268144219757805
vn -0.5394331993450447 0.7500444901750503 0.38268144219757805
vn -0.5394331993450447 0.7500444901750503 0.38268144219757805
vn -0.22343974945603984 0.31067746377180255 0.9238799661575862
vn -0.22343974945603984 0.31067746377180255 0.9238799661575862
vn -0.22343974945603984 0.31067746377180255 0.9238799661575862
vn -0.22344039795776058 0.31067619305022465 0.923880236628264
vn -0.22344039795776058 0.31067619305022465 0.923880236628264
vn -0.22344039795776058 0.31067619305022465 0.923880236628264
vn -0.18685314038761805 0.3339639302405209 -0.923879860818272
vn -0.18685314038761805 0.3339639302405209 -0.923879860818272
vn -0.18685314038761805 0.3339639302405209 -0.923879860818272
vn -0.18685369491973297 0.33396390613817384 -0.9238797573774286
vn -0.18685369491973297 0.33396390613817384 -0.9238797573774286
vn -0.18685369491973297 0.33396390613817384 -0.9238797573774286
vn -0.4511056657795003 0.8062618581076366 -0.38268197561742423
vn -0.4511056657795003 0.8062618581076366 -0.38268197561742423
vn -0.4511056657795003 0.8062618581076366 -0.38268197561742423
vn -0.45111068058934256 0.8062601502456767 -0.38267966236009854
vn -0.45111068058934256 0.8062601502456767 -0.38267966236009854
vn -0.45111068058934256 0.8062601502456767 -0.38267966236009854
vn -0.48827784892667164 0.8726882274028579 0
vn -0.48827784892667164 0.8726882274028579 0
vn -0.48827784892667164 0.8726882274028579 0
vn -0.48827784892667164 0.8726882274028579 0
vn -0.48827784892667164 0.8726882274028579 0
vn -0.48827784892667164 0.8726882274028579 0
vn -0.4511102513605055 0.806259407209563 0.38268173382531034
vn -0.4511102513605055 0.806259407209563 0.38268173382531034
vn -0.4511102513605055 0.806259407209563 0.38268173382531034
vn -0.45110618864606655 0.8062627875189113 0.38267940110156723
vn -0.45110618864606655 0.8062627875189113 0.38267940110156723
vn -0.45110618864606655 0.8062627875189113 0.38267940110156723
vn -0.18685312750020855 0.3339629205607427 0.9238802284029731
vn -0.18685312750020855 0.3339629205607427 0.9238802284029731
vn -0.18685312750020855 0.3339629205607427 0.9238802284029731
vn -0.1868528307056479 0.33396339959390925 0.9238801152687318
vn -0.1868528307056479 0.33396339959390925 0.9238801152687318
vn -0.1868528307056479 0.33396339959390925 0.9238801152687318
vn -0.14927187866308037 0.35236925605075453 -0.9238797614574271
vn -0.14927187866308037 0.35236925605075453 -0.9238797614574271
vn -0.14927187866308037 0.35236925605075453 -0.9238797614574271
vn -0.1492738999794963 0.3523694224917247 -0.9238793713887975
vn -0.1492738999794963 0.3523694224917247 -0.9238793713887975
vn -0.1492738999794963 0.3523694224917247 -0.9238793713887975
vn -0.36037927841707795 0.8506954902640896 -0.3826799688145781
vn -0.36037927841707795 0.8506954902640896 -0.3826799688145781
vn -0.36037927841707795 0.8506954902640896 -0.3826799688145781
vn -0.36037202922139644 0.8506970229144805 -0.38268338840259697
vn -0.36037202922139644 0.8506970229144805 -0.38268338840259697
vn -0.36037202922139644 0.8506970229144805 -0.38268338840259697
vn -0.39006387693135147 0.9207877996114432 0
vn -0.39006387693135147 0.9207877996114432 0
vn -0.39006387693135147 0.9207877996114432 0
vn -0.39006387693135147 0.9207877996114432 0
vn -0.39006387693135147 0.9207877996114432 0
vn -0.39006387693135147 0.9207877996114432 0
vn -0.3603726594868478 0.8506985234566521 0.3826794591862077
vn -0.3603726594868478 0.8506985234566521 0.3826794591862077
vn -0.3603726594868478 0.8506985234566521 0.3826794591862077
vn -0.3603788120233452 0.85069438242813 0.3826828707296227
vn -0.3603788120233452 0.85069438242813 0.3826828707296227
vn -0.3603788120233452 0.85069438242813 0.3826828707296227
vn -0.1492731701504957 0.3523676947310478 0.9238801482785244
vn -0.1492731701504957 0.3523676947310478 0.9238801482785244
vn -0.1492731701504957 0.3523676947310478 0.9238801482785244
vn -0.1492718916646455 0.3523692813689151 0.923879749700367
vn -0.1492718916646455 0.3523692813689151 0.923879749700367
vn -0.1492718916646455 0.3523692813689151 0.923879749700367
vn -0.11218058157349327 0.3658719904512054 -0.9238794313767926
vn -0.11218058157349327 0.3658719904512054 -0.9238794313767926
vn -0.11218058157349327 0.3658719904512054 -0.9238794313767926
vn -0.11217981022526285 0.36587185289436075 -0.9238795795110266
vn -0.11217981022526285 0.36587185289436075 -0.9238795795110266
vn -0.11217981022526285 0.36587185289436075 -0.9238795795110266
vn -0.2708261074562544 0.8832931123191935 -0.38268328582466954
vn -0.2708261074562544 0.8832931123191935 -0.38268328582466954
vn -0.2708261074562544 0.8832931123191935 -0.38268328582466954
vn -0.2708227006624106 0.8832934395203106 -0.38268494157243443
vn -0.2708227006624106 0.8832934395203106 -0.38268494157243443
vn -0.2708227006624106 0.8832934395203106 -0.38268494157243443
vn -0.29313656061379045 0.9560705815113848 0
vn -0.29313656061379045 0.9560705815113848 0
vn -0.29313656061379045 0.9560705815113848 0
vn -0.29313656061379045 0.9560705815113848 0
vn -0.29313656061379045 0.9560705815113848 0
vn -0.29313656061379045 0.9560705815113848 0
vn -0.27082293509690053 0.8832942609911526 0.38268287958255154
vn -0.27082293509690053 0.8832942609911526 0.38268287958255154
vn -0.27082293509690053 0.8832942609911526 0.38268287958255154
vn -0.2708259813320527 0.8832926129292088 0.38268452775128187
vn -0.2708259813320527 0.8832926129292088 0.38268452775128187
vn -0.2708259813320527 0.8832926129292088 0.38268452775128187
vn -0.1121796763947501 0.365871436574859 0.9238797606304721
vn -0.1121796763947501 0.365871436574859 0.9238797606304721
vn -0.1121796763947501 0.365871436574859 0.9238797606304721
vn -0.112180232864421 0.36587086275147535 0.9238799203056507
vn -0.112180232864421 0.36587086275147535 0.9238799203056507
vn -0.112180232864421 0.36587086275147535 0.9238799203056507
vn -0.07677678030291832 0.37490248736188736 -0.9238795651902836
vn -0.07677678030291832 0.37490248736188736 -0.9238795651902836
vn -0.07677678030291832 0.37490248736188736 -0.9238795651902836
vn -0.07677674412743268 0.37490246282061684 -0.9238795781551982
vn -0.07677674412743268 0.37490246282061684 -0.9238795781551982
vn -0.07677674412743268 0.37490246282061684 -0.9238795781551982
vn -0.18535539739191792 0.9050942772334964 -0.38268489123149185
vn -0.18535539739191792 0.9050942772334964 -0.38268489123149185
vn -0.18535539739191792 0.9050942772334964 -0.38268489123149185
vn -0.18535916526762922 0.9050943264955383 -0.382682949707556
vn -0.18535916526762922 0.9050943264955383 -0.382682949707556
vn -0.18535916526762922 0.9050943264955383 -0.382682949707556
vn -0.20063127528399166 0.9796668267211661 0
vn -0.20063127528399166 0.9796668267211661 0
vn -0.20063127528399166 0.9796668267211661 0
vn -0.20063127528399166 0.9796668267211661 0
vn -0.20063127528399166 0.9796668267211661 0
vn -0.20063127528399166 0.9796668267211661 0
vn -0.18535901510288894 0.9050936652138099 0.3826845864545881
vn -0.18535901510288894 0.9050936652138099 0.3826845864545881
vn -0.18535901510288894 0.9050936652138099 0.3826845864545881
vn -0.18535557073044287 0.9050952041712731 0.38268261495050104
vn -0.18535557073044287 0.9050952041712731 0.38268261495050104
vn -0.18535557073044287 0.9050952041712731 0.38268261495050104
vn -0.07677657983247646 0.3749016264893815 0.9238799311841577
vn -0.07677657983247646 0.3749016264893815 0.9238799311841577
vn -0.07677657983247646 0.3749016264893815 0.9238799311841577
vn -0.07677661031694535 0.3749016000179912 0.9238799393926627
vn -0.07677661031694535 0.3749016000179912 0.9238799393926627
vn -0.07677661031694535 0.3749016000179912 0.9238799393926627
vn -0.04386473529690461 0.38016102433867843 -0.9238795812069339
vn -0.04386473529690461 0.38016102433867843 -0.9238795812069339
vn -0.04386473529690461 0.38016102433867843 -0.9238795812069339
vn -0.04386591094009453 0.3801615473599231 -0.9238793101733066
vn -0.04386591094009453 0.3801615473599231 -0.9238793101733066
vn -0.04386591094009453 0.3801615473599231 -0.9238793101733066
vn -0.10590155369434372 0.9177900506598073 -0.3826830069848836
vn -0.10590155369434372 0.9177900506598073 -0.3826830069848836
vn -0.10590155369434372 0.9177900506598073 -0.3826830069848836
vn -0.10589761471658889 0.9177895944440119 -0.3826851911527712
vn -0.10589761471658889 0.9177895944440119 -0.3826851911527712
vn -0.10589761471658889 0.9177895944440119 -0.3826851911527712
vn -0.1146228444536024 0.9934090816624163 0
vn -0.1146228444536024 0.9934090816624163 0
vn -0.1146228444536024 0.9934090816624163 0
vn -0.1146228444536024 0.9934090816624163 0
vn -0.1146228444536024 0.9934090816624163 0
vn -0.1146228444536024 0.9934090816624163 0
vn -0.1058977407546948 0.917790661938934 0.38268259610380134
vn -0.1058977407546948 0.917790661938934 0.38268259610380134
vn -0.1058977407546948 0.917790661938934 0.38268259610380134
vn -0.10590145618279768 0.9177893297362283 0.3826847629586103
vn -0.10590145618279768 0.9177893297362283 0.3826847629586103
vn -0.10590145618279768 0.9177893297362283 0.3826847629586103
vn -0.04386573366067658 0.38016004074028514 0.9238799385389617
vn -0.04386573366067658 0.38016004074028514 0.9238799385389617
vn -0.04386573366067658 0.38016004074028514 0.9238799385389617
vn -0.043864711138966665 0.38016082987104444 0.9238796623740854
vn -0.043864711138966665 0.38016082987104444 0.9238796623740854
vn -0.043864711138966665 0.38016082987104444 0.9238796623740854
vn -0.013863841801969676 0.38243275326142434 -0.9238793119901412
vn -0.013863841801969676 0.38243275326142434 -0.9238793119901412
vn -0.013863841801969676 0.38243275326142434 -0.9238793119901412
vn -0.013862992836859208 0.38243228748828406 -0.9238795175324992
vn -0.013862992836859208 0.38243228748828406 -0.9238795175324992
vn -0.013862992836859208 0.38243228748828406 -0.9238795175324992
vn -0.03346819527578829 0.9232723980480857 -0.38268519556878494
vn -0.03346819527578829 0.9232723980480857 -0.38268519556878494
vn -0.03346819527578829 0.9232723980480857 -0.38268519556878494
vn -0.03346864117989998 0.9232724860646443 -0.38268494422119914
vn -0.03346864117989998 0.9232724860646443 -0.38268494422119914
vn -0.03346864117989998 0.9232724860646443 -0.38268494422119914
vn -0.03622621975573701 0.9993436150805234 0
vn -0.03622621975573701 0.9993436150805234 0
vn -0.03622621975573701 0.9993436150805234 0
vn -0.03622621975573701 0.9993436150805234 0
vn -0.03622621975573701 0.9993436150805234 0
vn -0.03622621975573701 0.9993436150805234 0
vn -0.03346864048319554 0.9232725264498627 0.38268484684802206
vn -0.03346864048319554 0.9232725264498627 0.38268484684802206
vn -0.03346864048319554 0.9232725264498627 0.38268484684802206
vn -0.033468201143053926 0.9232726523930939 0.38268458141826045
vn -0.033468201143053926 0.9232726523930939 0.38268458141826045
vn -0.033468201143053926 0.9232726523930939 0.38268458141826045
vn -0.01386298171635083 0.3824319909923218 0.9238796404313611
vn -0.01386298171635083 0.3824319909923218 0.9238796404313611
vn -0.01386298171635083 0.3824319909923218 0.9238796404313611
vn -0.013863792690841054 0.38243141902467087 0.9238798650230462
vn -0.013863792690841054 0.38243141902467087 0.9238798650230462
vn -0.013863792690841054 0.38243141902467087 0.9238798650230462
f 1/1/1 2/2/2 3/3/3
f 4/4/4 5/5/5 6/6/6
f 7/7/7 8/8/8 9/9/9
f 10/10/10 11/11/11 12/12/12
f 13/13/13 14/14/14 15/15/15
f 16/16/16 17/17/17 18/18/18
f 19/19/19 20/20/20 21/21/21
f 22/22/22 23/23/23 24/24/24
f 25/25/25 26/26/26 27/27/27
f 28/28/28 29/29/29 30/30/30
f 31/31/31 32/32/32 33/33/33
f 34/34/34 35/35/35 36/36/36
f 37/37/37 38/38/38 39/39/39
f 40/40/40 41/41/41 42/42/42
f 43/43/43 44/44/44 45/45/45
f 46/46/46 47/47/47 48/48/48
f 49/49/49 50/50/50 51/51/51
f 52/52/52 53/53/53 54/54/54
f 55/55/55 56/56/56 57/57/57
f 58/58/58 59/59/59 60/60/60
f 61/61/61 62/62/62 63/63/63
f 64/64/64 65/65/65 66/66/66
f 67/67/67 68/68/68 69/69/69
f 70/70/70 71/71/71 72/72/72
f 73/73/73 74/74/74 75/75/75
f 76/76/76 77/77/77 78/78/78
f 79/79/79 80/80/80 81/81/81
f 82/82/82 83/83/83 84/84/84
f 85/85/85 86/86/86 87/87/87
f 88/88/88 89/89/89 90/90/90
f 91/91/91 92/92/92 93/93/93
f 94/94/94 95/95/95 96/96/96
f 97/97/97 98/98/98 99/99/99
f 100/100/100 101/101/101 102/102/102
f 103/103/103 104/104/104 105/105/105
f 106/106/106 107/107/107 108/108/108
f 109/109/109 110/110/110 111/111/111
f 112/112/112 113/113/113 114/114/114
f 115/115/115 116/116/116 117/117/117
f 118/118/118 119/119/119 120/120/120
f 121/121/121 122/122/122 123/123/123
f 124/124/124 125/125/125 126/126/126
f 127/127/127 128/128/128 129/129/129
f 130/130/130 131/131/131 132/132/132
f 133/133/133 134/134/134 135/135/135
f 136/136/136 137/137/137 138/138/138
f 139/139/139 140/140/140 141/141/141
f 142/142/142 143/143/143 144/144/144
f 145/145/145 146/146/146 147/147/147
f 148/148/148 149/149/149 150/150/150
f 151/151/151 152/152/152 153/153/153
f 154/154/154 155/155/155 156/156/156
f 157/157/157 158/158/158 159/159/159
f 160/160/160 161/161/161 162/162/162
f 163/163/163 164/164/164 165/165/165
f 166/166/166 167/167/167 168/168/168
f 169/169/169 170/170/170 171/171/171
f 172/172/172 173/173/173 174/174/174
f 175/175/175 176/176/176 177/177/177
f 178/178/178 179/179/179 180/180/180
f 181/181/181 182/182/182 183/183/183
f 184/184/184 185/185/185 186/186/186
f 187/187/187 188/188/188 189/189/189
f 190/190/190 191/191/191 192/192/192
f 193/193/193 194/194/194 195/195/195
f 196/196/196 197/197/197 198/198/198
f 199/199/199 200/200/200 201/201/201
f 202/202/202 203/203/203 204/204/204
f 205/205/205 206/206/206 207/207/207
f 208/208/208 209/209/209 210/210/210
f 211/211/211 212/212/212 213/213/213
f 214/214/214 215/215/215 216/216/216
f 217/217/217 218/218/218 219/219/219
f 220/220/220 221/221/221 222/222/222
f 223/223/223 224/224/224 225/225/225
f 226/226/226 227/227/227 228/228/228
f 229/229/229 230/230/230 231/231/231
f 232/232/232 233/233/233 234/234/234
f 235/235/235 236/236/236 237/237/237
f 238/238/238 239/239/239 240/240/240
f 241/241/241 242/242/242 243/243/243
f 244/244/244 245/245/245 246/246/246
f 247/247/247 248/248/248 249/249/249
f 250/250/250 251/251/251 252/252/252
f 253/253/253 254/254/254 255/255/255
f 256/256/256 257/257/257 258/258/258
f 259/259/259 260/260/260 261/261/261
f 262/262/262 263/263/263 264/264/264
f 265/265/265 266/266/266 267/267/267
f 268/268/268 269/269/269 270/270/270
f 271/271/271 272/272/272 273/273/273
f 274/274/274 275/275/275 276/276/276
f 277/277/277 278/278/278 279/279/279
f 280/280/280 281/281/281 282/282/282
f 283/283/283 284/284/284 285/285/285
f 286/286/286 287/287/287 288/288/288
f 289/289/289 290/290/290 291/291/291
f 292/292/292 293/293/293 294/294/294
f 295/295/295 296/296/296 297/297/297
f 298/298/298 299/299/299 300/300/300
f 301/301/301 302/302/302 303/303/303
f 304/304/304 305/305/305 306/306/306
f 307/307/307 308/308/308 309/309/309
f 310/310/310 311/311/311 312/312/312
f 313/313/313 314/314/314 315/315/315
f 316/316/316 317/317/317 318/318/318
f 319/319/319 320/320/320 321/321/321
f 322/322/322 323/323/323 324/324/324
f 325/325/325 326/326/326 327/327/327
f 328/328/328 329/329/329 330/330/330
f 331/331/331 332/332/332 333/333/333
f 334/334/334 335/335/335 336/336/336
f 337/337/337 338/338/338 339/339/339
f 340/340/340 341/341/341 342/342/342
f 343/343/343 344/344/344 345/345/345
f 346/346/346 347/347/347 348/348/348
f 349/349/349 350/350/350 351/351/351
f 352/352/352 353/353/353 354/354/354
f 355/355/355 356/356/356 357/357/357
f 358/358/358 359/359/359 360/360/360
f 361/361/361 362/362/362 363/363/363
f 364/364/364 365/365/365 366/366/366
f 367/367/367 368/368/368 369/369/369
f 370/370/370 371/371/371 372/372/372
f 373/373/373 374/374/374 375/375/375
f 376/376/376 377/377/377 378/378/378
f 379/379/379 380/380/380 381/381/381
f 382/382/382 383/383/383 384/384/384
f 385/385/385 386/386/386 387/387/387
f 388/388/388 389/389/389 390/390/390
f 391/391/391 392/392/392 393/393/393
f 394/394/394 395/395/395 396/396/396
f 397/397/397 398/398/398 399/399/399
f 400/400/400 401/401/401 402/402/402
f 403/403/403 404/404/404 405/405/405
f 406/406/406 407/407/407 408/408/408
f 409/409/409 410/410/410 411/411/411
f 412/412/412 413/413/413 414/414/414
f 415/415/415 416/416/416 417/417/417
f 418/418/418 419/419/419 420/420/420
f 421/421/421 422/422/422 423/423/423
f 424/424/424 425/425/425 426/426/426
f 427/427/427 428/428/428 429/429/429
f 430/430/430 431/431/431 432/432/432
f 433/433/433 434/434/434 435/435/435
f 436/436/436 437/437/437 438/438/438
f 439/439/439 440/440/440 441/441/441
f 442/442/442 443/443/443 444/444/444
f 445/445/445 446/446/446 447/447/447
f 448/448/448 449/449/449 450/450/450
f 451/451/451 452/452/452 453/453/453
f 454/454/454 455/455/455 456/456/456
f 457/457/457 458/458/458 459/459/459
f 460/460/460 461/461/461 462/462/462
f 463/463/463 464/464/464 465/465/465
f 466/466/466 467/467/467 468/468/468
f 469/469/469 470/470/470 471/471/471
f 472/472/472 473/473/473 474/474/474
f 475/475/475 476/476/476 477/477/477
f 478/478/478 479/479/479 480/480/480
f 481/481/481 482/482/482 483/483/483
f 484/484/484 485/485/485 486/486/486
f 487/487/487 488/488/488 489/489/489
f 490/490/490 491/491/491 492/492/492
f 493/493/493 494/494/494 495/495/495
f 496/496/496 497/497/497 498/498/498
f 499/499/499 500/500/500 501/501/501
f 502/502/502 503/503/503 504/504/504
f 505/505/505 506/506/506 507/507/507
f 508/508/508 509/509/509 510/510/510
f 511/511/511 512/512/512 513/513/513
f 514/514/514 515/515/515 516/516/516
f 517/517/517 518/518/518 519/519/519
f 520/520/520 521/521/521 522/522/522
f 523/523/523 524/524/524 525/525/525
f 526/526/526 527/527/527 528/528/528
f 529/529/529 530/530/530 531/531/531
f 532/532/532 533/533/533 534/534/534
f 535/535/535 536/536/536 537/537/537
f 538/538/538 539/539/539 540/540/540
f 541/541/541 542/542/542 543/543/543
f 544/544/544 545/545/545 546/546/546
f 547/547/547 548/548/548 549/549/549
f 550/550/550 551/551/551 552/552/552
f 553/553/553 554/554/554 555/555/555
f 556/556/556 557/557/557 558/558/558
f 559/559/559 560/560/560 561/561/561
f 562/562/562 563/563/563 564/564/564
f 565/565/565 566/566/566 567/567/567
f 568/568/568 569/569/569 570/570/570
f 571/571/571 572/572/572 573/573/573
f 574/574/574 575/575/575 576/576/576
f 577/577/577 578/578/578 579/579/579
f 580/580/580 581/581/581 582/582/582
f 583/583/583 584/584/584 585/585/585
f 586/586/586 587/587/587 588/588/588
f 589/589/589 590/590/590 591/591/591
f 592/592/592 593/593/593 594/594/594
f 595/595/595 596/596/596 597/597/597
f 598/598/598 599/599/599 600/600/600
f 601/601/601 602/602/602 603/603/603
f 604/604/604 605/605/605 606/606/606
f 607/607/607 608/608/608 609/609/609
f 610/610/610 611/611/611 612/612/612
f 613/613/613 614/614/614 615/615/615
f 616/616/616 617/617/617 618/618/618
f 619/619/619 620/620/620 621/621/621
f 622/622/622 623/623/623 624/624/624
f 625/625/625 626/626/626 627/627/627
f 628/628/628 629/629/629 630/630/630
f 631/631/631 632/632/632 633/633/633
f 634/634/634 635/635/635 636/636/636
f 637/637/637 638/638/638 639/639/639
f 640/640/640 641/641/641 642/642/642
f 643/643/643 644/644/644 645/645/645
f 646/646/646 647/647/647 648/648/648
f 649/649/649 650/650/650 651/651/651
f 652/652/652 653/653/653 654/654/654
f 655/655/655 656/656/656 657/657/657
f 658/658/658 659/659/659 660/660/660
f 661/661/661 662/662/662 663/663/663
f 664/664/664 665/665/665 666/666/666
f 667/667/667 668/668/668 669/669/669
f 670/670/670 671/671/671 672/672/672
f 673/673/673 674/674/674 675/675/675
f 676/676/676 677/677/677 678/678/678
f 679/679/679 680/680/680 681/681/681
f 682/682/682 683/683/683 684/684/684
f 685/685/685 686/686/686 687/687/687
f 688/688/688 689/689/689 690/690/690
f 691/691/691 692/692/692 693/693/693
f 694/694/694 695/695/695 696/696/696
f 697/697/697 698/698/698 699/699/699
f 700/700/700 701/701/701 702/702/702
f 703/703/703 704/704/704 705/705/705
f 706/706/706 707/707/707 708/708/708
f 709/709/709 710/710/710 711/711/711
f 712/712/712 713/713/713 714/714/714
f 715/715/715 716/716/716 717/717/717
f 718/718/718 719/719/719 720/720/720
f 721/721/721 722/722/722 723/723/723
f 724/724/724 725/725/725 726/726/726
f 727/727/727 728/728/728 729/729/729
f 730/730/730 731/731/731 732/732/732
f 733/733/733 734/734/734 735/735/735
f 736/736/736 737/737/737 738/738/738
f 739/739/739 740/740/740 741/741/741
f 742/742/742 743/743/743 744/744/744
f 745/745/745 746/746/746 747/747/747
f 748/748/748 749/749/749 750/750/750
f 751/751/751 752/752/752 753/753/753
f 754/754/754 755/755/755 756/756/756
f 757/757/757 758/758/758 759/759/759
f 760/760/760 761/761/761 762/762/762
f 763/763/763 764/764/764 765/765/765
f 766/766/766 767/767/767 768/768/768
f 769/769/769 770/770/770 771/771/771
f 772/772/772 773/773/773 774/774/774
f 775/775/775 776/776/776 777/777/777
f 778/778/778 779/779/779 780/780/780
f 781/781/781 782/782/782 783/783/783
f 784/784/784 785/785/785 786/786/786
f 787/787/787 788/788/788 789/789/789
f 790/790/790 791/791/791 792/792/792
f 793/793/793 794/794/794 795/795/795
f 796/796/796 797/797/797 798/798/798
f 799/799/799 800/800/800 801/801/801
f 802/802/802 803/803/803 804/804/804
f 805/805/805 806/806/806 807/807/807
f 808/808/808 809/809/809 810/810/810
f 811/811/811 812/812/812 813/813/813
f 814/814/814 815/815/815 816/816/816
f 817/817/817 818/818/818 819/819/819
f 820/820/820 821/821/821 822/822/822
f 823/823/823 824/824/824 825/825/825
f 826/826/826 827/827/827 828/828/828
f 829/829/829 830/830/830 831/831/831
f 832/832/832 833/833/833 834/834/834
f 835/835/835 836/836/836 837/837/837
f 838/838/838 839/839/839 840/840/840
f 841/841/841 842/842/842 843/843/843
f 844/844/844 845/845/845 846/846/846
f 847/847/847 848/848/848 849/849/849
f 850/850/850 851/851/851 852/852/852
f 853/853/853 854/854/854 855/855/855
f 856/856/856 857/857/857 858/858/858
f 859/859/859 860/860/860 861/861/861
f 862/862/862 863/863/863 864/864/864
f 865/865/865 866/866/866 867/867/867
f 868/868/868 869/869/869 870/870/870
f 871/871/871 872/872/872 873/873/873
f 874/874/874 875/875/875 876/876/876
f 877/877/877 878/878/878 879/879/879
f 880/880/880 881/881/881 882/882/882
f 883/883/883 884/884/884 885/885/885
f 886/886/886 887/887/887 888/888/888
f 889/889/889 890/890/890 891/891/891
f 892/892/892 893/893/893 894/894/894
f 895/895/895 896/896/896 897/897/897
f 898/898/898 899/899/899 900/900/900
f 901/901/901 902/902/902 903/903/903
f 904/904/904 905/905/905 906/906/906
f 907/907/907 908/908/908 909/909/909
f 910/910/910 911/911/911 912/912/912
f 913/913/913 914/914/914 915/915/915
f 916/916/916 917/917/917 918/918/918
f 919/919/919 920/920/920 921/921/921
f 922/922/922 923/923/923 924/924/924
f 925/925/925 926/926/926 927/927/927
f 928/928/928 929/929/929 930/930/930
f 931/931/931 932/932/932 933/933/933
f 934/934/934 935/935/935 936/936/936
f 937/937/937 938/938/938 939/939/939
f 940/940/940 941/941/941 942/942/942
f 943/943/943 944/944/944 945/945/945
f 946/946/946 947/947/947 948/948/948
f 949/949/949 950/950/950 951/951/951
f 952/952/952 953/953/953 954/954/954
f 955/955/955 956/956/956 957/957/957
f 958/958/958 959/959/959 960/960/960
f 961/961/961 962/962/962 963/963/963
f 964/964/964 965/965/965 966/966/966
f 967/967/967 968/968/968 969/969/969
f 970/970/970 971/971/971 972/972/972
f 973/973/973 974/974/974 975/975/975
f 976/976/976 977/977/977 978/978/978
f 979/979/979 980/980/980 981/981/981
f 982/982/982 983/983/983 984/984/984
f 985/985/985 986/986/986 987/987/987
f 988/988/988 989/989/989 990/990/990
f 991/991/991 992/992/992 993/993/993
f 994/994/994 995/995/995 996/996/996
f 997/997/997 998/998/998 999/999/999
f 1000/1000/1000 1001/1001/1001 1002/1002/1002
f 1003/1003/1003 1004/1004/1004 1005/1005/1005
f 1006/1006/1006 1007/1007/1007 1008/1008/1008
f 1009/1009/1009 1010/1010/1010 1011/1011/1011
f 1012/1012/1012 1013/1013/1013 1014/1014/1014
f 1015/1015/1015 1016/1016/1016 1017/1017/1017
f 1018/1018/1018 1019/1019/1019 1020/1020/1020
f 1021/1021/1021 1022/1022/1022 1023/1023/1023
f 1024/1024/1024 1025/1025/1025 1026/1026/1026
f 1027/1027/1027 1028/1028/1028 1029/1029/1029
f 1030/1030/1030 1031/1031/1031 1032/1032/1032
f 1033/1033/1033 1034/1034/1034 1035/1035/1035
f 1036/1036/1036 1037/1037/1037 1038/1038/1038
f 1039/1039/1039 1040/1040/1040 1041/1041/1041
f 1042/1042/1042 1043/1043/1043 1044/1044/1044
f 1045/1045/1045 1046/1046/1046 1047/1047/1047
f 1048/1048/1048 1049/1049/1049 1050/1050/1050
f 1051/1051/1051 1052/1052/1052 1053/1053/1053
f 1054/1054/1054 1055/1055/1055 1056/1056/1056
f 1057/1057/1057 1058/1058/1058 1059/1059/1059
f 1060/1060/1060 1061/1061/1061 1062/1062/1062
f 1063/1063/1063 1064/1064/1064 1065/1065/1065
f 1066/1066/1066 1067/1067/1067 1068/1068/1068
f 1069/1069/1069 1070/1070/1070 1071/1071/1071
f 1072/1072/1072 1073/1073/1073 1074/1074/1074
f 1075/1075/1075 1076/1076/1076 1077/1077/1077
f 1078/1078/1078 1079/1079/1079 1080/1080/1080
f 1081/1081/1081 1082/1082/1082 1083/1083/1083
f 1084/1084/1084 1085/1085/1085 1086/1086/1086
f 1087/1087/1087 1088/1088/1088 1089/1089/1089
f 1090/1090/1090 1091/1091/1091 1092/1092/1092
f 1093/1093/1093 1094/1094/1094 1095/1095/1095
f 1096/1096/1096 1097/1097/1097 1098/1098/1098
f 1099/1099/1099 1100/1100/1100 1101/1101/1101
f 1102/1102/1102 1103/1103/1103 1104/1104/1104
f 1105/1105/1105 1106/1106/1106 1107/1107/1107
f 1108/1108/1108 1109/1109/1109 1110/1110/1110
f 1111/1111/1111 1112/1112/1112 1113/1113/1113
f 1114/1114/1114 1115/1115/1115 1116/1116/1116
f 1117/1117/1117 1118/1118/1118 1119/1119/1119
f 1120/1120/1120 1121/1121/1121 1122/1122/1122
f 1123/1123/1123 1124/1124/1124 1125/1125/1125
f 1126/1126/1126 1127/1127/1127 1128/1128/1128
f 1129/1129/1129 1130/1130/1130 1131/1131/1131
f 1132/1132/1132 1133/1133/1133 1134/1134/1134
f 1135/1135/1135 1136/1136/1136 1137/1137/1137
f 1138/1138/1138 1139/1139/1139 1140/1140/1140
f 1141/1141/1141 1142/1142/1142 1143/1143/1143
f 1144/1144/1144 1145/1145/1145 1146/1146/1146
f 1147/1147/1147 1148/1148/1148 1149/1149/1149
f 1150/1150/1150 1151/1151/1151 1152/1152/1152
f 1153/1153/1153 1154/1154/1154 1155/1155/1155
f 1156/1156/1156 1157/1157/1157 1158/1158/1158
f 1159/1159/1159 1160/1160/1160 1161/1161/1161
f 1162/1162/1162 1163/1163/1163 1164/1164/1164
f 1165/1165/1165 1166/1166/1166 1167/1167/1167
f 1168/1168/1168 1169/1169/1169 1170/1170/1170
f 1171/1171/1171 1172/1172/1172 1173/1173/1173
f 1174/1174/1174 1175/1175/1175 1176/1176/1176
f 1177/1177/1177 1178/1178/1178 1179/1179/1179
f 1180/1180/1180 1181/1181/1181 1182/1182/1182
f 1183/1183/1183 1184/1184/1184 1185/1185/1185
f 1186/1186/1186 1187/1187/1187 1188/1188/1188
f 1189/1189/1189 1190/1190/1190 1191/1191/1191
f 1192/1192/1192 1193/1193/1193 1194/1194/1194
f 1195/1195/1195 1196/1196/1196 1197/1197/1197
f 1198/1198/1198 1199/1199/1199 1200/1200/1200
f 1201/1201/1201 1202/1202/1202 1203/1203/1203
f 1204/1204/1204 1205/1205/1205 1206/1206/1206
f 1207/1207/1207 1208/1208/1208 1209/1209/1209
f 1210/1210/1210 1211/1211/1211 1212/1212/1212
f 1213/1213/1213 1214/1214/1214 1215/1215/1215
f 1216/1216/1216 1217/1217/1217 1218/1218/1218
f 1219/1219/1219 1220/1220/1220 1221/1221/1221
f 1222/1222/1222 1223/1223/1223 1224/1224/1224
f 1225/1225/1225 1226/1226/1226 1227/1227/1227
f 1228/1228/1228 1229/1229/1229 1230/1230/1230
f 1231/1231/1231 1232/1232/1232 1233/1233/1233
f 1234/1234/1234 1235/1235/1235 1236/1236/1236
f 1237/1237/1237 1238/1238/1238 1239/1239/1239
f 1240/1240/1240 1241/1241/1241 1242/1242/1242
f 1243/1243/1243 1244/1244/1244 1245/1245/1245
f 1246/1246/1246 1247/1247/1247 1248/1248/1248
f 1249/1249/1249 1250/1250/1250 1251/1251/1251
f 1252/1252/1252 1253/1253/1253 1254/1254/1254
f 1255/1255/1255 1256/1256/1256 1257/1257/1257
f 1258/1258/1258 1259/1259/1259 1260/1260/1260
f 1261/1261/1261 1262/1262/1262 1263/1263/1263
f 1264/1264/1264 1265/1265/1265 1266/1266/1266
f 1267/1267/1267 1268/1268/1268 1269/1269/1269
f 1270/1270/1270 1271/1271/1271 1272/1272/1272
f 1273/1273/1273 1274/1274/1274 1275/1275/1275
f 1276/1276/1276 1277/1277/1277 1278/1278/1278
f 1279/1279/1279 1280/1280/1280 1281/1281/1281
f 1282/1282/1282 1283/1283/1283 1284/1284/1284
f 1285/1285/1285 1286/1286/1286 1287/1287/1287
f 1288/1288/1288 1289/1289/1289 1290/1290/1290
f 1291/1291/1291 1292/1292/1292 1293/1293/1293
f 1294/1294/1294 1295/1295/1295 1296/1296/1296
f 1297/1297/1297 1298/1298/1298 1299/1299/1299
f 1300/1300/1300 1301/1301/1301 1302/1302/1302
f 1303/1303/1303 1304/1304/1304 1305/1305/1305
f 1306/1306/1306 1307/1307/1307 1308/1308/1308
f 1309/1309/1309 1310/1310/1310 1311/1311/1311
f 1312/1312/1312 1313/1313/1313 1314/1314/1314
f 1315/1315/1315 1316/1316/1316 1317/1317/1317
f 1318/1318/1318 1319/1319/1319 1320/1320/1320
f 1321/1321/1321 1322/1322/1322 1323/1323/1323
f 1324/1324/1324 1325/1325/1325 1326/1326/1326
f 1327/1327/1327 1328/1328/1328 1329/1329/1329
f 1330/1330/1330 1331/1331/1331 1332/1332/1332
f 1333/1333/1333 1334/1334/1334 1335/1335/1335
f 1336/1336/1336 1337/1337/1337 1338/1338/1338
f 1339/1339/1339 1340/1340/1340 1341/1341/1341
f 1342/1342/1342 1343/1343/1343 1344/1344/1344
f 1345/1345/1345 1346/1346/1346 1347/1347/1347
f 1348/1348/1348 1349/1349/1349 1350/1350/1350
f 1351/1351/1351 1352/1352/1352 1353/1353/1353
f 1354/1354/1354 1355/1355/1355 1356/1356/1356
f 1357/1357/1357 1358/1358/1358 1359/1359/1359
f 1360/1360/1360 1361/1361/1361 1362/1362/1362
f 1363/1363/1363 1364/1364/1364 1365/1365/1365
f 1366/1366/1366 1367/1367/1367 1368/1368/1368
f 1369/1369/1369 1370/1370/1370 1371/1371/1371
f 1372/1372/1372 1373/1373/1373 1374/1374/1374
f 1375/1375/1375 1376/1376/1376 1377/1377/1377
f 1378/1378/1378 1379/1379/1379 1380/1380/1380
f 1381/1381/1381 1382/1382/1382 1383/1383/1383
f 1384/1384/1384 1385/1385/1385 1386/1386/1386
f 1387/1387/1387 1388/1388/1388 1389/1389/1389
f 1390/1390/1390 1391/1391/1391 1392/1392/1392
f 1393/1393/1393 1394/1394/1394 1395/1395/1395
f 1396/1396/1396 1397/1397/1397 1398/1398/1398
f 1399/1399/1399 1400/1400/1400 1401/1401/1401
f 1402/1402/1402 1403/1403/1403 1404/1404/1404
f 1405/1405/1405 1406/1406/1406 1407/1407/1407
f 1408/1408/1408 1409/1409/1409 1410/1410/1410
f 1411/1411/1411 1412/1412/1412 1413/1413/1413
f 1414/1414/1414 1415/1415/1415 1416/1416/1416
f 1417/1417/1417 1418/1418/1418 1419/1419/1419
f 1420/1420/1420 1421/1421/1421 1422/1422/1422
f 1423/1423/1423 1424/1424/1424 1425/1425/1425
f 1426/1426/1426 1427/1427/1427 1428/1428/1428
f 1429/1429/1429 1430/1430/1430 1431/1431/1431
f 1432/1432/1432 1433/1433/1433 1434/1434/1434
f 1435/1435/1435 1436/1436/1436 1437/1437/1437
f 1438/1438/1438 1439/1439/1439 1440/1440/1440
f 1441/1441/1441 1442/1442/1442 1443/1443/1443
f 1444/1444/1444 1445/1445/1445 1446/1446/1446
f 1447/1447/1447 1448/1448/1448 1449/1449/1449
f 1450/1450/1450 1451/1451/1451 1452/1452/1452
f 1453/1453/1453 1454/1454/1454 1455/1455/1455
f 1456/1456/1456 1457/1457/1457 1458/1458/1458
f 1459/1459/1459 1460/1460/1460 1461/1461/1461
f 1462/1462/1462 1463/1463/1463 1464/1464/1464
f 1465/1465/1465 1466/1466/1466 1467/1467/1467
f 1468/1468/1468 1469/1469/1469 1470/1470/1470
f 1471/1471/1471 1472/1472/1472 1473/1473/1473
f 1474/1474/1474 1475/1475/1475 1476/1476/1476
f 1477/1477/1477 1478/1478/1478 1479/1479/1479
f 1480/1480/1480 1481/1481/1481 1482/1482/1482
f 1483/1483/1483 1484/1484/1484 1485/1485/1485
f 1486/1486/1486 1487/1487/1487 1488/1488/1488
f 1489/1489/1489 1490/1490/1490 1491/1491/1491
f 1492/1492/1492 1493/1493/1493 1494/1494/1494
f 1495/1495/1495 1496/1496/1496 1497/1497/1497
f 1498/1498/1498 1499/1499/1499 1500/1500/1500
f 1501/1501/1501 1502/1502/1502 1503/1503/1503
f 1504/1504/1504 1505/1505/1505 1506/1506/1506
f 1507/1507/1507 1508/1508/1508 1509/1509/1509
f 1510/1510/1510 1511/1511/1511 1512/1512/1512
f 1513/1513/1513 1514/1514/1514 1515/1515/1515
f 1516/1516/1516 1517/1517/1517 1518/1518/1518
f 1519/1519/1519 1520/1520/1520 1521/1521/1521
f 1522/1522/1522 1523/1523/1523 1524/1524/1524
f 1525/1525/1525 1526/1526/1526 1527/1527/1527
f 1528/1528/1528 1529/1529/1529 1530/1530/1530
f 1531/1531/1531 1532/1532/1532 1533/1533/1533
f 1534/1534/1534 1535/1535/1535 1536/1536/1536
f 1537/1537/1537 1538/1538/1538 1539/1539/1539
f 1540/1540/1540 1541/1541/1541 1542/1542/1542
f 1543/1543/1543 1544/1544/1544 1545/1545/1545
f 1546/1546/1546 1547/1547/1547 1548/1548/1548
f 1549/1549/1549 1550/1550/1550 1551/1551/1551
f 1552/1552/1552 1553/1553/1553 1554/1554/1554
f 1555/1555/1555 1556/1556/1556 1557/1557/1557
f 1558/1558/1558 1559/1559/1559 1560/1560/1560
f 1561/1561/1561 1562/1562/1562 1563/1563/1563
f 1564/1564/1564 1565/1565/1565 1566/1566/1566
f 1567/1567/1567 1568/1568/1568 1569/1569/1569
f 1570/1570/1570 1571/1571/1571 1572/1572/1572
f 1573/1573/1573 1574/1574/1574 1575/1575/1575
f 1576/1576/1576 1577/1577/1577 1578/1578/1578
f 1579/1579/1579 1580/1580/1580 1581/1581/1581
f 1582/1582/1582 1583/1583/1583 1584/1584/1584
f 1585/1585/1585 1586/1586/1586 1587/1587/1587
f 1588/1588/1588 1589/1589/1589 1590/1590/1590
f 1591/1591/1591 1592/1592/1592 1593/1593/1593
f 1594/1594/1594 1595/1595/1595 1596/1596/1596
f 1597/1597/1597 1598/1598/1598 1599/1599/1599
f 1600/1600/1600 1601/1601/1601 1602/1602/1602
f 1603/1603/1603 1604/1604/1604 1605/1605/1605
f 1606/1606/1606 1607/1607/1607 1608/1608/1608
f 1609/1609/1609 1610/1610/1610 1611/1611/1611
f 1612/1612/1612 1613/1613/1613 1614/1614/1614
f 1615/1615/1615 1616/1616/1616 1617/1617/1617
f 1618/1618/1618 1619/1619/1619 1620/1620/1620
f 1621/1621/1621 1622/1622/1622 1623/1623/1623
f 1624/1624/1624 1625/1625/1625 1626/1626/1626
f 1627/1627/1627 1628/1628/1628 1629/1629/1629
f 1630/1630/1630 1631/1631/1631 1632/1632/1632
f 1633/1633/1633 1634/1634/1634 1635/1635/1635
f 1636/1636/1636 1637/1637/1637 1638/1638/1638
f 1639/1639/1639 1640/1640/1640 1641/1641/1641
f 1642/1642/1642 1643/1643/1643 1644/1644/1644
f 1645/1645/1645 1646/1646/1646 1647/1647/1647
f 1648/1648/1648 1649/1649/1649 1650/1650/1650
f 1651/1651/1651 1652/1652/1652 1653/1653/1653
f 1654/1654/1654 1655/1655/1655 1656/1656/1656
f 1657/1657/1657 1658/1658/1658 1659/1659/1659
f 1660/1660/1660 1661/1661/1661 1662/1662/1662
f 1663/1663/1663 1664/1664/1664 1665/1665/1665
f 1666/1666/1666 1667/1667/1667 1668/1668/1668
f 1669/1669/1669 1670/1670/1670 1671/1671/1671
f 1672/1672/1672 1673/1673/1673 1674/1674/1674
f 1675/1675/1675 1676/1676/1676 1677/1677/1677
f 1678/1678/1678 1679/1679/1679 1680/1680/1680
f 1681/1681/1681 1682/1682/1682 1683/1683/1683
f 1684/1684/1684 1685/1685/1685 1686/1686/1686
f 1687/1687/1687 1688/1688/1688 1689/1689/1689
f 1690/1690/1690 1691/1691/1691 1692/1692/1692
f 1693/1693/1693 1694/1694/1694 1695/1695/1695
f 1696/1696/1696 1697/1697/1697 1698/1698/1698
f 1699/1699/1699 1700/1700/1700 1701/1701/1701
f 1702/1702/1702 1703/1703/1703 1704/1704/1704
f 1705/1705/1705 1706/1706/1706 1707/1707/1707
f 1708/1708/1708 1709/1709/1709 1710/1710/1710
f 1711/1711/1711 1712/1712/1712 1713/1713/1713
f 1714/1714/1714 1715/1715/1715 1716/1716/1716
f 1717/1717/1717 1718/1718/1718 1719/1719/1719
f 1720/1720/1720 1721/1721/1721 1722/1722/1722
f 1723/1723/1723 1724/1724/1724 1725/1725/1725
f 1726/1726/1726 1727/1727/1727 1728/1728/1728
f 1729/1729/1729 1730/1730/1730 1731/1731/1731
f 1732/1732/1732 1733/1733/1733 1734/1734/1734
f 1735/1735/1735 1736/1736/1736 1737/1737/1737
f 1738/1738/1738 1739/1739/1739 1740/1740/1740
f 1741/1741/1741 1742/1742/1742 1743/1743/1743
f 1744/1744/1744 1745/1745/1745 1746/1746/1746
f 1747/1747/1747 1748/1748/1748 1749/1749/1749
f 1750/1750/1750 1751/1751/1751 1752/1752/1752
f 1753/1753/1753 1754/1754/1754 1755/1755/1755
f 1756/1756/1756 1757/1757/1757 1758/1758/1758
f 1759/1759/1759 1760/1760/1760 1761/1761/1761
f 1762/1762/1762 1763/1763/1763 1764/1764/1764
f 1765/1765/1765 1766/1766/1766 1767/1767/1767
f 1768/1768/1768 1769/1769/1769 1770/1770/1770
f 1771/1771/1771 1772/1772/1772 1773/1773/1773
f 1774/1774/1774 1775/1775/1775 1776/1776/1776
f 1777/1777/1777 1778/1778/1778 1779/1779/1779
f 1780/1780/1780 1781/1781/1781 1782/1782/1782
f 1783/1783/1783 1784/1784/1784 1785/1785/1785
f 1786/1786/1786 1787/1787/1787 1788/1788/1788
f 1789/1789/1789 1790/1790/1790 1791/1791/1791
f 1792/1792/1792 1793/1793/1793 1794/1794/1794
f 1795/1795/1795 1796/1796/1796 1797/1797/1797
f 1798/1798/1798 1799/1799/1799 1800/1800/1800
f 1801/1801/1801 1802/1802/1802 1803/1803/1803
f 1804/1804/1804 1805/1805/1805 1806/1806/1806
f 1807/1807/1807 1808/1808/1808 1809/1809/1809
f 1810/1810/1810 1811/1811/1811 1812/1812/1812
f 1813/1813/1813 1814/1814/1814 1815/1815/1815
f 1816/1816/1816 1817/1817/1817 1818/1818/1818
f 1819/1819/1819 1820/1820/1820 1821/1821/1821
f 1822/1822/1822 1823/1823/1823 1824/1824/1824
f 1825/1825/1825 1826/1826/1826 1827/1827/1827
f 1828/1828/1828 1829/1829/1829 1830/1830/1830
f 1831/1831/1831 1832/1832/1832 1833/1833/1833
f 1834/1834/1834 1835/1835/1835 1836/1836/1836
f 1837/1837/1837 1838/1838/1838 1839/1839/1839
f 1840/1840/1840 1841/1841/1841 1842/1842/1842
f 1843/1843/1843 1844/1844/1844 1845/1845/1845
f 1846/1846/1846 1847/1847/1847 1848/1848/1848
f 1849/1849/1849 1850/1850/1850 1851/1851/1851
f 1852/1852/1852 1853/1853/1853 1854/1854/1854
f 1855/1855/1855 1856/1856/1856 1857/1857/1857
f 1858/1858/1858 1859/1859/1859 1860/1860/1860
f 1861/1861/1861 1862/1862/1862 1863/1863/1863
f 1864/1864/1864 1865/1865/1865 1866/1866/1866
f 1867/1867/1867 1868/1868/1868 1869/1869/1869
f 1870/1870/1870 1871/1871/1871 1872/1872/1872
f 1873/1873/1873 1874/1874/1874 1875/1875/1875
f 1876/1876/1876 1877/1877/1877 1878/1878/1878
f 1879/1879/1879 1880/1880/1880 1881/1881/1881
f 1882/1882/1882 1883/1883/1883 1884/1884/1884
f 1885/1885/1885 1886/1886/1886 1887/1887/1887
f 1888/1888/1888 1889/1889/1889 1890/1890/1890
f 1891/1891/1891 1892/1892/1892 1893/1893/1893
f 1894/1894/1894 1895/1895/1895 1896/1896/1896
f 1897/1897/1897 1898/1898/1898 1899/1899/1899
f 1900/1900/1900 1901/1901/1901 1902/1902/1902
f 1903/1903/1903 1904/1904/1904 1905/1905/1905
f 1906/1906/1906 1907/1907/1907 1908/1908/1908
f 1909/1909/1909 1910/1910/1910 1911/1911/1911
f 1912/1912/1912 1913/1913/1913 1914/1914/1914
f 1915/1915/1915 1916/1916/1916 1917/1917/1917
f 1918/1918/1918 1919/1919/1919 1920/1920/1920
f 1921/1921/1921 1922/1922/1922 1923/1923/1923
f 1924/1924/1924 1925/1925/1925 1926/1926/1926
f 1927/1927/1927 1928/1928/1928 1929/1929/1929
f 1930/1930/1930 1931/1931/1931 1932/1932/1932
f 1933/1933/1933 1934/1934/1934 1935/1935/1935
f 1936/1936/1936 1937/1937/1937 1938/1938/1938
f 1939/1939/1939 1940/1940/1940 1941/1941/1941
f 1942/1942/1942 1943/1943/1943 1944/1944/1944
f 1945/1945/1945 1946/1946/1946 1947/1947/1947
f 1948/1948/1948 1949/1949/1949 1950/1950/1950
f 1951/1951/1951 1952/1952/1952 1953/1953/1953
f 1954/1954/1954 1955/1955/1955 1956/1956/1956
f 1957/1957/1957 1958/1958/1958 1959/1959/1959
f 1960/1960/1960 1961/1961/1961 1962/1962/1962
f 1963/1963/1963 1964/1964/1964 1965/1965/1965
f 1966/1966/1966 1967/1967/1967 1968/1968/1968
f 1969/1969/1969 1970/1970/1970 1971/1971/1971
f 1972/1972/1972 1973/1973/1973 1974/1974/1974
f 1975/1975/1975 1976/1976/1976 1977/1977/1977
f 1978/1978/1978 1979/1979/1979 1980/1980/1980
f 1981/1981/1981 1982/1982/1982 1983/1983/1983
f 1984/1984/1984 1985/1985/1985 1986/1986/1986
f 1987/1987/1987 1988/1988/1988 1989/1989/1989
f 1990/1990/1990 1991/1991/1991 1992/1992/1992
f 1993/1993/1993 1994/1994/1994 1995/1995/1995
f 1996/1996/1996 1997/1997/1997 1998/1998/1998
f 1999/1999/1999 2000/2000/2000 2001/2001/2001
f 2002/2002/2002 2003/2003/2003 2004/2004/2004
f 2005/2005/2005 2006/2006/2006 2007/2007/2007
f 2008/2008/2008 2009/2009/2009 2010/2010/2010
f 2011/2011/2011 2012/2012/2012 2013/2013/2013
f 2014/2014/2014 2015/2015/2015 2016/2016/2016
f 2017/2017/2017 2018/2018/2018 2019/2019/2019
f 2020/2020/2020 2021/2021/2021 2022/2022/2022
f 2023/2023/2023 2024/2024/2024 2025/2025/2025
f 2026/2026/2026 2027/2027/2027 2028/2028/2028
f 2029/2029/2029 2030/2030/2030 2031/2031/2031
f 2032/2032/2032 2033/2033/2033 2034/2034/2034
f 2035/2035/2035 2036/2036/2036 2037/2037/2037
f 2038/2038/2038 2039/2039/2039 2040/2040/2040
f 2041/2041/2041 2042/2042/2042 2043/2043/2043
f 2044/2044/2044 2045/2045/2045 2046/2046/2046
f 2047/2047/2047 2048/2048/2048 2049/2049/2049
f 2050/2050/2050 2051/2051/2051 2052/2052/2052
f 2053/2053/2053 2054/2054/2054 2055/2055/2055
f 2056/2056/2056 2057/2057/2057 2058/2058/2058
f 2059/2059/2059 2060/2060/2060 2061/2061/2061
f 2062/2062/2062 2063/2063/2063 2064/2064/2064
f 2065/2065/2065 2066/2066/2066 2067/2067/2067
f 2068/2068/2068 2069/2069/2069 2070/2070/2070
f 2071/2071/2071 2072/2072/2072 2073/2073/2073
f 2074/2074/2074 2075/2075/2075 2076/2076/2076
f 2077/2077/2077 2078/2078/2078 2079/2079/2079
f 2080/2080/2080 2081/2081/2081 2082/2082/2082
f 2083/2083/2083 2084/2084/2084 2085/2085/2085
f 2086/2086/2086 2087/2087/2087 2088/2088/2088
f 2089/2089/2089 2090/2090/2090 2091/2091/2091
f 2092/2092/2092 2093/2093/2093 2094/2094/2094
f 2095/2095/2095 2096/2096/2096 2097/2097/2097
f 2098/2098/2098 2099/2099/2099 2100/2100/2100
f 2101/2101/2101 2102/2102/2102 2103/2103/2103
f 2104/2104/2104 2105/2105/2105 2106/2106/2106
f 2107/2107/2107 2108/2108/2108 2109/2109/2109
f 2110/2110/2110 2111/2111/2111 2112/2112/2112
f 2113/2113/2113 2114/2114/2114 2115/2115/2115
f 2116/2116/2116 2117/2117/2117 2118/2118/2118
f 2119/2119/2119 2120/2120/2120 2121/2121/2121
f 2122/2122/2122 2123/2123/2123 2124/2124/2124
f 2125/2125/2125 2126/2126/2126 2127/2127/2127
f 2128/2128/2128 2129/2129/2129 2130/2130/2130
f 2131/2131/2131 2132/2132/2132 2133/2133/2133
f 2134/2134/2134 2135/2135/2135 2136/2136/2136
f 2137/2137/2137 2138/2138/2138 2139/2139/2139
f 2140/2140/2140 2141/2141/2141 2142/2142/2142
f 2143/2143/2143 2144/2144/2144 2145/2145/2145
f 2146/2146/2146 2147/2147/2147 2148/2148/2148
f 2149/2149/2149 2150/2150/2150 2151/2151/2151
f 2152/2152/2152 2153/2153/2153 2154/2154/2154
f 2155/2155/2155 2156/2156/2156 2157/2157/2157
f 2158/2158/2158 2159/2159/2159 2160/2160/2160
f 2161/2161/2161 2162/2162/2162 2163/2163/2163
f 2164/2164/2164 2165/2165/2165 2166/2166/2166
f 2167/2167/2167 2168/2168/2168 2169/2169/2169
f 2170/2170/2170 2171/2171/2171 2172/2172/2172
f 2173/2173/2173 2174/2174/2174 2175/2175/2175
f 2176/2176/2176 2177/2177/2177 2178/2178/2178
f 2179/2179/2179 2180/2180/2180 2181/2181/2181
f 2182/2182/2182 2183/2183/2183 2184/2184/2184
f 2185/2185/2185 2186/2186/2186 2187/2187/2187
f 2188/2188/2188 2189/2189/2189 2190/2190/2190
f 2191/2191/2191 2192/2192/2192 2193/2193/2193
f 2194/2194/2194 2195/2195/2195 2196/2196/2196
f 2197/2197/2197 2198/2198/2198 2199/2199/2199
f 2200/2200/2200 2201/2201/2201 2202/2202/2202
f 2203/2203/2203 2204/2204/2204 2205/2205/2205
f 2206/2206/2206 2207/2207/2207 2208/2208/2208
f 2209/2209/2209 2210/2210/2210 2211/2211/2211
f 2212/2212/2212 2213/2213/2213 2214/2214/2214
f 2215/2215/2215 2216/2216/2216 2217/2217/2217
f 2218/2218/2218 2219/2219/2219 2220/2220/2220
f 2221/2221/2221 2222/2222/2222 2223/2223/2223
f 2224/2224/2224 2225/2225/2225 2226/2226/2226
f 2227/2227/2227 2228/2228/2228 2229/2229/2229
f 2230/2230/2230 2231/2231/2231 2232/2232/2232
f 2233/2233/2233 2234/2234/2234 2235/2235/2235
f 2236/2236/2236 2237/2237/2237 2238/2238/2238
f 2239/2239/2239 2240/2240/2240 2241/2241/2241
f 2242/2242/2242 2243/2243/2243 2244/2244/2244
f 2245/2245/2245 2246/2246/2246 2247/2247/2247
f 2248/2248/2248 2249/2249/2249 2250/2250/2250
f 2251/2251/2251 2252/2252/2252 2253/2253/2253
f 2254/2254/2254 2255/2255/2255 2256/2256/2256
f 2257/2257/2257 2258/2258/2258 2259/2259/2259
f 2260/2260/2260 2261/2261/2261 2262/2262/2262
f 2263/2263/2263 2264/2264/2264 2265/2265/2265
f 2266/2266/2266 2267/2267/2267 2268/2268/2268
f 2269/2269/2269 2270/2270/2270 2271/2271/2271
f 2272/2272/2272 2273/2273/2273 2274/2274/2274
f 2275/2275/2275 2276/2276/2276 2277/2277/2277
f 2278/2278/2278 2279/2279/2279 2280/2280/2280
f 2281/2281/2281 2282/2282/2282 2283/2283/2283
f 2284/2284/2284 2285/2285/2285 2286/2286/2286
f 2287/2287/2287 2288/2288/2288 2289/2289/2289
f 2290/2290/2290 2291/2291/2291 2292/2292/2292
f 2293/2293/2293 2294/2294/2294 2295/2295/2295
f 2296/2296/2296 2297/2297/2297 2298/2298/2298
f 2299/2299/2299 2300/2300/2300 2301/2301/2301
f 2302/2302/2302 2303/2303/2303 2304/2304/2304
f 2305/2305/2305 2306/2306/2306 2307/2307/2307
f 2308/2308/2308 2309/2309/2309 2310/2310/2310
f 2311/2311/2311 2312/2312/2312 2313/2313/2313
f 2314/2314/2314 2315/2315/2315 2316/2316/2316
f 2317/2317/2317 2318/2318/2318 2319/2319/2319
f 2320/2320/2320 2321/2321/2321 2322/2322/2322
f 2323/2323/2323 2324/2324/2324 2325/2325/2325
f 2326/2326/2326 2327/2327/2327 2328/2328/2328
f 2329/2329/2329 2330/2330/2330 2331/2331/2331
f 2332/2332/2332 2333/2333/2333 2334/2334/2334
f 2335/2335/2335 2336/2336/2336 2337/2337/2337
f 2338/2338/2338 2339/2339/2339 2340/2340/2340
f 2341/2341/2341 2342/2342/2342 2343/2343/2343
f 2344/2344/2344 2345/2345/2345 2346/2346/2346
f 2347/2347/2347 2348/2348/2348 2349/2349/2349
f 2350/2350/2350 2351/2351/2351 2352/2352/2352
f 2353/2353/2353 2354/2354/2354 2355/2355/2355
f 2356/2356/2356 2357/2357/2357 2358/2358/2358
f 2359/2359/2359 2360/2360/2360 2361/2361/2361
f 2362/2362/2362 2363/2363/2363 2364/2364/2364
f 2365/2365/2365 2366/2366/2366 2367/2367/2367
f 2368/2368/2368 2369/2369/2369 2370/2370/2370
f 2371/2371/2371 2372/2372/2372 2373/2373/2373
f 2374/2374/2374 2375/2375/2375 2376/2376/2376
f 2377/2377/2377 2378/2378/2378 2379/2379/2379
f 2380/2380/2380 2381/2381/2381 2382/2382/2382
f 2383/2383/2383 2384/2384/2384 2385/2385/2385
f 2386/2386/2386 2387/2387/2387 2388/2388/2388
f 2389/2389/2389 2390/2390/2390 2391/2391/2391
f 2392/2392/2392 2393/2393/2393 2394/2394/2394
f 2395/2395/2395 2396/2396/2396 2397/2397/2397
f 2398/2398/2398 2399/2399/2399 2400/2400/2400
f 2401/2401/2401 2402/2402/2402 2403/2403/2403
f 2404/2404/2404 2405/2405/2405 2406/2406/2406
f 2407/2407/2407 2408/2408/2408 2409/2409/2409
f 2410/2410/2410 2411/2411/2411 2412/2412/2412
f 2413/2413/2413 2414/2414/2414 2415/2415/2415
f 2416/2416/2416 2417/2417/2417 2418/2418/2418
f 2419/2419/2419 2420/2420/2420 2421/2421/2421
f 2422/2422/2422 2423/2423/2423 2424/2424/2424
f 2425/2425/2425 2426/2426/2426 2427/2427/2427
f 2428/2428/2428 2429/2429/2429 2430/2430/2430
f 2431/2431/2431 2432/2432/2432 2433/2433/2433
f 2434/2434/2434 2435/2435/2435 2436/2436/2436
f 2437/2437/2437 2438/2438/2438 2439/2439/2439
f 2440/2440/2440 2441/2441/2441 2442/2442/2442
f 2443/2443/2443 2444/2444/2444 2445/2445/2445
f 2446/2446/2446 2447/2447/2447 2448/2448/2448
f 2449/2449/2449 2450/2450/2450 2451/2451/2451
f 2452/2452/2452 2453/2453/2453 2454/2454/2454
f 2455/2455/2455 2456/2456/2456 2457/2457/2457
f 2458/2458/2458 2459/2459/2459 2460/2460/2460
f 2461/2461/2461 2462/2462/2462 2463/2463/2463
f 2464/2464/2464 2465/2465/2465 2466/2466/2466
f 2467/2467/2467 2468/2468/2468 2469/2469/2469
f 2470/2470/2470 2471/2471/2471 2472/2472/2472
f 2473/2473/2473 2474/2474/2474 2475/2475/2475
f 2476/2476/2476 2477/2477/2477 2478/2478/2478
f 2479/2479/2479 2480/2480/2480 2481/2481/2481
f 2482/2482/2482 2483/2483/2483 2484/2484/2484
f 2485/2485/2485 2486/2486/2486 2487/2487/2487
f 2488/2488/2488 2489/2489/2489 2490/2490/2490
f 2491/2491/2491 2492/2492/2492 2493/2493/2493
f 2494/2494/2494 2495/2495/2495 2496/2496/2496
f 2497/2497/2497 2498/2498/2498 2499/2499/2499
f 2500/2500/2500 2501/2501/2501 2502/2502/2502
f 2503/2503/2503 2504/2504/2504 2505/2505/2505
f 2506/2506/2506 2507/2507/2507 2508/2508/2508
f 2509/2509/2509 2510/2510/2510 2511/2511/2511
f 2512/2512/2512 2513/2513/2513 2514/2514/2514
f 2515/2515/2515 2516/2516/2516 2517/2517/2517
f 2518/2518/2518 2519/2519/2519 2520/2520/2520
f 2521/2521/2521 2522/2522/2522 2523/2523/2523
f 2524/2524/2524 2525/2525/2525 2526/2526/2526
f 2527/2527/2527 2528/2528/2528 2529/2529/2529
f 2530/2530/2530 2531/2531/2531 2532/2532/2532
f 2533/2533/2533 2534/2534/2534 2535/2535/2535
f 2536/2536/2536 2537/2537/2537 2538/2538/2538
f 2539/2539/2539 2540/2540/2540 2541/2541/2541
f 2542/2542/2542 2543/2543/2543 2544/2544/2544
f 2545/2545/2545 2546/2546/2546 2547/2547/2547
f 2548/2548/2548 2549/2549/2549 2550/2550/2550
f 2551/2551/2551 2552/2552/2552 2553/2553/2553
f 2554/2554/2554 2555/2555/2555 2556/2556/2556
f 2557/2557/2557 2558/2558/2558 2559/2559/2559
f 2560/2560/2560 2561/2561/2561 2562/2562/2562
f 2563/2563/2563 2564/2564/2564 2565/2565/2565
f 2566/2566/2566 2567/2567/2567 2568/2568/2568
f 2569/2569/2569 2570/2570/2570 2571/2571/2571
f 2572/2572/2572 2573/2573/2573 2574/2574/2574
f 2575/2575/2575 2576/2576/2576 2577/2577/2577
f 2578/2578/2578 2579/2579/2579 2580/2580/2580
f 2581/2581/2581 2582/2582/2582 2583/2583/2583
f 2584/2584/2584 2585/2585/2585 2586/2586/2586
f 2587/2587/2587 2588/2588/2588 2589/2589/2589
f 2590/2590/2590 2591/2591/2591 2592/2592/2592
f 2593/2593/2593 2594/2594/2594 2595/2595/2595
f 2596/2596/2596 2597/2597/2597 2598/2598/2598
f 2599/2599/2599 2600/2600/2600 2601/2601/2601
f 2602/2602/2602 2603/2603/2603 2604/2604/2604
f 2605/2605/2605 2606/2606/2606 2607/2607/2607
f 2608/2608/2608 2609/2609/2609 2610/2610/2610
f 2611/2611/2611 2612/2612/2612 2613/2613/2613
f 2614/2614/2614 2615/2615/2615 2616/2616/2616
f 2617/2617/2617 2618/2618/2618 2619/2619/2619
f 2620/2620/2620 2621/2621/2621 2622/2622/2622
f 2623/2623/2623 2624/2624/2624 2625/2625/2625
f 2626/2626/2626 2627/2627/2627 2628/2628/2628
f 2629/2629/2629 2630/2630/2630 2631/2631/2631
f 2632/2632/2632 2633/2633/2633 2634/2634/2634
f 2635/2635/2635 2636/2636/2636 2637/2637/2637
f 2638/2638/2638 2639/2639/2639 2640/2640/2640
f 2641/2641/2641 2642/2642/2642 2643/2643/2643
f 2644/2644/2644 2645/2645/2645 2646/2646/2646
f 2647/2647/2647 2648/2648/2648 2649/2649/2649
f 2650/2650/2650 2651/2651/2651 2652/2652/2652
f 2653/2653/2653 2654/2654/2654 2655/2655/2655
f 2656/2656/2656 2657/2657/2657 2658/2658/2658
f 2659/2659/2659 2660/2660/2660 2661/2661/2661
f 2662/2662/2662 2663/2663/2663 2664/2664/2664
f 2665/2665/2665 2666/2666/2666 2667/2667/2667
f 2668/2668/2668 2669/2669/2669 2670/2670/2670
f 2671/2671/2671 2672/2672/2672 2673/2673/2673
f 2674/2674/2674 2675/2675/2675 2676/2676/2676
f 2677/2677/2677 2678/2678/2678 2679/2679/2679
f 2680/2680/2680 2681/2681/2681 2682/2682/2682
f 2683/2683/2683 2684/2684/2684 2685/2685/2685
f 2686/2686/2686 2687/2687/2687 2688/2688/2688
f 2689/2689/2689 2690/2690/2690 2691/2691/2691
f 2692/2692/2692 2693/2693/2693 2694/2694/2694
f 2695/2695/2695 2696/2696/2696 2697/2697/2697
f 2698/2698/2698 2699/2699/2699 2700/2700/2700
f 2701/2701/2701 2702/2702/2702 2703/2703/2703
f 2704/2704/2704 2705/2705/2705 2706/2706/2706
f 2707/2707/2707 2708/2708/2708 2709/2709/2709
f 2710/2710/2710 2711/2711/2711 2712/2712/2712
f 2713/2713/2713 2714/2714/2714 2715/2715/2715
f 2716/2716/2716 2717/2717/2717 2718/2718/2718
f 2719/2719/2719 2720/2720/2720 2721/2721/2721
f 2722/2722/2722 2723/2723/2723 2724/2724/2724
f 2725/2725/2725 2726/2726/2726 2727/2727/2727
f 2728/2728/2728 2729/2729/2729 2730/2730/2730
f 2731/2731/2731 2732/2732/2732 2733/2733/2733
f 2734/2734/2734 2735/2735/2735 2736/2736/2736
f 2737/2737/2737 2738/2738/2738 2739/2739/2739
f 2740/2740/2740 2741/2741/2741 2742/2742/2742
f 2743/2743/2743 2744/2744/2744 2745/2745/2745
f 2746/2746/2746 2747/2747/2747 2748/2748/2748
f 2749/2749/2749 2750/2750/2750 2751/2751/2751
f 2752/2752/2752 2753/2753/2753 2754/2754/2754
f 2755/2755/2755 2756/2756/2756 2757/2757/2757
f 2758/2758/2758 2759/2759/2759 2760/2760/2760
f 2761/2761/2761 2762/2762/2762 2763/2763/2763
f 2764/2764/2764 2765/2765/2765 2766/2766/2766
f 2767/2767/2767 2768/2768/2768 2769/2769/2769
f 2770/2770/2770 2771/2771/2771 2772/2772/2772
f 2773/2773/2773 2774/2774/2774 2775/2775/2775
f 2776/2776/2776 2777/2777/2777 2778/2778/2778
f 2779/2779/2779 2780/2780/2780 2781/2781/2781
f 2782/2782/2782 2783/2783/2783 2784/2784/2784
f 2785/2785/2785 2786/2786/2786 2787/2787/2787
f 2788/2788/2788 2789/2789/2789 2790/2790/2790
f 2791/2791/2791 2792/2792/2792 2793/2793/2793
f 2794/2794/2794 2795/2795/2795 2796/2796/2796
f 2797/2797/2797 2798/2798/2798 2799/2799/2799
f 2800/2800/2800 2801/2801/2801 2802/2802/2802
f 2803/2803/2803 2804/2804/2804 2805/2805/2805
f 2806/2806/2806 2807/2807/2807 2808/2808/2808
f 2809/2809/2809 2810/2810/2810 2811/2811/2811
f 2812/2812/2812 2813/2813/2813 2814/2814/2814
f 2815/2815/2815 2816/2816/2816 2817/2817/2817
f 2818/2818/2818 2819/2819/2819 2820/2820/2820
f 2821/2821/2821 2822/2822/2822 2823/2823/2823
f 2824/2824/2824 2825/2825/2825 2826/2826/2826
f 2827/2827/2827 2828/2828/2828 2829/2829/2829
f 2830/2830/2830 2831/2831/2831 2832/2832/2832
f 2833/2833/2833 2834/2834/2834 2835/2835/2835
f 2836/2836/2836 2837/2837/2837 2838/2838/2838
f 2839/2839/2839 2840/2840/2840 2841/2841/2841
f 2842/2842/2842 2843/2843/2843 2844/2844/2844
f 2845/2845/2845 2846/2846/2846 2847/2847/2847
f 2848/2848/2848 2849/2849/2849 2850/2850/2850
f 2851/2851/2851 2852/2852/2852 2853/2853/2853
f 2854/2854/2854 2855/2855/2855 2856/2856/2856
f 2857/2857/2857 2858/2858/2858 2859/2859/2859
f 2860/2860/2860 2861/2861/2861 2862/2862/2862
f 2863/2863/2863 2864/2864/2864 2865/2865/2865
f 2866/2866/2866 2867/2867/2867 2868/2868/2868
f 2869/2869/2869 2870/2870/2870 2871/2871/2871
f 2872/2872/2872 2873/2873/2873 2874/2874/2874
f 2875/2875/2875 2876/2876/2876 2877/2877/2877
f 2878/2878/2878 2879/2879/2879 2880/2880/2880
f 2881/2881/2881 2882/2882/2882 2883/2883/2883
f 2884/2884/2884 2885/2885/2885 2886/2886/2886
f 2887/2887/2887 2888/2888/2888 2889/2889/2889
f 2890/2890/2890 2891/2891/2891 2892/2892/2892
f 2893/2893/2893 2894/2894/2894 2895/2895/2895
f 2896/2896/2896 2897/2897/2897 2898/2898/2898
f 2899/2899/2899 2900/2900/2900 2901/2901/2901
f 2902/2902/2902 2903/2903/2903 2904/2904/2904
f 2905/2905/2905 2906/2906/2906 2907/2907/2907
f 2908/2908/2908 2909/2909/2909 2910/2910/2910
f 2911/2911/2911 2912/2912/2912 2913/2913/2913
f 2914/2914/2914 2915/2915/2915 2916/2916/2916
f 2917/2917/2917 2918/2918/2918 2919/2919/2919
f 2920/2920/2920 2921/2921/2921 2922/2922/2922
f 2923/2923/2923 2924/2924/2924 2925/2925/2925
f 2926/2926/2926 2927/2927/2927 2928/2928/2928
f 2929/2929/2929 2930/2930/2930 2931/2931/2931
f 2932/2932/2932 2933/2933/2933 2934/2934/2934
f 2935/2935/2935 2936/2936/2936 2937/2937/2937
f 2938/2938/2938 2939/2939/2939 2940/2940/2940
f 2941/2941/2941 2942/2942/2942 2943/2943/2943
f 2944/2944/2944 2945/2945/2945 2946/2946/2946
f 2947/2947/2947 2948/2948/2948 2949/2949/2949
f 2950/2950/2950 2951/2951/2951 2952/2952/2952
f 2953/2953/2953 2954/2954/2954 2955/2955/2955
f 2956/2956/2956 2957/2957/2957 2958/2958/2958
f 2959/2959/2959 2960/2960/2960 2961/2961/2961
f 2962/2962/2962 2963/2963/2963 2964/2964/2964
f 2965/2965/2965 2966/2966/2966 2967/2967/2967
f 2968/2968/2968 2969/2969/2969 2970/2970/2970
f 2971/2971/2971 2972/2972/2972 2973/2973/2973
f 2974/2974/2974 2975/2975/2975 2976/2976/2976
f 2977/2977/2977 2978/2978/2978 2979/2979/2979
f 2980/2980/2980 2981/2981/2981 2982/2982/2982
f 2983/2983/2983 2984/2984/2984 2985/2985/2985
f 2986/2986/2986 2987/2987/2987 2988/2988/2988
f 2989/2989/2989 2990/2990/2990 2991/2991/2991
f 2992/2992/2992 2993/2993/2993 2994/2994/2994
f 2995/2995/2995 2996/2996/2996 2997/2997/2997
f 2998/2998/2998 2999/2999/2999 3000/3000/3000
f 3001/3001/3001 3002/3002/3002 3003/3003/3003
f 3004/3004/3004 3005/3005/3005 3006/3006/3006
f 3007/3007/3007 3008/3008/3008 3009/3009/3009
f 3010/3010/3010 3011/3011/3011 3012/3012/3012
f 3013/3013/3013 3014/3014/3014 3015/3015/3015
f 3016/3016/3016 3017/3017/3017 3018/3018/3018
f 3019/3019/3019 3020/3020/3020 3021/3021/3021
f 3022/3022/3022 3023/3023/3023 3024/3024/3024
f 3025/3025/3025 3026/3026/3026 3027/3027/3027
f 3028/3028/3028 3029/3029/3029 3030/3030/3030
f 3031/3031/3031 3032/3032/3032 3033/3033/3033
f 3034/3034/3034 3035/3035/3035 3036/3036/3036
f 3037/3037/3037 3038/3038/3038 3039/3039/3039
f 3040/3040/3040 3041/3041/3041 3042/3042/3042
f 3043/3043/3043 3044/3044/3044 3045/3045/3045
f 3046/3046/3046 3047/3047/3047 3048/3048/3048
f 3049/3049/3049 3050/3050/3050 3051/3051/3051
f 3052/3052/3052 3053/3053/3053 3054/3054/3054
f 3055/3055/3055 3056/3056/3056 3057/3057/3057
f 3058/3058/3058 3059/3059/3059 3060/3060/3060
f 3061/3061/3061 3062/3062/3062 3063/3063/3063
f 3064/3064/3064 3065/3065/3065 3066/3066/3066
f 3067/3067/3067 3068/3068/3068 3069/3069/3069
f 3070/3070/3070 3071/3071/3071 3072/3072/3072
f 3073/3073/3073 3074/3074/3074 3075/3075/3075
f 3076/3076/3076 3077/3077/3077 3078/3078/3078
f 3079/3079/3079 3080/3080/3080 3081/3081/3081
f 3082/3082/3082 3083/3083/3083 3084/3084/3084
f 3085/3085/3085 3086/3086/3086 3087/3087/3087
f 3088/3088/3088 3089/3089/3089 3090/3090/3090
f 3091/3091/3091 3092/3092/3092 3093/3093/3093
f 3094/3094/3094 3095/3095/3095 3096/3096/3096
f 3097/3097/3097 3098/3098/3098 3099/3099/3099
f 3100/3100/3100 3101/3101/3101 3102/3102/3102
f 3103/3103/3103 3104/3104/3104 3105/3105/3105
f 3106/3106/3106 3107/3107/3107 3108/3108/3108
f 3109/3109/3109 3110/3110/3110 3111/3111/3111
f 3112/3112/3112 3113/3113/3113 3114/3114/3114
f 3115/3115/3115 3116/3116/3116 3117/3117/3117
f 3118/3118/3118 3119/3119/3119 3120/3120/3120
f 3121/3121/3121 3122/3122/3122 3123/3123/3123
f 3124/3124/3124 3125/3125/3125 3126/3126/3126
f 3127/3127/3127 3128/3128/3128 3129/3129/3129
f 3130/3130/3130 3131/3131/3131 3132/3132/3132
f 3133/3133/3133 3134/3134/3134 3135/3135/3135
f 3136/3136/3136 3137/3137/3137 3138/3138/3138
f 3139/3139/3139 3140/3140/3140 3141/3141/3141
f 3142/3142/3142 3143/3143/3143 3144/3144/3144
f 3145/3145/3145 3146/3146/3146 3147/3147/3147
f 3148/3148/3148 3149/3149/3149 3150/3150/3150
f 3151/3151/3151 3152/3152/3152 3153/3153/3153
f 3154/3154/3154 3155/3155/3155 3156/3156/3156
f 3157/3157/3157 3158/3158/3158 3159/3159/3159
f 3160/3160/3160 3161/3161/3161 3162/3162/3162
f 3163/3163/3163 3164/3164/3164 3165/3165/3165
f 3166/3166/3166 3167/3167/3167 3168/3168/3168
f 3169/3169/3169 3170/3170/3170 3171/3171/3171
f 3172/3172/3172 3173/3173/3173 3174/3174/3174
f 3175/3175/3175 3176/3176/3176 3177/3177/3177
f 3178/3178/3178 3179/3179/3179 3180/3180/3180
f 3181/3181/3181 3182/3182/3182 3183/3183/3183
f 3184/3184/3184 3185/3185/3185 3186/3186/3186
f 3187/3187/3187 3188/3188/3188 3189/3189/3189
f 3190/3190/3190 3191/3191/3191 3192/3192/3192
f 3193/3193/3193 3194/3194/3194 3195/3195/3195
f 3196/3196/3196 3197/3197/3197 3198/3198/3198
f 3199/3199/3199 3200/3200/3200 3201/3201/3201
f 3202/3202/3202 3203/3203/3203 3204/3204/3204
f 3205/3205/3205 3206/3206/3206 3207/3207/3207
f 3208/3208/3208 3209/3209/3209 3210/3210/3210
f 3211/3211/3211 3212/3212/3212 3213/3213/3213
f 3214/3214/3214 3215/3215/3215 3216/3216/3216
f 3217/3217/3217 3218/3218/3218 3219/3219/3219
f 3220/3220/3220 3221/3221/3221 3222/3222/3222
f 3223/3223/3223 3224/3224/3224 3225/3225/3225
f 3226/3226/3226 3227/3227/3227 3228/3228/3228
f 3229/3229/3229 3230/3230/3230 3231/3231/3231
f 3232/3232/3232 3233/3233/3233 3234/3234/3234
f 3235/3235/3235 3236/3236/3236 3237/3237/3237
f 3238/3238/3238 3239/3239/3239 3240/3240/3240
f 3241/3241/3241 3242/3242/3242 3243/3243/3243
f 3244/3244/3244 3245/3245/3245 3246/3246/3246
f 3247/3247/3247 3248/3248/3248 3249/3249/3249
f 3250/3250/3250 3251/3251/3251 3252/3252/3252
f 3253/3253/3253 3254/3254/3254 3255/3255/3255
f 3256/3256/3256 3257/3257/3257 3258/3258/3258
f 3259/3259/3259 3260/3260/3260 3261/3261/3261
f 3262/3262/3262 3263/3263/3263 3264/3264/3264
f 3265/3265/3265 3266/3266/3266 3267/3267/3267
f 3268/3268/3268 3269/3269/3269 3270/3270/3270
f 3271/3271/3271 3272/3272/3272 3273/3273/3273
f 3274/3274/3274 3275/3275/3275 3276/3276/3276
f 3277/3277/3277 3278/3278/3278 3279/3279/3279
f 3280/3280/3280 3281/3281/3281 3282/3282/3282
f 3283/3283/3283 3284/3284/3284 3285/3285/3285
f 3286/3286/3286 3287/3287/3287 3288/3288/3288
f 3289/3289/3289 3290/3290/3290 3291/3291/3291
f 3292/3292/3292 3293/3293/3293 3294/3294/3294
f 3295/3295/3295 3296/3296/3296 3297/3297/3297
f 3298/3298/3298 3299/3299/3299 3300/3300/3300
f 3301/3301/3301 3302/3302/3302 3303/3303/3303
f 3304/3304/3304 3305/3305/3305 3306/3306/3306
f 3307/3307/3307 3308/3308/3308 3309/3309/3309
f 3310/3310/3310 3311/3311/3311 3312/3312/3312
f 3313/3313/3313 3314/3314/3314 3315/3315/3315
f 3316/3316/3316 3317/3317/3317 3318/3318/3318
f 3319/3319/3319 3320/3320/3320 3321/3321/3321
f 3322/3322/3322 3323/3323/3323 3324/3324/3324
f 3325/3325/3325 3326/3326/3326 3327/3327/3327
f 3328/3328/3328 3329/3329/3329 3330/3330/3330
f 3331/3331/3331 3332/3332/3332 3333/3333/3333
f 3334/3334/3334 3335/3335/3335 3336/3336/3336
f 3337/3337/3337 3338/3338/3338 3339/3339/3339
f 3340/3340/3340 3341/3341/3341 3342/3342/3342
f 3343/3343/3343 3344/3344/3344 3345/3345/3345
f 3346/3346/3346 3347/3347/3347 3348/3348/3348
f 3349/3349/3349 3350/3350/3350 3351/3351/3351
f 3352/3352/3352 3353/3353/3353 3354/3354/3354
f 3355/3355/3355 3356/3356/3356 3357/3357/3357
f 3358/3358/3358 3359/3359/3359 3360/3360/3360
f 3361/3361/3361 3362/3362/3362 3363/3363/3363
f 3364/3364/3364 3365/3365/3365 3366/3366/3366
f 3367/3367/3367 3368/3368/3368 3369/3369/3369
f 3370/3370/3370 3371/3371/3371 3372/3372/3372
f 3373/3373/3373 3374/3374/3374 3375/3375/3375
f 3376/3376/3376 3377/3377/3377 3378/3378/3378
f 3379/3379/3379 3380/3380/3380 3381/3381/3381
f 3382/3382/3382 3383/3383/3383 3384/3384/3384
f 3385/3385/3385 3386/3386/3386 3387/3387/3387
f 3388/3388/3388 3389/3389/3389 3390/3390/3390
f 3391/3391/3391 3392/3392/3392 3393/3393/3393
f 3394/3394/3394 3395/3395/3395 3396/3396/3396
f 3397/3397/3397 3398/3398/3398 3399/3399/3399
f 3400/3400/3400 3401/3401/3401 3402/3402/3402
f 3403/3403/3403 3404/3404/3404 3405/3405/3405
f 3406/3406/3406 3407/3407/3407 3408/3408/3408
f 3409/3409/3409 3410/3410/3410 3411/3411/3411
f 3412/3412/3412 3413/3413/3413 3414/3414/3414
f 3415/3415/3415 3416/3416/3416 3417/3417/3417
f 3418/3418/3418 3419/3419/3419 3420/3420/3420
f 3421/3421/3421 3422/3422/3422 3423/3423/3423
f 3424/3424/3424 3425/3425/3425 3426/3426/3426
f 3427/3427/3427 3428/3428/3428 3429/3429/3429
f 3430/3430/3430 3431/3431/3431 3432/3432/3432
f 3433/3433/3433 3434/3434/3434 3435/3435/3435
f 3436/3436/3436 3437/3437/3437 3438/3438/3438
f 3439/3439/3439 3440/3440/3440 3441/3441/3441
f 3442/3442/3442 3443/3443/3443 3444/3444/3444
f 3445/3445/3445 3446/3446/3446 3447/3447/3447
f 3448/3448/3448 3449/3449/3449 3450/3450/3450
f 3451/3451/3451 3452/3452/3452 3453/3453/3453
f 3454/3454/3454 3455/3455/3455 3456/3456/3456
f 3457/3457/3457 3458/3458/3458 3459/3459/3459
f 3460/3460/3460 3461/3461/3461 3462/3462/3462
f 3463/3463/3463 3464/3464/3464 3465/3465/3465
f 3466/3466/3466 3467/3467/3467 3468/3468/3468
f 3469/3469/3469 3470/3470/3470 3471/3471/3471
f 3472/3472/3472 3473/3473/3473 3474/3474/3474
f 3475/3475/3475 3476/3476/3476 3477/3477/3477
f 3478/3478/3478 3479/3479/3479 3480/3480/3480
f 3481/3481/3481 3482/3482/3482 3483/3483/3483
f 3484/3484/3484 3485/3485/3485 3486/3486/3486
f 3487/3487/3487 3488/3488/3488 3489/3489/3489
f 3490/3490/3490 3491/3491/3491 3492/3492/3492
f 3493/3493/3493 3494/3494/3494 3495/3495/3495
f 3496/3496/3496 3497/3497/3497 3498/3498/3498
f 3499/3499/3499 3500/3500/3500 3501/3501/3501
f 3502/3502/3502 3503/3503/3503 3504/3504/3504
f 3505/3505/3505 3506/3506/3506 3507/3507/3507
f 3508/3508/3508 3509/3509/3509 3510/3510/3510
f 3511/3511/3511 3512/3512/3512 3513/3513/3513
f 3514/3514/3514 3515/3515/3515 3516/3516/3516
f 3517/3517/3517 3518/3518/3518 3519/3519/3519
f 3520/3520/3520 3521/3521/3521 3522/3522/3522
f 3523/3523/3523 3524/3524/3524 3525/3525/3525
f 3526/3526/3526 3527/3527/3527 3528/3528/3528
f 3529/3529/3529 3530/3530/3530 3531/3531/3531
f 3532/3532/3532 3533/3533/3533 3534/3534/3534
f 3535/3535/3535 3536/3536/3536 3537/3537/3537
f 3538/3538/3538 3539/3539/3539 3540/3540/3540
f 3541/3541/3541 3542/3542/3542 3543/3543/3543
f 3544/3544/3544 3545/3545/3545 3546/3546/3546
f 3547/3547/3547 3548/3548/3548 3549/3549/3549
f 3550/3550/3550 3551/3551/3551 3552/3552/3552
f 3553/3553/3553 3554/3554/3554 3555/3555/3555
f 3556/3556/3556 3557/3557/3557 3558/3558/3558
f 3559/3559/3559 3560/3560/3560 3561/3561/3561
f 3562/3562/3562 3563/3563/3563 3564/3564/3564
f 3565/3565/3565 3566/3566/3566 3567/3567/3567
f 3568/3568/3568 3569/3569/3569 3570/3570/3570
f 3571/3571/3571 3572/3572/3572 3573/3573/3573
f 3574/3574/3574 3575/3575/3575 3576/3576/3576
f 3577/3577/3577 3578/3578/3578 3579/3579/3579
f 3580/3580/3580 3581/3581/3581 3582/3582/3582
f 3583/3583/3583 3584/3584/3584 3585/3585/3585
f 3586/3586/3586 3587/3587/3587 3588/3588/3588
f 3589/3589/3589 3590/3590/3590 3591/3591/3591
f 3592/3592/3592 3593/3593/3593 3594/3594/3594
f 3595/3595/3595 3596/3596/3596 3597/3597/3597
f 3598/3598/3598 3599/3599/3599 3600/3600/3600
f 3601/3601/3601 3602/3602/3602 3603/3603/3603
f 3604/3604/3604 3605/3605/3605 3606/3606/3606
f 3607/3607/3607 3608/3608/3608 3609/3609/3609
f 3610/3610/3610 3611/3611/3611 3612/3612/3612
f 3613/3613/3613 3614/3614/3614 3615/3615/3615
f 3616/3616/3616 3617/3617/3617 3618/3618/3618
f 3619/3619/3619 3620/3620/3620 3621/3621/3621
f 3622/3622/3622 3623/3623/3623 3624/3624/3624
f 3625/3625/3625 3626/3626/3626 3627/3627/3627
f 3628/3628/3628 3629/3629/3629 3630/3630/3630
f 3631/3631/3631 3632/3632/3632 3633/3633/3633
f 3634/3634/3634 3635/3635/3635 3636/3636/3636
f 3637/3637/3637 3638/3638/3638 3639/3639/3639
f 3640/3640/3640 3641/3641/3641 3642/3642/3642
f 3643/3643/3643 3644/3644/3644 3645/3645/3645
f 3646/3646/3646 3647/3647/3647 3648/3648/3648
f 3649/3649/3649 3650/3650/3650 3651/3651/3651
f 3652/3652/3652 3653/3653/3653 3654/3654/3654
f 3655/3655/3655 3656/3656/3656 3657/3657/3657
f 3658/3658/3658 3659/3659/3659 3660/3660/3660
f 3661/3661/3661 3662/3662/3662 3663/3663/3663
f 3664/3664/3664 3665/3665/3665 3666/3666/3666
f 3667/3667/3667 3668/3668/3668 3669/3669/3669
f 3670/3670/3670 3671/3671/3671 3672/3672/3672
f 3673/3673/3673 3674/3674/3674 3675/3675/3675
f 3676/3676/3676 3677/3677/3677 3678/3678/3678
f 3679/3679/3679 3680/3680/3680 3681/3681/3681
f 3682/3682/3682 3683/3683/3683 3684/3684/3684
f 3685/3685/3685 3686/3686/3686 3687/3687/3687
f 3688/3688/3688 3689/3689/3689 3690/3690/3690
f 3691/3691/3691 3692/3692/3692 3693/3693/3693
f 3694/3694/3694 3695/3695/3695 3696/3696/3696
f 3697/3697/3697 3698/3698/3698 3699/3699/3699
f 3700/3700/3700 3701/3701/3701 3702/3702/3702
f 3703/3703/3703 3704/3704/3704 3705/3705/3705
f 3706/3706/3706 3707/3707/3707 3708/3708/3708
f 3709/3709/3709 3710/3710/3710 3711/3711/3711
f 3712/3712/3712 3713/3713/3713 3714/3714/3714
f 3715/3715/3715 3716/3716/3716 3717/3717/3717
f 3718/3718/3718 3719/3719/3719 3720/3720/3720
f 3721/3721/3721 3722/3722/3722 3723/3723/3723
f 3724/3724/3724 3725/3725/3725 3726/3726/3726
f 3727/3727/3727 3728/3728/3728 3729/3729/3729
f 3730/3730/3730 3731/3731/3731 3732/3732/3732
f 3733/3733/3733 3734/3734/3734 3735/3735/3735
f 3736/3736/3736 3737/3737/3737 3738/3738/3738
f 3739/3739/3739 3740/3740/3740 3741/3741/3741
f 3742/3742/3742 3743/3743/3743 3744/3744/3744
f 3745/3745/3745 3746/3746/3746 3747/3747/3747
f 3748/3748/3748 3749/3749/3749 3750/3750/3750
f 3751/3751/3751 3752/3752/3752 3753/3753/3753
f 3754/3754/3754 3755/3755/3755 3756/3756/3756
f 3757/3757/3757 3758/3758/3758 3759/3759/3759
f 3760/3760/3760 3761/3761/3761 3762/3762/3762
f 3763/3763/3763 3764/3764/3764 3765/3765/3765
f 3766/3766/3766 3767/3767/3767 3768/3768/3768
f 3769/3769/3769 3770/3770/3770 3771/3771/3771
f 3772/3772/3772 3773/3773/3773 3774/3774/3774
f 3775/3775/3775 3776/3776/3776 3777/3777/3777
f 3778/3778/3778 3779/3779/3779 3780/3780/3780
f 3781/3781/3781 3782/3782/3782 3783/3783/3783
f 3784/3784/3784 3785/3785/3785 3786/3786/3786
f 3787/3787/3787 3788/3788/3788 3789/3789/3789
f 3790/3790/3790 3791/3791/3791 3792/3792/3792
f 3793/3793/3793 3794/3794/3794 3795/3795/3795
f 3796/3796/3796 3797/3797/3797 3798/3798/3798
f 3799/3799/3799 3800/3800/3800 3801/3801/3801
f 3802/3802/3802 3803/3803/3803 3804/3804/3804
f 3805/3805/3805 3806/3806/3806 3807/3807/3807
f 3808/3808/3808 3809/3809/3809 3810/3810/3810
f 3811/3811/3811 3812/3812/3812 3813/3813/3813
f 3814/3814/3814 3815/3815/3815 3816/3816/3816
f 3817/3817/3817 3818/3818/3818 3819/3819/3819
f 3820/3820/3820 3821/3821/3821 3822/3822/3822
f 3823/3823/3823 3824/3824/3824 3825/3825/3825
f 3826/3826/3826 3827/3827/3827 3828/3828/3828
f 3829/3829/3829 3830/3830/3830 3831/3831/3831
f 3832/3832/3832 3833/3833/3833 3834/3834/3834
f 3835/3835/3835 3836/3836/3836 3837/3837/3837
f 3838/3838/3838 3839/3839/3839 3840/3840/3840
f 3841/3841/3841 3842/3842/3842 3843/3843/3843
f 3844/3844/3844 3845/3845/3845 3846/3846/3846
f 3847/3847/3847 3848/3848/3848 3849/3849/3849
f 3850/3850/3850 3851/3851/3851 3852/3852/3852
f 3853/3853/3853 3854/3854/3854 3855/3855/3855
f 3856/3856/3856 3857/3857/3857 3858/3858/3858
f 3859/3859/3859 3860/3860/3860 3861/3861/3861
f 3862/3862/3862 3863/3863/3863 3864/3864/3864
f 3865/3865/3865 3866/3866/3866 3867/3867/3867
f 3868/3868/3868 3869/3869/3869 3870/3870/3870
f 3871/3871/3871 3872/3872/3872 3873/3873/3873
f 3874/3874/3874 3875/3875/3875 3876/3876/3876
f 3877/3877/3877 3878/3878/3878 3879/3879/3879
f 3880/3880/3880 3881/3881/3881 3882/3882/3882
f 3883/3883/3883 3884/3884/3884 3885/3885/3885
f 3886/3886/3886 3887/3887/3887 3888/3888/3888
f 3889/3889/3889 3890/3890/3890 3891/3891/3891
f 3892/3892/3892 3893/3893/3893 3894/3894/3894
f 3895/3895/3895 3896/3896/3896 3897/3897/3897
f 3898/3898/3898 3899/3899/3899 3900/3900/3900
f 3901/3901/3901 3902/3902/3902 3903/3903/3903
f 3904/3904/3904 3905/3905/3905 3906/3906/3906
f 3907/3907/3907 3908/3908/3908 3909/3909/3909
f 3910/3910/3910 3911/3911/3911 3912/3912/3912
f 3913/3913/3913 3914/3914/3914 3915/3915/3915
f 3916/3916/3916 3917/3917/3917 3918/3918/3918
f 3919/3919/3919 3920/3920/3920 3921/3921/3921
f 3922/3922/3922 3923/3923/3923 3924/3924/3924
f 3925/3925/3925 3926/3926/3926 3927/3927/3927
f 3928/3928/3928 3929/3929/3929 3930/3930/3930
f 3931/3931/3931 3932/3932/3932 3933/3933/3933
f 3934/3934/3934 3935/3935/3935 3936/3936/3936
f 3937/3937/3937 3938/3938/3938 3939/3939/3939
f 3940/3940/3940 3941/3941/3941 3942/3942/3942
f 3943/3943/3943 3944/3944/3944 3945/3945/3945
f 3946/3946/3946 3947/3947/3947 3948/3948/3948
f 3949/3949/3949 3950/3950/3950 3951/3951/3951
f 3952/3952/3952 3953/3953/3953 3954/3954/3954
f 3955/3955/3955 3956/3956/3956 3957/3957/3957
f 3958/3958/3958 3959/3959/3959 3960/3960/3960
f 3961/3961/3961 3962/3962/3962 3963/3963/3963
f 3964/3964/3964 3965/3965/3965 3966/3966/3966
f 3967/3967/3967 3968/3968/3968 3969/3969/3969
f 3970/3970/3970 3971/3971/3971 3972/3972/3972
f 3973/3973/3973 3974/3974/3974 3975/3975/3975
f 3976/3976/3976 3977/3977/3977 3978/3978/3978
f 3979/3979/3979 3980/3980/3980 3981/3981/3981
f 3982/3982/3982 3983/3983/3983 3984/3984/3984
f 3985/3985/3985 3986/3986/3986 3987/3987/3987
f 3988/3988/3988 3989/3989/3989 3990/3990/3990
f 3991/3991/3991 3992/3992/3992 3993/3993/3993
f 3994/3994/3994 3995/3995/3995 3996/3996/3996
f 3997/3997/3997 3998/3998/3998 3999/3999/3999
f 4000/4000/4000 4001/4001/4001 4002/4002/4002
f 4003/4003/4003 4004/4004/4004 4005/4005/4005
f 4006/4006/4006 4007/4007/4007 4008/4008/4008
f 4009/4009/4009 4010/4010/4010 4011/4011/4011
f 4012/4012/4012 4013/4013/4013 4014/4014/4014
f 4015/4015/4015 4016/4016/4016 4017/4017/4017
f 4018/4018/4018 4019/4019/4019 4020/4020/4020
f 4021/4021/4021 4022/4022/4022 4023/4023/4023
f 4024/4024/4024 4025/4025/4025 4026/4026/4026
f 4027/4027/4027 4028/4028/4028 4029/4029/4029
f 4030/4030/4030 4031/4031/4031 4032/4032/4032
f 4033/4033/4033 4034/4034/4034 4035/4035/4035
f 4036/4036/4036 4037/4037/4037 4038/4038/4038
f 4039/4039/4039 4040/4040/4040 4041/4041/4041
f 4042/4042/4042 4043/4043/4043 4044/4044/4044
f 4045/4045/4045 4046/4046/4046 4047/4047/4047
f 4048/4048/4048 4049/4049/4049 4050/4050/4050
f 4051/4051/4051 4052/4052/4052 4053/4053/4053
f 4054/4054/4054 4055/4055/4055 4056/4056/4056
f 4057/4057/4057 4058/4058/4058 4059/4059/4059
f 4060/4060/4060 4061/4061/4061 4062/4062/4062
f 4063/4063/4063 4064/4064/4064 4065/4065/4065
f 4066/4066/4066 4067/4067/4067 4068/4068/4068
f 4069/4069/4069 4070/4070/4070 4071/4071/4071
f 4072/4072/4072 4073/4073/4073 4074/4074/4074
f 4075/4075/4075 4076/4076/4076 4077/4077/4077
f 4078/4078/4078 4079/4079/4079 4080/4080/4080
f 4081/4081/4081 4082/4082/4082 4083/4083/4083
f 4084/4084/4084 4085/4085/4085 4086/4086/4086
f 4087/4087/4087 4088/4088/4088 4089/4089/4089
f 4090/4090/4090 4091/4091/4091 4092/4092/4092
f 4093/4093/4093 4094/4094/4094 4095/4095/4095
f 4096/4096/4096 4097/4097/4097 4098/4098/4098
f 4099/4099/4099 4100/4100/4100 4101/4101/4101
f 4102/4102/4102 4103/4103/4103 4104/4104/4104
f 4105/4105/4105 4106/4106/4106 4107/4107/4107
f 4108/4108/4108 4109/4109/4109 4110/4110/4110
f 4111/4111/4111 4112/4112/4112 4113/4113/4113
f 4114/4114/4114 4115/4115/4115 4116/4116/4116
f 4117/4117/4117 4118/4118/4118 4119/4119/4119
f 4120/4120/4120 4121/4121/4121 4122/4122/4122
f 4123/4123/4123 4124/4124/4124 4125/4125/4125
f 4126/4126/4126 4127/4127/4127 4128/4128/4128
f 4129/4129/4129 4130/4130/4130 4131/4131/4131
f 4132/4132/4132 4133/4133/4133 4134/4134/4134
f 4135/4135/4135 4136/4136/4136 4137/4137/4137
f 4138/4138/4138 4139/4139/4139 4140/4140/4140
f 4141/4141/4141 4142/4142/4142 4143/4143/4143
f 4144/4144/4144 4145/4145/4145 4146/4146/4146
f 4147/4147/4147 4148/4148/4148 4149/4149/4149
f 4150/4150/4150 4151/4151/4151 4152/4152/4152
f 4153/4153/4153 4154/4154/4154 4155/4155/4155
f 4156/4156/4156 4157/4157/4157 4158/4158/4158
f 4159/4159/4159 4160/4160/4160 4161/4161/4161
f 4162/4162/4162 4163/4163/4163 4164/4164/4164
f 4165/4165/4165 4166/4166/4166 4167/4167/4167
f 4168/4168/4168 4169/4169/4169 4170/4170/4170
f 4171/4171/4171 4172/4172/4172 4173/4173/4173
f 4174/4174/4174 4175/4175/4175 4176/4176/4176
f 4177/4177/4177 4178/4178/4178 4179/4179/4179
f 4180/4180/4180 4181/4181/4181 4182/4182/4182
f 4183/4183/4183 4184/4184/4184 4185/4185/4185
f 4186/4186/4186 4187/4187/4187 4188/4188/4188
f 4189/4189/4189 4190/4190/4190 4191/4191/4191
f 4192/4192/4192 4193/4193/4193 4194/4194/4194
f 4195/4195/4195 4196/4196/4196 4197/4197/4197
f 4198/4198/4198 4199/4199/4199 4200/4200/4200
f 4201/4201/4201 4202/4202/4202 4203/4203/4203
f 4204/4204/4204 4205/4205/4205 4206/4206/4206
f 4207/4207/4207 4208/4208/4208 4209/4209/4209
f 4210/4210/4210 4211/4211/4211 4212/4212/4212
f 4213/4213/4213 4214/4214/4214 4215/4215/4215
f 4216/4216/4216 4217/4217/4217 4218/4218/4218
f 4219/4219/4219 4220/4220/4220 4221/4221/4221
f 4222/4222/4222 4223/4223/4223 4224/4224/4224
f 4225/4225/4225 4226/4226/4226 4227/4227/4227
f 4228/4228/4228 4229/4229/4229 4230/4230/4230
f 4231/4231/4231 4232/4232/4232 4233/4233/4233
f 4234/4234/4234 4235/4235/4235 4236/4236/4236
f 4237/4237/4237 4238/4238/4238 4239/4239/4239
f 4240/4240/4240 4241/4241/4241 4242/4242/4242
f 4243/4243/4243 4244/4244/4244 4245/4245/4245
f 4246/4246/4246 4247/4247/4247 4248/4248/4248
f 4249/4249/4249 4250/4250/4250 4251/4251/4251
f 4252/4252/4252 4253/4253/4253 4254/4254/4254
f 4255/4255/4255 4256/4256/4256 4257/4257/4257
f 4258/4258/4258 4259/4259/4259 4260/4260/4260
f 4261/4261/4261 4262/4262/4262 4263/4263/4263
f 4264/4264/4264 4265/4265/4265 4266/4266/4266
f 4267/4267/4267 4268/4268/4268 4269/4269/4269
f 4270/4270/4270 4271/4271/4271 4272/4272/4272
f 4273/4273/4273 4274/4274/4274 4275/4275/4275
f 4276/4276/4276 4277/4277/4277 4278/4278/4278
f 4279/4279/4279 4280/4280/4280 4281/4281/4281
f 4282/4282/4282 4283/4283/4283 4284/4284/4284
f 4285/4285/4285 4286/4286/4286 4287/4287/4287
f 4288/4288/4288 4289/4289/4289 4290/4290/4290
f 4291/4291/4291 4292/4292/4292 4293/4293/4293
f 4294/4294/4294 4295/4295/4295 4296/4296/4296
f 4297/4297/4297 4298/4298/4298 4299/4299/4299
f 4300/4300/4300 4301/4301/4301 4302/4302/4302
f 4303/4303/4303 4304/4304/4304 4305/4305/4305
f 4306/4306/4306 4307/4307/4307 4308/4308/4308
f 4309/4309/4309 4310/4310/4310 4311/4311/4311
f 4312/4312/4312 4313/4313/4313 4314/4314/4314
f 4315/4315/4315 4316/4316/4316 4317/4317/4317
f 4318/4318/4318 4319/4319/4319 4320/4320/4320
f 4321/4321/4321 4322/4322/4322 4323/4323/4323
f 4324/4324/4324 4325/4325/4325 4326/4326/4326
f 4327/4327/4327 4328/4328/4328 4329/4329/4329
f 4330/4330/4330 4331/4331/4331 4332/4332/4332
f 4333/4333/4333 4334/4334/4334 4335/4335/4335
f 4336/4336/4336 4337/4337/4337 4338/4338/4338
f 4339/4339/4339 4340/4340/4340 4341/4341/4341
f 4342/4342/4342 4343/4343/4343 4344/4344/4344
f 4345/4345/4345 4346/4346/4346 4347/4347/4347
f 4348/4348/4348 4349/4349/4349 4350/4350/4350
f 4351/4351/4351 4352/4352/4352 4353/4353/4353
f 4354/4354/4354 4355/4355/4355 4356/4356/4356
f 4357/4357/4357 4358/4358/4358 4359/4359/4359
f 4360/4360/4360 4361/4361/4361 4362/4362/4362
f 4363/4363/4363 4364/4364/4364 4365/4365/4365
f 4366/4366/4366 4367/4367/4367 4368/4368/4368
f 4369/4369/4369 4370/4370/4370 4371/4371/4371
f 4372/4372/4372 4373/4373/4373 4374/4374/4374
f 4375/4375/4375 4376/4376/4376 4377/4377/4377
f 4378/4378/4378 4379/4379/4379 4380/4380/4380
f 4381/4381/4381 4382/4382/4382 4383/4383/4383
f 4384/4384/4384 4385/4385/4385 4386/4386/4386
f 4387/4387/4387 4388/4388/4388 4389/4389/4389
f 4390/4390/4390 4391/4391/4391 4392/4392/4392
f 4393/4393/4393 4394/4394/4394 4395/4395/4395
f 4396/4396/4396 4397/4397/4397 4398/4398/4398
f 4399/4399/4399 4400/4400/4400 4401/4401/4401
f 4402/4402/4402 4403/4403/4403 4404/4404/4404
f 4405/4405/4405 4406/4406/4406 4407/4407/4407
f 4408/4408/4408 4409/4409/4409 4410/4410/4410
f 4411/4411/4411 4412/4412/4412 4413/4413/4413
f 4414/4414/4414 4415/4415/4415 4416/4416/4416
f 4417/4417/4417 4418/4418/4418 4419/4419/4419
f 4420/4420/4420 4421/4421/4421 4422/4422/4422
f 4423/4423/4423 4424/4424/4424 4425/4425/4425
f 4426/4426/4426 4427/4427/4427 4428/4428/4428
f 4429/4429/4429 4430/4430/4430 4431/4431/4431
f 4432/4432/4432 4433/4433/4433 4434/4434/4434
f 4435/4435/4435 4436/4436/4436 4437/4437/4437
f 4438/4438/4438 4439/4439/4439 4440/4440/4440
f 4441/4441/4441 4442/4442/4442 4443/4443/4443
f 4444/4444/4444 4445/4445/4445 4446/4446/4446
f 4447/4447/4447 4448/4448/4448 4449/4449/4449
f 4450/4450/4450 4451/4451/4451 4452/4452/4452
f 4453/4453/4453 4454/4454/4454 4455/4455/4455
f 4456/4456/4456 4457/4457/4457 4458/4458/4458
f 4459/4459/4459 4460/4460/4460 4461/4461/4461
f 4462/4462/4462 4463/4463/4463 4464/4464/4464
f 4465/4465/4465 4466/4466/4466 4467/4467/4467
f 4468/4468/4468 4469/4469/4469 4470/4470/4470
f 4471/4471/4471 4472/4472/4472 4473/4473/4473
f 4474/4474/4474 4475/4475/4475 4476/4476/4476
f 4477/4477/4477 4478/4478/4478 4479/4479/4479
f 4480/4480/4480 4481/4481/4481 4482/4482/4482
f 4483/4483/4483 4484/4484/4484 4485/4485/4485
f 4486/4486/4486 4487/4487/4487 4488/4488/4488
f 4489/4489/4489 4490/4490/4490 4491/4491/4491
f 4492/4492/4492 4493/4493/4493 4494/4494/4494
f 4495/4495/4495 4496/4496/4496 4497/4497/4497
f 4498/4498/4498 4499/4499/4499 4500/4500/4500
f 4501/4501/4501 4502/4502/4502 4503/4503/4503
f 4504/4504/4504 4505/4505/4505 4506/4506/4506
f 4507/4507/4507 4508/4508/4508 4509/4509/4509
f 4510/4510/4510 4511/4511/4511 4512/4512/4512
f 4513/4513/4513 4514/4514/4514 4515/4515/4515
f 4516/4516/4516 4517/4517/4517 4518/4518/4518
f 4519/4519/4519 4520/4520/4520 4521/4521/4521
f 4522/4522/4522 4523/4523/4523 4524/4524/4524
f 4525/4525/4525 4526/4526/4526 4527/4527/4527
f 4528/4528/4528 4529/4529/4529 4530/4530/4530
f 4531/4531/4531 4532/4532/4532 4533/4533/4533
f 4534/4534/4534 4535/4535/4535 4536/4536/4536
f 4537/4537/4537 4538/4538/4538 4539/4539/4539
f 4540/4540/4540 4541/4541/4541 4542/4542/4542
f 4543/4543/4543 4544/4544/4544 4545/4545/4545
f 4546/4546/4546 4547/4547/4547 4548/4548/4548
f 4549/4549/4549 4550/4550/4550 4551/4551/4551
f 4552/4552/4552 4553/4553/4553 4554/4554/4554
f 4555/4555/4555 4556/4556/4556 4557/4557/4557
f 4558/4558/4558 4559/4559/4559 4560/4560/4560
f 4561/4561/4561 4562/4562/4562 4563/4563/4563
f 4564/4564/4564 4565/4565/4565 4566/4566/4566
f 4567/4567/4567 4568/4568/4568 4569/4569/4569
f 4570/4570/4570 4571/4571/4571 4572/4572/4572
f 4573/4573/4573 4574/4574/4574 4575/4575/4575
f 4576/4576/4576 4577/4577/4577 4578/4578/4578
f 4579/4579/4579 4580/4580/4580 4581/4581/4581
f 4582/4582/4582 4583/4583/4583 4584/4584/4584
f 4585/4585/4585 4586/4586/4586 4587/4587/4587
f 4588/4588/4588 4589/4589/4589 4590/4590/4590
f 4591/4591/4591 4592/4592/4592 4593/4593/4593
f 4594/4594/4594 4595/4595/4595 4596/4596/4596
f 4597/4597/4597 4598/4598/4598 4599/4599/4599
f 4600/4600/4600 4601/4601/4601 4602/4602/4602
f 4603/4603/4603 4604/4604/4604 4605/4605/4605
f 4606/4606/4606 4607/4607/4607 4608/4608/4608
f 4609/4609/4609 4610/4610/4610 4611/4611/4611
f 4612/4612/4612 4613/4613/4613 4614/4614/4614
f 4615/4615/4615 4616/4616/4616 4617/4617/4617
f 4618/4618/4618 4619/4619/4619 4620/4620/4620
f 4621/4621/4621 4622/4622/4622 4623/4623/4623
f 4624/4624/4624 4625/4625/4625 4626/4626/4626
f 4627/4627/4627 4628/4628/4628 4629/4629/4629
f 4630/4630/4630 4631/4631/4631 4632/4632/4632
f 4633/4633/4633 4634/4634/4634 4635/4635/4635
f 4636/4636/4636 4637/4637/4637 4638/4638/4638
f 4639/4639/4639 4640/4640/4640 4641/4641/4641
f 4642/4642/4642 4643/4643/4643 4644/4644/4644
f 4645/4645/4645 4646/4646/4646 4647/4647/4647
f 4648/4648/4648 4649/4649/4649 4650/4650/4650
f 4651/4651/4651 4652/4652/4652 4653/4653/4653
f 4654/4654/4654 4655/4655/4655 4656/4656/4656
f 4657/4657/4657 4658/4658/4658 4659/4659/4659
f 4660/4660/4660 4661/4661/4661 4662/4662/4662
f 4663/4663/4663 4664/4664/4664 4665/4665/4665
f 4666/4666/4666 4667/4667/4667 4668/4668/4668
f 4669/4669/4669 4670/4670/4670 4671/4671/4671
f 4672/4672/4672 4673/4673/4673 4674/4674/4674
f 4675/4675/4675 4676/4676/4676 4677/4677/4677
f 4678/4678/4678 4679/4679/4679 4680/4680/4680
f 4681/4681/4681 4682/4682/4682 4683/4683/4683
f 4684/4684/4684 4685/4685/4685 4686/4686/4686
f 4687/4687/4687 4688/4688/4688 4689/4689/4689
f 4690/4690/4690 4691/4691/4691 4692/4692/4692
f 4693/4693/4693 4694/4694/4694 4695/4695/4695
f 4696/4696/4696 4697/4697/4697 4698/4698/4698
f 4699/4699/4699 4700/4700/4700 4701/4701/4701
f 4702/4702/4702 4703/4703/4703 4704/4704/4704
f 4705/4705/4705 4706/4706/4706 4707/4707/4707
f 4708/4708/4708 4709/4709/4709 4710/4710/4710
f 4711/4711/4711 4712/4712/4712 4713/4713/4713
f 4714/4714/4714 4715/4715/4715 4716/4716/4716
f 4717/4717/4717 4718/4718/4718 4719/4719/4719
f 4720/4720/4720 4721/4721/4721 4722/4722/4722
f 4723/4723/4723 4724/4724/4724 4725/4725/4725
f 4726/4726/4726 4727/4727/4727 4728/4728/4728
f 4729/4729/4729 4730/4730/4730 4731/4731/4731
f 4732/4732/4732 4733/4733/4733 4734/4734/4734
f 4735/4735/4735 4736/4736/4736 4737/4737/4737
f 4738/4738/4738 4739/4739/4739 4740/4740/4740
f 4741/4741/4741 4742/4742/4742 4743/4743/4743
f 4744/4744/4744 4745/4745/4745 4746/4746/4746
f 4747/4747/4747 4748/4748/4748 4749/4749/4749
f 4750/4750/4750 4751/4751/4751 4752/4752/4752
f 4753/4753/4753 4754/4754/4754 4755/4755/4755
f 4756/4756/4756 4757/4757/4757 4758/4758/4758
f 4759/4759/4759 4760/4760/4760 4761/4761/4761
f 4762/4762/4762 4763/4763/4763 4764/4764/4764
f 4765/4765/4765 4766/4766/4766 4767/4767/4767
f 4768/4768/4768 4769/4769/4769 4770/4770/4770
f 4771/4771/4771 4772/4772/4772 4773/4773/4773
f 4774/4774/4774 4775/4775/4775 4776/4776/4776
f 4777/4777/4777 4778/4778/4778 4779/4779/4779
f 4780/4780/4780 4781/4781/4781 4782/4782/4782
f 4783/4783/4783 4784/4784/4784 4785/4785/4785
f 4786/4786/4786 4787/4787/4787 4788/4788/4788
f 4789/4789/4789 4790/4790/4790 4791/4791/4791
f 4792/4792/4792 4793/4793/4793 4794/4794/4794
f 4795/4795/4795 4796/4796/4796 4797/4797/4797
f 4798/4798/4798 4799/4799/4799 4800/4800/4800
f 4801/4801/4801 4802/4802/4802 4803/4803/4803
f 4804/4804/4804 4805/4805/4805 4806/4806/4806
f 4807/4807/4807 4808/4808/4808 4809/4809/4809
f 4810/4810/4810 4811/4811/4811 4812/4812/4812
f 4813/4813/4813 4814/4814/4814 4815/4815/4815
f 4816/4816/4816 4817/4817/4817 4818/4818/4818
f 4819/4819/4819 4820/4820/4820 4821/4821/4821
f 4822/4822/4822 4823/4823/4823 4824/4824/4824
f 4825/4825/4825 4826/4826/4826 4827/4827/4827
f 4828/4828/4828 4829/4829/4829 4830/4830/4830
f 4831/4831/4831 4832/4832/4832 4833/4833/4833
f 4834/4834/4834 4835/4835/4835 4836/4836/4836
f 4837/4837/4837 4838/4838/4838 4839/4839/4839
f 4840/4840/4840 4841/4841/4841 4842/4842/4842
f 4843/4843/4843 4844/4844/4844 4845/4845/4845
f 4846/4846/4846 4847/4847/4847 4848/4848/4848
f 4849/4849/4849 4850/4850/4850 4851/4851/4851
f 4852/4852/4852 4853/4853/4853 4854/4854/4854
f 4855/4855/4855 4856/4856/4856 4857/4857/4857
f 4858/4858/4858 4859/4859/4859 4860/4860/4860
f 4861/4861/4861 4862/4862/4862 4863/4863/4863
f 4864/4864/4864 4865/4865/4865 4866/4866/4866
f 4867/4867/4867 4868/4868/4868 4869/4869/4869
f 4870/4870/4870 4871/4871/4871 4872/4872/4872
f 4873/4873/4873 4874/4874/4874 4875/4875/4875
f 4876/4876/4876 4877/4877/4877 4878/4878/4878
f 4879/4879/4879 4880/4880/4880 4881/4881/4881
f 4882/4882/4882 4883/4883/4883 4884/4884/4884
f 4885/4885/4885 4886/4886/4886 4887/4887/4887
f 4888/4888/4888 4889/4889/4889 4890/4890/4890
f 4891/4891/4891 4892/4892/4892 4893/4893/4893
f 4894/4894/4894 4895/4895/4895 4896/4896/4896
f 4897/4897/4897 4898/4898/4898 4899/4899/4899
f 4900/4900/4900 4901/4901/4901 4902/4902/4902
f 4903/4903/4903 4904/4904/4904 4905/4905/4905
f 4906/4906/4906 4907/4907/4907 4908/4908/4908
f 4909/4909/4909 4910/4910/4910 4911/4911/4911
f 4912/4912/4912 4913/4913/4913 4914/4914/4914
f 4915/4915/4915 4916/4916/4916 4917/4917/4917
f 4918/4918/4918 4919/4919/4919 4920/4920/4920
f 4921/4921/4921 4922/4922/4922 4923/4923/4923
f 4924/4924/4924 4925/4925/4925 4926/4926/4926
f 4927/4927/4927 4928/4928/4928 4929/4929/4929
f 4930/4930/4930 4931/4931/4931 4932/4932/4932
f 4933/4933/4933 4934/4934/4934 4935/4935/4935
f 4936/4936/4936 4937/4937/4937 4938/4938/4938
f 4939/4939/4939 4940/4940/4940 4941/4941/4941
f 4942/4942/4942 4943/4943/4943 4944/4944/4944
f 4945/4945/4945 4946/4946/4946 4947/4947/4947
f 4948/4948/4948 4949/4949/4949 4950/4950/4950
f 4951/4951/4951 4952/4952/4952 4953/4953/4953
f 4954/4954/4954 4955/4955/4955 4956/4956/4956
f 4957/4957/4957 4958/4958/4958 4959/4959/4959
f 4960/4960/4960 4961/4961/4961 4962/4962/4962
f 4963/4963/4963 4964/4964/4964 4965/4965/4965
f 4966/4966/4966 4967/4967/4967 4968/4968/4968
f 4969/4969/4969 4970/4970/4970 4971/4971/4971
f 4972/4972/4972 4973/4973/4973 4974/4974/4974
f 4975/4975/4975 4976/4976/4976 4977/4977/4977
f 4978/4978/4978 4979/4979/4979 4980/4980/4980
f 4981/4981/4981 4982/4982/4982 4983/4983/4983
f 4984/4984/4984 4985/4985/4985 4986/4986/4986
f 4987/4987/4987 4988/4988/4988 4989/4989/4989
f 4990/4990/4990 4991/4991/4991 4992/4992/4992
f 4993/4993/4993 4994/4994/4994 4995/4995/4995
f 4996/4996/4996 4997/4997/4997 4998/4998/4998
f 4999/4999/4999 5000/5000/5000 5001/5001/5001
f 5002/5002/5002 5003/5003/5003 5004/5004/5004
f 5005/5005/5005 5006/5006/5006 5007/5007/5007
f 5008/5008/5008 5009/5009/5009 5010/5010/5010
f 5011/5011/5011 5012/5012/5012 5013/5013/5013
f 5014/5014/5014 5015/5015/5015 5016/5016/5016
f 5017/5017/5017 5018/5018/5018 5019/5019/5019
f 5020/5020/5020 5021/5021/5021 5022/5022/5022
f 5023/5023/5023 5024/5024/5024 5025/5025/5025
f 5026/5026/5026 5027/5027/5027 5028/5028/5028
f 5029/5029/5029 5030/5030/5030 5031/5031/5031
f 5032/5032/5032 5033/5033/5033 5034/5034/5034
f 5035/5035/5035 5036/5036/5036 5037/5037/5037
f 5038/5038/5038 5039/5039/5039 5040/5040/5040
f 5041/5041/5041 5042/5042/5042 5043/5043/5043
f 5044/5044/5044 5045/5045/5045 5046/5046/5046
f 5047/5047/5047 5048/5048/5048 5049/5049/5049
f 5050/5050/5050 5051/5051/5051 5052/5052/5052
f 5053/5053/5053 5054/5054/5054 5055/5055/5055
f 5056/5056/5056 5057/5057/5057 5058/5058/5058
f 5059/5059/5059 5060/5060/5060 5061/5061/5061
f 5062/5062/5062 5063/5063/5063 5064/5064/5064
f 5065/5065/5065 5066/5066/5066 5067/5067/5067
f 5068/5068/5068 5069/5069/5069 5070/5070/5070
f 5071/5071/5071 5072/5072/5072 5073/5073/5073
f 5074/5074/5074 5075/5075/5075 5076/5076/5076
f 5077/5077/5077 5078/5078/5078 5079/5079/5079
f 5080/5080/5080 5081/5081/5081 5082/5082/5082
f 5083/5083/5083 5084/5084/5084 5085/5085/5085
f 5086/5086/5086 5087/5087/5087 5088/5088/5088
f 5089/5089/5089 5090/5090/5090 5091/5091/5091
f 5092/5092/5092 5093/5093/5093 5094/5094/5094
f 5095/5095/5095 5096/5096/5096 5097/5097/5097
f 5098/5098/5098 5099/5099/5099 5100/5100/5100
f 5101/5101/5101 5102/5102/5102 5103/5103/5103
f 5104/5104/5104 5105/5105/5105 5106/5106/5106
f 5107/5107/5107 5108/5108/5108 5109/5109/5109
f 5110/5110/5110 5111/5111/5111 5112/5112/5112
f 5113/5113/5113 5114/5114/5114 5115/5115/5115
f 5116/5116/5116 5117/5117/5117 5118/5118/5118
f 5119/5119/5119 5120/5120/5120 5121/5121/5121
f 5122/5122/5122 5123/5123/5123 5124/5124/5124
f 5125/5125/5125 5126/5126/5126 5127/5127/5127
f 5128/5128/5128 5129/5129/5129 5130/5130/5130
f 5131/5131/5131 5132/5132/5132 5133/5133/5133
f 5134/5134/5134 5135/5135/5135 5136/5136/5136
f 5137/5137/5137 5138/5138/5138 5139/5139/5139
f 5140/5140/5140 5141/5141/5141 5142/5142/5142
f 5143/5143/5143 5144/5144/5144 5145/5145/5145
f 5146/5146/5146 5147/5147/5147 5148/5148/5148
f 5149/5149/5149 5150/5150/5150 5151/5151/5151
f 5152/5152/5152 5153/5153/5153 5154/5154/5154
f 5155/5155/5155 5156/5156/5156 5157/5157/5157
f 5158/5158/5158 5159/5159/5159 5160/5160/5160
f 5161/5161/5161 5162/5162/5162 5163/5163/5163
f 5164/5164/5164 5165/5165/5165 5166/5166/5166
f 5167/5167/5167 5168/5168/5168 5169/5169/5169
f 5170/5170/5170 5171/5171/5171 5172/5172/5172
f 5173/5173/5173 5174/5174/5174 5175/5175/5175
f 5176/5176/5176 5177/5177/5177 5178/5178/5178
f 5179/5179/5179 5180/5180/5180 5181/5181/5181
f 5182/5182/5182 5183/5183/5183 5184/5184/5184
f 5185/5185/5185 5186/5186/5186 5187/5187/5187
f 5188/5188/5188 5189/5189/5189 5190/5190/5190
f 5191/5191/5191 5192/5192/5192 5193/5193/5193
f 5194/5194/5194 5195/5195/5195 5196/5196/5196
f 5197/5197/5197 5198/5198/5198 5199/5199/5199
f 5200/5200/5200 5201/5201/5201 5202/5202/5202
f 5203/5203/5203 5204/5204/5204 5205/5205/5205
f 5206/5206/5206 5207/5207/5207 5208/5208/5208
f 5209/5209/5209 5210/5210/5210 5211/5211/5211
f 5212/5212/5212 5213/5213/5213 5214/5214/5214
f 5215/5215/5215 5216/5216/5216 5217/5217/5217
f 5218/5218/5218 5219/5219/5219 5220/5220/5220
f 5221/5221/5221 5222/5222/5222 5223/5223/5223
f 5224/5224/5224 5225/5225/5225 5226/5226/5226
f 5227/5227/5227 5228/5228/5228 5229/5229/5229
f 5230/5230/5230 5231/5231/5231 5232/5232/5232
f 5233/5233/5233 5234/5234/5234 5235/5235/5235
f 5236/5236/5236 5237/5237/5237 5238/5238/5238
f 5239/5239/5239 5240/5240/5240 5241/5241/5241
f 5242/5242/5242 5243/5243/5243 5244/5244/5244
f 5245/5245/5245 5246/5246/5246 5247/5247/5247
f 5248/5248/5248 5249/5249/5249 5250/5250/5250
f 5251/5251/5251 5252/5252/5252 5253/5253/5253
f 5254/5254/5254 5255/5255/5255 5256/5256/5256
f 5257/5257/5257 5258/5258/5258 5259/5259/5259
f 5260/5260/5260 5261/5261/5261 5262/5262/5262
f 5263/5263/5263 5264/5264/5264 5265/5265/5265
f 5266/5266/5266 5267/5267/5267 5268/5268/5268
f 5269/5269/5269 5270/5270/5270 5271/5271/5271
f 5272/5272/5272 5273/5273/5273 5274/5274/5274
f 5275/5275/5275 5276/5276/5276 5277/5277/5277
f 5278/5278/5278 5279/5279/5279 5280/5280/5280
f 5281/5281/5281 5282/5282/5282 5283/5283/5283
f 5284/5284/5284 5285/5285/5285 5286/5286/5286
f 5287/5287/5287 5288/5288/5288 5289/5289/5289
f 5290/5290/5290 5291/5291/5291 5292/5292/5292
f 5293/5293/5293 5294/5294/5294 5295/5295/5295
f 5296/5296/5296 5297/5297/5297 5298/5298/5298
f 5299/5299/5299 5300/5300/5300 5301/5301/5301
f 5302/5302/5302 5303/5303/5303 5304/5304/5304
f 5305/5305/5305 5306/5306/5306 5307/5307/5307
f 5308/5308/5308 5309/5309/5309 5310/5310/5310
f 5311/5311/5311 5312/5312/5312 5313/5313/5313
f 5314/5314/5314 5315/5315/5315 5316/5316/5316
f 5317/5317/5317 5318/5318/5318 5319/5319/5319
f 5320/5320/5320 5321/5321/5321 5322/5322/5322
f 5323/5323/5323 5324/5324/5324 5325/5325/5325
f 5326/5326/5326 5327/5327/5327 5328/5328/5328
f 5329/5329/5329 5330/5330/5330 5331/5331/5331
f 5332/5332/5332 5333/5333/5333 5334/5334/5334
f 5335/5335/5335 5336/5336/5336 5337/5337/5337
f 5338/5338/5338 5339/5339/5339 5340/5340/5340
f 5341/5341/5341 5342/5342/5342 5343/5343/5343
f 5344/5344/5344 5345/5345/5345 5346/5346/5346
f 5347/5347/5347 5348/5348/5348 5349/5349/5349
f 5350/5350/5350 5351/5351/5351 5352/5352/5352
f 5353/5353/5353 5354/5354/5354 5355/5355/5355
f 5356/5356/5356 5357/5357/5357 5358/5358/5358
f 5359/5359/5359 5360/5360/5360 5361/5361/5361
f 5362/5362/5362 5363/5363/5363 5364/5364/5364
f 5365/5365/5365 5366/5366/5366 5367/5367/5367
f 5368/5368/5368 5369/5369/5369 5370/5370/5370
f 5371/5371/5371 5372/5372/5372 5373/5373/5373
f 5374/5374/5374 5375/5375/5375 5376/5376/5376
f 5377/5377/5377 5378/5378/5378 5379/5379/5379
f 5380/5380/5380 5381/5381/5381 5382/5382/5382
f 5383/5383/5383 5384/5384/5384 5385/5385/5385
f 5386/5386/5386 5387/5387/5387 5388/5388/5388
f 5389/5389/5389 5390/5390/5390 5391/5391/5391
f 5392/5392/5392 5393/5393/5393 5394/5394/5394
f 5395/5395/5395 5396/5396/5396 5397/5397/5397
f 5398/5398/5398 5399/5399/5399 5400/5400/5400
f 5401/5401/5401 5402/5402/5402 5403/5403/5403
f 5404/5404/5404 5405/5405/5405 5406/5406/5406
f 5407/5407/5407 5408/5408/5408 5409/5409/5409
f 5410/5410/5410 5411/5411/5411 5412/5412/5412
f 5413/5413/5413 5414/5414/5414 5415/5415/5415
f 5416/5416/5416 5417/5417/5417 5418/5418/5418
f 5419/5419/5419 5420/5420/5420 5421/5421/5421
f 5422/5422/5422 5423/5423/5423 5424/5424/5424
f 5425/5425/5425 5426/5426/5426 5427/5427/5427
f 5428/5428/5428 5429/5429/5429 5430/5430/5430
f 5431/5431/5431 5432/5432/5432 5433/5433/5433
f 5434/5434/5434 5435/5435/5435 5436/5436/5436
f 5437/5437/5437 5438/5438/5438 5439/5439/5439
f 5440/5440/5440 5441/5441/5441 5442/5442/5442
f 5443/5443/5443 5444/5444/5444 5445/5445/5445
f 5446/5446/5446 5447/5447/5447 5448/5448/5448
f 5449/5449/5449 5450/5450/5450 5451/5451/5451
f 5452/5452/5452 5453/5453/5453 5454/5454/5454
f 5455/5455/5455 5456/5456/5456 5457/5457/5457
f 5458/5458/5458 5459/5459/5459 5460/5460/5460
f 5461/5461/5461 5462/5462/5462 5463/5463/5463
f 5464/5464/5464 5465/5465/5465 5466/5466/5466
f 5467/5467/5467 5468/5468/5468 5469/5469/5469
f 5470/5470/5470 5471/5471/5471 5472/5472/5472
f 5473/5473/5473 5474/5474/5474 5475/5475/5475
f 5476/5476/5476 5477/5477/5477 5478/5478/5478
f 5479/5479/5479 5480/5480/5480 5481/5481/5481
f 5482/5482/5482 5483/5483/5483 5484/5484/5484
f 5485/5485/5485 5486/5486/5486 5487/5487/5487
f 5488/5488/5488 5489/5489/5489 5490/5490/5490
f 5491/5491/5491 5492/5492/5492 5493/5493/5493
f 5494/5494/5494 5495/5495/5495 5496/5496/5496
f 5497/5497/5497 5498/5498/5498 5499/5499/5499
f 5500/5500/5500 5501/5501/5501 5502/5502/5502
f 5503/5503/5503 5504/5504/5504 5505/5505/5505
f 5506/5506/5506 5507/5507/5507 5508/5508/5508
f 5509/5509/5509 5510/5510/5510 5511/5511/5511
f 5512/5512/5512 5513/5513/5513 5514/5514/5514
f 5515/5515/5515 5516/5516/5516 5517/5517/5517
f 5518/5518/5518 5519/5519/5519 5520/5520/5520
f 5521/5521/5521 5522/5522/5522 5523/5523/5523
f 5524/5524/5524 5525/5525/5525 5526/5526/5526
f 5527/5527/5527 5528/5528/5528 5529/5529/5529
f 5530/5530/5530 5531/5531/5531 5532/5532/5532
f 5533/5533/5533 5534/5534/5534 5535/5535/5535
f 5536/5536/5536 5537/5537/5537 5538/5538/5538
f 5539/5539/5539 5540/5540/5540 5541/5541/5541
f 5542/5542/5542 5543/5543/5543 5544/5544/5544
f 5545/5545/5545 5546/5546/5546 5547/5547/5547
f 5548/5548/5548 5549/5549/5549 5550/5550/5550
f 5551/5551/5551 5552/5552/5552 5553/5553/5553
f 5554/5554/5554 5555/5555/5555 5556/5556/5556
f 5557/5557/5557 5558/5558/5558 5559/5559/5559
f 5560/5560/5560 5561/5561/5561 5562/5562/5562
f 5563/5563/5563 5564/5564/5564 5565/5565/5565
f 5566/5566/5566 5567/5567/5567 5568/5568/5568
f 5569/5569/5569 5570/5570/5570 5571/5571/5571
f 5572/5572/5572 5573/5573/5573 5574/5574/5574
f 5575/5575/5575 5576/5576/5576 5577/5577/5577
f 5578/5578/5578 5579/5579/5579 5580/5580/5580
f 5581/5581/5581 5582/5582/5582 5583/5583/5583
f 5584/5584/5584 5585/5585/5585 5586/5586/5586
f 5587/5587/5587 5588/5588/5588 5589/5589/5589
f 5590/5590/5590 5591/5591/5591 5592/5592/5592
f 5593/5593/5593 5594/5594/5594 5595/5595/5595
f 5596/5596/5596 5597/5597/5597 5598/5598/5598
f 5599/5599/5599 5600/5600/5600 5601/5601/5601
f 5602/5602/5602 5603/5603/5603 5604/5604/5604
f 5605/5605/5605 5606/5606/5606 5607/5607/5607
f 5608/5608/5608 5609/5609/5609 5610/5610/5610
f 5611/5611/5611 5612/5612/5612 5613/5613/5613
f 5614/5614/5614 5615/5615/5615 5616/5616/5616
f 5617/5617/5617 5618/5618/5618 5619/5619/5619
f 5620/5620/5620 5621/5621/5621 5622/5622/5622
f 5623/5623/5623 5624/5624/5624 5625/5625/5625
f 5626/5626/5626 5627/5627/5627 5628/5628/5628
f 5629/5629/5629 5630/5630/5630 5631/5631/5631
f 5632/5632/5632 5633/5633/5633 5634/5634/5634
f 5635/5635/5635 5636/5636/5636 5637/5637/5637
f 5638/5638/5638 5639/5639/5639 5640/5640/5640
f 5641/5641/5641 5642/5642/5642 5643/5643/5643
f 5644/5644/5644 5645/5645/5645 5646/5646/5646
f 5647/5647/5647 5648/5648/5648 5649/5649/5649
f 5650/5650/5650 5651/5651/5651 5652/5652/5652
f 5653/5653/5653 5654/5654/5654 5655/5655/5655
f 5656/5656/5656 5657/5657/5657 5658/5658/5658
f 5659/5659/5659 5660/5660/5660 5661/5661/5661
f 5662/5662/5662 5663/5663/5663 5664/5664/5664
f 5665/5665/5665 5666/5666/5666 5667/5667/5667
f 5668/5668/5668 5669/5669/5669 5670/5670/5670
f 5671/5671/5671 5672/5672/5672 5673/5673/5673
f 5674/5674/5674 5675/5675/5675 5676/5676/5676
f 5677/5677/5677 5678/5678/5678 5679/5679/5679
f 5680/5680/5680 5681/5681/5681 5682/5682/5682
f 5683/5683/5683 5684/5684/5684 5685/5685/5685
f 5686/5686/5686 5687/5687/5687 5688/5688/5688
f 5689/5689/5689 5690/5690/5690 5691/5691/5691
f 5692/5692/5692 5693/5693/5693 5694/5694/5694
f 5695/5695/5695 5696/5696/5696 5697/5697/5697
f 5698/5698/5698 5699/5699/5699 5700/5700/5700
f 5701/5701/5701 5702/5702/5702 5703/5703/5703
f 5704/5704/5704 5705/5705/5705 5706/5706/5706
f 5707/5707/5707 5708/5708/5708 5709/5709/5709
f 5710/5710/5710 5711/5711/5711 5712/5712/5712
f 5713/5713/5713 5714/5714/5714 5715/5715/5715
f 5716/5716/5716 5717/5717/5717 5718/5718/5718
f 5719/5719/5719 5720/5720/5720 5721/5721/5721
f 5722/5722/5722 5723/5723/5723 5724/5724/5724
f 5725/5725/5725 5726/5726/5726 5727/5727/5727
f 5728/5728/5728 5729/5729/5729 5730/5730/5730
f 5731/5731/5731 5732/5732/5732 5733/5733/5733
f 5734/5734/5734 5735/5735/5735 5736/5736/5736
f 5737/5737/5737 5738/5738/5738 5739/5739/5739
f 5740/5740/5740 5741/5741/5741 5742/5742/5742
f 5743/5743/5743 5744/5744/5744 5745/5745/5745
f 5746/5746/5746 5747/5747/5747 5748/5748/5748
f 5749/5749/5749 5750/5750/5750 5751/5751/5751
f 5752/5752/5752 5753/5753/5753 5754/5754/5754
f 5755/5755/5755 5756/5756/5756 5757/5757/5757
f 5758/5758/5758 5759/5759/5759 5760/5760/5760
f 5761/5761/5761 5762/5762/5762 5763/5763/5763
f 5764/5764/5764 5765/5765/5765 5766/5766/5766
f 5767/5767/5767 5768/5768/5768 5769/5769/5769
f 5770/5770/5770 5771/5771/5771 5772/5772/5772
f 5773/5773/5773 5774/5774/5774 5775/5775/5775
f 5776/5776/5776 5777/5777/5777 5778/5778/5778
f 5779/5779/5779 5780/5780/5780 5781/5781/5781
f 5782/5782/5782 5783/5783/5783 5784/5784/5784
f 5785/5785/5785 5786/5786/5786 5787/5787/5787
f 5788/5788/5788 5789/5789/5789 5790/5790/5790
f 5791/5791/5791 5792/5792/5792 5793/5793/5793
f 5794/5794/5794 5795/5795/5795 5796/5796/5796
f 5797/5797/5797 5798/5798/5798 5799/5799/5799
f 5800/5800/5800 5801/5801/5801 5802/5802/5802
f 5803/5803/5803 5804/5804/5804 5805/5805/5805
f 5806/5806/5806 5807/5807/5807 5808/5808/5808
f 5809/5809/5809 5810/5810/5810 5811/5811/5811
f 5812/5812/5812 5813/5813/5813 5814/5814/5814
f 5815/5815/5815 5816/5816/5816 5817/5817/5817
f 5818/5818/5818 5819/5819/5819 5820/5820/5820
f 5821/5821/5821 5822/5822/5822 5823/5823/5823
f 5824/5824/5824 5825/5825/5825 5826/5826/5826
f 5827/5827/5827 5828/5828/5828 5829/5829/5829
f 5830/5830/5830 5831/5831/5831 5832/5832/5832
f 5833/5833/5833 5834/5834/5834 5835/5835/5835
f 5836/5836/5836 5837/5837/5837 5838/5838/5838
f 5839/5839/5839 5840/5840/5840 5841/5841/5841
f 5842/5842/5842 5843/5843/5843 5844/5844/5844
f 5845/5845/5845 5846/5846/5846 5847/5847/5847
f 5848/5848/5848 5849/5849/5849 5850/5850/5850
f 5851/5851/5851 5852/5852/5852 5853/5853/5853
f 5854/5854/5854 5855/5855/5855 5856/5856/5856
f 5857/5857/5857 5858/5858/5858 5859/5859/5859
f 5860/5860/5860 5861/5861/5861 5862/5862/5862
f 5863/5863/5863 5864/5864/5864 5865/5865/5865
f 5866/5866/5866 5867/5867/5867 5868/5868/5868
f 5869/5869/5869 5870/5870/5870 5871/5871/5871
f 5872/5872/5872 5873/5873/5873 5874/5874/5874
f 5875/5875/5875 5876/5876/5876 5877/5877/5877
f 5878/5878/5878 5879/5879/5879 5880/5880/5880
f 5881/5881/5881 5882/5882/5882 5883/5883/5883
f 5884/5884/5884 5885/5885/5885 5886/5886/5886
f 5887/5887/5887 5888/5888/5888 5889/5889/5889
f 5890/5890/5890 5891/5891/5891 5892/5892/5892
f 5893/5893/5893 5894/5894/5894 5895/5895/5895
f 5896/5896/5896 5897/5897/5897 5898/5898/5898
f 5899/5899/5899 5900/5900/5900 5901/5901/5901
f 5902/5902/5902 5903/5903/5903 5904/5904/5904
f 5905/5905/5905 5906/5906/5906 5907/5907/5907
f 5908/5908/5908 5909/5909/5909 5910/5910/5910
f 5911/5911/5911 5912/5912/5912 5913/5913/5913
f 5914/5914/5914 5915/5915/5915 5916/5916/5916
f 5917/5917/5917 5918/5918/5918 5919/5919/5919
f 5920/5920/5920 5921/5921/5921 5922/5922/5922
f 5923/5923/5923 5924/5924/5924 5925/5925/5925
f 5926/5926/5926 5927/5927/5927 5928/5928/5928
f 5929/5929/5929 5930/5930/5930 5931/5931/5931
f 5932/5932/5932 5933/5933/5933 5934/5934/5934
f 5935/5935/5935 5936/5936/5936 5937/5937/5937
f 5938/5938/5938 5939/5939/5939 5940/5940/5940
f 5941/5941/5941 5942/5942/5942 5943/5943/5943
f 5944/5944/5944 5945/5945/5945 5946/5946/5946
f 5947/5947/5947 5948/5948/5948 5949/5949/5949
f 5950/5950/5950 5951/5951/5951 5952/5952/5952
f 5953/5953/5953 5954/5954/5954 5955/5955/5955
f 5956/5956/5956 5957/5957/5957 5958/5958/5958
f 5959/5959/5959 5960/5960/5960 5961/5961/5961
f 5962/5962/5962 5963/5963/5963 5964/5964/5964
f 5965/5965/5965 5966/5966/5966 5967/5967/5967
f 5968/5968/5968 5969/5969/5969 5970/5970/5970
f 5971/5971/5971 5972/5972/5972 5973/5973/5973
f 5974/5974/5974 5975/5975/5975 5976/5976/5976
f 5977/5977/5977 5978/5978/5978 5979/5979/5979
f 5980/5980/5980 5981/5981/5981 5982/5982/5982
f 5983/5983/5983 5984/5984/5984 5985/5985/5985
f 5986/5986/5986 5987/5987/5987 5988/5988/5988
f 5989/5989/5989 5990/5990/5990 5991/5991/5991
f 5992/5992/5992 5993/5993/5993 5994/5994/5994
f 5995/5995/5995 5996/5996/5996 5997/5997/5997
f 5998/5998/5998 5999/5999/5999 6000/6000/6000
f 6001/6001/6001 6002/6002/6002 6003/6003/6003
f 6004/6004/6004 6005/6005/6005 6006/6006/6006
f 6007/6007/6007 6008/6008/6008 6009/6009/6009
f 6010/6010/6010 6011/6011/6011 6012/6012/6012
f 6013/6013/6013 6014/6014/6014 6015/6015/6015
f 6016/6016/6016 6017/6017/6017 6018/6018/6018
f 6019/6019/6019 6020/6020/6020 6021/6021/6021
f 6022/6022/6022 6023/6023/6023 6024/6024/6024
f 6025/6025/6025 6026/6026/6026 6027/6027/6027
f 6028/6028/6028 6029/6029/6029 6030/6030/6030
f 6031/6031/6031 6032/6032/6032 6033/6033/6033
f 6034/6034/6034 6035/6035/6035 6036/6036/6036
f 6037/6037/6037 6038/6038/6038 6039/6039/6039
f 6040/6040/6040 6041/6041/6041 6042/6042/6042
f 6043/6043/6043 6044/6044/6044 6045/6045/6045
f 6046/6046/6046 6047/6047/6047 6048/6048/6048
f 6049/6049/6049 6050/6050/6050 6051/6051/6051
f 6052/6052/6052 6053/6053/6053 6054/6054/6054
f 6055/6055/6055 6056/6056/6056 6057/6057/6057
f 6058/6058/6058 6059/6059/6059 6060/6060/6060
f 6061/6061/6061 6062/6062/6062 6063/6063/6063
f 6064/6064/6064 6065/6065/6065 6066/6066/6066
f 6067/6067/6067 6068/6068/6068 6069/6069/6069
f 6070/6070/6070 6071/6071/6071 6072/6072/6072
f 6073/6073/6073 6074/6074/6074 6075/6075/6075
f 6076/6076/6076 6077/6077/6077 6078/6078/6078
f 6079/6079/6079 6080/6080/6080 6081/6081/6081
f 6082/6082/6082 6083/6083/6083 6084/6084/6084
f 6085/6085/6085 6086/6086/6086 6087/6087/6087
f 6088/6088/6088 6089/6089/6089 6090/6090/6090
f 6091/6091/6091 6092/6092/6092 6093/6093/6093
f 6094/6094/6094 6095/6095/6095 6096/6096/6096
f 6097/6097/6097 6098/6098/6098 6099/6099/6099
f 6100/6100/6100 6101/6101/6101 6102/6102/6102
f 6103/6103/6103 6104/6104/6104 6105/6105/6105
f 6106/6106/6106 6107/6107/6107 6108/6108/6108
f 6109/6109/6109 6110/6110/6110 6111/6111/6111
f 6112/6112/6112 6113/6113/6113 6114/6114/6114
f 6115/6115/6115 6116/6116/6116 6117/6117/6117
f 6118/6118/6118 6119/6119/6119 6120/6120/6120
f 6121/6121/6121 6122/6122/6122 6123/6123/6123
f 6124/6124/6124 6125/6125/6125 6126/6126/6126
f 6127/6127/6127 6128/6128/6128 6129/6129/6129
f 6130/6130/6130 6131/6131/6131 6132/6132/6132
f 6133/6133/6133 6134/6134/6134 6135/6135/6135
f 6136/6136/6136 6137/6137/6137 6138/6138/6138
f 6139/6139/6139 6140/6140/6140 6141/6141/6141
f 6142/6142/6142 6143/6143/6143 6144/6144/6144
f 6145/6145/6145 6146/6146/6146 6147/6147/6147
f 6148/6148/6148 6149/6149/6149 6150/6150/6150
f 6151/6151/6151 6152/6152/6152 6153/6153/6153
f 6154/6154/6154 6155/6155/6155 6156/6156/6156
f 6157/6157/6157 6158/6158/6158 6159/6159/6159
f 6160/6160/6160 6161/6161/6161 6162/6162/6162
f 6163/6163/6163 6164/6164/6164 6165/6165/6165
f 6166/6166/6166 6167/6167/6167 6168/6168/6168
f 6169/6169/6169 6170/6170/6170 6171/6171/6171
f 6172/6172/6172 6173/6173/6173 6174/6174/6174
f 6175/6175/6175 6176/6176/6176 6177/6177/6177
f 6178/6178/6178 6179/6179/6179 6180/6180/6180
f 6181/6181/6181 6182/6182/6182 6183/6183/6183
f 6184/6184/6184 6185/6185/6185 6186/6186/6186
f 6187/6187/6187 6188/6188/6188 6189/6189/6189
f 6190/6190/6190 6191/6191/6191 6192/6192/6192
f 6193/6193/6193 6194/6194/6194 6195/6195/6195
f 6196/6196/6196 6197/6197/6197 6198/6198/6198
f 6199/6199/6199 6200/6200/6200 6201/6201/6201
f 6202/6202/6202 6203/6203/6203 6204/6204/6204
f 6205/6205/6205 6206/6206/6206 6207/6207/6207
f 6208/6208/6208 6209/6209/6209 6210/6210/6210
f 6211/6211/6211 6212/6212/6212 6213/6213/6213
f 6214/6214/6214 6215/6215/6215 6216/6216/6216
f 6217/6217/6217 6218/6218/6218 6219/6219/6219
f 6220/6220/6220 6221/6221/6221 6222/6222/6222
f 6223/6223/6223 6224/6224/6224 6225/6225/6225
f 6226/6226/6226 6227/6227/6227 6228/6228/6228
f 6229/6229/6229 6230/6230/6230 6231/6231/6231
f 6232/6232/6232 6233/6233/6233 6234/6234/6234
f 6235/6235/6235 6236/6236/6236 6237/6237/6237
f 6238/6238/6238 6239/6239/6239 6240/6240/6240
f 6241/6241/6241 6242/6242/6242 6243/6243/6243
f 6244/6244/6244 6245/6245/6245 6246/6246/6246
f 6247/6247/6247 6248/6248/6248 6249/6249/6249
f 6250/6250/6250 6251/6251/6251 6252/6252/6252
f 6253/6253/6253 6254/6254/6254 6255/6255/6255
f 6256/6256/6256 6257/6257/6257 6258/6258/6258
f 6259/6259/6259 6260/6260/6260 6261/6261/6261
f 6262/6262/6262 6263/6263/6263 6264/6264/6264
f 6265/6265/6265 6266/6266/6266 6267/6267/6267
f 6268/6268/6268 6269/6269/6269 6270/6270/6270
f 6271/6271/6271 6272/6272/6272 6273/6273/6273
f 6274/6274/6274 6275/6275/6275 6276/6276/6276
f 6277/6277/6277 6278/6278/6278 6279/6279/6279
f 6280/6280/6280 6281/6281/6281 6282/6282/6282
f 6283/6283/6283 6284/6284/6284 6285/6285/6285
f 6286/6286/6286 6287/6287/6287 6288/6288/6288
f 6289/6289/6289 6290/6290/6290 6291/6291/6291
f 6292/6292/6292 6293/6293/6293 6294/6294/6294
f 6295/6295/6295 6296/6296/6296 6297/6297/6297
f 6298/6298/6298 6299/6299/6299 6300/6300/6300
f 6301/6301/6301 6302/6302/6302 6303/6303/6303
f 6304/6304/6304 6305/6305/6305 6306/6306/6306
f 6307/6307/6307 6308/6308/6308 6309/6309/6309
f 6310/6310/6310 6311/6311/6311 6312/6312/6312
f 6313/6313/6313 6314/6314/6314 6315/6315/6315
f 6316/6316/6316 6317/6317/6317 6318/6318/6318
f 6319/6319/6319 6320/6320/6320 6321/6321/6321
f 6322/6322/6322 6323/6323/6323 6324/6324/6324
f 6325/6325/6325 6326/6326/6326 6327/6327/6327
f 6328/6328/6328 6329/6329/6329 6330/6330/6330
f 6331/6331/6331 6332/6332/6332 6333/6333/6333
f 6334/6334/6334 6335/6335/6335 6336/6336/6336
f 6337/6337/6337 6338/6338/6338 6339/6339/6339
f 6340/6340/6340 6341/6341/6341 6342/6342/6342
f 6343/6343/6343 6344/6344/6344 6345/6345/6345
f 6346/6346/6346 6347/6347/6347 6348/6348/6348
f 6349/6349/6349 6350/6350/6350 6351/6351/6351
f 6352/6352/6352 6353/6353/6353 6354/6354/6354
f 6355/6355/6355 6356/6356/6356 6357/6357/6357
f 6358/6358/6358 6359/6359/6359 6360/6360/6360
f 6361/6361/6361 6362/6362/6362 6363/6363/6363
f 6364/6364/6364 6365/6365/6365 6366/6366/6366
f 6367/6367/6367 6368/6368/6368 6369/6369/6369
f 6370/6370/6370 6371/6371/6371 6372/6372/6372
f 6373/6373/6373 6374/6374/6374 6375/6375/6375
f 6376/6376/6376 6377/6377/6377 6378/6378/6378
f 6379/6379/6379 6380/6380/6380 6381/6381/6381
f 6382/6382/6382 6383/6383/6383 6384/6384/6384
f 6385/6385/6385 6386/6386/6386 6387/6387/6387
f 6388/6388/6388 6389/6389/6389 6390/6390/6390
f 6391/6391/6391 6392/6392/6392 6393/6393/6393
f 6394/6394/6394 6395/6395/6395 6396/6396/6396
f 6397/6397/6397 6398/6398/6398 6399/6399/6399
f 6400/6400/6400 6401/6401/6401 6402/6402/6402
f 6403/6403/6403 6404/6404/6404 6405/6405/6405
f 6406/6406/6406 6407/6407/6407 6408/6408/6408
f 6409/6409/6409 6410/6410/6410 6411/6411/6411
f 6412/6412/6412 6413/6413/6413 6414/6414/6414
f 6415/6415/6415 6416/6416/6416 6417/6417/6417
f 6418/6418/6418 6419/6419/6419 6420/6420/6420
f 6421/6421/6421 6422/6422/6422 6423/6423/6423
f 6424/6424/6424 6425/6425/6425 6426/6426/6426
f 6427/6427/6427 6428/6428/6428 6429/6429/6429
f 6430/6430/6430 6431/6431/6431 6432/6432/6432
f 6433/6433/6433 6434/6434/6434 6435/6435/6435
f 6436/6436/6436 6437/6437/6437 6438/6438/6438
f 6439/6439/6439 6440/6440/6440 6441/6441/6441
f 6442/6442/6442 6443/6443/6443 6444/6444/6444
f 6445/6445/6445 6446/6446/6446 6447/6447/6447
f 6448/6448/6448 6449/6449/6449 6450/6450/6450
f 6451/6451/6451 6452/6452/6452 6453/6453/6453
f 6454/6454/6454 6455/6455/6455 6456/6456/6456
f 6457/6457/6457 6458/6458/6458 6459/6459/6459
f 6460/6460/6460 6461/6461/6461 6462/6462/6462
f 6463/6463/6463 6464/6464/6464 6465/6465/6465
f 6466/6466/6466 6467/6467/6467 6468/6468/6468
f 6469/6469/6469 6470/6470/6470 6471/6471/6471
f 6472/6472/6472 6473/6473/6473 6474/6474/6474
f 6475/6475/6475 6476/6476/6476 6477/6477/6477
f 6478/6478/6478 6479/6479/6479 6480/6480/6480
f 6481/6481/6481 6482/6482/6482 6483/6483/6483
f 6484/6484/6484 6485/6485/6485 6486/6486/6486
f 6487/6487/6487 6488/6488/6488 6489/6489/6489
f 6490/6490/6490 6491/6491/6491 6492/6492/6492
f 6493/6493/6493 6494/6494/6494 6495/6495/6495
f 6496/6496/6496 6497/6497/6497 6498/6498/6498
f 6499/6499/6499 6500/6500/6500 6501/6501/6501
f 6502/6502/6502 6503/6503/6503 6504/6504/6504
f 6505/6505/6505 6506/6506/6506 6507/6507/6507
f 6508/6508/6508 6509/6509/6509 6510/6510/6510
f 6511/6511/6511 6512/6512/6512 6513/6513/6513
f 6514/6514/6514 6515/6515/6515 6516/6516/6516
f 6517/6517/6517 6518/6518/6518 6519/6519/6519
f 6520/6520/6520 6521/6521/6521 6522/6522/6522
f 6523/6523/6523 6524/6524/6524 6525/6525/6525
f 6526/6526/6526 6527/6527/6527 6528/6528/6528
f 6529/6529/6529 6530/6530/6530 6531/6531/6531
f 6532/6532/6532 6533/6533/6533 6534/6534/6534
f 6535/6535/6535 6536/6536/6536 6537/6537/6537
f 6538/6538/6538 6539/6539/6539 6540/6540/6540
f 6541/6541/6541 6542/6542/6542 6543/6543/6543
f 6544/6544/6544 6545/6545/6545 6546/6546/6546
f 6547/6547/6547 6548/6548/6548 6549/6549/6549
f 6550/6550/6550 6551/6551/6551 6552/6552/6552
f 6553/6553/6553 6554/6554/6554 6555/6555/6555
f 6556/6556/6556 6557/6557/6557 6558/6558/6558
f 6559/6559/6559 6560/6560/6560 6561/6561/6561
f 6562/6562/6562 6563/6563/6563 6564/6564/6564
f 6565/6565/6565 6566/6566/6566 6567/6567/6567
f 6568/6568/6568 6569/6569/6569 6570/6570/6570
f 6571/6571/6571 6572/6572/6572 6573/6573/6573
f 6574/6574/6574 6575/6575/6575 6576/6576/6576
f 6577/6577/6577 6578/6578/6578 6579/6579/6579
f 6580/6580/6580 6581/6581/6581 6582/6582/6582
f 6583/6583/6583 6584/6584/6584 6585/6585/6585
f 6586/6586/6586 6587/6587/6587 6588/6588/6588
f 6589/6589/6589 6590/6590/6590 6591/6591/6591
f 6592/6592/6592 6593/6593/6593 6594/6594/6594
f 6595/6595/6595 6596/6596/6596 6597/6597/6597
f 6598/6598/6598 6599/6599/6599 6600/6600/6600
f 6601/6601/6601 6602/6602/6602 6603/6603/6603
f 6604/6604/6604 6605/6605/6605 6606/6606/6606
f 6607/6607/6607 6608/6608/6608 6609/6609/6609
f 6610/6610/6610 6611/6611/6611 6612/6612/6612
f 6613/6613/6613 6614/6614/6614 6615/6615/6615
f 6616/6616/6616 6617/6617/6617 6618/6618/6618
f 6619/6619/6619 6620/6620/6620 6621/6621/6621
f 6622/6622/6622 6623/6623/6623 6624/6624/6624
f 6625/6625/6625 6626/6626/6626 6627/6627/6627
f 6628/6628/6628 6629/6629/6629 6630/6630/6630
f 6631/6631/6631 6632/6632/6632 6633/6633/6633
f 6634/6634/6634 6635/6635/6635 6636/6636/6636
f 6637/6637/6637 6638/6638/6638 6639/6639/6639
f 6640/6640/6640 6641/6641/6641 6642/6642/6642
f 6643/6643/6643 6644/6644/6644 6645/6645/6645
f 6646/6646/6646 6647/6647/6647 6648/6648/6648
f 6649/6649/6649 6650/6650/6650 6651/6651/6651
f 6652/6652/6652 6653/6653/6653 6654/6654/6654
f 6655/6655/6655 6656/6656/6656 6657/6657/6657
f 6658/6658/6658 6659/6659/6659 6660/6660/6660
f 6661/6661/6661 6662/6662/6662 6663/6663/6663
f 6664/6664/6664 6665/6665/6665 6666/6666/6666
f 6667/6667/6667 6668/6668/6668 6669/6669/6669
f 6670/6670/6670 6671/6671/6671 6672/6672/6672
f 6673/6673/6673 6674/6674/6674 6675/6675/6675
f 6676/6676/6676 6677/6677/6677 6678/6678/6678
f 6679/6679/6679 6680/6680/6680 6681/6681/6681
f 6682/6682/6682 6683/6683/6683 6684/6684/6684
f 6685/6685/6685 6686/6686/6686 6687/6687/6687
f 6688/6688/6688 6689/6689/6689 6690/6690/6690
f 6691/6691/6691 6692/6692/6692 6693/6693/6693
f 6694/6694/6694 6695/6695/6695 6696/6696/6696
f 6697/6697/6697 6698/6698/6698 6699/6699/6699
f 6700/6700/6700 6701/6701/6701 6702/6702/6702
f 6703/6703/6703 6704/6704/6704 6705/6705/6705
f 6706/6706/6706 6707/6707/6707 6708/6708/6708
f 6709/6709/6709 6710/6710/6710 6711/6711/6711
f 6712/6712/6712 6713/6713/6713 6714/6714/6714
f 6715/6715/6715 6716/6716/6716 6717/6717/6717
f 6718/6718/6718 6719/6719/6719 6720/6720/6720
f 6721/6721/6721 6722/6722/6722 6723/6723/6723
f 6724/6724/6724 6725/6725/6725 6726/6726/6726
f 6727/6727/6727 6728/6728/6728 6729/6729/6729
f 6730/6730/6730 6731/6731/6731 6732/6732/6732
f 6733/6733/6733 6734/6734/6734 6735/6735/6735
f 6736/6736/6736 6737/6737/6737 6738/6738/6738
f 6739/6739/6739 6740/6740/6740 6741/6741/6741
f 6742/6742/6742 6743/6743/6743 6744/6744/6744
f 6745/6745/6745 6746/6746/6746 6747/6747/6747
f 6748/6748/6748 6749/6749/6749 6750/6750/6750
f 6751/6751/6751 6752/6752/6752 6753/6753/6753
f 6754/6754/6754 6755/6755/6755 6756/6756/6756
f 6757/6757/6757 6758/6758/6758 6759/6759/6759
f 6760/6760/6760 6761/6761/6761 6762/6762/6762
f 6763/6763/6763 6764/6764/6764 6765/6765/6765
f 6766/6766/6766 6767/6767/6767 6768/6768/6768
f 6769/6769/6769 6770/6770/6770 6771/6771/6771
f 6772/6772/6772 6773/6773/6773 6774/6774/6774
f 6775/6775/6775 6776/6776/6776 6777/6777/6777
f 6778/6778/6778 6779/6779/6779 6780/6780/6780
f 6781/6781/6781 6782/6782/6782 6783/6783/6783
f 6784/6784/6784 6785/6785/6785 6786/6786/6786
f 6787/6787/6787 6788/6788/6788 6789/6789/6789
f 6790/6790/6790 6791/6791/6791 6792/6792/6792
f 6793/6793/6793 6794/6794/6794 6795/6795/6795
f 6796/6796/6796 6797/6797/6797 6798/6798/6798
f 6799/6799/6799 6800/6800/6800 6801/6801/6801
f 6802/6802/6802 6803/6803/6803 6804/6804/6804
f 6805/6805/6805 6806/6806/6806 6807/6807/6807
f 6808/6808/6808 6809/6809/6809 6810/6810/6810
f 6811/6811/6811 6812/6812/6812 6813/6813/6813
f 6814/6814/6814 6815/6815/6815 6816/6816/6816
f 6817/6817/6817 6818/6818/6818 6819/6819/6819
f 6820/6820/6820 6821/6821/6821 6822/6822/6822
f 6823/6823/6823 6824/6824/6824 6825/6825/6825
f 6826/6826/6826 6827/6827/6827 6828/6828/6828
f 6829/6829/6829 6830/6830/6830 6831/6831/6831
f 6832/6832/6832 6833/6833/6833 6834/6834/6834
f 6835/6835/6835 6836/6836/6836 6837/6837/6837
f 6838/6838/6838 6839/6839/6839 6840/6840/6840
f 6841/6841/6841 6842/6842/6842 6843/6843/6843
f 6844/6844/6844 6845/6845/6845 6846/6846/6846
f 6847/6847/6847 6848/6848/6848 6849/6849/6849
f 6850/6850/6850 6851/6851/6851 6852/6852/6852
f 6853/6853/6853 6854/6854/6854 6855/6855/6855
f 6856/6856/6856 6857/6857/6857 6858/6858/6858
f 6859/6859/6859 6860/6860/6860 6861/6861/6861
f 6862/6862/6862 6863/6863/6863 6864/6864/6864
f 6865/6865/6865 6866/6866/6866 6867/6867/6867
f 6868/6868/6868 6869/6869/6869 6870/6870/6870
f 6871/6871/6871 6872/6872/6872 6873/6873/6873
f 6874/6874/6874 6875/6875/6875 6876/6876/6876
f 6877/6877/6877 6878/6878/6878 6879/6879/6879
f 6880/6880/6880 6881/6881/6881 6882/6882/6882
f 6883/6883/6883 6884/6884/6884 6885/6885/6885
f 6886/6886/6886 6887/6887/6887 6888/6888/6888
f 6889/6889/6889 6890/6890/6890 6891/6891/6891
f 6892/6892/6892 6893/6893/6893 6894/6894/6894
f 6895/6895/6895 6896/6896/6896 6897/6897/6897
f 6898/6898/6898 6899/6899/6899 6900/6900/6900
f 6901/6901/6901 6902/6902/6902 6903/6903/6903
f 6904/6904/6904 6905/6905/6905 6906/6906/6906
f 6907/6907/6907 6908/6908/6908 6909/6909/6909
f 6910/6910/6910 6911/6911/6911 6912/6912/6912
f 6913/6913/6913 6914/6914/6914 6915/6915/6915
f 6916/6916/6916 6917/6917/6917 6918/6918/6918
f 6919/6919/6919 6920/6920/6920 6921/6921/6921
f 6922/6922/6922 6923/6923/6923 6924/6924/6924
f 6925/6925/6925 6926/6926/6926 6927/6927/6927
f 6928/6928/6928 6929/6929/6929 6930/6930/6930
f 6931/6931/6931 6932/6932/6932 6933/6933/6933
f 6934/6934/6934 6935/6935/6935 6936/6936/6936
f 6937/6937/6937 6938/6938/6938 6939/6939/6939
f 6940/6940/6940 6941/6941/6941 6942/6942/6942
f 6943/6943/6943 6944/6944/6944 6945/6945/6945
f 6946/6946/6946 6947/6947/6947 6948/6948/6948
f 6949/6949/6949 6950/6950/6950 6951/6951/6951
f 6952/6952/6952 6953/6953/6953 6954/6954/6954
f 6955/6955/6955 6956/6956/6956 6957/6957/6957
f 6958/6958/6958 6959/6959/6959 6960/6960/6960
f 6961/6961/6961 6962/6962/6962 6963/6963/6963
f 6964/6964/6964 6965/6965/6965 6966/6966/6966
f 6967/6967/6967 6968/6968/6968 6969/6969/6969
f 6970/6970/6970 6971/6971/6971 6972/6972/6972
f 6973/6973/6973 6974/6974/6974 6975/6975/6975
f 6976/6976/6976 6977/6977/6977 6978/6978/6978
f 6979/6979/6979 6980/6980/6980 6981/6981/6981
f 6982/6982/6982 6983/6983/6983 6984/6984/6984
f 6985/6985/6985 6986/6986/6986 6987/6987/6987
f 6988/6988/6988 6989/6989/6989 6990/6990/6990
f 6991/6991/6991 6992/6992/6992 6993/6993/6993
f 6994/6994/6994 6995/6995/6995 6996/6996/6996
f 6997/6997/6997 6998/6998/6998 6999/6999/6999
f 7000/7000/7000 7001/7001/7001 7002/7002/7002
f 7003/7003/7003 7004/7004/7004 7005/7005/7005
f 7006/7006/7006 7007/7007/7007 7008/7008/7008
f 7009/7009/7009 7010/7010/7010 7011/7011/7011
f 7012/7012/7012 7013/7013/7013 7014/7014/7014
f 7015/7015/7015 7016/7016/7016 7017/7017/7017
f 7018/7018/7018 7019/7019/7019 7020/7020/7020
f 7021/7021/7021 7022/7022/7022 7023/7023/7023
f 7024/7024/7024 7025/7025/7025 7026/7026/7026
f 7027/7027/7027 7028/7028/7028 7029/7029/7029
f 7030/7030/7030 7031/7031/7031 7032/7032/7032
f 7033/7033/7033 7034/7034/7034 7035/7035/7035
f 7036/7036/7036 7037/7037/7037 7038/7038/7038
f 7039/7039/7039 7040/7040/7040 7041/7041/7041
f 7042/7042/7042 7043/7043/7043 7044/7044/7044
f 7045/7045/7045 7046/7046/7046 7047/7047/7047
f 7048/7048/7048 7049/7049/7049 7050/7050/7050
f 7051/7051/7051 7052/7052/7052 7053/7053/7053
f 7054/7054/7054 7055/7055/7055 7056/7056/7056
f 7057/7057/7057 7058/7058/7058 7059/7059/7059
f 7060/7060/7060 7061/7061/7061 7062/7062/7062
f 7063/7063/7063 7064/7064/7064 7065/7065/7065
f 7066/7066/7066 7067/7067/7067 7068/7068/7068
f 7069/7069/7069 7070/7070/7070 7071/7071/7071
f 7072/7072/7072 7073/7073/7073 7074/7074/7074
f 7075/7075/7075 7076/7076/7076 7077/7077/7077
f 7078/7078/7078 7079/7079/7079 7080/7080/7080
f 7081/7081/7081 7082/7082/7082 7083/7083/7083
f 7084/7084/7084 7085/7085/7085 7086/7086/7086
f 7087/7087/7087 7088/7088/7088 7089/7089/7089
f 7090/7090/7090 7091/7091/7091 7092/7092/7092
f 7093/7093/7093 7094/7094/7094 7095/7095/7095
f 7096/7096/7096 7097/7097/7097 7098/7098/7098
f 7099/7099/7099 7100/7100/7100 7101/7101/7101
f 7102/7102/7102 7103/7103/7103 7104/7104/7104
f 7105/7105/7105 7106/7106/7106 7107/7107/7107
f 7108/7108/7108 7109/7109/7109 7110/7110/7110
f 7111/7111/7111 7112/7112/7112 7113/7113/7113
f 7114/7114/7114 7115/7115/7115 7116/7116/7116
f 7117/7117/7117 7118/7118/7118 7119/7119/7119
f 7120/7120/7120 7121/7121/7121 7122/7122/7122
f 7123/7123/7123 7124/7124/7124 7125/7125/7125
f 7126/7126/7126 7127/7127/7127 7128/7128/7128
f 7129/7129/7129 7130/7130/7130 7131/7131/7131
f 7132/7132/7132 7133/7133/7133 7134/7134/7134
f 7135/7135/7135 7136/7136/7136 7137/7137/7137
f 7138/7138/7138 7139/7139/7139 7140/7140/7140
f 7141/7141/7141 7142/7142/7142 7143/7143/7143
f 7144/7144/7144 7145/7145/7145 7146/7146/7146
f 7147/7147/7147 7148/7148/7148 7149/7149/7149
f 7150/7150/7150 7151/7151/7151 7152/7152/7152
f 7153/7153/7153 7154/7154/7154 7155/7155/7155
f 7156/7156/7156 7157/7157/7157 7158/7158/7158
f 7159/7159/7159 7160/7160/7160 7161/7161/7161
f 7162/7162/7162 7163/7163/7163 7164/7164/7164
f 7165/7165/7165 7166/7166/7166 7167/7167/7167
f 7168/7168/7168 7169/7169/7169 7170/7170/7170
f 7171/7171/7171 7172/7172/7172 7173/7173/7173
f 7174/7174/7174 7175/7175/7175 7176/7176/7176
f 7177/7177/7177 7178/7178/7178 7179/7179/7179
f 7180/7180/7180 7181/7181/7181 7182/7182/7182
f 7183/7183/7183 7184/7184/7184 7185/7185/7185
f 7186/7186/7186 7187/7187/7187 7188/7188/7188
f 7189/7189/7189 7190/7190/7190 7191/7191/7191
f 7192/7192/7192 7193/7193/7193 7194/7194/7194
f 7195/7195/7195 7196/7196/7196 7197/7197/7197
f 7198/7198/7198 7199/7199/7199 7200/7200/7200
f 7201/7201/7201 7202/7202/7202 7203/7203/7203
f 7204/7204/7204 7205/7205/7205 7206/7206/7206
f 7207/7207/7207 7208/7208/7208 7209/7209/7209
f 7210/7210/7210 7211/7211/7211 7212/7212/7212
f 7213/7213/7213 7214/7214/7214 7215/7215/7215
f 7216/7216/7216 7217/7217/7217 7218/7218/7218
f 7219/7219/7219 7220/7220/7220 7221/7221/7221
f 7222/7222/7222 7223/7223/7223 7224/7224/7224
f 7225/7225/7225 7226/7226/7226 7227/7227/7227
f 7228/7228/7228 7229/7229/7229 7230/7230/7230
f 7231/7231/7231 7232/7232/7232 7233/7233/7233
f 7234/7234/7234 7235/7235/7235 7236/7236/7236
f 7237/7237/7237 7238/7238/7238 7239/7239/7239
f 7240/7240/7240 7241/7241/7241 7242/7242/7242
f 7243/7243/7243 7244/7244/7244 7245/7245/7245
f 7246/7246/7246 7247/7247/7247 7248/7248/7248
f 7249/7249/7249 7250/7250/7250 7251/7251/7251
f 7252/7252/7252 7253/7253/7253 7254/7254/7254
f 7255/7255/7255 7256/7256/7256 7257/7257/7257
f 7258/7258/7258 7259/7259/7259 7260/7260/7260
f 7261/7261/7261 7262/7262/7262 7263/7263/7263
f 7264/7264/7264 7265/7265/7265 7266/7266/7266
f 7267/7267/7267 7268/7268/7268 7269/7269/7269
f 7270/7270/7270 7271/7271/7271 7272/7272/7272
f 7273/7273/7273 7274/7274/7274 7275/7275/7275
f 7276/7276/7276 7277/7277/7277 7278/7278/7278
f 7279/7279/7279 7280/7280/7280 7281/7281/7281
f 7282/7282/7282 7283/7283/7283 7284/7284/7284
f 7285/7285/7285 7286/7286/7286 7287/7287/7287
f 7288/7288/7288 7289/7289/7289 7290/7290/7290
f 7291/7291/7291 7292/7292/7292 7293/7293/7293
f 7294/7294/7294 7295/7295/7295 7296/7296/7296
f 7297/7297/7297 7298/7298/7298 7299/7299/7299
f 7300/7300/7300 7301/7301/7301 7302/7302/7302
f 7303/7303/7303 7304/7304/7304 7305/7305/7305
f 7306/7306/7306 7307/7307/7307 7308/7308/7308
f 7309/7309/7309 7310/7310/7310 7311/7311/7311
f 7312/7312/7312 7313/7313/7313 7314/7314/7314
f 7315/7315/7315 7316/7316/7316 7317/7317/7317
f 7318/7318/7318 7319/7319/7319 7320/7320/7320
f 7321/7321/7321 7322/7322/7322 7323/7323/7323
f 7324/7324/7324 7325/7325/7325 7326/7326/7326
f 7327/7327/7327 7328/7328/7328 7329/7329/7329
f 7330/7330/7330 7331/7331/7331 7332/7332/7332
f 7333/7333/7333 7334/7334/7334 7335/7335/7335
f 7336/7336/7336 7337/7337/7337 7338/7338/7338
f 7339/7339/7339 7340/7340/7340 7341/7341/7341
f 7342/7342/7342 7343/7343/7343 7344/7344/7344
f 7345/7345/7345 7346/7346/7346 7347/7347/7347
f 7348/7348/7348 7349/7349/7349 7350/7350/7350
f 7351/7351/7351 7352/7352/7352 7353/7353/7353
f 7354/7354/7354 7355/7355/7355 7356/7356/7356
f 7357/7357/7357 7358/7358/7358 7359/7359/7359
f 7360/7360/7360 7361/7361/7361 7362/7362/7362
f 7363/7363/7363 7364/7364/7364 7365/7365/7365
f 7366/7366/7366 7367/7367/7367 7368/7368/7368
f 7369/7369/7369 7370/7370/7370 7371/7371/7371
f 7372/7372/7372 7373/7373/7373 7374/7374/7374
f 7375/7375/7375 7376/7376/7376 7377/7377/7377
f 7378/7378/7378 7379/7379/7379 7380/7380/7380
f 7381/7381/7381 7382/7382/7382 7383/7383/7383
f 7384/7384/7384 7385/7385/7385 7386/7386/7386
f 7387/7387/7387 7388/7388/7388 7389/7389/7389
f 7390/7390/7390 7391/7391/7391 7392/7392/7392
f 7393/7393/7393 7394/7394/7394 7395/7395/7395
f 7396/7396/7396 7397/7397/7397 7398/7398/7398
f 7399/7399/7399 7400/7400/7400 7401/7401/7401
f 7402/7402/7402 7403/7403/7403 7404/7404/7404
f 7405/7405/7405 7406/7406/7406 7407/7407/7407
f 7408/7408/7408 7409/7409/7409 7410/7410/7410
f 7411/7411/7411 7412/7412/7412 7413/7413/7413
f 7414/7414/7414 7415/7415/7415 7416/7416/7416
f 7417/7417/7417 7418/7418/7418 7419/7419/7419
f 7420/7420/7420 7421/7421/7421 7422/7422/7422
f 7423/7423/7423 7424/7424/7424 7425/7425/7425
f 7426/7426/7426 7427/7427/7427 7428/7428/7428
f 7429/7429/7429 7430/7430/7430 7431/7431/7431
f 7432/7432/7432 7433/7433/7433 7434/7434/7434
f 7435/7435/7435 7436/7436/7436 7437/7437/7437
f 7438/7438/7438 7439/7439/7439 7440/7440/7440
f 7441/7441/7441 7442/7442/7442 7443/7443/7443
f 7444/7444/7444 7445/7445/7445 7446/7446/7446
f 7447/7447/7447 7448/7448/7448 7449/7449/7449
f 7450/7450/7450 7451/7451/7451 7452/7452/7452
f 7453/7453/7453 7454/7454/7454 7455/7455/7455
f 7456/7456/7456 7457/7457/7457 7458/7458/7458
f 7459/7459/7459 7460/7460/7460 7461/7461/7461
f 7462/7462/7462 7463/7463/7463 7464/7464/7464
f 7465/7465/7465 7466/7466/7466 7467/7467/7467
f 7468/7468/7468 7469/7469/7469 7470/7470/7470
f 7471/7471/7471 7472/7472/7472 7473/7473/7473
f 7474/7474/7474 7475/7475/7475 7476/7476/7476
f 7477/7477/7477 7478/7478/7478 7479/7479/7479
f 7480/7480/7480 7481/7481/7481 7482/7482/7482
f 7483/7483/7483 7484/7484/7484 7485/7485/7485
f 7486/7486/7486 7487/7487/7487 7488/7488/7488
f 7489/7489/7489 7490/7490/7490 7491/7491/7491
f 7492/7492/7492 7493/7493/7493 7494/7494/7494
f 7495/7495/7495 7496/7496/7496 7497/7497/7497
f 7498/7498/7498 7499/7499/7499 7500/7500/7500
f 7501/7501/7501 7502/7502/7502 7503/7503/7503
f 7504/7504/7504 7505/7505/7505 7506/7506/7506
f 7507/7507/7507 7508/7508/7508 7509/7509/7509
f 7510/7510/7510 7511/7511/7511 7512/7512/7512
f 7513/7513/7513 7514/7514/7514 7515/7515/7515
f 7516/7516/7516 7517/7517/7517 7518/7518/7518
f 7519/7519/7519 7520/7520/7520 7521/7521/7521
f 7522/7522/7522 7523/7523/7523 7524/7524/7524
f 7525/7525/7525 7526/7526/7526 7527/7527/7527
f 7528/7528/7528 7529/7529/7529 7530/7530/7530
f 7531/7531/7531 7532/7532/7532 7533/7533/7533
f 7534/7534/7534 7535/7535/7535 7536/7536/7536
f 7537/7537/7537 7538/7538/7538 7539/7539/7539
f 7540/7540/7540 7541/7541/7541 7542/7542/7542
f 7543/7543/7543 7544/7544/7544 7545/7545/7545
f 7546/7546/7546 7547/7547/7547 7548/7548/7548
f 7549/7549/7549 7550/7550/7550 7551/7551/7551
f 7552/7552/7552 7553/7553/7553 7554/7554/7554
f 7555/7555/7555 7556/7556/7556 7557/7557/7557
f 7558/7558/7558 7559/7559/7559 7560/7560/7560
f 7561/7561/7561 7562/7562/7562 7563/7563/7563
f 7564/7564/7564 7565/7565/7565 7566/7566/7566
f 7567/7567/7567 7568/7568/7568 7569/7569/7569
f 7570/7570/7570 7571/7571/7571 7572/7572/7572
f 7573/7573/7573 7574/7574/7574 7575/7575/7575
f 7576/7576/7576 7577/7577/7577 7578/7578/7578
f 7579/7579/7579 7580/7580/7580 7581/7581/7581
f 7582/7582/7582 7583/7583/7583 7584/7584/7584
f 7585/7585/7585 7586/7586/7586 7587/7587/7587
f 7588/7588/7588 7589/7589/7589 7590/7590/7590
f 7591/7591/7591 7592/7592/7592 7593/7593/7593
f 7594/7594/7594 7595/7595/7595 7596/7596/7596
f 7597/7597/7597 7598/7598/7598 7599/7599/7599
f 7600/7600/7600 7601/7601/7601 7602/7602/7602
f 7603/7603/7603 7604/7604/7604 7605/7605/7605
f 7606/7606/7606 7607/7607/7607 7608/7608/7608
f 7609/7609/7609 7610/7610/7610 7611/7611/7611
f 7612/7612/7612 7613/7613/7613 7614/7614/7614
f 7615/7615/7615 7616/7616/7616 7617/7617/7617
f 7618/7618/7618 7619/7619/7619 7620/7620/7620
f 7621/7621/7621 7622/7622/7622 7623/7623/7623
f 7624/7624/7624 7625/7625/7625 7626/7626/7626
f 7627/7627/7627 7628/7628/7628 7629/7629/7629
f 7630/7630/7630 7631/7631/7631 7632/7632/7632
f 7633/7633/7633 7634/7634/7634 7635/7635/7635
f 7636/7636/7636 7637/7637/7637 7638/7638/7638
f 7639/7639/7639 7640/7640/7640 7641/7641/7641
f 7642/7642/7642 7643/7643/7643 7644/7644/7644
f 7645/7645/7645 7646/7646/7646 7647/7647/7647
f 7648/7648/7648 7649/7649/7649 7650/7650/7650
f 7651/7651/7651 7652/7652/7652 7653/7653/7653
f 7654/7654/7654 7655/7655/7655 7656/7656/7656
f 7657/7657/7657 7658/7658/7658 7659/7659/7659
f 7660/7660/7660 7661/7661/7661 7662/7662/7662
f 7663/7663/7663 7664/7664/7664 7665/7665/7665
f 7666/7666/7666 7667/7667/7667 7668/7668/7668
f 7669/7669/7669 7670/7670/7670 7671/7671/7671
f 7672/7672/7672 7673/7673/7673 7674/7674/7674
f 7675/7675/7675 7676/7676/7676 7677/7677/7677
f 7678/7678/7678 7679/7679/7679 7680/7680/7680
f 7681/7681/7681 7682/7682/7682 7683/7683/7683
f 7684/7684/7684 7685/7685/7685 7686/7686/7686
f 7687/7687/7687 7688/7688/7688 7689/7689/7689
f 7690/7690/7690 7691/7691/7691 7692/7692/7692
f 7693/7693/7693 7694/7694/7694 7695/7695/7695
f 7696/7696/7696 7697/7697/7697 7698/7698/7698
f 7699/7699/7699 7700/7700/7700 7701/7701/7701
f 7702/7702/7702 7703/7703/7703 7704/7704/7704
f 7705/7705/7705 7706/7706/7706 7707/7707/7707
f 7708/7708/7708 7709/7709/7709 7710/7710/7710
f 7711/7711/7711 7712/7712/7712 7713/7713/7713
f 7714/7714/7714 7715/7715/7715 7716/7716/7716
f 7717/7717/7717 7718/7718/7718 7719/7719/7719
f 7720/7720/7720 7721/7721/7721 7722/7722/7722
f 7723/7723/7723 7724/7724/7724 7725/7725/7725
f 7726/7726/7726 7727/7727/7727 7728/7728/7728
f 7729/7729/7729 7730/7730/7730 7731/7731/7731
f 7732/7732/7732 7733/7733/7733 7734/7734/7734
f 7735/7735/7735 7736/7736/7736 7737/7737/7737
f 7738/7738/7738 7739/7739/7739 7740/7740/7740
f 7741/7741/7741 7742/7742/7742 7743/7743/7743
f 7744/7744/7744 7745/7745/7745 7746/7746/7746
f 7747/7747/7747 7748/7748/7748 7749/7749/7749
f 7750/7750/7750 7751/7751/7751 7752/7752/7752
f 7753/7753/7753 7754/7754/7754 7755/7755/7755
f 7756/7756/7756 7757/7757/7757 7758/7758/7758
f 7759/7759/7759 7760/7760/7760 7761/7761/7761
f 7762/7762/7762 7763/7763/7763 7764/7764/7764
f 7765/7765/7765 7766/7766/7766 7767/7767/7767
f 7768/7768/7768 7769/7769/7769 7770/7770/7770
f 7771/7771/7771 7772/7772/7772 7773/7773/7773
f 7774/7774/7774 7775/7775/7775 7776/7776/7776
f 7777/7777/7777 7778/7778/7778 7779/7779/7779
f 7780/7780/7780 7781/7781/7781 7782/7782/7782
f 7783/7783/7783 7784/7784/7784 7785/7785/7785
f 7786/7786/7786 7787/7787/7787 7788/7788/7788
f 7789/7789/7789 7790/7790/7790 7791/7791/7791
f 7792/7792/7792 7793/7793/7793 7794/7794/7794
f 7795/7795/7795 7796/7796/7796 7797/7797/7797
f 7798/7798/7798 7799/7799/7799 7800/7800/7800
f 7801/7801/7801 7802/7802/7802 7803/7803/7803
f 7804/7804/7804 7805/7805/7805 7806/7806/7806
f 7807/7807/7807 7808/7808/7808 7809/7809/7809
f 7810/7810/7810 7811/7811/7811 7812/7812/7812
f 7813/7813/7813 7814/7814/7814 7815/7815/7815
f 7816/7816/7816 7817/7817/7817 7818/7818/7818
f 7819/7819/7819 7820/7820/7820 7821/7821/7821
f 7822/7822/7822 7823/7823/7823 7824/7824/7824
f 7825/7825/7825 7826/7826/7826 7827/7827/7827
f 7828/7828/7828 7829/7829/7829 7830/7830/7830
f 7831/7831/7831 7832/7832/7832 7833/7833/7833
f 7834/7834/7834 7835/7835/7835 7836/7836/7836
f 7837/7837/7837 7838/7838/7838 7839/7839/7839
f 7840/7840/7840 7841/7841/7841 7842/7842/7842
f 7843/7843/7843 7844/7844/7844 7845/7845/7845
f 7846/7846/7846 7847/7847/7847 7848/7848/7848
f 7849/7849/7849 7850/7850/7850 7851/7851/7851
f 7852/7852/7852 7853/7853/7853 7854/7854/7854
f 7855/7855/7855 7856/7856/7856 7857/7857/7857
f 7858/7858/7858 7859/7859/7859 7860/7860/7860
f 7861/7861/7861 7862/7862/7862 7863/7863/7863
f 7864/7864/7864 7865/7865/7865 7866/7866/7866
f 7867/7867/7867 7868/7868/7868 7869/7869/7869
f 7870/7870/7870 7871/7871/7871 7872/7872/7872
f 7873/7873/7873 7874/7874/7874 7875/7875/7875
f 7876/7876/7876 7877/7877/7877 7878/7878/7878
f 7879/7879/7879 7880/7880/7880 7881/7881/7881
f 7882/7882/7882 7883/7883/7883 7884/7884/7884
f 7885/7885/7885 7886/7886/7886 7887/7887/7887
f 7888/7888/7888 7889/7889/7889 7890/7890/7890
f 7891/7891/7891 7892/7892/7892 7893/7893/7893
f 7894/7894/7894 7895/7895/7895 7896/7896/7896
