mtllib jaro-letter-j.mtl
o J
usemtl plastic
v 0.470272 -19.708738 -2.873884
v -3.396408 -19.708738 -2.873884
v -3.472950 -19.703635 -2.873884
v 0.568245 -19.696491 -2.873884
v 0.519259 -19.705676 -2.873884
v 0.470272 -19.708738 -2.873884
v 0.666219 -19.659751 -2.873884
v 0.617232 -19.681183 -2.873884
v 0.568245 -19.696491 -2.873884
v 0.764192 -19.598518 -2.873884
v 0.715205 -19.632196 -2.873884
v 0.666219 -19.659751 -2.873884
v 0.862165 -19.512791 -2.873884
v 0.813179 -19.558716 -2.873884
v 0.764192 -19.598518 -2.873884
v 3.591131 -16.782703 -2.873884
v 3.566229 -16.808727 -2.873884
v 0.862165 -19.512791 -2.873884
v 3.633586 -16.731267 -2.873884
v 3.613583 -16.756883 -2.873884
v 3.591131 -16.782703 -2.873884
v 3.666244 -16.680648 -2.873884
v 3.651140 -16.705856 -2.873884
v 3.633586 -16.731267 -2.873884
v 3.689104 -16.630844 -2.873884
v 3.678899 -16.655644 -2.873884
v 3.666244 -16.680648 -2.873884
v 3.702984 -16.581450 -2.873884
v 3.696860 -16.606249 -2.873884
v 3.689104 -16.630844 -2.873884
v 3.712781 -16.530014 -2.873884
v 3.708291 -16.556038 -2.873884
v 3.702984 -16.581450 -2.873884
v 3.719313 -16.476128 -2.873884
v 3.716455 -16.503377 -2.873884
v 3.712781 -16.530014 -2.873884
v 3.722578 -16.419794 -2.873884
v 3.721354 -16.448267 -2.873884
v 3.719313 -16.476128 -2.873884
v 3.722986 -0.440650 -2.873884
v 3.722986 -16.390708 -2.873884
v 3.722578 -16.419794 -2.873884
v 3.702576 -0.297772 -2.873884
v 3.717884 -0.364108 -2.873884
v 3.722986 -0.440650 -2.873884
v 3.641342 -0.195717 -2.873884
v 3.677061 -0.241642 -2.873884
v 3.702576 -0.297772 -2.873884
v 3.539287 -0.134483 -2.873884
v 3.595417 -0.159997 -2.873884
v 3.641342 -0.195717 -2.873884
v 3.396409 -0.114073 -2.873884
v 3.472951 -0.119175 -2.873884
v 3.539287 -0.134483 -2.873884
v -1.252221 -0.119175 -2.873884
v -1.175680 -0.114073 -2.873884
v 3.396409 -0.114073 -2.873884
v -1.374688 -0.159997 -2.873884
v -1.318557 -0.134483 -2.873884
v -1.252221 -0.119175 -2.873884
v -1.456333 -0.241642 -2.873884
v -1.420613 -0.195717 -2.873884
v -1.374688 -0.159997 -2.873884
v -1.497155 -0.364108 -2.873884
v -1.481846 -0.297772 -2.873884
v -1.456333 -0.241642 -2.873884
v -1.502258 -13.529887 -2.873884
v -1.502258 -0.440650 -2.873884
v -1.497155 -0.364108 -2.873884
v -3.622972 -15.918803 -2.873884
v -3.592355 -15.881247 -2.873884
v -1.659015 -13.947906 -2.873884
v -3.671958 -16.003713 -2.873884
v -3.649506 -15.959625 -2.873884
v -3.622972 -15.918803 -2.873884
v -3.704616 -16.101686 -2.873884
v -3.690328 -16.051067 -2.873884
v -3.671958 -16.003713 -2.873884
v -3.720945 -16.212723 -2.873884
v -3.714822 -16.155572 -2.873884
v -3.704616 -16.101686 -2.873884
v -3.722986 -19.382160 -2.873884
v -3.722986 -16.273140 -2.873884
v -3.720945 -16.212723 -2.873884
v -3.702575 -19.525038 -2.873884
v -3.717884 -19.458702 -2.873884
v -3.722986 -19.382160 -2.873884
v -3.641342 -19.627093 -2.873884
v -3.677061 -19.581168 -2.873884
v -3.702575 -19.525038 -2.873884
v -3.539286 -19.688327 -2.873884
v -3.595417 -19.662813 -2.873884
v -3.641342 -19.627093 -2.873884
v 0.470272 -19.708738 -2.873884
v -3.472950 -19.703635 -2.873884
v -3.539286 -19.688327 -2.873884
v 0.666219 -19.659751 -2.873884
v 0.568245 -19.696491 -2.873884
v 0.470272 -19.708738 -2.873884
v 0.862165 -19.512791 -2.873884
v 0.764192 -19.598518 -2.873884
v 0.666219 -19.659751 -2.873884
v 3.633586 -16.731267 -2.873884
v 3.591131 -16.782703 -2.873884
v 0.862165 -19.512791 -2.873884
v 3.689104 -16.630844 -2.873884
v 3.666244 -16.680648 -2.873884
v 3.633586 -16.731267 -2.873884
v 3.712781 -16.530014 -2.873884
v 3.702984 -16.581450 -2.873884
v 3.689104 -16.630844 -2.873884
v 3.722578 -16.419794 -2.873884
v 3.719313 -16.476128 -2.873884
v 3.712781 -16.530014 -2.873884
v 3.702576 -0.297772 -2.873884
v 3.722986 -0.440650 -2.873884
v 3.722578 -16.419794 -2.873884
v 3.539287 -0.134483 -2.873884
v 3.641342 -0.195717 -2.873884
v 3.702576 -0.297772 -2.873884
v -1.252221 -0.119175 -2.873884
v 3.396409 -0.114073 -2.873884
v 3.539287 -0.134483 -2.873884
v -1.456333 -0.241642 -2.873884
v -1.374688 -0.159997 -2.873884
v -1.252221 -0.119175 -2.873884
v -1.502258 -13.529887 -2.873884
v -1.497155 -0.364108 -2.873884
v -1.456333 -0.241642 -2.873884
v -3.671958 -16.003713 -2.873884
v -3.622972 -15.918803 -2.873884
v -1.659015 -13.947906 -2.873884
v -3.720945 -16.212723 -2.873884
v -3.704616 -16.101686 -2.873884
v -3.671958 -16.003713 -2.873884
v -3.702575 -19.525038 -2.873884
v -3.722986 -19.382160 -2.873884
v -3.720945 -16.212723 -2.873884
v -3.539286 -19.688327 -2.873884
v -3.641342 -19.627093 -2.873884
v -3.702575 -19.525038 -2.873884
v 0.666219 -19.659751 -2.873884
v 0.470272 -19.708738 -2.873884
v -3.539286 -19.688327 -2.873884
v 3.633586 -16.731267 -2.873884
v 0.862165 -19.512791 -2.873884
v 0.666219 -19.659751 -2.873884
v 3.712781 -16.530014 -2.873884
v 3.689104 -16.630844 -2.873884
v 3.633586 -16.731267 -2.873884
v 3.702576 -0.297772 -2.873884
v 3.722578 -16.419794 -2.873884
v 3.712781 -16.530014 -2.873884
v -1.252221 -0.119175 -2.873884
v 3.539287 -0.134483 -2.873884
v 3.702576 -0.297772 -2.873884
v -1.502258 -13.529887 -2.873884
v -1.456333 -0.241642 -2.873884
v -1.252221 -0.119175 -2.873884
v -3.720945 -16.212723 -2.873884
v -3.671958 -16.003713 -2.873884
v -1.659015 -13.947906 -2.873884
v -3.539286 -19.688327 -2.873884
v -3.702575 -19.525038 -2.873884
v -3.720945 -16.212723 -2.873884
v 3.633586 -16.731267 -2.873884
v 0.666219 -19.659751 -2.873884
v -3.539286 -19.688327 -2.873884
v 3.702576 -0.297772 -2.873884
v 3.712781 -16.530014 -2.873884
v 3.633586 -16.731267 -2.873884
v -1.502258 -13.529887 -2.873884
v -1.252221 -0.119175 -2.873884
v 3.702576 -0.297772 -2.873884
v -3.720945 -16.212723 -2.873884
v -1.659015 -13.947906 -2.873884
v -1.622275 -13.909942 -2.873884
v 3.633586 -16.731267 -2.873884
v -3.539286 -19.688327 -2.873884
v -3.720945 -16.212723 -2.873884
v -1.502258 -13.529887 -2.873884
v 3.702576 -0.297772 -2.873884
v 3.633586 -16.731267 -2.873884
v 3.633586 -16.731267 -2.873884
v -3.720945 -16.212723 -2.873884
v -1.622275 -13.909942 -2.873884
v -1.504707 -13.596427 -2.873884
v -1.502258 -13.529887 -2.873884
v 3.633586 -16.731267 -2.873884
v 3.633586 -16.731267 -2.873884
v -1.622275 -13.909942 -2.873884
v -1.590433 -13.867895 -2.873884
v -1.512055 -13.658885 -2.873884
v -1.504707 -13.596427 -2.873884
v 3.633586 -16.731267 -2.873884
v 3.633586 -16.731267 -2.873884
v -1.590433 -13.867895 -2.873884
v -1.563491 -13.821766 -2.873884
v -1.524302 -13.717261 -2.873884
v -1.512055 -13.658885 -2.873884
v 3.633586 -16.731267 -2.873884
v 3.633586 -16.731267 -2.873884
v -1.563491 -13.821766 -2.873884
v -1.541447 -13.771554 -2.873884
v -1.541447 -13.771554 -2.873884
v -1.524302 -13.717261 -2.873884
v 3.633586 -16.731267 -2.873884
v -3.472950 -19.703635 2.873884
v -3.396408 -19.708738 2.873884
v 0.470272 -19.708738 2.873884
v 0.470272 -19.708738 2.873884
v 0.519259 -19.705676 2.873884
v 0.568245 -19.696491 2.873884
v 0.568245 -19.696491 2.873884
v 0.617232 -19.681183 2.873884
v 0.666219 -19.659751 2.873884
v 0.666219 -19.659751 2.873884
v 0.715205 -19.632196 2.873884
v 0.764192 -19.598518 2.873884
v 0.764192 -19.598518 2.873884
v 0.813179 -19.558716 2.873884
v 0.862165 -19.512791 2.873884
v 0.862165 -19.512791 2.873884
v 3.566229 -16.808727 2.873884
v 3.591131 -16.782703 2.873884
v 3.591131 -16.782703 2.873884
v 3.613583 -16.756883 2.873884
v 3.633586 -16.731267 2.873884
v 3.633586 -16.731267 2.873884
v 3.651140 -16.705856 2.873884
v 3.666244 -16.680648 2.873884
v 3.666244 -16.680648 2.873884
v 3.678899 -16.655644 2.873884
v 3.689104 -16.630844 2.873884
v 3.689104 -16.630844 2.873884
v 3.696860 -16.606249 2.873884
v 3.702984 -16.581450 2.873884
v 3.702984 -16.581450 2.873884
v 3.708291 -16.556038 2.873884
v 3.712781 -16.530014 2.873884
v 3.712781 -16.530014 2.873884
v 3.716455 -16.503377 2.873884
v 3.719313 -16.476128 2.873884
v 3.719313 -16.476128 2.873884
v 3.721354 -16.448267 2.873884
v 3.722578 -16.419794 2.873884
v 3.722578 -16.419794 2.873884
v 3.722986 -16.390708 2.873884
v 3.722986 -0.440650 2.873884
v 3.722986 -0.440650 2.873884
v 3.717884 -0.364108 2.873884
v 3.702576 -0.297772 2.873884
v 3.702576 -0.297772 2.873884
v 3.677061 -0.241642 2.873884
v 3.641342 -0.195717 2.873884
v 3.641342 -0.195717 2.873884
v 3.595417 -0.159997 2.873884
v 3.539287 -0.134483 2.873884
v 3.539287 -0.134483 2.873884
v 3.472951 -0.119175 2.873884
v 3.396409 -0.114073 2.873884
v 3.396409 -0.114073 2.873884
v -1.175680 -0.114073 2.873884
v -1.252221 -0.119175 2.873884
v -1.252221 -0.119175 2.873884
v -1.318557 -0.134483 2.873884
v -1.374688 -0.159997 2.873884
v -1.374688 -0.159997 2.873884
v -1.420613 -0.195717 2.873884
v -1.456333 -0.241642 2.873884
v -1.456333 -0.241642 2.873884
v -1.481846 -0.297772 2.873884
v -1.497155 -0.364108 2.873884
v -1.497155 -0.364108 2.873884
v -1.502258 -0.440650 2.873884
v -1.502258 -13.529887 2.873884
v -1.659015 -13.947906 2.873884
v -3.592355 -15.881247 2.873884
v -3.622972 -15.918803 2.873884
v -3.622972 -15.918803 2.873884
v -3.649506 -15.959625 2.873884
v -3.671958 -16.003713 2.873884
v -3.671958 -16.003713 2.873884
v -3.690328 -16.051067 2.873884
v -3.704616 -16.101686 2.873884
v -3.704616 -16.101686 2.873884
v -3.714822 -16.155572 2.873884
v -3.720945 -16.212723 2.873884
v -3.720945 -16.212723 2.873884
v -3.722986 -16.273140 2.873884
v -3.722986 -19.382160 2.873884
v -3.722986 -19.382160 2.873884
v -3.717884 -19.458702 2.873884
v -3.702575 -19.525038 2.873884
v -3.702575 -19.525038 2.873884
v -3.677061 -19.581168 2.873884
v -3.641342 -19.627093 2.873884
v -3.641342 -19.627093 2.873884
v -3.595417 -19.662813 2.873884
v -3.539286 -19.688327 2.873884
v -3.539286 -19.688327 2.873884
v -3.472950 -19.703635 2.873884
v 0.470272 -19.708738 2.873884
v 0.470272 -19.708738 2.873884
v 0.568245 -19.696491 2.873884
v 0.666219 -19.659751 2.873884
v 0.666219 -19.659751 2.873884
v 0.764192 -19.598518 2.873884
v 0.862165 -19.512791 2.873884
v 0.862165 -19.512791 2.873884
v 3.591131 -16.782703 2.873884
v 3.633586 -16.731267 2.873884
v 3.633586 -16.731267 2.873884
v 3.666244 -16.680648 2.873884
v 3.689104 -16.630844 2.873884
v 3.689104 -16.630844 2.873884
v 3.702984 -16.581450 2.873884
v 3.712781 -16.530014 2.873884
v 3.712781 -16.530014 2.873884
v 3.719313 -16.476128 2.873884
v 3.722578 -16.419794 2.873884
v 3.722578 -16.419794 2.873884
v 3.722986 -0.440650 2.873884
v 3.702576 -0.297772 2.873884
v 3.702576 -0.297772 2.873884
v 3.641342 -0.195717 2.873884
v 3.539287 -0.134483 2.873884
v 3.539287 -0.134483 2.873884
v 3.396409 -0.114073 2.873884
v -1.252221 -0.119175 2.873884
v -1.252221 -0.119175 2.873884
v -1.374688 -0.159997 2.873884
v -1.456333 -0.241642 2.873884
v -1.456333 -0.241642 2.873884
v -1.497155 -0.364108 2.873884
v -1.502258 -13.529887 2.873884
v -1.659015 -13.947906 2.873884
v -3.622972 -15.918803 2.873884
v -3.671958 -16.003713 2.873884
v -3.671958 -16.003713 2.873884
v -3.704616 -16.101686 2.873884
v -3.720945 -16.212723 2.873884
v -3.720945 -16.212723 2.873884
v -3.722986 -19.382160 2.873884
v -3.702575 -19.525038 2.873884
v -3.702575 -19.525038 2.873884
v -3.641342 -19.627093 2.873884
v -3.539286 -19.688327 2.873884
v -3.539286 -19.688327 2.873884
v 0.470272 -19.708738 2.873884
v 0.666219 -19.659751 2.873884
v 0.666219 -19.659751 2.873884
v 0.862165 -19.512791 2.873884
v 3.633586 -16.731267 2.873884
v 3.633586 -16.731267 2.873884
v 3.689104 -16.630844 2.873884
v 3.712781 -16.530014 2.873884
v 3.712781 -16.530014 2.873884
v 3.722578 -16.419794 2.873884
v 3.702576 -0.297772 2.873884
v 3.702576 -0.297772 2.873884
v 3.539287 -0.134483 2.873884
v -1.252221 -0.119175 2.873884
v -1.252221 -0.119175 2.873884
v -1.456333 -0.241642 2.873884
v -1.502258 -13.529887 2.873884
v -1.659015 -13.947906 2.873884
v -3.671958 -16.003713 2.873884
v -3.720945 -16.212723 2.873884
v -3.720945 -16.212723 2.873884
v -3.702575 -19.525038 2.873884
v -3.539286 -19.688327 2.873884
v -3.539286 -19.688327 2.873884
v 0.666219 -19.659751 2.873884
v 3.633586 -16.731267 2.873884
v 3.633586 -16.731267 2.873884
v 3.712781 -16.530014 2.873884
v 3.702576 -0.297772 2.873884
v 3.702576 -0.297772 2.873884
v -1.252221 -0.119175 2.873884
v -1.502258 -13.529887 2.873884
v -1.622275 -13.909942 2.873884
v -1.659015 -13.947906 2.873884
v -3.720945 -16.212723 2.873884
v -3.720945 -16.212723 2.873884
v -3.539286 -19.688327 2.873884
v 3.633586 -16.731267 2.873884
v 3.633586 -16.731267 2.873884
v 3.702576 -0.297772 2.873884
v -1.502258 -13.529887 2.873884
v -1.622275 -13.909942 2.873884
v -3.720945 -16.212723 2.873884
v 3.633586 -16.731267 2.873884
v 3.633586 -16.731267 2.873884
v -1.502258 -13.529887 2.873884
v -1.504707 -13.596427 2.873884
v -1.590433 -13.867895 2.873884
v -1.622275 -13.909942 2.873884
v 3.633586 -16.731267 2.873884
v 3.633586 -16.731267 2.873884
v -1.504707 -13.596427 2.873884
v -1.512055 -13.658885 2.873884
v -1.563491 -13.821766 2.873884
v -1.590433 -13.867895 2.873884
v 3.633586 -16.731267 2.873884
v 3.633586 -16.731267 2.873884
v -1.512055 -13.658885 2.873884
v -1.524302 -13.717261 2.873884
v -1.541447 -13.771554 2.873884
v -1.563491 -13.821766 2.873884
v 3.633586 -16.731267 2.873884
v 3.633586 -16.731267 2.873884
v -1.524302 -13.717261 2.873884
v -1.541447 -13.771554 2.873884
v 0.470272 -19.708738 -2.873884
v 0.519259 -19.705676 -2.873884
v 0.476039 -19.893478 -2.797362
v 0.519259 -19.705676 -2.873884
v 0.542130 -19.889347 -2.797362
v 0.476039 -19.893478 -2.797362
v 0.476039 -19.893478 -2.797362
v 0.542130 -19.889347 -2.797362
v 0.478429 -19.970000 -2.612622
v 0.542130 -19.889347 -2.797362
v 0.551603 -19.965427 -2.612622
v 0.478429 -19.970000 -2.612622
v 0.478429 -19.970000 -2.612622
v 0.551603 -19.965427 -2.612622
v 0.478429 -19.970000 2.612622
v 0.551603 -19.965427 -2.612622
v 0.551603 -19.965427 2.612622
v 0.478429 -19.970000 2.612622
v 0.478429 -19.970000 2.612622
v 0.551603 -19.965427 2.612622
v 0.476039 -19.893478 2.797363
v 0.551603 -19.965427 2.612622
v 0.542130 -19.889347 2.797363
v 0.476039 -19.893478 2.797363
v 0.476039 -19.893478 2.797363
v 0.542130 -19.889347 2.797363
v 0.470272 -19.708738 2.873884
v 0.542130 -19.889347 2.797363
v 0.519259 -19.705676 2.873884
v 0.470272 -19.708738 2.873884
v 0.519259 -19.705676 -2.873884
v 0.568245 -19.696491 -2.873884
v 0.542130 -19.889347 -2.797362
v 0.568245 -19.696491 -2.873884
v 0.612974 -19.876064 -2.797362
v 0.542130 -19.889347 -2.797362
v 0.542130 -19.889347 -2.797362
v 0.612974 -19.876064 -2.797362
v 0.551603 -19.965427 -2.612622
v 0.612974 -19.876064 -2.797362
v 0.631502 -19.950446 -2.612622
v 0.551603 -19.965427 -2.612622
v 0.551603 -19.965427 -2.612622
v 0.631502 -19.950446 -2.612622
v 0.551603 -19.965427 2.612622
v 0.631502 -19.950446 -2.612622
v 0.631502 -19.950446 2.612622
v 0.551603 -19.965427 2.612622
v 0.551603 -19.965427 2.612622
v 0.631502 -19.950446 2.612622
v 0.542130 -19.889347 2.797363
v 0.631502 -19.950446 2.612622
v 0.612974 -19.876064 2.797363
v 0.542130 -19.889347 2.797363
v 0.542130 -19.889347 2.797363
v 0.612974 -19.876064 2.797363
v 0.519259 -19.705676 2.873884
v 0.612974 -19.876064 2.797363
v 0.568245 -19.696491 2.873884
v 0.519259 -19.705676 2.873884
v 0.568245 -19.696491 -2.873884
v 0.617232 -19.681183 -2.873884
v 0.612974 -19.876064 -2.797362
v 0.617232 -19.681183 -2.873884
v 0.682001 -19.854493 -2.797362
v 0.612974 -19.876064 -2.797362
v 0.612974 -19.876064 -2.797362
v 0.682001 -19.854493 -2.797362
v 0.631502 -19.950446 -2.612622
v 0.682001 -19.854493 -2.797362
v 0.708830 -19.926281 -2.612622
v 0.631502 -19.950446 -2.612622
v 0.631502 -19.950446 -2.612622
v 0.708830 -19.926281 -2.612622
v 0.631502 -19.950446 2.612622
v 0.708830 -19.926281 -2.612622
v 0.708830 -19.926281 2.612622
v 0.631502 -19.950446 2.612622
v 0.631502 -19.950446 2.612622
v 0.708830 -19.926281 2.612622
v 0.612974 -19.876064 2.797363
v 0.708830 -19.926281 2.612622
v 0.682001 -19.854493 2.797363
v 0.612974 -19.876064 2.797363
v 0.612974 -19.876064 2.797363
v 0.682001 -19.854493 2.797363
v 0.568245 -19.696491 2.873884
v 0.682001 -19.854493 2.797363
v 0.617232 -19.681183 2.873884
v 0.568245 -19.696491 2.873884
v 0.617232 -19.681183 -2.873884
v 0.666219 -19.659751 -2.873884
v 0.682001 -19.854493 -2.797362
v 0.666219 -19.659751 -2.873884
v 0.748734 -19.825298 -2.797362
v 0.682001 -19.854493 -2.797362
v 0.682001 -19.854493 -2.797362
v 0.748734 -19.825298 -2.797362
v 0.708830 -19.926281 -2.612622
v 0.748734 -19.825298 -2.797362
v 0.782913 -19.893869 -2.612622
v 0.708830 -19.926281 -2.612622
v 0.708830 -19.926281 -2.612622
v 0.782913 -19.893869 -2.612622
v 0.708830 -19.926281 2.612622
v 0.782913 -19.893869 -2.612622
v 0.782913 -19.893869 2.612622
v 0.708830 -19.926281 2.612622
v 0.708830 -19.926281 2.612622
v 0.782913 -19.893869 2.612622
v 0.682001 -19.854493 2.797363
v 0.782913 -19.893869 2.612622
v 0.748734 -19.825298 2.797363
v 0.682001 -19.854493 2.797363
v 0.682001 -19.854493 2.797363
v 0.748734 -19.825298 2.797363
v 0.617232 -19.681183 2.873884
v 0.748734 -19.825298 2.797363
v 0.666219 -19.659751 2.873884
v 0.617232 -19.681183 2.873884
v 0.666219 -19.659751 -2.873884
v 0.715205 -19.632196 -2.873884
v 0.748734 -19.825298 -2.797362
v 0.715205 -19.632196 -2.873884
v 0.813019 -19.789137 -2.797362
v 0.748734 -19.825298 -2.797362
v 0.748734 -19.825298 -2.797362
v 0.813019 -19.789137 -2.797362
v 0.782913 -19.893869 -2.612622
v 0.813019 -19.789137 -2.797362
v 0.853534 -19.854145 -2.612622
v 0.782913 -19.893869 -2.612622
v 0.782913 -19.893869 -2.612622
v 0.853534 -19.854145 -2.612622
v 0.782913 -19.893869 2.612622
v 0.853534 -19.854145 -2.612622
v 0.853534 -19.854145 2.612622
v 0.782913 -19.893869 2.612622
v 0.782913 -19.893869 2.612622
v 0.853534 -19.854145 2.612622
v 0.748734 -19.825298 2.797363
v 0.853534 -19.854145 2.612622
v 0.813019 -19.789137 2.797363
v 0.748734 -19.825298 2.797363
v 0.748734 -19.825298 2.797363
v 0.813019 -19.789137 2.797363
v 0.666219 -19.659751 2.873884
v 0.813019 -19.789137 2.797363
v 0.715205 -19.632196 2.873884
v 0.666219 -19.659751 2.873884
v 0.715205 -19.632196 -2.873884
v 0.764192 -19.598518 -2.873884
v 0.813019 -19.789137 -2.797362
v 0.764192 -19.598518 -2.873884
v 0.874948 -19.746561 -2.797362
v 0.813019 -19.789137 -2.797362
v 0.813019 -19.789137 -2.797362
v 0.874948 -19.746561 -2.797362
v 0.853534 -19.854145 -2.612622
v 0.874948 -19.746561 -2.797362
v 0.920824 -19.807883 -2.612622
v 0.853534 -19.854145 -2.612622
v 0.853534 -19.854145 -2.612622
v 0.920824 -19.807883 -2.612622
v 0.853534 -19.854145 2.612622
v 0.920824 -19.807883 -2.612622
v 0.920824 -19.807883 2.612622
v 0.853534 -19.854145 2.612622
v 0.853534 -19.854145 2.612622
v 0.920824 -19.807883 2.612622
v 0.813019 -19.789137 2.797363
v 0.920824 -19.807883 2.612622
v 0.874948 -19.746561 2.797363
v 0.813019 -19.789137 2.797363
v 0.813019 -19.789137 2.797363
v 0.874948 -19.746561 2.797363
v 0.715205 -19.632196 2.873884
v 0.874948 -19.746561 2.797363
v 0.764192 -19.598518 2.873884
v 0.715205 -19.632196 2.873884
v 0.764192 -19.598518 -2.873884
v 0.813179 -19.558716 -2.873884
v 0.874948 -19.746561 -2.797362
v 0.813179 -19.558716 -2.873884
v 0.934755 -19.697968 -2.797362
v 0.874948 -19.746561 -2.797362
v 0.874948 -19.746561 -2.797362
v 0.934755 -19.697968 -2.797362
v 0.920824 -19.807883 -2.612622
v 0.934755 -19.697968 -2.797362
v 0.985113 -19.755648 -2.612622
v 0.920824 -19.807883 -2.612622
v 0.920824 -19.807883 -2.612622
v 0.985113 -19.755648 -2.612622
v 0.920824 -19.807883 2.612622
v 0.985113 -19.755648 -2.612622
v 0.985113 -19.755648 2.612622
v 0.920824 -19.807883 2.612622
v 0.920824 -19.807883 2.612622
v 0.985113 -19.755648 2.612622
v 0.874948 -19.746561 2.797363
v 0.985113 -19.755648 2.612622
v 0.934755 -19.697968 2.797363
v 0.874948 -19.746561 2.797363
v 0.874948 -19.746561 2.797363
v 0.934755 -19.697968 2.797363
v 0.764192 -19.598518 2.873884
v 0.934755 -19.697968 2.797363
v 0.813179 -19.558716 2.873884
v 0.764192 -19.598518 2.873884
v 0.813179 -19.558716 -2.873884
v 0.862165 -19.512791 -2.873884
v 0.934755 -19.697968 -2.797362
v 0.862165 -19.512791 -2.873884
v 0.990690 -19.645529 -2.797362
v 0.934755 -19.697968 -2.797362
v 0.934755 -19.697968 -2.797362
v 0.990690 -19.645529 -2.797362
v 0.985113 -19.755648 -2.612622
v 0.990690 -19.645529 -2.797362
v 1.043927 -19.700510 -2.612622
v 0.985113 -19.755648 -2.612622
v 0.985113 -19.755648 -2.612622
v 1.043927 -19.700510 -2.612622
v 0.985113 -19.755648 2.612622
v 1.043927 -19.700510 -2.612622
v 1.043927 -19.700510 2.612622
v 0.985113 -19.755648 2.612622
v 0.985113 -19.755648 2.612622
v 1.043927 -19.700510 2.612622
v 0.934755 -19.697968 2.797363
v 1.043927 -19.700510 2.612622
v 0.990690 -19.645529 2.797363
v 0.934755 -19.697968 2.797363
v 0.934755 -19.697968 2.797363
v 0.990690 -19.645529 2.797363
v 0.813179 -19.558716 2.873884
v 0.990690 -19.645529 2.797363
v 0.862165 -19.512791 2.873884
v 0.813179 -19.558716 2.873884
v 0.862165 -19.512791 -2.873884
v 3.566229 -16.808727 -2.873884
v 0.990690 -19.645529 -2.797362
v 3.566229 -16.808727 -2.873884
v 3.698300 -16.937919 -2.797362
v 0.990690 -19.645529 -2.797362
v 0.990690 -19.645529 -2.797362
v 3.698300 -16.937919 -2.797362
v 1.043927 -19.700510 -2.612622
v 3.698300 -16.937919 -2.797362
v 3.753006 -16.991432 -2.612622
v 1.043927 -19.700510 -2.612622
v 1.043927 -19.700510 -2.612622
v 3.753006 -16.991432 -2.612622
v 1.043927 -19.700510 2.612622
v 3.753006 -16.991432 -2.612622
v 3.753006 -16.991432 2.612622
v 1.043927 -19.700510 2.612622
v 1.043927 -19.700510 2.612622
v 3.753006 -16.991432 2.612622
v 0.990690 -19.645529 2.797363
v 3.753006 -16.991432 2.612622
v 3.698300 -16.937919 2.797363
v 0.990690 -19.645529 2.797363
v 0.990690 -19.645529 2.797363
v 3.698300 -16.937919 2.797363
v 0.862165 -19.512791 2.873884
v 3.698300 -16.937919 2.797363
v 3.566229 -16.808727 2.873884
v 0.862165 -19.512791 2.873884
v 3.566229 -16.808727 -2.873884
v 3.591131 -16.782703 -2.873884
v 3.698300 -16.937919 -2.797362
v 3.591131 -16.782703 -2.873884
v 3.727650 -16.907245 -2.797362
v 3.698300 -16.937919 -2.797362
v 3.698300 -16.937919 -2.797362
v 3.727650 -16.907245 -2.797362
v 3.753006 -16.991432 -2.612622
v 3.727650 -16.907245 -2.797362
v 3.784198 -16.958832 -2.612622
v 3.753006 -16.991432 -2.612622
v 3.753006 -16.991432 -2.612622
v 3.784198 -16.958832 -2.612622
v 3.753006 -16.991432 2.612622
v 3.784198 -16.958832 -2.612622
v 3.784198 -16.958832 2.612622
v 3.753006 -16.991432 2.612622
v 3.753006 -16.991432 2.612622
v 3.784198 -16.958832 2.612622
v 3.698300 -16.937919 2.797363
v 3.784198 -16.958832 2.612622
v 3.727650 -16.907245 2.797363
v 3.698300 -16.937919 2.797363
v 3.698300 -16.937919 2.797363
v 3.727650 -16.907245 2.797363
v 3.566229 -16.808727 2.873884
v 3.727650 -16.907245 2.797363
v 3.591131 -16.782703 2.873884
v 3.566229 -16.808727 2.873884
v 3.591131 -16.782703 -2.873884
v 3.613583 -16.756883 -2.873884
v 3.727650 -16.907245 -2.797362
v 3.613583 -16.756883 -2.873884
v 3.756188 -16.874427 -2.797362
v 3.727650 -16.907245 -2.797362
v 3.727650 -16.907245 -2.797362
v 3.756188 -16.874427 -2.797362
v 3.784198 -16.958832 -2.612622
v 3.756188 -16.874427 -2.797362
v 3.815258 -16.923115 -2.612622
v 3.784198 -16.958832 -2.612622
v 3.784198 -16.958832 -2.612622
v 3.815258 -16.923115 -2.612622
v 3.784198 -16.958832 2.612622
v 3.815258 -16.923115 -2.612622
v 3.815258 -16.923115 2.612622
v 3.784198 -16.958832 2.612622
v 3.784198 -16.958832 2.612622
v 3.815258 -16.923115 2.612622
v 3.727650 -16.907245 2.797363
v 3.815258 -16.923115 2.612622
v 3.756188 -16.874427 2.797363
v 3.727650 -16.907245 2.797363
v 3.727650 -16.907245 2.797363
v 3.756188 -16.874427 2.797363
v 3.591131 -16.782703 2.873884
v 3.756188 -16.874427 2.797363
v 3.613583 -16.756883 2.873884
v 3.591131 -16.782703 2.873884
v 3.613583 -16.756883 -2.873884
v 3.633586 -16.731267 -2.873884
v 3.756188 -16.874427 -2.797362
v 3.633586 -16.731267 -2.873884
v 3.782517 -16.840710 -2.797362
v 3.756188 -16.874427 -2.797362
v 3.756188 -16.874427 -2.797362
v 3.782517 -16.840710 -2.797362
v 3.815258 -16.923115 -2.612622
v 3.782517 -16.840710 -2.797362
v 3.844206 -16.886042 -2.612622
v 3.815258 -16.923115 -2.612622
v 3.815258 -16.923115 -2.612622
v 3.844206 -16.886042 -2.612622
v 3.815258 -16.923115 2.612622
v 3.844206 -16.886042 -2.612622
v 3.844206 -16.886042 2.612622
v 3.815258 -16.923115 2.612622
v 3.815258 -16.923115 2.612622
v 3.844206 -16.886042 2.612622
v 3.756188 -16.874427 2.797363
v 3.844206 -16.886042 2.612622
v 3.782517 -16.840710 2.797363
v 3.756188 -16.874427 2.797363
v 3.756188 -16.874427 2.797363
v 3.782517 -16.840710 2.797363
v 3.613583 -16.756883 2.873884
v 3.782517 -16.840710 2.797363
v 3.633586 -16.731267 2.873884
v 3.613583 -16.756883 2.873884
v 3.633586 -16.731267 -2.873884
v 3.651140 -16.705856 -2.873884
v 3.782517 -16.840710 -2.797362
v 3.651140 -16.705856 -2.873884
v 3.806538 -16.805936 -2.797362
v 3.782517 -16.840710 -2.797362
v 3.782517 -16.840710 -2.797362
v 3.806538 -16.805936 -2.797362
v 3.844206 -16.886042 -2.612622
v 3.806538 -16.805936 -2.797362
v 3.870906 -16.847390 -2.612622
v 3.844206 -16.886042 -2.612622
v 3.844206 -16.886042 -2.612622
v 3.870906 -16.847390 -2.612622
v 3.844206 -16.886042 2.612622
v 3.870906 -16.847390 -2.612622
v 3.870906 -16.847390 2.612622
v 3.844206 -16.886042 2.612622
v 3.844206 -16.886042 2.612622
v 3.870906 -16.847390 2.612622
v 3.782517 -16.840710 2.797363
v 3.870906 -16.847390 2.612622
v 3.806538 -16.805936 2.797363
v 3.782517 -16.840710 2.797363
v 3.782517 -16.840710 2.797363
v 3.806538 -16.805936 2.797363
v 3.633586 -16.731267 2.873884
v 3.806538 -16.805936 2.797363
v 3.651140 -16.705856 2.873884
v 3.633586 -16.731267 2.873884
v 3.651140 -16.705856 -2.873884
v 3.666244 -16.680648 -2.873884
v 3.806538 -16.805936 -2.797362
v 3.666244 -16.680648 -2.873884
v 3.828100 -16.769950 -2.797362
v 3.806538 -16.805936 -2.797362
v 3.806538 -16.805936 -2.797362
v 3.828100 -16.769950 -2.797362
v 3.870906 -16.847390 -2.612622
v 3.828100 -16.769950 -2.797362
v 3.895143 -16.806941 -2.612622
v 3.870906 -16.847390 -2.612622
v 3.870906 -16.847390 -2.612622
v 3.895143 -16.806941 -2.612622
v 3.870906 -16.847390 2.612622
v 3.895143 -16.806941 -2.612622
v 3.895143 -16.806941 2.612622
v 3.870906 -16.847390 2.612622
v 3.870906 -16.847390 2.612622
v 3.895143 -16.806941 2.612622
v 3.806538 -16.805936 2.797363
v 3.895143 -16.806941 2.612622
v 3.828100 -16.769950 2.797363
v 3.806538 -16.805936 2.797363
v 3.806538 -16.805936 2.797363
v 3.828100 -16.769950 2.797363
v 3.651140 -16.705856 2.873884
v 3.828100 -16.769950 2.797363
v 3.666244 -16.680648 2.873884
v 3.651140 -16.705856 2.873884
v 3.666244 -16.680648 -2.873884
v 3.678899 -16.655644 -2.873884
v 3.828100 -16.769950 -2.797362
v 3.678899 -16.655644 -2.873884
v 3.846990 -16.732626 -2.797362
v 3.828100 -16.769950 -2.797362
v 3.828100 -16.769950 -2.797362
v 3.846990 -16.732626 -2.797362
v 3.895143 -16.806941 -2.612622
v 3.846990 -16.732626 -2.797362
v 3.916616 -16.764513 -2.612622
v 3.895143 -16.806941 -2.612622
v 3.895143 -16.806941 -2.612622
v 3.916616 -16.764513 -2.612622
v 3.895143 -16.806941 2.612622
v 3.916616 -16.764513 -2.612622
v 3.916616 -16.764513 2.612622
v 3.895143 -16.806941 2.612622
v 3.895143 -16.806941 2.612622
v 3.916616 -16.764513 2.612622
v 3.828100 -16.769950 2.797363
v 3.916616 -16.764513 2.612622
v 3.846990 -16.732626 2.797363
v 3.828100 -16.769950 2.797363
v 3.828100 -16.769950 2.797363
v 3.846990 -16.732626 2.797363
v 3.666244 -16.680648 2.873884
v 3.846990 -16.732626 2.797363
v 3.678899 -16.655644 2.873884
v 3.666244 -16.680648 2.873884
v 3.678899 -16.655644 -2.873884
v 3.689104 -16.630844 -2.873884
v 3.846990 -16.732626 -2.797362
v 3.689104 -16.630844 -2.873884
v 3.862931 -16.693891 -2.797362
v 3.846990 -16.732626 -2.797362
v 3.846990 -16.732626 -2.797362
v 3.862931 -16.693891 -2.797362
v 3.916616 -16.764513 -2.612622
v 3.862931 -16.693891 -2.797362
v 3.934932 -16.720006 -2.612622
v 3.916616 -16.764513 -2.612622
v 3.916616 -16.764513 -2.612622
v 3.934932 -16.720006 -2.612622
v 3.916616 -16.764513 2.612622
v 3.934932 -16.720006 -2.612622
v 3.934932 -16.720006 2.612622
v 3.916616 -16.764513 2.612622
v 3.916616 -16.764513 2.612622
v 3.934932 -16.720006 2.612622
v 3.846990 -16.732626 2.797363
v 3.934932 -16.720006 2.612622
v 3.862931 -16.693891 2.797363
v 3.846990 -16.732626 2.797363
v 3.846990 -16.732626 2.797363
v 3.862931 -16.693891 2.797363
v 3.678899 -16.655644 2.873884
v 3.862931 -16.693891 2.797363
v 3.689104 -16.630844 2.873884
v 3.678899 -16.655644 2.873884
v 3.689104 -16.630844 -2.873884
v 3.696860 -16.606249 -2.873884
v 3.862931 -16.693891 -2.797362
v 3.696860 -16.606249 -2.873884
v 3.874809 -16.656222 -2.797362
v 3.862931 -16.693891 -2.797362
v 3.862931 -16.693891 -2.797362
v 3.874809 -16.656222 -2.797362
v 3.934932 -16.720006 -2.612622
v 3.874809 -16.656222 -2.797362
v 3.948519 -16.676922 -2.612622
v 3.934932 -16.720006 -2.612622
v 3.934932 -16.720006 -2.612622
v 3.948519 -16.676922 -2.612622
v 3.934932 -16.720006 2.612622
v 3.948519 -16.676922 -2.612622
v 3.948519 -16.676922 2.612622
v 3.934932 -16.720006 2.612622
v 3.934932 -16.720006 2.612622
v 3.948519 -16.676922 2.612622
v 3.862931 -16.693891 2.797363
v 3.948519 -16.676922 2.612622
v 3.874809 -16.656222 2.797363
v 3.862931 -16.693891 2.797363
v 3.862931 -16.693891 2.797363
v 3.874809 -16.656222 2.797363
v 3.689104 -16.630844 2.873884
v 3.874809 -16.656222 2.797363
v 3.696860 -16.606249 2.873884
v 3.689104 -16.630844 2.873884
v 3.696860 -16.606249 -2.873884
v 3.702984 -16.581450 -2.873884
v 3.874809 -16.656222 -2.797362
v 3.702984 -16.581450 -2.873884
v 3.883139 -16.622488 -2.797362
v 3.874809 -16.656222 -2.797362
v 3.874809 -16.656222 -2.797362
v 3.883139 -16.622488 -2.797362
v 3.948519 -16.676922 -2.612622
v 3.883139 -16.622488 -2.797362
v 3.957762 -16.639487 -2.612622
v 3.948519 -16.676922 -2.612622
v 3.948519 -16.676922 -2.612622
v 3.957762 -16.639487 -2.612622
v 3.948519 -16.676922 2.612622
v 3.957762 -16.639487 -2.612622
v 3.957762 -16.639487 2.612622
v 3.948519 -16.676922 2.612622
v 3.948519 -16.676922 2.612622
v 3.957762 -16.639487 2.612622
v 3.874809 -16.656222 2.797363
v 3.957762 -16.639487 2.612622
v 3.883139 -16.622488 2.797363
v 3.874809 -16.656222 2.797363
v 3.874809 -16.656222 2.797363
v 3.883139 -16.622488 2.797363
v 3.696860 -16.606249 2.873884
v 3.883139 -16.622488 2.797363
v 3.702984 -16.581450 2.873884
v 3.696860 -16.606249 2.873884
v 3.702984 -16.581450 -2.873884
v 3.708291 -16.556038 -2.873884
v 3.883139 -16.622488 -2.797362
v 3.708291 -16.556038 -2.873884
v 3.889791 -16.590638 -2.797362
v 3.883139 -16.622488 -2.797362
v 3.883139 -16.622488 -2.797362
v 3.889791 -16.590638 -2.797362
v 3.957762 -16.639487 -2.612622
v 3.889791 -16.590638 -2.797362
v 3.964970 -16.604969 -2.612622
v 3.957762 -16.639487 -2.612622
v 3.957762 -16.639487 -2.612622
v 3.964970 -16.604969 -2.612622
v 3.957762 -16.639487 2.612622
v 3.964970 -16.604969 -2.612622
v 3.964970 -16.604969 2.612622
v 3.957762 -16.639487 2.612622
v 3.957762 -16.639487 2.612622
v 3.964970 -16.604969 2.612622
v 3.883139 -16.622488 2.797363
v 3.964970 -16.604969 2.612622
v 3.889791 -16.590638 2.797363
v 3.883139 -16.622488 2.797363
v 3.883139 -16.622488 2.797363
v 3.889791 -16.590638 2.797363
v 3.702984 -16.581450 2.873884
v 3.889791 -16.590638 2.797363
v 3.708291 -16.556038 2.873884
v 3.702984 -16.581450 2.873884
v 3.708291 -16.556038 -2.873884
v 3.712781 -16.530014 -2.873884
v 3.889791 -16.590638 -2.797362
v 3.712781 -16.530014 -2.873884
v 3.895362 -16.558349 -2.797362
v 3.889791 -16.590638 -2.797362
v 3.889791 -16.590638 -2.797362
v 3.895362 -16.558349 -2.797362
v 3.964970 -16.604969 -2.612622
v 3.895362 -16.558349 -2.797362
v 3.970990 -16.570086 -2.612622
v 3.964970 -16.604969 -2.612622
v 3.964970 -16.604969 -2.612622
v 3.970990 -16.570086 -2.612622
v 3.964970 -16.604969 2.612622
v 3.970990 -16.570086 -2.612622
v 3.970990 -16.570086 2.612622
v 3.964970 -16.604969 2.612622
v 3.964970 -16.604969 2.612622
v 3.970990 -16.570086 2.612622
v 3.889791 -16.590638 2.797363
v 3.970990 -16.570086 2.612622
v 3.895362 -16.558349 2.797363
v 3.889791 -16.590638 2.797363
v 3.889791 -16.590638 2.797363
v 3.895362 -16.558349 2.797363
v 3.708291 -16.556038 2.873884
v 3.895362 -16.558349 2.797363
v 3.712781 -16.530014 2.873884
v 3.708291 -16.556038 2.873884
v 3.712781 -16.530014 -2.873884
v 3.716455 -16.503377 -2.873884
v 3.895362 -16.558349 -2.797362
v 3.716455 -16.503377 -2.873884
v 3.899874 -16.525638 -2.797362
v 3.895362 -16.558349 -2.797362
v 3.895362 -16.558349 -2.797362
v 3.899874 -16.525638 -2.797362
v 3.970990 -16.570086 -2.612622
v 3.899874 -16.525638 -2.797362
v 3.975848 -16.534859 -2.612622
v 3.970990 -16.570086 -2.612622
v 3.970990 -16.570086 -2.612622
v 3.975848 -16.534859 -2.612622
v 3.970990 -16.570086 2.612622
v 3.975848 -16.534859 -2.612622
v 3.975848 -16.534859 2.612622
v 3.970990 -16.570086 2.612622
v 3.970990 -16.570086 2.612622
v 3.975848 -16.534859 2.612622
v 3.895362 -16.558349 2.797363
v 3.975848 -16.534859 2.612622
v 3.899874 -16.525638 2.797363
v 3.895362 -16.558349 2.797363
v 3.895362 -16.558349 2.797363
v 3.899874 -16.525638 2.797363
v 3.712781 -16.530014 2.873884
v 3.899874 -16.525638 2.797363
v 3.716455 -16.503377 2.873884
v 3.712781 -16.530014 2.873884
v 3.716455 -16.503377 -2.873884
v 3.719313 -16.476128 -2.873884
v 3.899874 -16.525638 -2.797362
v 3.719313 -16.476128 -2.873884
v 3.903348 -16.492515 -2.797362
v 3.899874 -16.525638 -2.797362
v 3.899874 -16.525638 -2.797362
v 3.903348 -16.492515 -2.797362
v 3.975848 -16.534859 -2.612622
v 3.903348 -16.492515 -2.797362
v 3.979577 -16.499303 -2.612622
v 3.975848 -16.534859 -2.612622
v 3.975848 -16.534859 -2.612622
v 3.979577 -16.499303 -2.612622
v 3.975848 -16.534859 2.612622
v 3.979577 -16.499303 -2.612622
v 3.979577 -16.499303 2.612622
v 3.975848 -16.534859 2.612622
v 3.975848 -16.534859 2.612622
v 3.979577 -16.499303 2.612622
v 3.899874 -16.525638 2.797363
v 3.979577 -16.499303 2.612622
v 3.903348 -16.492515 2.797363
v 3.899874 -16.525638 2.797363
v 3.899874 -16.525638 2.797363
v 3.903348 -16.492515 2.797363
v 3.716455 -16.503377 2.873884
v 3.903348 -16.492515 2.797363
v 3.719313 -16.476128 2.873884
v 3.716455 -16.503377 2.873884
v 3.719313 -16.476128 -2.873884
v 3.721354 -16.448267 -2.873884
v 3.903348 -16.492515 -2.797362
v 3.721354 -16.448267 -2.873884
v 3.905804 -16.458988 -2.797362
v 3.903348 -16.492515 -2.797362
v 3.903348 -16.492515 -2.797362
v 3.905804 -16.458988 -2.797362
v 3.979577 -16.499303 -2.612622
v 3.905804 -16.458988 -2.797362
v 3.982205 -16.463428 -2.612622
v 3.979577 -16.499303 -2.612622
v 3.979577 -16.499303 -2.612622
v 3.982205 -16.463428 -2.612622
v 3.979577 -16.499303 2.612622
v 3.982205 -16.463428 -2.612622
v 3.982205 -16.463428 2.612622
v 3.979577 -16.499303 2.612622
v 3.979577 -16.499303 2.612622
v 3.982205 -16.463428 2.612622
v 3.903348 -16.492515 2.797363
v 3.982205 -16.463428 2.612622
v 3.905804 -16.458988 2.797363
v 3.903348 -16.492515 2.797363
v 3.903348 -16.492515 2.797363
v 3.905804 -16.458988 2.797363
v 3.719313 -16.476128 2.873884
v 3.905804 -16.458988 2.797363
v 3.721354 -16.448267 2.873884
v 3.719313 -16.476128 2.873884
v 3.721354 -16.448267 -2.873884
v 3.722578 -16.419794 -2.873884
v 3.905804 -16.458988 -2.797362
v 3.722578 -16.419794 -2.873884
v 3.907263 -16.425060 -2.797362
v 3.905804 -16.458988 -2.797362
v 3.905804 -16.458988 -2.797362
v 3.907263 -16.425060 -2.797362
v 3.982205 -16.463428 -2.612622
v 3.907263 -16.425060 -2.797362
v 3.983762 -16.427242 -2.612622
v 3.982205 -16.463428 -2.612622
v 3.982205 -16.463428 -2.612622
v 3.983762 -16.427242 -2.612622
v 3.982205 -16.463428 2.612622
v 3.983762 -16.427242 -2.612622
v 3.983762 -16.427242 2.612622
v 3.982205 -16.463428 2.612622
v 3.982205 -16.463428 2.612622
v 3.983762 -16.427242 2.612622
v 3.905804 -16.458988 2.797363
v 3.983762 -16.427242 2.612622
v 3.907263 -16.425060 2.797363
v 3.905804 -16.458988 2.797363
v 3.905804 -16.458988 2.797363
v 3.907263 -16.425060 2.797363
v 3.721354 -16.448267 2.873884
v 3.907263 -16.425060 2.797363
v 3.722578 -16.419794 2.873884
v 3.721354 -16.448267 2.873884
v 3.722578 -16.419794 -2.873884
v 3.722986 -16.390708 -2.873884
v 3.907263 -16.425060 -2.797362
v 3.722986 -16.390708 -2.873884
v 3.907727 -16.392004 -2.797362
v 3.907263 -16.425060 -2.797362
v 3.907263 -16.425060 -2.797362
v 3.907727 -16.392004 -2.797362
v 3.983762 -16.427242 -2.612622
v 3.907727 -16.392004 -2.797362
v 3.984249 -16.392541 -2.612622
v 3.983762 -16.427242 -2.612622
v 3.983762 -16.427242 -2.612622
v 3.984249 -16.392541 -2.612622
v 3.983762 -16.427242 2.612622
v 3.984249 -16.392541 -2.612622
v 3.984249 -16.392541 2.612622
v 3.983762 -16.427242 2.612622
v 3.983762 -16.427242 2.612622
v 3.984249 -16.392541 2.612622
v 3.907263 -16.425060 2.797363
v 3.984249 -16.392541 2.612622
v 3.907727 -16.392004 2.797363
v 3.907263 -16.425060 2.797363
v 3.907263 -16.425060 2.797363
v 3.907727 -16.392004 2.797363
v 3.722578 -16.419794 2.873884
v 3.907727 -16.392004 2.797363
v 3.722986 -16.390708 2.873884
v 3.722578 -16.419794 2.873884
v 3.722986 -16.390708 -2.873884
v 3.722986 -0.440650 -2.873884
v 3.907727 -16.392004 -2.797362
v 3.722986 -0.440650 -2.873884
v 3.907727 -0.434499 -2.797362
v 3.907727 -16.392004 -2.797362
v 3.907727 -16.392004 -2.797362
v 3.907727 -0.434499 -2.797362
v 3.984249 -16.392541 -2.612622
v 3.907727 -0.434499 -2.797362
v 3.984249 -0.431952 -2.612622
v 3.984249 -16.392541 -2.612622
v 3.984249 -16.392541 -2.612622
v 3.984249 -0.431952 -2.612622
v 3.984249 -16.392541 2.612622
v 3.984249 -0.431952 -2.612622
v 3.984249 -0.431952 2.612622
v 3.984249 -16.392541 2.612622
v 3.984249 -16.392541 2.612622
v 3.984249 -0.431952 2.612622
v 3.907727 -16.392004 2.797363
v 3.984249 -0.431952 2.612622
v 3.907727 -0.434499 2.797363
v 3.907727 -16.392004 2.797363
v 3.907727 -16.392004 2.797363
v 3.907727 -0.434499 2.797363
v 3.722986 -16.390708 2.873884
v 3.907727 -0.434499 2.797363
v 3.722986 -0.440650 2.873884
v 3.722986 -16.390708 2.873884
v 3.722986 -0.440650 -2.873884
v 3.717884 -0.364108 -2.873884
v 3.907727 -0.434499 -2.797362
v 3.717884 -0.364108 -2.873884
v 3.901228 -0.337021 -2.797362
v 3.907727 -0.434499 -2.797362
v 3.907727 -0.434499 -2.797362
v 3.901228 -0.337021 -2.797362
v 3.984249 -0.431952 -2.612622
v 3.901228 -0.337021 -2.797362
v 3.977172 -0.325800 -2.612622
v 3.984249 -0.431952 -2.612622
v 3.984249 -0.431952 -2.612622
v 3.977172 -0.325800 -2.612622
v 3.984249 -0.431952 2.612622
v 3.977172 -0.325800 -2.612622
v 3.977172 -0.325800 2.612622
v 3.984249 -0.431952 2.612622
v 3.984249 -0.431952 2.612622
v 3.977172 -0.325800 2.612622
v 3.907727 -0.434499 2.797363
v 3.977172 -0.325800 2.612622
v 3.901228 -0.337021 2.797363
v 3.907727 -0.434499 2.797363
v 3.907727 -0.434499 2.797363
v 3.901228 -0.337021 2.797363
v 3.722986 -0.440650 2.873884
v 3.901228 -0.337021 2.797363
v 3.717884 -0.364108 2.873884
v 3.722986 -0.440650 2.873884
v 3.717884 -0.364108 -2.873884
v 3.702576 -0.297772 -2.873884
v 3.901228 -0.337021 -2.797362
v 3.702576 -0.297772 -2.873884
v 3.878420 -0.238186 -2.797362
v 3.901228 -0.337021 -2.797362
v 3.901228 -0.337021 -2.797362
v 3.878420 -0.238186 -2.797362
v 3.977172 -0.325800 -2.612622
v 3.878420 -0.238186 -2.797362
v 3.951258 -0.213504 -2.612622
v 3.977172 -0.325800 -2.612622
v 3.977172 -0.325800 -2.612622
v 3.951258 -0.213504 -2.612622
v 3.977172 -0.325800 2.612622
v 3.951258 -0.213504 -2.612622
v 3.951258 -0.213504 2.612622
v 3.977172 -0.325800 2.612622
v 3.977172 -0.325800 2.612622
v 3.951258 -0.213504 2.612622
v 3.901228 -0.337021 2.797363
v 3.951258 -0.213504 2.612622
v 3.878420 -0.238186 2.797363
v 3.901228 -0.337021 2.797363
v 3.901228 -0.337021 2.797363
v 3.878420 -0.238186 2.797363
v 3.717884 -0.364108 2.873884
v 3.878420 -0.238186 2.797363
v 3.702576 -0.297772 2.873884
v 3.717884 -0.364108 2.873884
v 3.702576 -0.297772 -2.873884
v 3.677061 -0.241642 -2.873884
v 3.878420 -0.238186 -2.797362
v 3.677061 -0.241642 -2.873884
v 3.836242 -0.145393 -2.797362
v 3.878420 -0.238186 -2.797362
v 3.878420 -0.238186 -2.797362
v 3.836242 -0.145393 -2.797362
v 3.951258 -0.213504 -2.612622
v 3.836242 -0.145393 -2.797362
v 3.902176 -0.105525 -2.612622
v 3.951258 -0.213504 -2.612622
v 3.951258 -0.213504 -2.612622
v 3.902176 -0.105525 -2.612622
v 3.951258 -0.213504 2.612622
v 3.902176 -0.105525 -2.612622
v 3.902176 -0.105525 2.612622
v 3.951258 -0.213504 2.612622
v 3.951258 -0.213504 2.612622
v 3.902176 -0.105525 2.612622
v 3.878420 -0.238186 2.797363
v 3.902176 -0.105525 2.612622
v 3.836242 -0.145393 2.797363
v 3.878420 -0.238186 2.797363
v 3.878420 -0.238186 2.797363
v 3.836242 -0.145393 2.797363
v 3.702576 -0.297772 2.873884
v 3.836242 -0.145393 2.797363
v 3.677061 -0.241642 2.873884
v 3.702576 -0.297772 2.873884
v 3.677061 -0.241642 -2.873884
v 3.641342 -0.195717 -2.873884
v 3.836242 -0.145393 -2.797362
v 3.641342 -0.195717 -2.873884
v 3.772990 -0.064068 -2.797362
v 3.836242 -0.145393 -2.797362
v 3.836242 -0.145393 -2.797362
v 3.772990 -0.064068 -2.797362
v 3.902176 -0.105525 -2.612622
v 3.772990 -0.064068 -2.797362
v 3.827520 -0.009539 -2.612622
v 3.902176 -0.105525 -2.612622
v 3.902176 -0.105525 -2.612622
v 3.827520 -0.009539 -2.612622
v 3.902176 -0.105525 2.612622
v 3.827520 -0.009539 -2.612622
v 3.827520 -0.009539 2.612622
v 3.902176 -0.105525 2.612622
v 3.902176 -0.105525 2.612622
v 3.827520 -0.009539 2.612622
v 3.836242 -0.145393 2.797363
v 3.827520 -0.009539 2.612622
v 3.772990 -0.064068 2.797363
v 3.836242 -0.145393 2.797363
v 3.836242 -0.145393 2.797363
v 3.772990 -0.064068 2.797363
v 3.677061 -0.241642 2.873884
v 3.772990 -0.064068 2.797363
v 3.641342 -0.195717 2.873884
v 3.677061 -0.241642 2.873884
v 3.641342 -0.195717 -2.873884
v 3.595417 -0.159997 -2.873884
v 3.772990 -0.064068 -2.797362
v 3.595417 -0.159997 -2.873884
v 3.691666 -0.000818 -2.797362
v 3.772990 -0.064068 -2.797362
v 3.772990 -0.064068 -2.797362
v 3.691666 -0.000818 -2.797362
v 3.827520 -0.009539 -2.612622
v 3.691666 -0.000818 -2.797362
v 3.731534 0.065117 -2.612622
v 3.827520 -0.009539 -2.612622
v 3.827520 -0.009539 -2.612622
v 3.731534 0.065117 -2.612622
v 3.827520 -0.009539 2.612622
v 3.731534 0.065117 -2.612622
v 3.731534 0.065117 2.612622
v 3.827520 -0.009539 2.612622
v 3.827520 -0.009539 2.612622
v 3.731534 0.065117 2.612622
v 3.772990 -0.064068 2.797363
v 3.731534 0.065117 2.612622
v 3.691666 -0.000818 2.797363
v 3.772990 -0.064068 2.797363
v 3.772990 -0.064068 2.797363
v 3.691666 -0.000818 2.797363
v 3.641342 -0.195717 2.873884
v 3.691666 -0.000818 2.797363
v 3.595417 -0.159997 2.873884
v 3.641342 -0.195717 2.873884
v 3.595417 -0.159997 -2.873884
v 3.539287 -0.134483 -2.873884
v 3.691666 -0.000818 -2.797362
v 3.539287 -0.134483 -2.873884
v 3.598873 0.041361 -2.797362
v 3.691666 -0.000818 -2.797362
v 3.691666 -0.000818 -2.797362
v 3.598873 0.041361 -2.797362
v 3.731534 0.065117 -2.612622
v 3.598873 0.041361 -2.797362
v 3.623554 0.114198 -2.612622
v 3.731534 0.065117 -2.612622
v 3.731534 0.065117 -2.612622
v 3.623554 0.114198 -2.612622
v 3.731534 0.065117 2.612622
v 3.623554 0.114198 -2.612622
v 3.623554 0.114198 2.612622
v 3.731534 0.065117 2.612622
v 3.731534 0.065117 2.612622
v 3.623554 0.114198 2.612622
v 3.691666 -0.000818 2.797363
v 3.623554 0.114198 2.612622
v 3.598873 0.041361 2.797363
v 3.691666 -0.000818 2.797363
v 3.691666 -0.000818 2.797363
v 3.598873 0.041361 2.797363
v 3.595417 -0.159997 2.873884
v 3.598873 0.041361 2.797363
v 3.539287 -0.134483 2.873884
v 3.595417 -0.159997 2.873884
v 3.539287 -0.134483 -2.873884
v 3.472951 -0.119175 -2.873884
v 3.598873 0.041361 -2.797362
v 3.472951 -0.119175 -2.873884
v 3.500038 0.064169 -2.797362
v 3.598873 0.041361 -2.797362
v 3.598873 0.041361 -2.797362
v 3.500038 0.064169 -2.797362
v 3.623554 0.114198 -2.612622
v 3.500038 0.064169 -2.797362
v 3.511259 0.140114 -2.612622
v 3.623554 0.114198 -2.612622
v 3.623554 0.114198 -2.612622
v 3.511259 0.140114 -2.612622
v 3.623554 0.114198 2.612622
v 3.511259 0.140114 -2.612622
v 3.511259 0.140114 2.612622
v 3.623554 0.114198 2.612622
v 3.623554 0.114198 2.612622
v 3.511259 0.140114 2.612622
v 3.598873 0.041361 2.797363
v 3.511259 0.140114 2.612622
v 3.500038 0.064169 2.797363
v 3.598873 0.041361 2.797363
v 3.598873 0.041361 2.797363
v 3.500038 0.064169 2.797363
v 3.539287 -0.134483 2.873884
v 3.500038 0.064169 2.797363
v 3.472951 -0.119175 2.873884
v 3.539287 -0.134483 2.873884
v 3.472951 -0.119175 -2.873884
v 3.396409 -0.114073 -2.873884
v 3.500038 0.064169 -2.797362
v 3.396409 -0.114073 -2.873884
v 3.402560 0.070667 -2.797362
v 3.500038 0.064169 -2.797362
v 3.500038 0.064169 -2.797362
v 3.402560 0.070667 -2.797362
v 3.511259 0.140114 -2.612622
v 3.402560 0.070667 -2.797362
v 3.405108 0.147190 -2.612622
v 3.511259 0.140114 -2.612622
v 3.511259 0.140114 -2.612622
v 3.405108 0.147190 -2.612622
v 3.511259 0.140114 2.612622
v 3.405108 0.147190 -2.612622
v 3.405108 0.147190 2.612622
v 3.511259 0.140114 2.612622
v 3.511259 0.140114 2.612622
v 3.405108 0.147190 2.612622
v 3.500038 0.064169 2.797363
v 3.405108 0.147190 2.612622
v 3.402560 0.070667 2.797363
v 3.500038 0.064169 2.797363
v 3.500038 0.064169 2.797363
v 3.402560 0.070667 2.797363
v 3.472951 -0.119175 2.873884
v 3.402560 0.070667 2.797363
v 3.396409 -0.114073 2.873884
v 3.472951 -0.119175 2.873884
v 3.396409 -0.114073 -2.873884
v -1.175680 -0.114073 -2.873884
v 3.402560 0.070667 -2.797362
v -1.175680 -0.114073 -2.873884
v -1.181831 0.070667 -2.797362
v 3.402560 0.070667 -2.797362
v 3.402560 0.070667 -2.797362
v -1.181831 0.070667 -2.797362
v 3.405108 0.147190 -2.612622
v -1.181831 0.070667 -2.797362
v -1.184379 0.147190 -2.612622
v 3.405108 0.147190 -2.612622
v 3.405108 0.147190 -2.612622
v -1.184379 0.147190 -2.612622
v 3.405108 0.147190 2.612622
v -1.184379 0.147190 -2.612622
v -1.184379 0.147190 2.612622
v 3.405108 0.147190 2.612622
v 3.405108 0.147190 2.612622
v -1.184379 0.147190 2.612622
v 3.402560 0.070667 2.797363
v -1.184379 0.147190 2.612622
v -1.181831 0.070667 2.797363
v 3.402560 0.070667 2.797363
v 3.402560 0.070667 2.797363
v -1.181831 0.070667 2.797363
v 3.396409 -0.114073 2.873884
v -1.181831 0.070667 2.797363
v -1.175680 -0.114073 2.873884
v 3.396409 -0.114073 2.873884
v -1.175680 -0.114073 -2.873884
v -1.252221 -0.119175 -2.873884
v -1.181831 0.070667 -2.797362
v -1.252221 -0.119175 -2.873884
v -1.279309 0.064169 -2.797362
v -1.181831 0.070667 -2.797362
v -1.181831 0.070667 -2.797362
v -1.279309 0.064169 -2.797362
v -1.184379 0.147190 -2.612622
v -1.279309 0.064169 -2.797362
v -1.290530 0.140114 -2.612622
v -1.184379 0.147190 -2.612622
v -1.184379 0.147190 -2.612622
v -1.290530 0.140114 -2.612622
v -1.184379 0.147190 2.612622
v -1.290530 0.140114 -2.612622
v -1.290530 0.140114 2.612622
v -1.184379 0.147190 2.612622
v -1.184379 0.147190 2.612622
v -1.290530 0.140114 2.612622
v -1.181831 0.070667 2.797363
v -1.290530 0.140114 2.612622
v -1.279309 0.064169 2.797363
v -1.181831 0.070667 2.797363
v -1.181831 0.070667 2.797363
v -1.279309 0.064169 2.797363
v -1.175680 -0.114073 2.873884
v -1.279309 0.064169 2.797363
v -1.252221 -0.119175 2.873884
v -1.175680 -0.114073 2.873884
v -1.252221 -0.119175 -2.873884
v -1.318557 -0.134483 -2.873884
v -1.279309 0.064169 -2.797362
v -1.318557 -0.134483 -2.873884
v -1.378144 0.041361 -2.797362
v -1.279309 0.064169 -2.797362
v -1.279309 0.064169 -2.797362
v -1.378144 0.041361 -2.797362
v -1.290530 0.140114 -2.612622
v -1.378144 0.041361 -2.797362
v -1.402825 0.114198 -2.612622
v -1.290530 0.140114 -2.612622
v -1.290530 0.140114 -2.612622
v -1.402825 0.114198 -2.612622
v -1.290530 0.140114 2.612622
v -1.402825 0.114198 -2.612622
v -1.402825 0.114198 2.612622
v -1.290530 0.140114 2.612622
v -1.290530 0.140114 2.612622
v -1.402825 0.114198 2.612622
v -1.279309 0.064169 2.797363
v -1.402825 0.114198 2.612622
v -1.378144 0.041361 2.797363
v -1.279309 0.064169 2.797363
v -1.279309 0.064169 2.797363
v -1.378144 0.041361 2.797363
v -1.252221 -0.119175 2.873884
v -1.378144 0.041361 2.797363
v -1.318557 -0.134483 2.873884
v -1.252221 -0.119175 2.873884
v -1.318557 -0.134483 -2.873884
v -1.374688 -0.159997 -2.873884
v -1.378144 0.041361 -2.797362
v -1.374688 -0.159997 -2.873884
v -1.470937 -0.000818 -2.797362
v -1.378144 0.041361 -2.797362
v -1.378144 0.041361 -2.797362
v -1.470937 -0.000818 -2.797362
v -1.402825 0.114198 -2.612622
v -1.470937 -0.000818 -2.797362
v -1.510805 0.065117 -2.612622
v -1.402825 0.114198 -2.612622
v -1.402825 0.114198 -2.612622
v -1.510805 0.065117 -2.612622
v -1.402825 0.114198 2.612622
v -1.510805 0.065117 -2.612622
v -1.510805 0.065117 2.612622
v -1.402825 0.114198 2.612622
v -1.402825 0.114198 2.612622
v -1.510805 0.065117 2.612622
v -1.378144 0.041361 2.797363
v -1.510805 0.065117 2.612622
v -1.470937 -0.000818 2.797363
v -1.378144 0.041361 2.797363
v -1.378144 0.041361 2.797363
v -1.470937 -0.000818 2.797363
v -1.318557 -0.134483 2.873884
v -1.470937 -0.000818 2.797363
v -1.374688 -0.159997 2.873884
v -1.318557 -0.134483 2.873884
v -1.374688 -0.159997 -2.873884
v -1.420613 -0.195717 -2.873884
v -1.470937 -0.000818 -2.797362
v -1.420613 -0.195717 -2.873884
v -1.552261 -0.064068 -2.797362
v -1.470937 -0.000818 -2.797362
v -1.470937 -0.000818 -2.797362
v -1.552261 -0.064068 -2.797362
v -1.510805 0.065117 -2.612622
v -1.552261 -0.064068 -2.797362
v -1.606791 -0.009539 -2.612622
v -1.510805 0.065117 -2.612622
v -1.510805 0.065117 -2.612622
v -1.606791 -0.009539 -2.612622
v -1.510805 0.065117 2.612622
v -1.606791 -0.009539 -2.612622
v -1.606791 -0.009539 2.612622
v -1.510805 0.065117 2.612622
v -1.510805 0.065117 2.612622
v -1.606791 -0.009539 2.612622
v -1.470937 -0.000818 2.797363
v -1.606791 -0.009539 2.612622
v -1.552261 -0.064068 2.797363
v -1.470937 -0.000818 2.797363
v -1.470937 -0.000818 2.797363
v -1.552261 -0.064068 2.797363
v -1.374688 -0.159997 2.873884
v -1.552261 -0.064068 2.797363
v -1.420613 -0.195717 2.873884
v -1.374688 -0.159997 2.873884
v -1.420613 -0.195717 -2.873884
v -1.456333 -0.241642 -2.873884
v -1.552261 -0.064068 -2.797362
v -1.456333 -0.241642 -2.873884
v -1.615513 -0.145393 -2.797362
v -1.552261 -0.064068 -2.797362
v -1.552261 -0.064068 -2.797362
v -1.615513 -0.145393 -2.797362
v -1.606791 -0.009539 -2.612622
v -1.615513 -0.145393 -2.797362
v -1.681447 -0.105525 -2.612622
v -1.606791 -0.009539 -2.612622
v -1.606791 -0.009539 -2.612622
v -1.681447 -0.105525 -2.612622
v -1.606791 -0.009539 2.612622
v -1.681447 -0.105525 -2.612622
v -1.681447 -0.105525 2.612622
v -1.606791 -0.009539 2.612622
v -1.606791 -0.009539 2.612622
v -1.681447 -0.105525 2.612622
v -1.552261 -0.064068 2.797363
v -1.681447 -0.105525 2.612622
v -1.615513 -0.145393 2.797363
v -1.552261 -0.064068 2.797363
v -1.552261 -0.064068 2.797363
v -1.615513 -0.145393 2.797363
v -1.420613 -0.195717 2.873884
v -1.615513 -0.145393 2.797363
v -1.456333 -0.241642 2.873884
v -1.420613 -0.195717 2.873884
v -1.456333 -0.241642 -2.873884
v -1.481846 -0.297772 -2.873884
v -1.615513 -0.145393 -2.797362
v -1.481846 -0.297772 -2.873884
v -1.657691 -0.238186 -2.797362
v -1.615513 -0.145393 -2.797362
v -1.615513 -0.145393 -2.797362
v -1.657691 -0.238186 -2.797362
v -1.681447 -0.105525 -2.612622
v -1.657691 -0.238186 -2.797362
v -1.730529 -0.213504 -2.612622
v -1.681447 -0.105525 -2.612622
v -1.681447 -0.105525 -2.612622
v -1.730529 -0.213504 -2.612622
v -1.681447 -0.105525 2.612622
v -1.730529 -0.213504 -2.612622
v -1.730529 -0.213504 2.612622
v -1.681447 -0.105525 2.612622
v -1.681447 -0.105525 2.612622
v -1.730529 -0.213504 2.612622
v -1.615513 -0.145393 2.797363
v -1.730529 -0.213504 2.612622
v -1.657691 -0.238186 2.797363
v -1.615513 -0.145393 2.797363
v -1.615513 -0.145393 2.797363
v -1.657691 -0.238186 2.797363
v -1.456333 -0.241642 2.873884
v -1.657691 -0.238186 2.797363
v -1.481846 -0.297772 2.873884
v -1.456333 -0.241642 2.873884
v -1.481846 -0.297772 -2.873884
v -1.497155 -0.364108 -2.873884
v -1.657691 -0.238186 -2.797362
v -1.497155 -0.364108 -2.873884
v -1.680499 -0.337021 -2.797362
v -1.657691 -0.238186 -2.797362
v -1.657691 -0.238186 -2.797362
v -1.680499 -0.337021 -2.797362
v -1.730529 -0.213504 -2.612622
v -1.680499 -0.337021 -2.797362
v -1.756443 -0.325800 -2.612622
v -1.730529 -0.213504 -2.612622
v -1.730529 -0.213504 -2.612622
v -1.756443 -0.325800 -2.612622
v -1.730529 -0.213504 2.612622
v -1.756443 -0.325800 -2.612622
v -1.756443 -0.325800 2.612622
v -1.730529 -0.213504 2.612622
v -1.730529 -0.213504 2.612622
v -1.756443 -0.325800 2.612622
v -1.657691 -0.238186 2.797363
v -1.756443 -0.325800 2.612622
v -1.680499 -0.337021 2.797363
v -1.657691 -0.238186 2.797363
v -1.657691 -0.238186 2.797363
v -1.680499 -0.337021 2.797363
v -1.481846 -0.297772 2.873884
v -1.680499 -0.337021 2.797363
v -1.497155 -0.364108 2.873884
v -1.481846 -0.297772 2.873884
v -1.497155 -0.364108 -2.873884
v -1.502258 -0.440650 -2.873884
v -1.680499 -0.337021 -2.797362
v -1.502258 -0.440650 -2.873884
v -1.686998 -0.434499 -2.797362
v -1.680499 -0.337021 -2.797362
v -1.680499 -0.337021 -2.797362
v -1.686998 -0.434499 -2.797362
v -1.756443 -0.325800 -2.612622
v -1.686998 -0.434499 -2.797362
v -1.763520 -0.431952 -2.612622
v -1.756443 -0.325800 -2.612622
v -1.756443 -0.325800 -2.612622
v -1.763520 -0.431952 -2.612622
v -1.756443 -0.325800 2.612622
v -1.763520 -0.431952 -2.612622
v -1.763520 -0.431952 2.612622
v -1.756443 -0.325800 2.612622
v -1.756443 -0.325800 2.612622
v -1.763520 -0.431952 2.612622
v -1.680499 -0.337021 2.797363
v -1.763520 -0.431952 2.612622
v -1.686998 -0.434499 2.797363
v -1.680499 -0.337021 2.797363
v -1.680499 -0.337021 2.797363
v -1.686998 -0.434499 2.797363
v -1.497155 -0.364108 2.873884
v -1.686998 -0.434499 2.797363
v -1.502258 -0.440650 2.873884
v -1.497155 -0.364108 2.873884
v -1.502258 -0.440650 -2.873884
v -1.502258 -13.529887 -2.873884
v -1.686998 -0.434499 -2.797362
v -1.502258 -13.529887 -2.873884
v -1.686998 -13.526488 -2.797362
v -1.686998 -0.434499 -2.797362
v -1.686998 -0.434499 -2.797362
v -1.686998 -13.526488 -2.797362
v -1.763520 -0.431952 -2.612622
v -1.686998 -13.526488 -2.797362
v -1.763520 -13.525080 -2.612622
v -1.763520 -0.431952 -2.612622
v -1.763520 -0.431952 -2.612622
v -1.763520 -13.525080 -2.612622
v -1.763520 -0.431952 2.612622
v -1.763520 -13.525080 -2.612622
v -1.763520 -13.525080 2.612622
v -1.763520 -0.431952 2.612622
v -1.763520 -0.431952 2.612622
v -1.763520 -13.525080 2.612622
v -1.686998 -0.434499 2.797363
v -1.763520 -13.525080 2.612622
v -1.686998 -13.526488 2.797363
v -1.686998 -0.434499 2.797363
v -1.686998 -0.434499 2.797363
v -1.686998 -13.526488 2.797363
v -1.502258 -0.440650 2.873884
v -1.686998 -13.526488 2.797363
v -1.502258 -13.529887 2.873884
v -1.502258 -0.440650 2.873884
v -1.502258 -13.529887 -2.873884
v -1.504707 -13.596427 -2.873884
v -1.686998 -13.526488 -2.797362
v -1.504707 -13.596427 -2.873884
v -1.689049 -13.582214 -2.797362
v -1.686998 -13.526488 -2.797362
v -1.686998 -13.526488 -2.797362
v -1.689049 -13.582214 -2.797362
v -1.763520 -13.525080 -2.612622
v -1.689049 -13.582214 -2.797362
v -1.765406 -13.576326 -2.612622
v -1.763520 -13.525080 -2.612622
v -1.763520 -13.525080 -2.612622
v -1.765406 -13.576326 -2.612622
v -1.763520 -13.525080 2.612622
v -1.765406 -13.576326 -2.612622
v -1.765406 -13.576326 2.612622
v -1.763520 -13.525080 2.612622
v -1.763520 -13.525080 2.612622
v -1.765406 -13.576326 2.612622
v -1.686998 -13.526488 2.797363
v -1.765406 -13.576326 2.612622
v -1.689049 -13.582214 2.797363
v -1.686998 -13.526488 2.797363
v -1.686998 -13.526488 2.797363
v -1.689049 -13.582214 2.797363
v -1.502258 -13.529887 2.873884
v -1.689049 -13.582214 2.797363
v -1.504707 -13.596427 2.873884
v -1.502258 -13.529887 2.873884
v -1.504707 -13.596427 -2.873884
v -1.512055 -13.658885 -2.873884
v -1.689049 -13.582214 -2.797362
v -1.512055 -13.658885 -2.873884
v -1.694561 -13.629067 -2.797362
v -1.689049 -13.582214 -2.797362
v -1.689049 -13.582214 -2.797362
v -1.694561 -13.629067 -2.797362
v -1.765406 -13.576326 -2.612622
v -1.694561 -13.629067 -2.797362
v -1.770158 -13.616715 -2.612622
v -1.765406 -13.576326 -2.612622
v -1.765406 -13.576326 -2.612622
v -1.770158 -13.616715 -2.612622
v -1.765406 -13.576326 2.612622
v -1.770158 -13.616715 -2.612622
v -1.770158 -13.616715 2.612622
v -1.765406 -13.576326 2.612622
v -1.765406 -13.576326 2.612622
v -1.770158 -13.616715 2.612622
v -1.689049 -13.582214 2.797363
v -1.770158 -13.616715 2.612622
v -1.694561 -13.629067 2.797363
v -1.689049 -13.582214 2.797363
v -1.689049 -13.582214 2.797363
v -1.694561 -13.629067 2.797363
v -1.504707 -13.596427 2.873884
v -1.694561 -13.629067 2.797363
v -1.512055 -13.658885 2.873884
v -1.504707 -13.596427 2.873884
v -1.512055 -13.658885 -2.873884
v -1.524302 -13.717261 -2.873884
v -1.694561 -13.629067 -2.797362
v -1.524302 -13.717261 -2.873884
v -1.703225 -13.670364 -2.797362
v -1.694561 -13.629067 -2.797362
v -1.694561 -13.629067 -2.797362
v -1.703225 -13.670364 -2.797362
v -1.770158 -13.616715 -2.612622
v -1.703225 -13.670364 -2.797362
v -1.777338 -13.650940 -2.612622
v -1.770158 -13.616715 -2.612622
v -1.770158 -13.616715 -2.612622
v -1.777338 -13.650940 -2.612622
v -1.770158 -13.616715 2.612622
v -1.777338 -13.650940 -2.612622
v -1.777338 -13.650940 2.612622
v -1.770158 -13.616715 2.612622
v -1.770158 -13.616715 2.612622
v -1.777338 -13.650940 2.612622
v -1.694561 -13.629067 2.797363
v -1.777338 -13.650940 2.612622
v -1.703225 -13.670364 2.797363
v -1.694561 -13.629067 2.797363
v -1.694561 -13.629067 2.797363
v -1.703225 -13.670364 2.797363
v -1.512055 -13.658885 2.873884
v -1.703225 -13.670364 2.797363
v -1.524302 -13.717261 2.873884
v -1.512055 -13.658885 2.873884
v -1.524302 -13.717261 -2.873884
v -1.541447 -13.771554 -2.873884
v -1.703225 -13.670364 -2.797362
v -1.541447 -13.771554 -2.873884
v -1.714610 -13.706418 -2.797362
v -1.703225 -13.670364 -2.797362
v -1.703225 -13.670364 -2.797362
v -1.714610 -13.706418 -2.797362
v -1.777338 -13.650940 -2.612622
v -1.714610 -13.706418 -2.797362
v -1.786337 -13.679437 -2.612622
v -1.777338 -13.650940 -2.612622
v -1.777338 -13.650940 -2.612622
v -1.786337 -13.679437 -2.612622
v -1.777338 -13.650940 2.612622
v -1.786337 -13.679437 -2.612622
v -1.786337 -13.679437 2.612622
v -1.777338 -13.650940 2.612622
v -1.777338 -13.650940 2.612622
v -1.786337 -13.679437 2.612622
v -1.703225 -13.670364 2.797363
v -1.786337 -13.679437 2.612622
v -1.714610 -13.706418 2.797363
v -1.703225 -13.670364 2.797363
v -1.703225 -13.670364 2.797363
v -1.714610 -13.706418 2.797363
v -1.524302 -13.717261 2.873884
v -1.714610 -13.706418 2.797363
v -1.541447 -13.771554 2.873884
v -1.524302 -13.717261 2.873884
v -1.541447 -13.771554 -2.873884
v -1.563491 -13.821766 -2.873884
v -1.714610 -13.706418 -2.797362
v -1.563491 -13.821766 -2.873884
v -1.728375 -13.737770 -2.797362
v -1.714610 -13.706418 -2.797362
v -1.714610 -13.706418 -2.797362
v -1.728375 -13.737770 -2.797362
v -1.786337 -13.679437 -2.612622
v -1.728375 -13.737770 -2.797362
v -1.796672 -13.702978 -2.612622
v -1.786337 -13.679437 -2.612622
v -1.786337 -13.679437 -2.612622
v -1.796672 -13.702978 -2.612622
v -1.786337 -13.679437 2.612622
v -1.796672 -13.702978 -2.612622
v -1.796672 -13.702978 2.612622
v -1.786337 -13.679437 2.612622
v -1.786337 -13.679437 2.612622
v -1.796672 -13.702978 2.612622
v -1.714610 -13.706418 2.797363
v -1.796672 -13.702978 2.612622
v -1.728375 -13.737770 2.797363
v -1.714610 -13.706418 2.797363
v -1.714610 -13.706418 2.797363
v -1.728375 -13.737770 2.797363
v -1.541447 -13.771554 2.873884
v -1.728375 -13.737770 2.797363
v -1.563491 -13.821766 2.873884
v -1.541447 -13.771554 2.873884
v -1.563491 -13.821766 -2.873884
v -1.590433 -13.867895 -2.873884
v -1.728375 -13.737770 -2.797362
v -1.590433 -13.867895 -2.873884
v -1.744382 -13.765177 -2.797362
v -1.728375 -13.737770 -2.797362
v -1.728375 -13.737770 -2.797362
v -1.744382 -13.765177 -2.797362
v -1.796672 -13.702978 -2.612622
v -1.744382 -13.765177 -2.797362
v -1.808150 -13.722630 -2.612622
v -1.796672 -13.702978 -2.612622
v -1.796672 -13.702978 -2.612622
v -1.808150 -13.722630 -2.612622
v -1.796672 -13.702978 2.612622
v -1.808150 -13.722630 -2.612622
v -1.808150 -13.722630 2.612622
v -1.796672 -13.702978 2.612622
v -1.796672 -13.702978 2.612622
v -1.808150 -13.722630 2.612622
v -1.728375 -13.737770 2.797363
v -1.808150 -13.722630 2.612622
v -1.744382 -13.765177 2.797363
v -1.728375 -13.737770 2.797363
v -1.728375 -13.737770 2.797363
v -1.744382 -13.765177 2.797363
v -1.563491 -13.821766 2.873884
v -1.744382 -13.765177 2.797363
v -1.590433 -13.867895 2.873884
v -1.563491 -13.821766 2.873884
v -1.590433 -13.867895 -2.873884
v -1.622275 -13.909942 -2.873884
v -1.744382 -13.765177 -2.797362
v -1.622275 -13.909942 -2.873884
v -1.762803 -13.789501 -2.797362
v -1.744382 -13.765177 -2.797362
v -1.744382 -13.765177 -2.797362
v -1.762803 -13.789501 -2.797362
v -1.808150 -13.722630 -2.612622
v -1.762803 -13.789501 -2.797362
v -1.821011 -13.739614 -2.612622
v -1.808150 -13.722630 -2.612622
v -1.808150 -13.722630 -2.612622
v -1.821011 -13.739614 -2.612622
v -1.808150 -13.722630 2.612622
v -1.821011 -13.739614 -2.612622
v -1.821011 -13.739614 2.612622
v -1.808150 -13.722630 2.612622
v -1.808150 -13.722630 2.612622
v -1.821011 -13.739614 2.612622
v -1.744382 -13.765177 2.797363
v -1.821011 -13.739614 2.612622
v -1.762803 -13.789501 2.797363
v -1.744382 -13.765177 2.797363
v -1.744382 -13.765177 2.797363
v -1.762803 -13.789501 2.797363
v -1.590433 -13.867895 2.873884
v -1.762803 -13.789501 2.797363
v -1.622275 -13.909942 2.873884
v -1.590433 -13.867895 2.873884
v -1.622275 -13.909942 -2.873884
v -1.659015 -13.947906 -2.873884
v -1.762803 -13.789501 -2.797362
v -1.659015 -13.947906 -2.873884
v -1.790716 -13.818346 -2.797362
v -1.762803 -13.789501 -2.797362
v -1.762803 -13.789501 -2.797362
v -1.790716 -13.818346 -2.797362
v -1.821011 -13.739614 -2.612622
v -1.790716 -13.818346 -2.797362
v -1.845269 -13.764680 -2.612622
v -1.821011 -13.739614 -2.612622
v -1.821011 -13.739614 -2.612622
v -1.845269 -13.764680 -2.612622
v -1.821011 -13.739614 2.612622
v -1.845269 -13.764680 -2.612622
v -1.845269 -13.764680 2.612622
v -1.821011 -13.739614 2.612622
v -1.821011 -13.739614 2.612622
v -1.845269 -13.764680 2.612622
v -1.762803 -13.789501 2.797363
v -1.845269 -13.764680 2.612622
v -1.790716 -13.818346 2.797363
v -1.762803 -13.789501 2.797363
v -1.762803 -13.789501 2.797363
v -1.790716 -13.818346 2.797363
v -1.622275 -13.909942 2.873884
v -1.790716 -13.818346 2.797363
v -1.659015 -13.947906 2.873884
v -1.622275 -13.909942 2.873884
v -1.659015 -13.947906 -2.873884
v -3.592355 -15.881247 -2.873884
v -1.790716 -13.818346 -2.797362
v -3.592355 -15.881247 -2.873884
v -3.729618 -15.757247 -2.797362
v -1.790716 -13.818346 -2.797362
v -1.790716 -13.818346 -2.797362
v -3.729618 -15.757247 -2.797362
v -1.845269 -13.764680 -2.612622
v -3.729618 -15.757247 -2.797362
v -3.786474 -15.705885 -2.612622
v -1.845269 -13.764680 -2.612622
v -1.845269 -13.764680 -2.612622
v -3.786474 -15.705885 -2.612622
v -1.845269 -13.764680 2.612622
v -3.786474 -15.705885 -2.612622
v -3.786474 -15.705885 2.612622
v -1.845269 -13.764680 2.612622
v -1.845269 -13.764680 2.612622
v -3.786474 -15.705885 2.612622
v -1.790716 -13.818346 2.797363
v -3.786474 -15.705885 2.612622
v -3.729618 -15.757247 2.797363
v -1.790716 -13.818346 2.797363
v -1.790716 -13.818346 2.797363
v -3.729618 -15.757247 2.797363
v -1.659015 -13.947906 2.873884
v -3.729618 -15.757247 2.797363
v -3.592355 -15.881247 2.873884
v -1.659015 -13.947906 2.873884
v -3.592355 -15.881247 -2.873884
v -3.622972 -15.918803 -2.873884
v -3.729618 -15.757247 -2.797362
v -3.622972 -15.918803 -2.873884
v -3.772445 -15.809782 -2.797362
v -3.729618 -15.757247 -2.797362
v -3.729618 -15.757247 -2.797362
v -3.772445 -15.809782 -2.797362
v -3.786474 -15.705885 -2.612622
v -3.772445 -15.809782 -2.797362
v -3.834360 -15.764624 -2.612622
v -3.786474 -15.705885 -2.612622
v -3.786474 -15.705885 -2.612622
v -3.834360 -15.764624 -2.612622
v -3.786474 -15.705885 2.612622
v -3.834360 -15.764624 -2.612622
v -3.834360 -15.764624 2.612622
v -3.786474 -15.705885 2.612622
v -3.786474 -15.705885 2.612622
v -3.834360 -15.764624 2.612622
v -3.729618 -15.757247 2.797363
v -3.834360 -15.764624 2.612622
v -3.772445 -15.809782 2.797363
v -3.729618 -15.757247 2.797363
v -3.729618 -15.757247 2.797363
v -3.772445 -15.809782 2.797363
v -3.592355 -15.881247 2.873884
v -3.772445 -15.809782 2.797363
v -3.622972 -15.918803 2.873884
v -3.592355 -15.881247 2.873884
v -3.622972 -15.918803 -2.873884
v -3.649506 -15.959625 -2.873884
v -3.772445 -15.809782 -2.797362
v -3.649506 -15.959625 -2.873884
v -3.809709 -15.867110 -2.797362
v -3.772445 -15.809782 -2.797362
v -3.772445 -15.809782 -2.797362
v -3.809709 -15.867110 -2.797362
v -3.834360 -15.764624 -2.612622
v -3.809709 -15.867110 -2.797362
v -3.876067 -15.828789 -2.612622
v -3.834360 -15.764624 -2.612622
v -3.834360 -15.764624 -2.612622
v -3.876067 -15.828789 -2.612622
v -3.834360 -15.764624 2.612622
v -3.876067 -15.828789 -2.612622
v -3.876067 -15.828789 2.612622
v -3.834360 -15.764624 2.612622
v -3.834360 -15.764624 2.612622
v -3.876067 -15.828789 2.612622
v -3.772445 -15.809782 2.797363
v -3.876067 -15.828789 2.612622
v -3.809709 -15.867110 2.797363
v -3.772445 -15.809782 2.797363
v -3.772445 -15.809782 2.797363
v -3.809709 -15.867110 2.797363
v -3.622972 -15.918803 2.873884
v -3.809709 -15.867110 2.797363
v -3.649506 -15.959625 2.873884
v -3.622972 -15.918803 2.873884
v -3.649506 -15.959625 -2.873884
v -3.671958 -16.003713 -2.873884
v -3.809709 -15.867110 -2.797362
v -3.671958 -16.003713 -2.873884
v -3.840817 -15.928196 -2.797362
v -3.809709 -15.867110 -2.797362
v -3.809709 -15.867110 -2.797362
v -3.840817 -15.928196 -2.797362
v -3.876067 -15.828789 -2.612622
v -3.840817 -15.928196 -2.797362
v -3.910760 -15.896915 -2.612622
v -3.876067 -15.828789 -2.612622
v -3.876067 -15.828789 -2.612622
v -3.910760 -15.896915 -2.612622
v -3.876067 -15.828789 2.612622
v -3.910760 -15.896915 -2.612622
v -3.910760 -15.896915 2.612622
v -3.876067 -15.828789 2.612622
v -3.876067 -15.828789 2.612622
v -3.910760 -15.896915 2.612622
v -3.809709 -15.867110 2.797363
v -3.910760 -15.896915 2.612622
v -3.840817 -15.928196 2.797363
v -3.809709 -15.867110 2.797363
v -3.809709 -15.867110 2.797363
v -3.840817 -15.928196 2.797363
v -3.649506 -15.959625 2.873884
v -3.840817 -15.928196 2.797363
v -3.671958 -16.003713 2.873884
v -3.649506 -15.959625 2.873884
v -3.671958 -16.003713 -2.873884
v -3.690328 -16.051067 -2.873884
v -3.840817 -15.928196 -2.797362
v -3.690328 -16.051067 -2.873884
v -3.865738 -15.992436 -2.797362
v -3.840817 -15.928196 -2.797362
v -3.840817 -15.928196 -2.797362
v -3.865738 -15.992436 -2.797362
v -3.910760 -15.896915 -2.612622
v -3.865738 -15.992436 -2.797362
v -3.938394 -15.968149 -2.612622
v -3.910760 -15.896915 -2.612622
v -3.910760 -15.896915 -2.612622
v -3.938394 -15.968149 -2.612622
v -3.910760 -15.896915 2.612622
v -3.938394 -15.968149 -2.612622
v -3.938394 -15.968149 2.612622
v -3.910760 -15.896915 2.612622
v -3.910760 -15.896915 2.612622
v -3.938394 -15.968149 2.612622
v -3.840817 -15.928196 2.797363
v -3.938394 -15.968149 2.612622
v -3.865738 -15.992436 2.797363
v -3.840817 -15.928196 2.797363
v -3.840817 -15.928196 2.797363
v -3.865738 -15.992436 2.797363
v -3.671958 -16.003713 2.873884
v -3.865738 -15.992436 2.797363
v -3.690328 -16.051067 2.873884
v -3.671958 -16.003713 2.873884
v -3.690328 -16.051067 -2.873884
v -3.704616 -16.101686 -2.873884
v -3.865738 -15.992436 -2.797362
v -3.704616 -16.101686 -2.873884
v -3.884617 -16.059324 -2.797362
v -3.865738 -15.992436 -2.797362
v -3.865738 -15.992436 -2.797362
v -3.884617 -16.059324 -2.797362
v -3.938394 -15.968149 -2.612622
v -3.884617 -16.059324 -2.797362
v -3.959176 -16.041777 -2.612622
v -3.938394 -15.968149 -2.612622
v -3.938394 -15.968149 -2.612622
v -3.959176 -16.041777 -2.612622
v -3.938394 -15.968149 2.612622
v -3.959176 -16.041777 -2.612622
v -3.959176 -16.041777 2.612622
v -3.938394 -15.968149 2.612622
v -3.938394 -15.968149 2.612622
v -3.959176 -16.041777 2.612622
v -3.865738 -15.992436 2.797363
v -3.959176 -16.041777 2.612622
v -3.884617 -16.059324 2.797363
v -3.865738 -15.992436 2.797363
v -3.865738 -15.992436 2.797363
v -3.884617 -16.059324 2.797363
v -3.690328 -16.051067 2.873884
v -3.884617 -16.059324 2.797363
v -3.704616 -16.101686 2.873884
v -3.690328 -16.051067 2.873884
v -3.704616 -16.101686 -2.873884
v -3.714822 -16.155572 -2.873884
v -3.884617 -16.059324 -2.797362
v -3.714822 -16.155572 -2.873884
v -3.897719 -16.128499 -2.797362
v -3.884617 -16.059324 -2.797362
v -3.884617 -16.059324 -2.797362
v -3.897719 -16.128499 -2.797362
v -3.959176 -16.041777 -2.612622
v -3.897719 -16.128499 -2.797362
v -3.973477 -16.117285 -2.612622
v -3.959176 -16.041777 -2.612622
v -3.959176 -16.041777 -2.612622
v -3.973477 -16.117285 -2.612622
v -3.959176 -16.041777 2.612622
v -3.973477 -16.117285 -2.612622
v -3.973477 -16.117285 2.612622
v -3.959176 -16.041777 2.612622
v -3.959176 -16.041777 2.612622
v -3.973477 -16.117285 2.612622
v -3.884617 -16.059324 2.797363
v -3.973477 -16.117285 2.612622
v -3.897719 -16.128499 2.797363
v -3.884617 -16.059324 2.797363
v -3.884617 -16.059324 2.797363
v -3.897719 -16.128499 2.797363
v -3.704616 -16.101686 2.873884
v -3.897719 -16.128499 2.797363
v -3.714822 -16.155572 2.873884
v -3.704616 -16.101686 2.873884
v -3.714822 -16.155572 -2.873884
v -3.720945 -16.212723 -2.873884
v -3.897719 -16.128499 -2.797362
v -3.720945 -16.212723 -2.873884
v -3.905352 -16.199746 -2.797362
v -3.897719 -16.128499 -2.797362
v -3.897719 -16.128499 -2.797362
v -3.905352 -16.199746 -2.797362
v -3.973477 -16.117285 -2.612622
v -3.905352 -16.199746 -2.797362
v -3.981736 -16.194371 -2.612622
v -3.973477 -16.117285 -2.612622
v -3.973477 -16.117285 -2.612622
v -3.981736 -16.194371 -2.612622
v -3.973477 -16.117285 2.612622
v -3.981736 -16.194371 -2.612622
v -3.981736 -16.194371 2.612622
v -3.973477 -16.117285 2.612622
v -3.973477 -16.117285 2.612622
v -3.981736 -16.194371 2.612622
v -3.897719 -16.128499 2.797363
v -3.981736 -16.194371 2.612622
v -3.905352 -16.199746 2.797363
v -3.897719 -16.128499 2.797363
v -3.897719 -16.128499 2.797363
v -3.905352 -16.199746 2.797363
v -3.714822 -16.155572 2.873884
v -3.905352 -16.199746 2.797363
v -3.720945 -16.212723 2.873884
v -3.714822 -16.155572 2.873884
v -3.720945 -16.212723 -2.873884
v -3.722986 -16.273140 -2.873884
v -3.905352 -16.199746 -2.797362
v -3.722986 -16.273140 -2.873884
v -3.907727 -16.270020 -2.797362
v -3.905352 -16.199746 -2.797362
v -3.905352 -16.199746 -2.797362
v -3.907727 -16.270020 -2.797362
v -3.981736 -16.194371 -2.612622
v -3.907727 -16.270020 -2.797362
v -3.984249 -16.268728 -2.612622
v -3.981736 -16.194371 -2.612622
v -3.981736 -16.194371 -2.612622
v -3.984249 -16.268728 -2.612622
v -3.981736 -16.194371 2.612622
v -3.984249 -16.268728 -2.612622
v -3.984249 -16.268728 2.612622
v -3.981736 -16.194371 2.612622
v -3.981736 -16.194371 2.612622
v -3.984249 -16.268728 2.612622
v -3.905352 -16.199746 2.797363
v -3.984249 -16.268728 2.612622
v -3.907727 -16.270020 2.797363
v -3.905352 -16.199746 2.797363
v -3.905352 -16.199746 2.797363
v -3.907727 -16.270020 2.797363
v -3.720945 -16.212723 2.873884
v -3.907727 -16.270020 2.797363
v -3.722986 -16.273140 2.873884
v -3.720945 -16.212723 2.873884
v -3.722986 -16.273140 -2.873884
v -3.722986 -19.382160 -2.873884
v -3.907727 -16.270020 -2.797362
v -3.722986 -19.382160 -2.873884
v -3.907727 -19.388311 -2.797362
v -3.907727 -16.270020 -2.797362
v -3.907727 -16.270020 -2.797362
v -3.907727 -19.388311 -2.797362
v -3.984249 -16.268728 -2.612622
v -3.907727 -19.388311 -2.797362
v -3.984249 -19.390859 -2.612622
v -3.984249 -16.268728 -2.612622
v -3.984249 -16.268728 -2.612622
v -3.984249 -19.390859 -2.612622
v -3.984249 -16.268728 2.612622
v -3.984249 -19.390859 -2.612622
v -3.984249 -19.390859 2.612622
v -3.984249 -16.268728 2.612622
v -3.984249 -16.268728 2.612622
v -3.984249 -19.390859 2.612622
v -3.907727 -16.270020 2.797363
v -3.984249 -19.390859 2.612622
v -3.907727 -19.388311 2.797363
v -3.907727 -16.270020 2.797363
v -3.907727 -16.270020 2.797363
v -3.907727 -19.388311 2.797363
v -3.722986 -16.273140 2.873884
v -3.907727 -19.388311 2.797363
v -3.722986 -19.382160 2.873884
v -3.722986 -16.273140 2.873884
v -3.722986 -19.382160 -2.873884
v -3.717884 -19.458702 -2.873884
v -3.907727 -19.388311 -2.797362
v -3.717884 -19.458702 -2.873884
v -3.901228 -19.485790 -2.797362
v -3.907727 -19.388311 -2.797362
v -3.907727 -19.388311 -2.797362
v -3.901228 -19.485790 -2.797362
v -3.984249 -19.390859 -2.612622
v -3.901228 -19.485790 -2.797362
v -3.977172 -19.497010 -2.612622
v -3.984249 -19.390859 -2.612622
v -3.984249 -19.390859 -2.612622
v -3.977172 -19.497010 -2.612622
v -3.984249 -19.390859 2.612622
v -3.977172 -19.497010 -2.612622
v -3.977172 -19.497010 2.612622
v -3.984249 -19.390859 2.612622
v -3.984249 -19.390859 2.612622
v -3.977172 -19.497010 2.612622
v -3.907727 -19.388311 2.797363
v -3.977172 -19.497010 2.612622
v -3.901228 -19.485790 2.797363
v -3.907727 -19.388311 2.797363
v -3.907727 -19.388311 2.797363
v -3.901228 -19.485790 2.797363
v -3.722986 -19.382160 2.873884
v -3.901228 -19.485790 2.797363
v -3.717884 -19.458702 2.873884
v -3.722986 -19.382160 2.873884
v -3.717884 -19.458702 -2.873884
v -3.702575 -19.525038 -2.873884
v -3.901228 -19.485790 -2.797362
v -3.702575 -19.525038 -2.873884
v -3.878420 -19.584624 -2.797362
v -3.901228 -19.485790 -2.797362
v -3.901228 -19.485790 -2.797362
v -3.878420 -19.584624 -2.797362
v -3.977172 -19.497010 -2.612622
v -3.878420 -19.584624 -2.797362
v -3.951257 -19.609305 -2.612622
v -3.977172 -19.497010 -2.612622
v -3.977172 -19.497010 -2.612622
v -3.951257 -19.609305 -2.612622
v -3.977172 -19.497010 2.612622
v -3.951257 -19.609305 -2.612622
v -3.951257 -19.609305 2.612622
v -3.977172 -19.497010 2.612622
v -3.977172 -19.497010 2.612622
v -3.951257 -19.609305 2.612622
v -3.901228 -19.485790 2.797363
v -3.951257 -19.609305 2.612622
v -3.878420 -19.584624 2.797363
v -3.901228 -19.485790 2.797363
v -3.901228 -19.485790 2.797363
v -3.878420 -19.584624 2.797363
v -3.717884 -19.458702 2.873884
v -3.878420 -19.584624 2.797363
v -3.702575 -19.525038 2.873884
v -3.717884 -19.458702 2.873884
v -3.702575 -19.525038 -2.873884
v -3.677061 -19.581168 -2.873884
v -3.878420 -19.584624 -2.797362
v -3.677061 -19.581168 -2.873884
v -3.836241 -19.677417 -2.797362
v -3.878420 -19.584624 -2.797362
v -3.878420 -19.584624 -2.797362
v -3.836241 -19.677417 -2.797362
v -3.951257 -19.609305 -2.612622
v -3.836241 -19.677417 -2.797362
v -3.902176 -19.717285 -2.612622
v -3.951257 -19.609305 -2.612622
v -3.951257 -19.609305 -2.612622
v -3.902176 -19.717285 -2.612622
v -3.951257 -19.609305 2.612622
v -3.902176 -19.717285 -2.612622
v -3.902176 -19.717285 2.612622
v -3.951257 -19.609305 2.612622
v -3.951257 -19.609305 2.612622
v -3.902176 -19.717285 2.612622
v -3.878420 -19.584624 2.797363
v -3.902176 -19.717285 2.612622
v -3.836241 -19.677417 2.797363
v -3.878420 -19.584624 2.797363
v -3.878420 -19.584624 2.797363
v -3.836241 -19.677417 2.797363
v -3.702575 -19.525038 2.873884
v -3.836241 -19.677417 2.797363
v -3.677061 -19.581168 2.873884
v -3.702575 -19.525038 2.873884
v -3.677061 -19.581168 -2.873884
v -3.641342 -19.627093 -2.873884
v -3.836241 -19.677417 -2.797362
v -3.641342 -19.627093 -2.873884
v -3.772990 -19.758741 -2.797362
v -3.836241 -19.677417 -2.797362
v -3.836241 -19.677417 -2.797362
v -3.772990 -19.758741 -2.797362
v -3.902176 -19.717285 -2.612622
v -3.772990 -19.758741 -2.797362
v -3.827520 -19.813271 -2.612622
v -3.902176 -19.717285 -2.612622
v -3.902176 -19.717285 -2.612622
v -3.827520 -19.813271 -2.612622
v -3.902176 -19.717285 2.612622
v -3.827520 -19.813271 -2.612622
v -3.827520 -19.813271 2.612622
v -3.902176 -19.717285 2.612622
v -3.902176 -19.717285 2.612622
v -3.827520 -19.813271 2.612622
v -3.836241 -19.677417 2.797363
v -3.827520 -19.813271 2.612622
v -3.772990 -19.758741 2.797363
v -3.836241 -19.677417 2.797363
v -3.836241 -19.677417 2.797363
v -3.772990 -19.758741 2.797363
v -3.677061 -19.581168 2.873884
v -3.772990 -19.758741 2.797363
v -3.641342 -19.627093 2.873884
v -3.677061 -19.581168 2.873884
v -3.641342 -19.627093 -2.873884
v -3.595417 -19.662813 -2.873884
v -3.772990 -19.758741 -2.797362
v -3.595417 -19.662813 -2.873884
v -3.691666 -19.821993 -2.797362
v -3.772990 -19.758741 -2.797362
v -3.772990 -19.758741 -2.797362
v -3.691666 -19.821993 -2.797362
v -3.827520 -19.813271 -2.612622
v -3.691666 -19.821993 -2.797362
v -3.731533 -19.887927 -2.612622
v -3.827520 -19.813271 -2.612622
v -3.827520 -19.813271 -2.612622
v -3.731533 -19.887927 -2.612622
v -3.827520 -19.813271 2.612622
v -3.731533 -19.887927 -2.612622
v -3.731533 -19.887927 2.612622
v -3.827520 -19.813271 2.612622
v -3.827520 -19.813271 2.612622
v -3.731533 -19.887927 2.612622
v -3.772990 -19.758741 2.797363
v -3.731533 -19.887927 2.612622
v -3.691666 -19.821993 2.797363
v -3.772990 -19.758741 2.797363
v -3.772990 -19.758741 2.797363
v -3.691666 -19.821993 2.797363
v -3.641342 -19.627093 2.873884
v -3.691666 -19.821993 2.797363
v -3.595417 -19.662813 2.873884
v -3.641342 -19.627093 2.873884
v -3.595417 -19.662813 -2.873884
v -3.539286 -19.688327 -2.873884
v -3.691666 -19.821993 -2.797362
v -3.539286 -19.688327 -2.873884
v -3.598872 -19.864172 -2.797362
v -3.691666 -19.821993 -2.797362
v -3.691666 -19.821993 -2.797362
v -3.598872 -19.864172 -2.797362
v -3.731533 -19.887927 -2.612622
v -3.598872 -19.864172 -2.797362
v -3.623554 -19.937009 -2.612622
v -3.731533 -19.887927 -2.612622
v -3.731533 -19.887927 -2.612622
v -3.623554 -19.937009 -2.612622
v -3.731533 -19.887927 2.612622
v -3.623554 -19.937009 -2.612622
v -3.623554 -19.937009 2.612622
v -3.731533 -19.887927 2.612622
v -3.731533 -19.887927 2.612622
v -3.623554 -19.937009 2.612622
v -3.691666 -19.821993 2.797363
v -3.623554 -19.937009 2.612622
v -3.598872 -19.864172 2.797363
v -3.691666 -19.821993 2.797363
v -3.691666 -19.821993 2.797363
v -3.598872 -19.864172 2.797363
v -3.595417 -19.662813 2.873884
v -3.598872 -19.864172 2.797363
v -3.539286 -19.688327 2.873884
v -3.595417 -19.662813 2.873884
v -3.539286 -19.688327 -2.873884
v -3.472950 -19.703635 -2.873884
v -3.598872 -19.864172 -2.797362
v -3.472950 -19.703635 -2.873884
v -3.500038 -19.886979 -2.797362
v -3.598872 -19.864172 -2.797362
v -3.598872 -19.864172 -2.797362
v -3.500038 -19.886979 -2.797362
v -3.623554 -19.937009 -2.612622
v -3.500038 -19.886979 -2.797362
v -3.511259 -19.962923 -2.612622
v -3.623554 -19.937009 -2.612622
v -3.623554 -19.937009 -2.612622
v -3.511259 -19.962923 -2.612622
v -3.623554 -19.937009 2.612622
v -3.511259 -19.962923 -2.612622
v -3.511259 -19.962923 2.612622
v -3.623554 -19.937009 2.612622
v -3.623554 -19.937009 2.612622
v -3.511259 -19.962923 2.612622
v -3.598872 -19.864172 2.797363
v -3.511259 -19.962923 2.612622
v -3.500038 -19.886979 2.797363
v -3.598872 -19.864172 2.797363
v -3.598872 -19.864172 2.797363
v -3.500038 -19.886979 2.797363
v -3.539286 -19.688327 2.873884
v -3.500038 -19.886979 2.797363
v -3.472950 -19.703635 2.873884
v -3.539286 -19.688327 2.873884
v -3.472950 -19.703635 -2.873884
v -3.396408 -19.708738 -2.873884
v -3.500038 -19.886979 -2.797362
v -3.396408 -19.708738 -2.873884
v -3.402559 -19.893478 -2.797362
v -3.500038 -19.886979 -2.797362
v -3.500038 -19.886979 -2.797362
v -3.402559 -19.893478 -2.797362
v -3.511259 -19.962923 -2.612622
v -3.402559 -19.893478 -2.797362
v -3.405108 -19.970000 -2.612622
v -3.511259 -19.962923 -2.612622
v -3.511259 -19.962923 -2.612622
v -3.405108 -19.970000 -2.612622
v -3.511259 -19.962923 2.612622
v -3.405108 -19.970000 -2.612622
v -3.405108 -19.970000 2.612622
v -3.511259 -19.962923 2.612622
v -3.511259 -19.962923 2.612622
v -3.405108 -19.970000 2.612622
v -3.500038 -19.886979 2.797363
v -3.405108 -19.970000 2.612622
v -3.402559 -19.893478 2.797363
v -3.500038 -19.886979 2.797363
v -3.500038 -19.886979 2.797363
v -3.402559 -19.893478 2.797363
v -3.472950 -19.703635 2.873884
v -3.402559 -19.893478 2.797363
v -3.396408 -19.708738 2.873884
v -3.472950 -19.703635 2.873884
v -3.396408 -19.708738 -2.873884
v 0.470272 -19.708738 -2.873884
v -3.402559 -19.893478 -2.797362
v 0.470272 -19.708738 -2.873884
v 0.476039 -19.893478 -2.797362
v -3.402559 -19.893478 -2.797362
v -3.402559 -19.893478 -2.797362
v 0.476039 -19.893478 -2.797362
v -3.405108 -19.970000 -2.612622
v 0.476039 -19.893478 -2.797362
v 0.478429 -19.970000 -2.612622
v -3.405108 -19.970000 -2.612622
v -3.405108 -19.970000 -2.612622
v 0.478429 -19.970000 -2.612622
v -3.405108 -19.970000 2.612622
v 0.478429 -19.970000 -2.612622
v 0.478429 -19.970000 2.612622
v -3.405108 -19.970000 2.612622
v -3.405108 -19.970000 2.612622
v 0.478429 -19.970000 2.612622
v -3.402559 -19.893478 2.797363
v 0.478429 -19.970000 2.612622
v 0.476039 -19.893478 2.797363
v -3.402559 -19.893478 2.797363
v -3.402559 -19.893478 2.797363
v 0.476039 -19.893478 2.797363
v -3.396408 -19.708738 2.873884
v 0.476039 -19.893478 2.797363
v 0.470272 -19.708738 2.873884
v -3.396408 -19.708738 2.873884
vt 337 -167
vt 41 -167
vt 35.140625 -166.609375
vt 344.5 -166.0625
vt 340.75 -166.765625
vt 337 -167
vt 352 -163.25
vt 348.25 -164.890625
vt 344.5 -166.0625
vt 359.5 -158.5625
vt 355.75 -161.140625
vt 352 -163.25
vt 367 -152
vt 363.25 -155.515625
vt 359.5 -158.5625
vt 575.90625 56.9921875
vt 574 55
vt 367 -152
vt 579.15625 60.9296875
vt 577.625 58.96875
vt 575.90625 56.9921875
vt 581.65625 64.8046875
vt 580.5 62.875
vt 579.15625 60.9296875
vt 583.40625 68.6171875
vt 582.625 66.71875
vt 581.65625 64.8046875
vt 584.46875 72.3984375
vt 584 70.5
vt 583.40625 68.6171875
vt 585.21875 76.3359375
vt 584.875 74.34375
vt 584.46875 72.3984375
vt 585.71875 80.4609375
vt 585.5 78.375
vt 585.21875 76.3359375
vt 585.96875 84.7734375
vt 585.875 82.59375
vt 585.71875 80.4609375
vt 586 1308
vt 586 87
vt 585.96875 84.7734375
vt 584.4375 1318.9375
vt 585.609375 1313.859375
vt 586 1308
vt 579.75 1326.75
vt 582.484375 1323.234375
vt 584.4375 1318.9375
vt 571.9375 1331.4375
vt 576.234375 1329.484375
vt 579.75 1326.75
vt 561 1333
vt 566.859375 1332.609375
vt 571.9375 1331.4375
vt 205.140625 1332.609375
vt 211 1333
vt 561 1333
vt 195.765625 1329.484375
vt 200.0625 1331.4375
vt 205.140625 1332.609375
vt 189.515625 1323.234375
vt 192.25 1326.75
vt 195.765625 1329.484375
vt 186.390625 1313.859375
vt 187.5625 1318.9375
vt 189.515625 1323.234375
vt 186 306
vt 186 1308
vt 186.390625 1313.859375
vt 23.65625 123.125
vt 26 126
vt 174 274
vt 19.90625 116.625
vt 21.625 120
vt 23.65625 123.125
vt 17.40625 109.125
vt 18.5 113
vt 19.90625 116.625
vt 16.15625 100.625
vt 16.625 105
vt 17.40625 109.125
vt 16 -142
vt 16 96
vt 16.15625 100.625
vt 17.5625 -152.9375
vt 16.390625 -147.859375
vt 16 -142
vt 22.25 -160.75
vt 19.515625 -157.234375
vt 17.5625 -152.9375
vt 30.0625 -165.4375
vt 25.765625 -163.484375
vt 22.25 -160.75
vt 337 -167
vt 35.140625 -166.609375
vt 30.0625 -165.4375
vt 352 -163.25
vt 344.5 -166.0625
vt 337 -167
vt 367 -152
vt 359.5 -158.5625
vt 352 -163.25
vt 579.15625 60.9296875
vt 575.90625 56.9921875
vt 367 -152
vt 583.40625 68.6171875
vt 581.65625 64.8046875
vt 579.15625 60.9296875
vt 585.21875 76.3359375
vt 584.46875 72.3984375
vt 583.40625 68.6171875
vt 585.96875 84.7734375
vt 585.71875 80.4609375
vt 585.21875 76.3359375
vt 584.4375 1318.9375
vt 586 1308
vt 585.96875 84.7734375
vt 571.9375 1331.4375
vt 579.75 1326.75
vt 584.4375 1318.9375
vt 205.140625 1332.609375
vt 561 1333
vt 571.9375 1331.4375
vt 189.515625 1323.234375
vt 195.765625 1329.484375
vt 205.140625 1332.609375
vt 186 306
vt 186.390625 1313.859375
vt 189.515625 1323.234375
vt 19.90625 116.625
vt 23.65625 123.125
vt 174 274
vt 16.15625 100.625
vt 17.40625 109.125
vt 19.90625 116.625
vt 17.5625 -152.9375
vt 16 -142
vt 16.15625 100.625
vt 30.0625 -165.4375
vt 22.25 -160.75
vt 17.5625 -152.9375
vt 352 -163.25
vt 337 -167
vt 30.0625 -165.4375
vt 579.15625 60.9296875
vt 367 -152
vt 352 -163.25
vt 585.21875 76.3359375
vt 583.40625 68.6171875
vt 579.15625 60.9296875
vt 584.4375 1318.9375
vt 585.96875 84.7734375
vt 585.21875 76.3359375
vt 205.140625 1332.609375
vt 571.9375 1331.4375
vt 584.4375 1318.9375
vt 186 306
vt 189.515625 1323.234375
vt 205.140625 1332.609375
vt 16.15625 100.625
vt 19.90625 116.625
vt 174 274
vt 30.0625 -165.4375
vt 17.5625 -152.9375
vt 16.15625 100.625
vt 579.15625 60.9296875
vt 352 -163.25
vt 30.0625 -165.4375
vt 584.4375 1318.9375
vt 585.21875 76.3359375
vt 579.15625 60.9296875
vt 186 306
vt 205.140625 1332.609375
vt 584.4375 1318.9375
vt 16.15625 100.625
vt 174 274
vt 176.8125 276.90625
vt 579.15625 60.9296875
vt 30.0625 -165.4375
vt 16.15625 100.625
vt 186 306
vt 584.4375 1318.9375
vt 579.15625 60.9296875
vt 579.15625 60.9296875
vt 16.15625 100.625
vt 176.8125 276.90625
vt 185.8125 300.90625
vt 186 306
vt 579.15625 60.9296875
vt 579.15625 60.9296875
vt 176.8125 276.90625
vt 179.25 280.125
vt 185.25 296.125
vt 185.8125 300.90625
vt 579.15625 60.9296875
vt 579.15625 60.9296875
vt 179.25 280.125
vt 181.3125 283.65625
vt 184.3125 291.65625
vt 185.25 296.125
vt 579.15625 60.9296875
vt 579.15625 60.9296875
vt 181.3125 283.65625
vt 183 287.5
vt 183 287.5
vt 184.3125 291.65625
vt 579.15625 60.9296875
vt 35.140625 -166.609375
vt 41 -167
vt 337 -167
vt 337 -167
vt 340.75 -166.765625
vt 344.5 -166.0625
vt 344.5 -166.0625
vt 348.25 -164.890625
vt 352 -163.25
vt 352 -163.25
vt 355.75 -161.140625
vt 359.5 -158.5625
vt 359.5 -158.5625
vt 363.25 -155.515625
vt 367 -152
vt 367 -152
vt 574 55
vt 575.90625 56.9921875
vt 575.90625 56.9921875
vt 577.625 58.96875
vt 579.15625 60.9296875
vt 579.15625 60.9296875
vt 580.5 62.875
vt 581.65625 64.8046875
vt 581.65625 64.8046875
vt 582.625 66.71875
vt 583.40625 68.6171875
vt 583.40625 68.6171875
vt 584 70.5
vt 584.46875 72.3984375
vt 584.46875 72.3984375
vt 584.875 74.34375
vt 585.21875 76.3359375
vt 585.21875 76.3359375
vt 585.5 78.375
vt 585.71875 80.4609375
vt 585.71875 80.4609375
vt 585.875 82.59375
vt 585.96875 84.7734375
vt 585.96875 84.7734375
vt 586 87
vt 586 1308
vt 586 1308
vt 585.609375 1313.859375
vt 584.4375 1318.9375
vt 584.4375 1318.9375
vt 582.484375 1323.234375
vt 579.75 1326.75
vt 579.75 1326.75
vt 576.234375 1329.484375
vt 571.9375 1331.4375
vt 571.9375 1331.4375
vt 566.859375 1332.609375
vt 561 1333
vt 561 1333
vt 211 1333
vt 205.140625 1332.609375
vt 205.140625 1332.609375
vt 200.0625 1331.4375
vt 195.765625 1329.484375
vt 195.765625 1329.484375
vt 192.25 1326.75
vt 189.515625 1323.234375
vt 189.515625 1323.234375
vt 187.5625 1318.9375
vt 186.390625 1313.859375
vt 186.390625 1313.859375
vt 186 1308
vt 186 306
vt 174 274
vt 26 126
vt 23.65625 123.125
vt 23.65625 123.125
vt 21.625 120
vt 19.90625 116.625
vt 19.90625 116.625
vt 18.5 113
vt 17.40625 109.125
vt 17.40625 109.125
vt 16.625 105
vt 16.15625 100.625
vt 16.15625 100.625
vt 16 96
vt 16 -142
vt 16 -142
vt 16.390625 -147.859375
vt 17.5625 -152.9375
vt 17.5625 -152.9375
vt 19.515625 -157.234375
vt 22.25 -160.75
vt 22.25 -160.75
vt 25.765625 -163.484375
vt 30.0625 -165.4375
vt 30.0625 -165.4375
vt 35.140625 -166.609375
vt 337 -167
vt 337 -167
vt 344.5 -166.0625
vt 352 -163.25
vt 352 -163.25
vt 359.5 -158.5625
vt 367 -152
vt 367 -152
vt 575.90625 56.9921875
vt 579.15625 60.9296875
vt 579.15625 60.9296875
vt 581.65625 64.8046875
vt 583.40625 68.6171875
vt 583.40625 68.6171875
vt 584.46875 72.3984375
vt 585.21875 76.3359375
vt 585.21875 76.3359375
vt 585.71875 80.4609375
vt 585.96875 84.7734375
vt 585.96875 84.7734375
vt 586 1308
vt 584.4375 1318.9375
vt 584.4375 1318.9375
vt 579.75 1326.75
vt 571.9375 1331.4375
vt 571.9375 1331.4375
vt 561 1333
vt 205.140625 1332.609375
vt 205.140625 1332.609375
vt 195.765625 1329.484375
vt 189.515625 1323.234375
vt 189.515625 1323.234375
vt 186.390625 1313.859375
vt 186 306
vt 174 274
vt 23.65625 123.125
vt 19.90625 116.625
vt 19.90625 116.625
vt 17.40625 109.125
vt 16.15625 100.625
vt 16.15625 100.625
vt 16 -142
vt 17.5625 -152.9375
vt 17.5625 -152.9375
vt 22.25 -160.75
vt 30.0625 -165.4375
vt 30.0625 -165.4375
vt 337 -167
vt 352 -163.25
vt 352 -163.25
vt 367 -152
vt 579.15625 60.9296875
vt 579.15625 60.9296875
vt 583.40625 68.6171875
vt 585.21875 76.3359375
vt 585.21875 76.3359375
vt 585.96875 84.7734375
vt 584.4375 1318.9375
vt 584.4375 1318.9375
vt 571.9375 1331.4375
vt 205.140625 1332.609375
vt 205.140625 1332.609375
vt 189.515625 1323.234375
vt 186 306
vt 174 274
vt 19.90625 116.625
vt 16.15625 100.625
vt 16.15625 100.625
vt 17.5625 -152.9375
vt 30.0625 -165.4375
vt 30.0625 -165.4375
vt 352 -163.25
vt 579.15625 60.9296875
vt 579.15625 60.9296875
vt 585.21875 76.3359375
vt 584.4375 1318.9375
vt 584.4375 1318.9375
vt 205.140625 1332.609375
vt 186 306
vt 176.8125 276.90625
vt 174 274
vt 16.15625 100.625
vt 16.15625 100.625
vt 30.0625 -165.4375
vt 579.15625 60.9296875
vt 579.15625 60.9296875
vt 584.4375 1318.9375
vt 186 306
vt 176.8125 276.90625
vt 16.15625 100.625
vt 579.15625 60.9296875
vt 579.15625 60.9296875
vt 186 306
vt 185.8125 300.90625
vt 179.25 280.125
vt 176.8125 276.90625
vt 579.15625 60.9296875
vt 579.15625 60.9296875
vt 185.8125 300.90625
vt 185.25 296.125
vt 181.3125 283.65625
vt 179.25 280.125
vt 579.15625 60.9296875
vt 579.15625 60.9296875
vt 185.25 296.125
vt 184.3125 291.65625
vt 183 287.5
vt 181.3125 283.65625
vt 579.15625 60.9296875
vt 579.15625 60.9296875
vt 184.3125 291.65625
vt 183 287.5
vt 337 21
vt 340.75 21
vt 337.4414978027344 15.142135620117188
vt 340.75 21
vt 342.50079345703125 15.142135620117188
vt 337.4414978027344 15.142135620117188
vt 337.4414978027344 15.142135620117188
vt 342.50079345703125 15.142135620117188
vt 337.6243896484375 1
vt 342.50079345703125 15.142135620117188
vt 343.22601318359375 1
vt 337.6243896484375 1
vt 337.6243896484375 1
vt 343.22601318359375 1
vt 337.6243896484375 -399
vt 343.22601318359375 1
vt 343.22601318359375 -399
vt 337.6243896484375 -399
vt 337.6243896484375 -399
vt 343.22601318359375 -399
vt 337.4414978027344 -413.14215087890625
vt 343.22601318359375 -399
vt 342.50079345703125 -413.14215087890625
vt 337.4414978027344 -413.14215087890625
vt 337.4414978027344 -413.14215087890625
vt 342.50079345703125 -413.14215087890625
vt 337 -419
vt 342.50079345703125 -413.14215087890625
vt 340.75 -419
vt 337 -419
vt 340.75 21
vt 344.5 21
vt 342.50079345703125 15.142135620117188
vt 344.5 21
vt 347.9240417480469 15.142135620117188
vt 342.50079345703125 15.142135620117188
vt 342.50079345703125 15.142135620117188
vt 347.9240417480469 15.142135620117188
vt 343.22601318359375 1
vt 347.9240417480469 15.142135620117188
vt 349.34234619140625 1
vt 343.22601318359375 1
vt 343.22601318359375 1
vt 349.34234619140625 1
vt 343.22601318359375 -399
vt 349.34234619140625 1
vt 349.34234619140625 -399
vt 343.22601318359375 -399
vt 343.22601318359375 -399
vt 349.34234619140625 -399
vt 342.50079345703125 -413.14215087890625
vt 349.34234619140625 -399
vt 347.9240417480469 -413.14215087890625
vt 342.50079345703125 -413.14215087890625
vt 342.50079345703125 -413.14215087890625
vt 347.9240417480469 -413.14215087890625
vt 340.75 -419
vt 347.9240417480469 -413.14215087890625
vt 344.5 -419
vt 340.75 -419
vt 344.5 21
vt 348.25 21
vt 347.9240417480469 15.142135620117188
vt 348.25 21
vt 353.20819091796875 15.142135620117188
vt 347.9240417480469 15.142135620117188
vt 347.9240417480469 15.142135620117188
vt 353.20819091796875 15.142135620117188
vt 349.34234619140625 1
vt 353.20819091796875 15.142135620117188
vt 355.2619323730469 1
vt 349.34234619140625 1
vt 349.34234619140625 1
vt 355.2619323730469 1
vt 349.34234619140625 -399
vt 355.2619323730469 1
vt 355.2619323730469 -399
vt 349.34234619140625 -399
vt 349.34234619140625 -399
vt 355.2619323730469 -399
vt 347.9240417480469 -413.14215087890625
vt 355.2619323730469 -399
vt 353.20819091796875 -413.14215087890625
vt 347.9240417480469 -413.14215087890625
vt 347.9240417480469 -413.14215087890625
vt 353.20819091796875 -413.14215087890625
vt 344.5 -419
vt 353.20819091796875 -413.14215087890625
vt 348.25 -419
vt 344.5 -419
vt 348.25 21
vt 352 21
vt 353.20819091796875 15.142135620117188
vt 352 21
vt 358.316650390625 15.142135620117188
vt 353.20819091796875 15.142135620117188
vt 353.20819091796875 15.142135620117188
vt 358.316650390625 15.142135620117188
vt 355.2619323730469 1
vt 358.316650390625 15.142135620117188
vt 360.93310546875 1
vt 355.2619323730469 1
vt 355.2619323730469 1
vt 360.93310546875 1
vt 355.2619323730469 -399
vt 360.93310546875 1
vt 360.93310546875 -399
vt 355.2619323730469 -399
vt 355.2619323730469 -399
vt 360.93310546875 -399
vt 353.20819091796875 -413.14215087890625
vt 360.93310546875 -399
vt 358.316650390625 -413.14215087890625
vt 353.20819091796875 -413.14215087890625
vt 353.20819091796875 -413.14215087890625
vt 358.316650390625 -413.14215087890625
vt 348.25 -419
vt 358.316650390625 -413.14215087890625
vt 352 -419
vt 348.25 -419
vt 352 21
vt 355.75 21
vt 358.316650390625 15.142135620117188
vt 355.75 21
vt 363.2377624511719 15.142135620117188
vt 358.316650390625 15.142135620117188
vt 358.316650390625 15.142135620117188
vt 363.2377624511719 15.142135620117188
vt 360.93310546875 1
vt 363.2377624511719 15.142135620117188
vt 366.33929443359375 1
vt 360.93310546875 1
vt 360.93310546875 1
vt 366.33929443359375 1
vt 360.93310546875 -399
vt 366.33929443359375 1
vt 366.33929443359375 -399
vt 360.93310546875 -399
vt 360.93310546875 -399
vt 366.33929443359375 -399
vt 358.316650390625 -413.14215087890625
vt 366.33929443359375 -399
vt 363.2377624511719 -413.14215087890625
vt 358.316650390625 -413.14215087890625
vt 358.316650390625 -413.14215087890625
vt 363.2377624511719 -413.14215087890625
vt 352 -419
vt 363.2377624511719 -413.14215087890625
vt 355.75 -419
vt 352 -419
vt 355.75 21
vt 359.5 21
vt 363.2377624511719 15.142135620117188
vt 359.5 21
vt 367.9784851074219 15.142135620117188
vt 363.2377624511719 15.142135620117188
vt 363.2377624511719 15.142135620117188
vt 367.9784851074219 15.142135620117188
vt 366.33929443359375 1
vt 367.9784851074219 15.142135620117188
vt 371.49041748046875 1
vt 366.33929443359375 1
vt 366.33929443359375 1
vt 371.49041748046875 1
vt 366.33929443359375 -399
vt 371.49041748046875 1
vt 371.49041748046875 -399
vt 366.33929443359375 -399
vt 366.33929443359375 -399
vt 371.49041748046875 -399
vt 363.2377624511719 -413.14215087890625
vt 371.49041748046875 -399
vt 367.9784851074219 -413.14215087890625
vt 363.2377624511719 -413.14215087890625
vt 363.2377624511719 -413.14215087890625
vt 367.9784851074219 -413.14215087890625
vt 355.75 -419
vt 367.9784851074219 -413.14215087890625
vt 359.5 -419
vt 355.75 -419
vt 359.5 21
vt 363.25 21
vt 367.9784851074219 15.142135620117188
vt 363.25 21
vt 372.55682373046875 15.142135620117188
vt 367.9784851074219 15.142135620117188
vt 367.9784851074219 15.142135620117188
vt 372.55682373046875 15.142135620117188
vt 371.49041748046875 1
vt 372.55682373046875 15.142135620117188
vt 376.4118347167969 1
vt 371.49041748046875 1
vt 371.49041748046875 1
vt 376.4118347167969 1
vt 371.49041748046875 -399
vt 376.4118347167969 1
vt 376.4118347167969 -399
vt 371.49041748046875 -399
vt 371.49041748046875 -399
vt 376.4118347167969 -399
vt 367.9784851074219 -413.14215087890625
vt 376.4118347167969 -399
vt 372.55682373046875 -413.14215087890625
vt 367.9784851074219 -413.14215087890625
vt 367.9784851074219 -413.14215087890625
vt 372.55682373046875 -413.14215087890625
vt 359.5 -419
vt 372.55682373046875 -413.14215087890625
vt 363.25 -419
vt 359.5 -419
vt 363.25 21
vt 367 21
vt 372.55682373046875 15.142135620117188
vt 367 21
vt 376.8387451171875 15.142135620117188
vt 372.55682373046875 15.142135620117188
vt 372.55682373046875 15.142135620117188
vt 376.8387451171875 15.142135620117188
vt 376.4118347167969 1
vt 376.8387451171875 15.142135620117188
vt 380.9140930175781 1
vt 376.4118347167969 1
vt 376.4118347167969 1
vt 380.9140930175781 1
vt 376.4118347167969 -399
vt 380.9140930175781 1
vt 380.9140930175781 -399
vt 376.4118347167969 -399
vt 376.4118347167969 -399
vt 380.9140930175781 -399
vt 372.55682373046875 -413.14215087890625
vt 380.9140930175781 -399
vt 376.8387451171875 -413.14215087890625
vt 372.55682373046875 -413.14215087890625
vt 372.55682373046875 -413.14215087890625
vt 376.8387451171875 -413.14215087890625
vt 363.25 -419
vt 376.8387451171875 -413.14215087890625
vt 367 -419
vt 363.25 -419
vt -152 21
vt 55 21
vt -162.1612548828125 15.142135620117188
vt 55 21
vt 45.110206604003906 15.142135620117188
vt -162.1612548828125 15.142135620117188
vt -162.1612548828125 15.142135620117188
vt 45.110206604003906 15.142135620117188
vt -166.37017822265625 1
vt 45.110206604003906 15.142135620117188
vt 41.01372146606445 1
vt -166.37017822265625 1
vt -166.37017822265625 1
vt 41.01372146606445 1
vt -166.37017822265625 -399
vt 41.01372146606445 1
vt 41.01372146606445 -399
vt -166.37017822265625 -399
vt -166.37017822265625 -399
vt 41.01372146606445 -399
vt -162.1612548828125 -413.14215087890625
vt 41.01372146606445 -399
vt 45.110206604003906 -413.14215087890625
vt -162.1612548828125 -413.14215087890625
vt -162.1612548828125 -413.14215087890625
vt 45.110206604003906 -413.14215087890625
vt -152 -419
vt 45.110206604003906 -413.14215087890625
vt 55 -419
vt -152 -419
vt 55 21
vt 56.9921875 21
vt 45.110206604003906 15.142135620117188
vt 56.9921875 21
vt 47.458309173583984 15.142135620117188
vt 45.110206604003906 15.142135620117188
vt 45.110206604003906 15.142135620117188
vt 47.458309173583984 15.142135620117188
vt 41.01372146606445 1
vt 47.458309173583984 15.142135620117188
vt 43.509246826171875 1
vt 41.01372146606445 1
vt 41.01372146606445 1
vt 43.509246826171875 1
vt 41.01372146606445 -399
vt 43.509246826171875 1
vt 43.509246826171875 -399
vt 41.01372146606445 -399
vt 41.01372146606445 -399
vt 43.509246826171875 -399
vt 45.110206604003906 -413.14215087890625
vt 43.509246826171875 -399
vt 47.458309173583984 -413.14215087890625
vt 45.110206604003906 -413.14215087890625
vt 45.110206604003906 -413.14215087890625
vt 47.458309173583984 -413.14215087890625
vt 55 -419
vt 47.458309173583984 -413.14215087890625
vt 56.9921875 -419
vt 55 -419
vt 56.9921875 21
vt 58.96875 21
vt 47.458309173583984 15.142135620117188
vt 58.96875 21
vt 49.97063446044922 15.142135620117188
vt 47.458309173583984 15.142135620117188
vt 47.458309173583984 15.142135620117188
vt 49.97063446044922 15.142135620117188
vt 43.509246826171875 1
vt 49.97063446044922 15.142135620117188
vt 46.243492126464844 1
vt 43.509246826171875 1
vt 43.509246826171875 1
vt 46.243492126464844 1
vt 43.509246826171875 -399
vt 46.243492126464844 1
vt 46.243492126464844 -399
vt 43.509246826171875 -399
vt 43.509246826171875 -399
vt 46.243492126464844 -399
vt 47.458309173583984 -413.14215087890625
vt 46.243492126464844 -399
vt 49.97063446044922 -413.14215087890625
vt 47.458309173583984 -413.14215087890625
vt 47.458309173583984 -413.14215087890625
vt 49.97063446044922 -413.14215087890625
vt 56.9921875 -419
vt 49.97063446044922 -413.14215087890625
vt 58.96875 -419
vt 56.9921875 -419
vt 58.96875 21
vt 60.9296875 21
vt 49.97063446044922 15.142135620117188
vt 60.9296875 21
vt 52.55171585083008 15.142135620117188
vt 49.97063446044922 15.142135620117188
vt 49.97063446044922 15.142135620117188
vt 52.55171585083008 15.142135620117188
vt 46.243492126464844 1
vt 52.55171585083008 15.142135620117188
vt 49.08144760131836 1
vt 46.243492126464844 1
vt 46.243492126464844 1
vt 49.08144760131836 1
vt 46.243492126464844 -399
vt 49.08144760131836 1
vt 49.08144760131836 -399
vt 46.243492126464844 -399
vt 46.243492126464844 -399
vt 49.08144760131836 -399
vt 49.97063446044922 -413.14215087890625
vt 49.08144760131836 -399
vt 52.55171585083008 -413.14215087890625
vt 49.97063446044922 -413.14215087890625
vt 49.97063446044922 -413.14215087890625
vt 52.55171585083008 -413.14215087890625
vt 58.96875 -419
vt 52.55171585083008 -413.14215087890625
vt 60.9296875 -419
vt 58.96875 -419
vt 60.9296875 21
vt 62.875 21
vt 52.55171585083008 15.142135620117188
vt 62.875 21
vt 55.213722229003906 15.142135620117188
vt 52.55171585083008 15.142135620117188
vt 52.55171585083008 15.142135620117188
vt 55.213722229003906 15.142135620117188
vt 49.08144760131836 1
vt 55.213722229003906 15.142135620117188
vt 52.04031753540039 1
vt 49.08144760131836 1
vt 49.08144760131836 1
vt 52.04031753540039 1
vt 49.08144760131836 -399
vt 52.04031753540039 1
vt 52.04031753540039 -399
vt 49.08144760131836 -399
vt 49.08144760131836 -399
vt 52.04031753540039 -399
vt 52.55171585083008 -413.14215087890625
vt 52.04031753540039 -399
vt 55.213722229003906 -413.14215087890625
vt 52.55171585083008 -413.14215087890625
vt 52.55171585083008 -413.14215087890625
vt 55.213722229003906 -413.14215087890625
vt 60.9296875 -419
vt 55.213722229003906 -413.14215087890625
vt 62.875 -419
vt 60.9296875 -419
vt 62.875 21
vt 64.8046875 21
vt 55.213722229003906 15.142135620117188
vt 64.8046875 21
vt 57.968441009521484 15.142135620117188
vt 55.213722229003906 15.142135620117188
vt 55.213722229003906 15.142135620117188
vt 57.968441009521484 15.142135620117188
vt 52.04031753540039 1
vt 57.968441009521484 15.142135620117188
vt 55.136775970458984 1
vt 52.04031753540039 1
vt 52.04031753540039 1
vt 55.136775970458984 1
vt 52.04031753540039 -399
vt 55.136775970458984 1
vt 55.136775970458984 -399
vt 52.04031753540039 -399
vt 52.04031753540039 -399
vt 55.136775970458984 -399
vt 55.213722229003906 -413.14215087890625
vt 55.136775970458984 -399
vt 57.968441009521484 -413.14215087890625
vt 55.213722229003906 -413.14215087890625
vt 55.213722229003906 -413.14215087890625
vt 57.968441009521484 -413.14215087890625
vt 62.875 -419
vt 57.968441009521484 -413.14215087890625
vt 64.8046875 -419
vt 62.875 -419
vt 64.8046875 21
vt 66.71875 21
vt 57.968441009521484 15.142135620117188
vt 66.71875 21
vt 60.82566452026367 15.142135620117188
vt 57.968441009521484 15.142135620117188
vt 57.968441009521484 15.142135620117188
vt 60.82566452026367 15.142135620117188
vt 55.136775970458984 1
vt 60.82566452026367 15.142135620117188
vt 58.38467025756836 1
vt 55.136775970458984 1
vt 55.136775970458984 1
vt 58.38467025756836 1
vt 55.136775970458984 -399
vt 58.38467025756836 1
vt 58.38467025756836 -399
vt 55.136775970458984 -399
vt 55.136775970458984 -399
vt 58.38467025756836 -399
vt 57.968441009521484 -413.14215087890625
vt 58.38467025756836 -399
vt 60.82566452026367 -413.14215087890625
vt 57.968441009521484 -413.14215087890625
vt 57.968441009521484 -413.14215087890625
vt 60.82566452026367 -413.14215087890625
vt 64.8046875 -419
vt 60.82566452026367 -413.14215087890625
vt 66.71875 -419
vt 64.8046875 -419
vt 66.71875 21
vt 68.6171875 21
vt 60.82566452026367 15.142135620117188
vt 68.6171875 21
vt 63.790897369384766 15.142135620117188
vt 60.82566452026367 15.142135620117188
vt 60.82566452026367 15.142135620117188
vt 63.790897369384766 15.142135620117188
vt 58.38467025756836 1
vt 63.790897369384766 15.142135620117188
vt 61.79178237915039 1
vt 58.38467025756836 1
vt 58.38467025756836 1
vt 61.79178237915039 1
vt 58.38467025756836 -399
vt 61.79178237915039 1
vt 61.79178237915039 -399
vt 58.38467025756836 -399
vt 58.38467025756836 -399
vt 61.79178237915039 -399
vt 60.82566452026367 -413.14215087890625
vt 61.79178237915039 -399
vt 63.790897369384766 -413.14215087890625
vt 60.82566452026367 -413.14215087890625
vt 60.82566452026367 -413.14215087890625
vt 63.790897369384766 -413.14215087890625
vt 66.71875 -419
vt 63.790897369384766 -413.14215087890625
vt 68.6171875 -419
vt 66.71875 -419
vt 68.6171875 21
vt 70.5 21
vt 63.790897369384766 15.142135620117188
vt 70.5 21
vt 66.67447662353516 15.142135620117188
vt 63.790897369384766 15.142135620117188
vt 63.790897369384766 15.142135620117188
vt 66.67447662353516 15.142135620117188
vt 61.79178237915039 1
vt 66.67447662353516 15.142135620117188
vt 65.08989715576172 1
vt 61.79178237915039 1
vt 61.79178237915039 1
vt 65.08989715576172 1
vt 61.79178237915039 -399
vt 65.08989715576172 1
vt 65.08989715576172 -399
vt 61.79178237915039 -399
vt 61.79178237915039 -399
vt 65.08989715576172 -399
vt 63.790897369384766 -413.14215087890625
vt 65.08989715576172 -399
vt 66.67447662353516 -413.14215087890625
vt 63.790897369384766 -413.14215087890625
vt 63.790897369384766 -413.14215087890625
vt 66.67447662353516 -413.14215087890625
vt 68.6171875 -419
vt 66.67447662353516 -413.14215087890625
vt 70.5 -419
vt 68.6171875 -419
vt 70.5 21
vt 72.3984375 21
vt 66.67447662353516 15.142135620117188
vt 72.3984375 21
vt 69.25686645507812 15.142135620117188
vt 66.67447662353516 15.142135620117188
vt 66.67447662353516 15.142135620117188
vt 69.25686645507812 15.142135620117188
vt 65.08989715576172 1
vt 69.25686645507812 15.142135620117188
vt 67.9555892944336 1
vt 65.08989715576172 1
vt 65.08989715576172 1
vt 67.9555892944336 1
vt 65.08989715576172 -399
vt 67.9555892944336 1
vt 67.9555892944336 -399
vt 65.08989715576172 -399
vt 65.08989715576172 -399
vt 67.9555892944336 -399
vt 66.67447662353516 -413.14215087890625
vt 67.9555892944336 -399
vt 69.25686645507812 -413.14215087890625
vt 66.67447662353516 -413.14215087890625
vt 66.67447662353516 -413.14215087890625
vt 69.25686645507812 -413.14215087890625
vt 70.5 -419
vt 69.25686645507812 -413.14215087890625
vt 72.3984375 -419
vt 70.5 -419
vt 72.3984375 21
vt 74.34375 21
vt 69.25686645507812 15.142135620117188
vt 74.34375 21
vt 71.69509887695312 15.142135620117188
vt 69.25686645507812 15.142135620117188
vt 69.25686645507812 15.142135620117188
vt 71.69509887695312 15.142135620117188
vt 67.9555892944336 1
vt 71.69509887695312 15.142135620117188
vt 70.59798431396484 1
vt 67.9555892944336 1
vt 67.9555892944336 1
vt 70.59798431396484 1
vt 67.9555892944336 -399
vt 70.59798431396484 1
vt 70.59798431396484 -399
vt 67.9555892944336 -399
vt 67.9555892944336 -399
vt 70.59798431396484 -399
vt 69.25686645507812 -413.14215087890625
vt 70.59798431396484 -399
vt 71.69509887695312 -413.14215087890625
vt 69.25686645507812 -413.14215087890625
vt 69.25686645507812 -413.14215087890625
vt 71.69509887695312 -413.14215087890625
vt 72.3984375 -419
vt 71.69509887695312 -413.14215087890625
vt 74.34375 -419
vt 72.3984375 -419
vt 74.34375 21
vt 76.3359375 21
vt 71.69509887695312 15.142135620117188
vt 76.3359375 21
vt 74.16680908203125 15.142135620117188
vt 71.69509887695312 15.142135620117188
vt 71.69509887695312 15.142135620117188
vt 74.16680908203125 15.142135620117188
vt 70.59798431396484 1
vt 74.16680908203125 15.142135620117188
vt 73.26832580566406 1
vt 70.59798431396484 1
vt 70.59798431396484 1
vt 73.26832580566406 1
vt 70.59798431396484 -399
vt 73.26832580566406 1
vt 73.26832580566406 -399
vt 70.59798431396484 -399
vt 70.59798431396484 -399
vt 73.26832580566406 -399
vt 71.69509887695312 -413.14215087890625
vt 73.26832580566406 -399
vt 74.16680908203125 -413.14215087890625
vt 71.69509887695312 -413.14215087890625
vt 71.69509887695312 -413.14215087890625
vt 74.16680908203125 -413.14215087890625
vt 74.34375 -419
vt 74.16680908203125 -413.14215087890625
vt 76.3359375 -419
vt 74.34375 -419
vt 76.3359375 21
vt 78.375 21
vt 74.16680908203125 15.142135620117188
vt 78.375 21
vt 76.67088317871094 15.142135620117188
vt 74.16680908203125 15.142135620117188
vt 74.16680908203125 15.142135620117188
vt 76.67088317871094 15.142135620117188
vt 73.26832580566406 1
vt 76.67088317871094 15.142135620117188
vt 75.96501922607422 1
vt 73.26832580566406 1
vt 73.26832580566406 1
vt 75.96501922607422 1
vt 73.26832580566406 -399
vt 75.96501922607422 1
vt 75.96501922607422 -399
vt 73.26832580566406 -399
vt 73.26832580566406 -399
vt 75.96501922607422 -399
vt 74.16680908203125 -413.14215087890625
vt 75.96501922607422 -399
vt 76.67088317871094 -413.14215087890625
vt 74.16680908203125 -413.14215087890625
vt 74.16680908203125 -413.14215087890625
vt 76.67088317871094 -413.14215087890625
vt 76.3359375 -419
vt 76.67088317871094 -413.14215087890625
vt 78.375 -419
vt 76.3359375 -419
vt 78.375 21
vt 80.4609375 21
vt 76.67088317871094 15.142135620117188
vt 80.4609375 21
vt 79.20649719238281 15.142135620117188
vt 76.67088317871094 15.142135620117188
vt 76.67088317871094 15.142135620117188
vt 79.20649719238281 15.142135620117188
vt 75.96501922607422 1
vt 79.20649719238281 15.142135620117188
vt 78.6868896484375 1
vt 75.96501922607422 1
vt 75.96501922607422 1
vt 78.6868896484375 1
vt 75.96501922607422 -399
vt 78.6868896484375 1
vt 78.6868896484375 -399
vt 75.96501922607422 -399
vt 75.96501922607422 -399
vt 78.6868896484375 -399
vt 76.67088317871094 -413.14215087890625
vt 78.6868896484375 -399
vt 79.20649719238281 -413.14215087890625
vt 76.67088317871094 -413.14215087890625
vt 76.67088317871094 -413.14215087890625
vt 79.20649719238281 -413.14215087890625
vt 78.375 -419
vt 79.20649719238281 -413.14215087890625
vt 80.4609375 -419
vt 78.375 -419
vt 80.4609375 21
vt 82.59375 21
vt 79.20649719238281 15.142135620117188
vt 82.59375 21
vt 81.7730712890625 15.142135620117188
vt 79.20649719238281 15.142135620117188
vt 79.20649719238281 15.142135620117188
vt 81.7730712890625 15.142135620117188
vt 78.6868896484375 1
vt 81.7730712890625 15.142135620117188
vt 81.43313598632812 1
vt 78.6868896484375 1
vt 78.6868896484375 1
vt 81.43313598632812 1
vt 78.6868896484375 -399
vt 81.43313598632812 1
vt 81.43313598632812 -399
vt 78.6868896484375 -399
vt 78.6868896484375 -399
vt 81.43313598632812 -399
vt 79.20649719238281 -413.14215087890625
vt 81.43313598632812 -399
vt 81.7730712890625 -413.14215087890625
vt 79.20649719238281 -413.14215087890625
vt 79.20649719238281 -413.14215087890625
vt 81.7730712890625 -413.14215087890625
vt 80.4609375 -419
vt 81.7730712890625 -413.14215087890625
vt 82.59375 -419
vt 80.4609375 -419
vt 82.59375 21
vt 84.7734375 21
vt 81.7730712890625 15.142135620117188
vt 84.7734375 21
vt 84.37026977539062 15.142135620117188
vt 81.7730712890625 15.142135620117188
vt 81.7730712890625 15.142135620117188
vt 84.37026977539062 15.142135620117188
vt 81.43313598632812 1
vt 84.37026977539062 15.142135620117188
vt 84.2032699584961 1
vt 81.43313598632812 1
vt 81.43313598632812 1
vt 84.2032699584961 1
vt 81.43313598632812 -399
vt 84.2032699584961 1
vt 84.2032699584961 -399
vt 81.43313598632812 -399
vt 81.43313598632812 -399
vt 84.2032699584961 -399
vt 81.7730712890625 -413.14215087890625
vt 84.2032699584961 -399
vt 84.37026977539062 -413.14215087890625
vt 81.7730712890625 -413.14215087890625
vt 81.7730712890625 -413.14215087890625
vt 84.37026977539062 -413.14215087890625
vt 82.59375 -419
vt 84.37026977539062 -413.14215087890625
vt 84.7734375 -419
vt 82.59375 -419
vt 84.7734375 21
vt 87 21
vt 84.37026977539062 15.142135620117188
vt 87 21
vt 86.90076446533203 15.142135620117188
vt 84.37026977539062 15.142135620117188
vt 84.37026977539062 15.142135620117188
vt 86.90076446533203 15.142135620117188
vt 84.2032699584961 1
vt 86.90076446533203 15.142135620117188
vt 86.85965728759766 1
vt 84.2032699584961 1
vt 84.2032699584961 1
vt 86.85965728759766 1
vt 84.2032699584961 -399
vt 86.85965728759766 1
vt 86.85965728759766 -399
vt 84.2032699584961 -399
vt 84.2032699584961 -399
vt 86.85965728759766 -399
vt 84.37026977539062 -413.14215087890625
vt 86.85965728759766 -399
vt 86.90076446533203 -413.14215087890625
vt 84.37026977539062 -413.14215087890625
vt 84.37026977539062 -413.14215087890625
vt 86.90076446533203 -413.14215087890625
vt 84.7734375 -419
vt 86.90076446533203 -413.14215087890625
vt 87 -419
vt 84.7734375 -419
vt 87 21
vt 1308 21
vt 86.90076446533203 15.142135620117188
vt 1308 21
vt 1308.4708251953125 15.142135620117188
vt 86.90076446533203 15.142135620117188
vt 86.90076446533203 15.142135620117188
vt 1308.4708251953125 15.142135620117188
vt 86.85965728759766 1
vt 1308.4708251953125 15.142135620117188
vt 1308.6658935546875 1
vt 86.85965728759766 1
vt 86.85965728759766 1
vt 1308.6658935546875 1
vt 86.85965728759766 -399
vt 1308.6658935546875 1
vt 1308.6658935546875 -399
vt 86.85965728759766 -399
vt 86.85965728759766 -399
vt 1308.6658935546875 -399
vt 86.90076446533203 -413.14215087890625
vt 1308.6658935546875 -399
vt 1308.4708251953125 -413.14215087890625
vt 86.90076446533203 -413.14215087890625
vt 86.90076446533203 -413.14215087890625
vt 1308.4708251953125 -413.14215087890625
vt 87 -419
vt 1308.4708251953125 -413.14215087890625
vt 1308 -419
vt 87 -419
vt 1308 21
vt 1313.859375 21
vt 1308.4708251953125 15.142135620117188
vt 1313.859375 21
vt 1315.9329833984375 15.142135620117188
vt 1308.4708251953125 15.142135620117188
vt 1308.4708251953125 15.142135620117188
vt 1315.9329833984375 15.142135620117188
vt 1308.6658935546875 1
vt 1315.9329833984375 15.142135620117188
vt 1316.7919921875 1
vt 1308.6658935546875 1
vt 1308.6658935546875 1
vt 1316.7919921875 1
vt 1308.6658935546875 -399
vt 1316.7919921875 1
vt 1316.7919921875 -399
vt 1308.6658935546875 -399
vt 1308.6658935546875 -399
vt 1316.7919921875 -399
vt 1308.4708251953125 -413.14215087890625
vt 1316.7919921875 -399
vt 1315.9329833984375 -413.14215087890625
vt 1308.4708251953125 -413.14215087890625
vt 1308.4708251953125 -413.14215087890625
vt 1315.9329833984375 -413.14215087890625
vt 1308 -419
vt 1315.9329833984375 -413.14215087890625
vt 1313.859375 -419
vt 1308 -419
vt 1313.859375 21
vt 1318.9375 21
vt 1315.9329833984375 15.142135620117188
vt 1318.9375 21
vt 1323.4989013671875 15.142135620117188
vt 1315.9329833984375 15.142135620117188
vt 1315.9329833984375 15.142135620117188
vt 1323.4989013671875 15.142135620117188
vt 1316.7919921875 1
vt 1323.4989013671875 15.142135620117188
vt 1325.3883056640625 1
vt 1316.7919921875 1
vt 1316.7919921875 1
vt 1325.3883056640625 1
vt 1316.7919921875 -399
vt 1325.3883056640625 1
vt 1325.3883056640625 -399
vt 1316.7919921875 -399
vt 1316.7919921875 -399
vt 1325.3883056640625 -399
vt 1315.9329833984375 -413.14215087890625
vt 1325.3883056640625 -399
vt 1323.4989013671875 -413.14215087890625
vt 1315.9329833984375 -413.14215087890625
vt 1315.9329833984375 -413.14215087890625
vt 1323.4989013671875 -413.14215087890625
vt 1313.859375 -419
vt 1323.4989013671875 -413.14215087890625
vt 1318.9375 -419
vt 1313.859375 -419
vt 1318.9375 21
vt 1323.234375 21
vt 1323.4989013671875 15.142135620117188
vt 1323.234375 21
vt 1330.6024169921875 15.142135620117188
vt 1323.4989013671875 15.142135620117188
vt 1323.4989013671875 15.142135620117188
vt 1330.6024169921875 15.142135620117188
vt 1325.3883056640625 1
vt 1330.6024169921875 15.142135620117188
vt 1333.654296875 1
vt 1325.3883056640625 1
vt 1325.3883056640625 1
vt 1333.654296875 1
vt 1325.3883056640625 -399
vt 1333.654296875 1
vt 1333.654296875 -399
vt 1325.3883056640625 -399
vt 1325.3883056640625 -399
vt 1333.654296875 -399
vt 1323.4989013671875 -413.14215087890625
vt 1333.654296875 -399
vt 1330.6024169921875 -413.14215087890625
vt 1323.4989013671875 -413.14215087890625
vt 1323.4989013671875 -413.14215087890625
vt 1330.6024169921875 -413.14215087890625
vt 1318.9375 -419
vt 1330.6024169921875 -413.14215087890625
vt 1323.234375 -419
vt 1318.9375 -419
vt 1323.234375 21
vt 1326.75 21
vt 1330.6024169921875 15.142135620117188
vt 1326.75 21
vt 1336.827880859375 15.142135620117188
vt 1330.6024169921875 15.142135620117188
vt 1330.6024169921875 15.142135620117188
vt 1336.827880859375 15.142135620117188
vt 1333.654296875 1
vt 1336.827880859375 15.142135620117188
vt 1341.002197265625 1
vt 1333.654296875 1
vt 1333.654296875 1
vt 1341.002197265625 1
vt 1333.654296875 -399
vt 1341.002197265625 1
vt 1341.002197265625 -399
vt 1333.654296875 -399
vt 1333.654296875 -399
vt 1341.002197265625 -399
vt 1330.6024169921875 -413.14215087890625
vt 1341.002197265625 -399
vt 1336.827880859375 -413.14215087890625
vt 1330.6024169921875 -413.14215087890625
vt 1330.6024169921875 -413.14215087890625
vt 1336.827880859375 -413.14215087890625
vt 1323.234375 -419
vt 1336.827880859375 -413.14215087890625
vt 1326.75 -419
vt 1323.234375 -419
vt 579.75 21
vt 576.234375 21
vt 589.8278198242188 15.142135620117188
vt 576.234375 21
vt 583.6023559570312 15.142135620117188
vt 589.8278198242188 15.142135620117188
vt 589.8278198242188 15.142135620117188
vt 583.6023559570312 15.142135620117188
vt 594.002197265625 1
vt 583.6023559570312 15.142135620117188
vt 586.654296875 1
vt 594.002197265625 1
vt 594.002197265625 1
vt 586.654296875 1
vt 594.002197265625 -399
vt 586.654296875 1
vt 586.654296875 -399
vt 594.002197265625 -399
vt 594.002197265625 -399
vt 586.654296875 -399
vt 589.8278198242188 -413.14215087890625
vt 586.654296875 -399
vt 583.6023559570312 -413.14215087890625
vt 589.8278198242188 -413.14215087890625
vt 589.8278198242188 -413.14215087890625
vt 583.6023559570312 -413.14215087890625
vt 579.75 -419
vt 583.6023559570312 -413.14215087890625
vt 576.234375 -419
vt 579.75 -419
vt 576.234375 21
vt 571.9375 21
vt 583.6023559570312 15.142135620117188
vt 571.9375 21
vt 576.4989013671875 15.142135620117188
vt 583.6023559570312 15.142135620117188
vt 583.6023559570312 15.142135620117188
vt 576.4989013671875 15.142135620117188
vt 586.654296875 1
vt 576.4989013671875 15.142135620117188
vt 578.3883056640625 1
vt 586.654296875 1
vt 586.654296875 1
vt 578.3883056640625 1
vt 586.654296875 -399
vt 578.3883056640625 1
vt 578.3883056640625 -399
vt 586.654296875 -399
vt 586.654296875 -399
vt 578.3883056640625 -399
vt 583.6023559570312 -413.14215087890625
vt 578.3883056640625 -399
vt 576.4989013671875 -413.14215087890625
vt 583.6023559570312 -413.14215087890625
vt 583.6023559570312 -413.14215087890625
vt 576.4989013671875 -413.14215087890625
vt 576.234375 -419
vt 576.4989013671875 -413.14215087890625
vt 571.9375 -419
vt 576.234375 -419
vt 571.9375 21
vt 566.859375 21
vt 576.4989013671875 15.142135620117188
vt 566.859375 21
vt 568.9329833984375 15.142135620117188
vt 576.4989013671875 15.142135620117188
vt 576.4989013671875 15.142135620117188
vt 568.9329833984375 15.142135620117188
vt 578.3883056640625 1
vt 568.9329833984375 15.142135620117188
vt 569.7919311523438 1
vt 578.3883056640625 1
vt 578.3883056640625 1
vt 569.7919311523438 1
vt 578.3883056640625 -399
vt 569.7919311523438 1
vt 569.7919311523438 -399
vt 578.3883056640625 -399
vt 578.3883056640625 -399
vt 569.7919311523438 -399
vt 576.4989013671875 -413.14215087890625
vt 569.7919311523438 -399
vt 568.9329833984375 -413.14215087890625
vt 576.4989013671875 -413.14215087890625
vt 576.4989013671875 -413.14215087890625
vt 568.9329833984375 -413.14215087890625
vt 571.9375 -419
vt 568.9329833984375 -413.14215087890625
vt 566.859375 -419
vt 571.9375 -419
vt 566.859375 21
vt 561 21
vt 568.9329833984375 15.142135620117188
vt 561 21
vt 561.4708862304688 15.142135620117188
vt 568.9329833984375 15.142135620117188
vt 568.9329833984375 15.142135620117188
vt 561.4708862304688 15.142135620117188
vt 569.7919311523438 1
vt 561.4708862304688 15.142135620117188
vt 561.6659545898438 1
vt 569.7919311523438 1
vt 569.7919311523438 1
vt 561.6659545898438 1
vt 569.7919311523438 -399
vt 561.6659545898438 1
vt 561.6659545898438 -399
vt 569.7919311523438 -399
vt 569.7919311523438 -399
vt 561.6659545898438 -399
vt 568.9329833984375 -413.14215087890625
vt 561.6659545898438 -399
vt 561.4708862304688 -413.14215087890625
vt 568.9329833984375 -413.14215087890625
vt 568.9329833984375 -413.14215087890625
vt 561.4708862304688 -413.14215087890625
vt 566.859375 -419
vt 561.4708862304688 -413.14215087890625
vt 561 -419
vt 566.859375 -419
vt 561 21
vt 211 21
vt 561.4708862304688 15.142135620117188
vt 211 21
vt 210.52911376953125 15.142135620117188
vt 561.4708862304688 15.142135620117188
vt 561.4708862304688 15.142135620117188
vt 210.52911376953125 15.142135620117188
vt 561.6659545898438 1
vt 210.52911376953125 15.142135620117188
vt 210.33407592773438 1
vt 561.6659545898438 1
vt 561.6659545898438 1
vt 210.33407592773438 1
vt 561.6659545898438 -399
vt 210.33407592773438 1
vt 210.33407592773438 -399
vt 561.6659545898438 -399
vt 561.6659545898438 -399
vt 210.33407592773438 -399
vt 561.4708862304688 -413.14215087890625
vt 210.33407592773438 -399
vt 210.52911376953125 -413.14215087890625
vt 561.4708862304688 -413.14215087890625
vt 561.4708862304688 -413.14215087890625
vt 210.52911376953125 -413.14215087890625
vt 561 -419
vt 210.52911376953125 -413.14215087890625
vt 211 -419
vt 561 -419
vt 211 21
vt 205.140625 21
vt 210.52911376953125 15.142135620117188
vt 205.140625 21
vt 203.06698608398438 15.142135620117188
vt 210.52911376953125 15.142135620117188
vt 210.52911376953125 15.142135620117188
vt 203.06698608398438 15.142135620117188
vt 210.33407592773438 1
vt 203.06698608398438 15.142135620117188
vt 202.2080535888672 1
vt 210.33407592773438 1
vt 210.33407592773438 1
vt 202.2080535888672 1
vt 210.33407592773438 -399
vt 202.2080535888672 1
vt 202.2080535888672 -399
vt 210.33407592773438 -399
vt 210.33407592773438 -399
vt 202.2080535888672 -399
vt 210.52911376953125 -413.14215087890625
vt 202.2080535888672 -399
vt 203.06698608398438 -413.14215087890625
vt 210.52911376953125 -413.14215087890625
vt 210.52911376953125 -413.14215087890625
vt 203.06698608398438 -413.14215087890625
vt 211 -419
vt 203.06698608398438 -413.14215087890625
vt 205.140625 -419
vt 211 -419
vt 205.140625 21
vt 200.0625 21
vt 203.06698608398438 15.142135620117188
vt 200.0625 21
vt 195.50108337402344 15.142135620117188
vt 203.06698608398438 15.142135620117188
vt 203.06698608398438 15.142135620117188
vt 195.50108337402344 15.142135620117188
vt 202.2080535888672 1
vt 195.50108337402344 15.142135620117188
vt 193.6116943359375 1
vt 202.2080535888672 1
vt 202.2080535888672 1
vt 193.6116943359375 1
vt 202.2080535888672 -399
vt 193.6116943359375 1
vt 193.6116943359375 -399
vt 202.2080535888672 -399
vt 202.2080535888672 -399
vt 193.6116943359375 -399
vt 203.06698608398438 -413.14215087890625
vt 193.6116943359375 -399
vt 195.50108337402344 -413.14215087890625
vt 203.06698608398438 -413.14215087890625
vt 203.06698608398438 -413.14215087890625
vt 195.50108337402344 -413.14215087890625
vt 205.140625 -419
vt 195.50108337402344 -413.14215087890625
vt 200.0625 -419
vt 205.140625 -419
vt 200.0625 21
vt 195.765625 21
vt 195.50108337402344 15.142135620117188
vt 195.765625 21
vt 188.3976287841797 15.142135620117188
vt 195.50108337402344 15.142135620117188
vt 195.50108337402344 15.142135620117188
vt 188.3976287841797 15.142135620117188
vt 193.6116943359375 1
vt 188.3976287841797 15.142135620117188
vt 185.345703125 1
vt 193.6116943359375 1
vt 193.6116943359375 1
vt 185.345703125 1
vt 193.6116943359375 -399
vt 185.345703125 1
vt 185.345703125 -399
vt 193.6116943359375 -399
vt 193.6116943359375 -399
vt 185.345703125 -399
vt 195.50108337402344 -413.14215087890625
vt 185.345703125 -399
vt 188.3976287841797 -413.14215087890625
vt 195.50108337402344 -413.14215087890625
vt 195.50108337402344 -413.14215087890625
vt 188.3976287841797 -413.14215087890625
vt 200.0625 -419
vt 188.3976287841797 -413.14215087890625
vt 195.765625 -419
vt 200.0625 -419
vt 195.765625 21
vt 192.25 21
vt 188.3976287841797 15.142135620117188
vt 192.25 21
vt 182.17218017578125 15.142135620117188
vt 188.3976287841797 15.142135620117188
vt 188.3976287841797 15.142135620117188
vt 182.17218017578125 15.142135620117188
vt 185.345703125 1
vt 182.17218017578125 15.142135620117188
vt 177.997802734375 1
vt 185.345703125 1
vt 185.345703125 1
vt 177.997802734375 1
vt 185.345703125 -399
vt 177.997802734375 1
vt 177.997802734375 -399
vt 185.345703125 -399
vt 185.345703125 -399
vt 177.997802734375 -399
vt 188.3976287841797 -413.14215087890625
vt 177.997802734375 -399
vt 182.17218017578125 -413.14215087890625
vt 188.3976287841797 -413.14215087890625
vt 188.3976287841797 -413.14215087890625
vt 182.17218017578125 -413.14215087890625
vt 195.765625 -419
vt 182.17218017578125 -413.14215087890625
vt 192.25 -419
vt 195.765625 -419
vt 1326.75 21
vt 1323.234375 21
vt 1336.827880859375 15.142135620117188
vt 1323.234375 21
vt 1330.6024169921875 15.142135620117188
vt 1336.827880859375 15.142135620117188
vt 1336.827880859375 15.142135620117188
vt 1330.6024169921875 15.142135620117188
vt 1341.002197265625 1
vt 1330.6024169921875 15.142135620117188
vt 1333.654296875 1
vt 1341.002197265625 1
vt 1341.002197265625 1
vt 1333.654296875 1
vt 1341.002197265625 -399
vt 1333.654296875 1
vt 1333.654296875 -399
vt 1341.002197265625 -399
vt 1341.002197265625 -399
vt 1333.654296875 -399
vt 1336.827880859375 -413.14215087890625
vt 1333.654296875 -399
vt 1330.6024169921875 -413.14215087890625
vt 1336.827880859375 -413.14215087890625
vt 1336.827880859375 -413.14215087890625
vt 1330.6024169921875 -413.14215087890625
vt 1326.75 -419
vt 1330.6024169921875 -413.14215087890625
vt 1323.234375 -419
vt 1326.75 -419
vt 1323.234375 21
vt 1318.9375 21
vt 1330.6024169921875 15.142135620117188
vt 1318.9375 21
vt 1323.4989013671875 15.142135620117188
vt 1330.6024169921875 15.142135620117188
vt 1330.6024169921875 15.142135620117188
vt 1323.4989013671875 15.142135620117188
vt 1333.654296875 1
vt 1323.4989013671875 15.142135620117188
vt 1325.3883056640625 1
vt 1333.654296875 1
vt 1333.654296875 1
vt 1325.3883056640625 1
vt 1333.654296875 -399
vt 1325.3883056640625 1
vt 1325.3883056640625 -399
vt 1333.654296875 -399
vt 1333.654296875 -399
vt 1325.3883056640625 -399
vt 1330.6024169921875 -413.14215087890625
vt 1325.3883056640625 -399
vt 1323.4989013671875 -413.14215087890625
vt 1330.6024169921875 -413.14215087890625
vt 1330.6024169921875 -413.14215087890625
vt 1323.4989013671875 -413.14215087890625
vt 1323.234375 -419
vt 1323.4989013671875 -413.14215087890625
vt 1318.9375 -419
vt 1323.234375 -419
vt 1318.9375 21
vt 1313.859375 21
vt 1323.4989013671875 15.142135620117188
vt 1313.859375 21
vt 1315.9329833984375 15.142135620117188
vt 1323.4989013671875 15.142135620117188
vt 1323.4989013671875 15.142135620117188
vt 1315.9329833984375 15.142135620117188
vt 1325.3883056640625 1
vt 1315.9329833984375 15.142135620117188
vt 1316.7919921875 1
vt 1325.3883056640625 1
vt 1325.3883056640625 1
vt 1316.7919921875 1
vt 1325.3883056640625 -399
vt 1316.7919921875 1
vt 1316.7919921875 -399
vt 1325.3883056640625 -399
vt 1325.3883056640625 -399
vt 1316.7919921875 -399
vt 1323.4989013671875 -413.14215087890625
vt 1316.7919921875 -399
vt 1315.9329833984375 -413.14215087890625
vt 1323.4989013671875 -413.14215087890625
vt 1323.4989013671875 -413.14215087890625
vt 1315.9329833984375 -413.14215087890625
vt 1318.9375 -419
vt 1315.9329833984375 -413.14215087890625
vt 1313.859375 -419
vt 1318.9375 -419
vt 1313.859375 21
vt 1308 21
vt 1315.9329833984375 15.142135620117188
vt 1308 21
vt 1308.4708251953125 15.142135620117188
vt 1315.9329833984375 15.142135620117188
vt 1315.9329833984375 15.142135620117188
vt 1308.4708251953125 15.142135620117188
vt 1316.7919921875 1
vt 1308.4708251953125 15.142135620117188
vt 1308.6658935546875 1
vt 1316.7919921875 1
vt 1316.7919921875 1
vt 1308.6658935546875 1
vt 1316.7919921875 -399
vt 1308.6658935546875 1
vt 1308.6658935546875 -399
vt 1316.7919921875 -399
vt 1316.7919921875 -399
vt 1308.6658935546875 -399
vt 1315.9329833984375 -413.14215087890625
vt 1308.6658935546875 -399
vt 1308.4708251953125 -413.14215087890625
vt 1315.9329833984375 -413.14215087890625
vt 1315.9329833984375 -413.14215087890625
vt 1308.4708251953125 -413.14215087890625
vt 1313.859375 -419
vt 1308.4708251953125 -413.14215087890625
vt 1308 -419
vt 1313.859375 -419
vt 1308 21
vt 306 21
vt 1308.4708251953125 15.142135620117188
vt 306 21
vt 306.26019287109375 15.142135620117188
vt 1308.4708251953125 15.142135620117188
vt 1308.4708251953125 15.142135620117188
vt 306.26019287109375 15.142135620117188
vt 1308.6658935546875 1
vt 306.26019287109375 15.142135620117188
vt 306.36798095703125 1
vt 1308.6658935546875 1
vt 1308.6658935546875 1
vt 306.36798095703125 1
vt 1308.6658935546875 -399
vt 306.36798095703125 1
vt 306.36798095703125 -399
vt 1308.6658935546875 -399
vt 1308.6658935546875 -399
vt 306.36798095703125 -399
vt 1308.4708251953125 -413.14215087890625
vt 306.36798095703125 -399
vt 306.26019287109375 -413.14215087890625
vt 1308.4708251953125 -413.14215087890625
vt 1308.4708251953125 -413.14215087890625
vt 306.26019287109375 -413.14215087890625
vt 1308 -419
vt 306.26019287109375 -413.14215087890625
vt 306 -419
vt 1308 -419
vt 306 21
vt 300.90625 21
vt 306.26019287109375 15.142135620117188
vt 300.90625 21
vt 301.9942932128906 15.142135620117188
vt 306.26019287109375 15.142135620117188
vt 306.26019287109375 15.142135620117188
vt 301.9942932128906 15.142135620117188
vt 306.36798095703125 1
vt 301.9942932128906 15.142135620117188
vt 302.4449768066406 1
vt 306.36798095703125 1
vt 306.36798095703125 1
vt 302.4449768066406 1
vt 306.36798095703125 -399
vt 302.4449768066406 1
vt 302.4449768066406 -399
vt 306.36798095703125 -399
vt 306.36798095703125 -399
vt 302.4449768066406 -399
vt 306.26019287109375 -413.14215087890625
vt 302.4449768066406 -399
vt 301.9942932128906 -413.14215087890625
vt 306.26019287109375 -413.14215087890625
vt 306.26019287109375 -413.14215087890625
vt 301.9942932128906 -413.14215087890625
vt 306 -419
vt 301.9942932128906 -413.14215087890625
vt 300.90625 -419
vt 306 -419
vt 300.90625 21
vt 296.125 21
vt 301.9942932128906 15.142135620117188
vt 296.125 21
vt 298.4076232910156 15.142135620117188
vt 301.9942932128906 15.142135620117188
vt 301.9942932128906 15.142135620117188
vt 298.4076232910156 15.142135620117188
vt 302.4449768066406 1
vt 298.4076232910156 15.142135620117188
vt 299.3531188964844 1
vt 302.4449768066406 1
vt 302.4449768066406 1
vt 299.3531188964844 1
vt 302.4449768066406 -399
vt 299.3531188964844 1
vt 299.3531188964844 -399
vt 302.4449768066406 -399
vt 302.4449768066406 -399
vt 299.3531188964844 -399
vt 301.9942932128906 -413.14215087890625
vt 299.3531188964844 -399
vt 298.4076232910156 -413.14215087890625
vt 301.9942932128906 -413.14215087890625
vt 301.9942932128906 -413.14215087890625
vt 298.4076232910156 -413.14215087890625
vt 300.90625 -419
vt 298.4076232910156 -413.14215087890625
vt 296.125 -419
vt 300.90625 -419
vt 296.125 21
vt 291.65625 21
vt 298.4076232910156 15.142135620117188
vt 291.65625 21
vt 295.2462158203125 15.142135620117188
vt 298.4076232910156 15.142135620117188
vt 298.4076232910156 15.142135620117188
vt 295.2462158203125 15.142135620117188
vt 299.3531188964844 1
vt 295.2462158203125 15.142135620117188
vt 296.73321533203125 1
vt 299.3531188964844 1
vt 299.3531188964844 1
vt 296.73321533203125 1
vt 299.3531188964844 -399
vt 296.73321533203125 1
vt 296.73321533203125 -399
vt 299.3531188964844 -399
vt 299.3531188964844 -399
vt 296.73321533203125 -399
vt 298.4076232910156 -413.14215087890625
vt 296.73321533203125 -399
vt 295.2462158203125 -413.14215087890625
vt 298.4076232910156 -413.14215087890625
vt 298.4076232910156 -413.14215087890625
vt 295.2462158203125 -413.14215087890625
vt 296.125 -419
vt 295.2462158203125 -413.14215087890625
vt 291.65625 -419
vt 296.125 -419
vt 291.65625 21
vt 287.5 21
vt 295.2462158203125 15.142135620117188
vt 287.5 21
vt 292.4862976074219 15.142135620117188
vt 295.2462158203125 15.142135620117188
vt 295.2462158203125 15.142135620117188
vt 292.4862976074219 15.142135620117188
vt 296.73321533203125 1
vt 292.4862976074219 15.142135620117188
vt 294.55169677734375 1
vt 296.73321533203125 1
vt 296.73321533203125 1
vt 294.55169677734375 1
vt 296.73321533203125 -399
vt 294.55169677734375 1
vt 294.55169677734375 -399
vt 296.73321533203125 -399
vt 296.73321533203125 -399
vt 294.55169677734375 -399
vt 295.2462158203125 -413.14215087890625
vt 294.55169677734375 -399
vt 292.4862976074219 -413.14215087890625
vt 295.2462158203125 -413.14215087890625
vt 295.2462158203125 -413.14215087890625
vt 292.4862976074219 -413.14215087890625
vt 291.65625 -419
vt 292.4862976074219 -413.14215087890625
vt 287.5 -419
vt 291.65625 -419
vt 287.5 21
vt 283.65625 21
vt 292.4862976074219 15.142135620117188
vt 283.65625 21
vt 290.0862121582031 15.142135620117188
vt 292.4862976074219 15.142135620117188
vt 292.4862976074219 15.142135620117188
vt 290.0862121582031 15.142135620117188
vt 294.55169677734375 1
vt 290.0862121582031 15.142135620117188
vt 292.7496032714844 1
vt 294.55169677734375 1
vt 294.55169677734375 1
vt 292.7496032714844 1
vt 294.55169677734375 -399
vt 292.7496032714844 1
vt 292.7496032714844 -399
vt 294.55169677734375 -399
vt 294.55169677734375 -399
vt 292.7496032714844 -399
vt 292.4862976074219 -413.14215087890625
vt 292.7496032714844 -399
vt 290.0862121582031 -413.14215087890625
vt 292.4862976074219 -413.14215087890625
vt 292.4862976074219 -413.14215087890625
vt 290.0862121582031 -413.14215087890625
vt 287.5 -419
vt 290.0862121582031 -413.14215087890625
vt 283.65625 -419
vt 287.5 -419
vt 283.65625 21
vt 280.125 21
vt 290.0862121582031 15.142135620117188
vt 280.125 21
vt 287.9881896972656 15.142135620117188
vt 290.0862121582031 15.142135620117188
vt 290.0862121582031 15.142135620117188
vt 287.9881896972656 15.142135620117188
vt 292.7496032714844 1
vt 287.9881896972656 15.142135620117188
vt 291.2452087402344 1
vt 292.7496032714844 1
vt 292.7496032714844 1
vt 291.2452087402344 1
vt 292.7496032714844 -399
vt 291.2452087402344 1
vt 291.2452087402344 -399
vt 292.7496032714844 -399
vt 292.7496032714844 -399
vt 291.2452087402344 -399
vt 290.0862121582031 -413.14215087890625
vt 291.2452087402344 -399
vt 287.9881896972656 -413.14215087890625
vt 290.0862121582031 -413.14215087890625
vt 290.0862121582031 -413.14215087890625
vt 287.9881896972656 -413.14215087890625
vt 283.65625 -419
vt 287.9881896972656 -413.14215087890625
vt 280.125 -419
vt 283.65625 -419
vt 280.125 21
vt 276.90625 21
vt 287.9881896972656 15.142135620117188
vt 276.90625 21
vt 286.1261291503906 15.142135620117188
vt 287.9881896972656 15.142135620117188
vt 287.9881896972656 15.142135620117188
vt 286.1261291503906 15.142135620117188
vt 291.2452087402344 1
vt 286.1261291503906 15.142135620117188
vt 289.9450988769531 1
vt 291.2452087402344 1
vt 291.2452087402344 1
vt 289.9450988769531 1
vt 291.2452087402344 -399
vt 289.9450988769531 1
vt 289.9450988769531 -399
vt 291.2452087402344 -399
vt 291.2452087402344 -399
vt 289.9450988769531 -399
vt 287.9881896972656 -413.14215087890625
vt 289.9450988769531 -399
vt 286.1261291503906 -413.14215087890625
vt 287.9881896972656 -413.14215087890625
vt 287.9881896972656 -413.14215087890625
vt 286.1261291503906 -413.14215087890625
vt 280.125 -419
vt 286.1261291503906 -413.14215087890625
vt 276.90625 -419
vt 280.125 -419
vt 276.90625 21
vt 274 21
vt 286.1261291503906 15.142135620117188
vt 274 21
vt 283.91802978515625 15.142135620117188
vt 286.1261291503906 15.142135620117188
vt 286.1261291503906 15.142135620117188
vt 283.91802978515625 15.142135620117188
vt 289.9450988769531 1
vt 283.91802978515625 15.142135620117188
vt 288.0262145996094 1
vt 289.9450988769531 1
vt 289.9450988769531 1
vt 288.0262145996094 1
vt 289.9450988769531 -399
vt 288.0262145996094 1
vt 288.0262145996094 -399
vt 289.9450988769531 -399
vt 289.9450988769531 -399
vt 288.0262145996094 -399
vt 286.1261291503906 -413.14215087890625
vt 288.0262145996094 -399
vt 283.91802978515625 -413.14215087890625
vt 286.1261291503906 -413.14215087890625
vt 286.1261291503906 -413.14215087890625
vt 283.91802978515625 -413.14215087890625
vt 276.90625 -419
vt 283.91802978515625 -413.14215087890625
vt 274 -419
vt 276.90625 -419
vt 274 21
vt 126 21
vt 283.91802978515625 15.142135620117188
vt 126 21
vt 135.49232482910156 15.142135620117188
vt 283.91802978515625 15.142135620117188
vt 283.91802978515625 15.142135620117188
vt 135.49232482910156 15.142135620117188
vt 288.0262145996094 1
vt 135.49232482910156 15.142135620117188
vt 139.42417907714844 1
vt 288.0262145996094 1
vt 288.0262145996094 1
vt 139.42417907714844 1
vt 288.0262145996094 -399
vt 139.42417907714844 1
vt 139.42417907714844 -399
vt 288.0262145996094 -399
vt 288.0262145996094 -399
vt 139.42417907714844 -399
vt 283.91802978515625 -413.14215087890625
vt 139.42417907714844 -399
vt 135.49232482910156 -413.14215087890625
vt 283.91802978515625 -413.14215087890625
vt 283.91802978515625 -413.14215087890625
vt 135.49232482910156 -413.14215087890625
vt 274 -419
vt 135.49232482910156 -413.14215087890625
vt 126 -419
vt 274 -419
vt 126 21
vt 123.125 21
vt 135.49232482910156 15.142135620117188
vt 123.125 21
vt 131.470703125 15.142135620117188
vt 135.49232482910156 15.142135620117188
vt 135.49232482910156 15.142135620117188
vt 131.470703125 15.142135620117188
vt 139.42417907714844 1
vt 131.470703125 15.142135620117188
vt 134.92759704589844 1
vt 139.42417907714844 1
vt 139.42417907714844 1
vt 134.92759704589844 1
vt 139.42417907714844 -399
vt 134.92759704589844 1
vt 134.92759704589844 -399
vt 139.42417907714844 -399
vt 139.42417907714844 -399
vt 134.92759704589844 -399
vt 135.49232482910156 -413.14215087890625
vt 134.92759704589844 -399
vt 131.470703125 -413.14215087890625
vt 135.49232482910156 -413.14215087890625
vt 135.49232482910156 -413.14215087890625
vt 131.470703125 -413.14215087890625
vt 126 -419
vt 131.470703125 -413.14215087890625
vt 123.125 -419
vt 126 -419
vt 123.125 21
vt 120 21
vt 131.470703125 15.142135620117188
vt 120 21
vt 127.08214569091797 15.142135620117188
vt 131.470703125 15.142135620117188
vt 131.470703125 15.142135620117188
vt 127.08214569091797 15.142135620117188
vt 134.92759704589844 1
vt 127.08214569091797 15.142135620117188
vt 130.0156707763672 1
vt 134.92759704589844 1
vt 134.92759704589844 1
vt 130.0156707763672 1
vt 134.92759704589844 -399
vt 130.0156707763672 1
vt 130.0156707763672 -399
vt 134.92759704589844 -399
vt 134.92759704589844 -399
vt 130.0156707763672 -399
vt 131.470703125 -413.14215087890625
vt 130.0156707763672 -399
vt 127.08214569091797 -413.14215087890625
vt 131.470703125 -413.14215087890625
vt 131.470703125 -413.14215087890625
vt 127.08214569091797 -413.14215087890625
vt 123.125 -419
vt 127.08214569091797 -413.14215087890625
vt 120 -419
vt 123.125 -419
vt 120 21
vt 116.625 21
vt 127.08214569091797 15.142135620117188
vt 116.625 21
vt 122.4059829711914 15.142135620117188
vt 127.08214569091797 15.142135620117188
vt 127.08214569091797 15.142135620117188
vt 122.4059829711914 15.142135620117188
vt 130.0156707763672 1
vt 122.4059829711914 15.142135620117188
vt 124.80054473876953 1
vt 130.0156707763672 1
vt 130.0156707763672 1
vt 124.80054473876953 1
vt 130.0156707763672 -399
vt 124.80054473876953 1
vt 124.80054473876953 -399
vt 130.0156707763672 -399
vt 130.0156707763672 -399
vt 124.80054473876953 -399
vt 127.08214569091797 -413.14215087890625
vt 124.80054473876953 -399
vt 122.4059829711914 -413.14215087890625
vt 127.08214569091797 -413.14215087890625
vt 127.08214569091797 -413.14215087890625
vt 122.4059829711914 -413.14215087890625
vt 120 -419
vt 122.4059829711914 -413.14215087890625
vt 116.625 -419
vt 120 -419
vt 116.625 21
vt 113 21
vt 122.4059829711914 15.142135620117188
vt 113 21
vt 117.48831939697266 15.142135620117188
vt 122.4059829711914 15.142135620117188
vt 122.4059829711914 15.142135620117188
vt 117.48831939697266 15.142135620117188
vt 124.80054473876953 1
vt 117.48831939697266 15.142135620117188
vt 119.34745025634766 1
vt 124.80054473876953 1
vt 124.80054473876953 1
vt 119.34745025634766 1
vt 124.80054473876953 -399
vt 119.34745025634766 1
vt 119.34745025634766 -399
vt 124.80054473876953 -399
vt 124.80054473876953 -399
vt 119.34745025634766 -399
vt 122.4059829711914 -413.14215087890625
vt 119.34745025634766 -399
vt 117.48831939697266 -413.14215087890625
vt 122.4059829711914 -413.14215087890625
vt 122.4059829711914 -413.14215087890625
vt 117.48831939697266 -413.14215087890625
vt 116.625 -419
vt 117.48831939697266 -413.14215087890625
vt 113 -419
vt 116.625 -419
vt 113 21
vt 109.125 21
vt 117.48831939697266 15.142135620117188
vt 109.125 21
vt 112.36790466308594 15.142135620117188
vt 117.48831939697266 15.142135620117188
vt 117.48831939697266 15.142135620117188
vt 112.36790466308594 15.142135620117188
vt 119.34745025634766 1
vt 112.36790466308594 15.142135620117188
vt 113.7111587524414 1
vt 119.34745025634766 1
vt 119.34745025634766 1
vt 113.7111587524414 1
vt 119.34745025634766 -399
vt 113.7111587524414 1
vt 113.7111587524414 -399
vt 119.34745025634766 -399
vt 119.34745025634766 -399
vt 113.7111587524414 -399
vt 117.48831939697266 -413.14215087890625
vt 113.7111587524414 -399
vt 112.36790466308594 -413.14215087890625
vt 117.48831939697266 -413.14215087890625
vt 117.48831939697266 -413.14215087890625
vt 112.36790466308594 -413.14215087890625
vt 113 -419
vt 112.36790466308594 -413.14215087890625
vt 109.125 -419
vt 113 -419
vt 109.125 21
vt 105 21
vt 112.36790466308594 15.142135620117188
vt 105 21
vt 107.07247924804688 15.142135620117188
vt 112.36790466308594 15.142135620117188
vt 112.36790466308594 15.142135620117188
vt 107.07247924804688 15.142135620117188
vt 113.7111587524414 1
vt 107.07247924804688 15.142135620117188
vt 107.9309310913086 1
vt 113.7111587524414 1
vt 113.7111587524414 1
vt 107.9309310913086 1
vt 113.7111587524414 -399
vt 107.9309310913086 1
vt 107.9309310913086 -399
vt 113.7111587524414 -399
vt 113.7111587524414 -399
vt 107.9309310913086 -399
vt 112.36790466308594 -413.14215087890625
vt 107.9309310913086 -399
vt 107.07247924804688 -413.14215087890625
vt 112.36790466308594 -413.14215087890625
vt 112.36790466308594 -413.14215087890625
vt 107.07247924804688 -413.14215087890625
vt 109.125 -419
vt 107.07247924804688 -413.14215087890625
vt 105 -419
vt 109.125 -419
vt 105 21
vt 100.625 21
vt 107.07247924804688 15.142135620117188
vt 100.625 21
vt 101.61837768554688 15.142135620117188
vt 107.07247924804688 15.142135620117188
vt 107.07247924804688 15.142135620117188
vt 101.61837768554688 15.142135620117188
vt 107.9309310913086 1
vt 101.61837768554688 15.142135620117188
vt 102.02984619140625 1
vt 107.9309310913086 1
vt 107.9309310913086 1
vt 102.02984619140625 1
vt 107.9309310913086 -399
vt 102.02984619140625 1
vt 102.02984619140625 -399
vt 107.9309310913086 -399
vt 107.9309310913086 -399
vt 102.02984619140625 -399
vt 107.07247924804688 -413.14215087890625
vt 102.02984619140625 -399
vt 101.61837768554688 -413.14215087890625
vt 107.07247924804688 -413.14215087890625
vt 107.07247924804688 -413.14215087890625
vt 101.61837768554688 -413.14215087890625
vt 105 -419
vt 101.61837768554688 -413.14215087890625
vt 100.625 -419
vt 105 -419
vt 100.625 21
vt 96 21
vt 101.61837768554688 15.142135620117188
vt 96 21
vt 96.23882293701172 15.142135620117188
vt 101.61837768554688 15.142135620117188
vt 101.61837768554688 15.142135620117188
vt 96.23882293701172 15.142135620117188
vt 102.02984619140625 1
vt 96.23882293701172 15.142135620117188
vt 96.33773803710938 1
vt 102.02984619140625 1
vt 102.02984619140625 1
vt 96.33773803710938 1
vt 102.02984619140625 -399
vt 96.33773803710938 1
vt 96.33773803710938 -399
vt 102.02984619140625 -399
vt 102.02984619140625 -399
vt 96.33773803710938 -399
vt 101.61837768554688 -413.14215087890625
vt 96.33773803710938 -399
vt 96.23882293701172 -413.14215087890625
vt 101.61837768554688 -413.14215087890625
vt 101.61837768554688 -413.14215087890625
vt 96.23882293701172 -413.14215087890625
vt 100.625 -419
vt 96.23882293701172 -413.14215087890625
vt 96 -419
vt 100.625 -419
vt 96 21
vt -142 21
vt 96.23882293701172 15.142135620117188
vt -142 21
vt -142.47088623046875 15.142135620117188
vt 96.23882293701172 15.142135620117188
vt 96.23882293701172 15.142135620117188
vt -142.47088623046875 15.142135620117188
vt 96.33773803710938 1
vt -142.47088623046875 15.142135620117188
vt -142.66592407226562 1
vt 96.33773803710938 1
vt 96.33773803710938 1
vt -142.66592407226562 1
vt 96.33773803710938 -399
vt -142.66592407226562 1
vt -142.66592407226562 -399
vt 96.33773803710938 -399
vt 96.33773803710938 -399
vt -142.66592407226562 -399
vt 96.23882293701172 -413.14215087890625
vt -142.66592407226562 -399
vt -142.47088623046875 -413.14215087890625
vt 96.23882293701172 -413.14215087890625
vt 96.23882293701172 -413.14215087890625
vt -142.47088623046875 -413.14215087890625
vt 96 -419
vt -142.47088623046875 -413.14215087890625
vt -142 -419
vt 96 -419
vt -142 21
vt -147.859375 21
vt -142.47088623046875 15.142135620117188
vt -147.859375 21
vt -149.93301391601562 15.142135620117188
vt -142.47088623046875 15.142135620117188
vt -142.47088623046875 15.142135620117188
vt -149.93301391601562 15.142135620117188
vt -142.66592407226562 1
vt -149.93301391601562 15.142135620117188
vt -150.7919464111328 1
vt -142.66592407226562 1
vt -142.66592407226562 1
vt -150.7919464111328 1
vt -142.66592407226562 -399
vt -150.7919464111328 1
vt -150.7919464111328 -399
vt -142.66592407226562 -399
vt -142.66592407226562 -399
vt -150.7919464111328 -399
vt -142.47088623046875 -413.14215087890625
vt -150.7919464111328 -399
vt -149.93301391601562 -413.14215087890625
vt -142.47088623046875 -413.14215087890625
vt -142.47088623046875 -413.14215087890625
vt -149.93301391601562 -413.14215087890625
vt -142 -419
vt -149.93301391601562 -413.14215087890625
vt -147.859375 -419
vt -142 -419
vt -147.859375 21
vt -152.9375 21
vt -149.93301391601562 15.142135620117188
vt -152.9375 21
vt -157.49891662597656 15.142135620117188
vt -149.93301391601562 15.142135620117188
vt -149.93301391601562 15.142135620117188
vt -157.49891662597656 15.142135620117188
vt -150.7919464111328 1
vt -157.49891662597656 15.142135620117188
vt -159.3883056640625 1
vt -150.7919464111328 1
vt -150.7919464111328 1
vt -159.3883056640625 1
vt -150.7919464111328 -399
vt -159.3883056640625 1
vt -159.3883056640625 -399
vt -150.7919464111328 -399
vt -150.7919464111328 -399
vt -159.3883056640625 -399
vt -149.93301391601562 -413.14215087890625
vt -159.3883056640625 -399
vt -157.49891662597656 -413.14215087890625
vt -149.93301391601562 -413.14215087890625
vt -149.93301391601562 -413.14215087890625
vt -157.49891662597656 -413.14215087890625
vt -147.859375 -419
vt -157.49891662597656 -413.14215087890625
vt -152.9375 -419
vt -147.859375 -419
vt -152.9375 21
vt -157.234375 21
vt -157.49891662597656 15.142135620117188
vt -157.234375 21
vt -164.6023712158203 15.142135620117188
vt -157.49891662597656 15.142135620117188
vt -157.49891662597656 15.142135620117188
vt -164.6023712158203 15.142135620117188
vt -159.3883056640625 1
vt -164.6023712158203 15.142135620117188
vt -167.654296875 1
vt -159.3883056640625 1
vt -159.3883056640625 1
vt -167.654296875 1
vt -159.3883056640625 -399
vt -167.654296875 1
vt -167.654296875 -399
vt -159.3883056640625 -399
vt -159.3883056640625 -399
vt -167.654296875 -399
vt -157.49891662597656 -413.14215087890625
vt -167.654296875 -399
vt -164.6023712158203 -413.14215087890625
vt -157.49891662597656 -413.14215087890625
vt -157.49891662597656 -413.14215087890625
vt -164.6023712158203 -413.14215087890625
vt -152.9375 -419
vt -164.6023712158203 -413.14215087890625
vt -157.234375 -419
vt -152.9375 -419
vt -157.234375 21
vt -160.75 21
vt -164.6023712158203 15.142135620117188
vt -160.75 21
vt -170.82781982421875 15.142135620117188
vt -164.6023712158203 15.142135620117188
vt -164.6023712158203 15.142135620117188
vt -170.82781982421875 15.142135620117188
vt -167.654296875 1
vt -170.82781982421875 15.142135620117188
vt -175.002197265625 1
vt -167.654296875 1
vt -167.654296875 1
vt -175.002197265625 1
vt -167.654296875 -399
vt -175.002197265625 1
vt -175.002197265625 -399
vt -167.654296875 -399
vt -167.654296875 -399
vt -175.002197265625 -399
vt -164.6023712158203 -413.14215087890625
vt -175.002197265625 -399
vt -170.82781982421875 -413.14215087890625
vt -164.6023712158203 -413.14215087890625
vt -164.6023712158203 -413.14215087890625
vt -170.82781982421875 -413.14215087890625
vt -157.234375 -419
vt -170.82781982421875 -413.14215087890625
vt -160.75 -419
vt -157.234375 -419
vt 22.25 21
vt 25.765625 21
vt 12.172178268432617 15.142135620117188
vt 25.765625 21
vt 18.397624969482422 15.142135620117188
vt 12.172178268432617 15.142135620117188
vt 12.172178268432617 15.142135620117188
vt 18.397624969482422 15.142135620117188
vt 7.997807025909424 1
vt 18.397624969482422 15.142135620117188
vt 15.345698356628418 1
vt 7.997807025909424 1
vt 7.997807025909424 1
vt 15.345698356628418 1
vt 7.997807025909424 -399
vt 15.345698356628418 1
vt 15.345698356628418 -399
vt 7.997807025909424 -399
vt 7.997807025909424 -399
vt 15.345698356628418 -399
vt 12.172178268432617 -413.14215087890625
vt 15.345698356628418 -399
vt 18.397624969482422 -413.14215087890625
vt 12.172178268432617 -413.14215087890625
vt 12.172178268432617 -413.14215087890625
vt 18.397624969482422 -413.14215087890625
vt 22.25 -419
vt 18.397624969482422 -413.14215087890625
vt 25.765625 -419
vt 22.25 -419
vt 25.765625 21
vt 30.0625 21
vt 18.397624969482422 15.142135620117188
vt 30.0625 21
vt 25.501089096069336 15.142135620117188
vt 18.397624969482422 15.142135620117188
vt 18.397624969482422 15.142135620117188
vt 25.501089096069336 15.142135620117188
vt 15.345698356628418 1
vt 25.501089096069336 15.142135620117188
vt 23.611692428588867 1
vt 15.345698356628418 1
vt 15.345698356628418 1
vt 23.611692428588867 1
vt 15.345698356628418 -399
vt 23.611692428588867 1
vt 23.611692428588867 -399
vt 15.345698356628418 -399
vt 15.345698356628418 -399
vt 23.611692428588867 -399
vt 18.397624969482422 -413.14215087890625
vt 23.611692428588867 -399
vt 25.501089096069336 -413.14215087890625
vt 18.397624969482422 -413.14215087890625
vt 18.397624969482422 -413.14215087890625
vt 25.501089096069336 -413.14215087890625
vt 25.765625 -419
vt 25.501089096069336 -413.14215087890625
vt 30.0625 -419
vt 25.765625 -419
vt 30.0625 21
vt 35.140625 21
vt 25.501089096069336 15.142135620117188
vt 35.140625 21
vt 33.066986083984375 15.142135620117188
vt 25.501089096069336 15.142135620117188
vt 25.501089096069336 15.142135620117188
vt 33.066986083984375 15.142135620117188
vt 23.611692428588867 1
vt 33.066986083984375 15.142135620117188
vt 32.20805740356445 1
vt 23.611692428588867 1
vt 23.611692428588867 1
vt 32.20805740356445 1
vt 23.611692428588867 -399
vt 32.20805740356445 1
vt 32.20805740356445 -399
vt 23.611692428588867 -399
vt 23.611692428588867 -399
vt 32.20805740356445 -399
vt 25.501089096069336 -413.14215087890625
vt 32.20805740356445 -399
vt 33.066986083984375 -413.14215087890625
vt 25.501089096069336 -413.14215087890625
vt 25.501089096069336 -413.14215087890625
vt 33.066986083984375 -413.14215087890625
vt 30.0625 -419
vt 33.066986083984375 -413.14215087890625
vt 35.140625 -419
vt 30.0625 -419
vt 35.140625 21
vt 41 21
vt 33.066986083984375 15.142135620117188
vt 41 21
vt 40.529117584228516 15.142135620117188
vt 33.066986083984375 15.142135620117188
vt 33.066986083984375 15.142135620117188
vt 40.529117584228516 15.142135620117188
vt 32.20805740356445 1
vt 40.529117584228516 15.142135620117188
vt 40.33407211303711 1
vt 32.20805740356445 1
vt 32.20805740356445 1
vt 40.33407211303711 1
vt 32.20805740356445 -399
vt 40.33407211303711 1
vt 40.33407211303711 -399
vt 32.20805740356445 -399
vt 32.20805740356445 -399
vt 40.33407211303711 -399
vt 33.066986083984375 -413.14215087890625
vt 40.33407211303711 -399
vt 40.529117584228516 -413.14215087890625
vt 33.066986083984375 -413.14215087890625
vt 33.066986083984375 -413.14215087890625
vt 40.529117584228516 -413.14215087890625
vt 35.140625 -419
vt 40.529117584228516 -413.14215087890625
vt 41 -419
vt 35.140625 -419
vt 41 21
vt 337 21
vt 40.529117584228516 15.142135620117188
vt 337 21
vt 337.4414978027344 15.142135620117188
vt 40.529117584228516 15.142135620117188
vt 40.529117584228516 15.142135620117188
vt 337.4414978027344 15.142135620117188
vt 40.33407211303711 1
vt 337.4414978027344 15.142135620117188
vt 337.6243896484375 1
vt 40.33407211303711 1
vt 40.33407211303711 1
vt 337.6243896484375 1
vt 40.33407211303711 -399
vt 337.6243896484375 1
vt 337.6243896484375 -399
vt 40.33407211303711 -399
vt 40.33407211303711 -399
vt 337.6243896484375 -399
vt 40.529117584228516 -413.14215087890625
vt 337.6243896484375 -399
vt 337.4414978027344 -413.14215087890625
vt 40.529117584228516 -413.14215087890625
vt 40.529117584228516 -413.14215087890625
vt 337.4414978027344 -413.14215087890625
vt 41 -419
vt 337.4414978027344 -413.14215087890625
vt 337 -419
vt 41 -419
vn 0 0 -1
vn 0 0 -1
vn 0 0 -1
vn 0 0 -1
vn 0 0 -1
vn 0 0 -1
vn 0 0 -1
vn 0 0 -1
vn 0 0 -1
vn 0 0 -1
vn 0 0 -1
vn 0 0 -1
vn 0 0 -1
vn 0 0 -1
vn 0 0 -1
vn 0 0 -1
vn 0 0 -1
vn 0 0 -1
vn 0 0 -1
vn 0 0 -1
vn 0 0 -1
vn 0 0 -1
vn 0 0 -1
vn 0 0 -1
vn 0 0 -1
vn 0 0 -1
vn 0 0 -1
vn 0 0 -1
vn 0 0 -1
vn 0 0 -1
vn 0 0 -1
vn 0 0 -1
vn 0 0 -1
vn 0 0 -1
vn 0 0 -1
vn 0 0 -1
vn 0 0 -1
vn 0 0 -1
vn 0 0 -1
vn 0 0 -1
vn 0 0 -1
vn 0 0 -1
vn 0 0 -1
vn 0 0 -1
vn 0 0 -1
vn 0 0 -1
vn 0 0 -1
vn 0 0 -1
vn 0 0 -1
vn 0 0 -1
vn 0 0 -1
vn 0 0 -1
vn 0 0 -1
vn 0 0 -1
vn 0 0 -1
vn 0 0 -1
vn 0 0 -1
vn 0 0 -1
vn 0 0 -1
vn 0 0 -1
vn 0 0 -1
vn 0 0 -1
vn 0 0 -1
vn 0 0 -1
vn 0 0 -1
vn 0 0 -1
vn 0 0 -1
vn 0 0 -1
vn 0 0 -1
vn 0 0 -1
vn 0 0 -1
vn 0 0 -1
vn 0 0 -1
vn 0 0 -1
vn 0 0 -1
vn 0 0 -1
vn 0 0 -1
vn 0 0 -1
vn 0 0 -1
vn 0 0 -1
vn 0 0 -1
vn 0 0 -1
vn 0 0 -1
vn 0 0 -1
vn 0 0 -1
vn 0 0 -1
vn 0 0 -1
vn 0 0 -1
vn 0 0 -1
vn 0 0 -1
vn 0 0 -1
vn 0 0 -1
vn 0 0 -1
vn 0 0 -1
vn 0 0 -1
vn 0 0 -1
vn 0 0 -1
vn 0 0 -1
vn 0 0 -1
vn 0 0 -1
vn 0 0 -1
vn 0 0 -1
vn 0 0 -1
vn 0 0 -1
vn 0 0 -1
vn 0 0 -1
vn 0 0 -1
vn 0 0 -1
vn 0 0 -1
vn 0 0 -1
vn 0 0 -1
vn 0 0 -1
vn 0 0 -1
vn 0 0 -1
vn 0 0 -1
vn 0 0 -1
vn 0 0 -1
vn 0 0 -1
vn 0 0 -1
vn 0 0 -1
vn 0 0 -1
vn 0 0 -1
vn 0 0 -1
vn 0 0 -1
vn 0 0 -1
vn 0 0 -1
vn 0 0 -1
vn 0 0 -1
vn 0 0 -1
vn 0 0 -1
vn 0 0 -1
vn 0 0 -1
vn 0 0 -1
vn 0 0 -1
vn 0 0 -1
vn 0 0 -1
vn 0 0 -1
vn 0 0 -1
vn 0 0 -1
vn 0 0 -1
vn 0 0 -1
vn 0 0 -1
vn 0 0 -1
vn 0 0 -1
vn 0 0 -1
vn 0 0 -1
vn 0 0 -1
vn 0 0 -1
vn 0 0 -1
vn 0 0 -1
vn 0 0 -1
vn 0 0 -1
vn 0 0 -1
vn 0 0 -1
vn 0 0 -1
vn 0 0 -1
vn 0 0 -1
vn 0 0 -1
vn 0 0 -1
vn 0 0 -1
vn 0 0 -1
vn 0 0 -1
vn 0 0 -1
vn 0 0 -1
vn 0 0 -1
vn 0 0 -1
vn 0 0 -1
vn 0 0 -1
vn 0 0 -1
vn 0 0 -1
vn 0 0 -1
vn 0 0 -1
vn 0 0 -1
vn 0 0 -1
vn 0 0 -1
vn 0 0 -1
vn 0 0 -1
vn 0 0 -1
vn 0 0 -1
vn 0 0 -1
vn 0 0 -1
vn 0 0 -1
vn 0 0 -1
vn 0 0 -1
vn 0 0 -1
vn 0 0 -1
vn 0 0 -1
vn 0 0 -1
vn 0 0 -1
vn 0 0 -1
vn 0 0 -1
vn 0 0 -1
vn 0 0 -1
vn 0 0 -1
vn 0 0 -1
vn 0 0 -1
vn 0 0 -1
vn 0 0 -1
vn 0 0 -1
vn 0 0 -1
vn 0 0 -1
vn 0 0 -1
vn 0 0 -1
vn 0 0 -1
vn 0 0 -1
vn 0 0 -1
vn 0 0 -1
vn 0 0 1
vn 0 0 1
vn 0 0 1
vn 0 0 1
vn 0 0 1
vn 0 0 1
vn 0 0 1
vn 0 0 1
vn 0 0 1
vn 0 0 1
vn 0 0 1
vn 0 0 1
vn 0 0 1
vn 0 0 1
vn 0 0 1
vn 0 0 1
vn 0 0 1
vn 0 0 1
vn 0 0 1
vn 0 0 1
vn 0 0 1
vn 0 0 1
vn 0 0 1
vn 0 0 1
vn 0 0 1
vn 0 0 1
vn 0 0 1
vn 0 0 1
vn 0 0 1
vn 0 0 1
vn 0 0 1
vn 0 0 1
vn 0 0 1
vn 0 0 1
vn 0 0 1
vn 0 0 1
vn 0 0 1
vn 0 0 1
vn 0 0 1
vn 0 0 1
vn 0 0 1
vn 0 0 1
vn 0 0 1
vn 0 0 1
vn 0 0 1
vn 0 0 1
vn 0 0 1
vn 0 0 1
vn 0 0 1
vn 0 0 1
vn 0 0 1
vn 0 0 1
vn 0 0 1
vn 0 0 1
vn 0 0 1
vn 0 0 1
vn 0 0 1
vn 0 0 1
vn 0 0 1
vn 0 0 1
vn 0 0 1
vn 0 0 1
vn 0 0 1
vn 0 0 1
vn 0 0 1
vn 0 0 1
vn 0 0 1
vn 0 0 1
vn 0 0 1
vn 0 0 1
vn 0 0 1
vn 0 0 1
vn 0 0 1
vn 0 0 1
vn 0 0 1
vn 0 0 1
vn 0 0 1
vn 0 0 1
vn 0 0 1
vn 0 0 1
vn 0 0 1
vn 0 0 1
vn 0 0 1
vn 0 0 1
vn 0 0 1
vn 0 0 1
vn 0 0 1
vn 0 0 1
vn 0 0 1
vn 0 0 1
vn 0 0 1
vn 0 0 1
vn 0 0 1
vn 0 0 1
vn 0 0 1
vn 0 0 1
vn 0 0 1
vn 0 0 1
vn 0 0 1
vn 0 0 1
vn 0 0 1
vn 0 0 1
vn 0 0 1
vn 0 0 1
vn 0 0 1
vn 0 0 1
vn 0 0 1
vn 0 0 1
vn 0 0 1
vn 0 0 1
vn 0 0 1
vn 0 0 1
vn 0 0 1
vn 0 0 1
vn 0 0 1
vn 0 0 1
vn 0 0 1
vn 0 0 1
vn 0 0 1
vn 0 0 1
vn 0 0 1
vn 0 0 1
vn 0 0 1
vn 0 0 1
vn 0 0 1
vn 0 0 1
vn 0 0 1
vn 0 0 1
vn 0 0 1
vn 0 0 1
vn 0 0 1
vn 0 0 1
vn 0 0 1
vn 0 0 1
vn 0 0 1
vn 0 0 1
vn 0 0 1
vn 0 0 1
vn 0 0 1
vn 0 0 1
vn 0 0 1
vn 0 0 1
vn 0 0 1
vn 0 0 1
vn 0 0 1
vn 0 0 1
vn 0 0 1
vn 0 0 1
vn 0 0 1
vn 0 0 1
vn 0 0 1
vn 0 0 1
vn 0 0 1
vn 0 0 1
vn 0 0 1
vn 0 0 1
vn 0 0 1
vn 0 0 1
vn 0 0 1
vn 0 0 1
vn 0 0 1
vn 0 0 1
vn 0 0 1
vn 0 0 1
vn 0 0 1
vn 0 0 1
vn 0 0 1
vn 0 0 1
vn 0 0 1
vn 0 0 1
vn 0 0 1
vn 0 0 1
vn 0 0 1
vn 0 0 1
vn 0 0 1
vn 0 0 1
vn 0 0 1
vn 0 0 1
vn 0 0 1
vn 0 0 1
vn 0 0 1
vn 0 0 1
vn 0 0 1
vn 0 0 1
vn 0 0 1
vn 0 0 1
vn 0 0 1
vn 0 0 1
vn 0 0 1
vn 0 0 1
vn 0 0 1
vn 0 0 1
vn 0 0 1
vn 0 0 1
vn 0 0 1
vn 0 0 1
vn 0 0 1
vn 0 0 1
vn 0 0 1
vn 0 0 1
vn 0 0 1
vn 0 0 1
vn 0 0 1
vn 0 0 1
vn 0 0 1
vn 0 0 1
vn 0 0 1
vn 0.023871137427434564 -0.381938198838953 -0.9238795273549343
vn 0.023871137427434564 -0.381938198838953 -0.9238795273549343
vn 0.023871137427434564 -0.381938198838953 -0.9238795273549343
vn 0.023871284220835818 -0.3819382229522032 -0.9238795135934995
vn 0.023871284220835818 -0.3819382229522032 -0.9238795135934995
vn 0.023871284220835818 -0.3819382229522032 -0.9238795135934995
vn 0.05763036281387779 -0.9220803213948241 -0.3826834490520317
vn 0.05763036281387779 -0.9220803213948241 -0.3826834490520317
vn 0.05763036281387779 -0.9220803213948241 -0.3826834490520317
vn 0.057629385966910224 -0.9220802486552057 -0.38268377142626603
vn 0.057629385966910224 -0.9220802486552057 -0.38268377142626603
vn 0.057629385966910224 -0.9220802486552057 -0.38268377142626603
vn 0.06237761079045926 -0.9980526206929543 0
vn 0.06237761079045926 -0.9980526206929543 0
vn 0.06237761079045926 -0.9980526206929543 0
vn 0.06237761079045926 -0.9980526206929543 0
vn 0.06237761079045926 -0.9980526206929543 0
vn 0.06237761079045926 -0.9980526206929543 0
vn 0.05762940195162676 -0.9220805044108598 0.3826831527727766
vn 0.05762940195162676 -0.9220805044108598 0.3826831527727766
vn 0.05762940195162676 -0.9220805044108598 0.3826831527727766
vn 0.05763036281387779 -0.9220803213948241 0.3826834490520317
vn 0.05763036281387779 -0.9220803213948241 0.3826834490520317
vn 0.05763036281387779 -0.9220803213948241 0.3826834490520317
vn 0.023871230227536063 -0.38193735905940485 0.9238798721274055
vn 0.023871230227536063 -0.38193735905940485 0.9238798721274055
vn 0.023871230227536063 -0.38193735905940485 0.9238798721274055
vn 0.023871086613869632 -0.3819373858219141 0.9238798647743091
vn 0.023871086613869632 -0.3819373858219141 0.9238798647743091
vn 0.023871086613869632 -0.3819373858219141 0.9238798647743091
vn 0.07052418502274194 -0.3761289967220643 -0.9238794927650095
vn 0.07052418502274194 -0.3761289967220643 -0.9238794927650095
vn 0.07052418502274194 -0.3761289967220643 -0.9238794927650095
vn 0.07052431846616927 -0.37612899316462167 -0.9238794840269213
vn 0.07052431846616927 -0.37612899316462167 -0.9238794840269213
vn 0.07052431846616927 -0.37612899316462167 -0.9238794840269213
vn 0.17026068470883465 -0.9080552565790659 -0.3826838776870615
vn 0.17026068470883465 -0.9080552565790659 -0.3826838776870615
vn 0.17026068470883465 -0.9080552565790659 -0.3826838776870615
vn 0.17026148546334802 -0.9080552357354676 -0.382683570879674
vn 0.17026148546334802 -0.9080552357354676 -0.382683570879674
vn 0.17026148546334802 -0.9080552357354676 -0.382683570879674
vn 0.1842897262432696 -0.9828719635848713 0
vn 0.1842897262432696 -0.9828719635848713 0
vn 0.1842897262432696 -0.9828719635848713 0
vn 0.1842897262432696 -0.9828719635848713 0
vn 0.1842897262432696 -0.9828719635848713 0
vn 0.1842897262432696 -0.9828719635848713 0
vn 0.17026149128877233 -0.9080552668041915 0.38268349456606043
vn 0.17026149128877233 -0.9080552668041915 0.38268349456606043
vn 0.17026149128877233 -0.9080552668041915 0.38268349456606043
vn 0.17026072475978124 -0.9080555297888054 0.38268321157877566
vn 0.17026072475978124 -0.9080555297888054 0.38268321157877566
vn 0.17026072475978124 -0.9080555297888054 0.38268321157877566
vn 0.07052415499278937 -0.3761281312406985 0.9238798474108704
vn 0.07052415499278937 -0.3761281312406985 0.9238798474108704
vn 0.07052415499278937 -0.3761281312406985 0.9238798474108704
vn 0.07052403867891337 -0.37612820628753796 0.923879825736732
vn 0.07052403867891337 -0.37612820628753796 0.923879825736732
vn 0.07052403867891337 -0.37612820628753796 0.923879825736732
vn 0.1141449462631736 -0.36526382804215557 -0.9238794657132323
vn 0.1141449462631736 -0.36526382804215557 -0.9238794657132323
vn 0.1141449462631736 -0.36526382804215557 -0.9238794657132323
vn 0.11414455759514608 -0.36526382408109365 -0.9238795152989725
vn 0.11414455759514608 -0.36526382408109365 -0.9238795152989725
vn 0.11414455759514608 -0.36526382408109365 -0.9238795152989725
vn 0.2755692629320224 -0.8818246812193862 -0.3826836982671585
vn 0.2755692629320224 -0.8818246812193862 -0.3826836982671585
vn 0.2755692629320224 -0.8818246812193862 -0.3826836982671585
vn 0.2755698808815443 -0.881824596337098 -0.3826834488788948
vn 0.2755698808815443 -0.881824596337098 -0.3826834488788948
vn 0.2755698808815443 -0.881824596337098 -0.3826834488788948
vn 0.29827472841494823 -0.9544800607603013 0
vn 0.29827472841494823 -0.9544800607603013 0
vn 0.29827472841494823 -0.9544800607603013 0
vn 0.29827472841494823 -0.9544800607603013 0
vn 0.29827472841494823 -0.9544800607603013 0
vn 0.29827472841494823 -0.9544800607603013 0
vn 0.27556990965069944 -0.8818246526356047 0.3826832984325294
vn 0.27556990965069944 -0.8818246526356047 0.3826832984325294
vn 0.27556990965069944 -0.8818246526356047 0.3826832984325294
vn 0.2755693197874808 -0.8818249108405385 0.3826831282052312
vn 0.2755693197874808 -0.8818249108405385 0.3826831282052312
vn 0.2755693197874808 -0.8818249108405385 0.3826831282052312
vn 0.11414432802916903 -0.3652631133118408 0.9238798246701303
vn 0.11414432802916903 -0.3652631133118408 0.9238798246701303
vn 0.11414432802916903 -0.3652631133118408 0.9238798246701303
vn 0.11414465399562534 -0.3652628987464656 0.9238798692273514
vn 0.11414465399562534 -0.3652628987464656 0.9238798692273514
vn 0.11414465399562534 -0.3652628987464656 0.9238798692273514
vn 0.1533867432748629 -0.3505982788574931 -0.9238795126258048
vn 0.1533867432748629 -0.3505982788574931 -0.9238795126258048
vn 0.1533867432748629 -0.3505982788574931 -0.9238795126258048
vn 0.15338699223729835 -0.3505982390956283 -0.9238794863809021
vn 0.15338699223729835 -0.3505982390956283 -0.9238794863809021
vn 0.15338699223729835 -0.3505982390956283 -0.9238794863809021
vn 0.3703088495345537 -0.8464188055110133 -0.3826833699466237
vn 0.3703088495345537 -0.8464188055110133 -0.3826833699466237
vn 0.3703088495345537 -0.8464188055110133 -0.3826833699466237
vn 0.3703085268643941 -0.8464188768993977 -0.38268352428590974
vn 0.3703085268643941 -0.8464188768993977 -0.38268352428590974
vn 0.3703085268643941 -0.8464188768993977 -0.38268352428590974
vn 0.40081908416377027 -0.916157225464121 0
vn 0.40081908416377027 -0.916157225464121 0
vn 0.40081908416377027 -0.916157225464121 0
vn 0.40081908416377027 -0.916157225464121 0
vn 0.40081908416377027 -0.916157225464121 0
vn 0.40081908416377027 -0.916157225464121 0
vn 0.3703086113140769 -0.8464190443824043 0.38268307212812164
vn 0.3703086113140769 -0.8464190443824043 0.38268307212812164
vn 0.3703086113140769 -0.8464190443824043 0.38268307212812164
vn 0.3703088973876966 -0.8464188978597728 0.3826831193838526
vn 0.3703088973876966 -0.8464188978597728 0.3826831193838526
vn 0.3703088973876966 -0.8464188978597728 0.3826831193838526
vn 0.15338663721883541 -0.3505974105949472 0.9238798597257197
vn 0.15338663721883541 -0.3505974105949472 0.9238798597257197
vn 0.15338663721883541 -0.3505974105949472 0.9238798597257197
vn 0.15338642549739803 -0.3505975525090017 0.9238798410225375
vn 0.15338642549739803 -0.3505975525090017 0.9238798410225375
vn 0.15338642549739803 -0.3505975525090017 0.9238798410225375
vn 0.18761491290155266 -0.33353762955883176 -0.92387948030315
vn 0.18761491290155266 -0.33353762955883176 -0.92387948030315
vn 0.18761491290155266 -0.33353762955883176 -0.92387948030315
vn 0.18761411504132477 -0.3335378204660747 -0.923879573405539
vn 0.18761411504132477 -0.3335378204660747 -0.923879573405539
vn 0.18761411504132477 -0.3335378204660747 -0.923879573405539
vn 0.4529406383364268 -0.8052316824115912 -0.3826835713536558
vn 0.4529406383364268 -0.8052316824115912 -0.3826835713536558
vn 0.4529406383364268 -0.8052316824115912 -0.3826835713536558
vn 0.45294106101748455 -0.8052315132840026 -0.38268342694544605
vn 0.45294106101748455 -0.8052315132840026 -0.38268342694544605
vn 0.45294106101748455 -0.8052315132840026 -0.38268342694544605
vn 0.4902598360044146 -0.8715763266638927 0
vn 0.4902598360044146 -0.8715763266638927 0
vn 0.4902598360044146 -0.8715763266638927 0
vn 0.4902598360044146 -0.8715763266638927 0
vn 0.4902598360044146 -0.8715763266638927 0
vn 0.4902598360044146 -0.8715763266638927 0
vn 0.45294109912662284 -0.8052315876563745 0.38268322534749455
vn 0.45294109912662284 -0.8052315876563745 0.38268322534749455
vn 0.45294109912662284 -0.8052315876563745 0.38268322534749455
vn 0.4529407556891461 -0.8052318579249407 0.38268306314559203
vn 0.4529407556891461 -0.8052318579249407 0.38268306314559203
vn 0.4529407556891461 -0.8052318579249407 0.38268306314559203
vn 0.18761379690784702 -0.33353724496129544 0.9238798457772796
vn 0.18761379690784702 -0.33353724496129544 0.9238798457772796
vn 0.18761379690784702 -0.33353724496129544 0.9238798457772796
vn 0.18761438456426904 -0.3335366604902272 0.9238799374451193
vn 0.18761438456426904 -0.3335366604902272 0.9238799374451193
vn 0.18761438456426904 -0.3335366604902272 0.9238799374451193
vn 0.21680111274096986 -0.3153470839149828 -0.9238795885723389
vn 0.21680111274096986 -0.3153470839149828 -0.9238795885723389
vn 0.21680111274096986 -0.3153470839149828 -0.9238795885723389
vn 0.21680195246085107 -0.31534680166311563 -0.9238794878608392
vn 0.21680195246085107 -0.31534680166311563 -0.9238794878608392
vn 0.21680195246085107 -0.31534680166311563 -0.9238794878608392
vn 0.523406031778013 -0.7613143368931123 -0.38268342835742736
vn 0.523406031778013 -0.7613143368931123 -0.38268342835742736
vn 0.523406031778013 -0.7613143368931123 -0.38268342835742736
vn 0.5234042280052087 -0.7613152082232253 -0.38268416198517863
vn 0.5234042280052087 -0.7613152082232253 -0.38268416198517863
vn 0.5234042280052087 -0.7613152082232253 -0.38268416198517863
vn 0.5665288152981447 -0.8240419294167505 0
vn 0.5665288152981447 -0.8240419294167505 0
vn 0.5665288152981447 -0.8240419294167505 0
vn 0.5665288152981447 -0.8240419294167505 0
vn 0.5665288152981447 -0.8240419294167505 0
vn 0.5665288152981447 -0.8240419294167505 0
vn 0.5234044675298523 -0.7613155674599148 0.38268311971261487
vn 0.5234044675298523 -0.7613155674599148 0.38268311971261487
vn 0.5234044675298523 -0.7613155674599148 0.38268311971261487
vn 0.5234059702148357 -0.7613141552304165 0.3826838739603014
vn 0.5234059702148357 -0.7613141552304165 0.3826838739603014
vn 0.5234059702148357 -0.7613141552304165 0.3826838739603014
vn 0.21680133358312279 -0.3153459177330935 0.9238799347997837
vn 0.21680133358312279 -0.3153459177330935 0.9238799347997837
vn 0.21680133358312279 -0.3153459177330935 0.9238799347997837
vn 0.2168007851694828 -0.31534660744736526 0.9238798280736156
vn 0.2168007851694828 -0.31534660744736526 0.9238798280736156
vn 0.2168007851694828 -0.31534660744736526 0.9238798280736156
vn 0.24131745534459081 -0.2970061057631094 -0.9238794612315202
vn 0.24131745534459081 -0.2970061057631094 -0.9238794612315202
vn 0.24131745534459081 -0.2970061057631094 -0.9238794612315202
vn 0.24131716687707094 -0.2970062183933726 -0.9238795003711752
vn 0.24131716687707094 -0.2970062183933726 -0.9238795003711752
vn 0.24131716687707094 -0.2970062183933726 -0.9238795003711752
vn 0.5825908677468966 -0.7170359962035588 -0.3826842836677357
vn 0.5825908677468966 -0.7170359962035588 -0.3826842836677357
vn 0.5825908677468966 -0.7170359962035588 -0.3826842836677357
vn 0.5825935643422502 -0.7170344045844048 -0.38268316062936497
vn 0.5825935643422502 -0.7170344045844048 -0.38268316062936497
vn 0.5825935643422502 -0.7170344045844048 -0.38268316062936497
vn 0.6305946154668024 -0.7761123829345048 0
vn 0.6305946154668024 -0.7761123829345048 0
vn 0.6305946154668024 -0.7761123829345048 0
vn 0.6305946154668024 -0.7761123829345048 0
vn 0.6305946154668024 -0.7761123829345048 0
vn 0.6305946154668024 -0.7761123829345048 0
vn 0.5825933614526305 -0.7170341961390146 0.382683860070688
vn 0.5825933614526305 -0.7170341961390146 0.382683860070688
vn 0.5825933614526305 -0.7170341961390146 0.382683860070688
vn 0.5825912503051581 -0.7170365037243248 0.38268275032286053
vn 0.5825912503051581 -0.7170365037243248 0.38268275032286053
vn 0.5825912503051581 -0.7170365037243248 0.38268275032286053
vn 0.24131668218712313 -0.2970056012195347 0.9238798253790488
vn 0.24131668218712313 -0.2970056012195347 0.9238798253790488
vn 0.24131668218712313 -0.2970056012195347 0.9238798253790488
vn 0.24131682632054216 -0.2970053567970146 0.9238798663075515
vn 0.24131682632054216 -0.2970053567970146 0.9238798663075515
vn 0.24131682632054216 -0.2970053567970146 0.9238798663075515
vn 0.26173299578289644 -0.27918183832656496 -0.9238795051667236
vn 0.26173299578289644 -0.27918183832656496 -0.9238795051667236
vn 0.26173299578289644 -0.27918183832656496 -0.9238795051667236
vn 0.26173282268538617 -0.279181933831057 -0.9238795253448857
vn 0.26173282268538617 -0.279181933831057 -0.9238795253448857
vn 0.26173282268538617 -0.279181933831057 -0.9238795253448857
vn 0.6318789939733522 -0.6740048761529265 -0.3826831115914347
vn 0.6318789939733522 -0.6740048761529265 -0.3826831115914347
vn 0.6318789939733522 -0.6740048761529265 -0.3826831115914347
vn 0.6318783177532707 -0.6740053310498122 -0.38268342695984314
vn 0.6318783177532707 -0.6740053310498122 -0.38268342695984314
vn 0.6318783177532707 -0.6740053310498122 -0.38268342695984314
vn 0.6839401196910035 -0.7295381502547043 0
vn 0.6839401196910035 -0.7295381502547043 0
vn 0.6839401196910035 -0.7295381502547043 0
vn 0.6839401196910035 -0.7295381502547043 0
vn 0.6839401196910035 -0.7295381502547043 0
vn 0.6839401196910035 -0.7295381502547043 0
vn 0.6318785003531252 -0.674005513902072 0.38268280340392763
vn 0.6318785003531252 -0.674005513902072 0.38268280340392763
vn 0.6318785003531252 -0.674005513902072 0.38268280340392763
vn 0.6318789757948395 -0.6740049163671403 0.38268307077971025
vn 0.6318789757948395 -0.6740049163671403 0.38268307077971025
vn 0.6318789757948395 -0.6740049163671403 0.38268307077971025
vn 0.2617322523070837 -0.2791813333748163 0.9238798683797156
vn 0.2617322523070837 -0.2791813333748163 0.9238798683797156
vn 0.2617322523070837 -0.2791813333748163 0.9238798683797156
vn 0.2617323742384763 -0.2791811872667789 0.9238798779883681
vn 0.2617323742384763 -0.2791811872667789 0.9238798779883681
vn 0.2617323742384763 -0.2791811872667789 0.9238798779883681
vn 0.27059804554275063 -0.27059804554275063 -0.9238795351651031
vn 0.27059804554275063 -0.27059804554275063 -0.9238795351651031
vn 0.27059804554275063 -0.27059804554275063 -0.9238795351651031
vn 0.27059778461732475 -0.27059781441964703 -0.9238796792827009
vn 0.27059778461732475 -0.27059781441964703 -0.9238796792827009
vn 0.27059778461732475 -0.27059781441964703 -0.9238796792827009
vn 0.6532814538454651 -0.6532815134501101 -0.38268342823525686
vn 0.6532814538454651 -0.6532815134501101 -0.38268342823525686
vn 0.6532814538454651 -0.6532815134501101 -0.38268342823525686
vn 0.6532819930622015 -0.6532819334575561 -0.382681790733025
vn 0.6532819930622015 -0.6532819334575561 -0.382681790733025
vn 0.6532819930622015 -0.6532819334575561 -0.382681790733025
vn 0.7071068109888685 -0.7071067513842252 0
vn 0.7071068109888685 -0.7071067513842252 0
vn 0.7071068109888685 -0.7071067513842252 0
vn 0.7071068109888685 -0.7071067513842252 0
vn 0.7071068109888685 -0.7071067513842252 0
vn 0.7071068109888685 -0.7071067513842252 0
vn 0.6532816203148194 -0.6532815607101755 0.3826830633761067
vn 0.6532816203148194 -0.6532815607101755 0.3826830633761067
vn 0.6532816203148194 -0.6532815607101755 0.3826830633761067
vn 0.6532820403218007 -0.6532820999264449 0.3826814258736364
vn 0.6532820403218007 -0.6532820999264449 0.3826814258736364
vn 0.6532820403218007 -0.6532820999264449 0.3826814258736364
vn 0.27059742194033276 -0.27059742194033276 0.9238799004624416
vn 0.27059742194033276 -0.27059742194033276 0.9238799004624416
vn 0.27059742194033276 -0.27059742194033276 0.9238799004624416
vn 0.270597163197001 -0.270597163197001 0.9238800520302791
vn 0.270597163197001 -0.270597163197001 0.9238800520302791
vn 0.270597163197001 -0.270597163197001 0.9238800520302791
vn 0.2764956695184067 -0.26456842228952177 -0.9238796970735971
vn 0.2764956695184067 -0.26456842228952177 -0.9238796970735971
vn 0.2764956695184067 -0.26456842228952177 -0.9238796970735971
vn 0.2764989476871482 -0.26456603802066825 -0.9238793987604366
vn 0.2764989476871482 -0.26456603802066825 -0.9238793987604366
vn 0.2764989476871482 -0.26456603802066825 -0.9238793987604366
vn 0.6675274377962133 -0.6387189036255624 -0.3826816979430585
vn 0.6675274377962133 -0.6387189036255624 -0.3826816979430585
vn 0.6675274377962133 -0.6387189036255624 -0.3826816979430585
vn 0.6675198109820017 -0.6387256414194493 -0.38268375578258557
vn 0.6675198109820017 -0.6387256414194493 -0.38268375578258557
vn 0.6675198109820017 -0.6387256414194493 -0.38268375578258557
vn 0.7225183243093162 -0.6913517708354104 0
vn 0.7225183243093162 -0.6913517708354104 0
vn 0.7225183243093162 -0.6913517708354104 0
vn 0.7225183243093162 -0.6913517708354104 0
vn 0.7225183243093162 -0.6913517708354104 0
vn 0.7225183243093162 -0.6913517708354104 0
vn 0.6675204709511493 -0.6387263608069788 0.38268140387459265
vn 0.6675204709511493 -0.6387263608069788 0.38268140387459265
vn 0.6675204709511493 -0.6387263608069788 0.38268140387459265
vn 0.6675269529835804 -0.6387183595524839 0.3826834517078581
vn 0.6675269529835804 -0.6387183595524839 0.3826834517078581
vn 0.6675269529835804 -0.6387183595524839 0.3826834517078581
vn 0.27649783811958073 -0.2645649883547374 0.9238800314175297
vn 0.27649783811958073 -0.2645649883547374 0.9238800314175297
vn 0.27649783811958073 -0.2645649883547374 0.9238800314175297
vn 0.276495628948637 -0.2645683821842295 0.9238797207000038
vn 0.276495628948637 -0.2645683821842295 0.9238797207000038
vn 0.276495628948637 -0.2645683821842295 0.9238797207000038
vn 0.28877531931397266 -0.25110899923156044 -0.9238793673743544
vn 0.28877531931397266 -0.25110899923156044 -0.9238793673743544
vn 0.28877531931397266 -0.25110899923156044 -0.9238793673743544
vn 0.2887752898358135 -0.25110902931576295 -0.9238793684114487
vn 0.2887752898358135 -0.25110902931576295 -0.9238793684114487
vn 0.2887752898358135 -0.25110902931576295 -0.9238793684114487
vn 0.6971643949647094 -0.6062301211684743 -0.38268374224880186
vn 0.6971643949647094 -0.6062301211684743 -0.38268374224880186
vn 0.6971643949647094 -0.6062301211684743 -0.38268374224880186
vn 0.6971617516390115 -0.6062326583752684 -0.3826845384528624
vn 0.6971617516390115 -0.6062326583752684 -0.3826845384528624
vn 0.6971617516390115 -0.6062326583752684 -0.3826845384528624
vn 0.7546027825247348 -0.6561818654960893 0
vn 0.7546027825247348 -0.6561818654960893 0
vn 0.7546027825247348 -0.6561818654960893 0
vn 0.7546027825247348 -0.6561818654960893 0
vn 0.7546027825247348 -0.6561818654960893 0
vn 0.7546027825247348 -0.6561818654960893 0
vn 0.6971620705361196 -0.606232982323933 0.3826834443092887
vn 0.6971620705361196 -0.606232982323933 0.3826834443092887
vn 0.6971620705361196 -0.606232982323933 0.3826834443092887
vn 0.6971642514183174 -0.6062299730219785 0.3826842384448418
vn 0.6971642514183174 -0.6062299730219785 0.3826842384448418
vn 0.6971642514183174 -0.6062299730219785 0.3826842384448418
vn 0.28877467556609565 -0.2511085029427045 0.9238797034796088
vn 0.28877467556609565 -0.2511085029427045 0.9238797034796088
vn 0.28877467556609565 -0.2511085029427045 0.9238797034796088
vn 0.2887747072053363 -0.2511084449353781 0.9238797093564771
vn 0.2887747072053363 -0.2511084449353781 0.9238797093564771
vn 0.2887747072053363 -0.2511084449353781 0.9238797093564771
vn 0.3016188811583644 -0.23552707390931285 -0.9238793470927322
vn 0.3016188811583644 -0.23552707390931285 -0.9238793470927322
vn 0.3016188811583644 -0.23552707390931285 -0.9238793470927322
vn 0.3016190574662877 -0.23552687823732735 -0.9238793394166401
vn 0.3016190574662877 -0.23552687823732735 -0.9238793394166401
vn 0.3016190574662877 -0.23552687823732735 -0.9238793394166401
vn 0.7281715301699538 -0.5686112067983222 -0.3826846196978702
vn 0.7281715301699538 -0.5686112067983222 -0.3826846196978702
vn 0.7281715301699538 -0.5686112067983222 -0.3826846196978702
vn 0.7281749749435336 -0.5686075017089289 -0.38268357015465737
vn 0.7281749749435336 -0.5686075017089289 -0.38268357015465737
vn 0.7281749749435336 -0.5686075017089289 -0.38268357015465737
vn 0.7881709610995288 -0.6154563640742088 0
vn 0.7881709610995288 -0.6154563640742088 0
vn 0.7881709610995288 -0.6154563640742088 0
vn 0.7881709610995288 -0.6154563640742088 0
vn 0.7881709610995288 -0.6154563640742088 0
vn 0.7881709610995288 -0.6154563640742088 0
vn 0.7281747905812791 -0.5686073185624976 0.3826841930875599
vn 0.7281747905812791 -0.5686073185624976 0.3826841930875599
vn 0.7281747905812791 -0.5686073185624976 0.3826841930875599
vn 0.728171988348462 -0.5686116094607544 0.38268314957820887
vn 0.728171988348462 -0.5686116094607544 0.38268314957820887
vn 0.728171988348462 -0.5686116094607544 0.38268314957820887
vn 0.30161834573216356 -0.23552634454546578 0.9238797078315139
vn 0.30161834573216356 -0.23552634454546578 0.9238797078315139
vn 0.30161834573216356 -0.23552634454546578 0.9238797078315139
vn 0.30161822043073067 -0.23552657820684225 0.9238796891708224
vn 0.30161822043073067 -0.23552657820684225 0.9238796891708224
vn 0.30161822043073067 -0.23552657820684225 0.9238796891708224
vn 0.31486717032114947 -0.21749861652815558 -0.9238793302495141
vn 0.31486717032114947 -0.21749861652815558 -0.9238793302495141
vn 0.31486717032114947 -0.21749861652815558 -0.9238793302495141
vn 0.3148636492603324 -0.21750224938121185 -0.9238796750056686
vn 0.3148636492603324 -0.21750224938121185 -0.9238796750056686
vn 0.3148636492603324 -0.21750224938121185 -0.9238796750056686
vn 0.7601486694121382 -0.525097327788313 -0.38268367712841983
vn 0.7601486694121382 -0.525097327788313 -0.38268367712841983
vn 0.7601486694121382 -0.525097327788313 -0.38268367712841983
vn 0.7601555606543714 -0.5250889673214674 -0.38268146022967087
vn 0.7601555606543714 -0.5250889673214674 -0.38268146022967087
vn 0.7601555606543714 -0.5250889673214674 -0.38268146022967087
vn 0.822785733108765 -0.5683516846044112 0
vn 0.822785733108765 -0.5683516846044112 0
vn 0.822785733108765 -0.5683516846044112 0
vn 0.822785733108765 -0.5683516846044112 0
vn 0.822785733108765 -0.5683516846044112 0
vn 0.822785733108765 -0.5683516846044112 0
vn 0.7601549489445889 -0.525088598873912 0.38268318087901576
vn 0.7601549489445889 -0.525088598873912 0.38268318087901576
vn 0.7601549489445889 -0.525088598873912 0.38268318087901576
vn 0.7601495992354422 -0.5250979669635457 0.38268095310969896
vn 0.7601495992354422 -0.5250979669635457 0.38268095310969896
vn 0.7601495992354422 -0.5250979669635457 0.38268095310969896
vn 0.31486352861252237 -0.21750218878286223 0.9238797303893703
vn 0.31486352861252237 -0.21750218878286223 0.9238797303893703
vn 0.31486352861252237 -0.21750218878286223 0.9238797303893703
vn 0.314865673963735 -0.217497569135616 0.9238800867966908
vn 0.314865673963735 -0.217497569135616 0.9238800867966908
vn 0.314865673963735 -0.217497569135616 0.9238800867966908
vn 0.32826510101453454 -0.19669327157649785 -0.9238797434582335
vn 0.32826510101453454 -0.19669327157649785 -0.9238797434582335
vn 0.32826510101453454 -0.19669327157649785 -0.9238797434582335
vn 0.3282668902055848 -0.19669111153828409 -0.9238795676042354
vn 0.3282668902055848 -0.19669111153828409 -0.9238795676042354
vn 0.3282668902055848 -0.19669111153828409 -0.9238795676042354
vn 0.7925073067098725 -0.4748549258429811 -0.38268128803760615
vn 0.7925073067098725 -0.4748549258429811 -0.38268128803760615
vn 0.7925073067098725 -0.4748549258429811 -0.38268128803760615
vn 0.7924982793629982 -0.47486745641530925 -0.3826844340240944
vn 0.7924982793629982 -0.47486745641530925 -0.3826844340240944
vn 0.7924982793629982 -0.47486745641530925 -0.3826844340240944
vn 0.8577943323429794 -0.513993077190989 0
vn 0.8577943323429794 -0.513993077190989 0
vn 0.8577943323429794 -0.513993077190989 0
vn 0.8577943323429794 -0.513993077190989 0
vn 0.8577943323429794 -0.513993077190989 0
vn 0.8577943323429794 -0.513993077190989 0
vn 0.7924994324893454 -0.4748682138397819 0.3826811061297392
vn 0.7924994324893454 -0.4748682138397819 0.3826811061297392
vn 0.7924994324893454 -0.4748682138397819 0.3826811061297392
vn 0.7925062727352633 -0.4748542577914602 0.3826842582764305
vn 0.7925062727352633 -0.4748542577914602 0.3826842582764305
vn 0.7925062727352633 -0.4748542577914602 0.3826842582764305
vn 0.3282658809488536 -0.19669050300071678 0.9238800557616763
vn 0.3282658809488536 -0.19669050300071678 0.9238800557616763
vn 0.3282658809488536 -0.19669050300071678 0.9238800557616763
vn 0.32826483708863424 -0.19669309533608642 0.9238798747555234
vn 0.32826483708863424 -0.19669309533608642 0.9238798747555234
vn 0.32826483708863424 -0.19669309533608642 0.9238798747555234
vn 0.34144223233590704 -0.1728115702999587 -0.9238795176579762
vn 0.34144223233590704 -0.1728115702999587 -0.9238795176579762
vn 0.34144223233590704 -0.1728115702999587 -0.9238795176579762
vn 0.34144217440466235 -0.17281166055387348 -0.9238795221858904
vn 0.34144217440466235 -0.17281166055387348 -0.9238795221858904
vn 0.34144217440466235 -0.17281166055387348 -0.9238795221858904
vn 0.824313825090369 -0.41720402528329736 -0.3826846208724596
vn 0.824313825090369 -0.41720402528329736 -0.3826846208724596
vn 0.824313825090369 -0.41720402528329736 -0.3826846208724596
vn 0.8243179752155765 -0.4171973383273694 -0.3826829714385666
vn 0.8243179752155765 -0.4171973383273694 -0.3826829714385666
vn 0.8243179752155765 -0.4171973383273694 -0.3826829714385666
vn 0.8922351517563443 -0.4515710729999578 0
vn 0.8922351517563443 -0.4515710729999578 0
vn 0.8922351517563443 -0.4515710729999578 0
vn 0.8922351517563443 -0.4515710729999578 0
vn 0.8922351517563443 -0.4515710729999578 0
vn 0.8922351517563443 -0.4515710729999578 0
vn 0.8243175377341577 -0.4171971198272081 0.3826841519997627
vn 0.8243175377341577 -0.4171971198272081 0.3826841519997627
vn 0.8243175377341577 -0.4171971198272081 0.3826841519997627
vn 0.8243146085301234 -0.4172043872533814 0.38268253869279173
vn 0.8243146085301234 -0.4172043872533814 0.38268253869279173
vn 0.8243146085301234 -0.4172043872533814 0.38268253869279173
vn 0.34144142537430255 -0.17281128601437212 0.9238798690654665
vn 0.34144142537430255 -0.17281128601437212 0.9238798690654665
vn 0.34144142537430255 -0.17281128601437212 0.9238798690654665
vn 0.3414414578568958 -0.17281118306278803 0.9238798763178021
vn 0.3414414578568958 -0.17281118306278803 0.9238798763178021
vn 0.3414414578568958 -0.17281118306278803 0.9238798763178021
vn 0.3538891729582269 -0.14563340181140572 -0.9238795189524335
vn 0.3538891729582269 -0.14563340181140572 -0.9238795189524335
vn 0.3538891729582269 -0.14563340181140572 -0.9238795189524335
vn 0.35388827585376775 -0.1456348757774938 -0.9238796302389839
vn 0.35388827585376775 -0.1456348757774938 -0.9238796302389839
vn 0.35388827585376775 -0.1456348757774938 -0.9238796302389839
vn 0.854362606257455 -0.35159397094593414 -0.38268291916864877
vn 0.854362606257455 -0.35159397094593414 -0.38268291916864877
vn 0.854362606257455 -0.35159397094593414 -0.38268291916864877
vn 0.8543649260712713 -0.35158943903107776 -0.3826819037543362
vn 0.8543649260712713 -0.35158943903107776 -0.3826819037543362
vn 0.8543649260712713 -0.35158943903107776 -0.3826819037543362
vn 0.9247572946212709 -0.3805574149123205 0
vn 0.9247572946212709 -0.3805574149123205 0
vn 0.9247572946212709 -0.3805574149123205 0
vn 0.9247572946212709 -0.3805574149123205 0
vn 0.9247572946212709 -0.3805574149123205 0
vn 0.9247572946212709 -0.3805574149123205 0
vn 0.8543646936628229 -0.3515893520974079 0.3826825024928052
vn 0.8543646936628229 -0.3515893520974079 0.3826825024928052
vn 0.8543646936628229 -0.3515893520974079 0.3826825024928052
vn 0.8543631480093226 -0.3515942413520751 0.38268146123330704
vn 0.8543631480093226 -0.3515942413520751 0.38268146123330704
vn 0.8543631480093226 -0.3515942413520751 0.38268146123330704
vn 0.3538876693032479 -0.14563463303619648 0.9238799008396749
vn 0.3538876693032479 -0.14563463303619648 0.9238799008396749
vn 0.3538876693032479 -0.14563463303619648 0.9238799008396749
vn 0.3538880560188621 -0.14563294891095813 0.92388001818347
vn 0.3538880560188621 -0.14563294891095813 0.92388001818347
vn 0.3538880560188621 -0.14563294891095813 0.92388001818347
vn 0.36496572968866015 -0.11509292346397483 -0.9238796648489128
vn 0.36496572968866015 -0.11509292346397483 -0.9238796648489128
vn 0.36496572968866015 -0.11509292346397483 -0.9238796648489128
vn 0.3649680362373057 -0.1150882407603562 -0.923879337015268
vn 0.3649680362373057 -0.1150882407603562 -0.923879337015268
vn 0.3649680362373057 -0.1150882407603562 -0.923879337015268
vn 0.8811104115024498 -0.27784746309450387 -0.38268163007117517
vn 0.8811104115024498 -0.27784746309450387 -0.38268163007117517
vn 0.8811104115024498 -0.27784746309450387 -0.38268163007117517
vn 0.8811027267698077 -0.27786632930963673 -0.3826856254352888
vn 0.8811027267698077 -0.27786632930963673 -0.3826856254352888
vn 0.8811027267698077 -0.27786632930963673 -0.3826856254352888
vn 0.9536996522540823 -0.3007606578168804 0
vn 0.9536996522540823 -0.3007606578168804 0
vn 0.9536996522540823 -0.3007606578168804 0
vn 0.9536996522540823 -0.3007606578168804 0
vn 0.9536996522540823 -0.3007606578168804 0
vn 0.9536996522540823 -0.3007606578168804 0
vn 0.8811043132278938 -0.2778668177323504 0.3826816180776111
vn 0.8811043132278938 -0.2778668177323504 0.3826816180776111
vn 0.8811043132278938 -0.2778668177323504 0.3826816180776111
vn 0.8811088853381823 -0.27784699368560073 0.382685484801788
vn 0.8811088853381823 -0.27784699368560073 0.382685484801788
vn 0.8811088853381823 -0.27784699368560073 0.382685484801788
vn 0.36496666542240874 -0.11508780120509081 0.9238799332944866
vn 0.36496666542240874 -0.11508780120509081 0.9238799332944866
vn 0.36496666542240874 -0.11508780120509081 0.9238799332944866
vn 0.3649658263454917 -0.11509294810198084 0.9238796235966823
vn 0.3649658263454917 -0.11509294810198084 0.9238796235966823
vn 0.3649658263454917 -0.11509294810198084 0.9238796235966823
vn 0.37152630448845414 -0.09173489450429057 -0.92387927469093
vn 0.37152630448845414 -0.09173489450429057 -0.92387927469093
vn 0.37152630448845414 -0.09173489450429057 -0.92387927469093
vn 0.3715259440241253 -0.09173582512650665 -0.9238793272421143
vn 0.3715259440241253 -0.09173582512650665 -0.9238793272421143
vn 0.3715259440241253 -0.09173582512650665 -0.9238793272421143
vn 0.896940848183769 -0.22146936274908532 -0.3826858192079961
vn 0.896940848183769 -0.22146936274908532 -0.3826858192079961
vn 0.896940848183769 -0.22146936274908532 -0.3826858192079961
vn 0.8969414028370852 -0.2214677134007539 -0.38268547372180645
vn 0.8969414028370852 -0.2214677134007539 -0.38268547372180645
vn 0.8969414028370852 -0.2214677134007539 -0.38268547372180645
vn 0.9708432631828604 -0.23971516083146485 0
vn 0.9708432631828604 -0.23971516083146485 0
vn 0.9708432631828604 -0.23971516083146485 0
vn 0.9708432631828604 -0.23971516083146485 0
vn 0.9708432631828604 -0.23971516083146485 0
vn 0.9708432631828604 -0.23971516083146485 0
vn 0.8969414232961663 -0.22146771845239485 0.38268542284615237
vn 0.8969414232961663 -0.22146771845239485 0.38268542284615237
vn 0.8969414232961663 -0.22146771845239485 0.38268542284615237
vn 0.8969411166959835 -0.2214694299681405 0.38268515096584144
vn 0.8969411166959835 -0.2214694299681405 0.38268515096584144
vn 0.8969411166959835 -0.2214694299681405 0.38268515096584144
vn 0.3715252310415306 -0.09173565432442901 0.9238796309180142
vn 0.3715252310415306 -0.09173565432442901 0.9238796309180142
vn 0.3715252310415306 -0.09173565432442901 0.9238796309180142
vn 0.3715253219291576 -0.0917346488616351 0.923879694204645
vn 0.3715253219291576 -0.0917346488616351 0.923879694204645
vn 0.3715253219291576 -0.0917346488616351 0.923879694204645
vn 0.37460246958800936 -0.07823023257806025 -0.9238793322124632
vn 0.37460246958800936 -0.07823023257806025 -0.9238793322124632
vn 0.37460246958800936 -0.07823023257806025 -0.9238793322124632
vn 0.37460106894525486 -0.07823412179502966 -0.9238795707948265
vn 0.37460106894525486 -0.07823412179502966 -0.9238795707948265
vn 0.37460106894525486 -0.07823412179502966 -0.9238795707948265
vn 0.9043663217839969 -0.18887372468908997 -0.38268560483111214
vn 0.9043663217839969 -0.18887372468908997 -0.38268560483111214
vn 0.9043663217839969 -0.18887372468908997 -0.38268560483111214
vn 0.9043695718236823 -0.18886205118739405 -0.3826836855429556
vn 0.9043695718236823 -0.18886205118739405 -0.3826836855429556
vn 0.9043695718236823 -0.18886205118739405 -0.3826836855429556
vn 0.9788826789385879 -0.20442284821911041 0
vn 0.9788826789385879 -0.20442284821911041 0
vn 0.9788826789385879 -0.20442284821911041 0
vn 0.9788826789385879 -0.20442284821911041 0
vn 0.9788826789385879 -0.20442284821911041 0
vn 0.9788826789385879 -0.20442284821911041 0
vn 0.9043689570686646 -0.18886194051854768 0.3826851929642748
vn 0.9043689570686646 -0.18886194051854768 0.3826851929642748
vn 0.9043689570686646 -0.18886194051854768 0.3826851929642748
vn 0.9043672643413869 -0.18887393098361568 0.38268327554581294
vn 0.9043672643413869 -0.18887393098361568 0.38268327554581294
vn 0.9043672643413869 -0.18887393098361568 0.38268327554581294
vn 0.37460072742058875 -0.07823404442821065 0.9238797158225581
vn 0.37460072742058875 -0.07823404442821065 0.9238797158225581
vn 0.37460072742058875 -0.07823404442821065 0.9238797158225581
vn 0.37460104226487284 -0.07822993522067404 0.9238799361223514
vn 0.37460104226487284 -0.07822993522067404 0.9238799361223514
vn 0.37460104226487284 -0.07822993522067404 0.9238799361223514
vn 0.3771105604587194 -0.06507006111394362 -0.9238795983985892
vn 0.3771105604587194 -0.06507006111394362 -0.9238795983985892
vn 0.3771105604587194 -0.06507006111394362 -0.9238795983985892
vn 0.37710954908342215 -0.06507331734606427 -0.9238797818762332
vn 0.37710954908342215 -0.06507331734606427 -0.9238797818762332
vn 0.37710954908342215 -0.06507331734606427 -0.9238797818762332
vn 0.91042428943882 -0.15710110916684827 -0.38268375285392753
vn 0.91042428943882 -0.15710110916684827 -0.38268375285392753
vn 0.91042428943882 -0.15710110916684827 -0.38268375285392753
vn 0.9104270388974459 -0.15708974089999342 -0.38268187852105207
vn 0.9104270388974459 -0.15708974089999342 -0.38268187852105207
vn 0.9104270388974459 -0.15708974089999342 -0.38268187852105207
vn 0.9854384403077674 -0.17003258618216366 0
vn 0.9854384403077674 -0.17003258618216366 0
vn 0.9854384403077674 -0.17003258618216366 0
vn 0.9854384403077674 -0.17003258618216366 0
vn 0.9854384403077674 -0.17003258618216366 0
vn 0.9854384403077674 -0.17003258618216366 0
vn 0.9104264534215147 -0.15708963841575607 0.3826833134756848
vn 0.9104264534215147 -0.15708963841575607 0.3826833134756848
vn 0.9104264534215147 -0.15708963841575607 0.3826833134756848
vn 0.9104252204513076 -0.15710125426797794 0.38268147835192645
vn 0.9104252204513076 -0.15710125426797794 0.38268147835192645
vn 0.9104252204513076 -0.15710125426797794 0.38268147835192645
vn 0.37710910533381287 -0.0650732359565703 0.9238799687386191
vn 0.37710910533381287 -0.0650732359565703 0.9238799687386191
vn 0.37710910533381287 -0.0650732359565703 0.9238799687386191
vn 0.3771092034629589 -0.065069825095706 0.9238801689210276
vn 0.3771092034629589 -0.065069825095706 0.9238801689210276
vn 0.3771092034629589 -0.065069825095706 0.9238801689210276
vn 0.379093647291448 -0.05228877816600173 -0.9238798029295662
vn 0.379093647291448 -0.05228877816600173 -0.9238798029295662
vn 0.379093647291448 -0.05228877816600173 -0.9238798029295662
vn 0.37909580365110024 -0.052281112979365184 -0.9238793519068199
vn 0.37909580365110024 -0.052281112979365184 -0.9238793519068199
vn 0.37909580365110024 -0.052281112979365184 -0.9238793519068199
vn 0.9152178771398524 -0.12621770808889918 -0.3826817575066882
vn 0.9152178771398524 -0.12621770808889918 -0.3826817575066882
vn 0.9152178771398524 -0.12621770808889918 -0.3826817575066882
vn 0.9152146770922186 -0.12623329726941146 -0.382684268680434
vn 0.9152146770922186 -0.12623329726941146 -0.382684268680434
vn 0.9152146770922186 -0.12623329726941146 -0.382684268680434
vn 0.9906216014148332 -0.13663397385098403 0
vn 0.9906216014148332 -0.13663397385098403 0
vn 0.9906216014148332 -0.13663397385098403 0
vn 0.9906216014148332 -0.13663397385098403 0
vn 0.9906216014148332 -0.13663397385098403 0
vn 0.9906216014148332 -0.13663397385098403 0
vn 0.9152158241731145 -0.12623344007263004 0.38268147824340315
vn 0.9152158241731145 -0.12623344007263004 0.38268147824340315
vn 0.9152158241731145 -0.12623344007263004 0.38268147824340315
vn 0.9152169427746831 -0.1262175915425346 0.3826840305570176
vn 0.9152169427746831 -0.1262175915425346 0.3826840305570176
vn 0.9152169427746831 -0.1262175915425346 0.3826840305570176
vn 0.3790940060517024 -0.05228086208027879 0.9238801037124974
vn 0.3790940060517024 -0.05228086208027879 0.9238801037124974
vn 0.3790940060517024 -0.05228086208027879 0.9238801037124974
vn 0.379093994315394 -0.05228882513216563 0.9238796578777444
vn 0.379093994315394 -0.05228882513216563 0.9238796578777444
vn 0.379093994315394 -0.05228882513216563 0.9238796578777444
vn 0.3805968977801342 -0.039912781753040576 -0.923879305565869
vn 0.3805968977801342 -0.039912781753040576 -0.923879305565869
vn 0.3805968977801342 -0.039912781753040576 -0.923879305565869
vn 0.38059606998598433 -0.03991616129089526 -0.9238795005730038
vn 0.38059606998598433 -0.03991616129089526 -0.9238795005730038
vn 0.38059606998598433 -0.03991616129089526 -0.9238795005730038
vn 0.91883964112736 -0.09636608591572765 -0.382684323402758
vn 0.91883964112736 -0.09636608591572765 -0.382684323402758
vn 0.91883964112736 -0.09636608591572765 -0.382684323402758
vn 0.9188398189317086 -0.09636510233319824 -0.38268414416834295
vn 0.9188398189317086 -0.09636510233319824 -0.38268414416834295
vn 0.9188398189317086 -0.09636510233319824 -0.38268414416834295
vn 0.9945453706233582 -0.10430486935731785 0
vn 0.9945453706233582 -0.10430486935731785 0
vn 0.9945453706233582 -0.10430486935731785 0
vn 0.9945453706233582 -0.10430486935731785 0
vn 0.9945453706233582 -0.10430486935731785 0
vn 0.9945453706233582 -0.10430486935731785 0
vn 0.9188399108513279 -0.0963650994711416 0.3826839241863198
vn 0.9188399108513279 -0.0963650994711416 0.3826839241863198
vn 0.9188399108513279 -0.0963650994711416 0.3826839241863198
vn 0.9188398544252625 -0.09636610563286256 0.3826838063008657
vn 0.9188398544252625 -0.09636610563286256 0.3826838063008657
vn 0.9188398544252625 -0.09636610563286256 0.3826838063008657
vn 0.380595625509304 -0.03991611685570595 0.9238796855967467
vn 0.380595625509304 -0.03991611685570595 0.9238796855967467
vn 0.380595625509304 -0.03991611685570595 0.9238796855967467
vn 0.38059551349258086 -0.03991264191412452 0.9238798818703401
vn 0.38059551349258086 -0.03991264191412452 0.9238798818703401
vn 0.38059551349258086 -0.03991264191412452 0.9238798818703401
vn 0.3816606202536664 -0.027960485566567325 -0.923879527965886
vn 0.3816606202536664 -0.027960485566567325 -0.923879527965886
vn 0.3816606202536664 -0.027960485566567325 -0.923879527965886
vn 0.38165991634795665 -0.027963691689624086 -0.9238797217172583
vn 0.38165991634795665 -0.027963691689624086 -0.9238797217172583
vn 0.38165991634795665 -0.027963691689624086 -0.9238797217172583
vn 0.9214093155279797 -0.06751037437526297 -0.3826842335529015
vn 0.9214093155279797 -0.06751037437526297 -0.3826842335529015
vn 0.9214093155279797 -0.06751037437526297 -0.3826842335529015
vn 0.9214112525894256 -0.06749650665499318 -0.3826820157662991
vn 0.9214112525894256 -0.06749650665499318 -0.3826820157662991
vn 0.9214112525894256 -0.06749650665499318 -0.3826820157662991
vn 0.9973277199151407 -0.0730576422345163 0
vn 0.9973277199151407 -0.0730576422345163 0
vn 0.9973277199151407 -0.0730576422345163 0
vn 0.9973277199151407 -0.0730576422345163 0
vn 0.9973277199151407 -0.0730576422345163 0
vn 0.9973277199151407 -0.0730576422345163 0
vn 0.921410508314938 -0.06749645674144979 0.3826838166086424
vn 0.921410508314938 -0.06749645674144979 0.3826838166086424
vn 0.921410508314938 -0.06749645674144979 0.3826838166086424
vn 0.9214104267443153 -0.0675104622236665 0.3826815425091807
vn 0.9214104267443153 -0.0675104622236665 0.3826815425091807
vn 0.9214104267443153 -0.0675104622236665 0.3826815425091807
vn 0.38165949717804376 -0.027963659882706018 0.9238798958413195
vn 0.38165949717804376 -0.027963659882706018 0.9238798958413195
vn 0.38165949717804376 -0.027963659882706018 0.9238798958413195
vn 0.38165926538299916 -0.02796038583786452 0.9238800906887794
vn 0.38165926538299916 -0.02796038583786452 0.9238800906887794
vn 0.38165926538299916 -0.02796038583786452 0.9238800906887794
vn 0.38232943620245224 -0.01644427710631012 -0.9238797475665141
vn 0.38232943620245224 -0.01644427710631012 -0.9238797475665141
vn 0.38232943620245224 -0.01644427710631012 -0.9238797475665141
vn 0.38232982115716746 -0.016442360337981653 -0.9238796223753637
vn 0.38232982115716746 -0.016442360337981653 -0.9238796223753637
vn 0.38232982115716746 -0.016442360337981653 -0.9238796223753637
vn 0.9230269815609425 -0.039695419482571694 -0.3826819370999867
vn 0.9230269815609425 -0.039695419482571694 -0.3826819370999867
vn 0.9230269815609425 -0.039695419482571694 -0.3826819370999867
vn 0.9230266585877059 -0.03969843216935713 -0.3826824035929916
vn 0.9230266585877059 -0.03969843216935713 -0.3826824035929916
vn 0.9230266585877059 -0.03969843216935713 -0.3826824035929916
vn 0.9990763950760206 -0.042969254146460294 0
vn 0.9990763950760206 -0.042969254146460294 0
vn 0.9990763950760206 -0.042969254146460294 0
vn 0.9990763950760206 -0.042969254146460294 0
vn 0.9990763950760206 -0.042969254146460294 0
vn 0.9990763950760206 -0.042969254146460294 0
vn 0.9230269863831175 -0.03969844835098967 0.3826816112736852
vn 0.9230269863831175 -0.03969844835098967 0.3826816112736852
vn 0.9230269863831175 -0.03969844835098967 0.3826816112736852
vn 0.9230269201034412 -0.03969541940288831 0.38268208534341464
vn 0.9230269201034412 -0.03969541940288831 0.38268208534341464
vn 0.9230269201034412 -0.03969541940288831 0.38268208534341464
vn 0.38232871150669784 -0.016442315334983068 0.9238800823830184
vn 0.38232871150669784 -0.016442315334983068 0.9238800823830184
vn 0.38232871150669784 -0.016442315334983068 0.9238800823830184
vn 0.38232889410018345 -0.016444254511107422 0.9238799723068494
vn 0.38232889410018345 -0.016444254511107422 0.9238799723068494
vn 0.38232889410018345 -0.016444254511107422 0.9238799723068494
vn 0.38264554444729626 -0.0053704641346386745 -0.9238796163081049
vn 0.38264554444729626 -0.0053704641346386745 -0.9238796163081049
vn 0.38264554444729626 -0.0053704641346386745 -0.9238796163081049
vn 0.382645394090226 -0.005371482051317672 -0.9238796726641993
vn 0.382645394090226 -0.005371482051317672 -0.9238796726641993
vn 0.382645394090226 -0.005371482051317672 -0.9238796726641993
vn 0.9237889428079302 -0.012967921485466183 -0.382682403773878
vn 0.9237889428079302 -0.012967921485466183 -0.382682403773878
vn 0.9237889428079302 -0.012967921485466183 -0.382682403773878
vn 0.9237888611375699 -0.01296888313734168 -0.3826825683361099
vn 0.9237888611375699 -0.01296888313734168 -0.3826825683361099
vn 0.9237888611375699 -0.01296888313734168 -0.3826825683361099
vn 0.9999014706704187 -0.01403741255124317 0
vn 0.9999014706704187 -0.01403741255124317 0
vn 0.9999014706704187 -0.01403741255124317 0
vn 0.9999014706704187 -0.01403741255124317 0
vn 0.9999014706704187 -0.01403741255124317 0
vn 0.9999014706704187 -0.01403741255124317 0
vn 0.9237890751544497 -0.012968886520061503 0.38268205158815105
vn 0.9237890751544497 -0.012968886520061503 0.38268205158815105
vn 0.9237890751544497 -0.012968886520061503 0.38268205158815105
vn 0.9237890147495349 -0.01296792258997196 0.3826822300705693
vn 0.9237890147495349 -0.01296792258997196 0.3826822300705693
vn 0.9237890147495349 -0.01296792258997196 0.3826822300705693
vn 0.3826447036634871 -0.005371471736955066 0.9238799586795143
vn 0.3826447036634871 -0.005371471736955066 0.9238799586795143
vn 0.3826447036634871 -0.005371471736955066 0.9238799586795143
vn 0.3826445574990435 -0.005370449650414369 0.9238800251585234
vn 0.3826445574990435 -0.005370449650414369 0.9238800251585234
vn 0.3826445574990435 -0.005370449650414369 0.9238800251585234
vn 0.3826830940244355 0 -0.9238796726565017
vn 0.3826830940244355 0 -0.9238796726565017
vn 0.3826830940244355 0 -0.9238796726565017
vn 0.3826830685865544 0 -0.9238796831932059
vn 0.3826830685865544 0 -0.9238796831932059
vn 0.3826830685865544 0 -0.9238796831932059
vn 0.9238798885036886 0 -0.38268257292227453
vn 0.9238798885036886 0 -0.38268257292227453
vn 0.9238798885036886 0 -0.38268257292227453
vn 0.9238798779669956 0 -0.3826825983601677
vn 0.9238798779669956 0 -0.3826825983601677
vn 0.9238798779669956 0 -0.3826825983601677
vn 1 0 0
vn 1 0 0
vn 1 0 0
vn 1 0 0
vn 1 0 0
vn 1 0 0
vn 0.9238800305938178 0 0.3826822298852745
vn 0.9238800305938178 0 0.3826822298852745
vn 0.9238800305938178 0 0.3826822298852745
vn 0.9238800411305023 0 0.3826822044473736
vn 0.9238800411305023 0 0.3826822044473736
vn 0.9238800411305023 0 0.3826822044473736
vn 0.3826822044473736 0 0.9238800411305023
vn 0.3826822044473736 0 0.9238800411305023
vn 0.3826822044473736 0 0.9238800411305023
vn 0.3826822044473736 0 0.9238800411305023
vn 0.3826822044473736 0 0.9238800411305023
vn 0.3826822044473736 0 0.9238800411305023
vn 0.3818356126657083 0.025455706020931092 -0.9238796306506486
vn 0.3818356126657083 0.025455706020931092 -0.9238796306506486
vn 0.3818356126657083 0.025455706020931092 -0.9238796306506486
vn 0.3818358989530564 0.025456768808895726 -0.923879483045555
vn 0.3818358989530564 0.025456768808895726 -0.923879483045555
vn 0.3818358989530564 0.025456768808895726 -0.923879483045555
vn 0.9218334537928099 0.06145807716372322 -0.38268262074434134
vn 0.9218334537928099 0.06145807716372322 -0.38268262074434134
vn 0.9218334537928099 0.06145807716372322 -0.38268262074434134
vn 0.9218332550593585 0.06145647023561996 -0.3826833575331516
vn 0.9218332550593585 0.06145647023561996 -0.3826833575331516
vn 0.9218332550593585 0.06145647023561996 -0.3826833575331516
vn 0.9977850915261652 0.06652000547295521 0
vn 0.9977850915261652 0.06652000547295521 0
vn 0.9977850915261652 0.06652000547295521 0
vn 0.9977850915261652 0.06652000547295521 0
vn 0.9977850915261652 0.06652000547295521 0
vn 0.9977850915261652 0.06652000547295521 0
vn 0.9218336838054922 0.06145650453081875 0.3826823192315646
vn 0.9218336838054922 0.06145650453081875 0.3826823192315646
vn 0.9218336838054922 0.06145650453081875 0.3826823192315646
vn 0.9218332700746167 0.06145806193559808 0.3826830657432583
vn 0.9218332700746167 0.06145806193559808 0.3826830657432583
vn 0.9218332700746167 0.06145806193559808 0.3826830657432583
vn 0.3818346877908091 0.025456687568069822 0.9238799858519271
vn 0.3818346877908091 0.025456687568069822 0.9238799858519271
vn 0.3818346877908091 0.025456687568069822 0.9238799858519271
vn 0.38183521887734534 0.02545568138266603 0.9238797940805038
vn 0.38183521887734534 0.02545568138266603 0.9238797940805038
vn 0.38183521887734534 0.02545568138266603 0.9238797940805038
vn 0.37288365724550554 0.08605008048017881 -0.9238794086938896
vn 0.37288365724550554 0.08605008048017881 -0.9238794086938896
vn 0.37288365724550554 0.08605008048017881 -0.9238794086938896
vn 0.37288362659232693 0.0860495959960774 -0.923879466190404
vn 0.37288362659232693 0.0860495959960774 -0.923879466190404
vn 0.37288362659232693 0.0860495959960774 -0.923879466190404
vn 0.9002200594224625 0.2077419810725373 -0.382684091534356
vn 0.9002200594224625 0.2077419810725373 -0.382684091534356
vn 0.9002200594224625 0.2077419810725373 -0.382684091534356
vn 0.9002200277418956 0.20774307644759388 -0.38268357142745213
vn 0.9002200277418956 0.20774307644759388 -0.38268357142745213
vn 0.9002200277418956 0.20774307644759388 -0.38268357142745213
vn 0.9743911972014787 0.22485950016903625 0
vn 0.9743911972014787 0.22485950016903625 0
vn 0.9743911972014787 0.22485950016903625 0
vn 0.9743911972014787 0.22485950016903625 0
vn 0.9743911972014787 0.22485950016903625 0
vn 0.9743911972014787 0.22485950016903625 0
vn 0.9002199781598167 0.20774306385933244 0.3826836948973351
vn 0.9002199781598167 0.20774306385933244 0.3826836948973351
vn 0.9002199781598167 0.20774306385933244 0.3826836948973351
vn 0.900220440084376 0.20774206204018042 0.3826831521161945
vn 0.900220440084376 0.20774206204018042 0.3826831521161945
vn 0.900220440084376 0.20774206204018042 0.3826831521161945
vn 0.37288293879720424 0.08604943899349375 0.9238797584117023
vn 0.37288293879720424 0.08604943899349375 0.9238797584117023
vn 0.37288293879720424 0.08604943899349375 0.9238797584117023
vn 0.3728826282347551 0.08604983843118665 0.923879846552953
vn 0.3728826282347551 0.08604983843118665 0.923879846552953
vn 0.3728826282347551 0.08604983843118665 0.923879846552953
vn 0.34838230374114904 0.15835559802821741 -0.9238794699597644
vn 0.34838230374114904 0.15835559802821741 -0.9238794699597644
vn 0.34838230374114904 0.15835559802821741 -0.9238794699597644
vn 0.34838247727555677 0.1583532114426112 -0.9238798135867878
vn 0.34838247727555677 0.1583532114426112 -0.9238798135867878
vn 0.34838247727555677 0.1583532114426112 -0.9238798135867878
vn 0.8410710241257001 0.38229913178070957 -0.38268382016471725
vn 0.8410710241257001 0.38229913178070957 -0.38268382016471725
vn 0.8410710241257001 0.38229913178070957 -0.38268382016471725
vn 0.8410699443749781 0.38230398643793884 -0.3826813434474318
vn 0.8410699443749781 0.38230398643793884 -0.3826813434474318
vn 0.8410699443749781 0.38230398643793884 -0.3826813434474318
vn 0.9103667060830191 0.41380244133590355 0
vn 0.9103667060830191 0.41380244133590355 0
vn 0.9103667060830191 0.41380244133590355 0
vn 0.9103667060830191 0.41380244133590355 0
vn 0.9103667060830191 0.41380244133590355 0
vn 0.9103667060830191 0.41380244133590355 0
vn 0.8410692265867219 0.3823036276589266 0.3826832794461211
vn 0.8410692265867219 0.3823036276589266 0.3826832794461211
vn 0.8410692265867219 0.3823036276589266 0.3826832794461211
vn 0.841072188436577 0.3822996257921947 0.38268076768718734
vn 0.841072188436577 0.3822996257921947 0.38268076768718734
vn 0.841072188436577 0.3822996257921947 0.38268076768718734
vn 0.348382260542353 0.15835311834617988 0.9238799112706373
vn 0.348382260542353 0.15835311834617988 0.9238799112706373
vn 0.348382260542353 0.15835311834617988 0.9238799112706373
vn 0.3483805599845419 0.1583548013476246 0.9238802640575299
vn 0.3483805599845419 0.1583548013476246 0.9238802640575299
vn 0.3483805599845419 0.1583548013476246 0.9238802640575299
vn 0.30207120766711815 0.23494424945039716 -0.9238799625214947
vn 0.30207120766711815 0.23494424945039716 -0.9238799625214947
vn 0.30207120766711815 0.23494424945039716 -0.9238799625214947
vn 0.30207104036678556 0.23494479484723502 -0.9238798785263799
vn 0.30207104036678556 0.23494479484723502 -0.9238798785263799
vn 0.30207104036678556 0.23494479484723502 -0.9238798785263799
vn 0.7292664183999908 0.5672087772773733 -0.38268092972286516
vn 0.7292664183999908 0.5672087772773733 -0.38268092972286516
vn 0.7292664183999908 0.5672087772773733 -0.38268092972286516
vn 0.7292671890259892 0.5672071646585182 -0.3826818513728822
vn 0.7292671890259892 0.5672071646585182 -0.3826818513728822
vn 0.7292671890259892 0.5672071646585182 -0.3826818513728822
vn 0.7893525704190804 0.6139401596025387 0
vn 0.7893525704190804 0.6139401596025387 0
vn 0.7893525704190804 0.6139401596025387 0
vn 0.7893525704190804 0.6139401596025387 0
vn 0.7893525704190804 0.6139401596025387 0
vn 0.7893525704190804 0.6139401596025387 0
vn 0.7292675937709555 0.5672074529692167 0.3826806527271719
vn 0.7292675937709555 0.5672074529692167 0.3826806527271719
vn 0.7292675937709555 0.5672074529692167 0.3826806527271719
vn 0.7292662010181873 0.5672086280707687 0.38268156513552815
vn 0.7292662010181873 0.5672086280707687 0.38268156513552815
vn 0.7292662010181873 0.5672086280707687 0.38268156513552815
vn 0.3020702360456898 0.23494418416532276 0.9238802968037538
vn 0.3020702360456898 0.23494418416532276 0.9238802968037538
vn 0.3020702360456898 0.23494418416532276 0.9238802968037538
vn 0.30207073424094316 0.234943879574354 0.9238802113724967
vn 0.30207073424094316 0.234943879574354 0.9238802113724967
vn 0.30207073424094316 0.234943879574354 0.9238802113724967
vn 0.23494424945039716 0.30207120766711815 -0.9238799625214947
vn 0.23494424945039716 0.30207120766711815 -0.9238799625214947
vn 0.23494424945039716 0.30207120766711815 -0.9238799625214947
vn 0.23494194307694713 0.30207496701095854 -0.9238793198727618
vn 0.23494194307694713 0.30207496701095854 -0.9238793198727618
vn 0.23494194307694713 0.30207496701095854 -0.9238793198727618
vn 0.5671999532529203 0.729273329277154 -0.3826808386043134
vn 0.5671999532529203 0.729273329277154 -0.3826808386043134
vn 0.5671999532529203 0.729273329277154 -0.3826808386043134
vn 0.5672030472530217 0.72926962679287 -0.38268330852582855
vn 0.5672030472530217 0.72926962679287 -0.38268330852582855
vn 0.5672030472530217 0.72926962679287 -0.38268330852582855
vn 0.6139360661288373 0.7893557542111465 0
vn 0.6139360661288373 0.7893557542111465 0
vn 0.6139360661288373 0.7893557542111465 0
vn 0.6139360661288373 0.7893557542111465 0
vn 0.6139360661288373 0.7893557542111465 0
vn 0.6139360661288373 0.7893557542111465 0
vn 0.5672036509712893 0.729270530726428 0.38268069109746555
vn 0.5672036509712893 0.729270530726428 0.38268069109746555
vn 0.5672036509712893 0.729270530726428 0.38268069109746555
vn 0.567199346726605 0.7292726005470009 0.3826831263125236
vn 0.567199346726605 0.7292726005470009 0.3826831263125236
vn 0.567199346726605 0.7292726005470009 0.3826831263125236
vn 0.23494071748353673 0.3020734125352687 0.9238801397949945
vn 0.23494071748353673 0.3020734125352687 0.9238801397949945
vn 0.23494071748353673 0.3020734125352687 0.9238801397949945
vn 0.23494493711780282 0.30207210458334943 0.923879494390528
vn 0.23494493711780282 0.30207210458334943 0.923879494390528
vn 0.23494493711780282 0.30207210458334943 0.923879494390528
vn 0.15835592013064856 0.34838303620835565 -0.9238791385467167
vn 0.15835592013064856 0.34838303620835565 -0.9238791385467167
vn 0.15835592013064856 0.34838303620835565 -0.9238791385467167
vn 0.15835722893495124 0.3483816896086102 -0.9238794219969905
vn 0.15835722893495124 0.3483816896086102 -0.9238794219969905
vn 0.15835722893495124 0.3483816896086102 -0.9238794219969905
vn 0.38230798494036705 0.8410673923557193 -0.38268295776894284
vn 0.38230798494036705 0.8410673923557193 -0.38268295776894284
vn 0.38230798494036705 0.8410673923557193 -0.38268295776894284
vn 0.3823087492759536 0.8410668327596584 -0.38268342407098427
vn 0.3823087492759536 0.8410668327596584 -0.38268342407098427
vn 0.3823087492759536 0.8410668327596584 -0.38268342407098427
vn 0.4138080255907989 0.9103641677683965 0
vn 0.4138080255907989 0.9103641677683965 0
vn 0.4138080255907989 0.9103641677683965 0
vn 0.4138080255907989 0.9103641677683965 0
vn 0.4138080255907989 0.9103641677683965 0
vn 0.4138080255907989 0.9103641677683965 0
vn 0.38230889840409543 0.8410671310392445 0.38268261952492877
vn 0.38230889840409543 0.8410671310392445 0.38268261952492877
vn 0.38230889840409543 0.8410671310392445 0.38268261952492877
vn 0.3823079122466886 0.841067363560192 0.3826830936786807
vn 0.3823079122466886 0.841067363560192 0.3826830936786807
vn 0.3823079122466886 0.841067363560192 0.3826830936786807
vn 0.15835708430514714 0.3483813714229246 0.9238795667703961
vn 0.15835708430514714 0.3483813714229246 0.9238795667703961
vn 0.15835708430514714 0.3483813714229246 0.9238795667703961
vn 0.1583552397945583 0.34838152754802826 0.9238798240533833
vn 0.1583552397945583 0.34838152754802826 0.9238798240533833
vn 0.1583552397945583 0.34838152754802826 0.9238798240533833
vn 0.0860500333243794 0.37288343800254764 -0.9238795015738109
vn 0.0860500333243794 0.37288343800254764 -0.9238795015738109
vn 0.0860500333243794 0.37288343800254764 -0.9238795015738109
vn 0.08604962914813154 0.3728837280311751 -0.9238794221612697
vn 0.08604962914813154 0.3728837280311751 -0.9238794221612697
vn 0.08604962914813154 0.3728837280311751 -0.9238794221612697
vn 0.2077420385334631 0.9002202885515429 -0.382683521341249
vn 0.2077420385334631 0.9002202885515429 -0.382683521341249
vn 0.2077420385334631 0.9002202885515429 -0.382683521341249
vn 0.2077417056307619 0.9002204453643405 -0.3826833331746369
vn 0.2077417056307619 0.9002204453643405 -0.3826833331746369
vn 0.2077417056307619 0.9002204453643405 -0.3826833331746369
vn 0.22485799180286897 0.9743915452847388 0
vn 0.22485799180286897 0.9743915452847388 0
vn 0.22485799180286897 0.9743915452847388 0
vn 0.22485799180286897 0.9743915452847388 0
vn 0.22485799180286897 0.9743915452847388 0
vn 0.22485799180286897 0.9743915452847388 0
vn 0.20774172532681562 0.9002205257470004 0.3826831333911024
vn 0.20774172532681562 0.9002205257470004 0.3826831333911024
vn 0.20774172532681562 0.9002205257470004 0.3826831333911024
vn 0.20774207936696792 0.9002205102001246 0.3826829777705246
vn 0.20774207936696792 0.9002205102001246 0.3826829777705246
vn 0.20774207936696792 0.9002205102001246 0.3826829777705246
vn 0.08604940945455286 0.3728827909269179 0.9238798208441806
vn 0.08604940945455286 0.3728827909269179 0.9238798208441806
vn 0.08604940945455286 0.3728827909269179 0.9238798208441806
vn 0.08604988558699869 0.37288284747776856 0.9238797536732449
vn 0.08604988558699869 0.37288284747776856 0.9238797536732449
vn 0.08604988558699869 0.37288284747776856 0.9238797536732449
vn 0.025455737235916764 0.3818360827531382 -0.9238794355052583
vn 0.025455737235916764 0.3818360827531382 -0.9238794355052583
vn 0.025455737235916764 0.3818360827531382 -0.9238794355052583
vn 0.02545392280343563 0.3818369437783857 -0.9238791296375835
vn 0.02545392280343563 0.3818369437783857 -0.9238791296375835
vn 0.02545392280343563 0.3818369437783857 -0.9238791296375835
vn 0.06145105992922949 0.9218337700035988 -0.3826829859224555
vn 0.06145105992922949 0.9218337700035988 -0.3826829859224555
vn 0.06145105992922949 0.9218337700035988 -0.3826829859224555
vn 0.0614573178372496 0.9218320923768849 -0.38268602214910563
vn 0.0614573178372496 0.9218320923768849 -0.38268602214910563
vn 0.0614573178372496 0.9218320923768849 -0.38268602214910563
vn 0.0665210033891015 0.9977850249969215 0
vn 0.0665210033891015 0.9977850249969215 0
vn 0.0665210033891015 0.9977850249969215 0
vn 0.0665210033891015 0.9977850249969215 0
vn 0.0665210033891015 0.9977850249969215 0
vn 0.0665210033891015 0.9977850249969215 0
vn 0.06145741132581958 0.9218334090235961 0.3826828355192644
vn 0.06145741132581958 0.9218334090235961 0.3826828355192644
vn 0.06145741132581958 0.9218334090235961 0.3826828355192644
vn 0.06145098397838294 0.9218326158381434 0.3826857783418331
vn 0.06145098397838294 0.9218326158381434 0.3826857783418331
vn 0.06145098397838294 0.9218326158381434 0.3826857783418331
vn 0.02545382304135868 0.38183543617226656 0.92387975547455
vn 0.02545382304135868 0.38183543617226656 0.92387975547455
vn 0.02545382304135868 0.38183543617226656 0.92387975547455
vn 0.025455737525592916 0.38183605729595826 0.9238794460186383
vn 0.025455737525592916 0.38183605729595826 0.9238794460186383
vn 0.025455737525592916 0.38183605729595826 0.9238794460186383
vn 0 0.38268447490064456 -0.9238791006782314
vn 0 0.38268447490064456 -0.9238791006782314
vn 0 0.38268447490064456 -0.9238791006782314
vn 0 0.38268447490064456 -0.9238791006782314
vn 0 0.38268447490064456 -0.9238791006782314
vn 0 0.38268447490064456 -0.9238791006782314
vn 0 0.9238784654772523 -0.3826860084029695
vn 0 0.9238784654772523 -0.3826860084029695
vn 0 0.9238784654772523 -0.3826860084029695
vn 0 0.9238784760140226 -0.3826859829651552
vn 0 0.9238784760140226 -0.3826859829651552
vn 0 0.9238784760140226 -0.3826859829651552
vn 0 1 0
vn 0 1 0
vn 0 1 0
vn 0 1 0
vn 0 1 0
vn 0 1 0
vn 0 0.9238786199132315 0.38268563556426155
vn 0 0.9238786199132315 0.38268563556426155
vn 0 0.9238786199132315 0.38268563556426155
vn 0 0.9238786093764687 0.38268566100208445
vn 0 0.9238786093764687 0.38268566100208445
vn 0 0.9238786093764687 0.38268566100208445
vn 0 0.38268361076199653 0.9238794586168484
vn 0 0.38268361076199653 0.9238794586168484
vn 0 0.38268361076199653 0.9238794586168484
vn 0 0.38268361076199653 0.9238794586168484
vn 0 0.38268361076199653 0.9238794586168484
vn 0 0.38268361076199653 0.9238794586168484
vn -0.025455793378822478 0.3818369211714338 -0.923879087442602
vn -0.025455793378822478 0.3818369211714338 -0.923879087442602
vn -0.025455793378822478 0.3818369211714338 -0.923879087442602
vn -0.025453773082276802 0.3818362756227603 -0.9238794099093318
vn -0.025453773082276802 0.3818362756227603 -0.9238794099093318
vn -0.025453773082276802 0.3818362756227603 -0.9238794099093318
vn -0.0614507290501602 0.9218325283834166 -0.3826860299428783
vn -0.0614507290501602 0.9218325283834166 -0.3826860299428783
vn -0.0614507290501602 0.9218325283834166 -0.3826860299428783
vn -0.06145705211731959 0.921833325710134 -0.3826830938978663
vn -0.06145705211731959 0.921833325710134 -0.3826830938978663
vn -0.06145705211731959 0.921833325710134 -0.3826830938978663
vn -0.06652062509090576 0.9977850502174882 0
vn -0.06652062509090576 0.9977850502174882 0
vn -0.06652062509090576 0.9977850502174882 0
vn -0.06652062509090576 0.9977850502174882 0
vn -0.06652062509090576 0.9977850502174882 0
vn -0.06652062509090576 0.9977850502174882 0
vn -0.061456988256438756 0.9218323044671817 0.38268556418445343
vn -0.061456988256438756 0.9218323044671817 0.38268556418445343
vn -0.061456988256438756 0.9218323044671817 0.38268556418445343
vn -0.06145082580454603 0.9218339573473413 0.3826825722309278
vn -0.06145082580454603 0.9218339573473413 0.3826825722309278
vn -0.06145082580454603 0.9218339573473413 0.3826825722309278
vn -0.025453763821678473 0.3818361274006206 0.9238794714241719
vn -0.025453763821678473 0.3818361274006206 0.9238794714241719
vn -0.025453763821678473 0.3818361274006206 0.9238794714241719
vn -0.02545567823913934 0.38183516799915457 0.9238798151948351
vn -0.02545567823913934 0.38183516799915457 0.9238798151948351
vn -0.02545567823913934 0.38183516799915457 0.9238798151948351
vn -0.08605004998499567 0.37288353503381977 -0.9238794608596197
vn -0.08605004998499567 0.37288353503381977 -0.9238794608596197
vn -0.08605004998499567 0.37288353503381977 -0.9238794608596197
vn -0.08604974394704969 0.37288347298457586 -0.9238795144073757
vn -0.08604974394704969 0.37288347298457586 -0.9238795144073757
vn -0.08604974394704969 0.37288347298457586 -0.9238795144073757
vn -0.20774247167123397 0.9002203525072583 -0.38268313576068924
vn -0.20774247167123397 0.9002203525072583 -0.38268313576068924
vn -0.20774247167123397 0.9002203525072583 -0.38268313576068924
vn -0.20774204471338586 0.9002203699685968 -0.3826833264618466
vn -0.20774204471338586 0.9002203699685968 -0.3826833264618466
vn -0.20774204471338586 0.9002203699685968 -0.3826833264618466
vn -0.22485837270349995 0.9743914573851383 0
vn -0.22485837270349995 0.9743914573851383 0
vn -0.22485837270349995 0.9743914573851383 0
vn -0.22485837270349995 0.9743914573851383 0
vn -0.22485837270349995 0.9743914573851383 0
vn -0.22485837270349995 0.9743914573851383 0
vn -0.20774211095182357 0.9002205775291213 0.38268280224020473
vn -0.20774211095182357 0.9002205775291213 0.38268280224020473
vn -0.20774211095182357 0.9002205775291213 0.38268280224020473
vn -0.2077424866287559 0.9002204123561337 0.38268298685289603
vn -0.2077424866287559 0.9002204123561337 0.38268298685289603
vn -0.2077424866287559 0.9002204123561337 0.38268298685289603
vn -0.08604956193218252 0.37288271405575996 0.9238798376681299
vn -0.08604956193218252 0.37288271405575996 0.9238798376681299
vn -0.08604956193218252 0.37288271405575996 0.9238798376681299
vn -0.08604982555286582 0.37288257739575187 0.923879868271315
vn -0.08604982555286582 0.37288257739575187 0.923879868271315
vn -0.08604982555286582 0.37288257739575187 0.923879868271315
vn -0.1583555145268322 0.34838216474158445 -0.9238795366869588
vn -0.1583555145268322 0.34838216474158445 -0.9238795366869588
vn -0.1583555145268322 0.34838216474158445 -0.9238795366869588
vn -0.15835738228506877 0.3483820269787533 -0.9238792684945343
vn -0.15835738228506877 0.3483820269787533 -0.9238792684945343
vn -0.15835738228506877 0.3483820269787533 -0.9238792684945343
vn -0.38230795249863786 0.84106732694445 -0.3826831339408848
vn -0.38230795249863786 0.84106732694445 -0.3826831339408848
vn -0.38230795249863786 0.84106732694445 -0.3826831339408848
vn -0.38230889840409543 0.8410671310392445 -0.38268261952492877
vn -0.38230889840409543 0.8410671310392445 -0.38268261952492877
vn -0.38230889840409543 0.8410671310392445 -0.38268261952492877
vn -0.4138080255907989 0.9103641677683965 0
vn -0.4138080255907989 0.9103641677683965 0
vn -0.4138080255907989 0.9103641677683965 0
vn -0.4138080255907989 0.9103641677683965 0
vn -0.4138080255907989 0.9103641677683965 0
vn -0.4138080255907989 0.9103641677683965 0
vn -0.3823088790428972 0.8410670944047329 0.3826827193832293
vn -0.3823088790428972 0.8410670944047329 0.3826827193832293
vn -0.3823088790428972 0.8410670944047329 0.3826827193832293
vn -0.3823080700950243 0.8410676810239757 0.38268223825671605
vn -0.3823080700950243 0.8410676810239757 0.38268223825671605
vn -0.3823080700950243 0.8410676810239757 0.38268223825671605
vn -0.1583568191679757 0.3483808119629238 0.9238798231799712
vn -0.1583568191679757 0.3483808119629238 0.9238798231799712
vn -0.1583568191679757 0.3483808119629238 0.9238798231799712
vn -0.15835551781511512 0.34838211237116334 0.9238795558714962
vn -0.15835551781511512 0.34838211237116334 0.9238795558714962
vn -0.15835551781511512 0.34838211237116334 0.9238795558714962
vn -0.23494534597356503 0.3020726196113581 -0.9238792220233624
vn -0.23494534597356503 0.3020726196113581 -0.9238792220233624
vn -0.23494534597356503 0.3020726196113581 -0.9238792220233624
vn -0.2349415862907191 0.30207377600019836 -0.9238798000195603
vn -0.2349415862907191 0.30207377600019836 -0.9238798000195603
vn -0.2349415862907191 0.30207377600019836 -0.9238798000195603
vn -0.567200244992381 0.7292720098956604 -0.38268292052732994
vn -0.567200244992381 0.7292720098956604 -0.38268292052732994
vn -0.567200244992381 0.7292720098956604 -0.38268292052732994
vn -0.5672035822269751 0.7292703997659947 -0.382681042558987
vn -0.5672035822269751 0.7292703997659947 -0.382681042558987
vn -0.5672035822269751 0.7292703997659947 -0.382681042558987
vn -0.6139360661288373 0.7893557542111465 0
vn -0.6139360661288373 0.7893557542111465 0
vn -0.6139360661288373 0.7893557542111465 0
vn -0.6139360661288373 0.7893557542111465 0
vn -0.6139360661288373 0.7893557542111465 0
vn -0.6139360661288373 0.7893557542111465 0
vn -0.5672032082053222 0.7292699614555076 0.3826824322075323
vn -0.5672032082053222 0.7292699614555076 0.3826824322075323
vn -0.5672032082053222 0.7292699614555076 0.3826824322075323
vn -0.5672008462696599 0.7292727914815311 0.38268053987068223
vn -0.5672008462696599 0.7292727914815311 0.38268053987068223
vn -0.5672008462696599 0.7292727914815311 0.38268053987068223
vn -0.23494167524004306 0.30207389462107775 0.9238797386152898
vn -0.23494167524004306 0.30207389462107775 0.9238797386152898
vn -0.23494167524004306 0.30207389462107775 0.9238797386152898
vn -0.23494372560277244 0.30207054904990394 0.9238803110774572
vn -0.23494372560277244 0.30207054904990394 0.9238803110774572
vn -0.23494372560277244 0.30207054904990394 0.9238803110774572
vn -0.3020713928581013 0.2349444034219355 -0.9238798628163065
vn -0.3020713928581013 0.2349444034219355 -0.9238798628163065
vn -0.3020713928581013 0.2349444034219355 -0.9238798628163065
vn -0.302071993166453 0.23494404910886837 -0.9238797566419432
vn -0.302071993166453 0.23494404910886837 -0.9238797566419432
vn -0.302071993166453 0.23494404910886837 -0.9238797566419432
vn -0.7292678248160811 0.567206374350728 -0.3826818111485354
vn -0.7292678248160811 0.567206374350728 -0.3826818111485354
vn -0.7292678248160811 0.567206374350728 -0.3826818111485354
vn -0.7292670132294771 0.5672070477961102 -0.3826823595957604
vn -0.7292670132294771 0.5672070477961102 -0.3826823595957604
vn -0.7292670132294771 0.5672070477961102 -0.3826823595957604
vn -0.7893525704190804 0.6139401596025387 0
vn -0.7893525704190804 0.6139401596025387 0
vn -0.7893525704190804 0.6139401596025387 0
vn -0.7893525704190804 0.6139401596025387 0
vn -0.7893525704190804 0.6139401596025387 0
vn -0.7893525704190804 0.6139401596025387 0
vn -0.7292673199867066 0.5672072334031509 0.38268149991154543
vn -0.7292673199867066 0.5672072334031509 0.38268149991154543
vn -0.7292673199867066 0.5672072334031509 0.38268149991154543
vn -0.729267779684141 0.5672062663979477 0.3826820571616382
vn -0.729267779684141 0.5672062663979477 0.3826820571616382
vn -0.729267779684141 0.5672062663979477 0.3826820571616382
vn -0.30207116176251936 0.2349434405421022 0.92388018323681
vn -0.30207116176251936 0.2349434405421022 0.92388018323681
vn -0.30207116176251936 0.2349434405421022 0.92388018323681
vn -0.30207097042528186 0.23494407155170705 0.9238800853298197
vn -0.30207097042528186 0.23494407155170705 0.9238800853298197
vn -0.30207097042528186 0.23494407155170705 0.9238800853298197
vn -0.3483819418298412 0.158355417267265 -0.9238796374144089
vn -0.3483819418298412 0.158355417267265 -0.9238796374144089
vn -0.3483819418298412 0.158355417267265 -0.9238796374144089
vn -0.3483825916224827 0.15835477385440308 -0.9238795026690025
vn -0.3483825916224827 0.15835477385440308 -0.9238795026690025
vn -0.3483825916224827 0.15835477385440308 -0.9238795026690025
vn -0.8410700458600718 0.3823022796491423 -0.38268282549914034
vn -0.8410700458600718 0.3823022796491423 -0.38268282549914034
vn -0.8410700458600718 0.3823022796491423 -0.38268282549914034
vn -0.8410690861812493 0.3823035882219894 -0.3826836274297997
vn -0.8410690861812493 0.3823035882219894 -0.3826836274297997
vn -0.8410690861812493 0.3823035882219894 -0.3826836274297997
vn -0.9103667060830191 0.41380244133590355 0
vn -0.9103667060830191 0.41380244133590355 0
vn -0.9103667060830191 0.41380244133590355 0
vn -0.9103667060830191 0.41380244133590355 0
vn -0.9103667060830191 0.41380244133590355 0
vn -0.9103667060830191 0.41380244133590355 0
vn -0.8410695056817512 0.38230376806682626 0.38268252577581985
vn -0.8410695056817512 0.38230376806682626 0.38268252577581985
vn -0.8410695056817512 0.38230376806682626 0.38268252577581985
vn -0.8410698688011562 0.3823021612375842 0.3826833329371402
vn -0.8410698688011562 0.3823021612375842 0.3826833329371402
vn -0.8410698688011562 0.3823021612375842 0.3826833329371402
vn -0.3483815995182206 0.15835430799678304 0.9238799566263932
vn -0.3483815995182206 0.15835430799678304 0.9238799566263932
vn -0.3483815995182206 0.15835430799678304 0.9238799566263932
vn -0.34838152754802826 0.1583552397945583 0.9238798240533833
vn -0.34838152754802826 0.1583552397945583 0.9238798240533833
vn -0.34838152754802826 0.1583552397945583 0.9238798240533833
vn -0.37288343800254764 0.0860500333243794 -0.9238795015738109
vn -0.37288343800254764 0.0860500333243794 -0.9238795015738109
vn -0.37288343800254764 0.0860500333243794 -0.9238795015738109
vn -0.3728837280311751 0.08604962914813154 -0.9238794221612697
vn -0.3728837280311751 0.08604962914813154 -0.9238794221612697
vn -0.3728837280311751 0.08604962914813154 -0.9238794221612697
vn -0.9002202885515429 0.2077420385334631 -0.382683521341249
vn -0.9002202885515429 0.2077420385334631 -0.382683521341249
vn -0.9002202885515429 0.2077420385334631 -0.382683521341249
vn -0.9002191547919592 0.20774448203055307 -0.382684861905338
vn -0.9002191547919592 0.20774448203055307 -0.382684861905338
vn -0.9002191547919592 0.20774448203055307 -0.382684861905338
vn -0.9743908169693385 0.2248611478353367 0
vn -0.9743908169693385 0.2248611478353367 0
vn -0.9743908169693385 0.2248611478353367 0
vn -0.9743908169693385 0.2248611478353367 0
vn -0.9743908169693385 0.2248611478353367 0
vn -0.9743908169693385 0.2248611478353367 0
vn -0.9002198056511351 0.20774462993632956 0.3826832505428604
vn -0.9002198056511351 0.20774462993632956 0.3826832505428604
vn -0.9002198056511351 0.20774462993632956 0.3826832505428604
vn -0.9002198696083369 0.20774193383056153 0.3826845636953335
vn -0.9002198696083369 0.20774193383056153 0.3826845636953335
vn -0.9002198696083369 0.20774193383056153 0.3826845636953335
vn -0.3728827909269179 0.08604940945455286 0.9238798208441806
vn -0.3728827909269179 0.08604940945455286 0.9238798208441806
vn -0.3728827909269179 0.08604940945455286 0.9238798208441806
vn -0.37288284747776856 0.08604988558699869 0.9238797536732449
vn -0.37288284747776856 0.08604988558699869 0.9238797536732449
vn -0.37288284747776856 0.08604988558699869 0.9238797536732449
vn -0.3818360827531382 0.025455737235916764 -0.9238794355052583
vn -0.3818360827531382 0.025455737235916764 -0.9238794355052583
vn -0.3818360827531382 0.025455737235916764 -0.9238794355052583
vn -0.3818359065391383 0.025455988866340064 -0.923879501400627
vn -0.3818359065391383 0.025455988866340064 -0.923879501400627
vn -0.3818359065391383 0.025455988866340064 -0.923879501400627
vn -0.9218329246883934 0.06145615912838724 -0.3826842033134231
vn -0.9218329246883934 0.06145615912838724 -0.3826842033134231
vn -0.9218329246883934 0.06145615912838724 -0.3826842033134231
vn -0.9218332896927068 0.061454747735112 -0.3826835507245325
vn -0.9218332896927068 0.061454747735112 -0.3826835507245325
vn -0.9218332896927068 0.061454747735112 -0.3826835507245325
vn -0.9977852156806499 0.0665181431574811 0
vn -0.9977852156806499 0.0665181431574811 0
vn -0.9977852156806499 0.0665181431574811 0
vn -0.9977852156806499 0.0665181431574811 0
vn -0.9977852156806499 0.0665181431574811 0
vn -0.9977852156806499 0.0665181431574811 0
vn -0.9218331775863202 0.06145474075805207 0.3826838218940913
vn -0.9218331775863202 0.06145474075805207 0.3826838218940913
vn -0.9218331775863202 0.06145474075805207 0.3826838218940913
vn -0.9218333538575786 0.06145618600120559 0.38268316518743495
vn -0.9218333538575786 0.06145618600120559 0.38268316518743495
vn -0.9218333538575786 0.06145618600120559 0.38268316518743495
vn -0.38183516548259205 0.025455936979046172 0.9238798091058168
vn -0.38183516548259205 0.025455936979046172 0.9238798091058168
vn -0.38183516548259205 0.025455936979046172 0.9238798091058168
vn -0.38183509609424415 0.025455673693831313 0.923879845038029
vn -0.38183509609424415 0.025455673693831313 0.923879845038029
vn -0.38183509609424415 0.025455673693831313 0.923879845038029
vn -0.3826834370613369 0 -0.9238795305660377
vn -0.3826834370613369 0 -0.9238795305660377
vn -0.3826834370613369 0 -0.9238795305660377
vn -0.3826834370613369 0 -0.9238795305660377
vn -0.3826834370613369 0 -0.9238795305660377
vn -0.3826834370613369 0 -0.9238795305660377
vn -0.9238795305660377 0 -0.3826834370613369
vn -0.9238795305660377 0 -0.3826834370613369
vn -0.9238795305660377 0 -0.3826834370613369
vn -0.9238795305660377 0 -0.3826834370613369
vn -0.9238795305660377 0 -0.3826834370613369
vn -0.9238795305660377 0 -0.3826834370613369
vn -1 0 0
vn -1 0 0
vn -1 0 0
vn -1 0 0
vn -1 0 0
vn -1 0 0
vn -0.9238796831932059 0 0.3826830685865544
vn -0.9238796831932059 0 0.3826830685865544
vn -0.9238796831932059 0 0.3826830685865544
vn -0.9238796831932059 0 0.3826830685865544
vn -0.9238796831932059 0 0.3826830685865544
vn -0.9238796831932059 0 0.3826830685865544
vn -0.3826825983601677 0 0.9238798779669956
vn -0.3826825983601677 0 0.9238798779669956
vn -0.3826825983601677 0 0.9238798779669956
vn -0.3826825983601677 0 0.9238798779669956
vn -0.3826825983601677 0 0.9238798779669956
vn -0.3826825983601677 0 0.9238798779669956
vn -0.3824244526022696 0.014076973629716433 -0.9238795250817515
vn -0.3824244526022696 0.014076973629716433 -0.9238795250817515
vn -0.3824244526022696 0.014076973629716433 -0.9238795250817515
vn -0.38242438007897606 0.014077080256278211 -0.9238795534768962
vn -0.38242438007897606 0.014077080256278211 -0.9238795534768962
vn -0.38242438007897606 0.014077080256278211 -0.9238795534768962
vn -0.9232542394168598 0.03398508161604947 -0.3826834509439181
vn -0.9232542394168598 0.03398508161604947 -0.3826834509439181
vn -0.9232542394168598 0.03398508161604947 -0.3826834509439181
vn -0.9232541365518158 0.03398578629755249 -0.38268363653244714
vn -0.9232541365518158 0.03398578629755249 -0.38268363653244714
vn -0.9232541365518158 0.03398578629755249 -0.38268363653244714
vn -0.9993231678183843 0.036785951957636114 0
vn -0.9993231678183843 0.036785951957636114 0
vn -0.9993231678183843 0.036785951957636114 0
vn -0.9993231678183843 0.036785951957636114 0
vn -0.9993231678183843 0.036785951957636114 0
vn -0.9993231678183843 0.036785951957636114 0
vn -0.923254361158309 0.03398578951440796 0.3826830943656189
vn -0.923254361158309 0.03398578951440796 0.3826830943656189
vn -0.923254361158309 0.03398578951440796 0.3826830943656189
vn -0.9232543112751846 0.033985085792398964 0.38268327720906203
vn -0.9232543112751846 0.033985085792398964 0.38268327720906203
vn -0.9232543112751846 0.033985085792398964 0.38268327720906203
vn -0.38242358796139353 0.014077050915743032 0.9238798818072889
vn -0.38242358796139353 0.014077050915743032 0.9238798818072889
vn -0.38242358796139353 0.014077050915743032 0.9238798818072889
vn -0.3824235420500842 0.014076940426708021 0.9238799024949566
vn -0.3824235420500842 0.014076940426708021 0.9238799024949566
vn -0.3824235420500842 0.014076940426708021 0.9238799024949566
vn -0.3800622456554064 0.04471320580949373 -0.9238795476974299
vn -0.3800622456554064 0.04471320580949373 -0.9238795476974299
vn -0.3800622456554064 0.04471320580949373 -0.9238795476974299
vn -0.3800620369379563 0.04471375341525236 -0.9238796070560772
vn -0.3800620369379563 0.04471375341525236 -0.9238796070560772
vn -0.3800620369379563 0.04471375341525236 -0.9238796070560772
vn -0.917551283599062 0.1079485943283733 -0.38268360684544855
vn -0.917551283599062 0.1079485943283733 -0.38268360684544855
vn -0.917551283599062 0.1079485943283733 -0.38268360684544855
vn -0.9175521003880294 0.10794463599057132 -0.38268276500827497
vn -0.9175521003880294 0.10794463599057132 -0.38268276500827497
vn -0.9175521003880294 0.10794463599057132 -0.38268276500827497
vn -0.9931509391117791 0.11683840182658826 0
vn -0.9931509391117791 0.11683840182658826 0
vn -0.9931509391117791 0.11683840182658826 0
vn -0.9931509391117791 0.11683840182658826 0
vn -0.9931509391117791 0.11683840182658826 0
vn -0.9931509391117791 0.11683840182658826 0
vn -0.9175518870111553 0.1079446165848397 0.38268328209188857
vn -0.9175518870111553 0.1079446165848397 0.38268328209188857
vn -0.9175518870111553 0.1079446165848397 0.38268328209188857
vn -0.9175517522110206 0.10794863806417396 0.38268247092671476
vn -0.9175517522110206 0.10794863806417396 0.38268247092671476
vn -0.9175517522110206 0.10794863806417396 0.38268247092671476
vn -0.3800613936701715 0.044713672915744115 0.9238798755768364
vn -0.3800613936701715 0.044713672915744115 0.9238798755768364
vn -0.3800613936701715 0.044713672915744115 0.9238798755768364
vn -0.38006130606127353 0.044713095707276974 0.9238799395523591
vn -0.38006130606127353 0.044713095707276974 0.9238799395523591
vn -0.38006130606127353 0.044713095707276974 0.9238799395523591
vn -0.3745301459744807 0.07857275951190507 -0.9238795869695458
vn -0.3745301459744807 0.07857275951190507 -0.9238795869695458
vn -0.3745301459744807 0.07857275951190507 -0.9238795869695458
vn -0.3745305798683156 0.07857177327842368 -0.9238794949490908
vn -0.3745305798683156 0.07857177327842368 -0.9238794949490908
vn -0.3745305798683156 0.07857177327842368 -0.9238794949490908
vn -0.9041968169571223 0.18968905889401852 -0.3826828675816435
vn -0.9041968169571223 0.18968905889401852 -0.3826828675816435
vn -0.9041968169571223 0.18968905889401852 -0.3826828675816435
vn -0.9041954760661465 0.18969367204657256 -0.38268374912844433
vn -0.9041954760661465 0.18969367204657256 -0.38268374912844433
vn -0.9041954760661465 0.18969367204657256 -0.38268374912844433
vn -0.9786942692856909 0.2053229828035508 0
vn -0.9786942692856909 0.2053229828035508 0
vn -0.9786942692856909 0.2053229828035508 0
vn -0.9786942692856909 0.2053229828035508 0
vn -0.9786942692856909 0.2053229828035508 0
vn -0.9786942692856909 0.2053229828035508 0
vn -0.9041960072197762 0.18969379014644147 0.3826824355881677
vn -0.9041960072197762 0.18969379014644147 0.3826824355881677
vn -0.9041960072197762 0.18969379014644147 0.3826824355881677
vn -0.9041966398762118 0.18968899965293975 0.3826833153499578
vn -0.9041966398762118 0.18968899965293975 0.3826833153499578
vn -0.9041966398762118 0.18968899965293975 0.3826833153499578
vn -0.3745294992823325 0.07857154069456415 0.9238799527861874
vn -0.3745294992823325 0.07857154069456415 0.9238799527861874
vn -0.3745294992823325 0.07857154069456415 0.9238799527861874
vn -0.3745294831176814 0.07857262388976757 0.9238798672179622
vn -0.3745294831176814 0.07857262388976757 0.9238798672179622
vn -0.3745294831176814 0.07857262388976757 0.9238798672179622
vn -0.3649203228150479 0.11523800491328852 -0.9238795160734792
vn -0.3649203228150479 0.11523800491328852 -0.9238795160734792
vn -0.3649203228150479 0.11523800491328852 -0.9238795160734792
vn -0.3649204339825269 0.11523781610925636 -0.9238794957137937
vn -0.3649204339825269 0.11523781610925636 -0.9238794957137937
vn -0.3649204339825269 0.11523781610925636 -0.9238794957137937
vn -0.8809955842680695 0.2782086173919228 -0.3826836104526002
vn -0.8809955842680695 0.2782086173919228 -0.3826836104526002
vn -0.8809955842680695 0.2782086173919228 -0.3826836104526002
vn -0.8809949559207889 0.2782102165170475 -0.38268389444509504
vn -0.8809949559207889 0.2782102165170475 -0.38268389444509504
vn -0.8809949559207889 0.2782102165170475 -0.38268389444509504
vn -0.9535822629145521 0.30113264162950193 0
vn -0.9535822629145521 0.30113264162950193 0
vn -0.9535822629145521 0.30113264162950193 0
vn -0.9535822629145521 0.30113264162950193 0
vn -0.9535822629145521 0.30113264162950193 0
vn -0.9535822629145521 0.30113264162950193 0
vn -0.8809951983765401 0.27821030719891676 0.38268327034999233
vn -0.8809951983765401 0.27821030719891676 0.38268327034999233
vn -0.8809951983765401 0.27821030719891676 0.38268327034999233
vn -0.880995627753267 0.27820861230158056 0.38268351404372747
vn -0.880995627753267 0.27820861230158056 0.38268351404372747
vn -0.880995627753267 0.27820861230158056 0.38268351404372747
vn -0.3649196013483194 0.11523754846650729 0.9238798579767897
vn -0.3649196013483194 0.11523754846650729 0.9238798579767897
vn -0.3649196013483194 0.11523754846650729 0.9238798579767897
vn -0.36491956674183235 0.11523775556565848 0.9238798458139148
vn -0.36491956674183235 0.11523775556565848 0.9238798458139148
vn -0.36491956674183235 0.11523775556565848 0.9238798458139148
vn -0.3504018762069988 0.1538349678614393 -0.9238794985352174
vn -0.3504018762069988 0.1538349678614393 -0.9238794985352174
vn -0.3504018762069988 0.1538349678614393 -0.9238794985352174
vn -0.35040187861669786 0.15383492421587233 -0.9238795048886981
vn -0.35040187861669786 0.15383492421587233 -0.9238795048886981
vn -0.35040187861669786 0.15383492421587233 -0.9238795048886981
vn -0.8459446398731607 0.3713901923189752 -0.3826839313573841
vn -0.8459446398731607 0.3713901923189752 -0.3826839313573841
vn -0.8459446398731607 0.3713901923189752 -0.3826839313573841
vn -0.8459465549889033 0.3713864406362786 -0.3826833388245722
vn -0.8459465549889033 0.3713864406362786 -0.3826833388245722
vn -0.8459465549889033 0.3713864406362786 -0.3826833388245722
vn -0.9156459027779587 0.4019857966718936 0
vn -0.9156459027779587 0.4019857966718936 0
vn -0.9156459027779587 0.4019857966718936 0
vn -0.9156459027779587 0.4019857966718936 0
vn -0.9156459027779587 0.4019857966718936 0
vn -0.9156459027779587 0.4019857966718936 0
vn -0.8459464243250167 0.37138640580517257 0.38268366146836547
vn -0.8459464243250167 0.37138640580517257 0.38268366146836547
vn -0.8459464243250167 0.37138640580517257 0.38268366146836547
vn -0.8459449575969173 0.37139034997959863 0.38268307600203744
vn -0.8459449575969173 0.37139034997959863 0.38268307600203744
vn -0.8459449575969173 0.37139034997959863 0.38268307600203744
vn -0.35040112773764176 0.15383457893360653 0.9238798471687263
vn -0.35040112773764176 0.15383457893360653 0.9238798471687263
vn -0.35040112773764176 0.15383457893360653 0.9238798471687263
vn -0.35040109918478857 0.15383462418563662 0.9238798504631194
vn -0.35040109918478857 0.15383462418563662 0.9238798504631194
vn -0.35040109918478857 0.15383462418563662 0.9238798504631194
vn -0.3304478481676766 0.19300493338431135 -0.923879491779458
vn -0.3304478481676766 0.19300493338431135 -0.923879491779458
vn -0.3304478481676766 0.19300493338431135 -0.923879491779458
vn -0.3304470258019825 0.19300589412552788 -0.9238795852119632
vn -0.3304470258019825 0.19300589412552788 -0.9238795852119632
vn -0.3304470258019825 0.19300589412552788 -0.9238795852119632
vn -0.7977699574847796 0.46595760814496057 -0.3826834231405384
vn -0.7977699574847796 0.46595760814496057 -0.3826834231405384
vn -0.7977699574847796 0.46595760814496057 -0.3826834231405384
vn -0.797770488023475 0.4659568000344147 -0.38268330109958437
vn -0.797770488023475 0.4659568000344147 -0.38268330109958437
vn -0.797770488023475 0.4659568000344147 -0.38268330109958437
vn -0.8635004945334934 0.5043479909154118 0
vn -0.8635004945334934 0.5043479909154118 0
vn -0.8635004945334934 0.5043479909154118 0
vn -0.8635004945334934 0.5043479909154118 0
vn -0.8635004945334934 0.5043479909154118 0
vn -0.8635004945334934 0.5043479909154118 0
vn -0.7977705623043149 0.4659568384087173 0.3826830995233652
vn -0.7977705623043149 0.4659568384087173 0.3826830995233652
vn -0.7977705623043149 0.4659568384087173 0.3826830995233652
vn -0.7977700929882366 0.46595773687126907 0.38268298392186895
vn -0.7977700929882366 0.46595773687126907 0.38268298392186895
vn -0.7977700929882366 0.46595773687126907 0.38268298392186895
vn -0.3304465444018062 0.1930056381406424 0.9238798108730532
vn -0.3304465444018062 0.1930056381406424 0.9238798108730532
vn -0.3304465444018062 0.1930056381406424 0.9238798108730532
vn -0.3304469566603492 0.19300442824142106 0.9238799161758607
vn -0.3304469566603492 0.19300442824142106 0.9238799161758607
vn -0.3304469566603492 0.19300442824142106 0.9238799161758607
vn -0.30507707878246265 0.23102924441586806 -0.923879572361134
vn -0.30507707878246265 0.23102924441586806 -0.923879572361134
vn -0.30507707878246265 0.23102924441586806 -0.923879572361134
vn -0.30507645342262607 0.23102982593142646 -0.9238796334464611
vn -0.30507645342262607 0.23102982593142646 -0.9238796334464611
vn -0.30507645342262607 0.23102982593142646 -0.9238796334464611
vn -0.7365203189326496 0.5577557303209202 -0.38268311315437614
vn -0.7365203189326496 0.5577557303209202 -0.38268311315437614
vn -0.7365203189326496 0.5577557303209202 -0.38268311315437614
vn -0.7365234504055795 0.5577520139521348 -0.3826825027813492
vn -0.7365234504055795 0.5577520139521348 -0.3826825027813492
vn -0.7365234504055795 0.5577520139521348 -0.3826825027813492
vn -0.7972068944374907 0.6037061929956754 0
vn -0.7972068944374907 0.6037061929956754 0
vn -0.7972068944374907 0.6037061929956754 0
vn -0.7972068944374907 0.6037061929956754 0
vn -0.7972068944374907 0.6037061929956754 0
vn -0.7972068944374907 0.6037061929956754 0
vn -0.7365233440351091 0.5577519044653828 0.3826828670800132
vn -0.7365233440351091 0.5577519044653828 0.3826828670800132
vn -0.7365233440351091 0.5577519044653828 0.3826828670800132
vn -0.7365205925444726 0.5577559502531136 0.38268226600560556
vn -0.7365205925444726 0.5577559502531136 0.38268226600560556
vn -0.7365205925444726 0.5577559502531136 0.38268226600560556
vn -0.3050759372445963 0.23102943127783515 0.9238799025835398
vn -0.3050759372445963 0.23102943127783515 0.9238799025835398
vn -0.3050759372445963 0.23102943127783515 0.9238799025835398
vn -0.3050762994010093 0.23102865984685755 0.9238799759022548
vn -0.3050762994010093 0.23102865984685755 0.9238799759022548
vn -0.3050762994010093 0.23102865984685755 0.9238799759022548
vn -0.27499696763061754 0.26612609770704926 -0.9238796284761251
vn -0.27499696763061754 0.26612609770704926 -0.9238796284761251
vn -0.27499696763061754 0.26612609770704926 -0.9238796284761251
vn -0.27499916506861444 0.26612454030844235 -0.9238794230077781
vn -0.27499916506861444 0.26612454030844235 -0.9238794230077781
vn -0.27499916506861444 0.26612454030844235 -0.9238794230077781
vn -0.663906512922777 0.6424812657859608 -0.38268259068422233
vn -0.663906512922777 0.6424812657859608 -0.38268259068422233
vn -0.663906512922777 0.6424812657859608 -0.38268259068422233
vn -0.6639027442000633 0.6424846500603207 -0.3826834470949748
vn -0.6639027442000633 0.6424846500603207 -0.3826834470949748
vn -0.6639027442000633 0.6424846500603207 -0.3826834470949748
vn -0.7186031429701547 0.6954203929375492 0
vn -0.7186031429701547 0.6954203929375492 0
vn -0.7186031429701547 0.6954203929375492 0
vn -0.7186031429701547 0.6954203929375492 0
vn -0.7186031429701547 0.6954203929375492 0
vn -0.7186031429701547 0.6954203929375492 0
vn -0.6639031248070137 0.6424850299259457 0.3826821490382579
vn -0.6639031248070137 0.6424850299259457 0.3826821490382579
vn -0.6639031248070137 0.6424850299259457 0.3826821490382579
vn -0.6639063426254702 0.6424811548184551 0.3826830724304588
vn -0.6639063426254702 0.6424811548184551 0.3826830724304588
vn -0.6639063426254702 0.6424811548184551 0.3826830724304588
vn -0.27499809822269305 0.2661235030699985 0.9238800393382545
vn -0.27499809822269305 0.2661235030699985 0.9238800393382545
vn -0.27499809822269305 0.2661235030699985 0.9238800393382545
vn -0.2749966938926972 0.26612582414709735 0.9238797887550708
vn -0.2749966938926972 0.26612582414709735 0.9238797887550708
vn -0.2749966938926972 0.26612582414709735 0.9238797887550708
vn -0.27059822797229965 0.27059822797229965 -0.9238794283003074
vn -0.27059822797229965 0.27059822797229965 -0.9238794283003074
vn -0.27059822797229965 0.27059822797229965 -0.9238794283003074
vn -0.2705981113196566 0.2705981113196566 -0.9238794966338789
vn -0.2705981113196566 0.2705981113196566 -0.9238794966338789
vn -0.2705981113196566 0.2705981113196566 -0.9238794966338789
vn -0.6532814463948846 0.653281505999529 -0.38268345367313
vn -0.6532814463948846 0.653281505999529 -0.38268345367313
vn -0.6532814463948846 0.653281505999529 -0.38268345367313
vn -0.6532813973269463 0.6532815165362371 -0.38268351945003615
vn -0.6532813973269463 0.6532815165362371 -0.38268351945003615
vn -0.6532813973269463 0.6532815165362371 -0.38268351945003615
vn -0.7071067215818992 0.7071068407911908 0
vn -0.7071067215818992 0.7071068407911908 0
vn -0.7071067215818992 0.7071068407911908 0
vn -0.7071067215818992 0.7071068407911908 0
vn -0.7071067215818992 0.7071068407911908 0
vn -0.7071067215818992 0.7071068407911908 0
vn -0.6532815861480572 0.6532815861480572 0.3826830782772566
vn -0.6532815861480572 0.6532815861480572 0.3826830782772566
vn -0.6532815861480572 0.6532815861480572 0.3826830782772566
vn -0.6532815296295637 0.6532815892342103 0.38268316949205117
vn -0.6532815296295637 0.6532815892342103 0.38268316949205117
vn -0.6532815296295637 0.6532815892342103 0.38268316949205117
vn -0.27059760218772966 0.27059763199005155 0.9238797861473256
vn -0.27059760218772966 0.27059763199005155 0.9238797861473256
vn -0.27059760218772966 0.27059763199005155 0.9238797861473256
vn -0.27059751315514197 0.27059751315514197 0.9238798470301783
vn -0.27059751315514197 0.27059751315514197 0.9238798470301783
vn -0.27059751315514197 0.27059751315514197 0.9238798470301783
vn -0.2966111585327548 0.2418025868765493 -0.9238794995093602
vn -0.2966111585327548 0.2418025868765493 -0.9238794995093602
vn -0.2966111585327548 0.2418025868765493 -0.9238794995093602
vn -0.2966108543644506 0.24180280538437857 -0.9238795399733857
vn -0.2966108543644506 0.24180280538437857 -0.9238795399733857
vn -0.2966108543644506 0.24180280538437857 -0.9238795399733857
vn -0.716081973066794 0.5837635962785422 -0.3826835135052337
vn -0.716081973066794 0.5837635962785422 -0.3826835135052337
vn -0.716081973066794 0.5837635962785422 -0.3826835135052337
vn -0.716082755760563 0.5837628874087228 -0.38268313026130196
vn -0.716082755760563 0.5837628874087228 -0.38268313026130196
vn -0.716082755760563 0.5837628874087228 -0.38268313026130196
vn -0.7750822842735497 0.6318603109907255 0
vn -0.7750822842735497 0.6318603109907255 0
vn -0.7750822842735497 0.6318603109907255 0
vn -0.7750822842735497 0.6318603109907255 0
vn -0.7750822842735497 0.6318603109907255 0
vn -0.7750822842735497 0.6318603109907255 0
vn -0.7160827475937492 0.5837628807509968 0.3826831556991819
vn -0.7160827475937492 0.5837628807509968 0.3826831556991819
vn -0.7160827475937492 0.5837628807509968 0.3826831556991819
vn -0.7160821937363927 0.5837638202278148 0.3826827589619145
vn -0.7160821937363927 0.5837638202278148 0.3826827589619145
vn -0.7160821937363927 0.5837638202278148 0.3826827589619145
vn -0.2966102643568992 0.24180231856908224 0.9238798568064717
vn -0.2966102643568992 0.24180231856908224 0.9238798568064717
vn -0.2966102643568992 0.24180231856908224 0.9238798568064717
vn -0.2966104095746457 0.24180195784839117 0.9238799045940147
vn -0.2966104095746457 0.24180195784839117 0.9238799045940147
vn -0.2966104095746457 0.24180195784839117 0.9238799045940147
vn -0.3208584450773302 0.2085579758892197 -0.9238795532511528
vn -0.3208584450773302 0.2085579758892197 -0.9238795532511528
vn -0.3208584450773302 0.2085579758892197 -0.9238795532511528
vn -0.3208586053913969 0.20855784912535857 -0.9238795261907756
vn -0.3208586053913969 0.20855784912535857 -0.9238795261907756
vn -0.3208586053913969 0.20855784912535857 -0.9238795261907756
vn -0.7746212342062873 0.5035032538713647 -0.38268318078754976
vn -0.7746212342062873 0.5035032538713647 -0.38268318078754976
vn -0.7746212342062873 0.5035032538713647 -0.38268318078754976
vn -0.774620539903094 0.5035040423508966 -0.3826835487665303
vn -0.774620539903094 0.5035040423508966 -0.3826835487665303
vn -0.774620539903094 0.5035040423508966 -0.3826835487665303
vn -0.8384432785757404 0.5449888701718258 0
vn -0.8384432785757404 0.5449888701718258 0
vn -0.8384432785757404 0.5449888701718258 0
vn -0.8384432785757404 0.5449888701718258 0
vn -0.8384432785757404 0.5449888701718258 0
vn -0.8384432785757404 0.5449888701718258 0
vn -0.7746207775461531 0.5035042206607425 0.38268283312765855
vn -0.7746207775461531 0.5035042206607425 0.38268283312765855
vn -0.7746207775461531 0.5035042206607425 0.38268283312765855
vn -0.7746212486191091 0.503503203635044 0.3826832177101837
vn -0.7746212486191091 0.503503203635044 0.3826832177101837
vn -0.7746212486191091 0.503503203635044 0.3826832177101837
vn -0.32085787299503127 0.20855734624564462 0.9238798940685301
vn -0.32085787299503127 0.20855734624564462 0.9238798940685301
vn -0.32085787299503127 0.20855734624564462 0.9238798940685301
vn -0.32085779650130375 0.208557563255499 0.9238798716463396
vn -0.32085779650130375 0.208557563255499 0.9238798716463396
vn -0.32085779650130375 0.208557563255499 0.9238798716463396
vn -0.3410101605557374 0.17366259169860357 -0.9238795238786681
vn -0.3410101605557374 0.17366259169860357 -0.9238795238786681
vn -0.3410101605557374 0.17366259169860357 -0.9238795238786681
vn -0.34101013157169224 0.17366263681880384 -0.9238795260955821
vn -0.34101013157169224 0.17366263681880384 -0.9238795260955821
vn -0.34101013157169224 0.17366263681880384 -0.9238795260955821
vn -0.823271211537223 0.4192586523734813 -0.3826835437590768
vn -0.823271211537223 0.4192586523734813 -0.3826835437590768
vn -0.823271211537223 0.4192586523734813 -0.3826835437590768
vn -0.8232714287853901 0.41925834356903735 -0.3826834147090901
vn -0.8232714287853901 0.41925834356903735 -0.3826834147090901
vn -0.8232714287853901 0.41925834356903735 -0.3826834147090901
vn -0.8911025382936417 0.45380201216679167 0
vn -0.8911025382936417 0.45380201216679167 0
vn -0.8911025382936417 0.45380201216679167 0
vn -0.8911025382936417 0.45380201216679167 0
vn -0.8911025382936417 0.45380201216679167 0
vn -0.8911025382936417 0.45380201216679167 0
vn -0.8232715025324032 0.4192584103758094 0.38268318286434855
vn -0.8232715025324032 0.4192584103758094 0.38268318286434855
vn -0.8232715025324032 0.4192584103758094 0.38268318286434855
vn -0.8232713782372999 0.41925876541367385 0.3826830612910097
vn -0.8232713782372999 0.41925876541367385 0.3826830612910097
vn -0.8232713782372999 0.41925876541367385 0.3826830612910097
vn -0.3410093834271433 0.17366224781678885 0.9238798753614343
vn -0.3410093834271433 0.17366224781678885 0.9238798753614343
vn -0.3410093834271433 0.17366224781678885 0.9238798753614343
vn -0.3410093869569571 0.17366219000973357 0.9238798849245844
vn -0.3410093869569571 0.17366219000973357 0.9238798849245844
vn -0.3410093869569571 0.17366219000973357 0.9238798849245844
vn -0.356778092107296 0.13840528099230626 -0.9238795220079935
vn -0.356778092107296 0.13840528099230626 -0.9238795220079935
vn -0.356778092107296 0.13840528099230626 -0.9238795220079935
vn -0.3567781478039228 0.13840520497045816 -0.9238795118881507
vn -0.3567781478039228 0.13840520497045816 -0.9238795118881507
vn -0.3567781478039228 0.13840520497045816 -0.9238795118881507
vn -0.8613385322840013 0.33413969557672646 -0.38268341568813163
vn -0.8613385322840013 0.33413969557672646 -0.38268341568813163
vn -0.8613385322840013 0.33413969557672646 -0.38268341568813163
vn -0.8613383199500034 0.3341400931259299 -0.38268354648651987
vn -0.8613383199500034 0.3341400931259299 -0.38268354648651987
vn -0.8613383199500034 0.3341400931259299 -0.38268354648651987
vn -0.932305939763069 0.3616706162829662 0
vn -0.932305939763069 0.3616706162829662 0
vn -0.932305939763069 0.3616706162829662 0
vn -0.932305939763069 0.3616706162829662 0
vn -0.932305939763069 0.3616706162829662 0
vn -0.932305939763069 0.3616706162829662 0
vn -0.8613384962980669 0.3341401517739862 0.3826830983561235
vn -0.8613384962980669 0.3341401517739862 0.3826830983561235
vn -0.8613384962980669 0.3341401517739862 0.3826830983561235
vn -0.8613386078544522 0.33413973157267585 0.38268321416531237
vn -0.8613386078544522 0.33413973157267585 0.38268321416531237
vn -0.8613386078544522 0.33413973157267585 0.38268321416531237
vn -0.35677731712919447 0.13840489351644655 0.9238798793310715
vn -0.35677731712919447 0.13840489351644655 0.9238798793310715
vn -0.35677731712919447 0.13840489351644655 0.9238798793310715
vn -0.3567773127143014 0.13840498121074152 0.9238798678986441
vn -0.3567773127143014 0.13840498121074152 0.9238798678986441
vn -0.3567773127143014 0.13840498121074152 0.9238798678986441
vn -0.3682936780817928 0.10395385474036031 -0.9238795174532255
vn -0.3682936780817928 0.10395385474036031 -0.9238795174532255
vn -0.3682936780817928 0.10395385474036031 -0.9238795174532255
vn -0.3682936766555447 0.10395389159069368 -0.9238795138754248
vn -0.3682936766555447 0.10395389159069368 -0.9238795138754248
vn -0.3682936766555447 0.10395389159069368 -0.9238795138754248
vn -0.8891394287986906 0.2509668809692382 -0.38268355179196095
vn -0.8891394287986906 0.2509668809692382 -0.38268355179196095
vn -0.8891394287986906 0.2509668809692382 -0.38268355179196095
vn -0.8891395799623367 0.25096654533917717 -0.3826834206820542
vn -0.8891395799623367 0.25096654533917717 -0.3826834206820542
vn -0.8891395799623367 0.25096654533917717 -0.3826834206820542
vn -0.9623977331695989 0.271644258525774 0
vn -0.9623977331695989 0.271644258525774 0
vn -0.9623977331695989 0.271644258525774 0
vn -0.9623977331695989 0.271644258525774 0
vn -0.9623977331695989 0.271644258525774 0
vn -0.9623977331695989 0.271644258525774 0
vn -0.8891396602689836 0.250966610787123 0.3826831911735619
vn -0.8891396602689836 0.250966610787123 0.3826831911735619
vn -0.8891396602689836 0.250966610787123 0.3826831911735619
vn -0.8891396444692435 0.2509669043507443 0.38268303536178794
vn -0.8891396444692435 0.2509669043507443 0.38268303536178794
vn -0.8891396444692435 0.2509669043507443 0.38268303536178794
vn -0.3682928425340214 0.1039536607196519 0.9238798723650138
vn -0.3682928425340214 0.1039536607196519 0.9238798723650138
vn -0.3682928425340214 0.1039536607196519 0.9238798723650138
vn -0.3682928182003155 0.1039536250103098 0.9238798860832967
vn -0.3682928182003155 0.1039536250103098 0.9238798860832967
vn -0.3682928182003155 0.1039536250103098 0.9238798860832967
vn -0.3759993091674441 0.0712119876633199 -0.9238795226211284
vn -0.3759993091674441 0.0712119876633199 -0.9238795226211284
vn -0.3759993091674441 0.0712119876633199 -0.9238795226211284
vn -0.3759992622746114 0.07121200677822202 -0.9238795402321487
vn -0.3759992622746114 0.07121200677822202 -0.9238795402321487
vn -0.3759992622746114 0.07121200677822202 -0.9238795402321487
vn -0.9077425748390872 0.17192100271211902 -0.3826834026332521
vn -0.9077425748390872 0.17192100271211902 -0.3826834026332521
vn -0.9077425748390872 0.17192100271211902 -0.3826834026332521
vn -0.9077425401808876 0.17192108555502897 -0.38268344762679535
vn -0.9077425401808876 0.17192108555502897 -0.38268344762679535
vn -0.9077425401808876 0.17192108555502897 -0.38268344762679535
vn -0.9825334493931179 0.1860860575746104 0
vn -0.9825334493931179 0.1860860575746104 0
vn -0.9825334493931179 0.1860860575746104 0
vn -0.9825334493931179 0.1860860575746104 0
vn -0.9825334493931179 0.1860860575746104 0
vn -0.9825334493931179 0.1860860575746104 0
vn -0.9077426910958544 0.17192112136221982 0.3826830735629853
vn -0.9077426910958544 0.17192112136221982 0.3826830735629853
vn -0.9077426910958544 0.17192112136221982 0.3826830735629853
vn -0.9077426946960502 0.171921032637107 0.3826831048830665
vn -0.9077426946960502 0.171921032637107 0.3826831048830665
vn -0.9077426946960502 0.171921032637107 0.3826831048830665
vn -0.3759984720339618 0.07121185304748019 0.9238798736922837
vn -0.3759984720339618 0.07121185304748019 0.9238798736922837
vn -0.3759984720339618 0.07121185304748019 0.9238798736922837
vn -0.3759984470434176 0.07121183160705986 0.9238798855154852
vn -0.3759984470434176 0.07121183160705986 0.9238798855154852
vn -0.3759984470434176 0.07121183160705986 0.9238798855154852
vn -0.380505613128678 0.040768458549501216 -0.9238795436446607
vn -0.380505613128678 0.040768458549501216 -0.9238795436446607
vn -0.380505613128678 0.040768458549501216 -0.9238795436446607
vn -0.38050565928063806 0.04076847892769993 -0.9238795237374454
vn -0.38050565928063806 0.04076847892769993 -0.9238795237374454
vn -0.38050565928063806 0.04076847892769993 -0.9238795237374454
vn -0.9186218792113369 0.09842379938185912 -0.3826834184407156
vn -0.9186218792113369 0.09842379938185912 -0.3826834184407156
vn -0.9186218792113369 0.09842379938185912 -0.3826834184407156
vn -0.9186218846004446 0.09842374035461975 -0.3826834206857331
vn -0.9186218846004446 0.09842374035461975 -0.3826834206857331
vn -0.9186218846004446 0.09842374035461975 -0.3826834206857331
vn -0.9943091580913817 0.10653308469958031 0
vn -0.9943091580913817 0.10653308469958031 0
vn -0.9943091580913817 0.10653308469958031 0
vn -0.9943091580913817 0.10653308469958031 0
vn -0.9943091580913817 0.10653308469958031 0
vn -0.9943091580913817 0.10653308469958031 0
vn -0.9186220171099556 0.09842375668080419 0.3826830984008497
vn -0.9186220171099556 0.09842375668080419 0.3826830984008497
vn -0.9186220171099556 0.09842375668080419 0.3826830984008497
vn -0.9186220215239485 0.09842382420895755 0.38268307043732525
vn -0.9186220215239485 0.09842382420895755 0.38268307043732525
vn -0.9186220215239485 0.09842382420895755 0.38268307043732525
vn -0.3805048212990326 0.04076838914395635 0.9238798728269808
vn -0.3805048212990326 0.04076838914395635 0.9238798728269808
vn -0.3805048212990326 0.04076838914395635 0.9238798728269808
vn -0.38050479610055066 0.04076837101077328 0.9238798840052783
vn -0.38050479610055066 0.04076837101077328 0.9238798840052783
vn -0.38050479610055066 0.04076837101077328 0.9238798840052783
vn -0.38246520523691097 0.012921122553670684 -0.9238795437582977
vn -0.38246520523691097 0.012921122553670684 -0.9238795437582977
vn -0.38246520523691097 0.012921122553670684 -0.9238795437582977
vn -0.38246525174116847 0.01292112311792526 -0.9238795244986958
vn -0.38246525174116847 0.01292112311792526 -0.9238795244986958
vn -0.38246525174116847 0.01292112311792526 -0.9238795244986958
vn -0.923352757338267 0.031194349054266678 -0.3826834175959283
vn -0.923352757338267 0.031194349054266678 -0.3826834175959283
vn -0.923352757338267 0.031194349054266678 -0.3826834175959283
vn -0.9233527685664268 0.03119432521920969 -0.3826833924471153
vn -0.9233527685664268 0.03119432521920969 -0.3826833924471153
vn -0.9233527685664268 0.03119432521920969 -0.3826833924471153
vn -0.9994298169670274 0.03376449255141123 0
vn -0.9994298169670274 0.03376449255141123 0
vn -0.9994298169670274 0.03376449255141123 0
vn -0.9994298169670274 0.03376449255141123 0
vn -0.9994298169670274 0.03376449255141123 0
vn -0.9994298169670274 0.03376449255141123 0
vn -0.9233528913399046 0.031194329064911663 0.38268309590107086
vn -0.9233528913399046 0.031194329064911663 0.38268309590107086
vn -0.9233528913399046 0.031194329064911663 0.38268309590107086
vn -0.9233529011194942 0.031194355472335133 0.38268307015189384
vn -0.9233529011194942 0.031194355472335133 0.38268307015189384
vn -0.9233529011194942 0.031194355472335133 0.38268307015189384
vn -0.38246438767719687 0.012921093322473726 0.9238798826178967
vn -0.38246438767719687 0.012921093322473726 0.9238798826178967
vn -0.38246438767719687 0.012921093322473726 0.9238798826178967
vn -0.38246438767259444 0.012921094253640833 0.923879882606779
vn -0.38246438767259444 0.012921094253640833 0.923879882606779
vn -0.38246438767259444 0.012921094253640833 0.923879882606779
vn -0.3826834370613369 0 -0.9238795305660377
vn -0.3826834370613369 0 -0.9238795305660377
vn -0.3826834370613369 0 -0.9238795305660377
vn -0.38268346249921037 0 -0.9238795200293247
vn -0.38268346249921037 0 -0.9238795200293247
vn -0.38268346249921037 0 -0.9238795200293247
vn -0.9238795200293247 0 -0.38268346249921037
vn -0.9238795200293247 0 -0.38268346249921037
vn -0.9238795200293247 0 -0.38268346249921037
vn -0.9238795392949354 0 -0.3826834159879129
vn -0.9238795392949354 0 -0.3826834159879129
vn -0.9238795392949354 0 -0.3826834159879129
vn -1 0 0
vn -1 0 0
vn -1 0 0
vn -1 0 0
vn -1 0 0
vn -1 0 0
vn -0.9238796831932059 0 0.3826830685865544
vn -0.9238796831932059 0 0.3826830685865544
vn -0.9238796831932059 0 0.3826830685865544
vn -0.9238796726565017 0 0.3826830940244355
vn -0.9238796726565017 0 0.3826830940244355
vn -0.9238796726565017 0 0.3826830940244355
vn -0.3826825983601677 0 0.9238798779669956
vn -0.3826825983601677 0 0.9238798779669956
vn -0.3826825983601677 0 0.9238798779669956
vn -0.38268257292227453 0 0.9238798885036886
vn -0.38268257292227453 0 0.9238798885036886
vn -0.38268257292227453 0 0.9238798885036886
vn -0.38183583718701075 -0.025455721858252348 -0.9238795374205286
vn -0.38183583718701075 -0.025455721858252348 -0.9238795374205286
vn -0.38183583718701075 -0.025455721858252348 -0.9238795374205286
vn -0.38183585810513215 -0.02545573442866493 -0.9238795284287962
vn -0.38183585810513215 -0.02545573442866493 -0.9238795284287962
vn -0.38183585810513215 -0.02545573442866493 -0.9238795284287962
vn -0.9218332846836316 -0.06145557814092173 -0.3826834294358087
vn -0.9218332846836316 -0.06145557814092173 -0.3826834294358087
vn -0.9218332846836316 -0.06145557814092173 -0.3826834294358087
vn -0.9218332796574062 -0.061455480948291834 -0.3826834571515791
vn -0.9218332796574062 -0.061455480948291834 -0.3826834571515791
vn -0.9218332796574062 -0.061455480948291834 -0.3826834571515791
vn -0.9977851625049777 -0.06651894079820676 0
vn -0.9977851625049777 -0.06651894079820676 0
vn -0.9977851625049777 -0.06651894079820676 0
vn -0.9977851625049777 -0.06651894079820676 0
vn -0.9977851625049777 -0.06651894079820676 0
vn -0.9977851625049777 -0.06651894079820676 0
vn -0.9218334530734749 -0.06145549176430543 0.3826830376782346
vn -0.9218334530734749 -0.06145549176430543 0.3826830376782346
vn -0.9218334530734749 -0.06145549176430543 0.3826830376782346
vn -0.92183340730327 -0.06145558581885901 0.38268313282832894
vn -0.92183340730327 -0.06145558581885901 0.38268313282832894
vn -0.92183340730327 -0.06145558581885901 0.38268313282832894
vn -0.38183497322061527 -0.025455675312186895 0.9238798957765088
vn -0.38183497322061527 -0.025455675312186895 0.9238798957765088
vn -0.38183497322061527 -0.025455675312186895 0.9238798957765088
vn -0.38183501979505374 -0.0254556671171025 0.9238798767533224
vn -0.38183501979505374 -0.0254556671171025 0.9238798767533224
vn -0.38183501979505374 -0.0254556671171025 0.9238798767533224
vn -0.3728833412103391 -0.08605000926835099 -0.92387954288031
vn -0.3728833412103391 -0.08605000926835099 -0.92387954288031
vn -0.3728833412103391 -0.08605000926835099 -0.92387954288031
vn -0.37288334360097714 -0.08604993531423198 -0.9238795488035073
vn -0.37288334360097714 -0.08604993531423198 -0.9238795488035073
vn -0.37288334360097714 -0.08604993531423198 -0.9238795488035073
vn -0.9002201079780114 -0.20774293219708836 -0.3826834609885999
vn -0.9002201079780114 -0.20774293219708836 -0.3826834609885999
vn -0.9002201079780114 -0.20774293219708836 -0.3826834609885999
vn -0.9002200877373931 -0.20774325535172347 -0.38268333317502706
vn -0.9002200877373931 -0.20774325535172347 -0.38268333317502706
vn -0.9002200877373931 -0.20774325535172347 -0.38268333317502706
vn -0.9743911550094113 -0.22485968300125608 0
vn -0.9743911550094113 -0.22485968300125608 0
vn -0.9743911550094113 -0.22485968300125608 0
vn -0.9743911550094113 -0.22485968300125608 0
vn -0.9743911550094113 -0.22485968300125608 0
vn -0.9743911550094113 -0.22485968300125608 0
vn -0.900220165333307 -0.2077432893058805 0.3826831322068518
vn -0.900220165333307 -0.2077432893058805 0.3826831322068518
vn -0.900220165333307 -0.2077432893058805 0.3826831322068518
vn -0.9002203165729687 -0.2077429849193644 0.3826829416711134
vn -0.9002203165729687 -0.2077429849193644 0.3826829416711134
vn -0.9002203165729687 -0.2077429849193644 0.3826829416711134
vn -0.37288255412781407 -0.08604975255499309 0.9238798844613636
vn -0.37288255412781407 -0.08604975255499309 0.9238798844613636
vn -0.37288255412781407 -0.08604975255499309 0.9238798844613636
vn -0.3728825062620875 -0.08604980054058124 0.9238798993108521
vn -0.3728825062620875 -0.08604980054058124 0.9238798993108521
vn -0.3728825062620875 -0.08604980054058124 0.9238798993108521
vn -0.348382139378445 -0.15835550164348125 -0.9238795484592887
vn -0.348382139378445 -0.15835550164348125 -0.9238795484592887
vn -0.348382139378445 -0.15835550164348125 -0.9238795484592887
vn -0.34838209303941803 -0.1583557460918917 -0.9238795240339265
vn -0.34838209303941803 -0.1583557460918917 -0.9238795240339265
vn -0.34838209303941803 -0.1583557460918917 -0.9238795240339265
vn -0.8410688074566447 -0.3823046102730422 -0.3826832189780926
vn -0.8410688074566447 -0.3823046102730422 -0.3826832189780926
vn -0.8410688074566447 -0.3823046102730422 -0.3826832189780926
vn -0.8410689093410416 -0.382304155363251 -0.38268344951390604
vn -0.8410689093410416 -0.382304155363251 -0.38268344951390604
vn -0.8410689093410416 -0.382304155363251 -0.38268344951390604
vn -0.9103664305137341 -0.41380304758868386 0
vn -0.9103664305137341 -0.41380304758868386 0
vn -0.9103664305137341 -0.41380304758868386 0
vn -0.9103664305137341 -0.41380304758868386 0
vn -0.9103664305137341 -0.41380304758868386 0
vn -0.9103664305137341 -0.41380304758868386 0
vn -0.8410691247594934 -0.38230426140864004 0.38268287012236923
vn -0.8410691247594934 -0.38230426140864004 0.38268287012236923
vn -0.8410691247594934 -0.38230426140864004 0.38268287012236923
vn -0.8410688632662006 -0.382304608547999 0.3826830980420516
vn -0.8410688632662006 -0.382304608547999 0.3826830980420516
vn -0.8410688632662006 -0.382304608547999 0.3826830980420516
vn -0.3483812722985987 -0.1583553662546165 0.9238798986285911
vn -0.3483812722985987 -0.1583553662546165 0.9238798986285911
vn -0.3483812722985987 -0.1583553662546165 0.9238798986285911
vn -0.3483814060888213 -0.15835519406838514 0.9238798776914343
vn -0.3483814060888213 -0.15835519406838514 0.9238798776914343
vn -0.3483814060888213 -0.15835519406838514 0.9238798776914343
vn -0.30207207855795604 -0.23494492515425267 -0.923879505942165
vn -0.30207207855795604 -0.23494492515425267 -0.923879505942165
vn -0.30207207855795604 -0.23494492515425267 -0.923879505942165
vn -0.3020720817305755 -0.2349448829183612 -0.923879515645538
vn -0.3020720817305755 -0.2349448829183612 -0.923879515645538
vn -0.3020720817305755 -0.2349448829183612 -0.923879515645538
vn -0.7292664101050901 -0.5672071018957008 -0.38268342876523215
vn -0.7292664101050901 -0.5672071018957008 -0.38268342876523215
vn -0.7292664101050901 -0.5672071018957008 -0.38268342876523215
vn -0.7292666277742854 -0.5672066685247938 -0.3826836562955446
vn -0.7292666277742854 -0.5672066685247938 -0.3826836562955446
vn -0.7292666277742854 -0.5672066685247938 -0.3826836562955446
vn -0.789352599304399 -0.6139401224642259 0
vn -0.789352599304399 -0.6139401224642259 0
vn -0.789352599304399 -0.6139401224642259 0
vn -0.789352599304399 -0.6139401224642259 0
vn -0.789352599304399 -0.6139401224642259 0
vn -0.789352599304399 -0.6139401224642259 0
vn -0.7292668202057057 -0.5672067983254481 0.38268309719721544
vn -0.7292668202057057 -0.5672067983254481 0.38268309719721544
vn -0.7292668202057057 -0.5672067983254481 0.38268309719721544
vn -0.7292664876169249 -0.5672070562188647 0.3826833487550808
vn -0.7292664876169249 -0.5672070562188647 0.3826833487550808
vn -0.7292664876169249 -0.5672070562188647 0.3826833487550808
vn -0.3020714220561175 -0.23494437314959724 0.923879860968047
vn -0.3020714220561175 -0.23494437314959724 0.923879860968047
vn -0.3020714220561175 -0.23494437314959724 0.923879860968047
vn -0.3020713939156365 -0.23494438934330156 0.9238798660507586
vn -0.3020713939156365 -0.23494438934330156 0.9238798660507586
vn -0.3020713939156365 -0.23494438934330156 0.9238798660507586
vn -0.23494492515425267 -0.30207207855795604 -0.923879505942165
vn -0.23494492515425267 -0.30207207855795604 -0.923879505942165
vn -0.23494492515425267 -0.30207207855795604 -0.923879505942165
vn -0.23494484630078122 -0.3020721921773858 -0.9238794888457319
vn -0.23494484630078122 -0.3020721921773858 -0.9238794888457319
vn -0.23494484630078122 -0.3020721921773858 -0.9238794888457319
vn -0.5672068104092977 -0.7292664781142283 -0.38268373119872906
vn -0.5672068104092977 -0.7292664781142283 -0.38268373119872906
vn -0.5672068104092977 -0.7292664781142283 -0.38268373119872906
vn -0.5672070501163277 -0.729266181747573 -0.38268394068428024
vn -0.5672070501163277 -0.729266181747573 -0.38268394068428024
vn -0.5672070501163277 -0.729266181747573 -0.38268394068428024
vn -0.6139406589061491 -0.7893521820720352 0
vn -0.6139406589061491 -0.7893521820720352 0
vn -0.6139406589061491 -0.7893521820720352 0
vn -0.6139406589061491 -0.7893521820720352 0
vn -0.6139406589061491 -0.7893521820720352 0
vn -0.6139406589061491 -0.7893521820720352 0
vn -0.5672071734481902 -0.7292663658619588 0.3826834070238826
vn -0.5672071734481902 -0.7292663658619588 0.3826834070238826
vn -0.5672071734481902 -0.7292663658619588 0.3826834070238826
vn -0.5672068585271396 -0.7292665229501148 0.3826835744371883
vn -0.5672068585271396 -0.7292665229501148 0.3826835744371883
vn -0.5672068585271396 -0.7292665229501148 0.3826835744371883
vn -0.23494431260491977 -0.30207148045214777 0.9238798572715228
vn -0.23494431260491977 -0.30207148045214777 0.9238798572715228
vn -0.23494431260491977 -0.30207148045214777 0.9238798572715228
vn -0.23494442734906162 -0.3020714449089214 0.9238798397130753
vn -0.23494442734906162 -0.3020714449089214 0.9238798397130753
vn -0.23494442734906162 -0.3020714449089214 0.9238798397130753
vn -0.15835559802821741 -0.34838230374114904 -0.9238794699597644
vn -0.15835559802821741 -0.34838230374114904 -0.9238794699597644
vn -0.15835559802821741 -0.34838230374114904 -0.9238794699597644
vn -0.1583557137486207 -0.34838214705398535 -0.9238795092095181
vn -0.1583557137486207 -0.34838214705398535 -0.9238795092095181
vn -0.1583557137486207 -0.34838214705398535 -0.9238795092095181
vn -0.3823043656395914 -0.8410685553653662 -0.3826840174197576
vn -0.3823043656395914 -0.8410685553653662 -0.3826840174197576
vn -0.3823043656395914 -0.8410685553653662 -0.3826840174197576
vn -0.3823034997120969 -0.8410692073641006 -0.3826834495138333
vn -0.3823034997120969 -0.8410692073641006 -0.3826834495138333
vn -0.3823034997120969 -0.8410692073641006 -0.3826834495138333
vn -0.413802320085329 -0.910366761196826 0
vn -0.413802320085329 -0.910366761196826 0
vn -0.413802320085329 -0.910366761196826 0
vn -0.413802320085329 -0.910366761196826 0
vn -0.413802320085329 -0.910366761196826 0
vn -0.413802320085329 -0.910366761196826 0
vn -0.382303471630474 -0.8410691515450015 0.3826836002478527
vn -0.382303471630474 -0.8410691515450015 0.3826836002478527
vn -0.382303471630474 -0.8410691515450015 0.3826836002478527
vn -0.3823045174030464 -0.8410689190472816 0.38268306650002276
vn -0.3823045174030464 -0.8410689190472816 0.38268306650002276
vn -0.3823045174030464 -0.8410689190472816 0.38268306650002276
vn -0.15835538128166768 -0.34838142158716545 0.9238798397584197
vn -0.15835538128166768 -0.34838142158716545 0.9238798397584197
vn -0.15835538128166768 -0.34838142158716545 0.9238798397584197
vn -0.15835519406838514 -0.3483814060888213 0.9238798776914343
vn -0.15835519406838514 -0.3483814060888213 0.9238798776914343
vn -0.15835519406838514 -0.3483814060888213 0.9238798776914343
vn -0.08605002688522348 -0.3728834125830651 -0.9238795124330119
vn -0.08605002688522348 -0.3728834125830651 -0.9238795124330119
vn -0.08605002688522348 -0.3728834125830651 -0.9238795124330119
vn -0.08604982716637281 -0.3728835678642796 -0.9238794683623196
vn -0.08604982716637281 -0.3728835678642796 -0.9238794683623196
vn -0.08604982716637281 -0.3728835678642796 -0.9238794683623196
vn -0.2077425819676255 -0.9002201946752976 -0.3826834471677523
vn -0.2077425819676255 -0.9002201946752976 -0.3826834471677523
vn -0.2077425819676255 -0.9002201946752976 -0.3826834471677523
vn -0.20774338561500114 -0.9002198326477662 -0.382683862529954
vn -0.20774338561500114 -0.9002198326477662 -0.382683862529954
vn -0.20774338561500114 -0.9002198326477662 -0.382683862529954
vn -0.22485987998120388 -0.9743911095524418 0
vn -0.22485987998120388 -0.9743911095524418 0
vn -0.22485987998120388 -0.9743911095524418 0
vn -0.22485987998120388 -0.9743911095524418 0
vn -0.22485987998120388 -0.9743911095524418 0
vn -0.22485987998120388 -0.9743911095524418 0
vn -0.20774344614461882 -0.9002201346791984 0.3826831191758059
vn -0.20774344614461882 -0.9002201346791984 0.3826831191758059
vn -0.20774344614461882 -0.9002201346791984 0.3826831191758059
vn -0.20774258600670903 -0.9002201525733938 0.3826835440151312
vn -0.20774258600670903 -0.9002201525733938 0.3826835440151312
vn -0.20774258600670903 -0.9002201525733938 0.3826835440151312
vn -0.08604961561256792 -0.3728826610651989 0.9238798540556371
vn -0.08604961561256792 -0.3728826610651989 0.9238798540556371
vn -0.08604961561256792 -0.3728826610651989 0.9238798540556371
vn -0.08604985604805931 -0.37288269960748277 0.9238798161057229
vn -0.08604985604805931 -0.37288269960748277 0.9238798161057229
vn -0.08604985604805931 -0.37288269960748277 0.9238798161057229
vn -0.02545573409239267 -0.381836031874987 -0.9238794566196291
vn -0.02545573409239267 -0.381836031874987 -0.9238794566196291
vn -0.02545573409239267 -0.381836031874987 -0.9238794566196291
vn -0.025456073500095374 -0.38183582935286037 -0.9238795309694718
vn -0.025456073500095374 -0.38183582935286037 -0.9238795309694718
vn -0.025456073500095374 -0.38183582935286037 -0.9238795309694718
vn -0.06145638205712401 -0.921833035067568 -0.3826839016245194
vn -0.06145638205712401 -0.921833035067568 -0.3826839016245194
vn -0.06145638205712401 -0.921833035067568 -0.3826839016245194
vn -0.06145538144622113 -0.9218332958689666 -0.3826834340792105
vn -0.06145538144622113 -0.9218332958689666 -0.3826834340792105
vn -0.06145538144622113 -0.9218332958689666 -0.3826834340792105
vn -0.0665188295340018 -0.9977851699225773 0
vn -0.0665188295340018 -0.9977851699225773 0
vn -0.0665188295340018 -0.9977851699225773 0
vn -0.0665188295340018 -0.9977851699225773 0
vn -0.0665188295340018 -0.9977851699225773 0
vn -0.0665188295340018 -0.9977851699225773 0
vn -0.061455374931441285 -0.9218332540265052 0.38268353591831006
vn -0.061455374931441285 -0.9218332540265052 0.38268353591831006
vn -0.061455374931441285 -0.9218332540265052 0.38268353591831006
vn -0.06145640740037488 -0.9218333816888704 0.3826830625903119
vn -0.06145640740037488 -0.9218333816888704 0.3826830625903119
vn -0.06145640740037488 -0.9218333816888704 0.3826830625903119
vn -0.02545602364419649 -0.38183509269054333 0.923879836802509
vn -0.02545602364419649 -0.38183509269054333 0.923879836802509
vn -0.02545602364419649 -0.38183509269054333 0.923879836802509
vn -0.0254556671171025 -0.38183501979505374 0.9238798767533224
vn -0.0254556671171025 -0.38183501979505374 0.9238798767533224
vn -0.0254556671171025 -0.38183501979505374 0.9238798767533224
vn 0 -0.3826834159879129 -0.9238795392949354
vn 0 -0.3826834159879129 -0.9238795392949354
vn 0 -0.3826834159879129 -0.9238795392949354
vn 0 -0.3826834370613369 -0.9238795305660377
vn 0 -0.3826834370613369 -0.9238795305660377
vn 0 -0.3826834370613369 -0.9238795305660377
vn 0 -0.9238795305660377 -0.3826834370613369
vn 0 -0.9238795305660377 -0.3826834370613369
vn 0 -0.9238795305660377 -0.3826834370613369
vn 0 -0.9238795305660377 -0.3826834370613369
vn 0 -0.9238795305660377 -0.3826834370613369
vn 0 -0.9238795305660377 -0.3826834370613369
vn 0 -1 0
vn 0 -1 0
vn 0 -1 0
vn 0 -1 0
vn 0 -1 0
vn 0 -1 0
vn 0 -0.9238796831932059 0.3826830685865544
vn 0 -0.9238796831932059 0.3826830685865544
vn 0 -0.9238796831932059 0.3826830685865544
vn 0 -0.9238796726565017 0.3826830940244355
vn 0 -0.9238796726565017 0.3826830940244355
vn 0 -0.9238796726565017 0.3826830940244355
vn 0 -0.3826825983601677 0.9238798779669956
vn 0 -0.3826825983601677 0.9238798779669956
vn 0 -0.3826825983601677 0.9238798779669956
vn 0 -0.38268257292227453 0.9238798885036886
vn 0 -0.38268257292227453 0.9238798885036886
vn 0 -0.38268257292227453 0.9238798885036886
f 1/1/1 2/2/2 3/3/3
f 4/4/4 5/5/5 6/6/6
f 7/7/7 8/8/8 9/9/9
f 10/10/10 11/11/11 12/12/12
f 13/13/13 14/14/14 15/15/15
f 16/16/16 17/17/17 18/18/18
f 19/19/19 20/20/20 21/21/21
f 22/22/22 23/23/23 24/24/24
f 25/25/25 26/26/26 27/27/27
f 28/28/28 29/29/29 30/30/30
f 31/31/31 32/32/32 33/33/33
f 34/34/34 35/35/35 36/36/36
f 37/37/37 38/38/38 39/39/39
f 40/40/40 41/41/41 42/42/42
f 43/43/43 44/44/44 45/45/45
f 46/46/46 47/47/47 48/48/48
f 49/49/49 50/50/50 51/51/51
f 52/52/52 53/53/53 54/54/54
f 55/55/55 56/56/56 57/57/57
f 58/58/58 59/59/59 60/60/60
f 61/61/61 62/62/62 63/63/63
f 64/64/64 65/65/65 66/66/66
f 67/67/67 68/68/68 69/69/69
f 70/70/70 71/71/71 72/72/72
f 73/73/73 74/74/74 75/75/75
f 76/76/76 77/77/77 78/78/78
f 79/79/79 80/80/80 81/81/81
f 82/82/82 83/83/83 84/84/84
f 85/85/85 86/86/86 87/87/87
f 88/88/88 89/89/89 90/90/90
f 91/91/91 92/92/92 93/93/93
f 94/94/94 95/95/95 96/96/96
f 97/97/97 98/98/98 99/99/99
f 100/100/100 101/101/101 102/102/102
f 103/103/103 104/104/104 105/105/105
f 106/106/106 107/107/107 108/108/108
f 109/109/109 110/110/110 111/111/111
f 112/112/112 113/113/113 114/114/114
f 115/115/115 116/116/116 117/117/117
f 118/118/118 119/119/119 120/120/120
f 121/121/121 122/122/122 123/123/123
f 124/124/124 125/125/125 126/126/126
f 127/127/127 128/128/128 129/129/129
f 130/130/130 131/131/131 132/132/132
f 133/133/133 134/134/134 135/135/135
f 136/136/136 137/137/137 138/138/138
f 139/139/139 140/140/140 141/141/141
f 142/142/142 143/143/143 144/144/144
f 145/145/145 146/146/146 147/147/147
f 148/148/148 149/149/149 150/150/150
f 151/151/151 152/152/152 153/153/153
f 154/154/154 155/155/155 156/156/156
f 157/157/157 158/158/158 159/159/159
f 160/160/160 161/161/161 162/162/162
f 163/163/163 164/164/164 165/165/165
f 166/166/166 167/167/167 168/168/168
f 169/169/169 170/170/170 171/171/171
f 172/172/172 173/173/173 174/174/174
f 175/175/175 176/176/176 177/177/177
f 178/178/178 179/179/179 180/180/180
f 181/181/181 182/182/182 183/183/183
f 184/184/184 185/185/185 186/186/186
f 187/187/187 188/188/188 189/189/189
f 190/190/190 191/191/191 192/192/192
f 193/193/193 194/194/194 195/195/195
f 196/196/196 197/197/197 198/198/198
f 199/199/199 200/200/200 201/201/201
f 202/202/202 203/203/203 204/204/204
f 205/205/205 206/206/206 207/207/207
f 208/208/208 209/209/209 210/210/210
f 211/211/211 212/212/212 213/213/213
f 214/214/214 215/215/215 216/216/216
f 217/217/217 218/218/218 219/219/219
f 220/220/220 221/221/221 222/222/222
f 223/223/223 224/224/224 225/225/225
f 226/226/226 227/227/227 228/228/228
f 229/229/229 230/230/230 231/231/231
f 232/232/232 233/233/233 234/234/234
f 235/235/235 236/236/236 237/237/237
f 238/238/238 239/239/239 240/240/240
f 241/241/241 242/242/242 243/243/243
f 244/244/244 245/245/245 246/246/246
f 247/247/247 248/248/248 249/249/249
f 250/250/250 251/251/251 252/252/252
f 253/253/253 254/254/254 255/255/255
f 256/256/256 257/257/257 258/258/258
f 259/259/259 260/260/260 261/261/261
f 262/262/262 263/263/263 264/264/264
f 265/265/265 266/266/266 267/267/267
f 268/268/268 269/269/269 270/270/270
f 271/271/271 272/272/272 273/273/273
f 274/274/274 275/275/275 276/276/276
f 277/277/277 278/278/278 279/279/279
f 280/280/280 281/281/281 282/282/282
f 283/283/283 284/284/284 285/285/285
f 286/286/286 287/287/287 288/288/288
f 289/289/289 290/290/290 291/291/291
f 292/292/292 293/293/293 294/294/294
f 295/295/295 296/296/296 297/297/297
f 298/298/298 299/299/299 300/300/300
f 301/301/301 302/302/302 303/303/303
f 304/304/304 305/305/305 306/306/306
f 307/307/307 308/308/308 309/309/309
f 310/310/310 311/311/311 312/312/312
f 313/313/313 314/314/314 315/315/315
f 316/316/316 317/317/317 318/318/318
f 319/319/319 320/320/320 321/321/321
f 322/322/322 323/323/323 324/324/324
f 325/325/325 326/326/326 327/327/327
f 328/328/328 329/329/329 330/330/330
f 331/331/331 332/332/332 333/333/333
f 334/334/334 335/335/335 336/336/336
f 337/337/337 338/338/338 339/339/339
f 340/340/340 341/341/341 342/342/342
f 343/343/343 344/344/344 345/345/345
f 346/346/346 347/347/347 348/348/348
f 349/349/349 350/350/350 351/351/351
f 352/352/352 353/353/353 354/354/354
f 355/355/355 356/356/356 357/357/357
f 358/358/358 359/359/359 360/360/360
f 361/361/361 362/362/362 363/363/363
f 364/364/364 365/365/365 366/366/366
f 367/367/367 368/368/368 369/369/369
f 370/370/370 371/371/371 372/372/372
f 373/373/373 374/374/374 375/375/375
f 376/376/376 377/377/377 378/378/378
f 379/379/379 380/380/380 381/381/381
f 382/382/382 383/383/383 384/384/384
f 385/385/385 386/386/386 387/387/387
f 388/388/388 389/389/389 390/390/390
f 391/391/391 392/392/392 393/393/393
f 394/394/394 395/395/395 396/396/396
f 397/397/397 398/398/398 399/399/399
f 400/400/400 401/401/401 402/402/402
f 403/403/403 404/404/404 405/405/405
f 406/406/406 407/407/407 408/408/408
f 409/409/409 410/410/410 411/411/411
f 412/412/412 413/413/413 414/414/414
f 415/415/415 416/416/416 417/417/417
f 418/418/418 419/419/419 420/420/420
f 421/421/421 422/422/422 423/423/423
f 424/424/424 425/425/425 426/426/426
f 427/427/427 428/428/428 429/429/429
f 430/430/430 431/431/431 432/432/432
f 433/433/433 434/434/434 435/435/435
f 436/436/436 437/437/437 438/438/438
f 439/439/439 440/440/440 441/441/441
f 442/442/442 443/443/443 444/444/444
f 445/445/445 446/446/446 447/447/447
f 448/448/448 449/449/449 450/450/450
f 451/451/451 452/452/452 453/453/453
f 454/454/454 455/455/455 456/456/456
f 457/457/457 458/458/458 459/459/459
f 460/460/460 461/461/461 462/462/462
f 463/463/463 464/464/464 465/465/465
f 466/466/466 467/467/467 468/468/468
f 469/469/469 470/470/470 471/471/471
f 472/472/472 473/473/473 474/474/474
f 475/475/475 476/476/476 477/477/477
f 478/478/478 479/479/479 480/480/480
f 481/481/481 482/482/482 483/483/483
f 484/484/484 485/485/485 486/486/486
f 487/487/487 488/488/488 489/489/489
f 490/490/490 491/491/491 492/492/492
f 493/493/493 494/494/494 495/495/495
f 496/496/496 497/497/497 498/498/498
f 499/499/499 500/500/500 501/501/501
f 502/502/502 503/503/503 504/504/504
f 505/505/505 506/506/506 507/507/507
f 508/508/508 509/509/509 510/510/510
f 511/511/511 512/512/512 513/513/513
f 514/514/514 515/515/515 516/516/516
f 517/517/517 518/518/518 519/519/519
f 520/520/520 521/521/521 522/522/522
f 523/523/523 524/524/524 525/525/525
f 526/526/526 527/527/527 528/528/528
f 529/529/529 530/530/530 531/531/531
f 532/532/532 533/533/533 534/534/534
f 535/535/535 536/536/536 537/537/537
f 538/538/538 539/539/539 540/540/540
f 541/541/541 542/542/542 543/543/543
f 544/544/544 545/545/545 546/546/546
f 547/547/547 548/548/548 549/549/549
f 550/550/550 551/551/551 552/552/552
f 553/553/553 554/554/554 555/555/555
f 556/556/556 557/557/557 558/558/558
f 559/559/559 560/560/560 561/561/561
f 562/562/562 563/563/563 564/564/564
f 565/565/565 566/566/566 567/567/567
f 568/568/568 569/569/569 570/570/570
f 571/571/571 572/572/572 573/573/573
f 574/574/574 575/575/575 576/576/576
f 577/577/577 578/578/578 579/579/579
f 580/580/580 581/581/581 582/582/582
f 583/583/583 584/584/584 585/585/585
f 586/586/586 587/587/587 588/588/588
f 589/589/589 590/590/590 591/591/591
f 592/592/592 593/593/593 594/594/594
f 595/595/595 596/596/596 597/597/597
f 598/598/598 599/599/599 600/600/600
f 601/601/601 602/602/602 603/603/603
f 604/604/604 605/605/605 606/606/606
f 607/607/607 608/608/608 609/609/609
f 610/610/610 611/611/611 612/612/612
f 613/613/613 614/614/614 615/615/615
f 616/616/616 617/617/617 618/618/618
f 619/619/619 620/620/620 621/621/621
f 622/622/622 623/623/623 624/624/624
f 625/625/625 626/626/626 627/627/627
f 628/628/628 629/629/629 630/630/630
f 631/631/631 632/632/632 633/633/633
f 634/634/634 635/635/635 636/636/636
f 637/637/637 638/638/638 639/639/639
f 640/640/640 641/641/641 642/642/642
f 643/643/643 644/644/644 645/645/645
f 646/646/646 647/647/647 648/648/648
f 649/649/649 650/650/650 651/651/651
f 652/652/652 653/653/653 654/654/654
f 655/655/655 656/656/656 657/657/657
f 658/658/658 659/659/659 660/660/660
f 661/661/661 662/662/662 663/663/663
f 664/664/664 665/665/665 666/666/666
f 667/667/667 668/668/668 669/669/669
f 670/670/670 671/671/671 672/672/672
f 673/673/673 674/674/674 675/675/675
f 676/676/676 677/677/677 678/678/678
f 679/679/679 680/680/680 681/681/681
f 682/682/682 683/683/683 684/684/684
f 685/685/685 686/686/686 687/687/687
f 688/688/688 689/689/689 690/690/690
f 691/691/691 692/692/692 693/693/693
f 694/694/694 695/695/695 696/696/696
f 697/697/697 698/698/698 699/699/699
f 700/700/700 701/701/701 702/702/702
f 703/703/703 704/704/704 705/705/705
f 706/706/706 707/707/707 708/708/708
f 709/709/709 710/710/710 711/711/711
f 712/712/712 713/713/713 714/714/714
f 715/715/715 716/716/716 717/717/717
f 718/718/718 719/719/719 720/720/720
f 721/721/721 722/722/722 723/723/723
f 724/724/724 725/725/725 726/726/726
f 727/727/727 728/728/728 729/729/729
f 730/730/730 731/731/731 732/732/732
f 733/733/733 734/734/734 735/735/735
f 736/736/736 737/737/737 738/738/738
f 739/739/739 740/740/740 741/741/741
f 742/742/742 743/743/743 744/744/744
f 745/745/745 746/746/746 747/747/747
f 748/748/748 749/749/749 750/750/750
f 751/751/751 752/752/752 753/753/753
f 754/754/754 755/755/755 756/756/756
f 757/757/757 758/758/758 759/759/759
f 760/760/760 761/761/761 762/762/762
f 763/763/763 764/764/764 765/765/765
f 766/766/766 767/767/767 768/768/768
f 769/769/769 770/770/770 771/771/771
f 772/772/772 773/773/773 774/774/774
f 775/775/775 776/776/776 777/777/777
f 778/778/778 779/779/779 780/780/780
f 781/781/781 782/782/782 783/783/783
f 784/784/784 785/785/785 786/786/786
f 787/787/787 788/788/788 789/789/789
f 790/790/790 791/791/791 792/792/792
f 793/793/793 794/794/794 795/795/795
f 796/796/796 797/797/797 798/798/798
f 799/799/799 800/800/800 801/801/801
f 802/802/802 803/803/803 804/804/804
f 805/805/805 806/806/806 807/807/807
f 808/808/808 809/809/809 810/810/810
f 811/811/811 812/812/812 813/813/813
f 814/814/814 815/815/815 816/816/816
f 817/817/817 818/818/818 819/819/819
f 820/820/820 821/821/821 822/822/822
f 823/823/823 824/824/824 825/825/825
f 826/826/826 827/827/827 828/828/828
f 829/829/829 830/830/830 831/831/831
f 832/832/832 833/833/833 834/834/834
f 835/835/835 836/836/836 837/837/837
f 838/838/838 839/839/839 840/840/840
f 841/841/841 842/842/842 843/843/843
f 844/844/844 845/845/845 846/846/846
f 847/847/847 848/848/848 849/849/849
f 850/850/850 851/851/851 852/852/852
f 853/853/853 854/854/854 855/855/855
f 856/856/856 857/857/857 858/858/858
f 859/859/859 860/860/860 861/861/861
f 862/862/862 863/863/863 864/864/864
f 865/865/865 866/866/866 867/867/867
f 868/868/868 869/869/869 870/870/870
f 871/871/871 872/872/872 873/873/873
f 874/874/874 875/875/875 876/876/876
f 877/877/877 878/878/878 879/879/879
f 880/880/880 881/881/881 882/882/882
f 883/883/883 884/884/884 885/885/885
f 886/886/886 887/887/887 888/888/888
f 889/889/889 890/890/890 891/891/891
f 892/892/892 893/893/893 894/894/894
f 895/895/895 896/896/896 897/897/897
f 898/898/898 899/899/899 900/900/900
f 901/901/901 902/902/902 903/903/903
f 904/904/904 905/905/905 906/906/906
f 907/907/907 908/908/908 909/909/909
f 910/910/910 911/911/911 912/912/912
f 913/913/913 914/914/914 915/915/915
f 916/916/916 917/917/917 918/918/918
f 919/919/919 920/920/920 921/921/921
f 922/922/922 923/923/923 924/924/924
f 925/925/925 926/926/926 927/927/927
f 928/928/928 929/929/929 930/930/930
f 931/931/931 932/932/932 933/933/933
f 934/934/934 935/935/935 936/936/936
f 937/937/937 938/938/938 939/939/939
f 940/940/940 941/941/941 942/942/942
f 943/943/943 944/944/944 945/945/945
f 946/946/946 947/947/947 948/948/948
f 949/949/949 950/950/950 951/951/951
f 952/952/952 953/953/953 954/954/954
f 955/955/955 956/956/956 957/957/957
f 958/958/958 959/959/959 960/960/960
f 961/961/961 962/962/962 963/963/963
f 964/964/964 965/965/965 966/966/966
f 967/967/967 968/968/968 969/969/969
f 970/970/970 971/971/971 972/972/972
f 973/973/973 974/974/974 975/975/975
f 976/976/976 977/977/977 978/978/978
f 979/979/979 980/980/980 981/981/981
f 982/982/982 983/983/983 984/984/984
f 985/985/985 986/986/986 987/987/987
f 988/988/988 989/989/989 990/990/990
f 991/991/991 992/992/992 993/993/993
f 994/994/994 995/995/995 996/996/996
f 997/997/997 998/998/998 999/999/999
f 1000/1000/1000 1001/1001/1001 1002/1002/1002
f 1003/1003/1003 1004/1004/1004 1005/1005/1005
f 1006/1006/1006 1007/1007/1007 1008/1008/1008
f 1009/1009/1009 1010/1010/1010 1011/1011/1011
f 1012/1012/1012 1013/1013/1013 1014/1014/1014
f 1015/1015/1015 1016/1016/1016 1017/1017/1017
f 1018/1018/1018 1019/1019/1019 1020/1020/1020
f 1021/1021/1021 1022/1022/1022 1023/1023/1023
f 1024/1024/1024 1025/1025/1025 1026/1026/1026
f 1027/1027/1027 1028/1028/1028 1029/1029/1029
f 1030/1030/1030 1031/1031/1031 1032/1032/1032
f 1033/1033/1033 1034/1034/1034 1035/1035/1035
f 1036/1036/1036 1037/1037/1037 1038/1038/1038
f 1039/1039/1039 1040/1040/1040 1041/1041/1041
f 1042/1042/1042 1043/1043/1043 1044/1044/1044
f 1045/1045/1045 1046/1046/1046 1047/1047/1047
f 1048/1048/1048 1049/1049/1049 1050/1050/1050
f 1051/1051/1051 1052/1052/1052 1053/1053/1053
f 1054/1054/1054 1055/1055/1055 1056/1056/1056
f 1057/1057/1057 1058/1058/1058 1059/1059/1059
f 1060/1060/1060 1061/1061/1061 1062/1062/1062
f 1063/1063/1063 1064/1064/1064 1065/1065/1065
f 1066/1066/1066 1067/1067/1067 1068/1068/1068
f 1069/1069/1069 1070/1070/1070 1071/1071/1071
f 1072/1072/1072 1073/1073/1073 1074/1074/1074
f 1075/1075/1075 1076/1076/1076 1077/1077/1077
f 1078/1078/1078 1079/1079/1079 1080/1080/1080
f 1081/1081/1081 1082/1082/1082 1083/1083/1083
f 1084/1084/1084 1085/1085/1085 1086/1086/1086
f 1087/1087/1087 1088/1088/1088 1089/1089/1089
f 1090/1090/1090 1091/1091/1091 1092/1092/1092
f 1093/1093/1093 1094/1094/1094 1095/1095/1095
f 1096/1096/1096 1097/1097/1097 1098/1098/1098
f 1099/1099/1099 1100/1100/1100 1101/1101/1101
f 1102/1102/1102 1103/1103/1103 1104/1104/1104
f 1105/1105/1105 1106/1106/1106 1107/1107/1107
f 1108/1108/1108 1109/1109/1109 1110/1110/1110
f 1111/1111/1111 1112/1112/1112 1113/1113/1113
f 1114/1114/1114 1115/1115/1115 1116/1116/1116
f 1117/1117/1117 1118/1118/1118 1119/1119/1119
f 1120/1120/1120 1121/1121/1121 1122/1122/1122
f 1123/1123/1123 1124/1124/1124 1125/1125/1125
f 1126/1126/1126 1127/1127/1127 1128/1128/1128
f 1129/1129/1129 1130/1130/1130 1131/1131/1131
f 1132/1132/1132 1133/1133/1133 1134/1134/1134
f 1135/1135/1135 1136/1136/1136 1137/1137/1137
f 1138/1138/1138 1139/1139/1139 1140/1140/1140
f 1141/1141/1141 1142/1142/1142 1143/1143/1143
f 1144/1144/1144 1145/1145/1145 1146/1146/1146
f 1147/1147/1147 1148/1148/1148 1149/1149/1149
f 1150/1150/1150 1151/1151/1151 1152/1152/1152
f 1153/1153/1153 1154/1154/1154 1155/1155/1155
f 1156/1156/1156 1157/1157/1157 1158/1158/1158
f 1159/1159/1159 1160/1160/1160 1161/1161/1161
f 1162/1162/1162 1163/1163/1163 1164/1164/1164
f 1165/1165/1165 1166/1166/1166 1167/1167/1167
f 1168/1168/1168 1169/1169/1169 1170/1170/1170
f 1171/1171/1171 1172/1172/1172 1173/1173/1173
f 1174/1174/1174 1175/1175/1175 1176/1176/1176
f 1177/1177/1177 1178/1178/1178 1179/1179/1179
f 1180/1180/1180 1181/1181/1181 1182/1182/1182
f 1183/1183/1183 1184/1184/1184 1185/1185/1185
f 1186/1186/1186 1187/1187/1187 1188/1188/1188
f 1189/1189/1189 1190/1190/1190 1191/1191/1191
f 1192/1192/1192 1193/1193/1193 1194/1194/1194
f 1195/1195/1195 1196/1196/1196 1197/1197/1197
f 1198/1198/1198 1199/1199/1199 1200/1200/1200
f 1201/1201/1201 1202/1202/1202 1203/1203/1203
f 1204/1204/1204 1205/1205/1205 1206/1206/1206
f 1207/1207/1207 1208/1208/1208 1209/1209/1209
f 1210/1210/1210 1211/1211/1211 1212/1212/1212
f 1213/1213/1213 1214/1214/1214 1215/1215/1215
f 1216/1216/1216 1217/1217/1217 1218/1218/1218
f 1219/1219/1219 1220/1220/1220 1221/1221/1221
f 1222/1222/1222 1223/1223/1223 1224/1224/1224
f 1225/1225/1225 1226/1226/1226 1227/1227/1227
f 1228/1228/1228 1229/1229/1229 1230/1230/1230
f 1231/1231/1231 1232/1232/1232 1233/1233/1233
f 1234/1234/1234 1235/1235/1235 1236/1236/1236
f 1237/1237/1237 1238/1238/1238 1239/1239/1239
f 1240/1240/1240 1241/1241/1241 1242/1242/1242
f 1243/1243/1243 1244/1244/1244 1245/1245/1245
f 1246/1246/1246 1247/1247/1247 1248/1248/1248
f 1249/1249/1249 1250/1250/1250 1251/1251/1251
f 1252/1252/1252 1253/1253/1253 1254/1254/1254
f 1255/1255/1255 1256/1256/1256 1257/1257/1257
f 1258/1258/1258 1259/1259/1259 1260/1260/1260
f 1261/1261/1261 1262/1262/1262 1263/1263/1263
f 1264/1264/1264 1265/1265/1265 1266/1266/1266
f 1267/1267/1267 1268/1268/1268 1269/1269/1269
f 1270/1270/1270 1271/1271/1271 1272/1272/1272
f 1273/1273/1273 1274/1274/1274 1275/1275/1275
f 1276/1276/1276 1277/1277/1277 1278/1278/1278
f 1279/1279/1279 1280/1280/1280 1281/1281/1281
f 1282/1282/1282 1283/1283/1283 1284/1284/1284
f 1285/1285/1285 1286/1286/1286 1287/1287/1287
f 1288/1288/1288 1289/1289/1289 1290/1290/1290
f 1291/1291/1291 1292/1292/1292 1293/1293/1293
f 1294/1294/1294 1295/1295/1295 1296/1296/1296
f 1297/1297/1297 1298/1298/1298 1299/1299/1299
f 1300/1300/1300 1301/1301/1301 1302/1302/1302
f 1303/1303/1303 1304/1304/1304 1305/1305/1305
f 1306/1306/1306 1307/1307/1307 1308/1308/1308
f 1309/1309/1309 1310/1310/1310 1311/1311/1311
f 1312/1312/1312 1313/1313/1313 1314/1314/1314
f 1315/1315/1315 1316/1316/1316 1317/1317/1317
f 1318/1318/1318 1319/1319/1319 1320/1320/1320
f 1321/1321/1321 1322/1322/1322 1323/1323/1323
f 1324/1324/1324 1325/1325/1325 1326/1326/1326
f 1327/1327/1327 1328/1328/1328 1329/1329/1329
f 1330/1330/1330 1331/1331/1331 1332/1332/1332
f 1333/1333/1333 1334/1334/1334 1335/1335/1335
f 1336/1336/1336 1337/1337/1337 1338/1338/1338
f 1339/1339/1339 1340/1340/1340 1341/1341/1341
f 1342/1342/1342 1343/1343/1343 1344/1344/1344
f 1345/1345/1345 1346/1346/1346 1347/1347/1347
f 1348/1348/1348 1349/1349/1349 1350/1350/1350
f 1351/1351/1351 1352/1352/1352 1353/1353/1353
f 1354/1354/1354 1355/1355/1355 1356/1356/1356
f 1357/1357/1357 1358/1358/1358 1359/1359/1359
f 1360/1360/1360 1361/1361/1361 1362/1362/1362
f 1363/1363/1363 1364/1364/1364 1365/1365/1365
f 1366/1366/1366 1367/1367/1367 1368/1368/1368
f 1369/1369/1369 1370/1370/1370 1371/1371/1371
f 1372/1372/1372 1373/1373/1373 1374/1374/1374
f 1375/1375/1375 1376/1376/1376 1377/1377/1377
f 1378/1378/1378 1379/1379/1379 1380/1380/1380
f 1381/1381/1381 1382/1382/1382 1383/1383/1383
f 1384/1384/1384 1385/1385/1385 1386/1386/1386
f 1387/1387/1387 1388/1388/1388 1389/1389/1389
f 1390/1390/1390 1391/1391/1391 1392/1392/1392
f 1393/1393/1393 1394/1394/1394 1395/1395/1395
f 1396/1396/1396 1397/1397/1397 1398/1398/1398
f 1399/1399/1399 1400/1400/1400 1401/1401/1401
f 1402/1402/1402 1403/1403/1403 1404/1404/1404
f 1405/1405/1405 1406/1406/1406 1407/1407/1407
f 1408/1408/1408 1409/1409/1409 1410/1410/1410
f 1411/1411/1411 1412/1412/1412 1413/1413/1413
f 1414/1414/1414 1415/1415/1415 1416/1416/1416
f 1417/1417/1417 1418/1418/1418 1419/1419/1419
f 1420/1420/1420 1421/1421/1421 1422/1422/1422
f 1423/1423/1423 1424/1424/1424 1425/1425/1425
f 1426/1426/1426 1427/1427/1427 1428/1428/1428
f 1429/1429/1429 1430/1430/1430 1431/1431/1431
f 1432/1432/1432 1433/1433/1433 1434/1434/1434
f 1435/1435/1435 1436/1436/1436 1437/1437/1437
f 1438/1438/1438 1439/1439/1439 1440/1440/1440
f 1441/1441/1441 1442/1442/1442 1443/1443/1443
f 1444/1444/1444 1445/1445/1445 1446/1446/1446
f 1447/1447/1447 1448/1448/1448 1449/1449/1449
f 1450/1450/1450 1451/1451/1451 1452/1452/1452
f 1453/1453/1453 1454/1454/1454 1455/1455/1455
f 1456/1456/1456 1457/1457/1457 1458/1458/1458
f 1459/1459/1459 1460/1460/1460 1461/1461/1461
f 1462/1462/1462 1463/1463/1463 1464/1464/1464
f 1465/1465/1465 1466/1466/1466 1467/1467/1467
f 1468/1468/1468 1469/1469/1469 1470/1470/1470
f 1471/1471/1471 1472/1472/1472 1473/1473/1473
f 1474/1474/1474 1475/1475/1475 1476/1476/1476
f 1477/1477/1477 1478/1478/1478 1479/1479/1479
f 1480/1480/1480 1481/1481/1481 1482/1482/1482
f 1483/1483/1483 1484/1484/1484 1485/1485/1485
f 1486/1486/1486 1487/1487/1487 1488/1488/1488
f 1489/1489/1489 1490/1490/1490 1491/1491/1491
f 1492/1492/1492 1493/1493/1493 1494/1494/1494
f 1495/1495/1495 1496/1496/1496 1497/1497/1497
f 1498/1498/1498 1499/1499/1499 1500/1500/1500
f 1501/1501/1501 1502/1502/1502 1503/1503/1503
f 1504/1504/1504 1505/1505/1505 1506/1506/1506
f 1507/1507/1507 1508/1508/1508 1509/1509/1509
f 1510/1510/1510 1511/1511/1511 1512/1512/1512
f 1513/1513/1513 1514/1514/1514 1515/1515/1515
f 1516/1516/1516 1517/1517/1517 1518/1518/1518
f 1519/1519/1519 1520/1520/1520 1521/1521/1521
f 1522/1522/1522 1523/1523/1523 1524/1524/1524
f 1525/1525/1525 1526/1526/1526 1527/1527/1527
f 1528/1528/1528 1529/1529/1529 1530/1530/1530
f 1531/1531/1531 1532/1532/1532 1533/1533/1533
f 1534/1534/1534 1535/1535/1535 1536/1536/1536
f 1537/1537/1537 1538/1538/1538 1539/1539/1539
f 1540/1540/1540 1541/1541/1541 1542/1542/1542
f 1543/1543/1543 1544/1544/1544 1545/1545/1545
f 1546/1546/1546 1547/1547/1547 1548/1548/1548
f 1549/1549/1549 1550/1550/1550 1551/1551/1551
f 1552/1552/1552 1553/1553/1553 1554/1554/1554
f 1555/1555/1555 1556/1556/1556 1557/1557/1557
f 1558/1558/1558 1559/1559/1559 1560/1560/1560
f 1561/1561/1561 1562/1562/1562 1563/1563/1563
f 1564/1564/1564 1565/1565/1565 1566/1566/1566
f 1567/1567/1567 1568/1568/1568 1569/1569/1569
f 1570/1570/1570 1571/1571/1571 1572/1572/1572
f 1573/1573/1573 1574/1574/1574 1575/1575/1575
f 1576/1576/1576 1577/1577/1577 1578/1578/1578
f 1579/1579/1579 1580/1580/1580 1581/1581/1581
f 1582/1582/1582 1583/1583/1583 1584/1584/1584
f 1585/1585/1585 1586/1586/1586 1587/1587/1587
f 1588/1588/1588 1589/1589/1589 1590/1590/1590
f 1591/1591/1591 1592/1592/1592 1593/1593/1593
f 1594/1594/1594 1595/1595/1595 1596/1596/1596
f 1597/1597/1597 1598/1598/1598 1599/1599/1599
f 1600/1600/1600 1601/1601/1601 1602/1602/1602
f 1603/1603/1603 1604/1604/1604 1605/1605/1605
f 1606/1606/1606 1607/1607/1607 1608/1608/1608
f 1609/1609/1609 1610/1610/1610 1611/1611/1611
f 1612/1612/1612 1613/1613/1613 1614/1614/1614
f 1615/1615/1615 1616/1616/1616 1617/1617/1617
f 1618/1618/1618 1619/1619/1619 1620/1620/1620
f 1621/1621/1621 1622/1622/1622 1623/1623/1623
f 1624/1624/1624 1625/1625/1625 1626/1626/1626
f 1627/1627/1627 1628/1628/1628 1629/1629/1629
f 1630/1630/1630 1631/1631/1631 1632/1632/1632
f 1633/1633/1633 1634/1634/1634 1635/1635/1635
f 1636/1636/1636 1637/1637/1637 1638/1638/1638
f 1639/1639/1639 1640/1640/1640 1641/1641/1641
f 1642/1642/1642 1643/1643/1643 1644/1644/1644
f 1645/1645/1645 1646/1646/1646 1647/1647/1647
f 1648/1648/1648 1649/1649/1649 1650/1650/1650
f 1651/1651/1651 1652/1652/1652 1653/1653/1653
f 1654/1654/1654 1655/1655/1655 1656/1656/1656
f 1657/1657/1657 1658/1658/1658 1659/1659/1659
f 1660/1660/1660 1661/1661/1661 1662/1662/1662
f 1663/1663/1663 1664/1664/1664 1665/1665/1665
f 1666/1666/1666 1667/1667/1667 1668/1668/1668
f 1669/1669/1669 1670/1670/1670 1671/1671/1671
f 1672/1672/1672 1673/1673/1673 1674/1674/1674
f 1675/1675/1675 1676/1676/1676 1677/1677/1677
f 1678/1678/1678 1679/1679/1679 1680/1680/1680
f 1681/1681/1681 1682/1682/1682 1683/1683/1683
f 1684/1684/1684 1685/1685/1685 1686/1686/1686
f 1687/1687/1687 1688/1688/1688 1689/1689/1689
f 1690/1690/1690 1691/1691/1691 1692/1692/1692
f 1693/1693/1693 1694/1694/1694 1695/1695/1695
f 1696/1696/1696 1697/1697/1697 1698/1698/1698
f 1699/1699/1699 1700/1700/1700 1701/1701/1701
f 1702/1702/1702 1703/1703/1703 1704/1704/1704
f 1705/1705/1705 1706/1706/1706 1707/1707/1707
f 1708/1708/1708 1709/1709/1709 1710/1710/1710
f 1711/1711/1711 1712/1712/1712 1713/1713/1713
f 1714/1714/1714 1715/1715/1715 1716/1716/1716
f 1717/1717/1717 1718/1718/1718 1719/1719/1719
f 1720/1720/1720 1721/1721/1721 1722/1722/1722
f 1723/1723/1723 1724/1724/1724 1725/1725/1725
f 1726/1726/1726 1727/1727/1727 1728/1728/1728
f 1729/1729/1729 1730/1730/1730 1731/1731/1731
f 1732/1732/1732 1733/1733/1733 1734/1734/1734
f 1735/1735/1735 1736/1736/1736 1737/1737/1737
f 1738/1738/1738 1739/1739/1739 1740/1740/1740
f 1741/1741/1741 1742/1742/1742 1743/1743/1743
f 1744/1744/1744 1745/1745/1745 1746/1746/1746
f 1747/1747/1747 1748/1748/1748 1749/1749/1749
f 1750/1750/1750 1751/1751/1751 1752/1752/1752
f 1753/1753/1753 1754/1754/1754 1755/1755/1755
f 1756/1756/1756 1757/1757/1757 1758/1758/1758
f 1759/1759/1759 1760/1760/1760 1761/1761/1761
f 1762/1762/1762 1763/1763/1763 1764/1764/1764
f 1765/1765/1765 1766/1766/1766 1767/1767/1767
f 1768/1768/1768 1769/1769/1769 1770/1770/1770
f 1771/1771/1771 1772/1772/1772 1773/1773/1773
f 1774/1774/1774 1775/1775/1775 1776/1776/1776
f 1777/1777/1777 1778/1778/1778 1779/1779/1779
f 1780/1780/1780 1781/1781/1781 1782/1782/1782
f 1783/1783/1783 1784/1784/1784 1785/1785/1785
f 1786/1786/1786 1787/1787/1787 1788/1788/1788
f 1789/1789/1789 1790/1790/1790 1791/1791/1791
f 1792/1792/1792 1793/1793/1793 1794/1794/1794
f 1795/1795/1795 1796/1796/1796 1797/1797/1797
f 1798/1798/1798 1799/1799/1799 1800/1800/1800
f 1801/1801/1801 1802/1802/1802 1803/1803/1803
f 1804/1804/1804 1805/1805/1805 1806/1806/1806
f 1807/1807/1807 1808/1808/1808 1809/1809/1809
f 1810/1810/1810 1811/1811/1811 1812/1812/1812
f 1813/1813/1813 1814/1814/1814 1815/1815/1815
f 1816/1816/1816 1817/1817/1817 1818/1818/1818
f 1819/1819/1819 1820/1820/1820 1821/1821/1821
f 1822/1822/1822 1823/1823/1823 1824/1824/1824
f 1825/1825/1825 1826/1826/1826 1827/1827/1827
f 1828/1828/1828 1829/1829/1829 1830/1830/1830
f 1831/1831/1831 1832/1832/1832 1833/1833/1833
f 1834/1834/1834 1835/1835/1835 1836/1836/1836
f 1837/1837/1837 1838/1838/1838 1839/1839/1839
f 1840/1840/1840 1841/1841/1841 1842/1842/1842
f 1843/1843/1843 1844/1844/1844 1845/1845/1845
f 1846/1846/1846 1847/1847/1847 1848/1848/1848
f 1849/1849/1849 1850/1850/1850 1851/1851/1851
f 1852/1852/1852 1853/1853/1853 1854/1854/1854
f 1855/1855/1855 1856/1856/1856 1857/1857/1857
f 1858/1858/1858 1859/1859/1859 1860/1860/1860
f 1861/1861/1861 1862/1862/1862 1863/1863/1863
f 1864/1864/1864 1865/1865/1865 1866/1866/1866
f 1867/1867/1867 1868/1868/1868 1869/1869/1869
f 1870/1870/1870 1871/1871/1871 1872/1872/1872
f 1873/1873/1873 1874/1874/1874 1875/1875/1875
f 1876/1876/1876 1877/1877/1877 1878/1878/1878
f 1879/1879/1879 1880/1880/1880 1881/1881/1881
f 1882/1882/1882 1883/1883/1883 1884/1884/1884
f 1885/1885/1885 1886/1886/1886 1887/1887/1887
f 1888/1888/1888 1889/1889/1889 1890/1890/1890
f 1891/1891/1891 1892/1892/1892 1893/1893/1893
f 1894/1894/1894 1895/1895/1895 1896/1896/1896
f 1897/1897/1897 1898/1898/1898 1899/1899/1899
f 1900/1900/1900 1901/1901/1901 1902/1902/1902
f 1903/1903/1903 1904/1904/1904 1905/1905/1905
f 1906/1906/1906 1907/1907/1907 1908/1908/1908
f 1909/1909/1909 1910/1910/1910 1911/1911/1911
f 1912/1912/1912 1913/1913/1913 1914/1914/1914
f 1915/1915/1915 1916/1916/1916 1917/1917/1917
f 1918/1918/1918 1919/1919/1919 1920/1920/1920
f 1921/1921/1921 1922/1922/1922 1923/1923/1923
f 1924/1924/1924 1925/1925/1925 1926/1926/1926
f 1927/1927/1927 1928/1928/1928 1929/1929/1929
f 1930/1930/1930 1931/1931/1931 1932/1932/1932
f 1933/1933/1933 1934/1934/1934 1935/1935/1935
f 1936/1936/1936 1937/1937/1937 1938/1938/1938
f 1939/1939/1939 1940/1940/1940 1941/1941/1941
f 1942/1942/1942 1943/1943/1943 1944/1944/1944
f 1945/1945/1945 1946/1946/1946 1947/1947/1947
f 1948/1948/1948 1949/1949/1949 1950/1950/1950
f 1951/1951/1951 1952/1952/1952 1953/1953/1953
f 1954/1954/1954 1955/1955/1955 1956/1956/1956
f 1957/1957/1957 1958/1958/1958 1959/1959/1959
f 1960/1960/1960 1961/1961/1961 1962/1962/1962
f 1963/1963/1963 1964/1964/1964 1965/1965/1965
f 1966/1966/1966 1967/1967/1967 1968/1968/1968
f 1969/1969/1969 1970/1970/1970 1971/1971/1971
f 1972/1972/1972 1973/1973/1973 1974/1974/1974
f 1975/1975/1975 1976/1976/1976 1977/1977/1977
f 1978/1978/1978 1979/1979/1979 1980/1980/1980
f 1981/1981/1981 1982/1982/1982 1983/1983/1983
f 1984/1984/1984 1985/1985/1985 1986/1986/1986
f 1987/1987/1987 1988/1988/1988 1989/1989/1989
f 1990/1990/1990 1991/1991/1991 1992/1992/1992
f 1993/1993/1993 1994/1994/1994 1995/1995/1995
f 1996/1996/1996 1997/1997/1997 1998/1998/1998
f 1999/1999/1999 2000/2000/2000 2001/2001/2001
f 2002/2002/2002 2003/2003/2003 2004/2004/2004
f 2005/2005/2005 2006/2006/2006 2007/2007/2007
f 2008/2008/2008 2009/2009/2009 2010/2010/2010
f 2011/2011/2011 2012/2012/2012 2013/2013/2013
f 2014/2014/2014 2015/2015/2015 2016/2016/2016
f 2017/2017/2017 2018/2018/2018 2019/2019/2019
f 2020/2020/2020 2021/2021/2021 2022/2022/2022
f 2023/2023/2023 2024/2024/2024 2025/2025/2025
f 2026/2026/2026 2027/2027/2027 2028/2028/2028
f 2029/2029/2029 2030/2030/2030 2031/2031/2031
f 2032/2032/2032 2033/2033/2033 2034/2034/2034
f 2035/2035/2035 2036/2036/2036 2037/2037/2037
f 2038/2038/2038 2039/2039/2039 2040/2040/2040
f 2041/2041/2041 2042/2042/2042 2043/2043/2043
f 2044/2044/2044 2045/2045/2045 2046/2046/2046
f 2047/2047/2047 2048/2048/2048 2049/2049/2049
f 2050/2050/2050 2051/2051/2051 2052/2052/2052
f 2053/2053/2053 2054/2054/2054 2055/2055/2055
f 2056/2056/2056 2057/2057/2057 2058/2058/2058
f 2059/2059/2059 2060/2060/2060 2061/2061/2061
f 2062/2062/2062 2063/2063/2063 2064/2064/2064
f 2065/2065/2065 2066/2066/2066 2067/2067/2067
f 2068/2068/2068 2069/2069/2069 2070/2070/2070
f 2071/2071/2071 2072/2072/2072 2073/2073/2073
f 2074/2074/2074 2075/2075/2075 2076/2076/2076
f 2077/2077/2077 2078/2078/2078 2079/2079/2079
f 2080/2080/2080 2081/2081/2081 2082/2082/2082
f 2083/2083/2083 2084/2084/2084 2085/2085/2085
f 2086/2086/2086 2087/2087/2087 2088/2088/2088
f 2089/2089/2089 2090/2090/2090 2091/2091/2091
f 2092/2092/2092 2093/2093/2093 2094/2094/2094
f 2095/2095/2095 2096/2096/2096 2097/2097/2097
f 2098/2098/2098 2099/2099/2099 2100/2100/2100
f 2101/2101/2101 2102/2102/2102 2103/2103/2103
f 2104/2104/2104 2105/2105/2105 2106/2106/2106
f 2107/2107/2107 2108/2108/2108 2109/2109/2109
f 2110/2110/2110 2111/2111/2111 2112/2112/2112
f 2113/2113/2113 2114/2114/2114 2115/2115/2115
f 2116/2116/2116 2117/2117/2117 2118/2118/2118
f 2119/2119/2119 2120/2120/2120 2121/2121/2121
f 2122/2122/2122 2123/2123/2123 2124/2124/2124
f 2125/2125/2125 2126/2126/2126 2127/2127/2127
f 2128/2128/2128 2129/2129/2129 2130/2130/2130
f 2131/2131/2131 2132/2132/2132 2133/2133/2133
f 2134/2134/2134 2135/2135/2135 2136/2136/2136
f 2137/2137/2137 2138/2138/2138 2139/2139/2139
f 2140/2140/2140 2141/2141/2141 2142/2142/2142
f 2143/2143/2143 2144/2144/2144 2145/2145/2145
f 2146/2146/2146 2147/2147/2147 2148/2148/2148
f 2149/2149/2149 2150/2150/2150 2151/2151/2151
f 2152/2152/2152 2153/2153/2153 2154/2154/2154
f 2155/2155/2155 2156/2156/2156 2157/2157/2157
f 2158/2158/2158 2159/2159/2159 2160/2160/2160
f 2161/2161/2161 2162/2162/2162 2163/2163/2163
f 2164/2164/2164 2165/2165/2165 2166/2166/2166
f 2167/2167/2167 2168/2168/2168 2169/2169/2169
f 2170/2170/2170 2171/2171/2171 2172/2172/2172
f 2173/2173/2173 2174/2174/2174 2175/2175/2175
f 2176/2176/2176 2177/2177/2177 2178/2178/2178
f 2179/2179/2179 2180/2180/2180 2181/2181/2181
f 2182/2182/2182 2183/2183/2183 2184/2184/2184
f 2185/2185/2185 2186/2186/2186 2187/2187/2187
f 2188/2188/2188 2189/2189/2189 2190/2190/2190
f 2191/2191/2191 2192/2192/2192 2193/2193/2193
f 2194/2194/2194 2195/2195/2195 2196/2196/2196
f 2197/2197/2197 2198/2198/2198 2199/2199/2199
f 2200/2200/2200 2201/2201/2201 2202/2202/2202
f 2203/2203/2203 2204/2204/2204 2205/2205/2205
f 2206/2206/2206 2207/2207/2207 2208/2208/2208
f 2209/2209/2209 2210/2210/2210 2211/2211/2211
f 2212/2212/2212 2213/2213/2213 2214/2214/2214
f 2215/2215/2215 2216/2216/2216 2217/2217/2217
f 2218/2218/2218 2219/2219/2219 2220/2220/2220
f 2221/2221/2221 2222/2222/2222 2223/2223/2223
f 2224/2224/2224 2225/2225/2225 2226/2226/2226
f 2227/2227/2227 2228/2228/2228 2229/2229/2229
f 2230/2230/2230 2231/2231/2231 2232/2232/2232
f 2233/2233/2233 2234/2234/2234 2235/2235/2235
f 2236/2236/2236 2237/2237/2237 2238/2238/2238
f 2239/2239/2239 2240/2240/2240 2241/2241/2241
f 2242/2242/2242 2243/2243/2243 2244/2244/2244
f 2245/2245/2245 2246/2246/2246 2247/2247/2247
f 2248/2248/2248 2249/2249/2249 2250/2250/2250
f 2251/2251/2251 2252/2252/2252 2253/2253/2253
f 2254/2254/2254 2255/2255/2255 2256/2256/2256
f 2257/2257/2257 2258/2258/2258 2259/2259/2259
f 2260/2260/2260 2261/2261/2261 2262/2262/2262
f 2263/2263/2263 2264/2264/2264 2265/2265/2265
f 2266/2266/2266 2267/2267/2267 2268/2268/2268
f 2269/2269/2269 2270/2270/2270 2271/2271/2271
f 2272/2272/2272 2273/2273/2273 2274/2274/2274
f 2275/2275/2275 2276/2276/2276 2277/2277/2277
f 2278/2278/2278 2279/2279/2279 2280/2280/2280
f 2281/2281/2281 2282/2282/2282 2283/2283/2283
f 2284/2284/2284 2285/2285/2285 2286/2286/2286
f 2287/2287/2287 2288/2288/2288 2289/2289/2289
f 2290/2290/2290 2291/2291/2291 2292/2292/2292
f 2293/2293/2293 2294/2294/2294 2295/2295/2295
f 2296/2296/2296 2297/2297/2297 2298/2298/2298
f 2299/2299/2299 2300/2300/2300 2301/2301/2301
f 2302/2302/2302 2303/2303/2303 2304/2304/2304
f 2305/2305/2305 2306/2306/2306 2307/2307/2307
f 2308/2308/2308 2309/2309/2309 2310/2310/2310
f 2311/2311/2311 2312/2312/2312 2313/2313/2313
f 2314/2314/2314 2315/2315/2315 2316/2316/2316
f 2317/2317/2317 2318/2318/2318 2319/2319/2319
f 2320/2320/2320 2321/2321/2321 2322/2322/2322
f 2323/2323/2323 2324/2324/2324 2325/2325/2325
f 2326/2326/2326 2327/2327/2327 2328/2328/2328
f 2329/2329/2329 2330/2330/2330 2331/2331/2331
f 2332/2332/2332 2333/2333/2333 2334/2334/2334
f 2335/2335/2335 2336/2336/2336 2337/2337/2337
f 2338/2338/2338 2339/2339/2339 2340/2340/2340
f 2341/2341/2341 2342/2342/2342 2343/2343/2343
f 2344/2344/2344 2345/2345/2345 2346/2346/2346
f 2347/2347/2347 2348/2348/2348 2349/2349/2349
f 2350/2350/2350 2351/2351/2351 2352/2352/2352
f 2353/2353/2353 2354/2354/2354 2355/2355/2355
f 2356/2356/2356 2357/2357/2357 2358/2358/2358
f 2359/2359/2359 2360/2360/2360 2361/2361/2361
f 2362/2362/2362 2363/2363/2363 2364/2364/2364
f 2365/2365/2365 2366/2366/2366 2367/2367/2367
f 2368/2368/2368 2369/2369/2369 2370/2370/2370
f 2371/2371/2371 2372/2372/2372 2373/2373/2373
f 2374/2374/2374 2375/2375/2375 2376/2376/2376
f 2377/2377/2377 2378/2378/2378 2379/2379/2379
f 2380/2380/2380 2381/2381/2381 2382/2382/2382
f 2383/2383/2383 2384/2384/2384 2385/2385/2385
f 2386/2386/2386 2387/2387/2387 2388/2388/2388
f 2389/2389/2389 2390/2390/2390 2391/2391/2391
f 2392/2392/2392 2393/2393/2393 2394/2394/2394
f 2395/2395/2395 2396/2396/2396 2397/2397/2397
f 2398/2398/2398 2399/2399/2399 2400/2400/2400
f 2401/2401/2401 2402/2402/2402 2403/2403/2403
f 2404/2404/2404 2405/2405/2405 2406/2406/2406
f 2407/2407/2407 2408/2408/2408 2409/2409/2409
f 2410/2410/2410 2411/2411/2411 2412/2412/2412
f 2413/2413/2413 2414/2414/2414 2415/2415/2415
f 2416/2416/2416 2417/2417/2417 2418/2418/2418
f 2419/2419/2419 2420/2420/2420 2421/2421/2421
f 2422/2422/2422 2423/2423/2423 2424/2424/2424
f 2425/2425/2425 2426/2426/2426 2427/2427/2427
f 2428/2428/2428 2429/2429/2429 2430/2430/2430
f 2431/2431/2431 2432/2432/2432 2433/2433/2433
f 2434/2434/2434 2435/2435/2435 2436/2436/2436
f 2437/2437/2437 2438/2438/2438 2439/2439/2439
f 2440/2440/2440 2441/2441/2441 2442/2442/2442
f 2443/2443/2443 2444/2444/2444 2445/2445/2445
f 2446/2446/2446 2447/2447/2447 2448/2448/2448
f 2449/2449/2449 2450/2450/2450 2451/2451/2451
f 2452/2452/2452 2453/2453/2453 2454/2454/2454
f 2455/2455/2455 2456/2456/2456 2457/2457/2457
f 2458/2458/2458 2459/2459/2459 2460/2460/2460
f 2461/2461/2461 2462/2462/2462 2463/2463/2463
f 2464/2464/2464 2465/2465/2465 2466/2466/2466
f 2467/2467/2467 2468/2468/2468 2469/2469/2469
f 2470/2470/2470 2471/2471/2471 2472/2472/2472
f 2473/2473/2473 2474/2474/2474 2475/2475/2475
f 2476/2476/2476 2477/2477/2477 2478/2478/2478
f 2479/2479/2479 2480/2480/2480 2481/2481/2481
f 2482/2482/2482 2483/2483/2483 2484/2484/2484
f 2485/2485/2485 2486/2486/2486 2487/2487/2487
f 2488/2488/2488 2489/2489/2489 2490/2490/2490
f 2491/2491/2491 2492/2492/2492 2493/2493/2493
f 2494/2494/2494 2495/2495/2495 2496/2496/2496
f 2497/2497/2497 2498/2498/2498 2499/2499/2499
f 2500/2500/2500 2501/2501/2501 2502/2502/2502
f 2503/2503/2503 2504/2504/2504 2505/2505/2505
f 2506/2506/2506 2507/2507/2507 2508/2508/2508
f 2509/2509/2509 2510/2510/2510 2511/2511/2511
f 2512/2512/2512 2513/2513/2513 2514/2514/2514
f 2515/2515/2515 2516/2516/2516 2517/2517/2517
f 2518/2518/2518 2519/2519/2519 2520/2520/2520
f 2521/2521/2521 2522/2522/2522 2523/2523/2523
f 2524/2524/2524 2525/2525/2525 2526/2526/2526
f 2527/2527/2527 2528/2528/2528 2529/2529/2529
f 2530/2530/2530 2531/2531/2531 2532/2532/2532
f 2533/2533/2533 2534/2534/2534 2535/2535/2535
f 2536/2536/2536 2537/2537/2537 2538/2538/2538
f 2539/2539/2539 2540/2540/2540 2541/2541/2541
f 2542/2542/2542 2543/2543/2543 2544/2544/2544
