mtllib jaro-letter-t.mtl
o T
usemtl plastic
v 2.279513 -19.708738 -2.873884
v -2.292576 -19.708738 -2.873884
v -2.369117 -19.703635 -2.873884
v 2.422390 -19.688327 -2.873884
v 2.356054 -19.703635 -2.873884
v 2.279513 -19.708738 -2.873884
v 2.524446 -19.627093 -2.873884
v 2.478521 -19.662813 -2.873884
v 2.422390 -19.688327 -2.873884
v 2.585679 -19.525038 -2.873884
v 2.560166 -19.581168 -2.873884
v 2.524446 -19.627093 -2.873884
v 2.606091 -19.382160 -2.873884
v 2.600988 -19.458702 -2.873884
v 2.585679 -19.525038 -2.873884
v 4.367774 -7.149986 -2.873884
v 4.291232 -7.155088 -2.873884
v 2.606091 -7.155088 -2.873884
v 4.490240 -7.109164 -2.873884
v 4.434110 -7.134678 -2.873884
v 4.367774 -7.149986 -2.873884
v 4.571884 -7.027519 -2.873884
v 4.536165 -7.073445 -2.873884
v 4.490240 -7.109164 -2.873884
v 4.612707 -6.905052 -2.873884
v 4.597398 -6.971388 -2.873884
v 4.571884 -7.027519 -2.873884
v 4.617809 -2.622190 -2.873884
v 4.617809 -6.828511 -2.873884
v 4.612707 -6.905052 -2.873884
v 4.597398 -2.479311 -2.873884
v 4.612707 -2.545647 -2.873884
v 4.617809 -2.622190 -2.873884
v 4.536165 -2.377256 -2.873884
v 4.571884 -2.423182 -2.873884
v 4.597398 -2.479311 -2.873884
v 4.434110 -2.316022 -2.873884
v 4.490240 -2.341537 -2.873884
v 4.536165 -2.377256 -2.873884
v 4.291232 -2.295612 -2.873884
v 4.367774 -2.300715 -2.873884
v 4.434110 -2.316022 -2.873884
v -4.367773 -2.300715 -2.873884
v -4.291232 -2.295612 -2.873884
v 4.291232 -2.295612 -2.873884
v -4.490240 -2.341537 -2.873884
v -4.434109 -2.316022 -2.873884
v -4.367773 -2.300715 -2.873884
v -4.571884 -2.423182 -2.873884
v -4.536165 -2.377256 -2.873884
v -4.490240 -2.341537 -2.873884
v -4.612706 -2.545647 -2.873884
v -4.597398 -2.479311 -2.873884
v -4.571884 -2.423182 -2.873884
v -4.617809 -6.828511 -2.873884
v -4.617809 -2.622190 -2.873884
v -4.612706 -2.545647 -2.873884
v -4.597398 -6.971388 -2.873884
v -4.612706 -6.905052 -2.873884
v -4.617809 -6.828511 -2.873884
v -4.536165 -7.073445 -2.873884
v -4.571884 -7.027519 -2.873884
v -4.597398 -6.971388 -2.873884
v -4.434109 -7.134678 -2.873884
v -4.490240 -7.109164 -2.873884
v -4.536165 -7.073445 -2.873884
v -4.291232 -7.155088 -2.873884
v -4.367773 -7.149986 -2.873884
v -4.434109 -7.134678 -2.873884
v -2.614051 -19.458702 -2.873884
v -2.619153 -19.382160 -2.873884
v -2.619153 -7.155088 -2.873884
v -2.573228 -19.581168 -2.873884
v -2.598742 -19.525038 -2.873884
v -2.614051 -19.458702 -2.873884
v -2.491584 -19.662813 -2.873884
v -2.537509 -19.627093 -2.873884
v -2.573228 -19.581168 -2.873884
v -2.369117 -19.703635 -2.873884
v -2.435453 -19.688327 -2.873884
v -2.491584 -19.662813 -2.873884
v 2.422390 -19.688327 -2.873884
v 2.279513 -19.708738 -2.873884
v -2.369117 -19.703635 -2.873884
v 2.585679 -19.525038 -2.873884
v 2.524446 -19.627093 -2.873884
v 2.422390 -19.688327 -2.873884
v 2.606091 -7.155088 -2.873884
v 2.606091 -19.382160 -2.873884
v 2.585679 -19.525038 -2.873884
v 4.490240 -7.109164 -2.873884
v 4.367774 -7.149986 -2.873884
v 2.606091 -7.155088 -2.873884
v 4.612707 -6.905052 -2.873884
v 4.571884 -7.027519 -2.873884
v 4.490240 -7.109164 -2.873884
v 4.597398 -2.479311 -2.873884
v 4.617809 -2.622190 -2.873884
v 4.612707 -6.905052 -2.873884
v 4.434110 -2.316022 -2.873884
v 4.536165 -2.377256 -2.873884
v 4.597398 -2.479311 -2.873884
v -4.367773 -2.300715 -2.873884
v 4.291232 -2.295612 -2.873884
v 4.434110 -2.316022 -2.873884
v -4.571884 -2.423182 -2.873884
v -4.490240 -2.341537 -2.873884
v -4.367773 -2.300715 -2.873884
v -4.617809 -6.828511 -2.873884
v -4.612706 -2.545647 -2.873884
v -4.571884 -2.423182 -2.873884
v -4.536165 -7.073445 -2.873884
v -4.597398 -6.971388 -2.873884
v -4.617809 -6.828511 -2.873884
v -4.291232 -7.155088 -2.873884
v -4.434109 -7.134678 -2.873884
v -4.536165 -7.073445 -2.873884
v -2.573228 -19.581168 -2.873884
v -2.614051 -19.458702 -2.873884
v -2.619153 -7.155088 -2.873884
v -2.369117 -19.703635 -2.873884
v -2.491584 -19.662813 -2.873884
v -2.573228 -19.581168 -2.873884
v 2.585679 -19.525038 -2.873884
v 2.422390 -19.688327 -2.873884
v -2.369117 -19.703635 -2.873884
v 4.612707 -6.905052 -2.873884
v 4.490240 -7.109164 -2.873884
v 2.606091 -7.155088 -2.873884
v 4.434110 -2.316022 -2.873884
v 4.597398 -2.479311 -2.873884
v 4.612707 -6.905052 -2.873884
v -4.571884 -2.423182 -2.873884
v -4.367773 -2.300715 -2.873884
v 4.434110 -2.316022 -2.873884
v -4.536165 -7.073445 -2.873884
v -4.617809 -6.828511 -2.873884
v -4.571884 -2.423182 -2.873884
v -2.619153 -7.155088 -2.873884
v -4.291232 -7.155088 -2.873884
v -4.536165 -7.073445 -2.873884
v -2.369117 -19.703635 -2.873884
v -2.573228 -19.581168 -2.873884
v -2.619153 -7.155088 -2.873884
v 2.606091 -7.155088 -2.873884
v 2.585679 -19.525038 -2.873884
v -2.369117 -19.703635 -2.873884
v 4.434110 -2.316022 -2.873884
v 4.612707 -6.905052 -2.873884
v 2.606091 -7.155088 -2.873884
v -4.536165 -7.073445 -2.873884
v -4.571884 -2.423182 -2.873884
v 4.434110 -2.316022 -2.873884
v 2.606091 -7.155088 -2.873884
v -2.369117 -19.703635 -2.873884
v -2.619153 -7.155088 -2.873884
v -4.536165 -7.073445 -2.873884
v 4.434110 -2.316022 -2.873884
v 2.606091 -7.155088 -2.873884
v 2.606091 -7.155088 -2.873884
v -2.619153 -7.155088 -2.873884
v -4.536165 -7.073445 -2.873884
v -2.369117 -19.703635 2.873884
v -2.292576 -19.708738 2.873884
v 2.279513 -19.708738 2.873884
v 2.279513 -19.708738 2.873884
v 2.356054 -19.703635 2.873884
v 2.422390 -19.688327 2.873884
v 2.422390 -19.688327 2.873884
v 2.478521 -19.662813 2.873884
v 2.524446 -19.627093 2.873884
v 2.524446 -19.627093 2.873884
v 2.560166 -19.581168 2.873884
v 2.585679 -19.525038 2.873884
v 2.585679 -19.525038 2.873884
v 2.600988 -19.458702 2.873884
v 2.606091 -19.382160 2.873884
v 2.606091 -7.155088 2.873884
v 4.291232 -7.155088 2.873884
v 4.367774 -7.149986 2.873884
v 4.367774 -7.149986 2.873884
v 4.434110 -7.134678 2.873884
v 4.490240 -7.109164 2.873884
v 4.490240 -7.109164 2.873884
v 4.536165 -7.073445 2.873884
v 4.571884 -7.027519 2.873884
v 4.571884 -7.027519 2.873884
v 4.597398 -6.971388 2.873884
v 4.612707 -6.905052 2.873884
v 4.612707 -6.905052 2.873884
v 4.617809 -6.828511 2.873884
v 4.617809 -2.622190 2.873884
v 4.617809 -2.622190 2.873884
v 4.612707 -2.545647 2.873884
v 4.597398 -2.479311 2.873884
v 4.597398 -2.479311 2.873884
v 4.571884 -2.423182 2.873884
v 4.536165 -2.377256 2.873884
v 4.536165 -2.377256 2.873884
v 4.490240 -2.341537 2.873884
v 4.434110 -2.316022 2.873884
v 4.434110 -2.316022 2.873884
v 4.367774 -2.300715 2.873884
v 4.291232 -2.295612 2.873884
v 4.291232 -2.295612 2.873884
v -4.291232 -2.295612 2.873884
v -4.367773 -2.300715 2.873884
v -4.367773 -2.300715 2.873884
v -4.434109 -2.316022 2.873884
v -4.490240 -2.341537 2.873884
v -4.490240 -2.341537 2.873884
v -4.536165 -2.377256 2.873884
v -4.571884 -2.423182 2.873884
v -4.571884 -2.423182 2.873884
v -4.597398 -2.479311 2.873884
v -4.612706 -2.545647 2.873884
v -4.612706 -2.545647 2.873884
v -4.617809 -2.622190 2.873884
v -4.617809 -6.828511 2.873884
v -4.617809 -6.828511 2.873884
v -4.612706 -6.905052 2.873884
v -4.597398 -6.971388 2.873884
v -4.597398 -6.971388 2.873884
v -4.571884 -7.027519 2.873884
v -4.536165 -7.073445 2.873884
v -4.536165 -7.073445 2.873884
v -4.490240 -7.109164 2.873884
v -4.434109 -7.134678 2.873884
v -4.434109 -7.134678 2.873884
v -4.367773 -7.149986 2.873884
v -4.291232 -7.155088 2.873884
v -2.619153 -7.155088 2.873884
v -2.619153 -19.382160 2.873884
v -2.614051 -19.458702 2.873884
v -2.614051 -19.458702 2.873884
v -2.598742 -19.525038 2.873884
v -2.573228 -19.581168 2.873884
v -2.573228 -19.581168 2.873884
v -2.537509 -19.627093 2.873884
v -2.491584 -19.662813 2.873884
v -2.491584 -19.662813 2.873884
v -2.435453 -19.688327 2.873884
v -2.369117 -19.703635 2.873884
v -2.369117 -19.703635 2.873884
v 2.279513 -19.708738 2.873884
v 2.422390 -19.688327 2.873884
v 2.422390 -19.688327 2.873884
v 2.524446 -19.627093 2.873884
v 2.585679 -19.525038 2.873884
v 2.585679 -19.525038 2.873884
v 2.606091 -19.382160 2.873884
v 2.606091 -7.155088 2.873884
v 2.606091 -7.155088 2.873884
v 4.367774 -7.149986 2.873884
v 4.490240 -7.109164 2.873884
v 4.490240 -7.109164 2.873884
v 4.571884 -7.027519 2.873884
v 4.612707 -6.905052 2.873884
v 4.612707 -6.905052 2.873884
v 4.617809 -2.622190 2.873884
v 4.597398 -2.479311 2.873884
v 4.597398 -2.479311 2.873884
v 4.536165 -2.377256 2.873884
v 4.434110 -2.316022 2.873884
v 4.434110 -2.316022 2.873884
v 4.291232 -2.295612 2.873884
v -4.367773 -2.300715 2.873884
v -4.367773 -2.300715 2.873884
v -4.490240 -2.341537 2.873884
v -4.571884 -2.423182 2.873884
v -4.571884 -2.423182 2.873884
v -4.612706 -2.545647 2.873884
v -4.617809 -6.828511 2.873884
v -4.617809 -6.828511 2.873884
v -4.597398 -6.971388 2.873884
v -4.536165 -7.073445 2.873884
v -4.536165 -7.073445 2.873884
v -4.434109 -7.134678 2.873884
v -4.291232 -7.155088 2.873884
v -2.619153 -7.155088 2.873884
v -2.614051 -19.458702 2.873884
v -2.573228 -19.581168 2.873884
v -2.573228 -19.581168 2.873884
v -2.491584 -19.662813 2.873884
v -2.369117 -19.703635 2.873884
v -2.369117 -19.703635 2.873884
v 2.422390 -19.688327 2.873884
v 2.585679 -19.525038 2.873884
v 2.606091 -7.155088 2.873884
v 4.490240 -7.109164 2.873884
v 4.612707 -6.905052 2.873884
v 4.612707 -6.905052 2.873884
v 4.597398 -2.479311 2.873884
v 4.434110 -2.316022 2.873884
v 4.434110 -2.316022 2.873884
v -4.367773 -2.300715 2.873884
v -4.571884 -2.423182 2.873884
v -4.571884 -2.423182 2.873884
v -4.617809 -6.828511 2.873884
v -4.536165 -7.073445 2.873884
v -4.536165 -7.073445 2.873884
v -4.291232 -7.155088 2.873884
v -2.619153 -7.155088 2.873884
v -2.619153 -7.155088 2.873884
v -2.573228 -19.581168 2.873884
v -2.369117 -19.703635 2.873884
v -2.369117 -19.703635 2.873884
v 2.585679 -19.525038 2.873884
v 2.606091 -7.155088 2.873884
v 2.606091 -7.155088 2.873884
v 4.612707 -6.905052 2.873884
v 4.434110 -2.316022 2.873884
v 4.434110 -2.316022 2.873884
v -4.571884 -2.423182 2.873884
v -4.536165 -7.073445 2.873884
v -2.619153 -7.155088 2.873884
v -2.369117 -19.703635 2.873884
v 2.606091 -7.155088 2.873884
v 2.606091 -7.155088 2.873884
v 4.434110 -2.316022 2.873884
v -4.536165 -7.073445 2.873884
v -4.536165 -7.073445 2.873884
v -2.619153 -7.155088 2.873884
v 2.606091 -7.155088 2.873884
v 2.279513 -19.708738 -2.873884
v 2.356054 -19.703635 -2.873884
v 2.285664 -19.893478 -2.797362
v 2.356054 -19.703635 -2.873884
v 2.383142 -19.886979 -2.797362
v 2.285664 -19.893478 -2.797362
v 2.285664 -19.893478 -2.797362
v 2.383142 -19.886979 -2.797362
v 2.288212 -19.970000 -2.612622
v 2.383142 -19.886979 -2.797362
v 2.394363 -19.962923 -2.612622
v 2.288212 -19.970000 -2.612622
v 2.288212 -19.970000 -2.612622
v 2.394363 -19.962923 -2.612622
v 2.288212 -19.970000 2.612622
v 2.394363 -19.962923 -2.612622
v 2.394363 -19.962923 2.612622
v 2.288212 -19.970000 2.612622
v 2.288212 -19.970000 2.612622
v 2.394363 -19.962923 2.612622
v 2.285664 -19.893478 2.797363
v 2.394363 -19.962923 2.612622
v 2.383142 -19.886979 2.797363
v 2.285664 -19.893478 2.797363
v 2.285664 -19.893478 2.797363
v 2.383142 -19.886979 2.797363
v 2.279513 -19.708738 2.873884
v 2.383142 -19.886979 2.797363
v 2.356054 -19.703635 2.873884
v 2.279513 -19.708738 2.873884
v 2.356054 -19.703635 -2.873884
v 2.422390 -19.688327 -2.873884
v 2.383142 -19.886979 -2.797362
v 2.422390 -19.688327 -2.873884
v 2.481976 -19.864172 -2.797362
v 2.383142 -19.886979 -2.797362
v 2.383142 -19.886979 -2.797362
v 2.481976 -19.864172 -2.797362
v 2.394363 -19.962923 -2.612622
v 2.481976 -19.864172 -2.797362
v 2.506658 -19.937009 -2.612622
v 2.394363 -19.962923 -2.612622
v 2.394363 -19.962923 -2.612622
v 2.506658 -19.937009 -2.612622
v 2.394363 -19.962923 2.612622
v 2.506658 -19.937009 -2.612622
v 2.506658 -19.937009 2.612622
v 2.394363 -19.962923 2.612622
v 2.394363 -19.962923 2.612622
v 2.506658 -19.937009 2.612622
v 2.383142 -19.886979 2.797363
v 2.506658 -19.937009 2.612622
v 2.481976 -19.864172 2.797363
v 2.383142 -19.886979 2.797363
v 2.383142 -19.886979 2.797363
v 2.481976 -19.864172 2.797363
v 2.356054 -19.703635 2.873884
v 2.481976 -19.864172 2.797363
v 2.422390 -19.688327 2.873884
v 2.356054 -19.703635 2.873884
v 2.422390 -19.688327 -2.873884
v 2.478521 -19.662813 -2.873884
v 2.481976 -19.864172 -2.797362
v 2.478521 -19.662813 -2.873884
v 2.574770 -19.821993 -2.797362
v 2.481976 -19.864172 -2.797362
v 2.481976 -19.864172 -2.797362
v 2.574770 -19.821993 -2.797362
v 2.506658 -19.937009 -2.612622
v 2.574770 -19.821993 -2.797362
v 2.614638 -19.887927 -2.612622
v 2.506658 -19.937009 -2.612622
v 2.506658 -19.937009 -2.612622
v 2.614638 -19.887927 -2.612622
v 2.506658 -19.937009 2.612622
v 2.614638 -19.887927 -2.612622
v 2.614638 -19.887927 2.612622
v 2.506658 -19.937009 2.612622
v 2.506658 -19.937009 2.612622
v 2.614638 -19.887927 2.612622
v 2.481976 -19.864172 2.797363
v 2.614638 -19.887927 2.612622
v 2.574770 -19.821993 2.797363
v 2.481976 -19.864172 2.797363
v 2.481976 -19.864172 2.797363
v 2.574770 -19.821993 2.797363
v 2.422390 -19.688327 2.873884
v 2.574770 -19.821993 2.797363
v 2.478521 -19.662813 2.873884
v 2.422390 -19.688327 2.873884
v 2.478521 -19.662813 -2.873884
v 2.524446 -19.627093 -2.873884
v 2.574770 -19.821993 -2.797362
v 2.524446 -19.627093 -2.873884
v 2.656094 -19.758741 -2.797362
v 2.574770 -19.821993 -2.797362
v 2.574770 -19.821993 -2.797362
v 2.656094 -19.758741 -2.797362
v 2.614638 -19.887927 -2.612622
v 2.656094 -19.758741 -2.797362
v 2.710624 -19.813271 -2.612622
v 2.614638 -19.887927 -2.612622
v 2.614638 -19.887927 -2.612622
v 2.710624 -19.813271 -2.612622
v 2.614638 -19.887927 2.612622
v 2.710624 -19.813271 -2.612622
v 2.710624 -19.813271 2.612622
v 2.614638 -19.887927 2.612622
v 2.614638 -19.887927 2.612622
v 2.710624 -19.813271 2.612622
v 2.574770 -19.821993 2.797363
v 2.710624 -19.813271 2.612622
v 2.656094 -19.758741 2.797363
v 2.574770 -19.821993 2.797363
v 2.574770 -19.821993 2.797363
v 2.656094 -19.758741 2.797363
v 2.478521 -19.662813 2.873884
v 2.656094 -19.758741 2.797363
v 2.524446 -19.627093 2.873884
v 2.478521 -19.662813 2.873884
v 2.524446 -19.627093 -2.873884
v 2.560166 -19.581168 -2.873884
v 2.656094 -19.758741 -2.797362
v 2.560166 -19.581168 -2.873884
v 2.719346 -19.677417 -2.797362
v 2.656094 -19.758741 -2.797362
v 2.656094 -19.758741 -2.797362
v 2.719346 -19.677417 -2.797362
v 2.710624 -19.813271 -2.612622
v 2.719346 -19.677417 -2.797362
v 2.785280 -19.717285 -2.612622
v 2.710624 -19.813271 -2.612622
v 2.710624 -19.813271 -2.612622
v 2.785280 -19.717285 -2.612622
v 2.710624 -19.813271 2.612622
v 2.785280 -19.717285 -2.612622
v 2.785280 -19.717285 2.612622
v 2.710624 -19.813271 2.612622
v 2.710624 -19.813271 2.612622
v 2.785280 -19.717285 2.612622
v 2.656094 -19.758741 2.797363
v 2.785280 -19.717285 2.612622
v 2.719346 -19.677417 2.797363
v 2.656094 -19.758741 2.797363
v 2.656094 -19.758741 2.797363
v 2.719346 -19.677417 2.797363
v 2.524446 -19.627093 2.873884
v 2.719346 -19.677417 2.797363
v 2.560166 -19.581168 2.873884
v 2.524446 -19.627093 2.873884
v 2.560166 -19.581168 -2.873884
v 2.585679 -19.525038 -2.873884
v 2.719346 -19.677417 -2.797362
v 2.585679 -19.525038 -2.873884
v 2.761524 -19.584624 -2.797362
v 2.719346 -19.677417 -2.797362
v 2.719346 -19.677417 -2.797362
v 2.761524 -19.584624 -2.797362
v 2.785280 -19.717285 -2.612622
v 2.761524 -19.584624 -2.797362
v 2.834362 -19.609305 -2.612622
v 2.785280 -19.717285 -2.612622
v 2.785280 -19.717285 -2.612622
v 2.834362 -19.609305 -2.612622
v 2.785280 -19.717285 2.612622
v 2.834362 -19.609305 -2.612622
v 2.834362 -19.609305 2.612622
v 2.785280 -19.717285 2.612622
v 2.785280 -19.717285 2.612622
v 2.834362 -19.609305 2.612622
v 2.719346 -19.677417 2.797363
v 2.834362 -19.609305 2.612622
v 2.761524 -19.584624 2.797363
v 2.719346 -19.677417 2.797363
v 2.719346 -19.677417 2.797363
v 2.761524 -19.584624 2.797363
v 2.560166 -19.581168 2.873884
v 2.761524 -19.584624 2.797363
v 2.585679 -19.525038 2.873884
v 2.560166 -19.581168 2.873884
v 2.585679 -19.525038 -2.873884
v 2.600988 -19.458702 -2.873884
v 2.761524 -19.584624 -2.797362
v 2.600988 -19.458702 -2.873884
v 2.784332 -19.485790 -2.797362
v 2.761524 -19.584624 -2.797362
v 2.761524 -19.584624 -2.797362
v 2.784332 -19.485790 -2.797362
v 2.834362 -19.609305 -2.612622
v 2.784332 -19.485790 -2.797362
v 2.860276 -19.497010 -2.612622
v 2.834362 -19.609305 -2.612622
v 2.834362 -19.609305 -2.612622
v 2.860276 -19.497010 -2.612622
v 2.834362 -19.609305 2.612622
v 2.860276 -19.497010 -2.612622
v 2.860276 -19.497010 2.612622
v 2.834362 -19.609305 2.612622
v 2.834362 -19.609305 2.612622
v 2.860276 -19.497010 2.612622
v 2.761524 -19.584624 2.797363
v 2.860276 -19.497010 2.612622
v 2.784332 -19.485790 2.797363
v 2.761524 -19.584624 2.797363
v 2.761524 -19.584624 2.797363
v 2.784332 -19.485790 2.797363
v 2.585679 -19.525038 2.873884
v 2.784332 -19.485790 2.797363
v 2.600988 -19.458702 2.873884
v 2.585679 -19.525038 2.873884
v 2.600988 -19.458702 -2.873884
v 2.606091 -19.382160 -2.873884
v 2.784332 -19.485790 -2.797362
v 2.606091 -19.382160 -2.873884
v 2.790831 -19.388311 -2.797362
v 2.784332 -19.485790 -2.797362
v 2.784332 -19.485790 -2.797362
v 2.790831 -19.388311 -2.797362
v 2.860276 -19.497010 -2.612622
v 2.790831 -19.388311 -2.797362
v 2.867353 -19.390859 -2.612622
v 2.860276 -19.497010 -2.612622
v 2.860276 -19.497010 -2.612622
v 2.867353 -19.390859 -2.612622
v 2.860276 -19.497010 2.612622
v 2.867353 -19.390859 -2.612622
v 2.867353 -19.390859 2.612622
v 2.860276 -19.497010 2.612622
v 2.860276 -19.497010 2.612622
v 2.867353 -19.390859 2.612622
v 2.784332 -19.485790 2.797363
v 2.867353 -19.390859 2.612622
v 2.790831 -19.388311 2.797363
v 2.784332 -19.485790 2.797363
v 2.784332 -19.485790 2.797363
v 2.790831 -19.388311 2.797363
v 2.600988 -19.458702 2.873884
v 2.790831 -19.388311 2.797363
v 2.606091 -19.382160 2.873884
v 2.600988 -19.458702 2.873884
v 2.606091 -19.382160 -2.873884
v 2.606091 -7.155088 -2.873884
v 2.790831 -19.388311 -2.797362
v 2.606091 -7.155088 -2.873884
v 2.790831 -7.339829 -2.797362
v 2.790831 -19.388311 -2.797362
v 2.790831 -19.388311 -2.797362
v 2.790831 -7.339829 -2.797362
v 2.867353 -19.390859 -2.612622
v 2.790831 -7.339829 -2.797362
v 2.867353 -7.416351 -2.612622
v 2.867353 -19.390859 -2.612622
v 2.867353 -19.390859 -2.612622
v 2.867353 -7.416351 -2.612622
v 2.867353 -19.390859 2.612622
v 2.867353 -7.416351 -2.612622
v 2.867353 -7.416351 2.612622
v 2.867353 -19.390859 2.612622
v 2.867353 -19.390859 2.612622
v 2.867353 -7.416351 2.612622
v 2.790831 -19.388311 2.797363
v 2.867353 -7.416351 2.612622
v 2.790831 -7.339829 2.797363
v 2.790831 -19.388311 2.797363
v 2.790831 -19.388311 2.797363
v 2.790831 -7.339829 2.797363
v 2.606091 -19.382160 2.873884
v 2.790831 -7.339829 2.797363
v 2.606091 -7.155088 2.873884
v 2.606091 -19.382160 2.873884
v 2.606091 -7.155088 -2.873884
v 4.291232 -7.155088 -2.873884
v 2.790831 -7.339829 -2.797362
v 4.291232 -7.155088 -2.873884
v 4.297383 -7.339829 -2.797362
v 2.790831 -7.339829 -2.797362
v 2.790831 -7.339829 -2.797362
v 4.297383 -7.339829 -2.797362
v 2.867353 -7.416351 -2.612622
v 4.297383 -7.339829 -2.797362
v 4.299931 -7.416351 -2.612622
v 2.867353 -7.416351 -2.612622
v 2.867353 -7.416351 -2.612622
v 4.299931 -7.416351 -2.612622
v 2.867353 -7.416351 2.612622
v 4.299931 -7.416351 -2.612622
v 4.299931 -7.416351 2.612622
v 2.867353 -7.416351 2.612622
v 2.867353 -7.416351 2.612622
v 4.299931 -7.416351 2.612622
v 2.790831 -7.339829 2.797363
v 4.299931 -7.416351 2.612622
v 4.297383 -7.339829 2.797363
v 2.790831 -7.339829 2.797363
v 2.790831 -7.339829 2.797363
v 4.297383 -7.339829 2.797363
v 2.606091 -7.155088 2.873884
v 4.297383 -7.339829 2.797363
v 4.291232 -7.155088 2.873884
v 2.606091 -7.155088 2.873884
v 4.291232 -7.155088 -2.873884
v 4.367774 -7.149986 -2.873884
v 4.297383 -7.339829 -2.797362
v 4.367774 -7.149986 -2.873884
v 4.394861 -7.333330 -2.797362
v 4.297383 -7.339829 -2.797362
v 4.297383 -7.339829 -2.797362
v 4.394861 -7.333330 -2.797362
v 4.299931 -7.416351 -2.612622
v 4.394861 -7.333330 -2.797362
v 4.406082 -7.409273 -2.612622
v 4.299931 -7.416351 -2.612622
v 4.299931 -7.416351 -2.612622
v 4.406082 -7.409273 -2.612622
v 4.299931 -7.416351 2.612622
v 4.406082 -7.409273 -2.612622
v 4.406082 -7.409273 2.612622
v 4.299931 -7.416351 2.612622
v 4.299931 -7.416351 2.612622
v 4.406082 -7.409273 2.612622
v 4.297383 -7.339829 2.797363
v 4.406082 -7.409273 2.612622
v 4.394861 -7.333330 2.797363
v 4.297383 -7.339829 2.797363
v 4.297383 -7.339829 2.797363
v 4.394861 -7.333330 2.797363
v 4.291232 -7.155088 2.873884
v 4.394861 -7.333330 2.797363
v 4.367774 -7.149986 2.873884
v 4.291232 -7.155088 2.873884
v 4.367774 -7.149986 -2.873884
v 4.434110 -7.134678 -2.873884
v 4.394861 -7.333330 -2.797362
v 4.434110 -7.134678 -2.873884
v 4.493696 -7.310522 -2.797362
v 4.394861 -7.333330 -2.797362
v 4.394861 -7.333330 -2.797362
v 4.493696 -7.310522 -2.797362
v 4.406082 -7.409273 -2.612622
v 4.493696 -7.310522 -2.797362
v 4.518377 -7.383359 -2.612622
v 4.406082 -7.409273 -2.612622
v 4.406082 -7.409273 -2.612622
v 4.518377 -7.383359 -2.612622
v 4.406082 -7.409273 2.612622
v 4.518377 -7.383359 -2.612622
v 4.518377 -7.383359 2.612622
v 4.406082 -7.409273 2.612622
v 4.406082 -7.409273 2.612622
v 4.518377 -7.383359 2.612622
v 4.394861 -7.333330 2.797363
v 4.518377 -7.383359 2.612622
v 4.493696 -7.310522 2.797363
v 4.394861 -7.333330 2.797363
v 4.394861 -7.333330 2.797363
v 4.493696 -7.310522 2.797363
v 4.367774 -7.149986 2.873884
v 4.493696 -7.310522 2.797363
v 4.434110 -7.134678 2.873884
v 4.367774 -7.149986 2.873884
v 4.434110 -7.134678 -2.873884
v 4.490240 -7.109164 -2.873884
v 4.493696 -7.310522 -2.797362
v 4.490240 -7.109164 -2.873884
v 4.586489 -7.268344 -2.797362
v 4.493696 -7.310522 -2.797362
v 4.493696 -7.310522 -2.797362
v 4.586489 -7.268344 -2.797362
v 4.518377 -7.383359 -2.612622
v 4.586489 -7.268344 -2.797362
v 4.626357 -7.334278 -2.612622
v 4.518377 -7.383359 -2.612622
v 4.518377 -7.383359 -2.612622
v 4.626357 -7.334278 -2.612622
v 4.518377 -7.383359 2.612622
v 4.626357 -7.334278 -2.612622
v 4.626357 -7.334278 2.612622
v 4.518377 -7.383359 2.612622
v 4.518377 -7.383359 2.612622
v 4.626357 -7.334278 2.612622
v 4.493696 -7.310522 2.797363
v 4.626357 -7.334278 2.612622
v 4.586489 -7.268344 2.797363
v 4.493696 -7.310522 2.797363
v 4.493696 -7.310522 2.797363
v 4.586489 -7.268344 2.797363
v 4.434110 -7.134678 2.873884
v 4.586489 -7.268344 2.797363
v 4.490240 -7.109164 2.873884
v 4.434110 -7.134678 2.873884
v 4.490240 -7.109164 -2.873884
v 4.536165 -7.073445 -2.873884
v 4.586489 -7.268344 -2.797362
v 4.536165 -7.073445 -2.873884
v 4.667812 -7.205091 -2.797362
v 4.586489 -7.268344 -2.797362
v 4.586489 -7.268344 -2.797362
v 4.667812 -7.205091 -2.797362
v 4.626357 -7.334278 -2.612622
v 4.667812 -7.205091 -2.797362
v 4.722343 -7.259622 -2.612622
v 4.626357 -7.334278 -2.612622
v 4.626357 -7.334278 -2.612622
v 4.722343 -7.259622 -2.612622
v 4.626357 -7.334278 2.612622
v 4.722343 -7.259622 -2.612622
v 4.722343 -7.259622 2.612622
v 4.626357 -7.334278 2.612622
v 4.626357 -7.334278 2.612622
v 4.722343 -7.259622 2.612622
v 4.586489 -7.268344 2.797363
v 4.722343 -7.259622 2.612622
v 4.667812 -7.205091 2.797363
v 4.586489 -7.268344 2.797363
v 4.586489 -7.268344 2.797363
v 4.667812 -7.205091 2.797363
v 4.490240 -7.109164 2.873884
v 4.667812 -7.205091 2.797363
v 4.536165 -7.073445 2.873884
v 4.490240 -7.109164 2.873884
v 4.536165 -7.073445 -2.873884
v 4.571884 -7.027519 -2.873884
v 4.667812 -7.205091 -2.797362
v 4.571884 -7.027519 -2.873884
v 4.731065 -7.123768 -2.797362
v 4.667812 -7.205091 -2.797362
v 4.667812 -7.205091 -2.797362
v 4.731065 -7.123768 -2.797362
v 4.722343 -7.259622 -2.612622
v 4.731065 -7.123768 -2.797362
v 4.796999 -7.163636 -2.612622
v 4.722343 -7.259622 -2.612622
v 4.722343 -7.259622 -2.612622
v 4.796999 -7.163636 -2.612622
v 4.722343 -7.259622 2.612622
v 4.796999 -7.163636 -2.612622
v 4.796999 -7.163636 2.612622
v 4.722343 -7.259622 2.612622
v 4.722343 -7.259622 2.612622
v 4.796999 -7.163636 2.612622
v 4.667812 -7.205091 2.797363
v 4.796999 -7.163636 2.612622
v 4.731065 -7.123768 2.797363
v 4.667812 -7.205091 2.797363
v 4.667812 -7.205091 2.797363
v 4.731065 -7.123768 2.797363
v 4.536165 -7.073445 2.873884
v 4.731065 -7.123768 2.797363
v 4.571884 -7.027519 2.873884
v 4.536165 -7.073445 2.873884
v 4.571884 -7.027519 -2.873884
v 4.597398 -6.971388 -2.873884
v 4.731065 -7.123768 -2.797362
v 4.597398 -6.971388 -2.873884
v 4.773243 -7.030975 -2.797362
v 4.731065 -7.123768 -2.797362
v 4.731065 -7.123768 -2.797362
v 4.773243 -7.030975 -2.797362
v 4.796999 -7.163636 -2.612622
v 4.773243 -7.030975 -2.797362
v 4.846081 -7.055656 -2.612622
v 4.796999 -7.163636 -2.612622
v 4.796999 -7.163636 -2.612622
v 4.846081 -7.055656 -2.612622
v 4.796999 -7.163636 2.612622
v 4.846081 -7.055656 -2.612622
v 4.846081 -7.055656 2.612622
v 4.796999 -7.163636 2.612622
v 4.796999 -7.163636 2.612622
v 4.846081 -7.055656 2.612622
v 4.731065 -7.123768 2.797363
v 4.846081 -7.055656 2.612622
v 4.773243 -7.030975 2.797363
v 4.731065 -7.123768 2.797363
v 4.731065 -7.123768 2.797363
v 4.773243 -7.030975 2.797363
v 4.571884 -7.027519 2.873884
v 4.773243 -7.030975 2.797363
v 4.597398 -6.971388 2.873884
v 4.571884 -7.027519 2.873884
v 4.597398 -6.971388 -2.873884
v 4.612707 -6.905052 -2.873884
v 4.773243 -7.030975 -2.797362
v 4.612707 -6.905052 -2.873884
v 4.796051 -6.932140 -2.797362
v 4.773243 -7.030975 -2.797362
v 4.773243 -7.030975 -2.797362
v 4.796051 -6.932140 -2.797362
v 4.846081 -7.055656 -2.612622
v 4.796051 -6.932140 -2.797362
v 4.871995 -6.943360 -2.612622
v 4.846081 -7.055656 -2.612622
v 4.846081 -7.055656 -2.612622
v 4.871995 -6.943360 -2.612622
v 4.846081 -7.055656 2.612622
v 4.871995 -6.943360 -2.612622
v 4.871995 -6.943360 2.612622
v 4.846081 -7.055656 2.612622
v 4.846081 -7.055656 2.612622
v 4.871995 -6.943360 2.612622
v 4.773243 -7.030975 2.797363
v 4.871995 -6.943360 2.612622
v 4.796051 -6.932140 2.797363
v 4.773243 -7.030975 2.797363
v 4.773243 -7.030975 2.797363
v 4.796051 -6.932140 2.797363
v 4.597398 -6.971388 2.873884
v 4.796051 -6.932140 2.797363
v 4.612707 -6.905052 2.873884
v 4.597398 -6.971388 2.873884
v 4.612707 -6.905052 -2.873884
v 4.617809 -6.828511 -2.873884
v 4.796051 -6.932140 -2.797362
v 4.617809 -6.828511 -2.873884
v 4.802550 -6.834662 -2.797362
v 4.796051 -6.932140 -2.797362
v 4.796051 -6.932140 -2.797362
v 4.802550 -6.834662 -2.797362
v 4.871995 -6.943360 -2.612622
v 4.802550 -6.834662 -2.797362
v 4.879071 -6.837211 -2.612622
v 4.871995 -6.943360 -2.612622
v 4.871995 -6.943360 -2.612622
v 4.879071 -6.837211 -2.612622
v 4.871995 -6.943360 2.612622
v 4.879071 -6.837211 -2.612622
v 4.879071 -6.837211 2.612622
v 4.871995 -6.943360 2.612622
v 4.871995 -6.943360 2.612622
v 4.879071 -6.837211 2.612622
v 4.796051 -6.932140 2.797363
v 4.879071 -6.837211 2.612622
v 4.802550 -6.834662 2.797363
v 4.796051 -6.932140 2.797363
v 4.796051 -6.932140 2.797363
v 4.802550 -6.834662 2.797363
v 4.612707 -6.905052 2.873884
v 4.802550 -6.834662 2.797363
v 4.617809 -6.828511 2.873884
v 4.612707 -6.905052 2.873884
v 4.617809 -6.828511 -2.873884
v 4.617809 -2.622190 -2.873884
v 4.802550 -6.834662 -2.797362
v 4.617809 -2.622190 -2.873884
v 4.802550 -2.616038 -2.797362
v 4.802550 -6.834662 -2.797362
v 4.802550 -6.834662 -2.797362
v 4.802550 -2.616038 -2.797362
v 4.879071 -6.837211 -2.612622
v 4.802550 -2.616038 -2.797362
v 4.879071 -2.613491 -2.612622
v 4.879071 -6.837211 -2.612622
v 4.879071 -6.837211 -2.612622
v 4.879071 -2.613491 -2.612622
v 4.879071 -6.837211 2.612622
v 4.879071 -2.613491 -2.612622
v 4.879071 -2.613491 2.612622
v 4.879071 -6.837211 2.612622
v 4.879071 -6.837211 2.612622
v 4.879071 -2.613491 2.612622
v 4.802550 -6.834662 2.797363
v 4.879071 -2.613491 2.612622
v 4.802550 -2.616038 2.797363
v 4.802550 -6.834662 2.797363
v 4.802550 -6.834662 2.797363
v 4.802550 -2.616038 2.797363
v 4.617809 -6.828511 2.873884
v 4.802550 -2.616038 2.797363
v 4.617809 -2.622190 2.873884
v 4.617809 -6.828511 2.873884
v 4.617809 -2.622190 -2.873884
v 4.612707 -2.545647 -2.873884
v 4.802550 -2.616038 -2.797362
v 4.612707 -2.545647 -2.873884
v 4.796051 -2.518560 -2.797362
v 4.802550 -2.616038 -2.797362
v 4.802550 -2.616038 -2.797362
v 4.796051 -2.518560 -2.797362
v 4.879071 -2.613491 -2.612622
v 4.796051 -2.518560 -2.797362
v 4.871995 -2.507339 -2.612622
v 4.879071 -2.613491 -2.612622
v 4.879071 -2.613491 -2.612622
v 4.871995 -2.507339 -2.612622
v 4.879071 -2.613491 2.612622
v 4.871995 -2.507339 -2.612622
v 4.871995 -2.507339 2.612622
v 4.879071 -2.613491 2.612622
v 4.879071 -2.613491 2.612622
v 4.871995 -2.507339 2.612622
v 4.802550 -2.616038 2.797363
v 4.871995 -2.507339 2.612622
v 4.796051 -2.518560 2.797363
v 4.802550 -2.616038 2.797363
v 4.802550 -2.616038 2.797363
v 4.796051 -2.518560 2.797363
v 4.617809 -2.622190 2.873884
v 4.796051 -2.518560 2.797363
v 4.612707 -2.545647 2.873884
v 4.617809 -2.622190 2.873884
v 4.612707 -2.545647 -2.873884
v 4.597398 -2.479311 -2.873884
v 4.796051 -2.518560 -2.797362
v 4.597398 -2.479311 -2.873884
v 4.773243 -2.419726 -2.797362
v 4.796051 -2.518560 -2.797362
v 4.796051 -2.518560 -2.797362
v 4.773243 -2.419726 -2.797362
v 4.871995 -2.507339 -2.612622
v 4.773243 -2.419726 -2.797362
v 4.846081 -2.395043 -2.612622
v 4.871995 -2.507339 -2.612622
v 4.871995 -2.507339 -2.612622
v 4.846081 -2.395043 -2.612622
v 4.871995 -2.507339 2.612622
v 4.846081 -2.395043 -2.612622
v 4.846081 -2.395043 2.612622
v 4.871995 -2.507339 2.612622
v 4.871995 -2.507339 2.612622
v 4.846081 -2.395043 2.612622
v 4.796051 -2.518560 2.797363
v 4.846081 -2.395043 2.612622
v 4.773243 -2.419726 2.797363
v 4.796051 -2.518560 2.797363
v 4.796051 -2.518560 2.797363
v 4.773243 -2.419726 2.797363
v 4.612707 -2.545647 2.873884
v 4.773243 -2.419726 2.797363
v 4.597398 -2.479311 2.873884
v 4.612707 -2.545647 2.873884
v 4.597398 -2.479311 -2.873884
v 4.571884 -2.423182 -2.873884
v 4.773243 -2.419726 -2.797362
v 4.571884 -2.423182 -2.873884
v 4.731065 -2.326932 -2.797362
v 4.773243 -2.419726 -2.797362
v 4.773243 -2.419726 -2.797362
v 4.731065 -2.326932 -2.797362
v 4.846081 -2.395043 -2.612622
v 4.731065 -2.326932 -2.797362
v 4.796999 -2.287064 -2.612622
v 4.846081 -2.395043 -2.612622
v 4.846081 -2.395043 -2.612622
v 4.796999 -2.287064 -2.612622
v 4.846081 -2.395043 2.612622
v 4.796999 -2.287064 -2.612622
v 4.796999 -2.287064 2.612622
v 4.846081 -2.395043 2.612622
v 4.846081 -2.395043 2.612622
v 4.796999 -2.287064 2.612622
v 4.773243 -2.419726 2.797363
v 4.796999 -2.287064 2.612622
v 4.731065 -2.326932 2.797363
v 4.773243 -2.419726 2.797363
v 4.773243 -2.419726 2.797363
v 4.731065 -2.326932 2.797363
v 4.597398 -2.479311 2.873884
v 4.731065 -2.326932 2.797363
v 4.571884 -2.423182 2.873884
v 4.597398 -2.479311 2.873884
v 4.571884 -2.423182 -2.873884
v 4.536165 -2.377256 -2.873884
v 4.731065 -2.326932 -2.797362
v 4.536165 -2.377256 -2.873884
v 4.667812 -2.245608 -2.797362
v 4.731065 -2.326932 -2.797362
v 4.731065 -2.326932 -2.797362
v 4.667812 -2.245608 -2.797362
v 4.796999 -2.287064 -2.612622
v 4.667812 -2.245608 -2.797362
v 4.722343 -2.191078 -2.612622
v 4.796999 -2.287064 -2.612622
v 4.796999 -2.287064 -2.612622
v 4.722343 -2.191078 -2.612622
v 4.796999 -2.287064 2.612622
v 4.722343 -2.191078 -2.612622
v 4.722343 -2.191078 2.612622
v 4.796999 -2.287064 2.612622
v 4.796999 -2.287064 2.612622
v 4.722343 -2.191078 2.612622
v 4.731065 -2.326932 2.797363
v 4.722343 -2.191078 2.612622
v 4.667812 -2.245608 2.797363
v 4.731065 -2.326932 2.797363
v 4.731065 -2.326932 2.797363
v 4.667812 -2.245608 2.797363
v 4.571884 -2.423182 2.873884
v 4.667812 -2.245608 2.797363
v 4.536165 -2.377256 2.873884
v 4.571884 -2.423182 2.873884
v 4.536165 -2.377256 -2.873884
v 4.490240 -2.341537 -2.873884
v 4.667812 -2.245608 -2.797362
v 4.490240 -2.341537 -2.873884
v 4.586489 -2.182358 -2.797362
v 4.667812 -2.245608 -2.797362
v 4.667812 -2.245608 -2.797362
v 4.586489 -2.182358 -2.797362
v 4.722343 -2.191078 -2.612622
v 4.586489 -2.182358 -2.797362
v 4.626357 -2.116423 -2.612622
v 4.722343 -2.191078 -2.612622
v 4.722343 -2.191078 -2.612622
v 4.626357 -2.116423 -2.612622
v 4.722343 -2.191078 2.612622
v 4.626357 -2.116423 -2.612622
v 4.626357 -2.116423 2.612622
v 4.722343 -2.191078 2.612622
v 4.722343 -2.191078 2.612622
v 4.626357 -2.116423 2.612622
v 4.667812 -2.245608 2.797363
v 4.626357 -2.116423 2.612622
v 4.586489 -2.182358 2.797363
v 4.667812 -2.245608 2.797363
v 4.667812 -2.245608 2.797363
v 4.586489 -2.182358 2.797363
v 4.536165 -2.377256 2.873884
v 4.586489 -2.182358 2.797363
v 4.490240 -2.341537 2.873884
v 4.536165 -2.377256 2.873884
v 4.490240 -2.341537 -2.873884
v 4.434110 -2.316022 -2.873884
v 4.586489 -2.182358 -2.797362
v 4.434110 -2.316022 -2.873884
v 4.493696 -2.140178 -2.797362
v 4.586489 -2.182358 -2.797362
v 4.586489 -2.182358 -2.797362
v 4.493696 -2.140178 -2.797362
v 4.626357 -2.116423 -2.612622
v 4.493696 -2.140178 -2.797362
v 4.518377 -2.067341 -2.612622
v 4.626357 -2.116423 -2.612622
v 4.626357 -2.116423 -2.612622
v 4.518377 -2.067341 -2.612622
v 4.626357 -2.116423 2.612622
v 4.518377 -2.067341 -2.612622
v 4.518377 -2.067341 2.612622
v 4.626357 -2.116423 2.612622
v 4.626357 -2.116423 2.612622
v 4.518377 -2.067341 2.612622
v 4.586489 -2.182358 2.797363
v 4.518377 -2.067341 2.612622
v 4.493696 -2.140178 2.797363
v 4.586489 -2.182358 2.797363
v 4.586489 -2.182358 2.797363
v 4.493696 -2.140178 2.797363
v 4.490240 -2.341537 2.873884
v 4.493696 -2.140178 2.797363
v 4.434110 -2.316022 2.873884
v 4.490240 -2.341537 2.873884
v 4.434110 -2.316022 -2.873884
v 4.367774 -2.300715 -2.873884
v 4.493696 -2.140178 -2.797362
v 4.367774 -2.300715 -2.873884
v 4.394861 -2.117370 -2.797362
v 4.493696 -2.140178 -2.797362
v 4.493696 -2.140178 -2.797362
v 4.394861 -2.117370 -2.797362
v 4.518377 -2.067341 -2.612622
v 4.394861 -2.117370 -2.797362
v 4.406082 -2.041426 -2.612622
v 4.518377 -2.067341 -2.612622
v 4.518377 -2.067341 -2.612622
v 4.406082 -2.041426 -2.612622
v 4.518377 -2.067341 2.612622
v 4.406082 -2.041426 -2.612622
v 4.406082 -2.041426 2.612622
v 4.518377 -2.067341 2.612622
v 4.518377 -2.067341 2.612622
v 4.406082 -2.041426 2.612622
v 4.493696 -2.140178 2.797363
v 4.406082 -2.041426 2.612622
v 4.394861 -2.117370 2.797363
v 4.493696 -2.140178 2.797363
v 4.493696 -2.140178 2.797363
v 4.394861 -2.117370 2.797363
v 4.434110 -2.316022 2.873884
v 4.394861 -2.117370 2.797363
v 4.367774 -2.300715 2.873884
v 4.434110 -2.316022 2.873884
v 4.367774 -2.300715 -2.873884
v 4.291232 -2.295612 -2.873884
v 4.394861 -2.117370 -2.797362
v 4.291232 -2.295612 -2.873884
v 4.297383 -2.110872 -2.797362
v 4.394861 -2.117370 -2.797362
v 4.394861 -2.117370 -2.797362
v 4.297383 -2.110872 -2.797362
v 4.406082 -2.041426 -2.612622
v 4.297383 -2.110872 -2.797362
v 4.299931 -2.034349 -2.612622
v 4.406082 -2.041426 -2.612622
v 4.406082 -2.041426 -2.612622
v 4.299931 -2.034349 -2.612622
v 4.406082 -2.041426 2.612622
v 4.299931 -2.034349 -2.612622
v 4.299931 -2.034349 2.612622
v 4.406082 -2.041426 2.612622
v 4.406082 -2.041426 2.612622
v 4.299931 -2.034349 2.612622
v 4.394861 -2.117370 2.797363
v 4.299931 -2.034349 2.612622
v 4.297383 -2.110872 2.797363
v 4.394861 -2.117370 2.797363
v 4.394861 -2.117370 2.797363
v 4.297383 -2.110872 2.797363
v 4.367774 -2.300715 2.873884
v 4.297383 -2.110872 2.797363
v 4.291232 -2.295612 2.873884
v 4.367774 -2.300715 2.873884
v 4.291232 -2.295612 -2.873884
v -4.291232 -2.295612 -2.873884
v 4.297383 -2.110872 -2.797362
v -4.291232 -2.295612 -2.873884
v -4.297383 -2.110872 -2.797362
v 4.297383 -2.110872 -2.797362
v 4.297383 -2.110872 -2.797362
v -4.297383 -2.110872 -2.797362
v 4.299931 -2.034349 -2.612622
v -4.297383 -2.110872 -2.797362
v -4.299930 -2.034349 -2.612622
v 4.299931 -2.034349 -2.612622
v 4.299931 -2.034349 -2.612622
v -4.299930 -2.034349 -2.612622
v 4.299931 -2.034349 2.612622
v -4.299930 -2.034349 -2.612622
v -4.299930 -2.034349 2.612622
v 4.299931 -2.034349 2.612622
v 4.299931 -2.034349 2.612622
v -4.299930 -2.034349 2.612622
v 4.297383 -2.110872 2.797363
v -4.299930 -2.034349 2.612622
v -4.297383 -2.110872 2.797363
v 4.297383 -2.110872 2.797363
v 4.297383 -2.110872 2.797363
v -4.297383 -2.110872 2.797363
v 4.291232 -2.295612 2.873884
v -4.297383 -2.110872 2.797363
v -4.291232 -2.295612 2.873884
v 4.291232 -2.295612 2.873884
v -4.291232 -2.295612 -2.873884
v -4.367773 -2.300715 -2.873884
v -4.297383 -2.110872 -2.797362
v -4.367773 -2.300715 -2.873884
v -4.394861 -2.117370 -2.797362
v -4.297383 -2.110872 -2.797362
v -4.297383 -2.110872 -2.797362
v -4.394861 -2.117370 -2.797362
v -4.299930 -2.034349 -2.612622
v -4.394861 -2.117370 -2.797362
v -4.406082 -2.041426 -2.612622
v -4.299930 -2.034349 -2.612622
v -4.299930 -2.034349 -2.612622
v -4.406082 -2.041426 -2.612622
v -4.299930 -2.034349 2.612622
v -4.406082 -2.041426 -2.612622
v -4.406082 -2.041426 2.612622
v -4.299930 -2.034349 2.612622
v -4.299930 -2.034349 2.612622
v -4.406082 -2.041426 2.612622
v -4.297383 -2.110872 2.797363
v -4.406082 -2.041426 2.612622
v -4.394861 -2.117370 2.797363
v -4.297383 -2.110872 2.797363
v -4.297383 -2.110872 2.797363
v -4.394861 -2.117370 2.797363
v -4.291232 -2.295612 2.873884
v -4.394861 -2.117370 2.797363
v -4.367773 -2.300715 2.873884
v -4.291232 -2.295612 2.873884
v -4.367773 -2.300715 -2.873884
v -4.434109 -2.316022 -2.873884
v -4.394861 -2.117370 -2.797362
v -4.434109 -2.316022 -2.873884
v -4.493695 -2.140178 -2.797362
v -4.394861 -2.117370 -2.797362
v -4.394861 -2.117370 -2.797362
v -4.493695 -2.140178 -2.797362
v -4.406082 -2.041426 -2.612622
v -4.493695 -2.140178 -2.797362
v -4.518377 -2.067341 -2.612622
v -4.406082 -2.041426 -2.612622
v -4.406082 -2.041426 -2.612622
v -4.518377 -2.067341 -2.612622
v -4.406082 -2.041426 2.612622
v -4.518377 -2.067341 -2.612622
v -4.518377 -2.067341 2.612622
v -4.406082 -2.041426 2.612622
v -4.406082 -2.041426 2.612622
v -4.518377 -2.067341 2.612622
v -4.394861 -2.117370 2.797363
v -4.518377 -2.067341 2.612622
v -4.493695 -2.140178 2.797363
v -4.394861 -2.117370 2.797363
v -4.394861 -2.117370 2.797363
v -4.493695 -2.140178 2.797363
v -4.367773 -2.300715 2.873884
v -4.493695 -2.140178 2.797363
v -4.434109 -2.316022 2.873884
v -4.367773 -2.300715 2.873884
v -4.434109 -2.316022 -2.873884
v -4.490240 -2.341537 -2.873884
v -4.493695 -2.140178 -2.797362
v -4.490240 -2.341537 -2.873884
v -4.586489 -2.182358 -2.797362
v -4.493695 -2.140178 -2.797362
v -4.493695 -2.140178 -2.797362
v -4.586489 -2.182358 -2.797362
v -4.518377 -2.067341 -2.612622
v -4.586489 -2.182358 -2.797362
v -4.626356 -2.116423 -2.612622
v -4.518377 -2.067341 -2.612622
v -4.518377 -2.067341 -2.612622
v -4.626356 -2.116423 -2.612622
v -4.518377 -2.067341 2.612622
v -4.626356 -2.116423 -2.612622
v -4.626356 -2.116423 2.612622
v -4.518377 -2.067341 2.612622
v -4.518377 -2.067341 2.612622
v -4.626356 -2.116423 2.612622
v -4.493695 -2.140178 2.797363
v -4.626356 -2.116423 2.612622
v -4.586489 -2.182358 2.797363
v -4.493695 -2.140178 2.797363
v -4.493695 -2.140178 2.797363
v -4.586489 -2.182358 2.797363
v -4.434109 -2.316022 2.873884
v -4.586489 -2.182358 2.797363
v -4.490240 -2.341537 2.873884
v -4.434109 -2.316022 2.873884
v -4.490240 -2.341537 -2.873884
v -4.536165 -2.377256 -2.873884
v -4.586489 -2.182358 -2.797362
v -4.536165 -2.377256 -2.873884
v -4.667812 -2.245608 -2.797362
v -4.586489 -2.182358 -2.797362
v -4.586489 -2.182358 -2.797362
v -4.667812 -2.245608 -2.797362
v -4.626356 -2.116423 -2.612622
v -4.667812 -2.245608 -2.797362
v -4.722343 -2.191078 -2.612622
v -4.626356 -2.116423 -2.612622
v -4.626356 -2.116423 -2.612622
v -4.722343 -2.191078 -2.612622
v -4.626356 -2.116423 2.612622
v -4.722343 -2.191078 -2.612622
v -4.722343 -2.191078 2.612622
v -4.626356 -2.116423 2.612622
v -4.626356 -2.116423 2.612622
v -4.722343 -2.191078 2.612622
v -4.586489 -2.182358 2.797363
v -4.722343 -2.191078 2.612622
v -4.667812 -2.245608 2.797363
v -4.586489 -2.182358 2.797363
v -4.586489 -2.182358 2.797363
v -4.667812 -2.245608 2.797363
v -4.490240 -2.341537 2.873884
v -4.667812 -2.245608 2.797363
v -4.536165 -2.377256 2.873884
v -4.490240 -2.341537 2.873884
v -4.536165 -2.377256 -2.873884
v -4.571884 -2.423182 -2.873884
v -4.667812 -2.245608 -2.797362
v -4.571884 -2.423182 -2.873884
v -4.731064 -2.326932 -2.797362
v -4.667812 -2.245608 -2.797362
v -4.667812 -2.245608 -2.797362
v -4.731064 -2.326932 -2.797362
v -4.722343 -2.191078 -2.612622
v -4.731064 -2.326932 -2.797362
v -4.796999 -2.287064 -2.612622
v -4.722343 -2.191078 -2.612622
v -4.722343 -2.191078 -2.612622
v -4.796999 -2.287064 -2.612622
v -4.722343 -2.191078 2.612622
v -4.796999 -2.287064 -2.612622
v -4.796999 -2.287064 2.612622
v -4.722343 -2.191078 2.612622
v -4.722343 -2.191078 2.612622
v -4.796999 -2.287064 2.612622
v -4.667812 -2.245608 2.797363
v -4.796999 -2.287064 2.612622
v -4.731064 -2.326932 2.797363
v -4.667812 -2.245608 2.797363
v -4.667812 -2.245608 2.797363
v -4.731064 -2.326932 2.797363
v -4.536165 -2.377256 2.873884
v -4.731064 -2.326932 2.797363
v -4.571884 -2.423182 2.873884
v -4.536165 -2.377256 2.873884
v -4.571884 -2.423182 -2.873884
v -4.597398 -2.479311 -2.873884
v -4.731064 -2.326932 -2.797362
v -4.597398 -2.479311 -2.873884
v -4.773243 -2.419726 -2.797362
v -4.731064 -2.326932 -2.797362
v -4.731064 -2.326932 -2.797362
v -4.773243 -2.419726 -2.797362
v -4.796999 -2.287064 -2.612622
v -4.773243 -2.419726 -2.797362
v -4.846080 -2.395043 -2.612622
v -4.796999 -2.287064 -2.612622
v -4.796999 -2.287064 -2.612622
v -4.846080 -2.395043 -2.612622
v -4.796999 -2.287064 2.612622
v -4.846080 -2.395043 -2.612622
v -4.846080 -2.395043 2.612622
v -4.796999 -2.287064 2.612622
v -4.796999 -2.287064 2.612622
v -4.846080 -2.395043 2.612622
v -4.731064 -2.326932 2.797363
v -4.846080 -2.395043 2.612622
v -4.773243 -2.419726 2.797363
v -4.731064 -2.326932 2.797363
v -4.731064 -2.326932 2.797363
v -4.773243 -2.419726 2.797363
v -4.571884 -2.423182 2.873884
v -4.773243 -2.419726 2.797363
v -4.597398 -2.479311 2.873884
v -4.571884 -2.423182 2.873884
v -4.597398 -2.479311 -2.873884
v -4.612706 -2.545647 -2.873884
v -4.773243 -2.419726 -2.797362
v -4.612706 -2.545647 -2.873884
v -4.796051 -2.518560 -2.797362
v -4.773243 -2.419726 -2.797362
v -4.773243 -2.419726 -2.797362
v -4.796051 -2.518560 -2.797362
v -4.846080 -2.395043 -2.612622
v -4.796051 -2.518560 -2.797362
v -4.871995 -2.507339 -2.612622
v -4.846080 -2.395043 -2.612622
v -4.846080 -2.395043 -2.612622
v -4.871995 -2.507339 -2.612622
v -4.846080 -2.395043 2.612622
v -4.871995 -2.507339 -2.612622
v -4.871995 -2.507339 2.612622
v -4.846080 -2.395043 2.612622
v -4.846080 -2.395043 2.612622
v -4.871995 -2.507339 2.612622
v -4.773243 -2.419726 2.797363
v -4.871995 -2.507339 2.612622
v -4.796051 -2.518560 2.797363
v -4.773243 -2.419726 2.797363
v -4.773243 -2.419726 2.797363
v -4.796051 -2.518560 2.797363
v -4.597398 -2.479311 2.873884
v -4.796051 -2.518560 2.797363
v -4.612706 -2.545647 2.873884
v -4.597398 -2.479311 2.873884
v -4.612706 -2.545647 -2.873884
v -4.617809 -2.622190 -2.873884
v -4.796051 -2.518560 -2.797362
v -4.617809 -2.622190 -2.873884
v -4.802549 -2.616038 -2.797362
v -4.796051 -2.518560 -2.797362
v -4.796051 -2.518560 -2.797362
v -4.802549 -2.616038 -2.797362
v -4.871995 -2.507339 -2.612622
v -4.802549 -2.616038 -2.797362
v -4.879071 -2.613491 -2.612622
v -4.871995 -2.507339 -2.612622
v -4.871995 -2.507339 -2.612622
v -4.879071 -2.613491 -2.612622
v -4.871995 -2.507339 2.612622
v -4.879071 -2.613491 -2.612622
v -4.879071 -2.613491 2.612622
v -4.871995 -2.507339 2.612622
v -4.871995 -2.507339 2.612622
v -4.879071 -2.613491 2.612622
v -4.796051 -2.518560 2.797363
v -4.879071 -2.613491 2.612622
v -4.802549 -2.616038 2.797363
v -4.796051 -2.518560 2.797363
v -4.796051 -2.518560 2.797363
v -4.802549 -2.616038 2.797363
v -4.612706 -2.545647 2.873884
v -4.802549 -2.616038 2.797363
v -4.617809 -2.622190 2.873884
v -4.612706 -2.545647 2.873884
v -4.617809 -2.622190 -2.873884
v -4.617809 -6.828511 -2.873884
v -4.802549 -2.616038 -2.797362
v -4.617809 -6.828511 -2.873884
v -4.802549 -6.834662 -2.797362
v -4.802549 -2.616038 -2.797362
v -4.802549 -2.616038 -2.797362
v -4.802549 -6.834662 -2.797362
v -4.879071 -2.613491 -2.612622
v -4.802549 -6.834662 -2.797362
v -4.879071 -6.837211 -2.612622
v -4.879071 -2.613491 -2.612622
v -4.879071 -2.613491 -2.612622
v -4.879071 -6.837211 -2.612622
v -4.879071 -2.613491 2.612622
v -4.879071 -6.837211 -2.612622
v -4.879071 -6.837211 2.612622
v -4.879071 -2.613491 2.612622
v -4.879071 -2.613491 2.612622
v -4.879071 -6.837211 2.612622
v -4.802549 -2.616038 2.797363
v -4.879071 -6.837211 2.612622
v -4.802549 -6.834662 2.797363
v -4.802549 -2.616038 2.797363
v -4.802549 -2.616038 2.797363
v -4.802549 -6.834662 2.797363
v -4.617809 -2.622190 2.873884
v -4.802549 -6.834662 2.797363
v -4.617809 -6.828511 2.873884
v -4.617809 -2.622190 2.873884
v -4.617809 -6.828511 -2.873884
v -4.612706 -6.905052 -2.873884
v -4.802549 -6.834662 -2.797362
v -4.612706 -6.905052 -2.873884
v -4.796051 -6.932140 -2.797362
v -4.802549 -6.834662 -2.797362
v -4.802549 -6.834662 -2.797362
v -4.796051 -6.932140 -2.797362
v -4.879071 -6.837211 -2.612622
v -4.796051 -6.932140 -2.797362
v -4.871995 -6.943360 -2.612622
v -4.879071 -6.837211 -2.612622
v -4.879071 -6.837211 -2.612622
v -4.871995 -6.943360 -2.612622
v -4.879071 -6.837211 2.612622
v -4.871995 -6.943360 -2.612622
v -4.871995 -6.943360 2.612622
v -4.879071 -6.837211 2.612622
v -4.879071 -6.837211 2.612622
v -4.871995 -6.943360 2.612622
v -4.802549 -6.834662 2.797363
v -4.871995 -6.943360 2.612622
v -4.796051 -6.932140 2.797363
v -4.802549 -6.834662 2.797363
v -4.802549 -6.834662 2.797363
v -4.796051 -6.932140 2.797363
v -4.617809 -6.828511 2.873884
v -4.796051 -6.932140 2.797363
v -4.612706 -6.905052 2.873884
v -4.617809 -6.828511 2.873884
v -4.612706 -6.905052 -2.873884
v -4.597398 -6.971388 -2.873884
v -4.796051 -6.932140 -2.797362
v -4.597398 -6.971388 -2.873884
v -4.773243 -7.030975 -2.797362
v -4.796051 -6.932140 -2.797362
v -4.796051 -6.932140 -2.797362
v -4.773243 -7.030975 -2.797362
v -4.871995 -6.943360 -2.612622
v -4.773243 -7.030975 -2.797362
v -4.846080 -7.055656 -2.612622
v -4.871995 -6.943360 -2.612622
v -4.871995 -6.943360 -2.612622
v -4.846080 -7.055656 -2.612622
v -4.871995 -6.943360 2.612622
v -4.846080 -7.055656 -2.612622
v -4.846080 -7.055656 2.612622
v -4.871995 -6.943360 2.612622
v -4.871995 -6.943360 2.612622
v -4.846080 -7.055656 2.612622
v -4.796051 -6.932140 2.797363
v -4.846080 -7.055656 2.612622
v -4.773243 -7.030975 2.797363
v -4.796051 -6.932140 2.797363
v -4.796051 -6.932140 2.797363
v -4.773243 -7.030975 2.797363
v -4.612706 -6.905052 2.873884
v -4.773243 -7.030975 2.797363
v -4.597398 -6.971388 2.873884
v -4.612706 -6.905052 2.873884
v -4.597398 -6.971388 -2.873884
v -4.571884 -7.027519 -2.873884
v -4.773243 -7.030975 -2.797362
v -4.571884 -7.027519 -2.873884
v -4.731064 -7.123768 -2.797362
v -4.773243 -7.030975 -2.797362
v -4.773243 -7.030975 -2.797362
v -4.731064 -7.123768 -2.797362
v -4.846080 -7.055656 -2.612622
v -4.731064 -7.123768 -2.797362
v -4.796999 -7.163636 -2.612622
v -4.846080 -7.055656 -2.612622
v -4.846080 -7.055656 -2.612622
v -4.796999 -7.163636 -2.612622
v -4.846080 -7.055656 2.612622
v -4.796999 -7.163636 -2.612622
v -4.796999 -7.163636 2.612622
v -4.846080 -7.055656 2.612622
v -4.846080 -7.055656 2.612622
v -4.796999 -7.163636 2.612622
v -4.773243 -7.030975 2.797363
v -4.796999 -7.163636 2.612622
v -4.731064 -7.123768 2.797363
v -4.773243 -7.030975 2.797363
v -4.773243 -7.030975 2.797363
v -4.731064 -7.123768 2.797363
v -4.597398 -6.971388 2.873884
v -4.731064 -7.123768 2.797363
v -4.571884 -7.027519 2.873884
v -4.597398 -6.971388 2.873884
v -4.571884 -7.027519 -2.873884
v -4.536165 -7.073445 -2.873884
v -4.731064 -7.123768 -2.797362
v -4.536165 -7.073445 -2.873884
v -4.667812 -7.205091 -2.797362
v -4.731064 -7.123768 -2.797362
v -4.731064 -7.123768 -2.797362
v -4.667812 -7.205091 -2.797362
v -4.796999 -7.163636 -2.612622
v -4.667812 -7.205091 -2.797362
v -4.722343 -7.259622 -2.612622
v -4.796999 -7.163636 -2.612622
v -4.796999 -7.163636 -2.612622
v -4.722343 -7.259622 -2.612622
v -4.796999 -7.163636 2.612622
v -4.722343 -7.259622 -2.612622
v -4.722343 -7.259622 2.612622
v -4.796999 -7.163636 2.612622
v -4.796999 -7.163636 2.612622
v -4.722343 -7.259622 2.612622
v -4.731064 -7.123768 2.797363
v -4.722343 -7.259622 2.612622
v -4.667812 -7.205091 2.797363
v -4.731064 -7.123768 2.797363
v -4.731064 -7.123768 2.797363
v -4.667812 -7.205091 2.797363
v -4.571884 -7.027519 2.873884
v -4.667812 -7.205091 2.797363
v -4.536165 -7.073445 2.873884
v -4.571884 -7.027519 2.873884
v -4.536165 -7.073445 -2.873884
v -4.490240 -7.109164 -2.873884
v -4.667812 -7.205091 -2.797362
v -4.490240 -7.109164 -2.873884
v -4.586489 -7.268344 -2.797362
v -4.667812 -7.205091 -2.797362
v -4.667812 -7.205091 -2.797362
v -4.586489 -7.268344 -2.797362
v -4.722343 -7.259622 -2.612622
v -4.586489 -7.268344 -2.797362
v -4.626356 -7.334278 -2.612622
v -4.722343 -7.259622 -2.612622
v -4.722343 -7.259622 -2.612622
v -4.626356 -7.334278 -2.612622
v -4.722343 -7.259622 2.612622
v -4.626356 -7.334278 -2.612622
v -4.626356 -7.334278 2.612622
v -4.722343 -7.259622 2.612622
v -4.722343 -7.259622 2.612622
v -4.626356 -7.334278 2.612622
v -4.667812 -7.205091 2.797363
v -4.626356 -7.334278 2.612622
v -4.586489 -7.268344 2.797363
v -4.667812 -7.205091 2.797363
v -4.667812 -7.205091 2.797363
v -4.586489 -7.268344 2.797363
v -4.536165 -7.073445 2.873884
v -4.586489 -7.268344 2.797363
v -4.490240 -7.109164 2.873884
v -4.536165 -7.073445 2.873884
v -4.490240 -7.109164 -2.873884
v -4.434109 -7.134678 -2.873884
v -4.586489 -7.268344 -2.797362
v -4.434109 -7.134678 -2.873884
v -4.493695 -7.310522 -2.797362
v -4.586489 -7.268344 -2.797362
v -4.586489 -7.268344 -2.797362
v -4.493695 -7.310522 -2.797362
v -4.626356 -7.334278 -2.612622
v -4.493695 -7.310522 -2.797362
v -4.518377 -7.383359 -2.612622
v -4.626356 -7.334278 -2.612622
v -4.626356 -7.334278 -2.612622
v -4.518377 -7.383359 -2.612622
v -4.626356 -7.334278 2.612622
v -4.518377 -7.383359 -2.612622
v -4.518377 -7.383359 2.612622
v -4.626356 -7.334278 2.612622
v -4.626356 -7.334278 2.612622
v -4.518377 -7.383359 2.612622
v -4.586489 -7.268344 2.797363
v -4.518377 -7.383359 2.612622
v -4.493695 -7.310522 2.797363
v -4.586489 -7.268344 2.797363
v -4.586489 -7.268344 2.797363
v -4.493695 -7.310522 2.797363
v -4.490240 -7.109164 2.873884
v -4.493695 -7.310522 2.797363
v -4.434109 -7.134678 2.873884
v -4.490240 -7.109164 2.873884
v -4.434109 -7.134678 -2.873884
v -4.367773 -7.149986 -2.873884
v -4.493695 -7.310522 -2.797362
v -4.367773 -7.149986 -2.873884
v -4.394861 -7.333330 -2.797362
v -4.493695 -7.310522 -2.797362
v -4.493695 -7.310522 -2.797362
v -4.394861 -7.333330 -2.797362
v -4.518377 -7.383359 -2.612622
v -4.394861 -7.333330 -2.797362
v -4.406082 -7.409273 -2.612622
v -4.518377 -7.383359 -2.612622
v -4.518377 -7.383359 -2.612622
v -4.406082 -7.409273 -2.612622
v -4.518377 -7.383359 2.612622
v -4.406082 -7.409273 -2.612622
v -4.406082 -7.409273 2.612622
v -4.518377 -7.383359 2.612622
v -4.518377 -7.383359 2.612622
v -4.406082 -7.409273 2.612622
v -4.493695 -7.310522 2.797363
v -4.406082 -7.409273 2.612622
v -4.394861 -7.333330 2.797363
v -4.493695 -7.310522 2.797363
v -4.493695 -7.310522 2.797363
v -4.394861 -7.333330 2.797363
v -4.434109 -7.134678 2.873884
v -4.394861 -7.333330 2.797363
v -4.367773 -7.149986 2.873884
v -4.434109 -7.134678 2.873884
v -4.367773 -7.149986 -2.873884
v -4.291232 -7.155088 -2.873884
v -4.394861 -7.333330 -2.797362
v -4.291232 -7.155088 -2.873884
v -4.297383 -7.339829 -2.797362
v -4.394861 -7.333330 -2.797362
v -4.394861 -7.333330 -2.797362
v -4.297383 -7.339829 -2.797362
v -4.406082 -7.409273 -2.612622
v -4.297383 -7.339829 -2.797362
v -4.299930 -7.416351 -2.612622
v -4.406082 -7.409273 -2.612622
v -4.406082 -7.409273 -2.612622
v -4.299930 -7.416351 -2.612622
v -4.406082 -7.409273 2.612622
v -4.299930 -7.416351 -2.612622
v -4.299930 -7.416351 2.612622
v -4.406082 -7.409273 2.612622
v -4.406082 -7.409273 2.612622
v -4.299930 -7.416351 2.612622
v -4.394861 -7.333330 2.797363
v -4.299930 -7.416351 2.612622
v -4.297383 -7.339829 2.797363
v -4.394861 -7.333330 2.797363
v -4.394861 -7.333330 2.797363
v -4.297383 -7.339829 2.797363
v -4.367773 -7.149986 2.873884
v -4.297383 -7.339829 2.797363
v -4.291232 -7.155088 2.873884
v -4.367773 -7.149986 2.873884
v -4.291232 -7.155088 -2.873884
v -2.619153 -7.155088 -2.873884
v -4.297383 -7.339829 -2.797362
v -2.619153 -7.155088 -2.873884
v -2.803894 -7.339829 -2.797362
v -4.297383 -7.339829 -2.797362
v -4.297383 -7.339829 -2.797362
v -2.803894 -7.339829 -2.797362
v -4.299930 -7.416351 -2.612622
v -2.803894 -7.339829 -2.797362
v -2.880416 -7.416351 -2.612622
v -4.299930 -7.416351 -2.612622
v -4.299930 -7.416351 -2.612622
v -2.880416 -7.416351 -2.612622
v -4.299930 -7.416351 2.612622
v -2.880416 -7.416351 -2.612622
v -2.880416 -7.416351 2.612622
v -4.299930 -7.416351 2.612622
v -4.299930 -7.416351 2.612622
v -2.880416 -7.416351 2.612622
v -4.297383 -7.339829 2.797363
v -2.880416 -7.416351 2.612622
v -2.803894 -7.339829 2.797363
v -4.297383 -7.339829 2.797363
v -4.297383 -7.339829 2.797363
v -2.803894 -7.339829 2.797363
v -4.291232 -7.155088 2.873884
v -2.803894 -7.339829 2.797363
v -2.619153 -7.155088 2.873884
v -4.291232 -7.155088 2.873884
v -2.619153 -7.155088 -2.873884
v -2.619153 -19.382160 -2.873884
v -2.803894 -7.339829 -2.797362
v -2.619153 -19.382160 -2.873884
v -2.803894 -19.388311 -2.797362
v -2.803894 -7.339829 -2.797362
v -2.803894 -7.339829 -2.797362
v -2.803894 -19.388311 -2.797362
v -2.880416 -7.416351 -2.612622
v -2.803894 -19.388311 -2.797362
v -2.880416 -19.390859 -2.612622
v -2.880416 -7.416351 -2.612622
v -2.880416 -7.416351 -2.612622
v -2.880416 -19.390859 -2.612622
v -2.880416 -7.416351 2.612622
v -2.880416 -19.390859 -2.612622
v -2.880416 -19.390859 2.612622
v -2.880416 -7.416351 2.612622
v -2.880416 -7.416351 2.612622
v -2.880416 -19.390859 2.612622
v -2.803894 -7.339829 2.797363
v -2.880416 -19.390859 2.612622
v -2.803894 -19.388311 2.797363
v -2.803894 -7.339829 2.797363
v -2.803894 -7.339829 2.797363
v -2.803894 -19.388311 2.797363
v -2.619153 -7.155088 2.873884
v -2.803894 -19.388311 2.797363
v -2.619153 -19.382160 2.873884
v -2.619153 -7.155088 2.873884
v -2.619153 -19.382160 -2.873884
v -2.614051 -19.458702 -2.873884
v -2.803894 -19.388311 -2.797362
v -2.614051 -19.458702 -2.873884
v -2.797395 -19.485790 -2.797362
v -2.803894 -19.388311 -2.797362
v -2.803894 -19.388311 -2.797362
v -2.797395 -19.485790 -2.797362
v -2.880416 -19.390859 -2.612622
v -2.797395 -19.485790 -2.797362
v -2.873339 -19.497010 -2.612622
v -2.880416 -19.390859 -2.612622
v -2.880416 -19.390859 -2.612622
v -2.873339 -19.497010 -2.612622
v -2.880416 -19.390859 2.612622
v -2.873339 -19.497010 -2.612622
v -2.873339 -19.497010 2.612622
v -2.880416 -19.390859 2.612622
v -2.880416 -19.390859 2.612622
v -2.873339 -19.497010 2.612622
v -2.803894 -19.388311 2.797363
v -2.873339 -19.497010 2.612622
v -2.797395 -19.485790 2.797363
v -2.803894 -19.388311 2.797363
v -2.803894 -19.388311 2.797363
v -2.797395 -19.485790 2.797363
v -2.619153 -19.382160 2.873884
v -2.797395 -19.485790 2.797363
v -2.614051 -19.458702 2.873884
v -2.619153 -19.382160 2.873884
v -2.614051 -19.458702 -2.873884
v -2.598742 -19.525038 -2.873884
v -2.797395 -19.485790 -2.797362
v -2.598742 -19.525038 -2.873884
v -2.774587 -19.584624 -2.797362
v -2.797395 -19.485790 -2.797362
v -2.797395 -19.485790 -2.797362
v -2.774587 -19.584624 -2.797362
v -2.873339 -19.497010 -2.612622
v -2.774587 -19.584624 -2.797362
v -2.847425 -19.609305 -2.612622
v -2.873339 -19.497010 -2.612622
v -2.873339 -19.497010 -2.612622
v -2.847425 -19.609305 -2.612622
v -2.873339 -19.497010 2.612622
v -2.847425 -19.609305 -2.612622
v -2.847425 -19.609305 2.612622
v -2.873339 -19.497010 2.612622
v -2.873339 -19.497010 2.612622
v -2.847425 -19.609305 2.612622
v -2.797395 -19.485790 2.797363
v -2.847425 -19.609305 2.612622
v -2.774587 -19.584624 2.797363
v -2.797395 -19.485790 2.797363
v -2.797395 -19.485790 2.797363
v -2.774587 -19.584624 2.797363
v -2.614051 -19.458702 2.873884
v -2.774587 -19.584624 2.797363
v -2.598742 -19.525038 2.873884
v -2.614051 -19.458702 2.873884
v -2.598742 -19.525038 -2.873884
v -2.573228 -19.581168 -2.873884
v -2.774587 -19.584624 -2.797362
v -2.573228 -19.581168 -2.873884
v -2.732409 -19.677417 -2.797362
v -2.774587 -19.584624 -2.797362
v -2.774587 -19.584624 -2.797362
v -2.732409 -19.677417 -2.797362
v -2.847425 -19.609305 -2.612622
v -2.732409 -19.677417 -2.797362
v -2.798343 -19.717285 -2.612622
v -2.847425 -19.609305 -2.612622
v -2.847425 -19.609305 -2.612622
v -2.798343 -19.717285 -2.612622
v -2.847425 -19.609305 2.612622
v -2.798343 -19.717285 -2.612622
v -2.798343 -19.717285 2.612622
v -2.847425 -19.609305 2.612622
v -2.847425 -19.609305 2.612622
v -2.798343 -19.717285 2.612622
v -2.774587 -19.584624 2.797363
v -2.798343 -19.717285 2.612622
v -2.732409 -19.677417 2.797363
v -2.774587 -19.584624 2.797363
v -2.774587 -19.584624 2.797363
v -2.732409 -19.677417 2.797363
v -2.598742 -19.525038 2.873884
v -2.732409 -19.677417 2.797363
v -2.573228 -19.581168 2.873884
v -2.598742 -19.525038 2.873884
v -2.573228 -19.581168 -2.873884
v -2.537509 -19.627093 -2.873884
v -2.732409 -19.677417 -2.797362
v -2.537509 -19.627093 -2.873884
v -2.669157 -19.758741 -2.797362
v -2.732409 -19.677417 -2.797362
v -2.732409 -19.677417 -2.797362
v -2.669157 -19.758741 -2.797362
v -2.798343 -19.717285 -2.612622
v -2.669157 -19.758741 -2.797362
v -2.723687 -19.813271 -2.612622
v -2.798343 -19.717285 -2.612622
v -2.798343 -19.717285 -2.612622
v -2.723687 -19.813271 -2.612622
v -2.798343 -19.717285 2.612622
v -2.723687 -19.813271 -2.612622
v -2.723687 -19.813271 2.612622
v -2.798343 -19.717285 2.612622
v -2.798343 -19.717285 2.612622
v -2.723687 -19.813271 2.612622
v -2.732409 -19.677417 2.797363
v -2.723687 -19.813271 2.612622
v -2.669157 -19.758741 2.797363
v -2.732409 -19.677417 2.797363
v -2.732409 -19.677417 2.797363
v -2.669157 -19.758741 2.797363
v -2.573228 -19.581168 2.873884
v -2.669157 -19.758741 2.797363
v -2.537509 -19.627093 2.873884
v -2.573228 -19.581168 2.873884
v -2.537509 -19.627093 -2.873884
v -2.491584 -19.662813 -2.873884
v -2.669157 -19.758741 -2.797362
v -2.491584 -19.662813 -2.873884
v -2.587833 -19.821993 -2.797362
v -2.669157 -19.758741 -2.797362
v -2.669157 -19.758741 -2.797362
v -2.587833 -19.821993 -2.797362
v -2.723687 -19.813271 -2.612622
v -2.587833 -19.821993 -2.797362
v -2.627700 -19.887927 -2.612622
v -2.723687 -19.813271 -2.612622
v -2.723687 -19.813271 -2.612622
v -2.627700 -19.887927 -2.612622
v -2.723687 -19.813271 2.612622
v -2.627700 -19.887927 -2.612622
v -2.627700 -19.887927 2.612622
v -2.723687 -19.813271 2.612622
v -2.723687 -19.813271 2.612622
v -2.627700 -19.887927 2.612622
v -2.669157 -19.758741 2.797363
v -2.627700 -19.887927 2.612622
v -2.587833 -19.821993 2.797363
v -2.669157 -19.758741 2.797363
v -2.669157 -19.758741 2.797363
v -2.587833 -19.821993 2.797363
v -2.537509 -19.627093 2.873884
v -2.587833 -19.821993 2.797363
v -2.491584 -19.662813 2.873884
v -2.537509 -19.627093 2.873884
v -2.491584 -19.662813 -2.873884
v -2.435453 -19.688327 -2.873884
v -2.587833 -19.821993 -2.797362
v -2.435453 -19.688327 -2.873884
v -2.495040 -19.864172 -2.797362
v -2.587833 -19.821993 -2.797362
v -2.587833 -19.821993 -2.797362
v -2.495040 -19.864172 -2.797362
v -2.627700 -19.887927 -2.612622
v -2.495040 -19.864172 -2.797362
v -2.519721 -19.937009 -2.612622
v -2.627700 -19.887927 -2.612622
v -2.627700 -19.887927 -2.612622
v -2.519721 -19.937009 -2.612622
v -2.627700 -19.887927 2.612622
v -2.519721 -19.937009 -2.612622
v -2.519721 -19.937009 2.612622
v -2.627700 -19.887927 2.612622
v -2.627700 -19.887927 2.612622
v -2.519721 -19.937009 2.612622
v -2.587833 -19.821993 2.797363
v -2.519721 -19.937009 2.612622
v -2.495040 -19.864172 2.797363
v -2.587833 -19.821993 2.797363
v -2.587833 -19.821993 2.797363
v -2.495040 -19.864172 2.797363
v -2.491584 -19.662813 2.873884
v -2.495040 -19.864172 2.797363
v -2.435453 -19.688327 2.873884
v -2.491584 -19.662813 2.873884
v -2.435453 -19.688327 -2.873884
v -2.369117 -19.703635 -2.873884
v -2.495040 -19.864172 -2.797362
v -2.369117 -19.703635 -2.873884
v -2.396205 -19.886979 -2.797362
v -2.495040 -19.864172 -2.797362
v -2.495040 -19.864172 -2.797362
v -2.396205 -19.886979 -2.797362
v -2.519721 -19.937009 -2.612622
v -2.396205 -19.886979 -2.797362
v -2.407426 -19.962923 -2.612622
v -2.519721 -19.937009 -2.612622
v -2.519721 -19.937009 -2.612622
v -2.407426 -19.962923 -2.612622
v -2.519721 -19.937009 2.612622
v -2.407426 -19.962923 -2.612622
v -2.407426 -19.962923 2.612622
v -2.519721 -19.937009 2.612622
v -2.519721 -19.937009 2.612622
v -2.407426 -19.962923 2.612622
v -2.495040 -19.864172 2.797363
v -2.407426 -19.962923 2.612622
v -2.396205 -19.886979 2.797363
v -2.495040 -19.864172 2.797363
v -2.495040 -19.864172 2.797363
v -2.396205 -19.886979 2.797363
v -2.435453 -19.688327 2.873884
v -2.396205 -19.886979 2.797363
v -2.369117 -19.703635 2.873884
v -2.435453 -19.688327 2.873884
v -2.369117 -19.703635 -2.873884
v -2.292576 -19.708738 -2.873884
v -2.396205 -19.886979 -2.797362
v -2.292576 -19.708738 -2.873884
v -2.298727 -19.893478 -2.797362
v -2.396205 -19.886979 -2.797362
v -2.396205 -19.886979 -2.797362
v -2.298727 -19.893478 -2.797362
v -2.407426 -19.962923 -2.612622
v -2.298727 -19.893478 -2.797362
v -2.301275 -19.970000 -2.612622
v -2.407426 -19.962923 -2.612622
v -2.407426 -19.962923 -2.612622
v -2.301275 -19.970000 -2.612622
v -2.407426 -19.962923 2.612622
v -2.301275 -19.970000 -2.612622
v -2.301275 -19.970000 2.612622
v -2.407426 -19.962923 2.612622
v -2.407426 -19.962923 2.612622
v -2.301275 -19.970000 2.612622
v -2.396205 -19.886979 2.797363
v -2.301275 -19.970000 2.612622
v -2.298727 -19.893478 2.797363
v -2.396205 -19.886979 2.797363
v -2.396205 -19.886979 2.797363
v -2.298727 -19.893478 2.797363
v -2.369117 -19.703635 2.873884
v -2.298727 -19.893478 2.797363
v -2.292576 -19.708738 2.873884
v -2.369117 -19.703635 2.873884
v -2.292576 -19.708738 -2.873884
v 2.279513 -19.708738 -2.873884
v -2.298727 -19.893478 -2.797362
v 2.279513 -19.708738 -2.873884
v 2.285664 -19.893478 -2.797362
v -2.298727 -19.893478 -2.797362
v -2.298727 -19.893478 -2.797362
v 2.285664 -19.893478 -2.797362
v -2.301275 -19.970000 -2.612622
v 2.285664 -19.893478 -2.797362
v 2.288212 -19.970000 -2.612622
v -2.301275 -19.970000 -2.612622
v -2.301275 -19.970000 -2.612622
v 2.288212 -19.970000 -2.612622
v -2.301275 -19.970000 2.612622
v 2.288212 -19.970000 -2.612622
v 2.288212 -19.970000 2.612622
v -2.301275 -19.970000 2.612622
v -2.301275 -19.970000 2.612622
v 2.288212 -19.970000 2.612622
v -2.298727 -19.893478 2.797363
v 2.288212 -19.970000 2.612622
v 2.285664 -19.893478 2.797363
v -2.298727 -19.893478 2.797363
v -2.298727 -19.893478 2.797363
v 2.285664 -19.893478 2.797363
v -2.292576 -19.708738 2.873884
v 2.285664 -19.893478 2.797363
v 2.279513 -19.708738 2.873884
v -2.292576 -19.708738 2.873884
vt 586 0
vt 236 0
vt 230.140625 0.390625
vt 596.9375 1.5625
vt 591.859375 0.390625
vt 586 0
vt 604.75 6.25
vt 601.234375 3.515625
vt 596.9375 1.5625
vt 609.4375 14.0625
vt 607.484375 9.765625
vt 604.75 6.25
vt 611 25
vt 610.609375 19.140625
vt 609.4375 14.0625
vt 745.859375 961.390625
vt 740 961
vt 611 961
vt 755.234375 964.515625
vt 750.9375 962.5625
vt 745.859375 961.390625
vt 761.484375 970.765625
vt 758.75 967.25
vt 755.234375 964.515625
vt 764.609375 980.140625
vt 763.4375 975.0625
vt 761.484375 970.765625
vt 765 1308
vt 765 986
vt 764.609375 980.140625
vt 763.4375 1318.9375
vt 764.609375 1313.859375
vt 765 1308
vt 758.75 1326.75
vt 761.484375 1323.234375
vt 763.4375 1318.9375
vt 750.9375 1331.4375
vt 755.234375 1329.484375
vt 758.75 1326.75
vt 740 1333
vt 745.859375 1332.609375
vt 750.9375 1331.4375
vt 77.140625 1332.609375
vt 83 1333
vt 740 1333
vt 67.765625 1329.484375
vt 72.0625 1331.4375
vt 77.140625 1332.609375
vt 61.515625 1323.234375
vt 64.25 1326.75
vt 67.765625 1329.484375
vt 58.390625 1313.859375
vt 59.5625 1318.9375
vt 61.515625 1323.234375
vt 58 986
vt 58 1308
vt 58.390625 1313.859375
vt 59.5625 975.0625
vt 58.390625 980.140625
vt 58 986
vt 64.25 967.25
vt 61.515625 970.765625
vt 59.5625 975.0625
vt 72.0625 962.5625
vt 67.765625 964.515625
vt 64.25 967.25
vt 83 961
vt 77.140625 961.390625
vt 72.0625 962.5625
vt 211.390625 19.140625
vt 211 25
vt 211 961
vt 214.515625 9.765625
vt 212.5625 14.0625
vt 211.390625 19.140625
vt 220.765625 3.515625
vt 217.25 6.25
vt 214.515625 9.765625
vt 230.140625 0.390625
vt 225.0625 1.5625
vt 220.765625 3.515625
vt 596.9375 1.5625
vt 586 0
vt 230.140625 0.390625
vt 609.4375 14.0625
vt 604.75 6.25
vt 596.9375 1.5625
vt 611 961
vt 611 25
vt 609.4375 14.0625
vt 755.234375 964.515625
vt 745.859375 961.390625
vt 611 961
vt 764.609375 980.140625
vt 761.484375 970.765625
vt 755.234375 964.515625
vt 763.4375 1318.9375
vt 765 1308
vt 764.609375 980.140625
vt 750.9375 1331.4375
vt 758.75 1326.75
vt 763.4375 1318.9375
vt 77.140625 1332.609375
vt 740 1333
vt 750.9375 1331.4375
vt 61.515625 1323.234375
vt 67.765625 1329.484375
vt 77.140625 1332.609375
vt 58 986
vt 58.390625 1313.859375
vt 61.515625 1323.234375
vt 64.25 967.25
vt 59.5625 975.0625
vt 58 986
vt 83 961
vt 72.0625 962.5625
vt 64.25 967.25
vt 214.515625 9.765625
vt 211.390625 19.140625
vt 211 961
vt 230.140625 0.390625
vt 220.765625 3.515625
vt 214.515625 9.765625
vt 609.4375 14.0625
vt 596.9375 1.5625
vt 230.140625 0.390625
vt 764.609375 980.140625
vt 755.234375 964.515625
vt 611 961
vt 750.9375 1331.4375
vt 763.4375 1318.9375
vt 764.609375 980.140625
vt 61.515625 1323.234375
vt 77.140625 1332.609375
vt 750.9375 1331.4375
vt 64.25 967.25
vt 58 986
vt 61.515625 1323.234375
vt 211 961
vt 83 961
vt 64.25 967.25
vt 230.140625 0.390625
vt 214.515625 9.765625
vt 211 961
vt 611 961
vt 609.4375 14.0625
vt 230.140625 0.390625
vt 750.9375 1331.4375
vt 764.609375 980.140625
vt 611 961
vt 64.25 967.25
vt 61.515625 1323.234375
vt 750.9375 1331.4375
vt 611 961
vt 230.140625 0.390625
vt 211 961
vt 64.25 967.25
vt 750.9375 1331.4375
vt 611 961
vt 611 961
vt 211 961
vt 64.25 967.25
vt 230.140625 0.390625
vt 236 0
vt 586 0
vt 586 0
vt 591.859375 0.390625
vt 596.9375 1.5625
vt 596.9375 1.5625
vt 601.234375 3.515625
vt 604.75 6.25
vt 604.75 6.25
vt 607.484375 9.765625
vt 609.4375 14.0625
vt 609.4375 14.0625
vt 610.609375 19.140625
vt 611 25
vt 611 961
vt 740 961
vt 745.859375 961.390625
vt 745.859375 961.390625
vt 750.9375 962.5625
vt 755.234375 964.515625
vt 755.234375 964.515625
vt 758.75 967.25
vt 761.484375 970.765625
vt 761.484375 970.765625
vt 763.4375 975.0625
vt 764.609375 980.140625
vt 764.609375 980.140625
vt 765 986
vt 765 1308
vt 765 1308
vt 764.609375 1313.859375
vt 763.4375 1318.9375
vt 763.4375 1318.9375
vt 761.484375 1323.234375
vt 758.75 1326.75
vt 758.75 1326.75
vt 755.234375 1329.484375
vt 750.9375 1331.4375
vt 750.9375 1331.4375
vt 745.859375 1332.609375
vt 740 1333
vt 740 1333
vt 83 1333
vt 77.140625 1332.609375
vt 77.140625 1332.609375
vt 72.0625 1331.4375
vt 67.765625 1329.484375
vt 67.765625 1329.484375
vt 64.25 1326.75
vt 61.515625 1323.234375
vt 61.515625 1323.234375
vt 59.5625 1318.9375
vt 58.390625 1313.859375
vt 58.390625 1313.859375
vt 58 1308
vt 58 986
vt 58 986
vt 58.390625 980.140625
vt 59.5625 975.0625
vt 59.5625 975.0625
vt 61.515625 970.765625
vt 64.25 967.25
vt 64.25 967.25
vt 67.765625 964.515625
vt 72.0625 962.5625
vt 72.0625 962.5625
vt 77.140625 961.390625
vt 83 961
vt 211 961
vt 211 25
vt 211.390625 19.140625
vt 211.390625 19.140625
vt 212.5625 14.0625
vt 214.515625 9.765625
vt 214.515625 9.765625
vt 217.25 6.25
vt 220.765625 3.515625
vt 220.765625 3.515625
vt 225.0625 1.5625
vt 230.140625 0.390625
vt 230.140625 0.390625
vt 586 0
vt 596.9375 1.5625
vt 596.9375 1.5625
vt 604.75 6.25
vt 609.4375 14.0625
vt 609.4375 14.0625
vt 611 25
vt 611 961
vt 611 961
vt 745.859375 961.390625
vt 755.234375 964.515625
vt 755.234375 964.515625
vt 761.484375 970.765625
vt 764.609375 980.140625
vt 764.609375 980.140625
vt 765 1308
vt 763.4375 1318.9375
vt 763.4375 1318.9375
vt 758.75 1326.75
vt 750.9375 1331.4375
vt 750.9375 1331.4375
vt 740 1333
vt 77.140625 1332.609375
vt 77.140625 1332.609375
vt 67.765625 1329.484375
vt 61.515625 1323.234375
vt 61.515625 1323.234375
vt 58.390625 1313.859375
vt 58 986
vt 58 986
vt 59.5625 975.0625
vt 64.25 967.25
vt 64.25 967.25
vt 72.0625 962.5625
vt 83 961
vt 211 961
vt 211.390625 19.140625
vt 214.515625 9.765625
vt 214.515625 9.765625
vt 220.765625 3.515625
vt 230.140625 0.390625
vt 230.140625 0.390625
vt 596.9375 1.5625
vt 609.4375 14.0625
vt 611 961
vt 755.234375 964.515625
vt 764.609375 980.140625
vt 764.609375 980.140625
vt 763.4375 1318.9375
vt 750.9375 1331.4375
vt 750.9375 1331.4375
vt 77.140625 1332.609375
vt 61.515625 1323.234375
vt 61.515625 1323.234375
vt 58 986
vt 64.25 967.25
vt 64.25 967.25
vt 83 961
vt 211 961
vt 211 961
vt 214.515625 9.765625
vt 230.140625 0.390625
vt 230.140625 0.390625
vt 609.4375 14.0625
vt 611 961
vt 611 961
vt 764.609375 980.140625
vt 750.9375 1331.4375
vt 750.9375 1331.4375
vt 61.515625 1323.234375
vt 64.25 967.25
vt 211 961
vt 230.140625 0.390625
vt 611 961
vt 611 961
vt 750.9375 1331.4375
vt 64.25 967.25
vt 64.25 967.25
vt 211 961
vt 611 961
vt 586 21
vt 591.859375 21
vt 586.4708862304688 15.142135620117188
vt 591.859375 21
vt 593.9329833984375 15.142135620117188
vt 586.4708862304688 15.142135620117188
vt 586.4708862304688 15.142135620117188
vt 593.9329833984375 15.142135620117188
vt 586.6659545898438 1
vt 593.9329833984375 15.142135620117188
vt 594.7919311523438 1
vt 586.6659545898438 1
vt 586.6659545898438 1
vt 594.7919311523438 1
vt 586.6659545898438 -399
vt 594.7919311523438 1
vt 594.7919311523438 -399
vt 586.6659545898438 -399
vt 586.6659545898438 -399
vt 594.7919311523438 -399
vt 586.4708862304688 -413.14215087890625
vt 594.7919311523438 -399
vt 593.9329833984375 -413.14215087890625
vt 586.4708862304688 -413.14215087890625
vt 586.4708862304688 -413.14215087890625
vt 593.9329833984375 -413.14215087890625
vt 586 -419
vt 593.9329833984375 -413.14215087890625
vt 591.859375 -419
vt 586 -419
vt 591.859375 21
vt 596.9375 21
vt 593.9329833984375 15.142135620117188
vt 596.9375 21
vt 601.4989013671875 15.142135620117188
vt 593.9329833984375 15.142135620117188
vt 593.9329833984375 15.142135620117188
vt 601.4989013671875 15.142135620117188
vt 594.7919311523438 1
vt 601.4989013671875 15.142135620117188
vt 603.3883056640625 1
vt 594.7919311523438 1
vt 594.7919311523438 1
vt 603.3883056640625 1
vt 594.7919311523438 -399
vt 603.3883056640625 1
vt 603.3883056640625 -399
vt 594.7919311523438 -399
vt 594.7919311523438 -399
vt 603.3883056640625 -399
vt 593.9329833984375 -413.14215087890625
vt 603.3883056640625 -399
vt 601.4989013671875 -413.14215087890625
vt 593.9329833984375 -413.14215087890625
vt 593.9329833984375 -413.14215087890625
vt 601.4989013671875 -413.14215087890625
vt 591.859375 -419
vt 601.4989013671875 -413.14215087890625
vt 596.9375 -419
vt 591.859375 -419
vt 596.9375 21
vt 601.234375 21
vt 601.4989013671875 15.142135620117188
vt 601.234375 21
vt 608.6023559570312 15.142135620117188
vt 601.4989013671875 15.142135620117188
vt 601.4989013671875 15.142135620117188
vt 608.6023559570312 15.142135620117188
vt 603.3883056640625 1
vt 608.6023559570312 15.142135620117188
vt 611.654296875 1
vt 603.3883056640625 1
vt 603.3883056640625 1
vt 611.654296875 1
vt 603.3883056640625 -399
vt 611.654296875 1
vt 611.654296875 -399
vt 603.3883056640625 -399
vt 603.3883056640625 -399
vt 611.654296875 -399
vt 601.4989013671875 -413.14215087890625
vt 611.654296875 -399
vt 608.6023559570312 -413.14215087890625
vt 601.4989013671875 -413.14215087890625
vt 601.4989013671875 -413.14215087890625
vt 608.6023559570312 -413.14215087890625
vt 596.9375 -419
vt 608.6023559570312 -413.14215087890625
vt 601.234375 -419
vt 596.9375 -419
vt 601.234375 21
vt 604.75 21
vt 608.6023559570312 15.142135620117188
vt 604.75 21
vt 614.8278198242188 15.142135620117188
vt 608.6023559570312 15.142135620117188
vt 608.6023559570312 15.142135620117188
vt 614.8278198242188 15.142135620117188
vt 611.654296875 1
vt 614.8278198242188 15.142135620117188
vt 619.002197265625 1
vt 611.654296875 1
vt 611.654296875 1
vt 619.002197265625 1
vt 611.654296875 -399
vt 619.002197265625 1
vt 619.002197265625 -399
vt 611.654296875 -399
vt 611.654296875 -399
vt 619.002197265625 -399
vt 608.6023559570312 -413.14215087890625
vt 619.002197265625 -399
vt 614.8278198242188 -413.14215087890625
vt 608.6023559570312 -413.14215087890625
vt 608.6023559570312 -413.14215087890625
vt 614.8278198242188 -413.14215087890625
vt 601.234375 -419
vt 614.8278198242188 -413.14215087890625
vt 604.75 -419
vt 601.234375 -419
vt 6.25 21
vt 9.765625 21
vt -3.827822208404541 15.142135620117188
vt 9.765625 21
vt 2.3976240158081055 15.142135620117188
vt -3.827822208404541 15.142135620117188
vt -3.827822208404541 15.142135620117188
vt 2.3976240158081055 15.142135620117188
vt -8.002192497253418 1
vt 2.3976240158081055 15.142135620117188
vt -0.6543018817901611 1
vt -8.002192497253418 1
vt -8.002192497253418 1
vt -0.6543018817901611 1
vt -8.002192497253418 -399
vt -0.6543018817901611 1
vt -0.6543018817901611 -399
vt -8.002192497253418 -399
vt -8.002192497253418 -399
vt -0.6543018817901611 -399
vt -3.827822208404541 -413.14215087890625
vt -0.6543018817901611 -399
vt 2.3976240158081055 -413.14215087890625
vt -3.827822208404541 -413.14215087890625
vt -3.827822208404541 -413.14215087890625
vt 2.3976240158081055 -413.14215087890625
vt 6.25 -419
vt 2.3976240158081055 -413.14215087890625
vt 9.765625 -419
vt 6.25 -419
vt 9.765625 21
vt 14.0625 21
vt 2.3976240158081055 15.142135620117188
vt 14.0625 21
vt 9.501090049743652 15.142135620117188
vt 2.3976240158081055 15.142135620117188
vt 2.3976240158081055 15.142135620117188
vt 9.501090049743652 15.142135620117188
vt -0.6543018817901611 1
vt 9.501090049743652 15.142135620117188
vt 7.611691951751709 1
vt -0.6543018817901611 1
vt -0.6543018817901611 1
vt 7.611691951751709 1
vt -0.6543018817901611 -399
vt 7.611691951751709 1
vt 7.611691951751709 -399
vt -0.6543018817901611 -399
vt -0.6543018817901611 -399
vt 7.611691951751709 -399
vt 2.3976240158081055 -413.14215087890625
vt 7.611691951751709 -399
vt 9.501090049743652 -413.14215087890625
vt 2.3976240158081055 -413.14215087890625
vt 2.3976240158081055 -413.14215087890625
vt 9.501090049743652 -413.14215087890625
vt 9.765625 -419
vt 9.501090049743652 -413.14215087890625
vt 14.0625 -419
vt 9.765625 -419
vt 14.0625 21
vt 19.140625 21
vt 9.501090049743652 15.142135620117188
vt 19.140625 21
vt 17.066986083984375 15.142135620117188
vt 9.501090049743652 15.142135620117188
vt 9.501090049743652 15.142135620117188
vt 17.066986083984375 15.142135620117188
vt 7.611691951751709 1
vt 17.066986083984375 15.142135620117188
vt 16.208057403564453 1
vt 7.611691951751709 1
vt 7.611691951751709 1
vt 16.208057403564453 1
vt 7.611691951751709 -399
vt 16.208057403564453 1
vt 16.208057403564453 -399
vt 7.611691951751709 -399
vt 7.611691951751709 -399
vt 16.208057403564453 -399
vt 9.501090049743652 -413.14215087890625
vt 16.208057403564453 -399
vt 17.066986083984375 -413.14215087890625
vt 9.501090049743652 -413.14215087890625
vt 9.501090049743652 -413.14215087890625
vt 17.066986083984375 -413.14215087890625
vt 14.0625 -419
vt 17.066986083984375 -413.14215087890625
vt 19.140625 -419
vt 14.0625 -419
vt 19.140625 21
vt 25 21
vt 17.066986083984375 15.142135620117188
vt 25 21
vt 24.529117584228516 15.142135620117188
vt 17.066986083984375 15.142135620117188
vt 17.066986083984375 15.142135620117188
vt 24.529117584228516 15.142135620117188
vt 16.208057403564453 1
vt 24.529117584228516 15.142135620117188
vt 24.33407211303711 1
vt 16.208057403564453 1
vt 16.208057403564453 1
vt 24.33407211303711 1
vt 16.208057403564453 -399
vt 24.33407211303711 1
vt 24.33407211303711 -399
vt 16.208057403564453 -399
vt 16.208057403564453 -399
vt 24.33407211303711 -399
vt 17.066986083984375 -413.14215087890625
vt 24.33407211303711 -399
vt 24.529117584228516 -413.14215087890625
vt 17.066986083984375 -413.14215087890625
vt 17.066986083984375 -413.14215087890625
vt 24.529117584228516 -413.14215087890625
vt 19.140625 -419
vt 24.529117584228516 -413.14215087890625
vt 25 -419
vt 19.140625 -419
vt 25 21
vt 961 21
vt 24.529117584228516 15.142135620117188
vt 961 21
vt 946.8578491210938 15.142135620117188
vt 24.529117584228516 15.142135620117188
vt 24.529117584228516 15.142135620117188
vt 946.8578491210938 15.142135620117188
vt 24.33407211303711 1
vt 946.8578491210938 15.142135620117188
vt 941 1
vt 24.33407211303711 1
vt 24.33407211303711 1
vt 941 1
vt 24.33407211303711 -399
vt 941 1
vt 941 -399
vt 24.33407211303711 -399
vt 24.33407211303711 -399
vt 941 -399
vt 24.529117584228516 -413.14215087890625
vt 941 -399
vt 946.8578491210938 -413.14215087890625
vt 24.529117584228516 -413.14215087890625
vt 24.529117584228516 -413.14215087890625
vt 946.8578491210938 -413.14215087890625
vt 25 -419
vt 946.8578491210938 -413.14215087890625
vt 961 -419
vt 25 -419
vt 611 21
vt 740 21
vt 625.1421508789062 15.142135620117188
vt 740 21
vt 740.4708862304688 15.142135620117188
vt 625.1421508789062 15.142135620117188
vt 625.1421508789062 15.142135620117188
vt 740.4708862304688 15.142135620117188
vt 631 1
vt 740.4708862304688 15.142135620117188
vt 740.6659545898438 1
vt 631 1
vt 631 1
vt 740.6659545898438 1
vt 631 -399
vt 740.6659545898438 1
vt 740.6659545898438 -399
vt 631 -399
vt 631 -399
vt 740.6659545898438 -399
vt 625.1421508789062 -413.14215087890625
vt 740.6659545898438 -399
vt 740.4708862304688 -413.14215087890625
vt 625.1421508789062 -413.14215087890625
vt 625.1421508789062 -413.14215087890625
vt 740.4708862304688 -413.14215087890625
vt 611 -419
vt 740.4708862304688 -413.14215087890625
vt 740 -419
vt 611 -419
vt 740 21
vt 745.859375 21
vt 740.4708862304688 15.142135620117188
vt 745.859375 21
vt 747.9329833984375 15.142135620117188
vt 740.4708862304688 15.142135620117188
vt 740.4708862304688 15.142135620117188
vt 747.9329833984375 15.142135620117188
vt 740.6659545898438 1
vt 747.9329833984375 15.142135620117188
vt 748.7919311523438 1
vt 740.6659545898438 1
vt 740.6659545898438 1
vt 748.7919311523438 1
vt 740.6659545898438 -399
vt 748.7919311523438 1
vt 748.7919311523438 -399
vt 740.6659545898438 -399
vt 740.6659545898438 -399
vt 748.7919311523438 -399
vt 740.4708862304688 -413.14215087890625
vt 748.7919311523438 -399
vt 747.9329833984375 -413.14215087890625
vt 740.4708862304688 -413.14215087890625
vt 740.4708862304688 -413.14215087890625
vt 747.9329833984375 -413.14215087890625
vt 740 -419
vt 747.9329833984375 -413.14215087890625
vt 745.859375 -419
vt 740 -419
vt 745.859375 21
vt 750.9375 21
vt 747.9329833984375 15.142135620117188
vt 750.9375 21
vt 755.4989013671875 15.142135620117188
vt 747.9329833984375 15.142135620117188
vt 747.9329833984375 15.142135620117188
vt 755.4989013671875 15.142135620117188
vt 748.7919311523438 1
vt 755.4989013671875 15.142135620117188
vt 757.3883056640625 1
vt 748.7919311523438 1
vt 748.7919311523438 1
vt 757.3883056640625 1
vt 748.7919311523438 -399
vt 757.3883056640625 1
vt 757.3883056640625 -399
vt 748.7919311523438 -399
vt 748.7919311523438 -399
vt 757.3883056640625 -399
vt 747.9329833984375 -413.14215087890625
vt 757.3883056640625 -399
vt 755.4989013671875 -413.14215087890625
vt 747.9329833984375 -413.14215087890625
vt 747.9329833984375 -413.14215087890625
vt 755.4989013671875 -413.14215087890625
vt 745.859375 -419
vt 755.4989013671875 -413.14215087890625
vt 750.9375 -419
vt 745.859375 -419
vt 750.9375 21
vt 755.234375 21
vt 755.4989013671875 15.142135620117188
vt 755.234375 21
vt 762.6023559570312 15.142135620117188
vt 755.4989013671875 15.142135620117188
vt 755.4989013671875 15.142135620117188
vt 762.6023559570312 15.142135620117188
vt 757.3883056640625 1
vt 762.6023559570312 15.142135620117188
vt 765.654296875 1
vt 757.3883056640625 1
vt 757.3883056640625 1
vt 765.654296875 1
vt 757.3883056640625 -399
vt 765.654296875 1
vt 765.654296875 -399
vt 757.3883056640625 -399
vt 757.3883056640625 -399
vt 765.654296875 -399
vt 755.4989013671875 -413.14215087890625
vt 765.654296875 -399
vt 762.6023559570312 -413.14215087890625
vt 755.4989013671875 -413.14215087890625
vt 755.4989013671875 -413.14215087890625
vt 762.6023559570312 -413.14215087890625
vt 750.9375 -419
vt 762.6023559570312 -413.14215087890625
vt 755.234375 -419
vt 750.9375 -419
vt 755.234375 21
vt 758.75 21
vt 762.6023559570312 15.142135620117188
vt 758.75 21
vt 768.8278198242188 15.142135620117188
vt 762.6023559570312 15.142135620117188
vt 762.6023559570312 15.142135620117188
vt 768.8278198242188 15.142135620117188
vt 765.654296875 1
vt 768.8278198242188 15.142135620117188
vt 773.002197265625 1
vt 765.654296875 1
vt 765.654296875 1
vt 773.002197265625 1
vt 765.654296875 -399
vt 773.002197265625 1
vt 773.002197265625 -399
vt 765.654296875 -399
vt 765.654296875 -399
vt 773.002197265625 -399
vt 762.6023559570312 -413.14215087890625
vt 773.002197265625 -399
vt 768.8278198242188 -413.14215087890625
vt 762.6023559570312 -413.14215087890625
vt 762.6023559570312 -413.14215087890625
vt 768.8278198242188 -413.14215087890625
vt 755.234375 -419
vt 768.8278198242188 -413.14215087890625
vt 758.75 -419
vt 755.234375 -419
vt 967.25 21
vt 970.765625 21
vt 957.1721801757812 15.142135620117188
vt 970.765625 21
vt 963.3976440429688 15.142135620117188
vt 957.1721801757812 15.142135620117188
vt 957.1721801757812 15.142135620117188
vt 963.3976440429688 15.142135620117188
vt 952.997802734375 1
vt 963.3976440429688 15.142135620117188
vt 960.345703125 1
vt 952.997802734375 1
vt 952.997802734375 1
vt 960.345703125 1
vt 952.997802734375 -399
vt 960.345703125 1
vt 960.345703125 -399
vt 952.997802734375 -399
vt 952.997802734375 -399
vt 960.345703125 -399
vt 957.1721801757812 -413.14215087890625
vt 960.345703125 -399
vt 963.3976440429688 -413.14215087890625
vt 957.1721801757812 -413.14215087890625
vt 957.1721801757812 -413.14215087890625
vt 963.3976440429688 -413.14215087890625
vt 967.25 -419
vt 963.3976440429688 -413.14215087890625
vt 970.765625 -419
vt 967.25 -419
vt 970.765625 21
vt 975.0625 21
vt 963.3976440429688 15.142135620117188
vt 975.0625 21
vt 970.5010986328125 15.142135620117188
vt 963.3976440429688 15.142135620117188
vt 963.3976440429688 15.142135620117188
vt 970.5010986328125 15.142135620117188
vt 960.345703125 1
vt 970.5010986328125 15.142135620117188
vt 968.6116943359375 1
vt 960.345703125 1
vt 960.345703125 1
vt 968.6116943359375 1
vt 960.345703125 -399
vt 968.6116943359375 1
vt 968.6116943359375 -399
vt 960.345703125 -399
vt 960.345703125 -399
vt 968.6116943359375 -399
vt 963.3976440429688 -413.14215087890625
vt 968.6116943359375 -399
vt 970.5010986328125 -413.14215087890625
vt 963.3976440429688 -413.14215087890625
vt 963.3976440429688 -413.14215087890625
vt 970.5010986328125 -413.14215087890625
vt 970.765625 -419
vt 970.5010986328125 -413.14215087890625
vt 975.0625 -419
vt 970.765625 -419
vt 975.0625 21
vt 980.140625 21
vt 970.5010986328125 15.142135620117188
vt 980.140625 21
vt 978.0670166015625 15.142135620117188
vt 970.5010986328125 15.142135620117188
vt 970.5010986328125 15.142135620117188
vt 978.0670166015625 15.142135620117188
vt 968.6116943359375 1
vt 978.0670166015625 15.142135620117188
vt 977.2080688476562 1
vt 968.6116943359375 1
vt 968.6116943359375 1
vt 977.2080688476562 1
vt 968.6116943359375 -399
vt 977.2080688476562 1
vt 977.2080688476562 -399
vt 968.6116943359375 -399
vt 968.6116943359375 -399
vt 977.2080688476562 -399
vt 970.5010986328125 -413.14215087890625
vt 977.2080688476562 -399
vt 978.0670166015625 -413.14215087890625
vt 970.5010986328125 -413.14215087890625
vt 970.5010986328125 -413.14215087890625
vt 978.0670166015625 -413.14215087890625
vt 975.0625 -419
vt 978.0670166015625 -413.14215087890625
vt 980.140625 -419
vt 975.0625 -419
vt 980.140625 21
vt 986 21
vt 978.0670166015625 15.142135620117188
vt 986 21
vt 985.5291137695312 15.142135620117188
vt 978.0670166015625 15.142135620117188
vt 978.0670166015625 15.142135620117188
vt 985.5291137695312 15.142135620117188
vt 977.2080688476562 1
vt 985.5291137695312 15.142135620117188
vt 985.3340454101562 1
vt 977.2080688476562 1
vt 977.2080688476562 1
vt 985.3340454101562 1
vt 977.2080688476562 -399
vt 985.3340454101562 1
vt 985.3340454101562 -399
vt 977.2080688476562 -399
vt 977.2080688476562 -399
vt 985.3340454101562 -399
vt 978.0670166015625 -413.14215087890625
vt 985.3340454101562 -399
vt 985.5291137695312 -413.14215087890625
vt 978.0670166015625 -413.14215087890625
vt 978.0670166015625 -413.14215087890625
vt 985.5291137695312 -413.14215087890625
vt 980.140625 -419
vt 985.5291137695312 -413.14215087890625
vt 986 -419
vt 980.140625 -419
vt 986 21
vt 1308 21
vt 985.5291137695312 15.142135620117188
vt 1308 21
vt 1308.4708251953125 15.142135620117188
vt 985.5291137695312 15.142135620117188
vt 985.5291137695312 15.142135620117188
vt 1308.4708251953125 15.142135620117188
vt 985.3340454101562 1
vt 1308.4708251953125 15.142135620117188
vt 1308.6658935546875 1
vt 985.3340454101562 1
vt 985.3340454101562 1
vt 1308.6658935546875 1
vt 985.3340454101562 -399
vt 1308.6658935546875 1
vt 1308.6658935546875 -399
vt 985.3340454101562 -399
vt 985.3340454101562 -399
vt 1308.6658935546875 -399
vt 985.5291137695312 -413.14215087890625
vt 1308.6658935546875 -399
vt 1308.4708251953125 -413.14215087890625
vt 985.5291137695312 -413.14215087890625
vt 985.5291137695312 -413.14215087890625
vt 1308.4708251953125 -413.14215087890625
vt 986 -419
vt 1308.4708251953125 -413.14215087890625
vt 1308 -419
vt 986 -419
vt 1308 21
vt 1313.859375 21
vt 1308.4708251953125 15.142135620117188
vt 1313.859375 21
vt 1315.9329833984375 15.142135620117188
vt 1308.4708251953125 15.142135620117188
vt 1308.4708251953125 15.142135620117188
vt 1315.9329833984375 15.142135620117188
vt 1308.6658935546875 1
vt 1315.9329833984375 15.142135620117188
vt 1316.7919921875 1
vt 1308.6658935546875 1
vt 1308.6658935546875 1
vt 1316.7919921875 1
vt 1308.6658935546875 -399
vt 1316.7919921875 1
vt 1316.7919921875 -399
vt 1308.6658935546875 -399
vt 1308.6658935546875 -399
vt 1316.7919921875 -399
vt 1308.4708251953125 -413.14215087890625
vt 1316.7919921875 -399
vt 1315.9329833984375 -413.14215087890625
vt 1308.4708251953125 -413.14215087890625
vt 1308.4708251953125 -413.14215087890625
vt 1315.9329833984375 -413.14215087890625
vt 1308 -419
vt 1315.9329833984375 -413.14215087890625
vt 1313.859375 -419
vt 1308 -419
vt 1313.859375 21
vt 1318.9375 21
vt 1315.9329833984375 15.142135620117188
vt 1318.9375 21
vt 1323.4989013671875 15.142135620117188
vt 1315.9329833984375 15.142135620117188
vt 1315.9329833984375 15.142135620117188
vt 1323.4989013671875 15.142135620117188
vt 1316.7919921875 1
vt 1323.4989013671875 15.142135620117188
vt 1325.3883056640625 1
vt 1316.7919921875 1
vt 1316.7919921875 1
vt 1325.3883056640625 1
vt 1316.7919921875 -399
vt 1325.3883056640625 1
vt 1325.3883056640625 -399
vt 1316.7919921875 -399
vt 1316.7919921875 -399
vt 1325.3883056640625 -399
vt 1315.9329833984375 -413.14215087890625
vt 1325.3883056640625 -399
vt 1323.4989013671875 -413.14215087890625
vt 1315.9329833984375 -413.14215087890625
vt 1315.9329833984375 -413.14215087890625
vt 1323.4989013671875 -413.14215087890625
vt 1313.859375 -419
vt 1323.4989013671875 -413.14215087890625
vt 1318.9375 -419
vt 1313.859375 -419
vt 1318.9375 21
vt 1323.234375 21
vt 1323.4989013671875 15.142135620117188
vt 1323.234375 21
vt 1330.6024169921875 15.142135620117188
vt 1323.4989013671875 15.142135620117188
vt 1323.4989013671875 15.142135620117188
vt 1330.6024169921875 15.142135620117188
vt 1325.3883056640625 1
vt 1330.6024169921875 15.142135620117188
vt 1333.654296875 1
vt 1325.3883056640625 1
vt 1325.3883056640625 1
vt 1333.654296875 1
vt 1325.3883056640625 -399
vt 1333.654296875 1
vt 1333.654296875 -399
vt 1325.3883056640625 -399
vt 1325.3883056640625 -399
vt 1333.654296875 -399
vt 1323.4989013671875 -413.14215087890625
vt 1333.654296875 -399
vt 1330.6024169921875 -413.14215087890625
vt 1323.4989013671875 -413.14215087890625
vt 1323.4989013671875 -413.14215087890625
vt 1330.6024169921875 -413.14215087890625
vt 1318.9375 -419
vt 1330.6024169921875 -413.14215087890625
vt 1323.234375 -419
vt 1318.9375 -419
vt 1323.234375 21
vt 1326.75 21
vt 1330.6024169921875 15.142135620117188
vt 1326.75 21
vt 1336.827880859375 15.142135620117188
vt 1330.6024169921875 15.142135620117188
vt 1330.6024169921875 15.142135620117188
vt 1336.827880859375 15.142135620117188
vt 1333.654296875 1
vt 1336.827880859375 15.142135620117188
vt 1341.002197265625 1
vt 1333.654296875 1
vt 1333.654296875 1
vt 1341.002197265625 1
vt 1333.654296875 -399
vt 1341.002197265625 1
vt 1341.002197265625 -399
vt 1333.654296875 -399
vt 1333.654296875 -399
vt 1341.002197265625 -399
vt 1330.6024169921875 -413.14215087890625
vt 1341.002197265625 -399
vt 1336.827880859375 -413.14215087890625
vt 1330.6024169921875 -413.14215087890625
vt 1330.6024169921875 -413.14215087890625
vt 1336.827880859375 -413.14215087890625
vt 1323.234375 -419
vt 1336.827880859375 -413.14215087890625
vt 1326.75 -419
vt 1323.234375 -419
vt 758.75 21
vt 755.234375 21
vt 768.8278198242188 15.142135620117188
vt 755.234375 21
vt 762.6023559570312 15.142135620117188
vt 768.8278198242188 15.142135620117188
vt 768.8278198242188 15.142135620117188
vt 762.6023559570312 15.142135620117188
vt 773.002197265625 1
vt 762.6023559570312 15.142135620117188
vt 765.654296875 1
vt 773.002197265625 1
vt 773.002197265625 1
vt 765.654296875 1
vt 773.002197265625 -399
vt 765.654296875 1
vt 765.654296875 -399
vt 773.002197265625 -399
vt 773.002197265625 -399
vt 765.654296875 -399
vt 768.8278198242188 -413.14215087890625
vt 765.654296875 -399
vt 762.6023559570312 -413.14215087890625
vt 768.8278198242188 -413.14215087890625
vt 768.8278198242188 -413.14215087890625
vt 762.6023559570312 -413.14215087890625
vt 758.75 -419
vt 762.6023559570312 -413.14215087890625
vt 755.234375 -419
vt 758.75 -419
vt 755.234375 21
vt 750.9375 21
vt 762.6023559570312 15.142135620117188
vt 750.9375 21
vt 755.4989013671875 15.142135620117188
vt 762.6023559570312 15.142135620117188
vt 762.6023559570312 15.142135620117188
vt 755.4989013671875 15.142135620117188
vt 765.654296875 1
vt 755.4989013671875 15.142135620117188
vt 757.3883056640625 1
vt 765.654296875 1
vt 765.654296875 1
vt 757.3883056640625 1
vt 765.654296875 -399
vt 757.3883056640625 1
vt 757.3883056640625 -399
vt 765.654296875 -399
vt 765.654296875 -399
vt 757.3883056640625 -399
vt 762.6023559570312 -413.14215087890625
vt 757.3883056640625 -399
vt 755.4989013671875 -413.14215087890625
vt 762.6023559570312 -413.14215087890625
vt 762.6023559570312 -413.14215087890625
vt 755.4989013671875 -413.14215087890625
vt 755.234375 -419
vt 755.4989013671875 -413.14215087890625
vt 750.9375 -419
vt 755.234375 -419
vt 750.9375 21
vt 745.859375 21
vt 755.4989013671875 15.142135620117188
vt 745.859375 21
vt 747.9329833984375 15.142135620117188
vt 755.4989013671875 15.142135620117188
vt 755.4989013671875 15.142135620117188
vt 747.9329833984375 15.142135620117188
vt 757.3883056640625 1
vt 747.9329833984375 15.142135620117188
vt 748.7919311523438 1
vt 757.3883056640625 1
vt 757.3883056640625 1
vt 748.7919311523438 1
vt 757.3883056640625 -399
vt 748.7919311523438 1
vt 748.7919311523438 -399
vt 757.3883056640625 -399
vt 757.3883056640625 -399
vt 748.7919311523438 -399
vt 755.4989013671875 -413.14215087890625
vt 748.7919311523438 -399
vt 747.9329833984375 -413.14215087890625
vt 755.4989013671875 -413.14215087890625
vt 755.4989013671875 -413.14215087890625
vt 747.9329833984375 -413.14215087890625
vt 750.9375 -419
vt 747.9329833984375 -413.14215087890625
vt 745.859375 -419
vt 750.9375 -419
vt 745.859375 21
vt 740 21
vt 747.9329833984375 15.142135620117188
vt 740 21
vt 740.4708862304688 15.142135620117188
vt 747.9329833984375 15.142135620117188
vt 747.9329833984375 15.142135620117188
vt 740.4708862304688 15.142135620117188
vt 748.7919311523438 1
vt 740.4708862304688 15.142135620117188
vt 740.6659545898438 1
vt 748.7919311523438 1
vt 748.7919311523438 1
vt 740.6659545898438 1
vt 748.7919311523438 -399
vt 740.6659545898438 1
vt 740.6659545898438 -399
vt 748.7919311523438 -399
vt 748.7919311523438 -399
vt 740.6659545898438 -399
vt 747.9329833984375 -413.14215087890625
vt 740.6659545898438 -399
vt 740.4708862304688 -413.14215087890625
vt 747.9329833984375 -413.14215087890625
vt 747.9329833984375 -413.14215087890625
vt 740.4708862304688 -413.14215087890625
vt 745.859375 -419
vt 740.4708862304688 -413.14215087890625
vt 740 -419
vt 745.859375 -419
vt 740 21
vt 83 21
vt 740.4708862304688 15.142135620117188
vt 83 21
vt 82.52912139892578 15.142135620117188
vt 740.4708862304688 15.142135620117188
vt 740.4708862304688 15.142135620117188
vt 82.52912139892578 15.142135620117188
vt 740.6659545898438 1
vt 82.52912139892578 15.142135620117188
vt 82.33407592773438 1
vt 740.6659545898438 1
vt 740.6659545898438 1
vt 82.33407592773438 1
vt 740.6659545898438 -399
vt 82.33407592773438 1
vt 82.33407592773438 -399
vt 740.6659545898438 -399
vt 740.6659545898438 -399
vt 82.33407592773438 -399
vt 740.4708862304688 -413.14215087890625
vt 82.33407592773438 -399
vt 82.52912139892578 -413.14215087890625
vt 740.4708862304688 -413.14215087890625
vt 740.4708862304688 -413.14215087890625
vt 82.52912139892578 -413.14215087890625
vt 740 -419
vt 82.52912139892578 -413.14215087890625
vt 83 -419
vt 740 -419
vt 83 21
vt 77.140625 21
vt 82.52912139892578 15.142135620117188
vt 77.140625 21
vt 75.06698608398438 15.142135620117188
vt 82.52912139892578 15.142135620117188
vt 82.52912139892578 15.142135620117188
vt 75.06698608398438 15.142135620117188
vt 82.33407592773438 1
vt 75.06698608398438 15.142135620117188
vt 74.20806121826172 1
vt 82.33407592773438 1
vt 82.33407592773438 1
vt 74.20806121826172 1
vt 82.33407592773438 -399
vt 74.20806121826172 1
vt 74.20806121826172 -399
vt 82.33407592773438 -399
vt 82.33407592773438 -399
vt 74.20806121826172 -399
vt 82.52912139892578 -413.14215087890625
vt 74.20806121826172 -399
vt 75.06698608398438 -413.14215087890625
vt 82.52912139892578 -413.14215087890625
vt 82.52912139892578 -413.14215087890625
vt 75.06698608398438 -413.14215087890625
vt 83 -419
vt 75.06698608398438 -413.14215087890625
vt 77.140625 -419
vt 83 -419
vt 77.140625 21
vt 72.0625 21
vt 75.06698608398438 15.142135620117188
vt 72.0625 21
vt 67.50109100341797 15.142135620117188
vt 75.06698608398438 15.142135620117188
vt 75.06698608398438 15.142135620117188
vt 67.50109100341797 15.142135620117188
vt 74.20806121826172 1
vt 67.50109100341797 15.142135620117188
vt 65.6116943359375 1
vt 74.20806121826172 1
vt 74.20806121826172 1
vt 65.6116943359375 1
vt 74.20806121826172 -399
vt 65.6116943359375 1
vt 65.6116943359375 -399
vt 74.20806121826172 -399
vt 74.20806121826172 -399
vt 65.6116943359375 -399
vt 75.06698608398438 -413.14215087890625
vt 65.6116943359375 -399
vt 67.50109100341797 -413.14215087890625
vt 75.06698608398438 -413.14215087890625
vt 75.06698608398438 -413.14215087890625
vt 67.50109100341797 -413.14215087890625
vt 77.140625 -419
vt 67.50109100341797 -413.14215087890625
vt 72.0625 -419
vt 77.140625 -419
vt 72.0625 21
vt 67.765625 21
vt 67.50109100341797 15.142135620117188
vt 67.765625 21
vt 60.39762496948242 15.142135620117188
vt 67.50109100341797 15.142135620117188
vt 67.50109100341797 15.142135620117188
vt 60.39762496948242 15.142135620117188
vt 65.6116943359375 1
vt 60.39762496948242 15.142135620117188
vt 57.345699310302734 1
vt 65.6116943359375 1
vt 65.6116943359375 1
vt 57.345699310302734 1
vt 65.6116943359375 -399
vt 57.345699310302734 1
vt 57.345699310302734 -399
vt 65.6116943359375 -399
vt 65.6116943359375 -399
vt 57.345699310302734 -399
vt 67.50109100341797 -413.14215087890625
vt 57.345699310302734 -399
vt 60.39762496948242 -413.14215087890625
vt 67.50109100341797 -413.14215087890625
vt 67.50109100341797 -413.14215087890625
vt 60.39762496948242 -413.14215087890625
vt 72.0625 -419
vt 60.39762496948242 -413.14215087890625
vt 67.765625 -419
vt 72.0625 -419
vt 67.765625 21
vt 64.25 21
vt 60.39762496948242 15.142135620117188
vt 64.25 21
vt 54.172176361083984 15.142135620117188
vt 60.39762496948242 15.142135620117188
vt 60.39762496948242 15.142135620117188
vt 54.172176361083984 15.142135620117188
vt 57.345699310302734 1
vt 54.172176361083984 15.142135620117188
vt 49.997806549072266 1
vt 57.345699310302734 1
vt 57.345699310302734 1
vt 49.997806549072266 1
vt 57.345699310302734 -399
vt 49.997806549072266 1
vt 49.997806549072266 -399
vt 57.345699310302734 -399
vt 57.345699310302734 -399
vt 49.997806549072266 -399
vt 60.39762496948242 -413.14215087890625
vt 49.997806549072266 -399
vt 54.172176361083984 -413.14215087890625
vt 60.39762496948242 -413.14215087890625
vt 60.39762496948242 -413.14215087890625
vt 54.172176361083984 -413.14215087890625
vt 67.765625 -419
vt 54.172176361083984 -413.14215087890625
vt 64.25 -419
vt 67.765625 -419
vt 1326.75 21
vt 1323.234375 21
vt 1336.827880859375 15.142135620117188
vt 1323.234375 21
vt 1330.6024169921875 15.142135620117188
vt 1336.827880859375 15.142135620117188
vt 1336.827880859375 15.142135620117188
vt 1330.6024169921875 15.142135620117188
vt 1341.002197265625 1
vt 1330.6024169921875 15.142135620117188
vt 1333.654296875 1
vt 1341.002197265625 1
vt 1341.002197265625 1
vt 1333.654296875 1
vt 1341.002197265625 -399
vt 1333.654296875 1
vt 1333.654296875 -399
vt 1341.002197265625 -399
vt 1341.002197265625 -399
vt 1333.654296875 -399
vt 1336.827880859375 -413.14215087890625
vt 1333.654296875 -399
vt 1330.6024169921875 -413.14215087890625
vt 1336.827880859375 -413.14215087890625
vt 1336.827880859375 -413.14215087890625
vt 1330.6024169921875 -413.14215087890625
vt 1326.75 -419
vt 1330.6024169921875 -413.14215087890625
vt 1323.234375 -419
vt 1326.75 -419
vt 1323.234375 21
vt 1318.9375 21
vt 1330.6024169921875 15.142135620117188
vt 1318.9375 21
vt 1323.4989013671875 15.142135620117188
vt 1330.6024169921875 15.142135620117188
vt 1330.6024169921875 15.142135620117188
vt 1323.4989013671875 15.142135620117188
vt 1333.654296875 1
vt 1323.4989013671875 15.142135620117188
vt 1325.3883056640625 1
vt 1333.654296875 1
vt 1333.654296875 1
vt 1325.3883056640625 1
vt 1333.654296875 -399
vt 1325.3883056640625 1
vt 1325.3883056640625 -399
vt 1333.654296875 -399
vt 1333.654296875 -399
vt 1325.3883056640625 -399
vt 1330.6024169921875 -413.14215087890625
vt 1325.3883056640625 -399
vt 1323.4989013671875 -413.14215087890625
vt 1330.6024169921875 -413.14215087890625
vt 1330.6024169921875 -413.14215087890625
vt 1323.4989013671875 -413.14215087890625
vt 1323.234375 -419
vt 1323.4989013671875 -413.14215087890625
vt 1318.9375 -419
vt 1323.234375 -419
vt 1318.9375 21
vt 1313.859375 21
vt 1323.4989013671875 15.142135620117188
vt 1313.859375 21
vt 1315.9329833984375 15.142135620117188
vt 1323.4989013671875 15.142135620117188
vt 1323.4989013671875 15.142135620117188
vt 1315.9329833984375 15.142135620117188
vt 1325.3883056640625 1
vt 1315.9329833984375 15.142135620117188
vt 1316.7919921875 1
vt 1325.3883056640625 1
vt 1325.3883056640625 1
vt 1316.7919921875 1
vt 1325.3883056640625 -399
vt 1316.7919921875 1
vt 1316.7919921875 -399
vt 1325.3883056640625 -399
vt 1325.3883056640625 -399
vt 1316.7919921875 -399
vt 1323.4989013671875 -413.14215087890625
vt 1316.7919921875 -399
vt 1315.9329833984375 -413.14215087890625
vt 1323.4989013671875 -413.14215087890625
vt 1323.4989013671875 -413.14215087890625
vt 1315.9329833984375 -413.14215087890625
vt 1318.9375 -419
vt 1315.9329833984375 -413.14215087890625
vt 1313.859375 -419
vt 1318.9375 -419
vt 1313.859375 21
vt 1308 21
vt 1315.9329833984375 15.142135620117188
vt 1308 21
vt 1308.4708251953125 15.142135620117188
vt 1315.9329833984375 15.142135620117188
vt 1315.9329833984375 15.142135620117188
vt 1308.4708251953125 15.142135620117188
vt 1316.7919921875 1
vt 1308.4708251953125 15.142135620117188
vt 1308.6658935546875 1
vt 1316.7919921875 1
vt 1316.7919921875 1
vt 1308.6658935546875 1
vt 1316.7919921875 -399
vt 1308.6658935546875 1
vt 1308.6658935546875 -399
vt 1316.7919921875 -399
vt 1316.7919921875 -399
vt 1308.6658935546875 -399
vt 1315.9329833984375 -413.14215087890625
vt 1308.6658935546875 -399
vt 1308.4708251953125 -413.14215087890625
vt 1315.9329833984375 -413.14215087890625
vt 1315.9329833984375 -413.14215087890625
vt 1308.4708251953125 -413.14215087890625
vt 1313.859375 -419
vt 1308.4708251953125 -413.14215087890625
vt 1308 -419
vt 1313.859375 -419
vt 1308 21
vt 986 21
vt 1308.4708251953125 15.142135620117188
vt 986 21
vt 985.5291137695312 15.142135620117188
vt 1308.4708251953125 15.142135620117188
vt 1308.4708251953125 15.142135620117188
vt 985.5291137695312 15.142135620117188
vt 1308.6658935546875 1
vt 985.5291137695312 15.142135620117188
vt 985.3340454101562 1
vt 1308.6658935546875 1
vt 1308.6658935546875 1
vt 985.3340454101562 1
vt 1308.6658935546875 -399
vt 985.3340454101562 1
vt 985.3340454101562 -399
vt 1308.6658935546875 -399
vt 1308.6658935546875 -399
vt 985.3340454101562 -399
vt 1308.4708251953125 -413.14215087890625
vt 985.3340454101562 -399
vt 985.5291137695312 -413.14215087890625
vt 1308.4708251953125 -413.14215087890625
vt 1308.4708251953125 -413.14215087890625
vt 985.5291137695312 -413.14215087890625
vt 1308 -419
vt 985.5291137695312 -413.14215087890625
vt 986 -419
vt 1308 -419
vt 986 21
vt 980.140625 21
vt 985.5291137695312 15.142135620117188
vt 980.140625 21
vt 978.0670166015625 15.142135620117188
vt 985.5291137695312 15.142135620117188
vt 985.5291137695312 15.142135620117188
vt 978.0670166015625 15.142135620117188
vt 985.3340454101562 1
vt 978.0670166015625 15.142135620117188
vt 977.2080688476562 1
vt 985.3340454101562 1
vt 985.3340454101562 1
vt 977.2080688476562 1
vt 985.3340454101562 -399
vt 977.2080688476562 1
vt 977.2080688476562 -399
vt 985.3340454101562 -399
vt 985.3340454101562 -399
vt 977.2080688476562 -399
vt 985.5291137695312 -413.14215087890625
vt 977.2080688476562 -399
vt 978.0670166015625 -413.14215087890625
vt 985.5291137695312 -413.14215087890625
vt 985.5291137695312 -413.14215087890625
vt 978.0670166015625 -413.14215087890625
vt 986 -419
vt 978.0670166015625 -413.14215087890625
vt 980.140625 -419
vt 986 -419
vt 980.140625 21
vt 975.0625 21
vt 978.0670166015625 15.142135620117188
vt 975.0625 21
vt 970.5010986328125 15.142135620117188
vt 978.0670166015625 15.142135620117188
vt 978.0670166015625 15.142135620117188
vt 970.5010986328125 15.142135620117188
vt 977.2080688476562 1
vt 970.5010986328125 15.142135620117188
vt 968.6116943359375 1
vt 977.2080688476562 1
vt 977.2080688476562 1
vt 968.6116943359375 1
vt 977.2080688476562 -399
vt 968.6116943359375 1
vt 968.6116943359375 -399
vt 977.2080688476562 -399
vt 977.2080688476562 -399
vt 968.6116943359375 -399
vt 978.0670166015625 -413.14215087890625
vt 968.6116943359375 -399
vt 970.5010986328125 -413.14215087890625
vt 978.0670166015625 -413.14215087890625
vt 978.0670166015625 -413.14215087890625
vt 970.5010986328125 -413.14215087890625
vt 980.140625 -419
vt 970.5010986328125 -413.14215087890625
vt 975.0625 -419
vt 980.140625 -419
vt 975.0625 21
vt 970.765625 21
vt 970.5010986328125 15.142135620117188
vt 970.765625 21
vt 963.3976440429688 15.142135620117188
vt 970.5010986328125 15.142135620117188
vt 970.5010986328125 15.142135620117188
vt 963.3976440429688 15.142135620117188
vt 968.6116943359375 1
vt 963.3976440429688 15.142135620117188
vt 960.345703125 1
vt 968.6116943359375 1
vt 968.6116943359375 1
vt 960.345703125 1
vt 968.6116943359375 -399
vt 960.345703125 1
vt 960.345703125 -399
vt 968.6116943359375 -399
vt 968.6116943359375 -399
vt 960.345703125 -399
vt 970.5010986328125 -413.14215087890625
vt 960.345703125 -399
vt 963.3976440429688 -413.14215087890625
vt 970.5010986328125 -413.14215087890625
vt 970.5010986328125 -413.14215087890625
vt 963.3976440429688 -413.14215087890625
vt 975.0625 -419
vt 963.3976440429688 -413.14215087890625
vt 970.765625 -419
vt 975.0625 -419
vt 970.765625 21
vt 967.25 21
vt 963.3976440429688 15.142135620117188
vt 967.25 21
vt 957.1721801757812 15.142135620117188
vt 963.3976440429688 15.142135620117188
vt 963.3976440429688 15.142135620117188
vt 957.1721801757812 15.142135620117188
vt 960.345703125 1
vt 957.1721801757812 15.142135620117188
vt 952.997802734375 1
vt 960.345703125 1
vt 960.345703125 1
vt 952.997802734375 1
vt 960.345703125 -399
vt 952.997802734375 1
vt 952.997802734375 -399
vt 960.345703125 -399
vt 960.345703125 -399
vt 952.997802734375 -399
vt 963.3976440429688 -413.14215087890625
vt 952.997802734375 -399
vt 957.1721801757812 -413.14215087890625
vt 963.3976440429688 -413.14215087890625
vt 963.3976440429688 -413.14215087890625
vt 957.1721801757812 -413.14215087890625
vt 970.765625 -419
vt 957.1721801757812 -413.14215087890625
vt 967.25 -419
vt 970.765625 -419
vt 64.25 21
vt 67.765625 21
vt 54.172176361083984 15.142135620117188
vt 67.765625 21
vt 60.39762496948242 15.142135620117188
vt 54.172176361083984 15.142135620117188
vt 54.172176361083984 15.142135620117188
vt 60.39762496948242 15.142135620117188
vt 49.997806549072266 1
vt 60.39762496948242 15.142135620117188
vt 57.345699310302734 1
vt 49.997806549072266 1
vt 49.997806549072266 1
vt 57.345699310302734 1
vt 49.997806549072266 -399
vt 57.345699310302734 1
vt 57.345699310302734 -399
vt 49.997806549072266 -399
vt 49.997806549072266 -399
vt 57.345699310302734 -399
vt 54.172176361083984 -413.14215087890625
vt 57.345699310302734 -399
vt 60.39762496948242 -413.14215087890625
vt 54.172176361083984 -413.14215087890625
vt 54.172176361083984 -413.14215087890625
vt 60.39762496948242 -413.14215087890625
vt 64.25 -419
vt 60.39762496948242 -413.14215087890625
vt 67.765625 -419
vt 64.25 -419
vt 67.765625 21
vt 72.0625 21
vt 60.39762496948242 15.142135620117188
vt 72.0625 21
vt 67.50109100341797 15.142135620117188
vt 60.39762496948242 15.142135620117188
vt 60.39762496948242 15.142135620117188
vt 67.50109100341797 15.142135620117188
vt 57.345699310302734 1
vt 67.50109100341797 15.142135620117188
vt 65.6116943359375 1
vt 57.345699310302734 1
vt 57.345699310302734 1
vt 65.6116943359375 1
vt 57.345699310302734 -399
vt 65.6116943359375 1
vt 65.6116943359375 -399
vt 57.345699310302734 -399
vt 57.345699310302734 -399
vt 65.6116943359375 -399
vt 60.39762496948242 -413.14215087890625
vt 65.6116943359375 -399
vt 67.50109100341797 -413.14215087890625
vt 60.39762496948242 -413.14215087890625
vt 60.39762496948242 -413.14215087890625
vt 67.50109100341797 -413.14215087890625
vt 67.765625 -419
vt 67.50109100341797 -413.14215087890625
vt 72.0625 -419
vt 67.765625 -419
vt 72.0625 21
vt 77.140625 21
vt 67.50109100341797 15.142135620117188
vt 77.140625 21
vt 75.06698608398438 15.142135620117188
vt 67.50109100341797 15.142135620117188
vt 67.50109100341797 15.142135620117188
vt 75.06698608398438 15.142135620117188
vt 65.6116943359375 1
vt 75.06698608398438 15.142135620117188
vt 74.20806121826172 1
vt 65.6116943359375 1
vt 65.6116943359375 1
vt 74.20806121826172 1
vt 65.6116943359375 -399
vt 74.20806121826172 1
vt 74.20806121826172 -399
vt 65.6116943359375 -399
vt 65.6116943359375 -399
vt 74.20806121826172 -399
vt 67.50109100341797 -413.14215087890625
vt 74.20806121826172 -399
vt 75.06698608398438 -413.14215087890625
vt 67.50109100341797 -413.14215087890625
vt 67.50109100341797 -413.14215087890625
vt 75.06698608398438 -413.14215087890625
vt 72.0625 -419
vt 75.06698608398438 -413.14215087890625
vt 77.140625 -419
vt 72.0625 -419
vt 77.140625 21
vt 83 21
vt 75.06698608398438 15.142135620117188
vt 83 21
vt 82.52912139892578 15.142135620117188
vt 75.06698608398438 15.142135620117188
vt 75.06698608398438 15.142135620117188
vt 82.52912139892578 15.142135620117188
vt 74.20806121826172 1
vt 82.52912139892578 15.142135620117188
vt 82.33407592773438 1
vt 74.20806121826172 1
vt 74.20806121826172 1
vt 82.33407592773438 1
vt 74.20806121826172 -399
vt 82.33407592773438 1
vt 82.33407592773438 -399
vt 74.20806121826172 -399
vt 74.20806121826172 -399
vt 82.33407592773438 -399
vt 75.06698608398438 -413.14215087890625
vt 82.33407592773438 -399
vt 82.52912139892578 -413.14215087890625
vt 75.06698608398438 -413.14215087890625
vt 75.06698608398438 -413.14215087890625
vt 82.52912139892578 -413.14215087890625
vt 77.140625 -419
vt 82.52912139892578 -413.14215087890625
vt 83 -419
vt 77.140625 -419
vt 83 21
vt 211 21
vt 82.52912139892578 15.142135620117188
vt 211 21
vt 196.8578643798828 15.142135620117188
vt 82.52912139892578 15.142135620117188
vt 82.52912139892578 15.142135620117188
vt 196.8578643798828 15.142135620117188
vt 82.33407592773438 1
vt 196.8578643798828 15.142135620117188
vt 191 1
vt 82.33407592773438 1
vt 82.33407592773438 1
vt 191 1
vt 82.33407592773438 -399
vt 191 1
vt 191 -399
vt 82.33407592773438 -399
vt 82.33407592773438 -399
vt 191 -399
vt 82.52912139892578 -413.14215087890625
vt 191 -399
vt 196.8578643798828 -413.14215087890625
vt 82.52912139892578 -413.14215087890625
vt 82.52912139892578 -413.14215087890625
vt 196.8578643798828 -413.14215087890625
vt 83 -419
vt 196.8578643798828 -413.14215087890625
vt 211 -419
vt 83 -419
vt 961 21
vt 25 21
vt 946.8578491210938 15.142135620117188
vt 25 21
vt 24.529117584228516 15.142135620117188
vt 946.8578491210938 15.142135620117188
vt 946.8578491210938 15.142135620117188
vt 24.529117584228516 15.142135620117188
vt 941 1
vt 24.529117584228516 15.142135620117188
vt 24.33407211303711 1
vt 941 1
vt 941 1
vt 24.33407211303711 1
vt 941 -399
vt 24.33407211303711 1
vt 24.33407211303711 -399
vt 941 -399
vt 941 -399
vt 24.33407211303711 -399
vt 946.8578491210938 -413.14215087890625
vt 24.33407211303711 -399
vt 24.529117584228516 -413.14215087890625
vt 946.8578491210938 -413.14215087890625
vt 946.8578491210938 -413.14215087890625
vt 24.529117584228516 -413.14215087890625
vt 961 -419
vt 24.529117584228516 -413.14215087890625
vt 25 -419
vt 961 -419
vt 25 21
vt 19.140625 21
vt 24.529117584228516 15.142135620117188
vt 19.140625 21
vt 17.066986083984375 15.142135620117188
vt 24.529117584228516 15.142135620117188
vt 24.529117584228516 15.142135620117188
vt 17.066986083984375 15.142135620117188
vt 24.33407211303711 1
vt 17.066986083984375 15.142135620117188
vt 16.208057403564453 1
vt 24.33407211303711 1
vt 24.33407211303711 1
vt 16.208057403564453 1
vt 24.33407211303711 -399
vt 16.208057403564453 1
vt 16.208057403564453 -399
vt 24.33407211303711 -399
vt 24.33407211303711 -399
vt 16.208057403564453 -399
vt 24.529117584228516 -413.14215087890625
vt 16.208057403564453 -399
vt 17.066986083984375 -413.14215087890625
vt 24.529117584228516 -413.14215087890625
vt 24.529117584228516 -413.14215087890625
vt 17.066986083984375 -413.14215087890625
vt 25 -419
vt 17.066986083984375 -413.14215087890625
vt 19.140625 -419
vt 25 -419
vt 19.140625 21
vt 14.0625 21
vt 17.066986083984375 15.142135620117188
vt 14.0625 21
vt 9.501090049743652 15.142135620117188
vt 17.066986083984375 15.142135620117188
vt 17.066986083984375 15.142135620117188
vt 9.501090049743652 15.142135620117188
vt 16.208057403564453 1
vt 9.501090049743652 15.142135620117188
vt 7.611691951751709 1
vt 16.208057403564453 1
vt 16.208057403564453 1
vt 7.611691951751709 1
vt 16.208057403564453 -399
vt 7.611691951751709 1
vt 7.611691951751709 -399
vt 16.208057403564453 -399
vt 16.208057403564453 -399
vt 7.611691951751709 -399
vt 17.066986083984375 -413.14215087890625
vt 7.611691951751709 -399
vt 9.501090049743652 -413.14215087890625
vt 17.066986083984375 -413.14215087890625
vt 17.066986083984375 -413.14215087890625
vt 9.501090049743652 -413.14215087890625
vt 19.140625 -419
vt 9.501090049743652 -413.14215087890625
vt 14.0625 -419
vt 19.140625 -419
vt 14.0625 21
vt 9.765625 21
vt 9.501090049743652 15.142135620117188
vt 9.765625 21
vt 2.3976240158081055 15.142135620117188
vt 9.501090049743652 15.142135620117188
vt 9.501090049743652 15.142135620117188
vt 2.3976240158081055 15.142135620117188
vt 7.611691951751709 1
vt 2.3976240158081055 15.142135620117188
vt -0.6543018817901611 1
vt 7.611691951751709 1
vt 7.611691951751709 1
vt -0.6543018817901611 1
vt 7.611691951751709 -399
vt -0.6543018817901611 1
vt -0.6543018817901611 -399
vt 7.611691951751709 -399
vt 7.611691951751709 -399
vt -0.6543018817901611 -399
vt 9.501090049743652 -413.14215087890625
vt -0.6543018817901611 -399
vt 2.3976240158081055 -413.14215087890625
vt 9.501090049743652 -413.14215087890625
vt 9.501090049743652 -413.14215087890625
vt 2.3976240158081055 -413.14215087890625
vt 14.0625 -419
vt 2.3976240158081055 -413.14215087890625
vt 9.765625 -419
vt 14.0625 -419
vt 9.765625 21
vt 6.25 21
vt 2.3976240158081055 15.142135620117188
vt 6.25 21
vt -3.827822208404541 15.142135620117188
vt 2.3976240158081055 15.142135620117188
vt 2.3976240158081055 15.142135620117188
vt -3.827822208404541 15.142135620117188
vt -0.6543018817901611 1
vt -3.827822208404541 15.142135620117188
vt -8.002192497253418 1
vt -0.6543018817901611 1
vt -0.6543018817901611 1
vt -8.002192497253418 1
vt -0.6543018817901611 -399
vt -8.002192497253418 1
vt -8.002192497253418 -399
vt -0.6543018817901611 -399
vt -0.6543018817901611 -399
vt -8.002192497253418 -399
vt 2.3976240158081055 -413.14215087890625
vt -8.002192497253418 -399
vt -3.827822208404541 -413.14215087890625
vt 2.3976240158081055 -413.14215087890625
vt 2.3976240158081055 -413.14215087890625
vt -3.827822208404541 -413.14215087890625
vt 9.765625 -419
vt -3.827822208404541 -413.14215087890625
vt 6.25 -419
vt 9.765625 -419
vt 217.25 21
vt 220.765625 21
vt 207.17218017578125 15.142135620117188
vt 220.765625 21
vt 213.3976287841797 15.142135620117188
vt 207.17218017578125 15.142135620117188
vt 207.17218017578125 15.142135620117188
vt 213.3976287841797 15.142135620117188
vt 202.997802734375 1
vt 213.3976287841797 15.142135620117188
vt 210.345703125 1
vt 202.997802734375 1
vt 202.997802734375 1
vt 210.345703125 1
vt 202.997802734375 -399
vt 210.345703125 1
vt 210.345703125 -399
vt 202.997802734375 -399
vt 202.997802734375 -399
vt 210.345703125 -399
vt 207.17218017578125 -413.14215087890625
vt 210.345703125 -399
vt 213.3976287841797 -413.14215087890625
vt 207.17218017578125 -413.14215087890625
vt 207.17218017578125 -413.14215087890625
vt 213.3976287841797 -413.14215087890625
vt 217.25 -419
vt 213.3976287841797 -413.14215087890625
vt 220.765625 -419
vt 217.25 -419
vt 220.765625 21
vt 225.0625 21
vt 213.3976287841797 15.142135620117188
vt 225.0625 21
vt 220.50108337402344 15.142135620117188
vt 213.3976287841797 15.142135620117188
vt 213.3976287841797 15.142135620117188
vt 220.50108337402344 15.142135620117188
vt 210.345703125 1
vt 220.50108337402344 15.142135620117188
vt 218.6116943359375 1
vt 210.345703125 1
vt 210.345703125 1
vt 218.6116943359375 1
vt 210.345703125 -399
vt 218.6116943359375 1
vt 218.6116943359375 -399
vt 210.345703125 -399
vt 210.345703125 -399
vt 218.6116943359375 -399
vt 213.3976287841797 -413.14215087890625
vt 218.6116943359375 -399
vt 220.50108337402344 -413.14215087890625
vt 213.3976287841797 -413.14215087890625
vt 213.3976287841797 -413.14215087890625
vt 220.50108337402344 -413.14215087890625
vt 220.765625 -419
vt 220.50108337402344 -413.14215087890625
vt 225.0625 -419
vt 220.765625 -419
vt 225.0625 21
vt 230.140625 21
vt 220.50108337402344 15.142135620117188
vt 230.140625 21
vt 228.06698608398438 15.142135620117188
vt 220.50108337402344 15.142135620117188
vt 220.50108337402344 15.142135620117188
vt 228.06698608398438 15.142135620117188
vt 218.6116943359375 1
vt 228.06698608398438 15.142135620117188
vt 227.2080535888672 1
vt 218.6116943359375 1
vt 218.6116943359375 1
vt 227.2080535888672 1
vt 218.6116943359375 -399
vt 227.2080535888672 1
vt 227.2080535888672 -399
vt 218.6116943359375 -399
vt 218.6116943359375 -399
vt 227.2080535888672 -399
vt 220.50108337402344 -413.14215087890625
vt 227.2080535888672 -399
vt 228.06698608398438 -413.14215087890625
vt 220.50108337402344 -413.14215087890625
vt 220.50108337402344 -413.14215087890625
vt 228.06698608398438 -413.14215087890625
vt 225.0625 -419
vt 228.06698608398438 -413.14215087890625
vt 230.140625 -419
vt 225.0625 -419
vt 230.140625 21
vt 236 21
vt 228.06698608398438 15.142135620117188
vt 236 21
vt 235.52911376953125 15.142135620117188
vt 228.06698608398438 15.142135620117188
vt 228.06698608398438 15.142135620117188
vt 235.52911376953125 15.142135620117188
vt 227.2080535888672 1
vt 235.52911376953125 15.142135620117188
vt 235.33407592773438 1
vt 227.2080535888672 1
vt 227.2080535888672 1
vt 235.33407592773438 1
vt 227.2080535888672 -399
vt 235.33407592773438 1
vt 235.33407592773438 -399
vt 227.2080535888672 -399
vt 227.2080535888672 -399
vt 235.33407592773438 -399
vt 228.06698608398438 -413.14215087890625
vt 235.33407592773438 -399
vt 235.52911376953125 -413.14215087890625
vt 228.06698608398438 -413.14215087890625
vt 228.06698608398438 -413.14215087890625
vt 235.52911376953125 -413.14215087890625
vt 230.140625 -419
vt 235.52911376953125 -413.14215087890625
vt 236 -419
vt 230.140625 -419
vt 236 21
vt 586 21
vt 235.52911376953125 15.142135620117188
vt 586 21
vt 586.4708862304688 15.142135620117188
vt 235.52911376953125 15.142135620117188
vt 235.52911376953125 15.142135620117188
vt 586.4708862304688 15.142135620117188
vt 235.33407592773438 1
vt 586.4708862304688 15.142135620117188
vt 586.6659545898438 1
vt 235.33407592773438 1
vt 235.33407592773438 1
vt 586.6659545898438 1
vt 235.33407592773438 -399
vt 586.6659545898438 1
vt 586.6659545898438 -399
vt 235.33407592773438 -399
vt 235.33407592773438 -399
vt 586.6659545898438 -399
vt 235.52911376953125 -413.14215087890625
vt 586.6659545898438 -399
vt 586.4708862304688 -413.14215087890625
vt 235.52911376953125 -413.14215087890625
vt 235.52911376953125 -413.14215087890625
vt 586.4708862304688 -413.14215087890625
vt 236 -419
vt 586.4708862304688 -413.14215087890625
vt 586 -419
vt 236 -419
vn 0 0 -1
vn 0 0 -1
vn 0 0 -1
vn 0 0 -1
vn 0 0 -1
vn 0 0 -1
vn 0 0 -1
vn 0 0 -1
vn 0 0 -1
vn 0 0 -1
vn 0 0 -1
vn 0 0 -1
vn 0 0 -1
vn 0 0 -1
vn 0 0 -1
vn 0 0 -1
vn 0 0 -1
vn 0 0 -1
vn 0 0 -1
vn 0 0 -1
vn 0 0 -1
vn 0 0 -1
vn 0 0 -1
vn 0 0 -1
vn 0 0 -1
vn 0 0 -1
vn 0 0 -1
vn 0 0 -1
vn 0 0 -1
vn 0 0 -1
vn 0 0 -1
vn 0 0 -1
vn 0 0 -1
vn 0 0 -1
vn 0 0 -1
vn 0 0 -1
vn 0 0 -1
vn 0 0 -1
vn 0 0 -1
vn 0 0 -1
vn 0 0 -1
vn 0 0 -1
vn 0 0 -1
vn 0 0 -1
vn 0 0 -1
vn 0 0 -1
vn 0 0 -1
vn 0 0 -1
vn 0 0 -1
vn 0 0 -1
vn 0 0 -1
vn 0 0 -1
vn 0 0 -1
vn 0 0 -1
vn 0 0 -1
vn 0 0 -1
vn 0 0 -1
vn 0 0 -1
vn 0 0 -1
vn 0 0 -1
vn 0 0 -1
vn 0 0 -1
vn 0 0 -1
vn 0 0 -1
vn 0 0 -1
vn 0 0 -1
vn 0 0 -1
vn 0 0 -1
vn 0 0 -1
vn 0 0 -1
vn 0 0 -1
vn 0 0 -1
vn 0 0 -1
vn 0 0 -1
vn 0 0 -1
vn 0 0 -1
vn 0 0 -1
vn 0 0 -1
vn 0 0 -1
vn 0 0 -1
vn 0 0 -1
vn 0 0 -1
vn 0 0 -1
vn 0 0 -1
vn 0 0 -1
vn 0 0 -1
vn 0 0 -1
vn 0 0 -1
vn 0 0 -1
vn 0 0 -1
vn 0 0 -1
vn 0 0 -1
vn 0 0 -1
vn 0 0 -1
vn 0 0 -1
vn 0 0 -1
vn 0 0 -1
vn 0 0 -1
vn 0 0 -1
vn 0 0 -1
vn 0 0 -1
vn 0 0 -1
vn 0 0 -1
vn 0 0 -1
vn 0 0 -1
vn 0 0 -1
vn 0 0 -1
vn 0 0 -1
vn 0 0 -1
vn 0 0 -1
vn 0 0 -1
vn 0 0 -1
vn 0 0 -1
vn 0 0 -1
vn 0 0 -1
vn 0 0 -1
vn 0 0 -1
vn 0 0 -1
vn 0 0 -1
vn 0 0 -1
vn 0 0 -1
vn 0 0 -1
vn 0 0 -1
vn 0 0 -1
vn 0 0 -1
vn 0 0 -1
vn 0 0 -1
vn 0 0 -1
vn 0 0 -1
vn 0 0 -1
vn 0 0 -1
vn 0 0 -1
vn 0 0 -1
vn 0 0 -1
vn 0 0 -1
vn 0 0 -1
vn 0 0 -1
vn 0 0 -1
vn 0 0 -1
vn 0 0 -1
vn 0 0 -1
vn 0 0 -1
vn 0 0 -1
vn 0 0 -1
vn 0 0 -1
vn 0 0 -1
vn 0 0 -1
vn 0 0 -1
vn 0 0 -1
vn 0 0 -1
vn 0 0 -1
vn 0 0 -1
vn 0 0 -1
vn 0 0 -1
vn 0 0 -1
vn 0 0 -1
vn 0 0 -1
vn 0 0 -1
vn 0 0 -1
vn 0 0 -1
vn 0 0 -1
vn 0 0 -1
vn 0 0 1
vn 0 0 1
vn 0 0 1
vn 0 0 1
vn 0 0 1
vn 0 0 1
vn 0 0 1
vn 0 0 1
vn 0 0 1
vn 0 0 1
vn 0 0 1
vn 0 0 1
vn 0 0 1
vn 0 0 1
vn 0 0 1
vn 0 0 1
vn 0 0 1
vn 0 0 1
vn 0 0 1
vn 0 0 1
vn 0 0 1
vn 0 0 1
vn 0 0 1
vn 0 0 1
vn 0 0 1
vn 0 0 1
vn 0 0 1
vn 0 0 1
vn 0 0 1
vn 0 0 1
vn 0 0 1
vn 0 0 1
vn 0 0 1
vn 0 0 1
vn 0 0 1
vn 0 0 1
vn 0 0 1
vn 0 0 1
vn 0 0 1
vn 0 0 1
vn 0 0 1
vn 0 0 1
vn 0 0 1
vn 0 0 1
vn 0 0 1
vn 0 0 1
vn 0 0 1
vn 0 0 1
vn 0 0 1
vn 0 0 1
vn 0 0 1
vn 0 0 1
vn 0 0 1
vn 0 0 1
vn 0 0 1
vn 0 0 1
vn 0 0 1
vn 0 0 1
vn 0 0 1
vn 0 0 1
vn 0 0 1
vn 0 0 1
vn 0 0 1
vn 0 0 1
vn 0 0 1
vn 0 0 1
vn 0 0 1
vn 0 0 1
vn 0 0 1
vn 0 0 1
vn 0 0 1
vn 0 0 1
vn 0 0 1
vn 0 0 1
vn 0 0 1
vn 0 0 1
vn 0 0 1
vn 0 0 1
vn 0 0 1
vn 0 0 1
vn 0 0 1
vn 0 0 1
vn 0 0 1
vn 0 0 1
vn 0 0 1
vn 0 0 1
vn 0 0 1
vn 0 0 1
vn 0 0 1
vn 0 0 1
vn 0 0 1
vn 0 0 1
vn 0 0 1
vn 0 0 1
vn 0 0 1
vn 0 0 1
vn 0 0 1
vn 0 0 1
vn 0 0 1
vn 0 0 1
vn 0 0 1
vn 0 0 1
vn 0 0 1
vn 0 0 1
vn 0 0 1
vn 0 0 1
vn 0 0 1
vn 0 0 1
vn 0 0 1
vn 0 0 1
vn 0 0 1
vn 0 0 1
vn 0 0 1
vn 0 0 1
vn 0 0 1
vn 0 0 1
vn 0 0 1
vn 0 0 1
vn 0 0 1
vn 0 0 1
vn 0 0 1
vn 0 0 1
vn 0 0 1
vn 0 0 1
vn 0 0 1
vn 0 0 1
vn 0 0 1
vn 0 0 1
vn 0 0 1
vn 0 0 1
vn 0 0 1
vn 0 0 1
vn 0 0 1
vn 0 0 1
vn 0 0 1
vn 0 0 1
vn 0 0 1
vn 0 0 1
vn 0 0 1
vn 0 0 1
vn 0 0 1
vn 0 0 1
vn 0 0 1
vn 0 0 1
vn 0 0 1
vn 0 0 1
vn 0 0 1
vn 0 0 1
vn 0 0 1
vn 0 0 1
vn 0 0 1
vn 0 0 1
vn 0 0 1
vn 0 0 1
vn 0 0 1
vn 0 0 1
vn 0 0 1
vn 0 0 1
vn 0 0 1
vn 0 0 1
vn 0 0 1
vn 0 0 1
vn 0.025455721858252348 -0.38183583718701075 -0.9238795374205286
vn 0.025455721858252348 -0.38183583718701075 -0.9238795374205286
vn 0.025455721858252348 -0.38183583718701075 -0.9238795374205286
vn 0.025455853271032784 -0.38183588240361055 -0.9238795151118461
vn 0.025455853271032784 -0.38183588240361055 -0.9238795151118461
vn 0.025455853271032784 -0.38183588240361055 -0.9238795151118461
vn 0.061455857756506777 -0.9218332283611236 -0.3826835202053006
vn 0.061455857756506777 -0.9218332283611236 -0.3826835202053006
vn 0.061455857756506777 -0.9218332283611236 -0.3826835202053006
vn 0.061455880023830234 -0.9218332270948514 -0.38268351967962905
vn 0.061455880023830234 -0.9218332270948514 -0.38268351967962905
vn 0.061455880023830234 -0.9218332270948514 -0.38268351967962905
vn 0.06651936360216294 -0.997785134317987 0
vn 0.06651936360216294 -0.997785134317987 0
vn 0.06651936360216294 -0.997785134317987 0
vn 0.06651936360216294 -0.997785134317987 0
vn 0.06651936360216294 -0.997785134317987 0
vn 0.06651936360216294 -0.997785134317987 0
vn 0.06145589314927404 -0.9218333792731694 0.3826831509944412
vn 0.06145589314927404 -0.9218333792731694 0.3826831509944412
vn 0.06145589314927404 -0.9218333792731694 0.3826831509944412
vn 0.06145585974828983 -0.9218333811725782 0.3826831517829479
vn 0.06145585974828983 -0.9218333811725782 0.3826831517829479
vn 0.06145585974828983 -0.9218333811725782 0.3826831517829479
vn 0.02545579398457562 -0.38183499310672914 0.9238798842878868
vn 0.02545579398457562 -0.38183499310672914 0.9238798842878868
vn 0.02545579398457562 -0.38183499310672914 0.9238798842878868
vn 0.025455668688866118 -0.381835045234153 0.9238798661961604
vn 0.025455668688866118 -0.381835045234153 0.9238798661961604
vn 0.025455668688866118 -0.381835045234153 0.9238798661961604
vn 0.08605004998499567 -0.37288353503381977 -0.9238794608596197
vn 0.08605004998499567 -0.37288353503381977 -0.9238794608596197
vn 0.08605004998499567 -0.37288353503381977 -0.9238794608596197
vn 0.08604980954950708 -0.3728834964915508 -0.9238794988096279
vn 0.08604980954950708 -0.3728834964915508 -0.9238794988096279
vn 0.08604980954950708 -0.3728834964915508 -0.9238794988096279
vn 0.20774255916037043 -0.9002201057780453 -0.38268366866965353
vn 0.20774255916037043 -0.9002201057780453 -0.38268366866965353
vn 0.20774255916037043 -0.9002201057780453 -0.38268366866965353
vn 0.20774282528276244 -0.9002200966844798 -0.38268354559468815
vn 0.20774282528276244 -0.9002200966844798 -0.38268354559468815
vn 0.20774282528276244 -0.9002200966844798 -0.38268354559468815
vn 0.22485921830268513 -0.9743912622475149 0
vn 0.22485921830268513 -0.9743912622475149 0
vn 0.22485921830268513 -0.9743912622475149 0
vn 0.22485921830268513 -0.9743912622475149 0
vn 0.22485921830268513 -0.9743912622475149 0
vn 0.22485921830268513 -0.9743912622475149 0
vn 0.20774283620120765 -0.9002201986353097 0.3826832998395435
vn 0.20774283620120765 -0.9002201986353097 0.3826832998395435
vn 0.20774283620120765 -0.9002201986353097 0.3826832998395435
vn 0.20774260640225045 -0.900220295591726 0.38268319650847604
vn 0.20774260640225045 -0.900220295591726 0.38268319650847604
vn 0.20774260640225045 -0.900220295591726 0.38268319650847604
vn 0.08604963322943385 -0.37288273243792874 0.9238798236084085
vn 0.08604963322943385 -0.37288273243792874 0.9238798236084085
vn 0.08604963322943385 -0.37288273243792874 0.9238798236084085
vn 0.08604983199202634 -0.372882602815254 0.9238798574121343
vn 0.08604983199202634 -0.372882602815254 0.9238798574121343
vn 0.08604983199202634 -0.372882602815254 0.9238798574121343
vn 0.15835557642462023 -0.34838225919346794 -0.9238794904610025
vn 0.15835557642462023 -0.34838225919346794 -0.9238794904610025
vn 0.15835557642462023 -0.34838225919346794 -0.9238794904610025
vn 0.15835579017390355 -0.34838224068379525 -0.9238794608034842
vn 0.15835579017390355 -0.34838224068379525 -0.9238794608034842
vn 0.15835579017390355 -0.34838224068379525 -0.9238794608034842
vn 0.3823044901364168 -0.8410686862072199 -0.38268360548003016
vn 0.3823044901364168 -0.8410686862072199 -0.38268360548003016
vn 0.3823044901364168 -0.8410686862072199 -0.38268360548003016
vn 0.3823040948398758 -0.8410687881105454 -0.38268377641980295
vn 0.3823040948398758 -0.8410687881105454 -0.38268377641980295
vn 0.3823040948398758 -0.8410687881105454 -0.38268377641980295
vn 0.41380304758868386 -0.9103664305137341 0
vn 0.41380304758868386 -0.9103664305137341 0
vn 0.41380304758868386 -0.9103664305137341 0
vn 0.41380304758868386 -0.9103664305137341 0
vn 0.41380304758868386 -0.9103664305137341 0
vn 0.41380304758868386 -0.9103664305137341 0
vn 0.3823041878049817 -0.8410689747523831 0.3826832733420007
vn 0.3823041878049817 -0.8410689747523831 0.3826832733420007
vn 0.3823041878049817 -0.8410689747523831 0.3826832733420007
vn 0.3823045182180347 -0.8410687420263201 0.3826834547460079
vn 0.3823045182180347 -0.8410687420263201 0.3826834547460079
vn 0.3823045182180347 -0.8410687420263201 0.3826834547460079
vn 0.15835539745329735 -0.3483813945798714 0.9238798471706113
vn 0.15835539745329735 -0.3483813945798714 0.9238798471706113
vn 0.15835539745329735 -0.3483813945798714 0.9238798471706113
vn 0.15835525267791664 -0.34838155291118433 0.92387981228107
vn 0.15835525267791664 -0.34838155291118433 0.92387981228107
vn 0.15835525267791664 -0.34838155291118433 0.92387981228107
vn 0.23494505210926808 -0.3020722481720438 -0.9238794182000487
vn 0.23494505210926808 -0.3020722481720438 -0.9238794182000487
vn 0.23494505210926808 -0.3020722481720438 -0.9238794182000487
vn 0.23494453584396055 -0.3020724039662242 -0.9238794985489895
vn 0.23494453584396055 -0.3020724039662242 -0.9238794985489895
vn 0.23494453584396055 -0.3020724039662242 -0.9238794985489895
vn 0.5672060229090741 -0.7292669387001431 -0.3826840206940872
vn 0.5672060229090741 -0.7292669387001431 -0.3826840206940872
vn 0.5672060229090741 -0.7292669387001431 -0.3826840206940872
vn 0.567206699648865 -0.7292666081863516 -0.38268364749204586
vn 0.567206699648865 -0.7292666081863516 -0.38268364749204586
vn 0.567206699648865 -0.7292666081863516 -0.38268364749204586
vn 0.6139401596025387 -0.7893525704190804 0
vn 0.6139401596025387 -0.7893525704190804 0
vn 0.6139401596025387 -0.7893525704190804 0
vn 0.6139401596025387 -0.7893525704190804 0
vn 0.6139401596025387 -0.7893525704190804 0
vn 0.6139401596025387 -0.7893525704190804 0
vn 0.5672066749937071 -0.72926663609147 0.38268363085767654
vn 0.5672066749937071 -0.72926663609147 0.38268363085767654
vn 0.5672066749937071 -0.72926663609147 0.38268363085767654
vn 0.5672062606628508 -0.7292671762639743 0.38268321558285706
vn 0.5672062606628508 -0.7292671762639743 0.38268321558285706
vn 0.5672062606628508 -0.7292671762639743 0.38268321558285706
vn 0.23494411713961522 -0.3020718358297385 0.9238797907844604
vn 0.23494411713961522 -0.3020718358297385 0.9238797907844604
vn 0.23494411713961522 -0.3020718358297385 0.9238797907844604
vn 0.23494438934330156 -0.3020713939156365 0.9238798660507586
vn 0.23494438934330156 -0.3020713939156365 0.9238798660507586
vn 0.23494438934330156 -0.3020713939156365 0.9238798660507586
vn 0.30207205253256164 -0.23494491319070193 -0.923879517493801
vn 0.30207205253256164 -0.23494491319070193 -0.923879517493801
vn 0.30207205253256164 -0.23494491319070193 -0.923879517493801
vn 0.3020710926162757 -0.23494551928343754 -0.9238796772168145
vn 0.3020710926162757 -0.23494551928343754 -0.9238796772168145
vn 0.3020710926162757 -0.23494551928343754 -0.9238796772168145
vn 0.7292646791097013 -0.5672090669351201 -0.3826838149041775
vn 0.7292646791097013 -0.5672090669351201 -0.3826838149041775
vn 0.7292646791097013 -0.5672090669351201 -0.3826838149041775
vn 0.7292665870873094 -0.5672074580989035 -0.3826825635366841
vn 0.7292665870873094 -0.5672074580989035 -0.3826825635366841
vn 0.7292665870873094 -0.5672074580989035 -0.3826825635366841
vn 0.7893521820720352 -0.6139406589061491 0
vn 0.7893521820720352 -0.6139406589061491 0
vn 0.7893521820720352 -0.6139406589061491 0
vn 0.7893521820720352 -0.6139406589061491 0
vn 0.7893521820720352 -0.6139406589061491 0
vn 0.7893521820720352 -0.6139406589061491 0
vn 0.7292663495239637 -0.5672072203455057 0.3826833686481773
vn 0.7292663495239637 -0.5672072203455057 0.3826833686481773
vn 0.7292663495239637 -0.5672072203455057 0.3826833686481773
vn 0.7292652400653229 -0.5672095032340446 0.38268209923310387
vn 0.7292652400653229 -0.5672095032340446 0.38268209923310387
vn 0.7292652400653229 -0.5672095032340446 0.38268209923310387
vn 0.3020706462731996 -0.23494514729244614 0.9238799177511232
vn 0.3020706462731996 -0.23494514729244614 0.9238799177511232
vn 0.3020706462731996 -0.23494514729244614 0.9238799177511232
vn 0.30207099645070246 -0.2349440835152784 0.9238800737782179
vn 0.30207099645070246 -0.2349440835152784 0.9238800737782179
vn 0.30207099645070246 -0.2349440835152784 0.9238800737782179
vn 0.3483816997335352 -0.1583553112874427 -0.9238797468706792
vn 0.3483816997335352 -0.1583553112874427 -0.9238797468706792
vn 0.3483816997335352 -0.1583553112874427 -0.9238797468706792
vn 0.34838261999686243 -0.1583543857751534 -0.9238795584868711
vn 0.34838261999686243 -0.1583543857751534 -0.9238795584868711
vn 0.34838261999686243 -0.1583543857751534 -0.9238795584868711
vn 0.8410706054694009 -0.38230157492402084 -0.3826822995984382
vn 0.8410706054694009 -0.38230157492402084 -0.3826822995984382
vn 0.8410706054694009 -0.38230157492402084 -0.3826822995984382
vn 0.8410691803313525 -0.38230351451747846 -0.3826834941362522
vn 0.8410691803313525 -0.38230351451747846 -0.3826834941362522
vn 0.8410691803313525 -0.38230351451747846 -0.3826834941362522
vn 0.910366761196826 -0.413802320085329 0
vn 0.910366761196826 -0.413802320085329 0
vn 0.910366761196826 -0.413802320085329 0
vn 0.910366761196826 -0.413802320085329 0
vn 0.910366761196826 -0.413802320085329 0
vn 0.910366761196826 -0.413802320085329 0
vn 0.8410697480944509 -0.3823037400800122 0.38268202095365184
vn 0.8410697480944509 -0.3823037400800122 0.38268202095365184
vn 0.8410697480944509 -0.3823037400800122 0.38268202095365184
vn 0.8410702513804988 -0.3823014275210167 0.38268322508066316
vn 0.8410702513804988 -0.3823014275210167 0.38268322508066316
vn 0.8410702513804988 -0.3823014275210167 0.38268322508066316
vn 0.3483815247957735 -0.15835389743900485 0.9238800551732076
vn 0.3483815247957735 -0.15835389743900485 0.9238800551732076
vn 0.3483815247957735 -0.15835389743900485 0.9238800551732076
vn 0.34838143145198025 -0.15835520695174465 0.9238798659191244
vn 0.34838143145198025 -0.15835520695174465 0.9238798659191244
vn 0.34838143145198025 -0.15835520695174465 0.9238798659191244
vn 0.3728834125830651 -0.08605002688522348 -0.9238795124330119
vn 0.3728834125830651 -0.08605002688522348 -0.9238795124330119
vn 0.3728834125830651 -0.08605002688522348 -0.9238795124330119
vn 0.3728835214329046 -0.08604983077948958 -0.9238794867657891
vn 0.3728835214329046 -0.08604983077948958 -0.9238794867657891
vn 0.3728835214329046 -0.08604983077948958 -0.9238794867657891
vn 0.9002201778005874 -0.20774262163067744 -0.3826834653322406
vn 0.9002201778005874 -0.20774262163067744 -0.3826834653322406
vn 0.9002201778005874 -0.20774262163067744 -0.3826834653322406
vn 0.9002205072667044 -0.20774192967841748 -0.3826830659304967
vn 0.9002205072667044 -0.20774192967841748 -0.3826830659304967
vn 0.9002205072667044 -0.20774192967841748 -0.3826830659304967
vn 0.9743914930472685 -0.2248582181667262 0
vn 0.9743914930472685 -0.2248582181667262 0
vn 0.9743914930472685 -0.2248582181667262 0
vn 0.9743914930472685 -0.2248582181667262 0
vn 0.9743914930472685 -0.2248582181667262 0
vn 0.9743914930472685 -0.2248582181667262 0
vn 0.9002205072667044 -0.20774192967841748 0.3826830659304967
vn 0.9002205072667044 -0.20774192967841748 0.3826830659304967
vn 0.9002205072667044 -0.20774192967841748 0.3826830659304967
vn 0.9002204911329428 -0.2077426710133057 0.38268270144418687
vn 0.9002204911329428 -0.2077426710133057 0.38268270144418687
vn 0.9002204911329428 -0.2077426710133057 0.38268270144418687
vn 0.37288266058707414 -0.0860496304033928 0.9238798528710022
vn 0.37288266058707414 -0.0860496304033928 0.9238798528710022
vn 0.37288266058707414 -0.0860496304033928 0.9238798528710022
vn 0.37288269960748277 -0.08604985604805931 0.9238798161057229
vn 0.37288269960748277 -0.08604985604805931 0.9238798161057229
vn 0.37288269960748277 -0.08604985604805931 0.9238798161057229
vn 0.381836031874987 -0.02545573409239267 -0.9238794566196291
vn 0.381836031874987 -0.02545573409239267 -0.9238794566196291
vn 0.381836031874987 -0.02545573409239267 -0.9238794566196291
vn 0.3818354534356311 -0.02545682851470365 -0.9238796655309495
vn 0.3818354534356311 -0.02545682851470365 -0.9238796655309495
vn 0.3818354534356311 -0.02545682851470365 -0.9238796655309495
vn 0.9218332383661452 -0.06145827986226131 -0.3826831071261935
vn 0.9218332383661452 -0.06145827986226131 -0.3826831071261935
vn 0.9218332383661452 -0.06145827986226131 -0.3826831071261935
vn 0.9218335378026636 -0.06145712511646378 -0.3826825712710792
vn 0.9218335378026636 -0.06145712511646378 -0.3826825712710792
vn 0.9218335378026636 -0.06145712511646378 -0.3826825712710792
vn 0.99778504576681 -0.06652069184941295 0
vn 0.99778504576681 -0.06652069184941295 0
vn 0.99778504576681 -0.06652069184941295 0
vn 0.99778504576681 -0.06652069184941295 0
vn 0.99778504576681 -0.06652069184941295 0
vn 0.99778504576681 -0.06652069184941295 0
vn 0.9218334657685372 -0.06145712428781072 0.38268274492514054
vn 0.9218334657685372 -0.06145712428781072 0.38268274492514054
vn 0.9218334657685372 -0.06145712428781072 0.38268274492514054
vn 0.9218336147563452 -0.06145830694164178 0.38268219610156545
vn 0.9218336147563452 -0.06145830694164178 0.38268219610156545
vn 0.9218336147563452 -0.06145830694164178 0.38268219610156545
vn 0.38183498332997184 -0.025456799161167807 0.9238798606322514
vn 0.38183498332997184 -0.025456799161167807 0.9238798606322514
vn 0.38183498332997184 -0.025456799161167807 0.9238798606322514
vn 0.3818346514457003 -0.025455644050595062 0.9238800296257681
vn 0.3818346514457003 -0.025455644050595062 0.9238800296257681
vn 0.3818346514457003 -0.025455644050595062 0.9238800296257681
vn 0.3826830940244355 0 -0.9238796726565017
vn 0.3826830940244355 0 -0.9238796726565017
vn 0.3826830940244355 0 -0.9238796726565017
vn 0.3826830685865544 0 -0.9238796831932059
vn 0.3826830685865544 0 -0.9238796831932059
vn 0.3826830685865544 0 -0.9238796831932059
vn 0.9238798779669956 0 -0.3826825983601677
vn 0.9238798779669956 0 -0.3826825983601677
vn 0.9238798779669956 0 -0.3826825983601677
vn 0.9238798779669956 0 -0.3826825983601677
vn 0.9238798779669956 0 -0.3826825983601677
vn 0.9238798779669956 0 -0.3826825983601677
vn 1 0 0
vn 1 0 0
vn 1 0 0
vn 1 0 0
vn 1 0 0
vn 1 0 0
vn 0.9238800305938178 0 0.3826822298852745
vn 0.9238800305938178 0 0.3826822298852745
vn 0.9238800305938178 0 0.3826822298852745
vn 0.9238800305938178 0 0.3826822298852745
vn 0.9238800305938178 0 0.3826822298852745
vn 0.9238800305938178 0 0.3826822298852745
vn 0.3826822298852745 0 0.9238800305938178
vn 0.3826822298852745 0 0.9238800305938178
vn 0.3826822298852745 0 0.9238800305938178
vn 0.3826822298852745 0 0.9238800305938178
vn 0.3826822298852745 0 0.9238800305938178
vn 0.3826822298852745 0 0.9238800305938178
vn 0 -0.3826830940244355 -0.9238796726565017
vn 0 -0.3826830940244355 -0.9238796726565017
vn 0 -0.3826830940244355 -0.9238796726565017
vn 0 -0.3826830685865544 -0.9238796831932059
vn 0 -0.3826830685865544 -0.9238796831932059
vn 0 -0.3826830685865544 -0.9238796831932059
vn 0 -0.9238798885036886 -0.38268257292227453
vn 0 -0.9238798885036886 -0.38268257292227453
vn 0 -0.9238798885036886 -0.38268257292227453
vn 0 -0.9238798779669956 -0.3826825983601677
vn 0 -0.9238798779669956 -0.3826825983601677
vn 0 -0.9238798779669956 -0.3826825983601677
vn 0 -1 0
vn 0 -1 0
vn 0 -1 0
vn 0 -1 0
vn 0 -1 0
vn 0 -1 0
vn 0 -0.9238800305938178 0.3826822298852745
vn 0 -0.9238800305938178 0.3826822298852745
vn 0 -0.9238800305938178 0.3826822298852745
vn 0 -0.9238800305938178 0.3826822298852745
vn 0 -0.9238800305938178 0.3826822298852745
vn 0 -0.9238800305938178 0.3826822298852745
vn 0 -0.3826822298852745 0.9238800305938178
vn 0 -0.3826822298852745 0.9238800305938178
vn 0 -0.3826822298852745 0.9238800305938178
vn 0 -0.3826822298852745 0.9238800305938178
vn 0 -0.3826822298852745 0.9238800305938178
vn 0 -0.3826822298852745 0.9238800305938178
vn 0.02545569990386034 -0.3818355153217112 -0.9238796710510563
vn 0.02545569990386034 -0.3818355153217112 -0.9238796710510563
vn 0.02545569990386034 -0.3818355153217112 -0.9238796710510563
vn 0.02545697385676693 -0.3818358715042614 -0.923879488740083
vn 0.02545697385676693 -0.3818358715042614 -0.923879488740083
vn 0.02545697385676693 -0.3818358715042614 -0.923879488740083
vn 0.061458577843990815 -0.9218334165575957 -0.38268263003060965
vn 0.061458577843990815 -0.9218334165575957 -0.38268263003060965
vn 0.061458577843990815 -0.9218334165575957 -0.38268263003060965
vn 0.06145739482361772 -0.9218332657994185 -0.38268318317777217
vn 0.06145739482361772 -0.9218332657994185 -0.38268318317777217
vn 0.06145739482361772 -0.9218332657994185 -0.38268318317777217
vn 0.0665210033891015 -0.9977850249969215 0
vn 0.0665210033891015 -0.9977850249969215 0
vn 0.0665210033891015 -0.9977850249969215 0
vn 0.0665210033891015 -0.9977850249969215 0
vn 0.0665210033891015 -0.9977850249969215 0
vn 0.0665210033891015 -0.9977850249969215 0
vn 0.06145742527985442 -0.9218336332357078 0.3826822931798985
vn 0.06145742527985442 -0.9218336332357078 0.3826822931798985
vn 0.06145742527985442 -0.9218336332357078 0.3826822931798985
vn 0.0614585681910285 -0.9218333239188459 0.38268285473566827
vn 0.0614585681910285 -0.9218333239188459 0.38268285473566827
vn 0.0614585681910285 -0.9218333239188459 0.38268285473566827
vn 0.025456889932035754 -0.38183458841898515 0.9238800213457872
vn 0.025456889932035754 -0.38183458841898515 0.9238800213457872
vn 0.025456889932035754 -0.38183458841898515 0.9238800213457872
vn 0.02545568138266603 -0.38183521887734534 0.9238797940805038
vn 0.02545568138266603 -0.38183521887734534 0.9238797940805038
vn 0.02545568138266603 -0.38183521887734534 0.9238797940805038
vn 0.08605008048017881 -0.37288365724550554 -0.9238794086938896
vn 0.08605008048017881 -0.37288365724550554 -0.9238794086938896
vn 0.08605008048017881 -0.37288365724550554 -0.9238794086938896
vn 0.0860495959960774 -0.37288362659232693 -0.923879466190404
vn 0.0860495959960774 -0.37288362659232693 -0.923879466190404
vn 0.0860495959960774 -0.37288362659232693 -0.923879466190404
vn 0.20774204471338586 -0.9002203699685968 -0.3826833264618466
vn 0.20774204471338586 -0.9002203699685968 -0.3826833264618466
vn 0.20774204471338586 -0.9002203699685968 -0.3826833264618466
vn 0.20774168830396367 -0.9002203752485273 -0.3826835075202736
vn 0.20774168830396367 -0.9002203752485273 -0.3826835075202736
vn 0.20774168830396367 -0.9002203752485273 -0.3826835075202736
vn 0.22485799180286897 -0.9743915452847388 0
vn 0.22485799180286897 -0.9743915452847388 0
vn 0.22485799180286897 -0.9743915452847388 0
vn 0.22485799180286897 -0.9743915452847388 0
vn 0.22485799180286897 -0.9743915452847388 0
vn 0.22485799180286897 -0.9743915452847388 0
vn 0.20774174028433734 -0.9002205855958757 0.38268298448331023
vn 0.20774174028433734 -0.9002205855958757 0.38268298448331023
vn 0.20774174028433734 -0.9002205855958757 0.38268298448331023
vn 0.20774206204018042 -0.900220440084376 0.3826831521161945
vn 0.20774206204018042 -0.900220440084376 0.3826831521161945
vn 0.20774206204018042 -0.900220440084376 0.3826831521161945
vn 0.08604943899349375 -0.37288293879720424 0.9238797584117023
vn 0.08604943899349375 -0.37288293879720424 0.9238797584117023
vn 0.08604943899349375 -0.37288293879720424 0.9238797584117023
vn 0.08604983843118665 -0.3728826282347551 0.923879846552953
vn 0.08604983843118665 -0.3728826282347551 0.923879846552953
vn 0.08604983843118665 -0.3728826282347551 0.923879846552953
vn 0.15835559802821741 -0.34838230374114904 -0.9238794699597644
vn 0.15835559802821741 -0.34838230374114904 -0.9238794699597644
vn 0.15835559802821741 -0.34838230374114904 -0.9238794699597644
vn 0.15835452259963562 -0.3483823577468747 -0.923879633925854
vn 0.15835452259963562 -0.3483823577468747 -0.923879633925854
vn 0.15835452259963562 -0.3483823577468747 -0.923879633925854
vn 0.3823018736161315 -0.8410698320805575 -0.38268370097716237
vn 0.3823018736161315 -0.8410698320805575 -0.38268370097716237
vn 0.3823018736161315 -0.8410698320805575 -0.38268370097716237
vn 0.38230375043056164 -0.8410694132378266 -0.38268274657019113
vn 0.38230375043056164 -0.8410694132378266 -0.38268274657019113
vn 0.38230375043056164 -0.8410694132378266 -0.38268274657019113
vn 0.41380244133590355 -0.9103667060830191 0
vn 0.41380244133590355 -0.9103667060830191 0
vn 0.41380244133590355 -0.9103667060830191 0
vn 0.41380244133590355 -0.9103667060830191 0
vn 0.41380244133590355 -0.9103667060830191 0
vn 0.41380244133590355 -0.9103667060830191 0
vn 0.3823036276589266 -0.8410692265867219 0.3826832794461211
vn 0.3823036276589266 -0.8410692265867219 0.3826832794461211
vn 0.3823036276589266 -0.8410692265867219 0.3826832794461211
vn 0.38230208417754974 -0.8410703728017466 0.3826823022150784
vn 0.38230208417754974 -0.8410703728017466 0.3826823022150784
vn 0.38230208417754974 -0.8410703728017466 0.3826823022150784
vn 0.15835429775663126 -0.3483818481910837 0.9238798646106371
vn 0.15835429775663126 -0.3483818481910837 0.9238798646106371
vn 0.15835429775663126 -0.3483818481910837 0.9238798646106371
vn 0.15835504071822432 -0.3483810687184681 0.9238800311932863
vn 0.15835504071822432 -0.3483810687184681 0.9238800311932863
vn 0.15835504071822432 -0.3483810687184681 0.9238800311932863
vn 0.23494478526139118 -0.302071892309493 -0.9238796024131287
vn 0.23494478526139118 -0.302071892309493 -0.9238796024131287
vn 0.23494478526139118 -0.302071892309493 -0.9238796024131287
vn 0.23494531869465232 -0.30207169898372366 -0.9238795299694409
vn 0.23494531869465232 -0.30207169898372366 -0.9238795299694409
vn 0.23494531869465232 -0.30207169898372366 -0.9238795299694409
vn 0.56720824999282 -0.729265714917827 -0.38268305186599677
vn 0.56720824999282 -0.729265714917827 -0.38268305186599677
vn 0.56720824999282 -0.729265714917827 -0.38268305186599677
vn 0.5672066127175069 -0.7292665134473199 -0.3826839568807693
vn 0.5672066127175069 -0.7292665134473199 -0.3826839568807693
vn 0.5672066127175069 -0.7292665134473199 -0.3826839568807693
vn 0.6139401596025387 -0.7893525704190804 0
vn 0.6139401596025387 -0.7893525704190804 0
vn 0.6139401596025387 -0.7893525704190804 0
vn 0.6139401596025387 -0.7893525704190804 0
vn 0.6139401596025387 -0.7893525704190804 0
vn 0.6139401596025387 -0.7893525704190804 0
vn 0.5672069074987844 -0.729266926511611 0.3826827327982987
vn 0.5672069074987844 -0.729266926511611 0.3826827327982987
vn 0.5672069074987844 -0.729266926511611 0.3826827327982987
vn 0.5672081072542748 -0.7292655058520772 0.3826836618400856
vn 0.5672081072542748 -0.7292655058520772 0.3826836618400856
vn 0.5672081072542748 -0.7292655058520772 0.3826836618400856
vn 0.23494471997653077 -0.30207092068834196 0.9238799366961309
vn 0.23494471997653077 -0.30207092068834196 0.9238799366961309
vn 0.23494471997653077 -0.30207092068834196 0.9238799366961309
vn 0.23494441538549884 -0.30207141888351186 0.9238798512646913
vn 0.23494441538549884 -0.30207141888351186 0.9238798512646913
vn 0.23494441538549884 -0.30207141888351186 0.9238798512646913
vn 0.3020720775004161 -0.23494493923288284 -0.9238795027077068
vn 0.3020720775004161 -0.23494493923288284 -0.9238795027077068
vn 0.3020720775004161 -0.23494493923288284 -0.9238795027077068
vn 0.30207160638826275 -0.2349452417088997 -0.9238795798221547
vn 0.30207160638826275 -0.2349452417088997 -0.9238795798221547
vn 0.30207160638826275 -0.2349452417088997 -0.9238795798221547
vn 0.7292653995458839 -0.5672079980807548 -0.3826840262388866
vn 0.7292653995458839 -0.5672079980807548 -0.3826840262388866
vn 0.7292653995458839 -0.5672079980807548 -0.3826840262388866
vn 0.7292667676454326 -0.5672068634090425 -0.382683100893753
vn 0.7292667676454326 -0.5672068634090425 -0.382683100893753
vn 0.7292667676454326 -0.5672068634090425 -0.382683100893753
vn 0.7893525704190804 -0.6139401596025387 0
vn 0.7893525704190804 -0.6139401596025387 0
vn 0.7893525704190804 -0.6139401596025387 0
vn 0.7893525704190804 -0.6139401596025387 0
vn 0.7893525704190804 -0.6139401596025387 0
vn 0.7893525704190804 -0.6139401596025387 0
vn 0.7292666444086544 -0.5672066814626202 0.38268360541980756
vn 0.7292666444086544 -0.5672066814626202 0.38268360541980756
vn 0.7292666444086544 -0.5672066814626202 0.38268360541980756
vn 0.729265821223714 -0.5672083591661021 0.3826826874670452
vn 0.729265821223714 -0.5672083591661021 0.3826826874670452
vn 0.729265821223714 -0.5672083591661021 0.3826826874670452
vn 0.30207104036678556 -0.23494479484723502 0.9238798785263799
vn 0.30207104036678556 -0.23494479484723502 0.9238798785263799
vn 0.30207104036678556 -0.23494479484723502 0.9238798785263799
vn 0.30207125032685167 -0.23494427435176585 0.9238799422410331
vn 0.30207125032685167 -0.23494427435176585 0.9238799422410331
vn 0.30207125032685167 -0.23494427435176585 0.9238799422410331
vn 0.3483818457338047 -0.15835538442445668 -0.9238796792802026
vn 0.3483818457338047 -0.15835538442445668 -0.9238796792802026
vn 0.3483818457338047 -0.15835538442445668 -0.9238796792802026
vn 0.34838262520629293 -0.1583546414627988 -0.9238795126971697
vn 0.34838262520629293 -0.1583546414627988 -0.9238795126971697
vn 0.34838262520629293 -0.1583546414627988 -0.9238795126971697
vn 0.8410702228043483 -0.3823020403807284 -0.3826826756368463
vn 0.8410702228043483 -0.3823020403807284 -0.3826826756368463
vn 0.8410702228043483 -0.3823020403807284 -0.3826826756368463
vn 0.8410690861812493 -0.3823035882219894 -0.3826836274297997
vn 0.8410690861812493 -0.3823035882219894 -0.3826836274297997
vn 0.8410690861812493 -0.3823035882219894 -0.3826836274297997
vn 0.9103667060830191 -0.41380244133590355 0
vn 0.9103667060830191 -0.41380244133590355 0
vn 0.9103667060830191 -0.41380244133590355 0
vn 0.9103667060830191 -0.41380244133590355 0
vn 0.9103667060830191 -0.41380244133590355 0
vn 0.9103667060830191 -0.41380244133590355 0
vn 0.8410695615006883 -0.3823037961483749 0.382682375041733
vn 0.8410695615006883 -0.3823037961483749 0.382682375041733
vn 0.8410695615006883 -0.3823037961483749 0.382682375041733
vn 0.8410699899264404 -0.38230189388758656 0.38268333380891034
vn 0.8410699899264404 -0.38230189388758656 0.38268333380891034
vn 0.8410699899264404 -0.38230189388758656 0.38268333380891034
vn 0.34838158155362625 -0.15835416436592278 0.9238799880190955
vn 0.34838158155362625 -0.15835416436592278 0.9238799880190955
vn 0.34838158155362625 -0.15835416436592278 0.9238799880190955
vn 0.34838152754802826 -0.1583552397945583 0.9238798240533833
vn 0.34838152754802826 -0.1583552397945583 0.9238798240533833
vn 0.34838152754802826 -0.1583552397945583 0.9238798240533833
vn 0.37288343800254764 -0.0860500333243794 -0.9238795015738109
vn 0.37288343800254764 -0.0860500333243794 -0.9238795015738109
vn 0.37288343800254764 -0.0860500333243794 -0.9238795015738109
vn 0.3728837280311751 -0.08604962914813154 -0.9238794221612697
vn 0.3728837280311751 -0.08604962914813154 -0.9238794221612697
vn 0.3728837280311751 -0.08604962914813154 -0.9238794221612697
vn 0.9002202885515429 -0.2077420385334631 -0.382683521341249
vn 0.9002202885515429 -0.2077420385334631 -0.382683521341249
vn 0.9002202885515429 -0.2077420385334631 -0.382683521341249
vn 0.9002204453643405 -0.2077417056307619 -0.3826833331746369
vn 0.9002204453643405 -0.2077417056307619 -0.3826833331746369
vn 0.9002204453643405 -0.2077417056307619 -0.3826833331746369
vn 0.9743915452847388 -0.22485799180286897 0
vn 0.9743915452847388 -0.22485799180286897 0
vn 0.9743915452847388 -0.22485799180286897 0
vn 0.9743915452847388 -0.22485799180286897 0
vn 0.9743915452847388 -0.22485799180286897 0
vn 0.9743915452847388 -0.22485799180286897 0
vn 0.9002205257470004 -0.20774172532681562 0.3826831333911024
vn 0.9002205257470004 -0.20774172532681562 0.3826831333911024
vn 0.9002205257470004 -0.20774172532681562 0.3826831333911024
vn 0.9002205102001246 -0.20774207936696792 0.3826829777705246
vn 0.9002205102001246 -0.20774207936696792 0.3826829777705246
vn 0.9002205102001246 -0.20774207936696792 0.3826829777705246
vn 0.3728827909269179 -0.08604940945455286 0.9238798208441806
vn 0.3728827909269179 -0.08604940945455286 0.9238798208441806
vn 0.3728827909269179 -0.08604940945455286 0.9238798208441806
vn 0.37288284747776856 -0.08604988558699869 0.9238797536732449
vn 0.37288284747776856 -0.08604988558699869 0.9238797536732449
vn 0.37288284747776856 -0.08604988558699869 0.9238797536732449
vn 0.3818360827531382 -0.025455737235916764 -0.9238794355052583
vn 0.3818360827531382 -0.025455737235916764 -0.9238794355052583
vn 0.3818360827531382 -0.025455737235916764 -0.9238794355052583
vn 0.38183542683778754 -0.025456946074988215 -0.923879673284427
vn 0.38183542683778754 -0.025456946074988215 -0.923879673284427
vn 0.38183542683778754 -0.025456946074988215 -0.923879673284427
vn 0.9218331713185418 -0.061458562488109 -0.3826832232456699
vn 0.9218331713185418 -0.061458562488109 -0.3826832232456699
vn 0.9218331713185418 -0.061458562488109 -0.3826832232456699
vn 0.9218335005250853 -0.061457409478577384 -0.3826826154006085
vn 0.9218335005250853 -0.061457409478577384 -0.3826826154006085
vn 0.9218335005250853 -0.061457409478577384 -0.3826826154006085
vn 0.9977850249969215 -0.0665210033891015 0
vn 0.9977850249969215 -0.0665210033891015 0
vn 0.9977850249969215 -0.0665210033891015 0
vn 0.9977850249969215 -0.0665210033891015 0
vn 0.9977850249969215 -0.0665210033891015 0
vn 0.9977850249969215 -0.0665210033891015 0
vn 0.9218334090235961 -0.06145741132581958 0.3826828355192644
vn 0.9218334090235961 -0.06145741132581958 0.3826828355192644
vn 0.9218334090235961 -0.06145741132581958 0.3826828355192644
vn 0.9218335689466031 -0.06145858725811345 0.3826822614329087
vn 0.9218335689466031 -0.06145858725811345 0.3826822614329087
vn 0.9218335689466031 -0.06145858725811345 0.3826822614329087
vn 0.3818350076284237 -0.025456918003514472 0.9238798473152036
vn 0.3818350076284237 -0.025456918003514472 0.9238798473152036
vn 0.3818350076284237 -0.025456918003514472 0.9238798473152036
vn 0.3818346514457003 -0.025455644050595062 0.9238800296257681
vn 0.3818346514457003 -0.025455644050595062 0.9238800296257681
vn 0.3818346514457003 -0.025455644050595062 0.9238800296257681
vn 0.3826830940244355 0 -0.9238796726565017
vn 0.3826830940244355 0 -0.9238796726565017
vn 0.3826830940244355 0 -0.9238796726565017
vn 0.3826830940244355 0 -0.9238796726565017
vn 0.3826830940244355 0 -0.9238796726565017
vn 0.3826830940244355 0 -0.9238796726565017
vn 0.9238798885036886 0 -0.38268257292227453
vn 0.9238798885036886 0 -0.38268257292227453
vn 0.9238798885036886 0 -0.38268257292227453
vn 0.9238798885036886 0 -0.38268257292227453
vn 0.9238798885036886 0 -0.38268257292227453
vn 0.9238798885036886 0 -0.38268257292227453
vn 1 0 0
vn 1 0 0
vn 1 0 0
vn 1 0 0
vn 1 0 0
vn 1 0 0
vn 0.9238800411305023 0 0.3826822044473736
vn 0.9238800411305023 0 0.3826822044473736
vn 0.9238800411305023 0 0.3826822044473736
vn 0.9238800305938178 0 0.3826822298852745
vn 0.9238800305938178 0 0.3826822298852745
vn 0.9238800305938178 0 0.3826822298852745
vn 0.3826822298852745 0 0.9238800305938178
vn 0.3826822298852745 0 0.9238800305938178
vn 0.3826822298852745 0 0.9238800305938178
vn 0.3826822298852745 0 0.9238800305938178
vn 0.3826822298852745 0 0.9238800305938178
vn 0.3826822298852745 0 0.9238800305938178
vn 0.3818356126657083 0.025455706020931092 -0.9238796306506486
vn 0.3818356126657083 0.025455706020931092 -0.9238796306506486
vn 0.3818356126657083 0.025455706020931092 -0.9238796306506486
vn 0.3818358989530564 0.025456768808895726 -0.923879483045555
vn 0.3818358989530564 0.025456768808895726 -0.923879483045555
vn 0.3818358989530564 0.025456768808895726 -0.923879483045555
vn 0.9218334537928099 0.06145807716372322 -0.38268262074434134
vn 0.9218334537928099 0.06145807716372322 -0.38268262074434134
vn 0.9218334537928099 0.06145807716372322 -0.38268262074434134
vn 0.9218332550593585 0.06145647023561996 -0.3826833575331516
vn 0.9218332550593585 0.06145647023561996 -0.3826833575331516
vn 0.9218332550593585 0.06145647023561996 -0.3826833575331516
vn 0.9977850915261652 0.06652000547295521 0
vn 0.9977850915261652 0.06652000547295521 0
vn 0.9977850915261652 0.06652000547295521 0
vn 0.9977850915261652 0.06652000547295521 0
vn 0.9977850915261652 0.06652000547295521 0
vn 0.9977850915261652 0.06652000547295521 0
vn 0.9218336838054922 0.06145650453081875 0.3826823192315646
vn 0.9218336838054922 0.06145650453081875 0.3826823192315646
vn 0.9218336838054922 0.06145650453081875 0.3826823192315646
vn 0.9218332700746167 0.06145806193559808 0.3826830657432583
vn 0.9218332700746167 0.06145806193559808 0.3826830657432583
vn 0.9218332700746167 0.06145806193559808 0.3826830657432583
vn 0.3818346877908091 0.025456687568069822 0.9238799858519271
vn 0.3818346877908091 0.025456687568069822 0.9238799858519271
vn 0.3818346877908091 0.025456687568069822 0.9238799858519271
vn 0.38183521887734534 0.02545568138266603 0.9238797940805038
vn 0.38183521887734534 0.02545568138266603 0.9238797940805038
vn 0.38183521887734534 0.02545568138266603 0.9238797940805038
vn 0.37288365724550554 0.08605008048017881 -0.9238794086938896
vn 0.37288365724550554 0.08605008048017881 -0.9238794086938896
vn 0.37288365724550554 0.08605008048017881 -0.9238794086938896
vn 0.37288362659232693 0.0860495959960774 -0.923879466190404
vn 0.37288362659232693 0.0860495959960774 -0.923879466190404
vn 0.37288362659232693 0.0860495959960774 -0.923879466190404
vn 0.9002200594224625 0.2077419810725373 -0.382684091534356
vn 0.9002200594224625 0.2077419810725373 -0.382684091534356
vn 0.9002200594224625 0.2077419810725373 -0.382684091534356
vn 0.9002200277418956 0.20774307644759388 -0.38268357142745213
vn 0.9002200277418956 0.20774307644759388 -0.38268357142745213
vn 0.9002200277418956 0.20774307644759388 -0.38268357142745213
vn 0.9743911972014787 0.22485950016903625 0
vn 0.9743911972014787 0.22485950016903625 0
vn 0.9743911972014787 0.22485950016903625 0
vn 0.9743911972014787 0.22485950016903625 0
vn 0.9743911972014787 0.22485950016903625 0
vn 0.9743911972014787 0.22485950016903625 0
vn 0.9002199781598167 0.20774306385933244 0.3826836948973351
vn 0.9002199781598167 0.20774306385933244 0.3826836948973351
vn 0.9002199781598167 0.20774306385933244 0.3826836948973351
vn 0.900220440084376 0.20774206204018042 0.3826831521161945
vn 0.900220440084376 0.20774206204018042 0.3826831521161945
vn 0.900220440084376 0.20774206204018042 0.3826831521161945
vn 0.37288293879720424 0.08604943899349375 0.9238797584117023
vn 0.37288293879720424 0.08604943899349375 0.9238797584117023
vn 0.37288293879720424 0.08604943899349375 0.9238797584117023
vn 0.3728826282347551 0.08604983843118665 0.923879846552953
vn 0.3728826282347551 0.08604983843118665 0.923879846552953
vn 0.3728826282347551 0.08604983843118665 0.923879846552953
vn 0.34838230374114904 0.15835559802821741 -0.9238794699597644
vn 0.34838230374114904 0.15835559802821741 -0.9238794699597644
vn 0.34838230374114904 0.15835559802821741 -0.9238794699597644
vn 0.34838247727555677 0.1583532114426112 -0.9238798135867878
vn 0.34838247727555677 0.1583532114426112 -0.9238798135867878
vn 0.34838247727555677 0.1583532114426112 -0.9238798135867878
vn 0.8410710241257001 0.38229913178070957 -0.38268382016471725
vn 0.8410710241257001 0.38229913178070957 -0.38268382016471725
vn 0.8410710241257001 0.38229913178070957 -0.38268382016471725
vn 0.8410699443749781 0.38230398643793884 -0.3826813434474318
vn 0.8410699443749781 0.38230398643793884 -0.3826813434474318
vn 0.8410699443749781 0.38230398643793884 -0.3826813434474318
vn 0.9103667060830191 0.41380244133590355 0
vn 0.9103667060830191 0.41380244133590355 0
vn 0.9103667060830191 0.41380244133590355 0
vn 0.9103667060830191 0.41380244133590355 0
vn 0.9103667060830191 0.41380244133590355 0
vn 0.9103667060830191 0.41380244133590355 0
vn 0.8410692265867219 0.3823036276589266 0.3826832794461211
vn 0.8410692265867219 0.3823036276589266 0.3826832794461211
vn 0.8410692265867219 0.3823036276589266 0.3826832794461211
vn 0.841072188436577 0.3822996257921947 0.38268076768718734
vn 0.841072188436577 0.3822996257921947 0.38268076768718734
vn 0.841072188436577 0.3822996257921947 0.38268076768718734
vn 0.348382260542353 0.15835311834617988 0.9238799112706373
vn 0.348382260542353 0.15835311834617988 0.9238799112706373
vn 0.348382260542353 0.15835311834617988 0.9238799112706373
vn 0.3483805599845419 0.1583548013476246 0.9238802640575299
vn 0.3483805599845419 0.1583548013476246 0.9238802640575299
vn 0.3483805599845419 0.1583548013476246 0.9238802640575299
vn 0.30207120766711815 0.23494424945039716 -0.9238799625214947
vn 0.30207120766711815 0.23494424945039716 -0.9238799625214947
vn 0.30207120766711815 0.23494424945039716 -0.9238799625214947
vn 0.30207104036678556 0.23494479484723502 -0.9238798785263799
vn 0.30207104036678556 0.23494479484723502 -0.9238798785263799
vn 0.30207104036678556 0.23494479484723502 -0.9238798785263799
vn 0.7292664183999908 0.5672087772773733 -0.38268092972286516
vn 0.7292664183999908 0.5672087772773733 -0.38268092972286516
vn 0.7292664183999908 0.5672087772773733 -0.38268092972286516
vn 0.7292671890259892 0.5672071646585182 -0.3826818513728822
vn 0.7292671890259892 0.5672071646585182 -0.3826818513728822
vn 0.7292671890259892 0.5672071646585182 -0.3826818513728822
vn 0.7893525704190804 0.6139401596025387 0
vn 0.7893525704190804 0.6139401596025387 0
vn 0.7893525704190804 0.6139401596025387 0
vn 0.7893525704190804 0.6139401596025387 0
vn 0.7893525704190804 0.6139401596025387 0
vn 0.7893525704190804 0.6139401596025387 0
vn 0.7292675937709555 0.5672074529692167 0.3826806527271719
vn 0.7292675937709555 0.5672074529692167 0.3826806527271719
vn 0.7292675937709555 0.5672074529692167 0.3826806527271719
vn 0.7292662010181873 0.5672086280707687 0.38268156513552815
vn 0.7292662010181873 0.5672086280707687 0.38268156513552815
vn 0.7292662010181873 0.5672086280707687 0.38268156513552815
vn 0.3020702360456898 0.23494418416532276 0.9238802968037538
vn 0.3020702360456898 0.23494418416532276 0.9238802968037538
vn 0.3020702360456898 0.23494418416532276 0.9238802968037538
vn 0.30207073424094316 0.234943879574354 0.9238802113724967
vn 0.30207073424094316 0.234943879574354 0.9238802113724967
vn 0.30207073424094316 0.234943879574354 0.9238802113724967
vn 0.23494424945039716 0.30207120766711815 -0.9238799625214947
vn 0.23494424945039716 0.30207120766711815 -0.9238799625214947
vn 0.23494424945039716 0.30207120766711815 -0.9238799625214947
vn 0.23494194307694713 0.30207496701095854 -0.9238793198727618
vn 0.23494194307694713 0.30207496701095854 -0.9238793198727618
vn 0.23494194307694713 0.30207496701095854 -0.9238793198727618
vn 0.5671999532529203 0.729273329277154 -0.3826808386043134
vn 0.5671999532529203 0.729273329277154 -0.3826808386043134
vn 0.5671999532529203 0.729273329277154 -0.3826808386043134
vn 0.5672030472530217 0.72926962679287 -0.38268330852582855
vn 0.5672030472530217 0.72926962679287 -0.38268330852582855
vn 0.5672030472530217 0.72926962679287 -0.38268330852582855
vn 0.6139360661288373 0.7893557542111465 0
vn 0.6139360661288373 0.7893557542111465 0
vn 0.6139360661288373 0.7893557542111465 0
vn 0.6139360661288373 0.7893557542111465 0
vn 0.6139360661288373 0.7893557542111465 0
vn 0.6139360661288373 0.7893557542111465 0
vn 0.5672036509712893 0.729270530726428 0.38268069109746555
vn 0.5672036509712893 0.729270530726428 0.38268069109746555
vn 0.5672036509712893 0.729270530726428 0.38268069109746555
vn 0.567199346726605 0.7292726005470009 0.3826831263125236
vn 0.567199346726605 0.7292726005470009 0.3826831263125236
vn 0.567199346726605 0.7292726005470009 0.3826831263125236
vn 0.23494071748353673 0.3020734125352687 0.9238801397949945
vn 0.23494071748353673 0.3020734125352687 0.9238801397949945
vn 0.23494071748353673 0.3020734125352687 0.9238801397949945
vn 0.23494493711780282 0.30207210458334943 0.923879494390528
vn 0.23494493711780282 0.30207210458334943 0.923879494390528
vn 0.23494493711780282 0.30207210458334943 0.923879494390528
vn 0.15835592013064856 0.34838303620835565 -0.9238791385467167
vn 0.15835592013064856 0.34838303620835565 -0.9238791385467167
vn 0.15835592013064856 0.34838303620835565 -0.9238791385467167
vn 0.15835722893495124 0.3483816896086102 -0.9238794219969905
vn 0.15835722893495124 0.3483816896086102 -0.9238794219969905
vn 0.15835722893495124 0.3483816896086102 -0.9238794219969905
vn 0.38230798494036705 0.8410673923557193 -0.38268295776894284
vn 0.38230798494036705 0.8410673923557193 -0.38268295776894284
vn 0.38230798494036705 0.8410673923557193 -0.38268295776894284
vn 0.3823087492759536 0.8410668327596584 -0.38268342407098427
vn 0.3823087492759536 0.8410668327596584 -0.38268342407098427
vn 0.3823087492759536 0.8410668327596584 -0.38268342407098427
vn 0.4138080255907989 0.9103641677683965 0
vn 0.4138080255907989 0.9103641677683965 0
vn 0.4138080255907989 0.9103641677683965 0
vn 0.4138080255907989 0.9103641677683965 0
vn 0.4138080255907989 0.9103641677683965 0
vn 0.4138080255907989 0.9103641677683965 0
vn 0.38230889840409543 0.8410671310392445 0.38268261952492877
vn 0.38230889840409543 0.8410671310392445 0.38268261952492877
vn 0.38230889840409543 0.8410671310392445 0.38268261952492877
vn 0.3823079122466886 0.841067363560192 0.3826830936786807
vn 0.3823079122466886 0.841067363560192 0.3826830936786807
vn 0.3823079122466886 0.841067363560192 0.3826830936786807
vn 0.15835708430514714 0.3483813714229246 0.9238795667703961
vn 0.15835708430514714 0.3483813714229246 0.9238795667703961
vn 0.15835708430514714 0.3483813714229246 0.9238795667703961
vn 0.1583552397945583 0.34838152754802826 0.9238798240533833
vn 0.1583552397945583 0.34838152754802826 0.9238798240533833
vn 0.1583552397945583 0.34838152754802826 0.9238798240533833
vn 0.0860500333243794 0.37288343800254764 -0.9238795015738109
vn 0.0860500333243794 0.37288343800254764 -0.9238795015738109
vn 0.0860500333243794 0.37288343800254764 -0.9238795015738109
vn 0.08604962914813154 0.3728837280311751 -0.9238794221612697
vn 0.08604962914813154 0.3728837280311751 -0.9238794221612697
vn 0.08604962914813154 0.3728837280311751 -0.9238794221612697
vn 0.2077420385334631 0.9002202885515429 -0.382683521341249
vn 0.2077420385334631 0.9002202885515429 -0.382683521341249
vn 0.2077420385334631 0.9002202885515429 -0.382683521341249
vn 0.2077417056307619 0.9002204453643405 -0.3826833331746369
vn 0.2077417056307619 0.9002204453643405 -0.3826833331746369
vn 0.2077417056307619 0.9002204453643405 -0.3826833331746369
vn 0.22485799180286897 0.9743915452847388 0
vn 0.22485799180286897 0.9743915452847388 0
vn 0.22485799180286897 0.9743915452847388 0
vn 0.22485799180286897 0.9743915452847388 0
vn 0.22485799180286897 0.9743915452847388 0
vn 0.22485799180286897 0.9743915452847388 0
vn 0.20774172532681562 0.9002205257470004 0.3826831333911024
vn 0.20774172532681562 0.9002205257470004 0.3826831333911024
vn 0.20774172532681562 0.9002205257470004 0.3826831333911024
vn 0.20774207936696792 0.9002205102001246 0.3826829777705246
vn 0.20774207936696792 0.9002205102001246 0.3826829777705246
vn 0.20774207936696792 0.9002205102001246 0.3826829777705246
vn 0.08604940945455286 0.3728827909269179 0.9238798208441806
vn 0.08604940945455286 0.3728827909269179 0.9238798208441806
vn 0.08604940945455286 0.3728827909269179 0.9238798208441806
vn 0.08604988558699869 0.37288284747776856 0.9238797536732449
vn 0.08604988558699869 0.37288284747776856 0.9238797536732449
vn 0.08604988558699869 0.37288284747776856 0.9238797536732449
vn 0.025455737235916764 0.3818360827531382 -0.9238794355052583
vn 0.025455737235916764 0.3818360827531382 -0.9238794355052583
vn 0.025455737235916764 0.3818360827531382 -0.9238794355052583
vn 0.02545392280343563 0.3818369437783857 -0.9238791296375835
vn 0.02545392280343563 0.3818369437783857 -0.9238791296375835
vn 0.02545392280343563 0.3818369437783857 -0.9238791296375835
vn 0.06145105992922949 0.9218337700035988 -0.3826829859224555
vn 0.06145105992922949 0.9218337700035988 -0.3826829859224555
vn 0.06145105992922949 0.9218337700035988 -0.3826829859224555
vn 0.0614573178372496 0.9218320923768849 -0.38268602214910563
vn 0.0614573178372496 0.9218320923768849 -0.38268602214910563
vn 0.0614573178372496 0.9218320923768849 -0.38268602214910563
vn 0.0665210033891015 0.9977850249969215 0
vn 0.0665210033891015 0.9977850249969215 0
vn 0.0665210033891015 0.9977850249969215 0
vn 0.0665210033891015 0.9977850249969215 0
vn 0.0665210033891015 0.9977850249969215 0
vn 0.0665210033891015 0.9977850249969215 0
vn 0.06145741132581958 0.9218334090235961 0.3826828355192644
vn 0.06145741132581958 0.9218334090235961 0.3826828355192644
vn 0.06145741132581958 0.9218334090235961 0.3826828355192644
vn 0.06145098397838294 0.9218326158381434 0.3826857783418331
vn 0.06145098397838294 0.9218326158381434 0.3826857783418331
vn 0.06145098397838294 0.9218326158381434 0.3826857783418331
vn 0.02545382304135868 0.38183543617226656 0.92387975547455
vn 0.02545382304135868 0.38183543617226656 0.92387975547455
vn 0.02545382304135868 0.38183543617226656 0.92387975547455
vn 0.025455737525592916 0.38183605729595826 0.9238794460186383
vn 0.025455737525592916 0.38183605729595826 0.9238794460186383
vn 0.025455737525592916 0.38183605729595826 0.9238794460186383
vn 0 0.38268447490064456 -0.9238791006782314
vn 0 0.38268447490064456 -0.9238791006782314
vn 0 0.38268447490064456 -0.9238791006782314
vn 0 0.38268447490064456 -0.9238791006782314
vn 0 0.38268447490064456 -0.9238791006782314
vn 0 0.38268447490064456 -0.9238791006782314
vn 0 0.9238784760140226 -0.3826859829651552
vn 0 0.9238784760140226 -0.3826859829651552
vn 0 0.9238784760140226 -0.3826859829651552
vn 0 0.9238784760140226 -0.3826859829651552
vn 0 0.9238784760140226 -0.3826859829651552
vn 0 0.9238784760140226 -0.3826859829651552
vn 0 1 0
vn 0 1 0
vn 0 1 0
vn 0 1 0
vn 0 1 0
vn 0 1 0
vn 0 0.9238786199132315 0.38268563556426155
vn 0 0.9238786199132315 0.38268563556426155
vn 0 0.9238786199132315 0.38268563556426155
vn 0 0.9238786199132315 0.38268563556426155
vn 0 0.9238786199132315 0.38268563556426155
vn 0 0.9238786199132315 0.38268563556426155
vn 0 0.3826836361998657 0.9238794480801317
vn 0 0.3826836361998657 0.9238794480801317
vn 0 0.3826836361998657 0.9238794480801317
vn 0 0.3826836361998657 0.9238794480801317
vn 0 0.3826836361998657 0.9238794480801317
vn 0 0.3826836361998657 0.9238794480801317
vn -0.025455793378822478 0.3818369211714338 -0.923879087442602
vn -0.025455793378822478 0.3818369211714338 -0.923879087442602
vn -0.025455793378822478 0.3818369211714338 -0.923879087442602
vn -0.025453748593923863 0.3818363013152796 -0.9238793999653765
vn -0.025453748593923863 0.3818363013152796 -0.9238793999653765
vn -0.025453748593923863 0.3818363013152796 -0.9238793999653765
vn -0.06145066258293139 0.9218325409249777 -0.38268601040529027
vn -0.06145066258293139 0.9218325409249777 -0.38268601040529027
vn -0.06145066258293139 0.9218325409249777 -0.38268601040529027
vn -0.06145711219774724 0.9218333328467068 -0.38268306705816824
vn -0.06145711219774724 0.9218333328467068 -0.38268306705816824
vn -0.06145711219774724 0.9218333328467068 -0.38268306705816824
vn -0.06652069184941295 0.99778504576681 0
vn -0.06652069184941295 0.99778504576681 0
vn -0.06652069184941295 0.99778504576681 0
vn -0.06652069184941295 0.99778504576681 0
vn -0.06652069184941295 0.99778504576681 0
vn -0.06652069184941295 0.99778504576681 0
vn -0.06145704660061225 0.9218322818339011 0.3826856093349127
vn -0.06145704660061225 0.9218322818339011 0.3826856093349127
vn -0.06145704660061225 0.9218322818339011 0.3826856093349127
vn -0.06145076003814289 0.9218339804021148 0.38268252725559293
vn -0.06145076003814289 0.9218339804021148 0.38268252725559293
vn -0.06145076003814289 0.9218339804021148 0.38268252725559293
vn -0.0254537374718873 0.3818361531112466 0.9238794615240221
vn -0.0254537374718873 0.3818361531112466 0.9238794615240221
vn -0.0254537374718873 0.3818361531112466 0.9238794615240221
vn -0.02545567823913934 0.38183516799915457 0.9238798151948351
vn -0.02545567823913934 0.38183516799915457 0.9238798151948351
vn -0.02545567823913934 0.38183516799915457 0.9238798151948351
vn -0.08605004998499567 0.37288353503381977 -0.9238794608596197
vn -0.08605004998499567 0.37288353503381977 -0.9238794608596197
vn -0.08605004998499567 0.37288353503381977 -0.9238794608596197
vn -0.08604982529658543 0.37288347035487873 -0.923879507891873
vn -0.08604982529658543 0.37288347035487873 -0.923879507891873
vn -0.08604982529658543 0.37288347035487873 -0.923879507891873
vn -0.2077426665032631 0.9002203573472987 -0.3826830186088949
vn -0.2077426665032631 0.9002203573472987 -0.3826830186088949
vn -0.2077426665032631 0.9002203573472987 -0.3826830186088949
vn -0.20774186650867946 0.9002203726085801 -0.3826834169910675
vn -0.20774186650867946 0.9002203726085801 -0.3826834169910675
vn -0.20774186650867946 0.9002203726085801 -0.3826834169910675
vn -0.22485817572350572 0.9743915028417977 0
vn -0.22485817572350572 0.9743915028417977 0
vn -0.22485817572350572 0.9743915028417977 0
vn -0.22485817572350572 0.9743915028417977 0
vn -0.22485817572350572 0.9743915028417977 0
vn -0.22485817572350572 0.9743915028417977 0
vn -0.20774192703820699 0.9002206746396534 0.3826826736367604
vn -0.20774192703820699 0.9002206746396534 0.3826826736367604
vn -0.20774192703820699 0.9002206746396534 0.3826826736367604
vn -0.20774265939544517 0.9002203265466812 0.3826830949225412
vn -0.20774265939544517 0.9002203265466812 0.3826830949225412
vn -0.20774265939544517 0.9002203265466812 0.3826830949225412
vn -0.08604965163338 0.3728826855284495 0.9238798408271854
vn -0.08604965163338 0.3728826855284495 0.9238798408271854
vn -0.08604965163338 0.3728826855284495 0.9238798408271854
vn -0.08604983199202634 0.372882602815254 0.9238798574121343
vn -0.08604983199202634 0.372882602815254 0.9238798574121343
vn -0.08604983199202634 0.372882602815254 0.9238798574121343
vn -0.158355549013778 0.34838223465240176 -0.9238795044133971
vn -0.158355549013778 0.34838223465240176 -0.9238795044133971
vn -0.158355549013778 0.34838223465240176 -0.9238795044133971
vn -0.15835715944032352 0.3483821178655866 -0.9238792724190107
vn -0.15835715944032352 0.3483821178655866 -0.9238792724190107
vn -0.15835715944032352 0.3483821178655866 -0.9238792724190107
vn -0.3823073897184598 0.8410675133790108 -0.3826832864198608
vn -0.3823073897184598 0.8410675133790108 -0.3826832864198608
vn -0.3823073897184598 0.8410675133790108 -0.3826832864198608
vn -0.3823087520063081 0.8410671963942189 -0.38268262214130877
vn -0.3823087520063081 0.8410671963942189 -0.38268262214130877
vn -0.3823087520063081 0.8410671963942189 -0.38268262214130877
vn -0.4138078571874516 0.9103642443164877 0
vn -0.4138078571874516 0.9103642443164877 0
vn -0.4138078571874516 0.9103642443164877 0
vn -0.4138078571874516 0.9103642443164877 0
vn -0.4138078571874516 0.9103642443164877 0
vn -0.4138078571874516 0.9103642443164877 0
vn -0.3823087002033901 0.8410670943484825 0.3826828981715738
vn -0.3823087002033901 0.8410670943484825 0.3826828981715738
vn -0.3823087002033901 0.8410670943484825 0.3826828981715738
vn -0.3823075906494561 0.8410679137041268 0.38268220584343265
vn -0.3823075906494561 0.8410679137041268 0.38268220584343265
vn -0.3823075906494561 0.8410679137041268 0.38268220584343265
vn -0.15835662373404946 0.3483809273908377 0.9238798131520424
vn -0.15835662373404946 0.3483809273908377 0.9238798131520424
vn -0.15835662373404946 0.3483809273908377 0.9238798131520424
vn -0.15835550493176365 0.34838208700802203 0.9238795676438251
vn -0.15835550493176365 0.34838208700802203 0.9238795676438251
vn -0.15835550493176365 0.34838208700802203 0.9238795676438251
vn -0.23494529503000627 0.30207255198375876 -0.9238792570900608
vn -0.23494529503000627 0.30207255198375876 -0.9238792570900608
vn -0.23494529503000627 0.30207255198375876 -0.9238792570900608
vn -0.23494156024847296 0.30207375103235623 -0.9238798148056139
vn -0.23494156024847296 0.30207375103235623 -0.9238798148056139
vn -0.23494156024847296 0.30207375103235623 -0.9238798148056139
vn -0.567200244992381 0.7292720098956604 -0.38268292052732994
vn -0.567200244992381 0.7292720098956604 -0.38268292052732994
vn -0.567200244992381 0.7292720098956604 -0.38268292052732994
vn -0.5672040155986914 0.7292701820980423 -0.3826808150291934
vn -0.5672040155986914 0.7292701820980423 -0.3826808150291934
vn -0.5672040155986914 0.7292701820980423 -0.3826808150291934
vn -0.6139364705252449 0.7893554396841799 0
vn -0.6139364705252449 0.7893554396841799 0
vn -0.6139364705252449 0.7893554396841799 0
vn -0.6139364705252449 0.7893554396841799 0
vn -0.6139364705252449 0.7893554396841799 0
vn -0.6139364705252449 0.7893554396841799 0
vn -0.5672035805217269 0.7292696823177706 0.38268241231531763
vn -0.5672035805217269 0.7292696823177706 0.38268241231531763
vn -0.5672035805217269 0.7292696823177706 0.38268241231531763
vn -0.5672009020761798 0.72927290580742 0.38268023928492784
vn -0.5672009020761798 0.72927290580742 0.38268023928492784
vn -0.5672009020761798 0.72927290580742 0.38268023928492784
vn -0.23494163511914642 0.30207387071077085 0.9238797566357618
vn -0.23494163511914642 0.30207387071077085 0.9238797566357618
vn -0.23494163511914642 0.30207387071077085 0.9238797566357618
vn -0.2349436875969726 0.3020704980565681 0.9238803374150751
vn -0.2349436875969726 0.3020704980565681 0.9238803374150751
vn -0.2349436875969726 0.3020704980565681 0.9238803374150751
vn -0.3020713678902249 0.23494437737973742 -0.9238798776023731
vn -0.3020713678902249 0.23494437737973742 -0.9238798776023731
vn -0.3020713678902249 0.23494437737973742 -0.9238798776023731
vn -0.30207192448129666 0.23494401224395073 -0.9238797884740633
vn -0.30207192448129666 0.23494401224395073 -0.9238797884740633
vn -0.30207192448129666 0.23494401224395073 -0.9238797884740633
vn -0.7292679557767737 0.5672064430953216 -0.3826814596871911
vn -0.7292679557767737 0.5672064430953216 -0.3826814596871911
vn -0.7292679557767737 0.5672064430953216 -0.3826814596871911
vn -0.7292671358731894 0.567207110071969 -0.3826820335724168
vn -0.7292671358731894 0.567207110071969 -0.3826820335724168
vn -0.7292671358731894 0.567207110071969 -0.3826820335724168
vn -0.7893525704190804 0.6139401596025387 0
vn -0.7893525704190804 0.6139401596025387 0
vn -0.7893525704190804 0.6139401596025387 0
vn -0.7893525704190804 0.6139401596025387 0
vn -0.7893525704190804 0.6139401596025387 0
vn -0.7893525704190804 0.6139401596025387 0
vn -0.7292674179749687 0.5672073361072169 0.38268116095030974
vn -0.7292674179749687 0.5672073361072169 0.38268116095030974
vn -0.7292674179749687 0.5672073361072169 0.38268116095030974
vn -0.7292679106449083 0.5672063351425977 0.3826817057003291
vn -0.7292679106449083 0.5672063351425977 0.3826817057003291
vn -0.7292679106449083 0.5672063351425977 0.3826817057003291
vn -0.3020711212178399 0.23494338748348056 0.9238802099861129
vn -0.3020711212178399 0.23494338748348056 0.9238802099861129
vn -0.3020711212178399 0.23494338748348056 0.9238802099861129
vn -0.30207092048950146 0.23494401946728938 0.923880114901917
vn -0.30207092048950146 0.23494401946728938 0.923880114901917
vn -0.30207092048950146 0.23494401946728938 0.923880114901917
vn -0.3483818457338047 0.15835538442445668 -0.9238796792802026
vn -0.3483818457338047 0.15835538442445668 -0.9238796792802026
vn -0.3483818457338047 0.15835538442445668 -0.9238796792802026
vn -0.3483824963485192 0.15835472648411905 -0.9238795467148918
vn -0.3483824963485192 0.15835472648411905 -0.9238795467148918
vn -0.3483824963485192 0.15835472648411905 -0.9238795467148918
vn -0.8410701862747934 0.38230234889256226 -0.382682447717313
vn -0.8410701862747934 0.38230234889256226 -0.382682447717313
vn -0.8410701862747934 0.38230234889256226 -0.382682447717313
vn -0.8410690304763819 0.3823039178201541 -0.38268342058793137
vn -0.8410690304763819 0.3823039178201541 -0.38268342058793137
vn -0.8410690304763819 0.3823039178201541 -0.38268342058793137
vn -0.9103665519683974 0.4138027803884012 0
vn -0.9103665519683974 0.4138027803884012 0
vn -0.9103665519683974 0.4138027803884012 0
vn -0.9103665519683974 0.4138027803884012 0
vn -0.9103665519683974 0.4138027803884012 0
vn -0.9103665519683974 0.4138027803884012 0
vn -0.8410695057955702 0.3823041257464249 0.38268216819974404
vn -0.8410695057955702 0.3823041257464249 0.38268216819974404
vn -0.8410695057955702 0.3823041257464249 0.38268216819974404
vn -0.8410699342220377 0.3823022234859567 0.38268312696724793
vn -0.8410699342220377 0.3823022234859567 0.38268312696724793
vn -0.8410699342220377 0.3823022234859567 0.38268312696724793
vn -0.34838152342874096 0.15835426934666594 0.9238799919433007
vn -0.34838152342874096 0.15835426934666594 0.9238799919433007
vn -0.34838152342874096 0.15835426934666594 0.9238799919433007
vn -0.34838143145198025 0.15835520695174465 0.9238798659191244
vn -0.34838143145198025 0.15835520695174465 0.9238798659191244
vn -0.34838143145198025 0.15835520695174465 0.9238798659191244
vn -0.37288338716358177 0.08605002044606737 -0.9238795232922123
vn -0.37288338716358177 0.08605002044606737 -0.9238795232922123
vn -0.37288338716358177 0.08605002044606737 -0.9238795232922123
vn -0.3728835233454121 0.08604977161619241 -0.9238794915043371
vn -0.3728835233454121 0.08604977161619241 -0.9238794915043371
vn -0.3728835233454121 0.08604977161619241 -0.9238794915043371
vn -0.9002202768180302 0.20774248286058056 -0.38268330773707715
vn -0.9002202768180302 0.20774248286058056 -0.38268330773707715
vn -0.9002202768180302 0.20774248286058056 -0.38268330773707715
vn -0.9002193240724221 0.20774452453398784 -0.3826844406201263
vn -0.9002193240724221 0.20774452453398784 -0.3826844406201263
vn -0.9002193240724221 0.20774452453398784 -0.3826844406201263
vn -0.9743908169693385 0.2248611478353367 0
vn -0.9743908169693385 0.2248611478353367 0
vn -0.9743908169693385 0.2248611478353367 0
vn -0.9743908169693385 0.2248611478353367 0
vn -0.9743908169693385 0.2248611478353367 0
vn -0.9743908169693385 0.2248611478353367 0
vn -0.9002198973350491 0.20774463848543243 0.38268303022557804
vn -0.9002198973350491 0.20774463848543243 0.38268303022557804
vn -0.9002198973350491 0.20774463848543243 0.38268303022557804
vn -0.9002199354712042 0.20774241211192654 0.3826841491231892
vn -0.9002199354712042 0.20774241211192654 0.3826841491231892
vn -0.9002199354712042 0.20774241211192654 0.3826841491231892
vn -0.3728826627386351 0.0860495638446805 0.9238798582018581
vn -0.3728826627386351 0.0860495638446805 0.9238798582018581
vn -0.3728826627386351 0.0860495638446805 0.9238798582018581
vn -0.37288267418798243 0.0860498496088992 0.9238798269649061
vn -0.37288267418798243 0.0860498496088992 0.9238798269649061
vn -0.37288267418798243 0.0860498496088992 0.9238798269649061
vn -0.3818359090919204 0.025455726403560287 -0.9238795075772673
vn -0.3818359090919204 0.025455726403560287 -0.9238795075772673
vn -0.3818359090919204 0.025455726403560287 -0.9238795075772673
vn -0.3818359357802233 0.025455599536089425 -0.9238795000426729
vn -0.3818359357802233 0.025455599536089425 -0.9238795000426729
vn -0.3818359357802233 0.025455599536089425 -0.9238795000426729
vn -0.9218331707554989 0.06145523204099639 -0.38268375945374294
vn -0.9218331707554989 0.06145523204099639 -0.38268375945374294
vn -0.9218331707554989 0.06145523204099639 -0.38268375945374294
vn -0.9218332896927068 0.061454747735112 -0.3826835507245325
vn -0.9218332896927068 0.061454747735112 -0.3826835507245325
vn -0.9218332896927068 0.061454747735112 -0.3826835507245325
vn -0.9977852156806499 0.0665181431574811 0
vn -0.9977852156806499 0.0665181431574811 0
vn -0.9977852156806499 0.0665181431574811 0
vn -0.9977852156806499 0.0665181431574811 0
vn -0.9977852156806499 0.0665181431574811 0
vn -0.9977852156806499 0.0665181431574811 0
vn -0.9218333510025574 0.061454751574081194 0.3826834024208052
vn -0.9218333510025574 0.061454751574081194 0.3826834024208052
vn -0.9218333510025574 0.061454751574081194 0.3826834024208052
vn -0.9218334159948932 0.061455247396876266 0.3826831662388285
vn -0.9218334159948932 0.061455247396876266 0.3826831662388285
vn -0.9218334159948932 0.061455247396876266 0.3826831662388285
vn -0.3818350464833715 0.025455540249631023 0.9238798692187427
vn -0.3818350464833715 0.025455540249631023 0.9238798692187427
vn -0.3818350464833715 0.025455540249631023 0.9238798692187427
vn -0.38183509609424415 0.025455673693831313 0.923879845038029
vn -0.38183509609424415 0.025455673693831313 0.923879845038029
vn -0.38183509609424415 0.025455673693831313 0.923879845038029
vn -0.3826834370613369 0 -0.9238795305660377
vn -0.3826834370613369 0 -0.9238795305660377
vn -0.3826834370613369 0 -0.9238795305660377
vn -0.3826834370613369 0 -0.9238795305660377
vn -0.3826834370613369 0 -0.9238795305660377
vn -0.3826834370613369 0 -0.9238795305660377
vn -0.9238795305660377 0 -0.3826834370613369
vn -0.9238795305660377 0 -0.3826834370613369
vn -0.9238795305660377 0 -0.3826834370613369
vn -0.9238795498316468 0 -0.3826833905500394
vn -0.9238795498316468 0 -0.3826833905500394
vn -0.9238795498316468 0 -0.3826833905500394
vn -1 0 0
vn -1 0 0
vn -1 0 0
vn -1 0 0
vn -1 0 0
vn -1 0 0
vn -0.9238796831932059 0 0.3826830685865544
vn -0.9238796831932059 0 0.3826830685865544
vn -0.9238796831932059 0 0.3826830685865544
vn -0.9238796726565017 0 0.3826830940244355
vn -0.9238796726565017 0 0.3826830940244355
vn -0.9238796726565017 0 0.3826830940244355
vn -0.38268257292227453 0 0.9238798885036886
vn -0.38268257292227453 0 0.9238798885036886
vn -0.38268257292227453 0 0.9238798885036886
vn -0.3826825983601677 0 0.9238798779669956
vn -0.3826825983601677 0 0.9238798779669956
vn -0.3826825983601677 0 0.9238798779669956
vn -0.38183583718701075 -0.025455721858252348 -0.9238795374205286
vn -0.38183583718701075 -0.025455721858252348 -0.9238795374205286
vn -0.38183583718701075 -0.025455721858252348 -0.9238795374205286
vn -0.38183585743525555 -0.02545580330187868 -0.9238795268079812
vn -0.38183585743525555 -0.02545580330187868 -0.9238795268079812
vn -0.38183585743525555 -0.02545580330187868 -0.9238795268079812
vn -0.9218332351145679 -0.06145573899744679 -0.38268352300887915
vn -0.9218332351145679 -0.06145573899744679 -0.38268352300887915
vn -0.9218332351145679 -0.06145573899744679 -0.38268352300887915
vn -0.921833228611042 -0.0614556677833605 -0.3826835501113728
vn -0.921833228611042 -0.0614556677833605 -0.3826835501113728
vn -0.921833228611042 -0.0614556677833605 -0.3826835501113728
vn -0.9977851496477759 -0.06651913365615614 0
vn -0.9977851496477759 -0.06651913365615614 0
vn -0.9977851496477759 -0.06651913365615614 0
vn -0.9977851496477759 -0.06651913365615614 0
vn -0.9977851496477759 -0.06651913365615614 0
vn -0.9977851496477759 -0.06651913365615614 0
vn -0.9218333917248313 -0.06145567418726275 0.3826831561635328
vn -0.9218333917248313 -0.06145567418726275 0.3826831561635328
vn -0.9218333917248313 -0.06145567418726275 0.3826831561635328
vn -0.9218333772016102 -0.061455743999560435 0.3826831799367911
vn -0.9218333772016102 -0.061455743999560435 0.3826831799367911
vn -0.9218333772016102 -0.061455743999560435 0.3826831799367911
vn -0.3818349935774521 -0.025455745587182194 0.9238798854268382
vn -0.3818349935774521 -0.025455745587182194 0.9238798854268382
vn -0.3818349935774521 -0.025455745587182194 0.9238798854268382
vn -0.381835045234153 -0.025455668688866118 0.9238798661961604
vn -0.381835045234153 -0.025455668688866118 0.9238798661961604
vn -0.381835045234153 -0.025455668688866118 0.9238798661961604
vn -0.37288348908057395 -0.08605003880727875 -0.9238794804477276
vn -0.37288348908057395 -0.08605003880727875 -0.9238794804477276
vn -0.37288348908057395 -0.08605003880727875 -0.9238794804477276
vn -0.3728834725064492 -0.08604975873787449 -0.9238795132227392
vn -0.3728834725064492 -0.08604975873787449 -0.9238795132227392
vn -0.3728834725064492 -0.08604975873787449 -0.9238795132227392
vn -0.9002201075380745 -0.20774244035723888 -0.3826837290224877
vn -0.9002201075380745 -0.20774244035723888 -0.3826837290224877
vn -0.9002201075380745 -0.20774244035723888 -0.3826837290224877
vn -0.9002200830439864 -0.2077432244663068 -0.382683360982183
vn -0.9002200830439864 -0.2077432244663068 -0.382683360982183
vn -0.9002200830439864 -0.2077432244663068 -0.382683360982183
vn -0.9743911648040012 -0.22485964055806423 0
vn -0.9743911648040012 -0.22485964055806423 0
vn -0.9743911648040012 -0.22485964055806423 0
vn -0.9743911648040012 -0.22485964055806423 0
vn -0.9743911648040012 -0.22485964055806423 0
vn -0.9743911648040012 -0.22485964055806423 0
vn -0.9002200858307214 -0.20774321020823888 0.3826833621668234
vn -0.9002200858307214 -0.20774321020823888 0.3826833621668234
vn -0.9002200858307214 -0.20774321020823888 0.3826833621668234
vn -0.9002204067826808 -0.20774251514490152 0.38268298448362564
vn -0.9002204067826808 -0.20774251514490152 0.38268298448362564
vn -0.9002204067826808 -0.20774251514490152 0.38268298448362564
vn -0.3728827135776354 -0.08604957672300725 0.9238798364834957
vn -0.3728827135776354 -0.08604957672300725 0.9238798364834957
vn -0.3728827135776354 -0.08604957672300725 0.9238798364834957
vn -0.37288257739575187 -0.08604982555286582 0.923879868271315
vn -0.37288257739575187 -0.08604982555286582 0.923879868271315
vn -0.37288257739575187 -0.08604982555286582 0.923879868271315
vn -0.34838223465240176 -0.158355549013778 -0.9238795044133971
vn -0.34838223465240176 -0.158355549013778 -0.9238795044133971
vn -0.34838223465240176 -0.158355549013778 -0.9238795044133971
vn -0.3483821792705748 -0.15835595326459803 -0.9238794560073005
vn -0.3483821792705748 -0.15835595326459803 -0.9238794560073005
vn -0.3483821792705748 -0.15835595326459803 -0.9238794560073005
vn -0.8410685843132133 -0.38230491523953497 -0.38268340474216933
vn -0.8410685843132133 -0.38230491523953497 -0.38268340474216933
vn -0.8410685843132133 -0.38230491523953497 -0.38268340474216933
vn -0.8410688168112056 -0.38230386946705125 -0.38268393849013144
vn -0.8410688168112056 -0.38230386946705125 -0.38268393849013144
vn -0.8410688168112056 -0.38230386946705125 -0.38268393849013144
vn -0.9103665519683974 -0.4138027803884012 0
vn -0.9103665519683974 -0.4138027803884012 0
vn -0.9103665519683974 -0.4138027803884012 0
vn -0.9103665519683974 -0.4138027803884012 0
vn -0.9103665519683974 -0.4138027803884012 0
vn -0.9103665519683974 -0.4138027803884012 0
vn -0.8410691612990286 -0.38230398270359495 0.3826830682440992
vn -0.8410691612990286 -0.38230398270359495 0.3826830682440992
vn -0.8410691612990286 -0.38230398270359495 0.3826830682440992
vn -0.8410685188923582 -0.38230485299115075 0.3826836107120733
vn -0.8410685188923582 -0.38230485299115075 0.3826836107120733
vn -0.8410685188923582 -0.38230485299115075 0.3826836107120733
vn -0.34838130780350357 -0.15835554766063636 0.9238798541467503
vn -0.34838130780350357 -0.15835554766063636 0.9238798541467503
vn -0.34838130780350357 -0.15835554766063636 0.9238798541467503
vn -0.34838157827433935 -0.15835526556127447 0.923879800508756
vn -0.34838157827433935 -0.15835526556127447 0.923879800508756
vn -0.34838157827433935 -0.15835526556127447 0.923879800508756
vn -0.30207228977425704 -0.23494509108928227 -0.9238793946850345
vn -0.30207228977425704 -0.23494509108928227 -0.9238793946850345
vn -0.30207228977425704 -0.23494509108928227 -0.9238793946850345
vn -0.3020724655348529 -0.23494443306337084 -0.9238795045557762
vn -0.3020724655348529 -0.23494443306337084 -0.9238795045557762
vn -0.3020724655348529 -0.23494443306337084 -0.9238795045557762
vn -0.729267051544864 -0.5672057795402932 -0.38268416636588026
vn -0.729267051544864 -0.5672057795402932 -0.38268416636588026
vn -0.729267051544864 -0.5672057795402932 -0.38268416636588026
vn -0.7292666197534962 -0.5672067218910528 -0.3826835924819817
vn -0.7292666197534962 -0.5672067218910528 -0.3826835924819817
vn -0.7292666197534962 -0.5672067218910528 -0.3826835924819817
vn -0.7893525704190804 -0.6139401596025387 0
vn -0.7893525704190804 -0.6139401596025387 0
vn -0.7893525704190804 -0.6139401596025387 0
vn -0.7893525704190804 -0.6139401596025387 0
vn -0.7893525704190804 -0.6139401596025387 0
vn -0.7893525704190804 -0.6139401596025387 0
vn -0.729266574917609 -0.5672066737732067 0.38268374924351595
vn -0.729266574917609 -0.5672066737732067 0.38268374924351595
vn -0.729266574917609 -0.5672066737732067 0.38268374924351595
vn -0.7292674111599876 -0.5672059598998659 0.3826832137343906
vn -0.7292674111599876 -0.5672059598998659 0.3826832137343906
vn -0.7292674111599876 -0.5672059598998659 0.3826832137343906
vn -0.30207192448129666 -0.23494401224395073 0.9238797884740633
vn -0.30207192448129666 -0.23494401224395073 0.9238797884740633
vn -0.30207192448129666 -0.23494401224395073 0.9238797884740633
vn -0.3020713689477598 -0.23494436330110302 0.9238798808368248
vn -0.3020713689477598 -0.23494436330110302 0.9238798808368248
vn -0.3020713689477598 -0.23494436330110302 0.9238798808368248
vn -0.2349448991120713 -0.30207205359010136 -0.9238795207282589
vn -0.2349448991120713 -0.30207205359010136 -0.9238795207282589
vn -0.2349448991120713 -0.30207205359010136 -0.9238795207282589
vn -0.23494544466015002 -0.30207115206987256 -0.9238796767548381
vn -0.23494544466015002 -0.30207115206987256 -0.9238796767548381
vn -0.23494544466015002 -0.30207115206987256 -0.9238796767548381
vn -0.5672089367681769 -0.7292647842306542 -0.38268380751128184
vn -0.5672089367681769 -0.7292647842306542 -0.38268380751128184
vn -0.5672089367681769 -0.7292647842306542 -0.38268380751128184
vn -0.5672073344006556 -0.7292667005250814 -0.3826825307057588
vn -0.5672073344006556 -0.7292667005250814 -0.3826825307057588
vn -0.5672073344006556 -0.7292667005250814 -0.3826825307057588
vn -0.6139405268589346 -0.7893522847754187 0
vn -0.6139405268589346 -0.7893522847754187 0
vn -0.6139405268589346 -0.7893522847754187 0
vn -0.6139405268589346 -0.7893522847754187 0
vn -0.6139405268589346 -0.7893522847754187 0
vn -0.6139405268589346 -0.7893522847754187 0
vn -0.5672071148335298 -0.7292664267394448 0.3826833778894833
vn -0.5672071148335298 -0.7292664267394448 0.3826833778894833
vn -0.5672071148335298 -0.7292664267394448 0.3826833778894833
vn -0.5672093730670801 -0.7292653451862576 0.3826820918402354
vn -0.5672093730670801 -0.7292653451862576 0.3826820918402354
vn -0.5672093730670801 -0.7292653451862576 0.3826820918402354
vn -0.23494508886285906 -0.30207067758630207 0.9238799223718284
vn -0.23494508886285906 -0.30207067758630207 0.9238799223718284
vn -0.23494508886285906 -0.30207067758630207 0.9238799223718284
vn -0.23494409645307227 -0.3020710130850106 0.923880065049379
vn -0.23494409645307227 -0.3020710130850106 0.923880065049379
vn -0.23494409645307227 -0.3020710130850106 0.923880065049379
vn -0.1583553112874427 -0.3483816997335352 -0.9238797468706792
vn -0.1583553112874427 -0.3483816997335352 -0.9238797468706792
vn -0.1583553112874427 -0.3483816997335352 -0.9238797468706792
vn -0.1583543857751534 -0.34838261999686243 -0.9238795584868711
vn -0.1583543857751534 -0.34838261999686243 -0.9238795584868711
vn -0.1583543857751534 -0.34838261999686243 -0.9238795584868711
vn -0.3823015792841019 -0.8410706150616607 -0.3826822741605382
vn -0.3823015792841019 -0.8410706150616607 -0.3826822741605382
vn -0.3823015792841019 -0.8410706150616607 -0.3826822741605382
vn -0.3823034742655616 -0.8410692169468491 -0.38268345387394925
vn -0.3823034742655616 -0.8410692169468491 -0.38268345387394925
vn -0.3823034742655616 -0.8410692169468491 -0.38268345387394925
vn -0.4138022953861285 -0.9103667724237146 0
vn -0.4138022953861285 -0.9103667724237146 0
vn -0.4138022953861285 -0.9103667724237146 0
vn -0.4138022953861285 -0.9103667724237146 0
vn -0.4138022953861285 -0.9103667724237146 0
vn -0.4138022953861285 -0.9103667724237146 0
vn -0.38230371463348245 -0.8410697576772119 0.38268202531375434
vn -0.38230371463348245 -0.8410697576772119 0.38268202531375434
vn -0.38230371463348245 -0.8410697576772119 0.38268202531375434
vn -0.38230141271568835 -0.8410702784131447 0.3826831804582272
vn -0.38230141271568835 -0.8410702784131447 0.3826831804582272
vn -0.38230141271568835 -0.8410702784131447 0.3826831804582272
vn -0.15835389743900485 -0.3483815247957735 0.9238800551732076
vn -0.15835389743900485 -0.3483815247957735 0.9238800551732076
vn -0.15835389743900485 -0.3483815247957735 0.9238800551732076
vn -0.15835520695174465 -0.34838143145198025 0.9238798659191244
vn -0.15835520695174465 -0.34838143145198025 0.9238798659191244
vn -0.15835520695174465 -0.34838143145198025 0.9238798659191244
vn -0.08605002688522348 -0.3728834125830651 -0.9238795124330119
vn -0.08605002688522348 -0.3728834125830651 -0.9238795124330119
vn -0.08605002688522348 -0.3728834125830651 -0.9238795124330119
vn -0.08604984195719764 -0.3728835673861525 -0.9238794671776823
vn -0.08604984195719764 -0.3728835673861525 -0.9238794671776823
vn -0.08604984195719764 -0.3728835673861525 -0.9238794671776823
vn -0.20774262711111458 -0.9002201965819971 -0.3826834181759682
vn -0.20774262711111458 -0.9002201965819971 -0.3826834181759682
vn -0.20774262711111458 -0.9002201965819971 -0.3826834181759682
vn -0.2077419011622652 -0.900220512840142 -0.38268306829976095
vn -0.2077419011622652 -0.900220512840142 -0.38268306829976095
vn -0.2077419011622652 -0.900220512840142 -0.38268306829976095
vn -0.22485817572350572 -0.9743915028417977 0
vn -0.22485817572350572 -0.9743915028417977 0
vn -0.22485817572350572 -0.9743915028417977 0
vn -0.22485817572350572 -0.9743915028417977 0
vn -0.22485817572350572 -0.9743915028417977 0
vn -0.22485817572350572 -0.9743915028417977 0
vn -0.2077419035315292 -0.9002205231070165 0.3826830428618789
vn -0.2077419035315292 -0.9002205231070165 0.3826830428618789
vn -0.2077419035315292 -0.9002205231070165 0.3826830428618789
vn -0.20774270189871846 -0.9002204958263487 0.3826826736370265
vn -0.20774270189871846 -0.9002204958263487 0.3826826736370265
vn -0.20774270189871846 -0.9002204958263487 0.3826826736370265
vn -0.08604963875505492 -0.3728826346894481 0.9238798625455478
vn -0.08604963875505492 -0.3728826346894481 0.9238798625455478
vn -0.08604963875505492 -0.3728826346894481 0.9238798625455478
vn -0.08604985604805931 -0.37288269960748277 0.9238798161057229
vn -0.08604985604805931 -0.37288269960748277 0.9238798161057229
vn -0.08604985604805931 -0.37288269960748277 0.9238798161057229
vn -0.02545573409239267 -0.381836031874987 -0.9238794566196291
vn -0.02545573409239267 -0.381836031874987 -0.9238794566196291
vn -0.02545573409239267 -0.381836031874987 -0.9238794566196291
vn -0.025456815484637456 -0.3818354535623696 -0.9238796658376028
vn -0.025456815484637456 -0.3818354535623696 -0.9238796658376028
vn -0.025456815484637456 -0.3818354535623696 -0.9238796658376028
vn -0.061458250172505106 -0.921833240054574 -0.38268310782711557
vn -0.061458250172505106 -0.921833240054574 -0.38268310782711557
vn -0.061458250172505106 -0.921833240054574 -0.38268310782711557
vn -0.06145712511646378 -0.9218335378026636 -0.3826825712710792
vn -0.06145712511646378 -0.9218335378026636 -0.3826825712710792
vn -0.06145712511646378 -0.9218335378026636 -0.3826825712710792
vn -0.06652069184941295 -0.99778504576681 0
vn -0.06652069184941295 -0.99778504576681 0
vn -0.06652069184941295 -0.99778504576681 0
vn -0.06652069184941295 -0.99778504576681 0
vn -0.06652069184941295 -0.99778504576681 0
vn -0.06652069184941295 -0.99778504576681 0
vn -0.06145712498871904 -0.921833476281895 0.38268271948725074
vn -0.06145712498871904 -0.921833476281895 0.38268271948725074
vn -0.06145712498871904 -0.921833476281895 0.38268271948725074
vn -0.061458274241588055 -0.9218336271691737 0.38268217145219974
vn -0.061458274241588055 -0.9218336271691737 0.38268217145219974
vn -0.061458274241588055 -0.9218336271691737 0.38268217145219974
vn -0.025456785841414094 -0.38183500891391425 0.9238798504255492
vn -0.025456785841414094 -0.38183500891391425 0.9238798504255492
vn -0.025456785841414094 -0.38183500891391425 0.9238798504255492
vn -0.025455644050595062 -0.3818346514457003 0.9238800296257681
vn -0.025455644050595062 -0.3818346514457003 0.9238800296257681
vn -0.025455644050595062 -0.3818346514457003 0.9238800296257681
vn 0 -0.3826830685865544 -0.9238796831932059
vn 0 -0.3826830685865544 -0.9238796831932059
vn 0 -0.3826830685865544 -0.9238796831932059
vn 0 -0.3826830685865544 -0.9238796831932059
vn 0 -0.3826830685865544 -0.9238796831932059
vn 0 -0.3826830685865544 -0.9238796831932059
vn 0 -0.9238798779669956 -0.3826825983601677
vn 0 -0.9238798779669956 -0.3826825983601677
vn 0 -0.9238798779669956 -0.3826825983601677
vn 0 -0.9238798779669956 -0.3826825983601677
vn 0 -0.9238798779669956 -0.3826825983601677
vn 0 -0.9238798779669956 -0.3826825983601677
vn 0 -1 0
vn 0 -1 0
vn 0 -1 0
vn 0 -1 0
vn 0 -1 0
vn 0 -1 0
vn 0 -0.9238800305938178 0.3826822298852745
vn 0 -0.9238800305938178 0.3826822298852745
vn 0 -0.9238800305938178 0.3826822298852745
vn 0 -0.9238800411305023 0.3826822044473736
vn 0 -0.9238800411305023 0.3826822044473736
vn 0 -0.9238800411305023 0.3826822044473736
vn 0 -0.3826822044473736 0.9238800411305023
vn 0 -0.3826822044473736 0.9238800411305023
vn 0 -0.3826822044473736 0.9238800411305023
vn 0 -0.3826822298852745 0.9238800305938178
vn 0 -0.3826822298852745 0.9238800305938178
vn 0 -0.3826822298852745 0.9238800305938178
vn -0.3826834159879129 0 -0.9238795392949354
vn -0.3826834159879129 0 -0.9238795392949354
vn -0.3826834159879129 0 -0.9238795392949354
vn -0.3826834159879129 0 -0.9238795392949354
vn -0.3826834159879129 0 -0.9238795392949354
vn -0.3826834159879129 0 -0.9238795392949354
vn -0.9238795392949354 0 -0.3826834159879129
vn -0.9238795392949354 0 -0.3826834159879129
vn -0.9238795392949354 0 -0.3826834159879129
vn -0.9238795392949354 0 -0.3826834159879129
vn -0.9238795392949354 0 -0.3826834159879129
vn -0.9238795392949354 0 -0.3826834159879129
vn -1 0 0
vn -1 0 0
vn -1 0 0
vn -1 0 0
vn -1 0 0
vn -1 0 0
vn -0.9238796831932059 0 0.3826830685865544
vn -0.9238796831932059 0 0.3826830685865544
vn -0.9238796831932059 0 0.3826830685865544
vn -0.9238796831932059 0 0.3826830685865544
vn -0.9238796831932059 0 0.3826830685865544
vn -0.9238796831932059 0 0.3826830685865544
vn -0.3826825983601677 0 0.9238798779669956
vn -0.3826825983601677 0 0.9238798779669956
vn -0.3826825983601677 0 0.9238798779669956
vn -0.3826825983601677 0 0.9238798779669956
vn -0.3826825983601677 0 0.9238798779669956
vn -0.3826825983601677 0 0.9238798779669956
vn -0.381835883652841 -0.025455724831797994 -0.9238795181344492
vn -0.381835883652841 -0.025455724831797994 -0.9238795181344492
vn -0.381835883652841 -0.025455724831797994 -0.9238795181344492
vn -0.3818359310910734 -0.025456081648566577 -0.9238794886969377
vn -0.3818359310910734 -0.025456081648566577 -0.9238794886969377
vn -0.3818359310910734 -0.025456081648566577 -0.9238794886969377
vn -0.9218332398129158 -0.06145639868706999 -0.3826834057500265
vn -0.9218332398129158 -0.06145639868706999 -0.3826834057500265
vn -0.9218332398129158 -0.06145639868706999 -0.3826834057500265
vn -0.9218331119393285 -0.06145536992930428 -0.3826838789903568
vn -0.9218331119393285 -0.06145536992930428 -0.3826838789903568
vn -0.9218331119393285 -0.06145536992930428 -0.3826838789903568
vn -0.9977851699225773 -0.0665188295340018 0
vn -0.9977851699225773 -0.0665188295340018 0
vn -0.9977851699225773 -0.0665188295340018 0
vn -0.9977851699225773 -0.0665188295340018 0
vn -0.9977851699225773 -0.0665188295340018 0
vn -0.9977851699225773 -0.0665188295340018 0
vn -0.9218334482582954 -0.06145539086045658 0.3826830654816192
vn -0.9218334482582954 -0.06145539086045658 0.3826830654816192
vn -0.9218334482582954 -0.06145539086045658 0.3826830654816192
vn -0.9218331679896864 -0.06145639414719613 0.3826835794916254
vn -0.9218331679896864 -0.06145639414719613 0.3826835794916254
vn -0.9218331679896864 -0.06145639414719613 0.3826835794916254
vn -0.38183499093414974 -0.02545601735715833 0.9238798790311595
vn -0.38183499093414974 -0.02545601735715833 0.9238798790311595
vn -0.38183499093414974 -0.02545601735715833 0.9238798790311595
vn -0.38183516799915457 -0.02545567823913934 0.9238798151948351
vn -0.38183516799915457 -0.02545567823913934 0.9238798151948351
vn -0.38183516799915457 -0.02545567823913934 0.9238798151948351
vn -0.37288353503381977 -0.08605004998499567 -0.9238794608596197
vn -0.37288353503381977 -0.08605004998499567 -0.9238794608596197
vn -0.37288353503381977 -0.08605004998499567 -0.9238794608596197
vn -0.3728834962524873 -0.08604981694491928 -0.9238794982173092
vn -0.3728834962524873 -0.08604981694491928 -0.9238794982173092
vn -0.3728834962524873 -0.08604981694491928 -0.9238794982173092
vn -0.9002199982536657 -0.20774257675804328 -0.38268391205549607
vn -0.9002199982536657 -0.20774257675804328 -0.38268391205549607
vn -0.9002199982536657 -0.20774257675804328 -0.38268391205549607
vn -0.9002199859330929 -0.20774340837987623 -0.3826834895854976
vn -0.9002199859330929 -0.20774340837987623 -0.3826834895854976
vn -0.9002199859330929 -0.20774340837987623 -0.3826834895854976
vn -0.9743911128173078 -0.22485986583347448 0
vn -0.9743911128173078 -0.22485986583347448 0
vn -0.9743911128173078 -0.22485986583347448 0
vn -0.9743911128173078 -0.22485986583347448 0
vn -0.9743911128173078 -0.22485986583347448 0
vn -0.9743911128173078 -0.22485986583347448 0
vn -0.9002199756662128 -0.20774340601059238 0.38268351502336945
vn -0.9002199756662128 -0.20774340601059238 0.38268351502336945
vn -0.9002199756662128 -0.20774340601059238 0.38268351502336945
vn -0.9002203321201372 -0.20774263087930195 0.3826830972918139
vn -0.9002203321201372 -0.20774263087930195 0.3826830972918139
vn -0.9002203321201372 -0.20774263087930195 0.3826830972918139
vn -0.37288273219886625 -0.08604964062484649 0.9238798230160908
vn -0.37288273219886625 -0.08604964062484649 0.9238798230160908
vn -0.37288273219886625 -0.08604964062484649 0.9238798230160908
vn -0.372882602815254 -0.08604983199202634 0.9238798574121343
vn -0.372882602815254 -0.08604983199202634 0.9238798574121343
vn -0.372882602815254 -0.08604983199202634 0.9238798574121343
vn -0.34838223465240176 -0.158355549013778 -0.9238795044133971
vn -0.34838223465240176 -0.158355549013778 -0.9238795044133971
vn -0.34838223465240176 -0.158355549013778 -0.9238795044133971
vn -0.34838220024647776 -0.1583556959328418 -0.9238794922050433
vn -0.34838220024647776 -0.1583556959328418 -0.9238794922050433
vn -0.34838220024647776 -0.1583556959328418 -0.9238794922050433
vn -0.8410688169729442 -0.382304376180057 -0.3826834319242338
vn -0.8410688169729442 -0.382304376180057 -0.3826834319242338
vn -0.8410688169729442 -0.382304376180057 -0.3826834319242338
vn -0.8410690303144528 -0.38230341110707683 -0.3826839271537273
vn -0.8410690303144528 -0.38230341110707683 -0.3826839271537273
vn -0.8410690303144528 -0.38230341110707683 -0.3826839271537273
vn -0.910366761196826 -0.413802320085329 0
vn -0.910366761196826 -0.413802320085329 0
vn -0.910366761196826 -0.413802320085329 0
vn -0.910366761196826 -0.413802320085329 0
vn -0.910366761196826 -0.413802320085329 0
vn -0.910366761196826 -0.413802320085329 0
vn -0.8410693285944955 -0.3823035602354241 0.3826831226078881
vn -0.8410693285944955 -0.3823035602354241 0.3826831226078881
vn -0.8410693285944955 -0.3823035602354241 0.3826831226078881
vn -0.841068741969303 -0.3823043393781841 0.3826836335339991
vn -0.841068741969303 -0.3823043393781841 0.3826836335339991
vn -0.841068741969303 -0.3823043393781841 0.3826836335339991
vn -0.34838139869021223 -0.15835532481583103 0.9238798580709096
vn -0.34838139869021223 -0.15835532481583103 0.9238798580709096
vn -0.34838139869021223 -0.15835532481583103 0.9238798580709096
vn -0.3483814830003628 -0.15835521819096848 0.9238798445545603
vn -0.3483814830003628 -0.15835521819096848 0.9238798445545603
vn -0.3483814830003628 -0.15835521819096848 0.9238798445545603
vn -0.3020721035258094 -0.23494495119643277 -0.9238794911560698
vn -0.3020721035258094 -0.23494495119643277 -0.9238794911560698
vn -0.3020721035258094 -0.23494495119643277 -0.9238794911560698
vn -0.3020721390690616 -0.2349448364523098 -0.9238795087145504
vn -0.3020721390690616 -0.2349448364523098 -0.9238795087145504
vn -0.3020721390690616 -0.2349448364523098 -0.9238795087145504
vn -0.7292664003059757 -0.5672067962509468 -0.3826839004602901
vn -0.7292664003059757 -0.5672067962509468 -0.3826839004602901
vn -0.7292664003059757 -0.5672067962509468 -0.3826839004602901
vn -0.7292662185626928 -0.5672071516004297 -0.38268372010917556
vn -0.7292662185626928 -0.5672071516004297 -0.38268372010917556
vn -0.7292662185626928 -0.5672071516004297 -0.38268372010917556
vn -0.7893521820720352 -0.6139406589061491 0
vn -0.7893521820720352 -0.6139406589061491 0
vn -0.7893521820720352 -0.6139406589061491 0
vn -0.7893521820720352 -0.6139406589061491 0
vn -0.7893521820720352 -0.6139406589061491 0
vn -0.7893521820720352 -0.6139406589061491 0
vn -0.7292662963709249 -0.567207165758777 0.3826835508476024
vn -0.7292662963709249 -0.567207165758777 0.3826835508476024
vn -0.7292662963709249 -0.567207165758777 0.3826835508476024
vn -0.7292665844203359 -0.567206919582787 0.382683366799895
vn -0.7292665844203359 -0.567206919582787 0.382683366799895
vn -0.7292665844203359 -0.567206919582787 0.382683366799895
vn -0.30207147833707754 -0.23494434076218837 0.9238798508026209
vn -0.30207147833707754 -0.23494434076218837 0.9238798508026209
vn -0.30207147833707754 -0.23494434076218837 0.9238798508026209
vn -0.3020713939156365 -0.23494438934330156 0.9238798660507586
vn -0.3020713939156365 -0.23494438934330156 0.9238798660507586
vn -0.3020713939156365 -0.23494438934330156 0.9238798660507586
vn -0.23494491319070193 -0.30207205253256164 -0.923879517493801
vn -0.23494491319070193 -0.30207205253256164 -0.923879517493801
vn -0.23494491319070193 -0.30207205253256164 -0.923879517493801
vn -0.23494488080328163 -0.30207210881350915 -0.9238795073283589
vn -0.23494488080328163 -0.30207210881350915 -0.9238795073283589
vn -0.23494488080328163 -0.30207210881350915 -0.9238795073283589
vn -0.5672069692875531 -0.7292663928779809 -0.38268365814386096
vn -0.5672069692875531 -0.7292663928779809 -0.38268365814386096
vn -0.5672069692875531 -0.7292663928779809 -0.38268365814386096
vn -0.567206754235614 -0.729266661339408 -0.38268346529262665
vn -0.567206754235614 -0.729266661339408 -0.38268346529262665
vn -0.567206754235614 -0.729266661339408 -0.38268346529262665
vn -0.6139401596025387 -0.7893525704190804 0
vn -0.6139401596025387 -0.7893525704190804 0
vn -0.6139401596025387 -0.7893525704190804 0
vn -0.6139401596025387 -0.7893525704190804 0
vn -0.6139401596025387 -0.7893525704190804 0
vn -0.6139401596025387 -0.7893525704190804 0
vn -0.567206784167174 -0.7292667423975437 0.38268326645884004
vn -0.567206784167174 -0.7292667423975437 0.38268326645884004
vn -0.567206784167174 -0.7292667423975437 0.38268326645884004
vn -0.5672071459855311 -0.7292665689714 0.38268306066983276
vn -0.5672071459855311 -0.7292665689714 0.38268306066983276
vn -0.5672071459855311 -0.7292665689714 0.38268306066983276
vn -0.2349443590709631 -0.3020714231136526 0.9238798642024986
vn -0.2349443590709631 -0.3020714231136526 0.9238798642024986
vn -0.2349443590709631 -0.3020714231136526 0.9238798642024986
vn -0.2349444034219355 -0.3020713928581013 0.9238798628163065
vn -0.2349444034219355 -0.3020713928581013 0.9238798628163065
vn -0.2349444034219355 -0.3020713928581013 0.9238798628163065
vn -0.1583555361304275 -0.3483822092892632 -0.923879516185729
vn -0.1583555361304275 -0.3483822092892632 -0.923879516185729
vn -0.1583555361304275 -0.3483822092892632 -0.923879516185729
vn -0.15835569543330422 -0.3483820501358866 -0.9238795488952827
vn -0.15835569543330422 -0.3483820501358866 -0.9238795488952827
vn -0.15835569543330422 -0.3483820501358866 -0.9238795488952827
vn -0.3823045182180347 -0.8410687420263201 -0.3826834547460079
vn -0.3823045182180347 -0.8410687420263201 -0.3826834547460079
vn -0.3823045182180347 -0.8410687420263201 -0.3826834547460079
vn -0.38230419216510364 -0.8410689843446485 -0.38268324790412356
vn -0.38230419216510364 -0.8410689843446485 -0.38268324790412356
vn -0.38230419216510364 -0.8410689843446485 -0.38268324790412356
vn -0.41380304758868386 -0.9103664305137341 0
vn -0.41380304758868386 -0.9103664305137341 0
vn -0.41380304758868386 -0.9103664305137341 0
vn -0.41380304758868386 -0.9103664305137341 0
vn -0.41380304758868386 -0.9103664305137341 0
vn -0.41380304758868386 -0.9103664305137341 0
vn -0.3823042246068193 -0.8410690497559568 0.38268307173219773
vn -0.3823042246068193 -0.8410690497559568 0.38268307173219773
vn -0.3823042246068193 -0.8410690497559568 0.38268307173219773
vn -0.3823046007377703 -0.8410689652930105 0.3826828816078383
vn -0.3823046007377703 -0.8410689652930105 0.3826828816078383
vn -0.3823046007377703 -0.8410689652930105 0.3826828816078383
vn -0.1583553716865838 -0.34838134385355385 0.923879870715233
vn -0.1583553716865838 -0.34838134385355385 0.923879870715233
vn -0.1583553716865838 -0.34838134385355385 0.923879870715233
vn -0.15835515958143628 -0.34838133617799877 0.9238799099649099
vn -0.15835515958143628 -0.34838133617799877 0.9238799099649099
vn -0.15835515958143628 -0.34838133617799877 0.9238799099649099
vn -0.08605000926835099 -0.3728833412103391 -0.92387954288031
vn -0.08605000926835099 -0.3728833412103391 -0.92387954288031
vn -0.08605000926835099 -0.3728833412103391 -0.92387954288031
vn -0.08604995750046783 -0.3728833428837859 -0.9238795470265485
vn -0.08604995750046783 -0.3728833428837859 -0.9238795470265485
vn -0.08604995750046783 -0.3728833428837859 -0.9238795470265485
vn -0.20774297093220595 -0.900220141719718 -0.38268336058730257
vn -0.20774297093220595 -0.900220141719718 -0.38268336058730257
vn -0.20774297093220595 -0.900220141719718 -0.38268336058730257
vn -0.20774318336191694 -0.900220039035405 -0.38268348682135606
vn -0.20774318336191694 -0.900220039035405 -0.38268348682135606
vn -0.20774318336191694 -0.900220039035405 -0.38268348682135606
vn -0.22485959811487108 -0.9743911745985894 0
vn -0.22485959811487108 -0.9743911745985894 0
vn -0.22485959811487108 -0.9743911745985894 0
vn -0.22485959811487108 -0.9743911745985894 0
vn -0.22485959811487108 -0.9743911745985894 0
vn -0.22485959811487108 -0.9743911745985894 0
vn -0.20774323060378294 -0.9002202288489912 0.38268301466014093
vn -0.20774323060378294 -0.9002202288489912 0.38268301466014093
vn -0.20774323060378294 -0.9002202288489912 0.38268301466014093
vn -0.2077430072556365 -0.9002202295825158 0.3826831341812532
vn -0.2077430072556365 -0.9002202295825158 0.3826831341812532
vn -0.2077430072556365 -0.9002202295825158 0.3826831341812532
vn -0.08604975616810848 -0.3728825076964639 0.923879902864764
vn -0.08604975616810848 -0.3728825076964639 0.923879902864764
vn -0.08604975616810848 -0.3728825076964639 0.923879902864764
vn -0.08604981171829269 -0.37288255221531175 0.9238798797228143
vn -0.08604981171829269 -0.37288255221531175 0.9238798797228143
vn -0.08604981171829269 -0.37288255221531175 0.9238798797228143
vn -0.025455724831797994 -0.381835883652841 -0.9238795181344492
vn -0.025455724831797994 -0.381835883652841 -0.9238795181344492
vn -0.025455724831797994 -0.381835883652841 -0.9238795181344492
vn -0.025455744485185734 -0.3818358115125688 -0.923879547408234
vn -0.025455744485185734 -0.3818358115125688 -0.923879547408234
vn -0.025455744485185734 -0.3818358115125688 -0.923879547408234
vn -0.061455611541907915 -0.9218332827842315 -0.38268342864730504
vn -0.061455611541907915 -0.9218332827842315 -0.38268342864730504
vn -0.061455611541907915 -0.9218332827842315 -0.38268342864730504
vn -0.06145553801838538 -0.921833297518494 -0.38268340496166076
vn -0.06145553801838538 -0.921833297518494 -0.38268340496166076
vn -0.06145553801838538 -0.921833297518494 -0.38268340496166076
vn -0.06651899272150155 -0.9977851590434269 0
vn -0.06651899272150155 -0.9977851590434269 0
vn -0.06651899272150155 -0.9977851590434269 0
vn -0.06651899272150155 -0.9977851590434269 0
vn -0.06651899272150155 -0.9977851590434269 0
vn -0.06651899272150155 -0.9977851590434269 0
vn -0.061455546731724695 -0.9218334393944454 0.38268306180194656
vn -0.061455546731724695 -0.9218334393944454 0.38268306180194656
vn -0.061455546731724695 -0.9218334393944454 0.38268306180194656
vn -0.06145561724491593 -0.9218334353846009 0.38268306013732967
vn -0.06145561724491593 -0.9218334353846009 0.38268306013732967
vn -0.06145561724491593 -0.9218334353846009 0.38268306013732967
vn -0.02545568945436091 -0.3818350195777978 0.9238798762276546
vn -0.02545568945436091 -0.3818350195777978 0.9238798762276546
vn -0.02545568945436091 -0.3818350195777978 0.9238798762276546
vn -0.025455664143558175 -0.3818349733292432 0.9238798960393427
vn -0.025455664143558175 -0.3818349733292432 0.9238798960393427
vn -0.025455664143558175 -0.3818349733292432 0.9238798960393427
vn 0 -0.3826834159879129 -0.9238795392949354
vn 0 -0.3826834159879129 -0.9238795392949354
vn 0 -0.3826834159879129 -0.9238795392949354
vn 0 -0.38268346249921037 -0.9238795200293247
vn 0 -0.38268346249921037 -0.9238795200293247
vn 0 -0.38268346249921037 -0.9238795200293247
vn 0 -0.9238795200293247 -0.38268346249921037
vn 0 -0.9238795200293247 -0.38268346249921037
vn 0 -0.9238795200293247 -0.38268346249921037
vn 0 -0.9238795392949354 -0.3826834159879129
vn 0 -0.9238795392949354 -0.3826834159879129
vn 0 -0.9238795392949354 -0.3826834159879129
vn 0 -1 0
vn 0 -1 0
vn 0 -1 0
vn 0 -1 0
vn 0 -1 0
vn 0 -1 0
vn 0 -0.9238796831932059 0.3826830685865544
vn 0 -0.9238796831932059 0.3826830685865544
vn 0 -0.9238796831932059 0.3826830685865544
vn 0 -0.9238796726565017 0.3826830940244355
vn 0 -0.9238796726565017 0.3826830940244355
vn 0 -0.9238796726565017 0.3826830940244355
vn 0 -0.3826825983601677 0.9238798779669956
vn 0 -0.3826825983601677 0.9238798779669956
vn 0 -0.3826825983601677 0.9238798779669956
vn 0 -0.3826825518488899 0.9238798972325472
vn 0 -0.3826825518488899 0.9238798972325472
vn 0 -0.3826825518488899 0.9238798972325472
f 1/1/1 2/2/2 3/3/3
f 4/4/4 5/5/5 6/6/6
f 7/7/7 8/8/8 9/9/9
f 10/10/10 11/11/11 12/12/12
f 13/13/13 14/14/14 15/15/15
f 16/16/16 17/17/17 18/18/18
f 19/19/19 20/20/20 21/21/21
f 22/22/22 23/23/23 24/24/24
f 25/25/25 26/26/26 27/27/27
f 28/28/28 29/29/29 30/30/30
f 31/31/31 32/32/32 33/33/33
f 34/34/34 35/35/35 36/36/36
f 37/37/37 38/38/38 39/39/39
f 40/40/40 41/41/41 42/42/42
f 43/43/43 44/44/44 45/45/45
f 46/46/46 47/47/47 48/48/48
f 49/49/49 50/50/50 51/51/51
f 52/52/52 53/53/53 54/54/54
f 55/55/55 56/56/56 57/57/57
f 58/58/58 59/59/59 60/60/60
f 61/61/61 62/62/62 63/63/63
f 64/64/64 65/65/65 66/66/66
f 67/67/67 68/68/68 69/69/69
f 70/70/70 71/71/71 72/72/72
f 73/73/73 74/74/74 75/75/75
f 76/76/76 77/77/77 78/78/78
f 79/79/79 80/80/80 81/81/81
f 82/82/82 83/83/83 84/84/84
f 85/85/85 86/86/86 87/87/87
f 88/88/88 89/89/89 90/90/90
f 91/91/91 92/92/92 93/93/93
f 94/94/94 95/95/95 96/96/96
f 97/97/97 98/98/98 99/99/99
f 100/100/100 101/101/101 102/102/102
f 103/103/103 104/104/104 105/105/105
f 106/106/106 107/107/107 108/108/108
f 109/109/109 110/110/110 111/111/111
f 112/112/112 113/113/113 114/114/114
f 115/115/115 116/116/116 117/117/117
f 118/118/118 119/119/119 120/120/120
f 121/121/121 122/122/122 123/123/123
f 124/124/124 125/125/125 126/126/126
f 127/127/127 128/128/128 129/129/129
f 130/130/130 131/131/131 132/132/132
f 133/133/133 134/134/134 135/135/135
f 136/136/136 137/137/137 138/138/138
f 139/139/139 140/140/140 141/141/141
f 142/142/142 143/143/143 144/144/144
f 145/145/145 146/146/146 147/147/147
f 148/148/148 149/149/149 150/150/150
f 151/151/151 152/152/152 153/153/153
f 154/154/154 155/155/155 156/156/156
f 157/157/157 158/158/158 159/159/159
f 160/160/160 161/161/161 162/162/162
f 163/163/163 164/164/164 165/165/165
f 166/166/166 167/167/167 168/168/168
f 169/169/169 170/170/170 171/171/171
f 172/172/172 173/173/173 174/174/174
f 175/175/175 176/176/176 177/177/177
f 178/178/178 179/179/179 180/180/180
f 181/181/181 182/182/182 183/183/183
f 184/184/184 185/185/185 186/186/186
f 187/187/187 188/188/188 189/189/189
f 190/190/190 191/191/191 192/192/192
f 193/193/193 194/194/194 195/195/195
f 196/196/196 197/197/197 198/198/198
f 199/199/199 200/200/200 201/201/201
f 202/202/202 203/203/203 204/204/204
f 205/205/205 206/206/206 207/207/207
f 208/208/208 209/209/209 210/210/210
f 211/211/211 212/212/212 213/213/213
f 214/214/214 215/215/215 216/216/216
f 217/217/217 218/218/218 219/219/219
f 220/220/220 221/221/221 222/222/222
f 223/223/223 224/224/224 225/225/225
f 226/226/226 227/227/227 228/228/228
f 229/229/229 230/230/230 231/231/231
f 232/232/232 233/233/233 234/234/234
f 235/235/235 236/236/236 237/237/237
f 238/238/238 239/239/239 240/240/240
f 241/241/241 242/242/242 243/243/243
f 244/244/244 245/245/245 246/246/246
f 247/247/247 248/248/248 249/249/249
f 250/250/250 251/251/251 252/252/252
f 253/253/253 254/254/254 255/255/255
f 256/256/256 257/257/257 258/258/258
f 259/259/259 260/260/260 261/261/261
f 262/262/262 263/263/263 264/264/264
f 265/265/265 266/266/266 267/267/267
f 268/268/268 269/269/269 270/270/270
f 271/271/271 272/272/272 273/273/273
f 274/274/274 275/275/275 276/276/276
f 277/277/277 278/278/278 279/279/279
f 280/280/280 281/281/281 282/282/282
f 283/283/283 284/284/284 285/285/285
f 286/286/286 287/287/287 288/288/288
f 289/289/289 290/290/290 291/291/291
f 292/292/292 293/293/293 294/294/294
f 295/295/295 296/296/296 297/297/297
f 298/298/298 299/299/299 300/300/300
f 301/301/301 302/302/302 303/303/303
f 304/304/304 305/305/305 306/306/306
f 307/307/307 308/308/308 309/309/309
f 310/310/310 311/311/311 312/312/312
f 313/313/313 314/314/314 315/315/315
f 316/316/316 317/317/317 318/318/318
f 319/319/319 320/320/320 321/321/321
f 322/322/322 323/323/323 324/324/324
f 325/325/325 326/326/326 327/327/327
f 328/328/328 329/329/329 330/330/330
f 331/331/331 332/332/332 333/333/333
f 334/334/334 335/335/335 336/336/336
f 337/337/337 338/338/338 339/339/339
f 340/340/340 341/341/341 342/342/342
f 343/343/343 344/344/344 345/345/345
f 346/346/346 347/347/347 348/348/348
f 349/349/349 350/350/350 351/351/351
f 352/352/352 353/353/353 354/354/354
f 355/355/355 356/356/356 357/357/357
f 358/358/358 359/359/359 360/360/360
f 361/361/361 362/362/362 363/363/363
f 364/364/364 365/365/365 366/366/366
f 367/367/367 368/368/368 369/369/369
f 370/370/370 371/371/371 372/372/372
f 373/373/373 374/374/374 375/375/375
f 376/376/376 377/377/377 378/378/378
f 379/379/379 380/380/380 381/381/381
f 382/382/382 383/383/383 384/384/384
f 385/385/385 386/386/386 387/387/387
f 388/388/388 389/389/389 390/390/390
f 391/391/391 392/392/392 393/393/393
f 394/394/394 395/395/395 396/396/396
f 397/397/397 398/398/398 399/399/399
f 400/400/400 401/401/401 402/402/402
f 403/403/403 404/404/404 405/405/405
f 406/406/406 407/407/407 408/408/408
f 409/409/409 410/410/410 411/411/411
f 412/412/412 413/413/413 414/414/414
f 415/415/415 416/416/416 417/417/417
f 418/418/418 419/419/419 420/420/420
f 421/421/421 422/422/422 423/423/423
f 424/424/424 425/425/425 426/426/426
f 427/427/427 428/428/428 429/429/429
f 430/430/430 431/431/431 432/432/432
f 433/433/433 434/434/434 435/435/435
f 436/436/436 437/437/437 438/438/438
f 439/439/439 440/440/440 441/441/441
f 442/442/442 443/443/443 444/444/444
f 445/445/445 446/446/446 447/447/447
f 448/448/448 449/449/449 450/450/450
f 451/451/451 452/452/452 453/453/453
f 454/454/454 455/455/455 456/456/456
f 457/457/457 458/458/458 459/459/459
f 460/460/460 461/461/461 462/462/462
f 463/463/463 464/464/464 465/465/465
f 466/466/466 467/467/467 468/468/468
f 469/469/469 470/470/470 471/471/471
f 472/472/472 473/473/473 474/474/474
f 475/475/475 476/476/476 477/477/477
f 478/478/478 479/479/479 480/480/480
f 481/481/481 482/482/482 483/483/483
f 484/484/484 485/485/485 486/486/486
f 487/487/487 488/488/488 489/489/489
f 490/490/490 491/491/491 492/492/492
f 493/493/493 494/494/494 495/495/495
f 496/496/496 497/497/497 498/498/498
f 499/499/499 500/500/500 501/501/501
f 502/502/502 503/503/503 504/504/504
f 505/505/505 506/506/506 507/507/507
f 508/508/508 509/509/509 510/510/510
f 511/511/511 512/512/512 513/513/513
f 514/514/514 515/515/515 516/516/516
f 517/517/517 518/518/518 519/519/519
f 520/520/520 521/521/521 522/522/522
f 523/523/523 524/524/524 525/525/525
f 526/526/526 527/527/527 528/528/528
f 529/529/529 530/530/530 531/531/531
f 532/532/532 533/533/533 534/534/534
f 535/535/535 536/536/536 537/537/537
f 538/538/538 539/539/539 540/540/540
f 541/541/541 542/542/542 543/543/543
f 544/544/544 545/545/545 546/546/546
f 547/547/547 548/548/548 549/549/549
f 550/550/550 551/551/551 552/552/552
f 553/553/553 554/554/554 555/555/555
f 556/556/556 557/557/557 558/558/558
f 559/559/559 560/560/560 561/561/561
f 562/562/562 563/563/563 564/564/564
f 565/565/565 566/566/566 567/567/567
f 568/568/568 569/569/569 570/570/570
f 571/571/571 572/572/572 573/573/573
f 574/574/574 575/575/575 576/576/576
f 577/577/577 578/578/578 579/579/579
f 580/580/580 581/581/581 582/582/582
f 583/583/583 584/584/584 585/585/585
f 586/586/586 587/587/587 588/588/588
f 589/589/589 590/590/590 591/591/591
f 592/592/592 593/593/593 594/594/594
f 595/595/595 596/596/596 597/597/597
f 598/598/598 599/599/599 600/600/600
f 601/601/601 602/602/602 603/603/603
f 604/604/604 605/605/605 606/606/606
f 607/607/607 608/608/608 609/609/609
f 610/610/610 611/611/611 612/612/612
f 613/613/613 614/614/614 615/615/615
f 616/616/616 617/617/617 618/618/618
f 619/619/619 620/620/620 621/621/621
f 622/622/622 623/623/623 624/624/624
f 625/625/625 626/626/626 627/627/627
f 628/628/628 629/629/629 630/630/630
f 631/631/631 632/632/632 633/633/633
f 634/634/634 635/635/635 636/636/636
f 637/637/637 638/638/638 639/639/639
f 640/640/640 641/641/641 642/642/642
f 643/643/643 644/644/644 645/645/645
f 646/646/646 647/647/647 648/648/648
f 649/649/649 650/650/650 651/651/651
f 652/652/652 653/653/653 654/654/654
f 655/655/655 656/656/656 657/657/657
f 658/658/658 659/659/659 660/660/660
f 661/661/661 662/662/662 663/663/663
f 664/664/664 665/665/665 666/666/666
f 667/667/667 668/668/668 669/669/669
f 670/670/670 671/671/671 672/672/672
f 673/673/673 674/674/674 675/675/675
f 676/676/676 677/677/677 678/678/678
f 679/679/679 680/680/680 681/681/681
f 682/682/682 683/683/683 684/684/684
f 685/685/685 686/686/686 687/687/687
f 688/688/688 689/689/689 690/690/690
f 691/691/691 692/692/692 693/693/693
f 694/694/694 695/695/695 696/696/696
f 697/697/697 698/698/698 699/699/699
f 700/700/700 701/701/701 702/702/702
f 703/703/703 704/704/704 705/705/705
f 706/706/706 707/707/707 708/708/708
f 709/709/709 710/710/710 711/711/711
f 712/712/712 713/713/713 714/714/714
f 715/715/715 716/716/716 717/717/717
f 718/718/718 719/719/719 720/720/720
f 721/721/721 722/722/722 723/723/723
f 724/724/724 725/725/725 726/726/726
f 727/727/727 728/728/728 729/729/729
f 730/730/730 731/731/731 732/732/732
f 733/733/733 734/734/734 735/735/735
f 736/736/736 737/737/737 738/738/738
f 739/739/739 740/740/740 741/741/741
f 742/742/742 743/743/743 744/744/744
f 745/745/745 746/746/746 747/747/747
f 748/748/748 749/749/749 750/750/750
f 751/751/751 752/752/752 753/753/753
f 754/754/754 755/755/755 756/756/756
f 757/757/757 758/758/758 759/759/759
f 760/760/760 761/761/761 762/762/762
f 763/763/763 764/764/764 765/765/765
f 766/766/766 767/767/767 768/768/768
f 769/769/769 770/770/770 771/771/771
f 772/772/772 773/773/773 774/774/774
f 775/775/775 776/776/776 777/777/777
f 778/778/778 779/779/779 780/780/780
f 781/781/781 782/782/782 783/783/783
f 784/784/784 785/785/785 786/786/786
f 787/787/787 788/788/788 789/789/789
f 790/790/790 791/791/791 792/792/792
f 793/793/793 794/794/794 795/795/795
f 796/796/796 797/797/797 798/798/798
f 799/799/799 800/800/800 801/801/801
f 802/802/802 803/803/803 804/804/804
f 805/805/805 806/806/806 807/807/807
f 808/808/808 809/809/809 810/810/810
f 811/811/811 812/812/812 813/813/813
f 814/814/814 815/815/815 816/816/816
f 817/817/817 818/818/818 819/819/819
f 820/820/820 821/821/821 822/822/822
f 823/823/823 824/824/824 825/825/825
f 826/826/826 827/827/827 828/828/828
f 829/829/829 830/830/830 831/831/831
f 832/832/832 833/833/833 834/834/834
f 835/835/835 836/836/836 837/837/837
f 838/838/838 839/839/839 840/840/840
f 841/841/841 842/842/842 843/843/843
f 844/844/844 845/845/845 846/846/846
f 847/847/847 848/848/848 849/849/849
f 850/850/850 851/851/851 852/852/852
f 853/853/853 854/854/854 855/855/855
f 856/856/856 857/857/857 858/858/858
f 859/859/859 860/860/860 861/861/861
f 862/862/862 863/863/863 864/864/864
f 865/865/865 866/866/866 867/867/867
f 868/868/868 869/869/869 870/870/870
f 871/871/871 872/872/872 873/873/873
f 874/874/874 875/875/875 876/876/876
f 877/877/877 878/878/878 879/879/879
f 880/880/880 881/881/881 882/882/882
f 883/883/883 884/884/884 885/885/885
f 886/886/886 887/887/887 888/888/888
f 889/889/889 890/890/890 891/891/891
f 892/892/892 893/893/893 894/894/894
f 895/895/895 896/896/896 897/897/897
f 898/898/898 899/899/899 900/900/900
f 901/901/901 902/902/902 903/903/903
f 904/904/904 905/905/905 906/906/906
f 907/907/907 908/908/908 909/909/909
f 910/910/910 911/911/911 912/912/912
f 913/913/913 914/914/914 915/915/915
f 916/916/916 917/917/917 918/918/918
f 919/919/919 920/920/920 921/921/921
f 922/922/922 923/923/923 924/924/924
f 925/925/925 926/926/926 927/927/927
f 928/928/928 929/929/929 930/930/930
f 931/931/931 932/932/932 933/933/933
f 934/934/934 935/935/935 936/936/936
f 937/937/937 938/938/938 939/939/939
f 940/940/940 941/941/941 942/942/942
f 943/943/943 944/944/944 945/945/945
f 946/946/946 947/947/947 948/948/948
f 949/949/949 950/950/950 951/951/951
f 952/952/952 953/953/953 954/954/954
f 955/955/955 956/956/956 957/957/957
f 958/958/958 959/959/959 960/960/960
f 961/961/961 962/962/962 963/963/963
f 964/964/964 965/965/965 966/966/966
f 967/967/967 968/968/968 969/969/969
f 970/970/970 971/971/971 972/972/972
f 973/973/973 974/974/974 975/975/975
f 976/976/976 977/977/977 978/978/978
f 979/979/979 980/980/980 981/981/981
f 982/982/982 983/983/983 984/984/984
f 985/985/985 986/986/986 987/987/987
f 988/988/988 989/989/989 990/990/990
f 991/991/991 992/992/992 993/993/993
f 994/994/994 995/995/995 996/996/996
f 997/997/997 998/998/998 999/999/999
f 1000/1000/1000 1001/1001/1001 1002/1002/1002
f 1003/1003/1003 1004/1004/1004 1005/1005/1005
f 1006/1006/1006 1007/1007/1007 1008/1008/1008
f 1009/1009/1009 1010/1010/1010 1011/1011/1011
f 1012/1012/1012 1013/1013/1013 1014/1014/1014
f 1015/1015/1015 1016/1016/1016 1017/1017/1017
f 1018/1018/1018 1019/1019/1019 1020/1020/1020
f 1021/1021/1021 1022/1022/1022 1023/1023/1023
f 1024/1024/1024 1025/1025/1025 1026/1026/1026
f 1027/1027/1027 1028/1028/1028 1029/1029/1029
f 1030/1030/1030 1031/1031/1031 1032/1032/1032
f 1033/1033/1033 1034/1034/1034 1035/1035/1035
f 1036/1036/1036 1037/1037/1037 1038/1038/1038
f 1039/1039/1039 1040/1040/1040 1041/1041/1041
f 1042/1042/1042 1043/1043/1043 1044/1044/1044
f 1045/1045/1045 1046/1046/1046 1047/1047/1047
f 1048/1048/1048 1049/1049/1049 1050/1050/1050
f 1051/1051/1051 1052/1052/1052 1053/1053/1053
f 1054/1054/1054 1055/1055/1055 1056/1056/1056
f 1057/1057/1057 1058/1058/1058 1059/1059/1059
f 1060/1060/1060 1061/1061/1061 1062/1062/1062
f 1063/1063/1063 1064/1064/1064 1065/1065/1065
f 1066/1066/1066 1067/1067/1067 1068/1068/1068
f 1069/1069/1069 1070/1070/1070 1071/1071/1071
f 1072/1072/1072 1073/1073/1073 1074/1074/1074
f 1075/1075/1075 1076/1076/1076 1077/1077/1077
f 1078/1078/1078 1079/1079/1079 1080/1080/1080
f 1081/1081/1081 1082/1082/1082 1083/1083/1083
f 1084/1084/1084 1085/1085/1085 1086/1086/1086
f 1087/1087/1087 1088/1088/1088 1089/1089/1089
f 1090/1090/1090 1091/1091/1091 1092/1092/1092
f 1093/1093/1093 1094/1094/1094 1095/1095/1095
f 1096/1096/1096 1097/1097/1097 1098/1098/1098
f 1099/1099/1099 1100/1100/1100 1101/1101/1101
f 1102/1102/1102 1103/1103/1103 1104/1104/1104
f 1105/1105/1105 1106/1106/1106 1107/1107/1107
f 1108/1108/1108 1109/1109/1109 1110/1110/1110
f 1111/1111/1111 1112/1112/1112 1113/1113/1113
f 1114/1114/1114 1115/1115/1115 1116/1116/1116
f 1117/1117/1117 1118/1118/1118 1119/1119/1119
f 1120/1120/1120 1121/1121/1121 1122/1122/1122
f 1123/1123/1123 1124/1124/1124 1125/1125/1125
f 1126/1126/1126 1127/1127/1127 1128/1128/1128
f 1129/1129/1129 1130/1130/1130 1131/1131/1131
f 1132/1132/1132 1133/1133/1133 1134/1134/1134
f 1135/1135/1135 1136/1136/1136 1137/1137/1137
f 1138/1138/1138 1139/1139/1139 1140/1140/1140
f 1141/1141/1141 1142/1142/1142 1143/1143/1143
f 1144/1144/1144 1145/1145/1145 1146/1146/1146
f 1147/1147/1147 1148/1148/1148 1149/1149/1149
f 1150/1150/1150 1151/1151/1151 1152/1152/1152
f 1153/1153/1153 1154/1154/1154 1155/1155/1155
f 1156/1156/1156 1157/1157/1157 1158/1158/1158
f 1159/1159/1159 1160/1160/1160 1161/1161/1161
f 1162/1162/1162 1163/1163/1163 1164/1164/1164
f 1165/1165/1165 1166/1166/1166 1167/1167/1167
f 1168/1168/1168 1169/1169/1169 1170/1170/1170
f 1171/1171/1171 1172/1172/1172 1173/1173/1173
f 1174/1174/1174 1175/1175/1175 1176/1176/1176
f 1177/1177/1177 1178/1178/1178 1179/1179/1179
f 1180/1180/1180 1181/1181/1181 1182/1182/1182
f 1183/1183/1183 1184/1184/1184 1185/1185/1185
f 1186/1186/1186 1187/1187/1187 1188/1188/1188
f 1189/1189/1189 1190/1190/1190 1191/1191/1191
f 1192/1192/1192 1193/1193/1193 1194/1194/1194
f 1195/1195/1195 1196/1196/1196 1197/1197/1197
f 1198/1198/1198 1199/1199/1199 1200/1200/1200
f 1201/1201/1201 1202/1202/1202 1203/1203/1203
f 1204/1204/1204 1205/1205/1205 1206/1206/1206
f 1207/1207/1207 1208/1208/1208 1209/1209/1209
f 1210/1210/1210 1211/1211/1211 1212/1212/1212
f 1213/1213/1213 1214/1214/1214 1215/1215/1215
f 1216/1216/1216 1217/1217/1217 1218/1218/1218
f 1219/1219/1219 1220/1220/1220 1221/1221/1221
f 1222/1222/1222 1223/1223/1223 1224/1224/1224
f 1225/1225/1225 1226/1226/1226 1227/1227/1227
f 1228/1228/1228 1229/1229/1229 1230/1230/1230
f 1231/1231/1231 1232/1232/1232 1233/1233/1233
f 1234/1234/1234 1235/1235/1235 1236/1236/1236
f 1237/1237/1237 1238/1238/1238 1239/1239/1239
f 1240/1240/1240 1241/1241/1241 1242/1242/1242
f 1243/1243/1243 1244/1244/1244 1245/1245/1245
f 1246/1246/1246 1247/1247/1247 1248/1248/1248
f 1249/1249/1249 1250/1250/1250 1251/1251/1251
f 1252/1252/1252 1253/1253/1253 1254/1254/1254
f 1255/1255/1255 1256/1256/1256 1257/1257/1257
f 1258/1258/1258 1259/1259/1259 1260/1260/1260
f 1261/1261/1261 1262/1262/1262 1263/1263/1263
f 1264/1264/1264 1265/1265/1265 1266/1266/1266
f 1267/1267/1267 1268/1268/1268 1269/1269/1269
f 1270/1270/1270 1271/1271/1271 1272/1272/1272
f 1273/1273/1273 1274/1274/1274 1275/1275/1275
f 1276/1276/1276 1277/1277/1277 1278/1278/1278
f 1279/1279/1279 1280/1280/1280 1281/1281/1281
f 1282/1282/1282 1283/1283/1283 1284/1284/1284
f 1285/1285/1285 1286/1286/1286 1287/1287/1287
f 1288/1288/1288 1289/1289/1289 1290/1290/1290
f 1291/1291/1291 1292/1292/1292 1293/1293/1293
f 1294/1294/1294 1295/1295/1295 1296/1296/1296
f 1297/1297/1297 1298/1298/1298 1299/1299/1299
f 1300/1300/1300 1301/1301/1301 1302/1302/1302
f 1303/1303/1303 1304/1304/1304 1305/1305/1305
f 1306/1306/1306 1307/1307/1307 1308/1308/1308
f 1309/1309/1309 1310/1310/1310 1311/1311/1311
f 1312/1312/1312 1313/1313/1313 1314/1314/1314
f 1315/1315/1315 1316/1316/1316 1317/1317/1317
f 1318/1318/1318 1319/1319/1319 1320/1320/1320
f 1321/1321/1321 1322/1322/1322 1323/1323/1323
f 1324/1324/1324 1325/1325/1325 1326/1326/1326
f 1327/1327/1327 1328/1328/1328 1329/1329/1329
f 1330/1330/1330 1331/1331/1331 1332/1332/1332
f 1333/1333/1333 1334/1334/1334 1335/1335/1335
f 1336/1336/1336 1337/1337/1337 1338/1338/1338
f 1339/1339/1339 1340/1340/1340 1341/1341/1341
f 1342/1342/1342 1343/1343/1343 1344/1344/1344
f 1345/1345/1345 1346/1346/1346 1347/1347/1347
f 1348/1348/1348 1349/1349/1349 1350/1350/1350
f 1351/1351/1351 1352/1352/1352 1353/1353/1353
f 1354/1354/1354 1355/1355/1355 1356/1356/1356
f 1357/1357/1357 1358/1358/1358 1359/1359/1359
f 1360/1360/1360 1361/1361/1361 1362/1362/1362
f 1363/1363/1363 1364/1364/1364 1365/1365/1365
f 1366/1366/1366 1367/1367/1367 1368/1368/1368
f 1369/1369/1369 1370/1370/1370 1371/1371/1371
f 1372/1372/1372 1373/1373/1373 1374/1374/1374
f 1375/1375/1375 1376/1376/1376 1377/1377/1377
f 1378/1378/1378 1379/1379/1379 1380/1380/1380
f 1381/1381/1381 1382/1382/1382 1383/1383/1383
f 1384/1384/1384 1385/1385/1385 1386/1386/1386
f 1387/1387/1387 1388/1388/1388 1389/1389/1389
f 1390/1390/1390 1391/1391/1391 1392/1392/1392
f 1393/1393/1393 1394/1394/1394 1395/1395/1395
f 1396/1396/1396 1397/1397/1397 1398/1398/1398
f 1399/1399/1399 1400/1400/1400 1401/1401/1401
f 1402/1402/1402 1403/1403/1403 1404/1404/1404
f 1405/1405/1405 1406/1406/1406 1407/1407/1407
f 1408/1408/1408 1409/1409/1409 1410/1410/1410
f 1411/1411/1411 1412/1412/1412 1413/1413/1413
f 1414/1414/1414 1415/1415/1415 1416/1416/1416
f 1417/1417/1417 1418/1418/1418 1419/1419/1419
f 1420/1420/1420 1421/1421/1421 1422/1422/1422
f 1423/1423/1423 1424/1424/1424 1425/1425/1425
f 1426/1426/1426 1427/1427/1427 1428/1428/1428
f 1429/1429/1429 1430/1430/1430 1431/1431/1431
f 1432/1432/1432 1433/1433/1433 1434/1434/1434
f 1435/1435/1435 1436/1436/1436 1437/1437/1437
f 1438/1438/1438 1439/1439/1439 1440/1440/1440
f 1441/1441/1441 1442/1442/1442 1443/1443/1443
f 1444/1444/1444 1445/1445/1445 1446/1446/1446
f 1447/1447/1447 1448/1448/1448 1449/1449/1449
f 1450/1450/1450 1451/1451/1451 1452/1452/1452
f 1453/1453/1453 1454/1454/1454 1455/1455/1455
f 1456/1456/1456 1457/1457/1457 1458/1458/1458
f 1459/1459/1459 1460/1460/1460 1461/1461/1461
f 1462/1462/1462 1463/1463/1463 1464/1464/1464
f 1465/1465/1465 1466/1466/1466 1467/1467/1467
f 1468/1468/1468 1469/1469/1469 1470/1470/1470
f 1471/1471/1471 1472/1472/1472 1473/1473/1473
f 1474/1474/1474 1475/1475/1475 1476/1476/1476
f 1477/1477/1477 1478/1478/1478 1479/1479/1479
f 1480/1480/1480 1481/1481/1481 1482/1482/1482
f 1483/1483/1483 1484/1484/1484 1485/1485/1485
f 1486/1486/1486 1487/1487/1487 1488/1488/1488
f 1489/1489/1489 1490/1490/1490 1491/1491/1491
f 1492/1492/1492 1493/1493/1493 1494/1494/1494
f 1495/1495/1495 1496/1496/1496 1497/1497/1497
f 1498/1498/1498 1499/1499/1499 1500/1500/1500
f 1501/1501/1501 1502/1502/1502 1503/1503/1503
f 1504/1504/1504 1505/1505/1505 1506/1506/1506
f 1507/1507/1507 1508/1508/1508 1509/1509/1509
f 1510/1510/1510 1511/1511/1511 1512/1512/1512
f 1513/1513/1513 1514/1514/1514 1515/1515/1515
f 1516/1516/1516 1517/1517/1517 1518/1518/1518
f 1519/1519/1519 1520/1520/1520 1521/1521/1521
f 1522/1522/1522 1523/1523/1523 1524/1524/1524
f 1525/1525/1525 1526/1526/1526 1527/1527/1527
f 1528/1528/1528 1529/1529/1529 1530/1530/1530
f 1531/1531/1531 1532/1532/1532 1533/1533/1533
f 1534/1534/1534 1535/1535/1535 1536/1536/1536
f 1537/1537/1537 1538/1538/1538 1539/1539/1539
f 1540/1540/1540 1541/1541/1541 1542/1542/1542
f 1543/1543/1543 1544/1544/1544 1545/1545/1545
f 1546/1546/1546 1547/1547/1547 1548/1548/1548
f 1549/1549/1549 1550/1550/1550 1551/1551/1551
f 1552/1552/1552 1553/1553/1553 1554/1554/1554
f 1555/1555/1555 1556/1556/1556 1557/1557/1557
f 1558/1558/1558 1559/1559/1559 1560/1560/1560
f 1561/1561/1561 1562/1562/1562 1563/1563/1563
f 1564/1564/1564 1565/1565/1565 1566/1566/1566
f 1567/1567/1567 1568/1568/1568 1569/1569/1569
f 1570/1570/1570 1571/1571/1571 1572/1572/1572
f 1573/1573/1573 1574/1574/1574 1575/1575/1575
f 1576/1576/1576 1577/1577/1577 1578/1578/1578
f 1579/1579/1579 1580/1580/1580 1581/1581/1581
f 1582/1582/1582 1583/1583/1583 1584/1584/1584
f 1585/1585/1585 1586/1586/1586 1587/1587/1587
f 1588/1588/1588 1589/1589/1589 1590/1590/1590
f 1591/1591/1591 1592/1592/1592 1593/1593/1593
f 1594/1594/1594 1595/1595/1595 1596/1596/1596
f 1597/1597/1597 1598/1598/1598 1599/1599/1599
f 1600/1600/1600 1601/1601/1601 1602/1602/1602
f 1603/1603/1603 1604/1604/1604 1605/1605/1605
f 1606/1606/1606 1607/1607/1607 1608/1608/1608
f 1609/1609/1609 1610/1610/1610 1611/1611/1611
f 1612/1612/1612 1613/1613/1613 1614/1614/1614
f 1615/1615/1615 1616/1616/1616 1617/1617/1617
f 1618/1618/1618 1619/1619/1619 1620/1620/1620
f 1621/1621/1621 1622/1622/1622 1623/1623/1623
f 1624/1624/1624 1625/1625/1625 1626/1626/1626
f 1627/1627/1627 1628/1628/1628 1629/1629/1629
f 1630/1630/1630 1631/1631/1631 1632/1632/1632
f 1633/1633/1633 1634/1634/1634 1635/1635/1635
f 1636/1636/1636 1637/1637/1637 1638/1638/1638
f 1639/1639/1639 1640/1640/1640 1641/1641/1641
f 1642/1642/1642 1643/1643/1643 1644/1644/1644
f 1645/1645/1645 1646/1646/1646 1647/1647/1647
f 1648/1648/1648 1649/1649/1649 1650/1650/1650
f 1651/1651/1651 1652/1652/1652 1653/1653/1653
f 1654/1654/1654 1655/1655/1655 1656/1656/1656
f 1657/1657/1657 1658/1658/1658 1659/1659/1659
f 1660/1660/1660 1661/1661/1661 1662/1662/1662
f 1663/1663/1663 1664/1664/1664 1665/1665/1665
f 1666/1666/1666 1667/1667/1667 1668/1668/1668
f 1669/1669/1669 1670/1670/1670 1671/1671/1671
f 1672/1672/1672 1673/1673/1673 1674/1674/1674
f 1675/1675/1675 1676/1676/1676 1677/1677/1677
f 1678/1678/1678 1679/1679/1679 1680/1680/1680
f 1681/1681/1681 1682/1682/1682 1683/1683/1683
f 1684/1684/1684 1685/1685/1685 1686/1686/1686
f 1687/1687/1687 1688/1688/1688 1689/1689/1689
f 1690/1690/1690 1691/1691/1691 1692/1692/1692
f 1693/1693/1693 1694/1694/1694 1695/1695/1695
f 1696/1696/1696 1697/1697/1697 1698/1698/1698
f 1699/1699/1699 1700/1700/1700 1701/1701/1701
f 1702/1702/1702 1703/1703/1703 1704/1704/1704
f 1705/1705/1705 1706/1706/1706 1707/1707/1707
f 1708/1708/1708 1709/1709/1709 1710/1710/1710
f 1711/1711/1711 1712/1712/1712 1713/1713/1713
f 1714/1714/1714 1715/1715/1715 1716/1716/1716
f 1717/1717/1717 1718/1718/1718 1719/1719/1719
f 1720/1720/1720 1721/1721/1721 1722/1722/1722
f 1723/1723/1723 1724/1724/1724 1725/1725/1725
f 1726/1726/1726 1727/1727/1727 1728/1728/1728
f 1729/1729/1729 1730/1730/1730 1731/1731/1731
f 1732/1732/1732 1733/1733/1733 1734/1734/1734
f 1735/1735/1735 1736/1736/1736 1737/1737/1737
f 1738/1738/1738 1739/1739/1739 1740/1740/1740
f 1741/1741/1741 1742/1742/1742 1743/1743/1743
f 1744/1744/1744 1745/1745/1745 1746/1746/1746
f 1747/1747/1747 1748/1748/1748 1749/1749/1749
f 1750/1750/1750 1751/1751/1751 1752/1752/1752
f 1753/1753/1753 1754/1754/1754 1755/1755/1755
f 1756/1756/1756 1757/1757/1757 1758/1758/1758
f 1759/1759/1759 1760/1760/1760 1761/1761/1761
f 1762/1762/1762 1763/1763/1763 1764/1764/1764
f 1765/1765/1765 1766/1766/1766 1767/1767/1767
f 1768/1768/1768 1769/1769/1769 1770/1770/1770
f 1771/1771/1771 1772/1772/1772 1773/1773/1773
f 1774/1774/1774 1775/1775/1775 1776/1776/1776
f 1777/1777/1777 1778/1778/1778 1779/1779/1779
f 1780/1780/1780 1781/1781/1781 1782/1782/1782
f 1783/1783/1783 1784/1784/1784 1785/1785/1785
f 1786/1786/1786 1787/1787/1787 1788/1788/1788
f 1789/1789/1789 1790/1790/1790 1791/1791/1791
f 1792/1792/1792 1793/1793/1793 1794/1794/1794
f 1795/1795/1795 1796/1796/1796 1797/1797/1797
f 1798/1798/1798 1799/1799/1799 1800/1800/1800
f 1801/1801/1801 1802/1802/1802 1803/1803/1803
f 1804/1804/1804 1805/1805/1805 1806/1806/1806
f 1807/1807/1807 1808/1808/1808 1809/1809/1809
f 1810/1810/1810 1811/1811/1811 1812/1812/1812
f 1813/1813/1813 1814/1814/1814 1815/1815/1815
f 1816/1816/1816 1817/1817/1817 1818/1818/1818
f 1819/1819/1819 1820/1820/1820 1821/1821/1821
f 1822/1822/1822 1823/1823/1823 1824/1824/1824
f 1825/1825/1825 1826/1826/1826 1827/1827/1827
f 1828/1828/1828 1829/1829/1829 1830/1830/1830
f 1831/1831/1831 1832/1832/1832 1833/1833/1833
f 1834/1834/1834 1835/1835/1835 1836/1836/1836
f 1837/1837/1837 1838/1838/1838 1839/1839/1839
f 1840/1840/1840 1841/1841/1841 1842/1842/1842
f 1843/1843/1843 1844/1844/1844 1845/1845/1845
f 1846/1846/1846 1847/1847/1847 1848/1848/1848
f 1849/1849/1849 1850/1850/1850 1851/1851/1851
f 1852/1852/1852 1853/1853/1853 1854/1854/1854
f 1855/1855/1855 1856/1856/1856 1857/1857/1857
f 1858/1858/1858 1859/1859/1859 1860/1860/1860
f 1861/1861/1861 1862/1862/1862 1863/1863/1863
f 1864/1864/1864 1865/1865/1865 1866/1866/1866
f 1867/1867/1867 1868/1868/1868 1869/1869/1869
f 1870/1870/1870 1871/1871/1871 1872/1872/1872
f 1873/1873/1873 1874/1874/1874 1875/1875/1875
f 1876/1876/1876 1877/1877/1877 1878/1878/1878
f 1879/1879/1879 1880/1880/1880 1881/1881/1881
f 1882/1882/1882 1883/1883/1883 1884/1884/1884
f 1885/1885/1885 1886/1886/1886 1887/1887/1887
f 1888/1888/1888 1889/1889/1889 1890/1890/1890
f 1891/1891/1891 1892/1892/1892 1893/1893/1893
f 1894/1894/1894 1895/1895/1895 1896/1896/1896
f 1897/1897/1897 1898/1898/1898 1899/1899/1899
f 1900/1900/1900 1901/1901/1901 1902/1902/1902
f 1903/1903/1903 1904/1904/1904 1905/1905/1905
f 1906/1906/1906 1907/1907/1907 1908/1908/1908
f 1909/1909/1909 1910/1910/1910 1911/1911/1911
f 1912/1912/1912 1913/1913/1913 1914/1914/1914
f 1915/1915/1915 1916/1916/1916 1917/1917/1917
f 1918/1918/1918 1919/1919/1919 1920/1920/1920
f 1921/1921/1921 1922/1922/1922 1923/1923/1923
f 1924/1924/1924 1925/1925/1925 1926/1926/1926
f 1927/1927/1927 1928/1928/1928 1929/1929/1929
f 1930/1930/1930 1931/1931/1931 1932/1932/1932
f 1933/1933/1933 1934/1934/1934 1935/1935/1935
f 1936/1936/1936 1937/1937/1937 1938/1938/1938
f 1939/1939/1939 1940/1940/1940 1941/1941/1941
f 1942/1942/1942 1943/1943/1943 1944/1944/1944
f 1945/1945/1945 1946/1946/1946 1947/1947/1947
f 1948/1948/1948 1949/1949/1949 1950/1950/1950
f 1951/1951/1951 1952/1952/1952 1953/1953/1953
f 1954/1954/1954 1955/1955/1955 1956/1956/1956
f 1957/1957/1957 1958/1958/1958 1959/1959/1959
f 1960/1960/1960 1961/1961/1961 1962/1962/1962
f 1963/1963/1963 1964/1964/1964 1965/1965/1965
f 1966/1966/1966 1967/1967/1967 1968/1968/1968
f 1969/1969/1969 1970/1970/1970 1971/1971/1971
f 1972/1972/1972 1973/1973/1973 1974/1974/1974
f 1975/1975/1975 1976/1976/1976 1977/1977/1977
f 1978/1978/1978 1979/1979/1979 1980/1980/1980
f 1981/1981/1981 1982/1982/1982 1983/1983/1983
f 1984/1984/1984 1985/1985/1985 1986/1986/1986
f 1987/1987/1987 1988/1988/1988 1989/1989/1989
f 1990/1990/1990 1991/1991/1991 1992/1992/1992
f 1993/1993/1993 1994/1994/1994 1995/1995/1995
f 1996/1996/1996 1997/1997/1997 1998/1998/1998
f 1999/1999/1999 2000/2000/2000 2001/2001/2001
f 2002/2002/2002 2003/2003/2003 2004/2004/2004
