mtllib jaro-letter-x.mtl
o X
usemtl plastic
v -1.012391 -19.708738 -2.873884
v -5.584480 -19.708738 -2.873884
v -5.661021 -19.703635 -2.873884
v -0.869514 -19.688327 -2.873884
v -0.935850 -19.703635 -2.873884
v -1.012391 -19.708738 -2.873884
v -0.767458 -19.627093 -2.873884
v -0.813383 -19.662813 -2.873884
v -0.869514 -19.688327 -2.873884
v -0.706224 -19.525038 -2.873884
v -0.731738 -19.581168 -2.873884
v -0.767458 -19.627093 -2.873884
v -0.685813 -19.382160 -2.873884
v -0.690916 -19.458702 -2.873884
v -0.706224 -19.525038 -2.873884
v 0.690916 -19.458702 -2.873884
v 0.685813 -19.382160 -2.873884
v 0.685813 -13.882591 -2.873884
v 0.731738 -19.581168 -2.873884
v 0.706224 -19.525038 -2.873884
v 0.690916 -19.458702 -2.873884
v 0.813383 -19.662813 -2.873884
v 0.767458 -19.627093 -2.873884
v 0.731738 -19.581168 -2.873884
v 0.935850 -19.703635 -2.873884
v 0.869514 -19.688327 -2.873884
v 0.813383 -19.662813 -2.873884
v 5.584479 -19.708738 -2.873884
v 1.012391 -19.708738 -2.873884
v 0.935850 -19.703635 -2.873884
v 5.727357 -19.688327 -2.873884
v 5.661021 -19.703635 -2.873884
v 5.584479 -19.708738 -2.873884
v 5.829413 -19.627093 -2.873884
v 5.783487 -19.662813 -2.873884
v 5.727357 -19.688327 -2.873884
v 5.890646 -19.525038 -2.873884
v 5.865132 -19.581168 -2.873884
v 5.829413 -19.627093 -2.873884
v 5.911056 -19.382160 -2.873884
v 5.905954 -19.458702 -2.873884
v 5.890646 -19.525038 -2.873884
v 5.910853 -13.775229 -2.873884
v 5.911056 -13.804212 -2.873884
v 5.911056 -19.382160 -2.873884
v 5.909220 -13.719710 -2.873884
v 5.910240 -13.747061 -2.873884
v 5.910853 -13.775229 -2.873884
v 5.905954 -13.667458 -2.873884
v 5.907791 -13.693175 -2.873884
v 5.909220 -13.719710 -2.873884
v 5.901055 -13.618471 -2.873884
v 5.903709 -13.642556 -2.873884
v 5.905954 -13.667458 -2.873884
v 5.893299 -13.572342 -2.873884
v 5.897994 -13.595202 -2.873884
v 5.901055 -13.618471 -2.873884
v 5.875337 -13.526621 -2.873884
v 5.885747 -13.549481 -2.873884
v 5.893299 -13.572342 -2.873884
v 5.845945 -13.480900 -2.873884
v 5.862071 -13.503761 -2.873884
v 5.875337 -13.526621 -2.873884
v 5.805124 -13.435179 -2.873884
v 5.826963 -13.458040 -2.873884
v 5.845945 -13.480900 -2.873884
v 5.866152 -9.460728 -2.873884
v 5.844313 -9.483589 -2.873884
v 5.819615 -9.506449 -2.873884
v 5.901260 -9.415008 -2.873884
v 5.885135 -9.437868 -2.873884
v 5.866152 -9.460728 -2.873884
v 5.924937 -9.369286 -2.873884
v 5.914526 -9.392147 -2.873884
v 5.901260 -9.415008 -2.873884
v 5.937183 -9.323566 -2.873884
v 5.932488 -9.346426 -2.873884
v 5.924937 -9.369286 -2.873884
v 5.942898 -9.276212 -2.873884
v 5.940244 -9.300297 -2.873884
v 5.937183 -9.323566 -2.873884
v 5.946981 -9.225592 -2.873884
v 5.945143 -9.251310 -2.873884
v 5.942898 -9.276212 -2.873884
v 5.949430 -9.171707 -2.873884
v 5.948410 -9.199058 -2.873884
v 5.946981 -9.225592 -2.873884
v 5.950246 -9.114555 -2.873884
v 5.950042 -9.143540 -2.873884
v 5.949430 -9.171707 -2.873884
v 5.945143 -2.545647 -2.873884
v 5.950246 -2.622190 -2.873884
v 5.950246 -9.114555 -2.873884
v 5.904321 -2.423182 -2.873884
v 5.929836 -2.479311 -2.873884
v 5.945143 -2.545647 -2.873884
v 5.822676 -2.341537 -2.873884
v 5.868602 -2.377256 -2.873884
v 5.904321 -2.423182 -2.873884
v 5.700211 -2.300715 -2.873884
v 5.766547 -2.316022 -2.873884
v 5.822676 -2.341537 -2.873884
v 1.064643 -2.295612 -2.873884
v 5.623668 -2.295612 -2.873884
v 5.700211 -2.300715 -2.873884
v 0.921766 -2.316022 -2.873884
v 0.988102 -2.300715 -2.873884
v 1.064643 -2.295612 -2.873884
v 0.819710 -2.377256 -2.873884
v 0.865635 -2.341537 -2.873884
v 0.921766 -2.316022 -2.873884
v 0.758477 -2.479311 -2.873884
v 0.783991 -2.423182 -2.873884
v 0.819710 -2.377256 -2.873884
v 0.738066 -2.622190 -2.873884
v 0.743168 -2.545647 -2.873884
v 0.758477 -2.479311 -2.873884
v -0.743168 -2.545647 -2.873884
v -0.738066 -2.622190 -2.873884
v -0.738066 -9.023114 -2.873884
v -0.783991 -2.423182 -2.873884
v -0.758477 -2.479311 -2.873884
v -0.743168 -2.545647 -2.873884
v -0.865635 -2.341537 -2.873884
v -0.819710 -2.377256 -2.873884
v -0.783991 -2.423182 -2.873884
v -0.988102 -2.300715 -2.873884
v -0.921766 -2.316022 -2.873884
v -0.865635 -2.341537 -2.873884
v -5.623669 -2.295612 -2.873884
v -1.064643 -2.295612 -2.873884
v -0.988102 -2.300715 -2.873884
v -5.766547 -2.316022 -2.873884
v -5.700211 -2.300715 -2.873884
v -5.623669 -2.295612 -2.873884
v -5.868602 -2.377256 -2.873884
v -5.822677 -2.341537 -2.873884
v -5.766547 -2.316022 -2.873884
v -5.929836 -2.479311 -2.873884
v -5.904321 -2.423182 -2.873884
v -5.868602 -2.377256 -2.873884
v -5.950246 -2.622190 -2.873884
v -5.945144 -2.545647 -2.873884
v -5.929836 -2.479311 -2.873884
v -5.949940 -9.143437 -2.873884
v -5.950246 -9.114555 -2.873884
v -5.950246 -2.622190 -2.873884
v -5.947491 -9.198139 -2.873884
v -5.949022 -9.171299 -2.873884
v -5.949940 -9.143437 -2.873884
v -5.942593 -9.248759 -2.873884
v -5.945348 -9.223959 -2.873884
v -5.947491 -9.198139 -2.873884
v -5.935244 -9.295296 -2.873884
v -5.939224 -9.272538 -2.873884
v -5.942593 -9.248759 -2.873884
v -5.924630 -9.338568 -2.873884
v -5.930652 -9.317034 -2.873884
v -5.935244 -9.295296 -2.873884
v -5.905853 -9.383472 -2.873884
v -5.916364 -9.360714 -2.873884
v -5.924630 -9.338568 -2.873884
v -5.878093 -9.430826 -2.873884
v -5.893096 -9.406843 -2.873884
v -5.905853 -9.383472 -2.873884
v -5.841354 -9.480629 -2.873884
v -5.860846 -9.455421 -2.873884
v -5.878093 -9.430826 -2.873884
v -4.082222 -11.256905 -2.873884
v -5.819616 -9.506449 -2.873884
v -5.841354 -9.480629 -2.873884
v -5.802164 -13.435179 -2.873884
v -5.780426 -13.412319 -2.873884
v -4.082222 -11.714115 -2.873884
v -5.838904 -13.480900 -2.873884
v -5.821656 -13.458040 -2.873884
v -5.802164 -13.435179 -2.873884
v -5.866663 -13.526621 -2.873884
v -5.853906 -13.503761 -2.873884
v -5.838904 -13.480900 -2.873884
v -5.885441 -13.572342 -2.873884
v -5.877175 -13.549481 -2.873884
v -5.866663 -13.526621 -2.873884
v -5.896055 -13.618471 -2.873884
v -5.891462 -13.595202 -2.873884
v -5.885441 -13.572342 -2.873884
v -5.903403 -13.667458 -2.873884
v -5.900035 -13.642556 -2.873884
v -5.896055 -13.618471 -2.873884
v -5.908302 -13.719710 -2.873884
v -5.906159 -13.693175 -2.873884
v -5.903403 -13.667458 -2.873884
v -5.910751 -13.775229 -2.873884
v -5.909833 -13.747061 -2.873884
v -5.908302 -13.719710 -2.873884
v -5.911057 -19.382160 -2.873884
v -5.911057 -13.804212 -2.873884
v -5.910751 -13.775229 -2.873884
v -5.890646 -19.525038 -2.873884
v -5.905955 -19.458702 -2.873884
v -5.911057 -19.382160 -2.873884
v -5.829413 -19.627093 -2.873884
v -5.865132 -19.581168 -2.873884
v -5.890646 -19.525038 -2.873884
v -5.727357 -19.688327 -2.873884
v -5.783488 -19.662813 -2.873884
v -5.829413 -19.627093 -2.873884
v -1.012391 -19.708738 -2.873884
v -5.661021 -19.703635 -2.873884
v -5.727357 -19.688327 -2.873884
v -0.767458 -19.627093 -2.873884
v -0.869514 -19.688327 -2.873884
v -1.012391 -19.708738 -2.873884
v -0.685813 -19.382160 -2.873884
v -0.706224 -19.525038 -2.873884
v -0.767458 -19.627093 -2.873884
v 0.731738 -19.581168 -2.873884
v 0.690916 -19.458702 -2.873884
v 0.685813 -13.882591 -2.873884
v 0.935850 -19.703635 -2.873884
v 0.813383 -19.662813 -2.873884
v 0.731738 -19.581168 -2.873884
v 5.727357 -19.688327 -2.873884
v 5.584479 -19.708738 -2.873884
v 0.935850 -19.703635 -2.873884
v 5.890646 -19.525038 -2.873884
v 5.829413 -19.627093 -2.873884
v 5.727357 -19.688327 -2.873884
v 5.910853 -13.775229 -2.873884
v 5.911056 -19.382160 -2.873884
v 5.890646 -19.525038 -2.873884
v 5.905954 -13.667458 -2.873884
v 5.909220 -13.719710 -2.873884
v 5.910853 -13.775229 -2.873884
v 5.893299 -13.572342 -2.873884
v 5.901055 -13.618471 -2.873884
v 5.905954 -13.667458 -2.873884
v 5.845945 -13.480900 -2.873884
v 5.875337 -13.526621 -2.873884
v 5.893299 -13.572342 -2.873884
v 5.780426 -13.412319 -2.873884
v 5.805124 -13.435179 -2.873884
v 5.845945 -13.480900 -2.873884
v 5.901260 -9.415008 -2.873884
v 5.866152 -9.460728 -2.873884
v 5.819615 -9.506449 -2.873884
v 5.937183 -9.323566 -2.873884
v 5.924937 -9.369286 -2.873884
v 5.901260 -9.415008 -2.873884
v 5.946981 -9.225592 -2.873884
v 5.942898 -9.276212 -2.873884
v 5.937183 -9.323566 -2.873884
v 5.950246 -9.114555 -2.873884
v 5.949430 -9.171707 -2.873884
v 5.946981 -9.225592 -2.873884
v 5.904321 -2.423182 -2.873884
v 5.945143 -2.545647 -2.873884
v 5.950246 -9.114555 -2.873884
v 5.700211 -2.300715 -2.873884
v 5.822676 -2.341537 -2.873884
v 5.904321 -2.423182 -2.873884
v 0.921766 -2.316022 -2.873884
v 1.064643 -2.295612 -2.873884
v 5.700211 -2.300715 -2.873884
v 0.758477 -2.479311 -2.873884
v 0.819710 -2.377256 -2.873884
v 0.921766 -2.316022 -2.873884
v 0.738066 -9.023114 -2.873884
v 0.738066 -2.622190 -2.873884
v 0.758477 -2.479311 -2.873884
v -0.783991 -2.423182 -2.873884
v -0.743168 -2.545647 -2.873884
v -0.738066 -9.023114 -2.873884
v -0.988102 -2.300715 -2.873884
v -0.865635 -2.341537 -2.873884
v -0.783991 -2.423182 -2.873884
v -5.766547 -2.316022 -2.873884
v -5.623669 -2.295612 -2.873884
v -0.988102 -2.300715 -2.873884
v -5.929836 -2.479311 -2.873884
v -5.868602 -2.377256 -2.873884
v -5.766547 -2.316022 -2.873884
v -5.949940 -9.143437 -2.873884
v -5.950246 -2.622190 -2.873884
v -5.929836 -2.479311 -2.873884
v -5.942593 -9.248759 -2.873884
v -5.947491 -9.198139 -2.873884
v -5.949940 -9.143437 -2.873884
v -5.924630 -9.338568 -2.873884
v -5.935244 -9.295296 -2.873884
v -5.942593 -9.248759 -2.873884
v -5.878093 -9.430826 -2.873884
v -5.905853 -9.383472 -2.873884
v -5.924630 -9.338568 -2.873884
v -4.082222 -11.256905 -2.873884
v -5.841354 -9.480629 -2.873884
v -5.878093 -9.430826 -2.873884
v -5.838904 -13.480900 -2.873884
v -5.802164 -13.435179 -2.873884
v -4.082222 -11.714115 -2.873884
v -5.885441 -13.572342 -2.873884
v -5.866663 -13.526621 -2.873884
v -5.838904 -13.480900 -2.873884
v -5.903403 -13.667458 -2.873884
v -5.896055 -13.618471 -2.873884
v -5.885441 -13.572342 -2.873884
v -5.910751 -13.775229 -2.873884
v -5.908302 -13.719710 -2.873884
v -5.903403 -13.667458 -2.873884
v -5.890646 -19.525038 -2.873884
v -5.911057 -19.382160 -2.873884
v -5.910751 -13.775229 -2.873884
v -5.727357 -19.688327 -2.873884
v -5.829413 -19.627093 -2.873884
v -5.890646 -19.525038 -2.873884
v -0.767458 -19.627093 -2.873884
v -1.012391 -19.708738 -2.873884
v -5.727357 -19.688327 -2.873884
v -0.685813 -13.882591 -2.873884
v -0.685813 -19.382160 -2.873884
v -0.767458 -19.627093 -2.873884
v 0.935850 -19.703635 -2.873884
v 0.731738 -19.581168 -2.873884
v 0.685813 -13.882591 -2.873884
v 5.890646 -19.525038 -2.873884
v 5.727357 -19.688327 -2.873884
v 0.935850 -19.703635 -2.873884
v 5.905954 -13.667458 -2.873884
v 5.910853 -13.775229 -2.873884
v 5.890646 -19.525038 -2.873884
v 5.845945 -13.480900 -2.873884
v 5.893299 -13.572342 -2.873884
v 5.905954 -13.667458 -2.873884
v 4.082222 -11.714115 -2.873884
v 5.780426 -13.412319 -2.873884
v 5.845945 -13.480900 -2.873884
v 5.901260 -9.415008 -2.873884
v 5.819615 -9.506449 -2.873884
v 4.082222 -11.256905 -2.873884
v 5.946981 -9.225592 -2.873884
v 5.937183 -9.323566 -2.873884
v 5.901260 -9.415008 -2.873884
v 5.904321 -2.423182 -2.873884
v 5.950246 -9.114555 -2.873884
v 5.946981 -9.225592 -2.873884
v 0.921766 -2.316022 -2.873884
v 5.700211 -2.300715 -2.873884
v 5.904321 -2.423182 -2.873884
v 0.738066 -9.023114 -2.873884
v 0.758477 -2.479311 -2.873884
v 0.921766 -2.316022 -2.873884
v -0.988102 -2.300715 -2.873884
v -0.783991 -2.423182 -2.873884
v -0.738066 -9.023114 -2.873884
v -5.929836 -2.479311 -2.873884
v -5.766547 -2.316022 -2.873884
v -0.988102 -2.300715 -2.873884
v -5.942593 -9.248759 -2.873884
v -5.949940 -9.143437 -2.873884
v -5.929836 -2.479311 -2.873884
v -5.878093 -9.430826 -2.873884
v -5.924630 -9.338568 -2.873884
v -5.942593 -9.248759 -2.873884
v -5.885441 -13.572342 -2.873884
v -5.838904 -13.480900 -2.873884
v -4.082222 -11.714115 -2.873884
v -5.910751 -13.775229 -2.873884
v -5.903403 -13.667458 -2.873884
v -5.885441 -13.572342 -2.873884
v -5.727357 -19.688327 -2.873884
v -5.890646 -19.525038 -2.873884
v -5.910751 -13.775229 -2.873884
v -0.685813 -13.882591 -2.873884
v -0.767458 -19.627093 -2.873884
v -5.727357 -19.688327 -2.873884
v 5.890646 -19.525038 -2.873884
v 0.935850 -19.703635 -2.873884
v 0.685813 -13.882591 -2.873884
v 5.845945 -13.480900 -2.873884
v 5.905954 -13.667458 -2.873884
v 5.890646 -19.525038 -2.873884
v 5.946981 -9.225592 -2.873884
v 5.901260 -9.415008 -2.873884
v 4.082222 -11.256905 -2.873884
v 0.921766 -2.316022 -2.873884
v 5.904321 -2.423182 -2.873884
v 5.946981 -9.225592 -2.873884
v -5.929836 -2.479311 -2.873884
v -0.988102 -2.300715 -2.873884
v -0.738066 -9.023114 -2.873884
v -5.878093 -9.430826 -2.873884
v -5.942593 -9.248759 -2.873884
v -5.929836 -2.479311 -2.873884
v -5.910751 -13.775229 -2.873884
v -5.885441 -13.572342 -2.873884
v -4.082222 -11.714115 -2.873884
v -0.685813 -13.882591 -2.873884
v -5.727357 -19.688327 -2.873884
v -5.910751 -13.775229 -2.873884
v 5.845945 -13.480900 -2.873884
v 5.890646 -19.525038 -2.873884
v 0.685813 -13.882591 -2.873884
v 0.921766 -2.316022 -2.873884
v 5.946981 -9.225592 -2.873884
v 4.082222 -11.256905 -2.873884
v -5.878093 -9.430826 -2.873884
v -5.929836 -2.479311 -2.873884
v -0.738066 -9.023114 -2.873884
v -0.685813 -13.882591 -2.873884
v -5.910751 -13.775229 -2.873884
v -4.082222 -11.714115 -2.873884
v 5.845945 -13.480900 -2.873884
v 0.685813 -13.882591 -2.873884
v -0.685813 -13.882591 -2.873884
v 0.921766 -2.316022 -2.873884
v 4.082222 -11.256905 -2.873884
v 4.082222 -11.714115 -2.873884
v -5.878093 -9.430826 -2.873884
v -0.738066 -9.023114 -2.873884
v 0.738066 -9.023114 -2.873884
v -0.685813 -13.882591 -2.873884
v -4.082222 -11.714115 -2.873884
v -4.082222 -11.256905 -2.873884
v 4.082222 -11.714115 -2.873884
v 5.845945 -13.480900 -2.873884
v -0.685813 -13.882591 -2.873884
v 0.738066 -9.023114 -2.873884
v 0.921766 -2.316022 -2.873884
v 4.082222 -11.714115 -2.873884
v -4.082222 -11.256905 -2.873884
v -5.878093 -9.430826 -2.873884
v 0.738066 -9.023114 -2.873884
v 4.082222 -11.714115 -2.873884
v -0.685813 -13.882591 -2.873884
v -4.082222 -11.256905 -2.873884
v -4.082222 -11.256905 -2.873884
v 0.738066 -9.023114 -2.873884
v 4.082222 -11.714115 -2.873884
v -5.661021 -19.703635 2.873884
v -5.584480 -19.708738 2.873884
v -1.012391 -19.708738 2.873884
v -1.012391 -19.708738 2.873884
v -0.935850 -19.703635 2.873884
v -0.869514 -19.688327 2.873884
v -0.869514 -19.688327 2.873884
v -0.813383 -19.662813 2.873884
v -0.767458 -19.627093 2.873884
v -0.767458 -19.627093 2.873884
v -0.731738 -19.581168 2.873884
v -0.706224 -19.525038 2.873884
v -0.706224 -19.525038 2.873884
v -0.690916 -19.458702 2.873884
v -0.685813 -19.382160 2.873884
v 0.685813 -13.882591 2.873884
v 0.685813 -19.382160 2.873884
v 0.690916 -19.458702 2.873884
v 0.690916 -19.458702 2.873884
v 0.706224 -19.525038 2.873884
v 0.731738 -19.581168 2.873884
v 0.731738 -19.581168 2.873884
v 0.767458 -19.627093 2.873884
v 0.813383 -19.662813 2.873884
v 0.813383 -19.662813 2.873884
v 0.869514 -19.688327 2.873884
v 0.935850 -19.703635 2.873884
v 0.935850 -19.703635 2.873884
v 1.012391 -19.708738 2.873884
v 5.584479 -19.708738 2.873884
v 5.584479 -19.708738 2.873884
v 5.661021 -19.703635 2.873884
v 5.727357 -19.688327 2.873884
v 5.727357 -19.688327 2.873884
v 5.783487 -19.662813 2.873884
v 5.829413 -19.627093 2.873884
v 5.829413 -19.627093 2.873884
v 5.865132 -19.581168 2.873884
v 5.890646 -19.525038 2.873884
v 5.890646 -19.525038 2.873884
v 5.905954 -19.458702 2.873884
v 5.911056 -19.382160 2.873884
v 5.911056 -19.382160 2.873884
v 5.911056 -13.804212 2.873884
v 5.910853 -13.775229 2.873884
v 5.910853 -13.775229 2.873884
v 5.910240 -13.747061 2.873884
v 5.909220 -13.719710 2.873884
v 5.909220 -13.719710 2.873884
v 5.907791 -13.693175 2.873884
v 5.905954 -13.667458 2.873884
v 5.905954 -13.667458 2.873884
v 5.903709 -13.642556 2.873884
v 5.901055 -13.618471 2.873884
v 5.901055 -13.618471 2.873884
v 5.897994 -13.595202 2.873884
v 5.893299 -13.572342 2.873884
v 5.893299 -13.572342 2.873884
v 5.885747 -13.549481 2.873884
v 5.875337 -13.526621 2.873884
v 5.875337 -13.526621 2.873884
v 5.862071 -13.503761 2.873884
v 5.845945 -13.480900 2.873884
v 5.845945 -13.480900 2.873884
v 5.826963 -13.458040 2.873884
v 5.805124 -13.435179 2.873884
v 5.819615 -9.506449 2.873884
v 5.844313 -9.483589 2.873884
v 5.866152 -9.460728 2.873884
v 5.866152 -9.460728 2.873884
v 5.885135 -9.437868 2.873884
v 5.901260 -9.415008 2.873884
v 5.901260 -9.415008 2.873884
v 5.914526 -9.392147 2.873884
v 5.924937 -9.369286 2.873884
v 5.924937 -9.369286 2.873884
v 5.932488 -9.346426 2.873884
v 5.937183 -9.323566 2.873884
v 5.937183 -9.323566 2.873884
v 5.940244 -9.300297 2.873884
v 5.942898 -9.276212 2.873884
v 5.942898 -9.276212 2.873884
v 5.945143 -9.251310 2.873884
v 5.946981 -9.225592 2.873884
v 5.946981 -9.225592 2.873884
v 5.948410 -9.199058 2.873884
v 5.949430 -9.171707 2.873884
v 5.949430 -9.171707 2.873884
v 5.950042 -9.143540 2.873884
v 5.950246 -9.114555 2.873884
v 5.950246 -9.114555 2.873884
v 5.950246 -2.622190 2.873884
v 5.945143 -2.545647 2.873884
v 5.945143 -2.545647 2.873884
v 5.929836 -2.479311 2.873884
v 5.904321 -2.423182 2.873884
v 5.904321 -2.423182 2.873884
v 5.868602 -2.377256 2.873884
v 5.822676 -2.341537 2.873884
v 5.822676 -2.341537 2.873884
v 5.766547 -2.316022 2.873884
v 5.700211 -2.300715 2.873884
v 5.700211 -2.300715 2.873884
v 5.623668 -2.295612 2.873884
v 1.064643 -2.295612 2.873884
v 1.064643 -2.295612 2.873884
v 0.988102 -2.300715 2.873884
v 0.921766 -2.316022 2.873884
v 0.921766 -2.316022 2.873884
v 0.865635 -2.341537 2.873884
v 0.819710 -2.377256 2.873884
v 0.819710 -2.377256 2.873884
v 0.783991 -2.423182 2.873884
v 0.758477 -2.479311 2.873884
v 0.758477 -2.479311 2.873884
v 0.743168 -2.545647 2.873884
v 0.738066 -2.622190 2.873884
v -0.738066 -9.023114 2.873884
v -0.738066 -2.622190 2.873884
v -0.743168 -2.545647 2.873884
v -0.743168 -2.545647 2.873884
v -0.758477 -2.479311 2.873884
v -0.783991 -2.423182 2.873884
v -0.783991 -2.423182 2.873884
v -0.819710 -2.377256 2.873884
v -0.865635 -2.341537 2.873884
v -0.865635 -2.341537 2.873884
v -0.921766 -2.316022 2.873884
v -0.988102 -2.300715 2.873884
v -0.988102 -2.300715 2.873884
v -1.064643 -2.295612 2.873884
v -5.623669 -2.295612 2.873884
v -5.623669 -2.295612 2.873884
v -5.700211 -2.300715 2.873884
v -5.766547 -2.316022 2.873884
v -5.766547 -2.316022 2.873884
v -5.822677 -2.341537 2.873884
v -5.868602 -2.377256 2.873884
v -5.868602 -2.377256 2.873884
v -5.904321 -2.423182 2.873884
v -5.929836 -2.479311 2.873884
v -5.929836 -2.479311 2.873884
v -5.945144 -2.545647 2.873884
v -5.950246 -2.622190 2.873884
v -5.950246 -2.622190 2.873884
v -5.950246 -9.114555 2.873884
v -5.949940 -9.143437 2.873884
v -5.949940 -9.143437 2.873884
v -5.949022 -9.171299 2.873884
v -5.947491 -9.198139 2.873884
v -5.947491 -9.198139 2.873884
v -5.945348 -9.223959 2.873884
v -5.942593 -9.248759 2.873884
v -5.942593 -9.248759 2.873884
v -5.939224 -9.272538 2.873884
v -5.935244 -9.295296 2.873884
v -5.935244 -9.295296 2.873884
v -5.930652 -9.317034 2.873884
v -5.924630 -9.338568 2.873884
v -5.924630 -9.338568 2.873884
v -5.916364 -9.360714 2.873884
v -5.905853 -9.383472 2.873884
v -5.905853 -9.383472 2.873884
v -5.893096 -9.406843 2.873884
v -5.878093 -9.430826 2.873884
v -5.878093 -9.430826 2.873884
v -5.860846 -9.455421 2.873884
v -5.841354 -9.480629 2.873884
v -5.841354 -9.480629 2.873884
v -5.819616 -9.506449 2.873884
v -4.082222 -11.256905 2.873884
v -4.082222 -11.714115 2.873884
v -5.780426 -13.412319 2.873884
v -5.802164 -13.435179 2.873884
v -5.802164 -13.435179 2.873884
v -5.821656 -13.458040 2.873884
v -5.838904 -13.480900 2.873884
v -5.838904 -13.480900 2.873884
v -5.853906 -13.503761 2.873884
v -5.866663 -13.526621 2.873884
v -5.866663 -13.526621 2.873884
v -5.877175 -13.549481 2.873884
v -5.885441 -13.572342 2.873884
v -5.885441 -13.572342 2.873884
v -5.891462 -13.595202 2.873884
v -5.896055 -13.618471 2.873884
v -5.896055 -13.618471 2.873884
v -5.900035 -13.642556 2.873884
v -5.903403 -13.667458 2.873884
v -5.903403 -13.667458 2.873884
v -5.906159 -13.693175 2.873884
v -5.908302 -13.719710 2.873884
v -5.908302 -13.719710 2.873884
v -5.909833 -13.747061 2.873884
v -5.910751 -13.775229 2.873884
v -5.910751 -13.775229 2.873884
v -5.911057 -13.804212 2.873884
v -5.911057 -19.382160 2.873884
v -5.911057 -19.382160 2.873884
v -5.905955 -19.458702 2.873884
v -5.890646 -19.525038 2.873884
v -5.890646 -19.525038 2.873884
v -5.865132 -19.581168 2.873884
v -5.829413 -19.627093 2.873884
v -5.829413 -19.627093 2.873884
v -5.783488 -19.662813 2.873884
v -5.727357 -19.688327 2.873884
v -5.727357 -19.688327 2.873884
v -5.661021 -19.703635 2.873884
v -1.012391 -19.708738 2.873884
v -1.012391 -19.708738 2.873884
v -0.869514 -19.688327 2.873884
v -0.767458 -19.627093 2.873884
v -0.767458 -19.627093 2.873884
v -0.706224 -19.525038 2.873884
v -0.685813 -19.382160 2.873884
v 0.685813 -13.882591 2.873884
v 0.690916 -19.458702 2.873884
v 0.731738 -19.581168 2.873884
v 0.731738 -19.581168 2.873884
v 0.813383 -19.662813 2.873884
v 0.935850 -19.703635 2.873884
v 0.935850 -19.703635 2.873884
v 5.584479 -19.708738 2.873884
v 5.727357 -19.688327 2.873884
v 5.727357 -19.688327 2.873884
v 5.829413 -19.627093 2.873884
v 5.890646 -19.525038 2.873884
v 5.890646 -19.525038 2.873884
v 5.911056 -19.382160 2.873884
v 5.910853 -13.775229 2.873884
v 5.910853 -13.775229 2.873884
v 5.909220 -13.719710 2.873884
v 5.905954 -13.667458 2.873884
v 5.905954 -13.667458 2.873884
v 5.901055 -13.618471 2.873884
v 5.893299 -13.572342 2.873884
v 5.893299 -13.572342 2.873884
v 5.875337 -13.526621 2.873884
v 5.845945 -13.480900 2.873884
v 5.845945 -13.480900 2.873884
v 5.805124 -13.435179 2.873884
v 5.780426 -13.412319 2.873884
v 5.819615 -9.506449 2.873884
v 5.866152 -9.460728 2.873884
v 5.901260 -9.415008 2.873884
v 5.901260 -9.415008 2.873884
v 5.924937 -9.369286 2.873884
v 5.937183 -9.323566 2.873884
v 5.937183 -9.323566 2.873884
v 5.942898 -9.276212 2.873884
v 5.946981 -9.225592 2.873884
v 5.946981 -9.225592 2.873884
v 5.949430 -9.171707 2.873884
v 5.950246 -9.114555 2.873884
v 5.950246 -9.114555 2.873884
v 5.945143 -2.545647 2.873884
v 5.904321 -2.423182 2.873884
v 5.904321 -2.423182 2.873884
v 5.822676 -2.341537 2.873884
v 5.700211 -2.300715 2.873884
v 5.700211 -2.300715 2.873884
v 1.064643 -2.295612 2.873884
v 0.921766 -2.316022 2.873884
v 0.921766 -2.316022 2.873884
v 0.819710 -2.377256 2.873884
v 0.758477 -2.479311 2.873884
v 0.758477 -2.479311 2.873884
v 0.738066 -2.622190 2.873884
v 0.738066 -9.023114 2.873884
v -0.738066 -9.023114 2.873884
v -0.743168 -2.545647 2.873884
v -0.783991 -2.423182 2.873884
v -0.783991 -2.423182 2.873884
v -0.865635 -2.341537 2.873884
v -0.988102 -2.300715 2.873884
v -0.988102 -2.300715 2.873884
v -5.623669 -2.295612 2.873884
v -5.766547 -2.316022 2.873884
v -5.766547 -2.316022 2.873884
v -5.868602 -2.377256 2.873884
v -5.929836 -2.479311 2.873884
v -5.929836 -2.479311 2.873884
v -5.950246 -2.622190 2.873884
v -5.949940 -9.143437 2.873884
v -5.949940 -9.143437 2.873884
v -5.947491 -9.198139 2.873884
v -5.942593 -9.248759 2.873884
v -5.942593 -9.248759 2.873884
v -5.935244 -9.295296 2.873884
v -5.924630 -9.338568 2.873884
v -5.924630 -9.338568 2.873884
v -5.905853 -9.383472 2.873884
v -5.878093 -9.430826 2.873884
v -5.878093 -9.430826 2.873884
v -5.841354 -9.480629 2.873884
v -4.082222 -11.256905 2.873884
v -4.082222 -11.714115 2.873884
v -5.802164 -13.435179 2.873884
v -5.838904 -13.480900 2.873884
v -5.838904 -13.480900 2.873884
v -5.866663 -13.526621 2.873884
v -5.885441 -13.572342 2.873884
v -5.885441 -13.572342 2.873884
v -5.896055 -13.618471 2.873884
v -5.903403 -13.667458 2.873884
v -5.903403 -13.667458 2.873884
v -5.908302 -13.719710 2.873884
v -5.910751 -13.775229 2.873884
v -5.910751 -13.775229 2.873884
v -5.911057 -19.382160 2.873884
v -5.890646 -19.525038 2.873884
v -5.890646 -19.525038 2.873884
v -5.829413 -19.627093 2.873884
v -5.727357 -19.688327 2.873884
v -5.727357 -19.688327 2.873884
v -1.012391 -19.708738 2.873884
v -0.767458 -19.627093 2.873884
v -0.767458 -19.627093 2.873884
v -0.685813 -19.382160 2.873884
v -0.685813 -13.882591 2.873884
v 0.685813 -13.882591 2.873884
v 0.731738 -19.581168 2.873884
v 0.935850 -19.703635 2.873884
v 0.935850 -19.703635 2.873884
v 5.727357 -19.688327 2.873884
v 5.890646 -19.525038 2.873884
v 5.890646 -19.525038 2.873884
v 5.910853 -13.775229 2.873884
v 5.905954 -13.667458 2.873884
v 5.905954 -13.667458 2.873884
v 5.893299 -13.572342 2.873884
v 5.845945 -13.480900 2.873884
v 5.845945 -13.480900 2.873884
v 5.780426 -13.412319 2.873884
v 4.082222 -11.714115 2.873884
v 4.082222 -11.256905 2.873884
v 5.819615 -9.506449 2.873884
v 5.901260 -9.415008 2.873884
v 5.901260 -9.415008 2.873884
v 5.937183 -9.323566 2.873884
v 5.946981 -9.225592 2.873884
v 5.946981 -9.225592 2.873884
v 5.950246 -9.114555 2.873884
v 5.904321 -2.423182 2.873884
v 5.904321 -2.423182 2.873884
v 5.700211 -2.300715 2.873884
v 0.921766 -2.316022 2.873884
v 0.921766 -2.316022 2.873884
v 0.758477 -2.479311 2.873884
v 0.738066 -9.023114 2.873884
v -0.738066 -9.023114 2.873884
v -0.783991 -2.423182 2.873884
v -0.988102 -2.300715 2.873884
v -0.988102 -2.300715 2.873884
v -5.766547 -2.316022 2.873884
v -5.929836 -2.479311 2.873884
v -5.929836 -2.479311 2.873884
v -5.949940 -9.143437 2.873884
v -5.942593 -9.248759 2.873884
v -5.942593 -9.248759 2.873884
v -5.924630 -9.338568 2.873884
v -5.878093 -9.430826 2.873884
v -4.082222 -11.714115 2.873884
v -5.838904 -13.480900 2.873884
v -5.885441 -13.572342 2.873884
v -5.885441 -13.572342 2.873884
v -5.903403 -13.667458 2.873884
v -5.910751 -13.775229 2.873884
v -5.910751 -13.775229 2.873884
v -5.890646 -19.525038 2.873884
v -5.727357 -19.688327 2.873884
v -5.727357 -19.688327 2.873884
v -0.767458 -19.627093 2.873884
v -0.685813 -13.882591 2.873884
v 0.685813 -13.882591 2.873884
v 0.935850 -19.703635 2.873884
v 5.890646 -19.525038 2.873884
v 5.890646 -19.525038 2.873884
v 5.905954 -13.667458 2.873884
v 5.845945 -13.480900 2.873884
v 4.082222 -11.256905 2.873884
v 5.901260 -9.415008 2.873884
v 5.946981 -9.225592 2.873884
v 5.946981 -9.225592 2.873884
v 5.904321 -2.423182 2.873884
v 0.921766 -2.316022 2.873884
v -0.738066 -9.023114 2.873884
v -0.988102 -2.300715 2.873884
v -5.929836 -2.479311 2.873884
v -5.929836 -2.479311 2.873884
v -5.942593 -9.248759 2.873884
v -5.878093 -9.430826 2.873884
v -4.082222 -11.714115 2.873884
v -5.885441 -13.572342 2.873884
v -5.910751 -13.775229 2.873884
v -5.910751 -13.775229 2.873884
v -5.727357 -19.688327 2.873884
v -0.685813 -13.882591 2.873884
v 0.685813 -13.882591 2.873884
v 5.890646 -19.525038 2.873884
v 5.845945 -13.480900 2.873884
v 4.082222 -11.256905 2.873884
v 5.946981 -9.225592 2.873884
v 0.921766 -2.316022 2.873884
v -0.738066 -9.023114 2.873884
v -5.929836 -2.479311 2.873884
v -5.878093 -9.430826 2.873884
v -4.082222 -11.714115 2.873884
v -5.910751 -13.775229 2.873884
v -0.685813 -13.882591 2.873884
v -0.685813 -13.882591 2.873884
v 0.685813 -13.882591 2.873884
v 5.845945 -13.480900 2.873884
v 4.082222 -11.714115 2.873884
v 4.082222 -11.256905 2.873884
v 0.921766 -2.316022 2.873884
v 0.738066 -9.023114 2.873884
v -0.738066 -9.023114 2.873884
v -5.878093 -9.430826 2.873884
v -4.082222 -11.256905 2.873884
v -4.082222 -11.714115 2.873884
v -0.685813 -13.882591 2.873884
v -0.685813 -13.882591 2.873884
v 5.845945 -13.480900 2.873884
v 4.082222 -11.714115 2.873884
v 4.082222 -11.714115 2.873884
v 0.921766 -2.316022 2.873884
v 0.738066 -9.023114 2.873884
v 0.738066 -9.023114 2.873884
v -5.878093 -9.430826 2.873884
v -4.082222 -11.256905 2.873884
v -4.082222 -11.256905 2.873884
v -0.685813 -13.882591 2.873884
v 4.082222 -11.714115 2.873884
v 4.082222 -11.714115 2.873884
v 0.738066 -9.023114 2.873884
v -4.082222 -11.256905 2.873884
v -1.012391 -19.708738 -2.873884
v -0.935850 -19.703635 -2.873884
v -1.006240 -19.893478 -2.797362
v -0.935850 -19.703635 -2.873884
v -0.908761 -19.886979 -2.797362
v -1.006240 -19.893478 -2.797362
v -1.006240 -19.893478 -2.797362
v -0.908761 -19.886979 -2.797362
v -1.003692 -19.970000 -2.612622
v -0.908761 -19.886979 -2.797362
v -0.897541 -19.962923 -2.612622
v -1.003692 -19.970000 -2.612622
v -1.003692 -19.970000 -2.612622
v -0.897541 -19.962923 -2.612622
v -1.003692 -19.970000 2.612622
v -0.897541 -19.962923 -2.612622
v -0.897541 -19.962923 2.612622
v -1.003692 -19.970000 2.612622
v -1.003692 -19.970000 2.612622
v -0.897541 -19.962923 2.612622
v -1.006240 -19.893478 2.797363
v -0.897541 -19.962923 2.612622
v -0.908761 -19.886979 2.797363
v -1.006240 -19.893478 2.797363
v -1.006240 -19.893478 2.797363
v -0.908761 -19.886979 2.797363
v -1.012391 -19.708738 2.873884
v -0.908761 -19.886979 2.797363
v -0.935850 -19.703635 2.873884
v -1.012391 -19.708738 2.873884
v -0.935850 -19.703635 -2.873884
v -0.869514 -19.688327 -2.873884
v -0.908761 -19.886979 -2.797362
v -0.869514 -19.688327 -2.873884
v -0.809927 -19.864172 -2.797362
v -0.908761 -19.886979 -2.797362
v -0.908761 -19.886979 -2.797362
v -0.809927 -19.864172 -2.797362
v -0.897541 -19.962923 -2.612622
v -0.809927 -19.864172 -2.797362
v -0.785246 -19.937009 -2.612622
v -0.897541 -19.962923 -2.612622
v -0.897541 -19.962923 -2.612622
v -0.785246 -19.937009 -2.612622
v -0.897541 -19.962923 2.612622
v -0.785246 -19.937009 -2.612622
v -0.785246 -19.937009 2.612622
v -0.897541 -19.962923 2.612622
v -0.897541 -19.962923 2.612622
v -0.785246 -19.937009 2.612622
v -0.908761 -19.886979 2.797363
v -0.785246 -19.937009 2.612622
v -0.809927 -19.864172 2.797363
v -0.908761 -19.886979 2.797363
v -0.908761 -19.886979 2.797363
v -0.809927 -19.864172 2.797363
v -0.935850 -19.703635 2.873884
v -0.809927 -19.864172 2.797363
v -0.869514 -19.688327 2.873884
v -0.935850 -19.703635 2.873884
v -0.869514 -19.688327 -2.873884
v -0.813383 -19.662813 -2.873884
v -0.809927 -19.864172 -2.797362
v -0.813383 -19.662813 -2.873884
v -0.717133 -19.821993 -2.797362
v -0.809927 -19.864172 -2.797362
v -0.809927 -19.864172 -2.797362
v -0.717133 -19.821993 -2.797362
v -0.785246 -19.937009 -2.612622
v -0.717133 -19.821993 -2.797362
v -0.677266 -19.887927 -2.612622
v -0.785246 -19.937009 -2.612622
v -0.785246 -19.937009 -2.612622
v -0.677266 -19.887927 -2.612622
v -0.785246 -19.937009 2.612622
v -0.677266 -19.887927 -2.612622
v -0.677266 -19.887927 2.612622
v -0.785246 -19.937009 2.612622
v -0.785246 -19.937009 2.612622
v -0.677266 -19.887927 2.612622
v -0.809927 -19.864172 2.797363
v -0.677266 -19.887927 2.612622
v -0.717133 -19.821993 2.797363
v -0.809927 -19.864172 2.797363
v -0.809927 -19.864172 2.797363
v -0.717133 -19.821993 2.797363
v -0.869514 -19.688327 2.873884
v -0.717133 -19.821993 2.797363
v -0.813383 -19.662813 2.873884
v -0.869514 -19.688327 2.873884
v -0.813383 -19.662813 -2.873884
v -0.767458 -19.627093 -2.873884
v -0.717133 -19.821993 -2.797362
v -0.767458 -19.627093 -2.873884
v -0.635810 -19.758741 -2.797362
v -0.717133 -19.821993 -2.797362
v -0.717133 -19.821993 -2.797362
v -0.635810 -19.758741 -2.797362
v -0.677266 -19.887927 -2.612622
v -0.635810 -19.758741 -2.797362
v -0.581280 -19.813271 -2.612622
v -0.677266 -19.887927 -2.612622
v -0.677266 -19.887927 -2.612622
v -0.581280 -19.813271 -2.612622
v -0.677266 -19.887927 2.612622
v -0.581280 -19.813271 -2.612622
v -0.581280 -19.813271 2.612622
v -0.677266 -19.887927 2.612622
v -0.677266 -19.887927 2.612622
v -0.581280 -19.813271 2.612622
v -0.717133 -19.821993 2.797363
v -0.581280 -19.813271 2.612622
v -0.635810 -19.758741 2.797363
v -0.717133 -19.821993 2.797363
v -0.717133 -19.821993 2.797363
v -0.635810 -19.758741 2.797363
v -0.813383 -19.662813 2.873884
v -0.635810 -19.758741 2.797363
v -0.767458 -19.627093 2.873884
v -0.813383 -19.662813 2.873884
v -0.767458 -19.627093 -2.873884
v -0.731738 -19.581168 -2.873884
v -0.635810 -19.758741 -2.797362
v -0.731738 -19.581168 -2.873884
v -0.572558 -19.677417 -2.797362
v -0.635810 -19.758741 -2.797362
v -0.635810 -19.758741 -2.797362
v -0.572558 -19.677417 -2.797362
v -0.581280 -19.813271 -2.612622
v -0.572558 -19.677417 -2.797362
v -0.506624 -19.717285 -2.612622
v -0.581280 -19.813271 -2.612622
v -0.581280 -19.813271 -2.612622
v -0.506624 -19.717285 -2.612622
v -0.581280 -19.813271 2.612622
v -0.506624 -19.717285 -2.612622
v -0.506624 -19.717285 2.612622
v -0.581280 -19.813271 2.612622
v -0.581280 -19.813271 2.612622
v -0.506624 -19.717285 2.612622
v -0.635810 -19.758741 2.797363
v -0.506624 -19.717285 2.612622
v -0.572558 -19.677417 2.797363
v -0.635810 -19.758741 2.797363
v -0.635810 -19.758741 2.797363
v -0.572558 -19.677417 2.797363
v -0.767458 -19.627093 2.873884
v -0.572558 -19.677417 2.797363
v -0.731738 -19.581168 2.873884
v -0.767458 -19.627093 2.873884
v -0.731738 -19.581168 -2.873884
v -0.706224 -19.525038 -2.873884
v -0.572558 -19.677417 -2.797362
v -0.706224 -19.525038 -2.873884
v -0.530379 -19.584624 -2.797362
v -0.572558 -19.677417 -2.797362
v -0.572558 -19.677417 -2.797362
v -0.530379 -19.584624 -2.797362
v -0.506624 -19.717285 -2.612622
v -0.530379 -19.584624 -2.797362
v -0.457542 -19.609305 -2.612622
v -0.506624 -19.717285 -2.612622
v -0.506624 -19.717285 -2.612622
v -0.457542 -19.609305 -2.612622
v -0.506624 -19.717285 2.612622
v -0.457542 -19.609305 -2.612622
v -0.457542 -19.609305 2.612622
v -0.506624 -19.717285 2.612622
v -0.506624 -19.717285 2.612622
v -0.457542 -19.609305 2.612622
v -0.572558 -19.677417 2.797363
v -0.457542 -19.609305 2.612622
v -0.530379 -19.584624 2.797363
v -0.572558 -19.677417 2.797363
v -0.572558 -19.677417 2.797363
v -0.530379 -19.584624 2.797363
v -0.731738 -19.581168 2.873884
v -0.530379 -19.584624 2.797363
v -0.706224 -19.525038 2.873884
v -0.731738 -19.581168 2.873884
v -0.706224 -19.525038 -2.873884
v -0.690916 -19.458702 -2.873884
v -0.530379 -19.584624 -2.797362
v -0.690916 -19.458702 -2.873884
v -0.507572 -19.485790 -2.797362
v -0.530379 -19.584624 -2.797362
v -0.530379 -19.584624 -2.797362
v -0.507572 -19.485790 -2.797362
v -0.457542 -19.609305 -2.612622
v -0.507572 -19.485790 -2.797362
v -0.431628 -19.497010 -2.612622
v -0.457542 -19.609305 -2.612622
v -0.457542 -19.609305 -2.612622
v -0.431628 -19.497010 -2.612622
v -0.457542 -19.609305 2.612622
v -0.431628 -19.497010 -2.612622
v -0.431628 -19.497010 2.612622
v -0.457542 -19.609305 2.612622
v -0.457542 -19.609305 2.612622
v -0.431628 -19.497010 2.612622
v -0.530379 -19.584624 2.797363
v -0.431628 -19.497010 2.612622
v -0.507572 -19.485790 2.797363
v -0.530379 -19.584624 2.797363
v -0.530379 -19.584624 2.797363
v -0.507572 -19.485790 2.797363
v -0.706224 -19.525038 2.873884
v -0.507572 -19.485790 2.797363
v -0.690916 -19.458702 2.873884
v -0.706224 -19.525038 2.873884
v -0.690916 -19.458702 -2.873884
v -0.685813 -19.382160 -2.873884
v -0.507572 -19.485790 -2.797362
v -0.685813 -19.382160 -2.873884
v -0.501073 -19.388311 -2.797362
v -0.507572 -19.485790 -2.797362
v -0.507572 -19.485790 -2.797362
v -0.501073 -19.388311 -2.797362
v -0.431628 -19.497010 -2.612622
v -0.501073 -19.388311 -2.797362
v -0.424551 -19.390859 -2.612622
v -0.431628 -19.497010 -2.612622
v -0.431628 -19.497010 -2.612622
v -0.424551 -19.390859 -2.612622
v -0.431628 -19.497010 2.612622
v -0.424551 -19.390859 -2.612622
v -0.424551 -19.390859 2.612622
v -0.431628 -19.497010 2.612622
v -0.431628 -19.497010 2.612622
v -0.424551 -19.390859 2.612622
v -0.507572 -19.485790 2.797363
v -0.424551 -19.390859 2.612622
v -0.501073 -19.388311 2.797363
v -0.507572 -19.485790 2.797363
v -0.507572 -19.485790 2.797363
v -0.501073 -19.388311 2.797363
v -0.690916 -19.458702 2.873884
v -0.501073 -19.388311 2.797363
v -0.685813 -19.382160 2.873884
v -0.690916 -19.458702 2.873884
v -0.685813 -19.382160 -2.873884
v -0.685813 -13.882591 -2.873884
v -0.501073 -19.388311 -2.797362
v -0.685813 -13.882591 -2.873884
v -0.501073 -14.067331 -2.797362
v -0.501073 -19.388311 -2.797362
v -0.501073 -19.388311 -2.797362
v -0.501073 -14.067331 -2.797362
v -0.424551 -19.390859 -2.612622
v -0.501073 -14.067331 -2.797362
v -0.424551 -14.143853 -2.612622
v -0.424551 -19.390859 -2.612622
v -0.424551 -19.390859 -2.612622
v -0.424551 -14.143853 -2.612622
v -0.424551 -19.390859 2.612622
v -0.424551 -14.143853 -2.612622
v -0.424551 -14.143853 2.612622
v -0.424551 -19.390859 2.612622
v -0.424551 -19.390859 2.612622
v -0.424551 -14.143853 2.612622
v -0.501073 -19.388311 2.797363
v -0.424551 -14.143853 2.612622
v -0.501073 -14.067331 2.797363
v -0.501073 -19.388311 2.797363
v -0.501073 -19.388311 2.797363
v -0.501073 -14.067331 2.797363
v -0.685813 -19.382160 2.873884
v -0.501073 -14.067331 2.797363
v -0.685813 -13.882591 2.873884
v -0.685813 -19.382160 2.873884
v -0.685813 -13.882591 -2.873884
v 0.685813 -13.882591 -2.873884
v -0.501073 -14.067331 -2.797362
v 0.685813 -13.882591 -2.873884
v 0.501073 -14.067331 -2.797362
v -0.501073 -14.067331 -2.797362
v -0.501073 -14.067331 -2.797362
v 0.501073 -14.067331 -2.797362
v -0.424551 -14.143853 -2.612622
v 0.501073 -14.067331 -2.797362
v 0.424551 -14.143853 -2.612622
v -0.424551 -14.143853 -2.612622
v -0.424551 -14.143853 -2.612622
v 0.424551 -14.143853 -2.612622
v -0.424551 -14.143853 2.612622
v 0.424551 -14.143853 -2.612622
v 0.424551 -14.143853 2.612622
v -0.424551 -14.143853 2.612622
v -0.424551 -14.143853 2.612622
v 0.424551 -14.143853 2.612622
v -0.501073 -14.067331 2.797363
v 0.424551 -14.143853 2.612622
v 0.501073 -14.067331 2.797363
v -0.501073 -14.067331 2.797363
v -0.501073 -14.067331 2.797363
v 0.501073 -14.067331 2.797363
v -0.685813 -13.882591 2.873884
v 0.501073 -14.067331 2.797363
v 0.685813 -13.882591 2.873884
v -0.685813 -13.882591 2.873884
v 0.685813 -13.882591 -2.873884
v 0.685813 -19.382160 -2.873884
v 0.501073 -14.067331 -2.797362
v 0.685813 -19.382160 -2.873884
v 0.501073 -19.388311 -2.797362
v 0.501073 -14.067331 -2.797362
v 0.501073 -14.067331 -2.797362
v 0.501073 -19.388311 -2.797362
v 0.424551 -14.143853 -2.612622
v 0.501073 -19.388311 -2.797362
v 0.424551 -19.390859 -2.612622
v 0.424551 -14.143853 -2.612622
v 0.424551 -14.143853 -2.612622
v 0.424551 -19.390859 -2.612622
v 0.424551 -14.143853 2.612622
v 0.424551 -19.390859 -2.612622
v 0.424551 -19.390859 2.612622
v 0.424551 -14.143853 2.612622
v 0.424551 -14.143853 2.612622
v 0.424551 -19.390859 2.612622
v 0.501073 -14.067331 2.797363
v 0.424551 -19.390859 2.612622
v 0.501073 -19.388311 2.797363
v 0.501073 -14.067331 2.797363
v 0.501073 -14.067331 2.797363
v 0.501073 -19.388311 2.797363
v 0.685813 -13.882591 2.873884
v 0.501073 -19.388311 2.797363
v 0.685813 -19.382160 2.873884
v 0.685813 -13.882591 2.873884
v 0.685813 -19.382160 -2.873884
v 0.690916 -19.458702 -2.873884
v 0.501073 -19.388311 -2.797362
v 0.690916 -19.458702 -2.873884
v 0.507572 -19.485790 -2.797362
v 0.501073 -19.388311 -2.797362
v 0.501073 -19.388311 -2.797362
v 0.507572 -19.485790 -2.797362
v 0.424551 -19.390859 -2.612622
v 0.507572 -19.485790 -2.797362
v 0.431628 -19.497010 -2.612622
v 0.424551 -19.390859 -2.612622
v 0.424551 -19.390859 -2.612622
v 0.431628 -19.497010 -2.612622
v 0.424551 -19.390859 2.612622
v 0.431628 -19.497010 -2.612622
v 0.431628 -19.497010 2.612622
v 0.424551 -19.390859 2.612622
v 0.424551 -19.390859 2.612622
v 0.431628 -19.497010 2.612622
v 0.501073 -19.388311 2.797363
v 0.431628 -19.497010 2.612622
v 0.507572 -19.485790 2.797363
v 0.501073 -19.388311 2.797363
v 0.501073 -19.388311 2.797363
v 0.507572 -19.485790 2.797363
v 0.685813 -19.382160 2.873884
v 0.507572 -19.485790 2.797363
v 0.690916 -19.458702 2.873884
v 0.685813 -19.382160 2.873884
v 0.690916 -19.458702 -2.873884
v 0.706224 -19.525038 -2.873884
v 0.507572 -19.485790 -2.797362
v 0.706224 -19.525038 -2.873884
v 0.530379 -19.584624 -2.797362
v 0.507572 -19.485790 -2.797362
v 0.507572 -19.485790 -2.797362
v 0.530379 -19.584624 -2.797362
v 0.431628 -19.497010 -2.612622
v 0.530379 -19.584624 -2.797362
v 0.457542 -19.609305 -2.612622
v 0.431628 -19.497010 -2.612622
v 0.431628 -19.497010 -2.612622
v 0.457542 -19.609305 -2.612622
v 0.431628 -19.497010 2.612622
v 0.457542 -19.609305 -2.612622
v 0.457542 -19.609305 2.612622
v 0.431628 -19.497010 2.612622
v 0.431628 -19.497010 2.612622
v 0.457542 -19.609305 2.612622
v 0.507572 -19.485790 2.797363
v 0.457542 -19.609305 2.612622
v 0.530379 -19.584624 2.797363
v 0.507572 -19.485790 2.797363
v 0.507572 -19.485790 2.797363
v 0.530379 -19.584624 2.797363
v 0.690916 -19.458702 2.873884
v 0.530379 -19.584624 2.797363
v 0.706224 -19.525038 2.873884
v 0.690916 -19.458702 2.873884
v 0.706224 -19.525038 -2.873884
v 0.731738 -19.581168 -2.873884
v 0.530379 -19.584624 -2.797362
v 0.731738 -19.581168 -2.873884
v 0.572558 -19.677417 -2.797362
v 0.530379 -19.584624 -2.797362
v 0.530379 -19.584624 -2.797362
v 0.572558 -19.677417 -2.797362
v 0.457542 -19.609305 -2.612622
v 0.572558 -19.677417 -2.797362
v 0.506624 -19.717285 -2.612622
v 0.457542 -19.609305 -2.612622
v 0.457542 -19.609305 -2.612622
v 0.506624 -19.717285 -2.612622
v 0.457542 -19.609305 2.612622
v 0.506624 -19.717285 -2.612622
v 0.506624 -19.717285 2.612622
v 0.457542 -19.609305 2.612622
v 0.457542 -19.609305 2.612622
v 0.506624 -19.717285 2.612622
v 0.530379 -19.584624 2.797363
v 0.506624 -19.717285 2.612622
v 0.572558 -19.677417 2.797363
v 0.530379 -19.584624 2.797363
v 0.530379 -19.584624 2.797363
v 0.572558 -19.677417 2.797363
v 0.706224 -19.525038 2.873884
v 0.572558 -19.677417 2.797363
v 0.731738 -19.581168 2.873884
v 0.706224 -19.525038 2.873884
v 0.731738 -19.581168 -2.873884
v 0.767458 -19.627093 -2.873884
v 0.572558 -19.677417 -2.797362
v 0.767458 -19.627093 -2.873884
v 0.635810 -19.758741 -2.797362
v 0.572558 -19.677417 -2.797362
v 0.572558 -19.677417 -2.797362
v 0.635810 -19.758741 -2.797362
v 0.506624 -19.717285 -2.612622
v 0.635810 -19.758741 -2.797362
v 0.581280 -19.813271 -2.612622
v 0.506624 -19.717285 -2.612622
v 0.506624 -19.717285 -2.612622
v 0.581280 -19.813271 -2.612622
v 0.506624 -19.717285 2.612622
v 0.581280 -19.813271 -2.612622
v 0.581280 -19.813271 2.612622
v 0.506624 -19.717285 2.612622
v 0.506624 -19.717285 2.612622
v 0.581280 -19.813271 2.612622
v 0.572558 -19.677417 2.797363
v 0.581280 -19.813271 2.612622
v 0.635810 -19.758741 2.797363
v 0.572558 -19.677417 2.797363
v 0.572558 -19.677417 2.797363
v 0.635810 -19.758741 2.797363
v 0.731738 -19.581168 2.873884
v 0.635810 -19.758741 2.797363
v 0.767458 -19.627093 2.873884
v 0.731738 -19.581168 2.873884
v 0.767458 -19.627093 -2.873884
v 0.813383 -19.662813 -2.873884
v 0.635810 -19.758741 -2.797362
v 0.813383 -19.662813 -2.873884
v 0.717134 -19.821993 -2.797362
v 0.635810 -19.758741 -2.797362
v 0.635810 -19.758741 -2.797362
v 0.717134 -19.821993 -2.797362
v 0.581280 -19.813271 -2.612622
v 0.717134 -19.821993 -2.797362
v 0.677266 -19.887927 -2.612622
v 0.581280 -19.813271 -2.612622
v 0.581280 -19.813271 -2.612622
v 0.677266 -19.887927 -2.612622
v 0.581280 -19.813271 2.612622
v 0.677266 -19.887927 -2.612622
v 0.677266 -19.887927 2.612622
v 0.581280 -19.813271 2.612622
v 0.581280 -19.813271 2.612622
v 0.677266 -19.887927 2.612622
v 0.635810 -19.758741 2.797363
v 0.677266 -19.887927 2.612622
v 0.717134 -19.821993 2.797363
v 0.635810 -19.758741 2.797363
v 0.635810 -19.758741 2.797363
v 0.717134 -19.821993 2.797363
v 0.767458 -19.627093 2.873884
v 0.717134 -19.821993 2.797363
v 0.813383 -19.662813 2.873884
v 0.767458 -19.627093 2.873884
v 0.813383 -19.662813 -2.873884
v 0.869514 -19.688327 -2.873884
v 0.717134 -19.821993 -2.797362
v 0.869514 -19.688327 -2.873884
v 0.809927 -19.864172 -2.797362
v 0.717134 -19.821993 -2.797362
v 0.717134 -19.821993 -2.797362
v 0.809927 -19.864172 -2.797362
v 0.677266 -19.887927 -2.612622
v 0.809927 -19.864172 -2.797362
v 0.785246 -19.937009 -2.612622
v 0.677266 -19.887927 -2.612622
v 0.677266 -19.887927 -2.612622
v 0.785246 -19.937009 -2.612622
v 0.677266 -19.887927 2.612622
v 0.785246 -19.937009 -2.612622
v 0.785246 -19.937009 2.612622
v 0.677266 -19.887927 2.612622
v 0.677266 -19.887927 2.612622
v 0.785246 -19.937009 2.612622
v 0.717134 -19.821993 2.797363
v 0.785246 -19.937009 2.612622
v 0.809927 -19.864172 2.797363
v 0.717134 -19.821993 2.797363
v 0.717134 -19.821993 2.797363
v 0.809927 -19.864172 2.797363
v 0.813383 -19.662813 2.873884
v 0.809927 -19.864172 2.797363
v 0.869514 -19.688327 2.873884
v 0.813383 -19.662813 2.873884
v 0.869514 -19.688327 -2.873884
v 0.935850 -19.703635 -2.873884
v 0.809927 -19.864172 -2.797362
v 0.935850 -19.703635 -2.873884
v 0.908762 -19.886979 -2.797362
v 0.809927 -19.864172 -2.797362
v 0.809927 -19.864172 -2.797362
v 0.908762 -19.886979 -2.797362
v 0.785246 -19.937009 -2.612622
v 0.908762 -19.886979 -2.797362
v 0.897541 -19.962923 -2.612622
v 0.785246 -19.937009 -2.612622
v 0.785246 -19.937009 -2.612622
v 0.897541 -19.962923 -2.612622
v 0.785246 -19.937009 2.612622
v 0.897541 -19.962923 -2.612622
v 0.897541 -19.962923 2.612622
v 0.785246 -19.937009 2.612622
v 0.785246 -19.937009 2.612622
v 0.897541 -19.962923 2.612622
v 0.809927 -19.864172 2.797363
v 0.897541 -19.962923 2.612622
v 0.908762 -19.886979 2.797363
v 0.809927 -19.864172 2.797363
v 0.809927 -19.864172 2.797363
v 0.908762 -19.886979 2.797363
v 0.869514 -19.688327 2.873884
v 0.908762 -19.886979 2.797363
v 0.935850 -19.703635 2.873884
v 0.869514 -19.688327 2.873884
v 0.935850 -19.703635 -2.873884
v 1.012391 -19.708738 -2.873884
v 0.908762 -19.886979 -2.797362
v 1.012391 -19.708738 -2.873884
v 1.006240 -19.893478 -2.797362
v 0.908762 -19.886979 -2.797362
v 0.908762 -19.886979 -2.797362
v 1.006240 -19.893478 -2.797362
v 0.897541 -19.962923 -2.612622
v 1.006240 -19.893478 -2.797362
v 1.003691 -19.970000 -2.612622
v 0.897541 -19.962923 -2.612622
v 0.897541 -19.962923 -2.612622
v 1.003691 -19.970000 -2.612622
v 0.897541 -19.962923 2.612622
v 1.003691 -19.970000 -2.612622
v 1.003691 -19.970000 2.612622
v 0.897541 -19.962923 2.612622
v 0.897541 -19.962923 2.612622
v 1.003691 -19.970000 2.612622
v 0.908762 -19.886979 2.797363
v 1.003691 -19.970000 2.612622
v 1.006240 -19.893478 2.797363
v 0.908762 -19.886979 2.797363
v 0.908762 -19.886979 2.797363
v 1.006240 -19.893478 2.797363
v 0.935850 -19.703635 2.873884
v 1.006240 -19.893478 2.797363
v 1.012391 -19.708738 2.873884
v 0.935850 -19.703635 2.873884
v 1.012391 -19.708738 -2.873884
v 5.584479 -19.708738 -2.873884
v 1.006240 -19.893478 -2.797362
v 5.584479 -19.708738 -2.873884
v 5.590630 -19.893478 -2.797362
v 1.006240 -19.893478 -2.797362
v 1.006240 -19.893478 -2.797362
v 5.590630 -19.893478 -2.797362
v 1.003691 -19.970000 -2.612622
v 5.590630 -19.893478 -2.797362
v 5.593179 -19.970000 -2.612622
v 1.003691 -19.970000 -2.612622
v 1.003691 -19.970000 -2.612622
v 5.593179 -19.970000 -2.612622
v 1.003691 -19.970000 2.612622
v 5.593179 -19.970000 -2.612622
v 5.593179 -19.970000 2.612622
v 1.003691 -19.970000 2.612622
v 1.003691 -19.970000 2.612622
v 5.593179 -19.970000 2.612622
v 1.006240 -19.893478 2.797363
v 5.593179 -19.970000 2.612622
v 5.590630 -19.893478 2.797363
v 1.006240 -19.893478 2.797363
v 1.006240 -19.893478 2.797363
v 5.590630 -19.893478 2.797363
v 1.012391 -19.708738 2.873884
v 5.590630 -19.893478 2.797363
v 5.584479 -19.708738 2.873884
v 1.012391 -19.708738 2.873884
v 5.584479 -19.708738 -2.873884
v 5.661021 -19.703635 -2.873884
v 5.590630 -19.893478 -2.797362
v 5.661021 -19.703635 -2.873884
v 5.688108 -19.886979 -2.797362
v 5.590630 -19.893478 -2.797362
v 5.590630 -19.893478 -2.797362
v 5.688108 -19.886979 -2.797362
v 5.593179 -19.970000 -2.612622
v 5.688108 -19.886979 -2.797362
v 5.699330 -19.962923 -2.612622
v 5.593179 -19.970000 -2.612622
v 5.593179 -19.970000 -2.612622
v 5.699330 -19.962923 -2.612622
v 5.593179 -19.970000 2.612622
v 5.699330 -19.962923 -2.612622
v 5.699330 -19.962923 2.612622
v 5.593179 -19.970000 2.612622
v 5.593179 -19.970000 2.612622
v 5.699330 -19.962923 2.612622
v 5.590630 -19.893478 2.797363
v 5.699330 -19.962923 2.612622
v 5.688108 -19.886979 2.797363
v 5.590630 -19.893478 2.797363
v 5.590630 -19.893478 2.797363
v 5.688108 -19.886979 2.797363
v 5.584479 -19.708738 2.873884
v 5.688108 -19.886979 2.797363
v 5.661021 -19.703635 2.873884
v 5.584479 -19.708738 2.873884
v 5.661021 -19.703635 -2.873884
v 5.727357 -19.688327 -2.873884
v 5.688108 -19.886979 -2.797362
v 5.727357 -19.688327 -2.873884
v 5.786943 -19.864172 -2.797362
v 5.688108 -19.886979 -2.797362
v 5.688108 -19.886979 -2.797362
v 5.786943 -19.864172 -2.797362
v 5.699330 -19.962923 -2.612622
v 5.786943 -19.864172 -2.797362
v 5.811625 -19.937009 -2.612622
v 5.699330 -19.962923 -2.612622
v 5.699330 -19.962923 -2.612622
v 5.811625 -19.937009 -2.612622
v 5.699330 -19.962923 2.612622
v 5.811625 -19.937009 -2.612622
v 5.811625 -19.937009 2.612622
v 5.699330 -19.962923 2.612622
v 5.699330 -19.962923 2.612622
v 5.811625 -19.937009 2.612622
v 5.688108 -19.886979 2.797363
v 5.811625 -19.937009 2.612622
v 5.786943 -19.864172 2.797363
v 5.688108 -19.886979 2.797363
v 5.688108 -19.886979 2.797363
v 5.786943 -19.864172 2.797363
v 5.661021 -19.703635 2.873884
v 5.786943 -19.864172 2.797363
v 5.727357 -19.688327 2.873884
v 5.661021 -19.703635 2.873884
v 5.727357 -19.688327 -2.873884
v 5.783487 -19.662813 -2.873884
v 5.786943 -19.864172 -2.797362
v 5.783487 -19.662813 -2.873884
v 5.879736 -19.821993 -2.797362
v 5.786943 -19.864172 -2.797362
v 5.786943 -19.864172 -2.797362
v 5.879736 -19.821993 -2.797362
v 5.811625 -19.937009 -2.612622
v 5.879736 -19.821993 -2.797362
v 5.919604 -19.887927 -2.612622
v 5.811625 -19.937009 -2.612622
v 5.811625 -19.937009 -2.612622
v 5.919604 -19.887927 -2.612622
v 5.811625 -19.937009 2.612622
v 5.919604 -19.887927 -2.612622
v 5.919604 -19.887927 2.612622
v 5.811625 -19.937009 2.612622
v 5.811625 -19.937009 2.612622
v 5.919604 -19.887927 2.612622
v 5.786943 -19.864172 2.797363
v 5.919604 -19.887927 2.612622
v 5.879736 -19.821993 2.797363
v 5.786943 -19.864172 2.797363
v 5.786943 -19.864172 2.797363
v 5.879736 -19.821993 2.797363
v 5.727357 -19.688327 2.873884
v 5.879736 -19.821993 2.797363
v 5.783487 -19.662813 2.873884
v 5.727357 -19.688327 2.873884
v 5.783487 -19.662813 -2.873884
v 5.829413 -19.627093 -2.873884
v 5.879736 -19.821993 -2.797362
v 5.829413 -19.627093 -2.873884
v 5.961060 -19.758741 -2.797362
v 5.879736 -19.821993 -2.797362
v 5.879736 -19.821993 -2.797362
v 5.961060 -19.758741 -2.797362
v 5.919604 -19.887927 -2.612622
v 5.961060 -19.758741 -2.797362
v 6.015590 -19.813271 -2.612622
v 5.919604 -19.887927 -2.612622
v 5.919604 -19.887927 -2.612622
v 6.015590 -19.813271 -2.612622
v 5.919604 -19.887927 2.612622
v 6.015590 -19.813271 -2.612622
v 6.015590 -19.813271 2.612622
v 5.919604 -19.887927 2.612622
v 5.919604 -19.887927 2.612622
v 6.015590 -19.813271 2.612622
v 5.879736 -19.821993 2.797363
v 6.015590 -19.813271 2.612622
v 5.961060 -19.758741 2.797363
v 5.879736 -19.821993 2.797363
v 5.879736 -19.821993 2.797363
v 5.961060 -19.758741 2.797363
v 5.783487 -19.662813 2.873884
v 5.961060 -19.758741 2.797363
v 5.829413 -19.627093 2.873884
v 5.783487 -19.662813 2.873884
v 5.829413 -19.627093 -2.873884
v 5.865132 -19.581168 -2.873884
v 5.961060 -19.758741 -2.797362
v 5.865132 -19.581168 -2.873884
v 6.024312 -19.677417 -2.797362
v 5.961060 -19.758741 -2.797362
v 5.961060 -19.758741 -2.797362
v 6.024312 -19.677417 -2.797362
v 6.015590 -19.813271 -2.612622
v 6.024312 -19.677417 -2.797362
v 6.090246 -19.717285 -2.612622
v 6.015590 -19.813271 -2.612622
v 6.015590 -19.813271 -2.612622
v 6.090246 -19.717285 -2.612622
v 6.015590 -19.813271 2.612622
v 6.090246 -19.717285 -2.612622
v 6.090246 -19.717285 2.612622
v 6.015590 -19.813271 2.612622
v 6.015590 -19.813271 2.612622
v 6.090246 -19.717285 2.612622
v 5.961060 -19.758741 2.797363
v 6.090246 -19.717285 2.612622
v 6.024312 -19.677417 2.797363
v 5.961060 -19.758741 2.797363
v 5.961060 -19.758741 2.797363
v 6.024312 -19.677417 2.797363
v 5.829413 -19.627093 2.873884
v 6.024312 -19.677417 2.797363
v 5.865132 -19.581168 2.873884
v 5.829413 -19.627093 2.873884
v 5.865132 -19.581168 -2.873884
v 5.890646 -19.525038 -2.873884
v 6.024312 -19.677417 -2.797362
v 5.890646 -19.525038 -2.873884
v 6.066490 -19.584624 -2.797362
v 6.024312 -19.677417 -2.797362
v 6.024312 -19.677417 -2.797362
v 6.066490 -19.584624 -2.797362
v 6.090246 -19.717285 -2.612622
v 6.066490 -19.584624 -2.797362
v 6.139328 -19.609305 -2.612622
v 6.090246 -19.717285 -2.612622
v 6.090246 -19.717285 -2.612622
v 6.139328 -19.609305 -2.612622
v 6.090246 -19.717285 2.612622
v 6.139328 -19.609305 -2.612622
v 6.139328 -19.609305 2.612622
v 6.090246 -19.717285 2.612622
v 6.090246 -19.717285 2.612622
v 6.139328 -19.609305 2.612622
v 6.024312 -19.677417 2.797363
v 6.139328 -19.609305 2.612622
v 6.066490 -19.584624 2.797363
v 6.024312 -19.677417 2.797363
v 6.024312 -19.677417 2.797363
v 6.066490 -19.584624 2.797363
v 5.865132 -19.581168 2.873884
v 6.066490 -19.584624 2.797363
v 5.890646 -19.525038 2.873884
v 5.865132 -19.581168 2.873884
v 5.890646 -19.525038 -2.873884
v 5.905954 -19.458702 -2.873884
v 6.066490 -19.584624 -2.797362
v 5.905954 -19.458702 -2.873884
v 6.089299 -19.485790 -2.797362
v 6.066490 -19.584624 -2.797362
v 6.066490 -19.584624 -2.797362
v 6.089299 -19.485790 -2.797362
v 6.139328 -19.609305 -2.612622
v 6.089299 -19.485790 -2.797362
v 6.165243 -19.497010 -2.612622
v 6.139328 -19.609305 -2.612622
v 6.139328 -19.609305 -2.612622
v 6.165243 -19.497010 -2.612622
v 6.139328 -19.609305 2.612622
v 6.165243 -19.497010 -2.612622
v 6.165243 -19.497010 2.612622
v 6.139328 -19.609305 2.612622
v 6.139328 -19.609305 2.612622
v 6.165243 -19.497010 2.612622
v 6.066490 -19.584624 2.797363
v 6.165243 -19.497010 2.612622
v 6.089299 -19.485790 2.797363
v 6.066490 -19.584624 2.797363
v 6.066490 -19.584624 2.797363
v 6.089299 -19.485790 2.797363
v 5.890646 -19.525038 2.873884
v 6.089299 -19.485790 2.797363
v 5.905954 -19.458702 2.873884
v 5.890646 -19.525038 2.873884
v 5.905954 -19.458702 -2.873884
v 5.911056 -19.382160 -2.873884
v 6.089299 -19.485790 -2.797362
v 5.911056 -19.382160 -2.873884
v 6.095797 -19.388311 -2.797362
v 6.089299 -19.485790 -2.797362
v 6.089299 -19.485790 -2.797362
v 6.095797 -19.388311 -2.797362
v 6.165243 -19.497010 -2.612622
v 6.095797 -19.388311 -2.797362
v 6.172319 -19.390859 -2.612622
v 6.165243 -19.497010 -2.612622
v 6.165243 -19.497010 -2.612622
v 6.172319 -19.390859 -2.612622
v 6.165243 -19.497010 2.612622
v 6.172319 -19.390859 -2.612622
v 6.172319 -19.390859 2.612622
v 6.165243 -19.497010 2.612622
v 6.165243 -19.497010 2.612622
v 6.172319 -19.390859 2.612622
v 6.089299 -19.485790 2.797363
v 6.172319 -19.390859 2.612622
v 6.095797 -19.388311 2.797363
v 6.089299 -19.485790 2.797363
v 6.089299 -19.485790 2.797363
v 6.095797 -19.388311 2.797363
v 5.905954 -19.458702 2.873884
v 6.095797 -19.388311 2.797363
v 5.911056 -19.382160 2.873884
v 5.905954 -19.458702 2.873884
v 5.911056 -19.382160 -2.873884
v 5.911056 -13.804212 -2.873884
v 6.095797 -19.388311 -2.797362
v 5.911056 -13.804212 -2.873884
v 6.095797 -13.803561 -2.797362
v 6.095797 -19.388311 -2.797362
v 6.095797 -19.388311 -2.797362
v 6.095797 -13.803561 -2.797362
v 6.172319 -19.390859 -2.612622
v 6.095797 -13.803561 -2.797362
v 6.172319 -13.803292 -2.612622
v 6.172319 -19.390859 -2.612622
v 6.172319 -19.390859 -2.612622
v 6.172319 -13.803292 -2.612622
v 6.172319 -19.390859 2.612622
v 6.172319 -13.803292 -2.612622
v 6.172319 -13.803292 2.612622
v 6.172319 -19.390859 2.612622
v 6.172319 -19.390859 2.612622
v 6.172319 -13.803292 2.612622
v 6.095797 -19.388311 2.797363
v 6.172319 -13.803292 2.612622
v 6.095797 -13.803561 2.797363
v 6.095797 -19.388311 2.797363
v 6.095797 -19.388311 2.797363
v 6.095797 -13.803561 2.797363
v 5.911056 -19.382160 2.873884
v 6.095797 -13.803561 2.797363
v 5.911056 -13.804212 2.873884
v 5.911056 -19.382160 2.873884
v 5.911056 -13.804212 -2.873884
v 5.910853 -13.775229 -2.873884
v 6.095797 -13.803561 -2.797362
v 5.910853 -13.775229 -2.873884
v 6.095579 -13.772570 -2.797362
v 6.095797 -13.803561 -2.797362
v 6.095797 -13.803561 -2.797362
v 6.095579 -13.772570 -2.797362
v 6.172319 -13.803292 -2.612622
v 6.095579 -13.772570 -2.797362
v 6.172095 -13.771469 -2.612622
v 6.172319 -13.803292 -2.612622
v 6.172319 -13.803292 -2.612622
v 6.172095 -13.771469 -2.612622
v 6.172319 -13.803292 2.612622
v 6.172095 -13.771469 -2.612622
v 6.172095 -13.771469 2.612622
v 6.172319 -13.803292 2.612622
v 6.172319 -13.803292 2.612622
v 6.172095 -13.771469 2.612622
v 6.095797 -13.803561 2.797363
v 6.172095 -13.771469 2.612622
v 6.095579 -13.772570 2.797363
v 6.095797 -13.803561 2.797363
v 6.095797 -13.803561 2.797363
v 6.095579 -13.772570 2.797363
v 5.911056 -13.804212 2.873884
v 6.095579 -13.772570 2.797363
v 5.910853 -13.775229 2.873884
v 5.911056 -13.804212 2.873884
v 5.910853 -13.775229 -2.873884
v 5.910240 -13.747061 -2.873884
v 6.095579 -13.772570 -2.797362
v 5.910240 -13.747061 -2.873884
v 6.094906 -13.741609 -2.797362
v 6.095579 -13.772570 -2.797362
v 6.095579 -13.772570 -2.797362
v 6.094906 -13.741609 -2.797362
v 6.172095 -13.771469 -2.612622
v 6.094906 -13.741609 -2.797362
v 6.171397 -13.739351 -2.612622
v 6.172095 -13.771469 -2.612622
v 6.172095 -13.771469 -2.612622
v 6.171397 -13.739351 -2.612622
v 6.172095 -13.771469 2.612622
v 6.171397 -13.739351 -2.612622
v 6.171397 -13.739351 2.612622
v 6.172095 -13.771469 2.612622
v 6.172095 -13.771469 2.612622
v 6.171397 -13.739351 2.612622
v 6.095579 -13.772570 2.797363
v 6.171397 -13.739351 2.612622
v 6.094906 -13.741609 2.797363
v 6.095579 -13.772570 2.797363
v 6.095579 -13.772570 2.797363
v 6.094906 -13.741609 2.797363
v 5.910853 -13.775229 2.873884
v 6.094906 -13.741609 2.797363
v 5.910240 -13.747061 2.873884
v 5.910853 -13.775229 2.873884
v 5.910240 -13.747061 -2.873884
v 5.909220 -13.719710 -2.873884
v 6.094906 -13.741609 -2.797362
v 5.909220 -13.719710 -2.873884
v 6.093774 -13.711299 -2.797362
v 6.094906 -13.741609 -2.797362
v 6.094906 -13.741609 -2.797362
v 6.093774 -13.711299 -2.797362
v 6.171397 -13.739351 -2.612622
v 6.093774 -13.711299 -2.797362
v 6.170219 -13.707815 -2.612622
v 6.171397 -13.739351 -2.612622
v 6.171397 -13.739351 -2.612622
v 6.170219 -13.707815 -2.612622
v 6.171397 -13.739351 2.612622
v 6.170219 -13.707815 -2.612622
v 6.170219 -13.707815 2.612622
v 6.171397 -13.739351 2.612622
v 6.171397 -13.739351 2.612622
v 6.170219 -13.707815 2.612622
v 6.094906 -13.741609 2.797363
v 6.170219 -13.707815 2.612622
v 6.093774 -13.711299 2.797363
v 6.094906 -13.741609 2.797363
v 6.094906 -13.741609 2.797363
v 6.093774 -13.711299 2.797363
v 5.910240 -13.747061 2.873884
v 6.093774 -13.711299 2.797363
v 5.909220 -13.719710 2.873884
v 5.910240 -13.747061 2.873884
v 5.909220 -13.719710 -2.873884
v 5.907791 -13.693175 -2.873884
v 6.093774 -13.711299 -2.797362
v 5.907791 -13.693175 -2.873884
v 6.092177 -13.681627 -2.797362
v 6.093774 -13.711299 -2.797362
v 6.093774 -13.711299 -2.797362
v 6.092177 -13.681627 -2.797362
v 6.170219 -13.707815 -2.612622
v 6.092177 -13.681627 -2.797362
v 6.168553 -13.676844 -2.612622
v 6.170219 -13.707815 -2.612622
v 6.170219 -13.707815 -2.612622
v 6.168553 -13.676844 -2.612622
v 6.170219 -13.707815 2.612622
v 6.168553 -13.676844 -2.612622
v 6.168553 -13.676844 2.612622
v 6.170219 -13.707815 2.612622
v 6.170219 -13.707815 2.612622
v 6.168553 -13.676844 2.612622
v 6.093774 -13.711299 2.797363
v 6.168553 -13.676844 2.612622
v 6.092177 -13.681627 2.797363
v 6.093774 -13.711299 2.797363
v 6.093774 -13.711299 2.797363
v 6.092177 -13.681627 2.797363
v 5.909220 -13.719710 2.873884
v 6.092177 -13.681627 2.797363
v 5.907791 -13.693175 2.873884
v 5.909220 -13.719710 2.873884
v 5.907791 -13.693175 -2.873884
v 5.905954 -13.667458 -2.873884
v 6.092177 -13.681627 -2.797362
v 5.905954 -13.667458 -2.873884
v 6.090102 -13.652580 -2.797362
v 6.092177 -13.681627 -2.797362
v 6.092177 -13.681627 -2.797362
v 6.090102 -13.652580 -2.797362
v 6.168553 -13.676844 -2.612622
v 6.090102 -13.652580 -2.797362
v 6.166380 -13.646419 -2.612622
v 6.168553 -13.676844 -2.612622
v 6.168553 -13.676844 -2.612622
v 6.166380 -13.646419 -2.612622
v 6.168553 -13.676844 2.612622
v 6.166380 -13.646419 -2.612622
v 6.166380 -13.646419 2.612622
v 6.168553 -13.676844 2.612622
v 6.168553 -13.676844 2.612622
v 6.166380 -13.646419 2.612622
v 6.092177 -13.681627 2.797363
v 6.166380 -13.646419 2.612622
v 6.090102 -13.652580 2.797363
v 6.092177 -13.681627 2.797363
v 6.092177 -13.681627 2.797363
v 6.090102 -13.652580 2.797363
v 5.907791 -13.693175 2.873884
v 6.090102 -13.652580 2.797363
v 5.905954 -13.667458 2.873884
v 5.907791 -13.693175 2.873884
v 5.905954 -13.667458 -2.873884
v 5.903709 -13.642556 -2.873884
v 6.090102 -13.652580 -2.797362
v 5.903709 -13.642556 -2.873884
v 6.087539 -13.624144 -2.797362
v 6.090102 -13.652580 -2.797362
v 6.090102 -13.652580 -2.797362
v 6.087539 -13.624144 -2.797362
v 6.166380 -13.646419 -2.612622
v 6.087539 -13.624144 -2.797362
v 6.163683 -13.616518 -2.612622
v 6.166380 -13.646419 -2.612622
v 6.166380 -13.646419 -2.612622
v 6.163683 -13.616518 -2.612622
v 6.166380 -13.646419 2.612622
v 6.163683 -13.616518 -2.612622
v 6.163683 -13.616518 2.612622
v 6.166380 -13.646419 2.612622
v 6.166380 -13.646419 2.612622
v 6.163683 -13.616518 2.612622
v 6.090102 -13.652580 2.797363
v 6.163683 -13.616518 2.612622
v 6.087539 -13.624144 2.797363
v 6.090102 -13.652580 2.797363
v 6.090102 -13.652580 2.797363
v 6.087539 -13.624144 2.797363
v 5.905954 -13.667458 2.873884
v 6.087539 -13.624144 2.797363
v 5.903709 -13.642556 2.873884
v 5.905954 -13.667458 2.873884
v 5.903709 -13.642556 -2.873884
v 5.901055 -13.618471 -2.873884
v 6.087539 -13.624144 -2.797362
v 5.901055 -13.618471 -2.873884
v 6.084471 -13.596303 -2.797362
v 6.087539 -13.624144 -2.797362
v 6.087539 -13.624144 -2.797362
v 6.084471 -13.596303 -2.797362
v 6.163683 -13.616518 -2.612622
v 6.084471 -13.596303 -2.797362
v 6.160445 -13.587121 -2.612622
v 6.163683 -13.616518 -2.612622
v 6.163683 -13.616518 -2.612622
v 6.160445 -13.587121 -2.612622
v 6.163683 -13.616518 2.612622
v 6.160445 -13.587121 -2.612622
v 6.160445 -13.587121 2.612622
v 6.163683 -13.616518 2.612622
v 6.163683 -13.616518 2.612622
v 6.160445 -13.587121 2.612622
v 6.087539 -13.624144 2.797363
v 6.160445 -13.587121 2.612622
v 6.084471 -13.596303 2.797363
v 6.087539 -13.624144 2.797363
v 6.087539 -13.624144 2.797363
v 6.084471 -13.596303 2.797363
v 5.903709 -13.642556 2.873884
v 6.084471 -13.596303 2.797363
v 5.901055 -13.618471 2.873884
v 5.903709 -13.642556 2.873884
v 5.901055 -13.618471 -2.873884
v 5.897994 -13.595202 -2.873884
v 6.084471 -13.596303 -2.797362
v 5.897994 -13.595202 -2.873884
v 6.080290 -13.564532 -2.797362
v 6.084471 -13.596303 -2.797362
v 6.084471 -13.596303 -2.797362
v 6.080290 -13.564532 -2.797362
v 6.160445 -13.587121 -2.612622
v 6.080290 -13.564532 -2.797362
v 6.155801 -13.551828 -2.612622
v 6.160445 -13.587121 -2.612622
v 6.160445 -13.587121 -2.612622
v 6.155801 -13.551828 -2.612622
v 6.160445 -13.587121 2.612622
v 6.155801 -13.551828 -2.612622
v 6.155801 -13.551828 2.612622
v 6.160445 -13.587121 2.612622
v 6.160445 -13.587121 2.612622
v 6.155801 -13.551828 2.612622
v 6.084471 -13.596303 2.797363
v 6.155801 -13.551828 2.612622
v 6.080290 -13.564532 2.797363
v 6.084471 -13.596303 2.797363
v 6.084471 -13.596303 2.797363
v 6.080290 -13.564532 2.797363
v 5.901055 -13.618471 2.873884
v 6.080290 -13.564532 2.797363
v 5.897994 -13.595202 2.873884
v 5.901055 -13.618471 2.873884
v 5.897994 -13.595202 -2.873884
v 5.893299 -13.572342 -2.873884
v 6.080290 -13.564532 -2.797362
v 5.893299 -13.572342 -2.873884
v 6.072096 -13.524625 -2.797362
v 6.080290 -13.564532 -2.797362
v 6.080290 -13.564532 -2.797362
v 6.072096 -13.524625 -2.797362
v 6.155801 -13.551828 -2.612622
v 6.072096 -13.524625 -2.797362
v 6.146155 -13.504859 -2.612622
v 6.155801 -13.551828 -2.612622
v 6.155801 -13.551828 -2.612622
v 6.146155 -13.504859 -2.612622
v 6.155801 -13.551828 2.612622
v 6.146155 -13.504859 -2.612622
v 6.146155 -13.504859 2.612622
v 6.155801 -13.551828 2.612622
v 6.155801 -13.551828 2.612622
v 6.146155 -13.504859 2.612622
v 6.080290 -13.564532 2.797363
v 6.146155 -13.504859 2.612622
v 6.072096 -13.524625 2.797363
v 6.080290 -13.564532 2.797363
v 6.080290 -13.564532 2.797363
v 6.072096 -13.524625 2.797363
v 5.897994 -13.595202 2.873884
v 6.072096 -13.524625 2.797363
v 5.893299 -13.572342 2.873884
v 5.897994 -13.595202 2.873884
v 5.893299 -13.572342 -2.873884
v 5.885747 -13.549481 -2.873884
v 6.072096 -13.524625 -2.797362
v 5.885747 -13.549481 -2.873884
v 6.058024 -13.482029 -2.797362
v 6.072096 -13.524625 -2.797362
v 6.072096 -13.524625 -2.797362
v 6.058024 -13.482029 -2.797362
v 6.146155 -13.504859 -2.612622
v 6.058024 -13.482029 -2.797362
v 6.129383 -13.454091 -2.612622
v 6.146155 -13.504859 -2.612622
v 6.146155 -13.504859 -2.612622
v 6.129383 -13.454091 -2.612622
v 6.146155 -13.504859 2.612622
v 6.129383 -13.454091 -2.612622
v 6.129383 -13.454091 2.612622
v 6.146155 -13.504859 2.612622
v 6.146155 -13.504859 2.612622
v 6.129383 -13.454091 2.612622
v 6.072096 -13.524625 2.797363
v 6.129383 -13.454091 2.612622
v 6.058024 -13.482029 2.797363
v 6.072096 -13.524625 2.797363
v 6.072096 -13.524625 2.797363
v 6.058024 -13.482029 2.797363
v 5.893299 -13.572342 2.873884
v 6.058024 -13.482029 2.797363
v 5.885747 -13.549481 2.873884
v 5.893299 -13.572342 2.873884
v 5.885747 -13.549481 -2.873884
v 5.875337 -13.526621 -2.873884
v 6.058024 -13.482029 -2.797362
v 5.875337 -13.526621 -2.873884
v 6.039691 -13.441771 -2.797362
v 6.058024 -13.482029 -2.797362
v 6.058024 -13.482029 -2.797362
v 6.039691 -13.441771 -2.797362
v 6.129383 -13.454091 -2.612622
v 6.039691 -13.441771 -2.797362
v 6.107770 -13.406624 -2.612622
v 6.129383 -13.454091 -2.612622
v 6.129383 -13.454091 -2.612622
v 6.107770 -13.406624 -2.612622
v 6.129383 -13.454091 2.612622
v 6.107770 -13.406624 -2.612622
v 6.107770 -13.406624 2.612622
v 6.129383 -13.454091 2.612622
v 6.129383 -13.454091 2.612622
v 6.107770 -13.406624 2.612622
v 6.058024 -13.482029 2.797363
v 6.107770 -13.406624 2.612622
v 6.039691 -13.441771 2.797363
v 6.058024 -13.482029 2.797363
v 6.058024 -13.482029 2.797363
v 6.039691 -13.441771 2.797363
v 5.885747 -13.549481 2.873884
v 6.039691 -13.441771 2.797363
v 5.875337 -13.526621 2.873884
v 5.885747 -13.549481 2.873884
v 5.875337 -13.526621 -2.873884
v 5.862071 -13.503761 -2.873884
v 6.039691 -13.441771 -2.797362
v 5.862071 -13.503761 -2.873884
v 6.017747 -13.403959 -2.797362
v 6.039691 -13.441771 -2.797362
v 6.039691 -13.441771 -2.797362
v 6.017747 -13.403959 -2.797362
v 6.107770 -13.406624 -2.612622
v 6.017747 -13.403959 -2.797362
v 6.082231 -13.362619 -2.612622
v 6.107770 -13.406624 -2.612622
v 6.107770 -13.406624 -2.612622
v 6.082231 -13.362619 -2.612622
v 6.107770 -13.406624 2.612622
v 6.082231 -13.362619 -2.612622
v 6.082231 -13.362619 2.612622
v 6.107770 -13.406624 2.612622
v 6.107770 -13.406624 2.612622
v 6.082231 -13.362619 2.612622
v 6.039691 -13.441771 2.797363
v 6.082231 -13.362619 2.612622
v 6.017747 -13.403959 2.797363
v 6.039691 -13.441771 2.797363
v 6.039691 -13.441771 2.797363
v 6.017747 -13.403959 2.797363
v 5.875337 -13.526621 2.873884
v 6.017747 -13.403959 2.797363
v 5.862071 -13.503761 2.873884
v 5.875337 -13.526621 2.873884
v 5.862071 -13.503761 -2.873884
v 5.845945 -13.480900 -2.873884
v 6.017747 -13.403959 -2.797362
v 5.845945 -13.480900 -2.873884
v 5.992718 -13.368476 -2.797362
v 6.017747 -13.403959 -2.797362
v 6.017747 -13.403959 -2.797362
v 5.992718 -13.368476 -2.797362
v 6.082231 -13.362619 -2.612622
v 5.992718 -13.368476 -2.797362
v 6.053514 -13.321908 -2.612622
v 6.082231 -13.362619 -2.612622
v 6.082231 -13.362619 -2.612622
v 6.053514 -13.321908 -2.612622
v 6.082231 -13.362619 2.612622
v 6.053514 -13.321908 -2.612622
v 6.053514 -13.321908 2.612622
v 6.082231 -13.362619 2.612622
v 6.082231 -13.362619 2.612622
v 6.053514 -13.321908 2.612622
v 6.017747 -13.403959 2.797363
v 6.053514 -13.321908 2.612622
v 5.992718 -13.368476 2.797363
v 6.017747 -13.403959 2.797363
v 6.017747 -13.403959 2.797363
v 5.992718 -13.368476 2.797363
v 5.862071 -13.503761 2.873884
v 5.992718 -13.368476 2.797363
v 5.845945 -13.480900 2.873884
v 5.862071 -13.503761 2.873884
v 5.845945 -13.480900 -2.873884
v 5.826963 -13.458040 -2.873884
v 5.992718 -13.368476 -2.797362
v 5.826963 -13.458040 -2.873884
v 5.964985 -13.335074 -2.797362
v 5.992718 -13.368476 -2.797362
v 5.992718 -13.368476 -2.797362
v 5.964985 -13.335074 -2.797362
v 6.053514 -13.321908 -2.612622
v 5.964985 -13.335074 -2.797362
v 6.022155 -13.284140 -2.612622
v 6.053514 -13.321908 -2.612622
v 6.053514 -13.321908 -2.612622
v 6.022155 -13.284140 -2.612622
v 6.053514 -13.321908 2.612622
v 6.022155 -13.284140 -2.612622
v 6.022155 -13.284140 2.612622
v 6.053514 -13.321908 2.612622
v 6.053514 -13.321908 2.612622
v 6.022155 -13.284140 2.612622
v 5.992718 -13.368476 2.797363
v 6.022155 -13.284140 2.612622
v 5.964985 -13.335074 2.797363
v 5.992718 -13.368476 2.797363
v 5.992718 -13.368476 2.797363
v 5.964985 -13.335074 2.797363
v 5.845945 -13.480900 2.873884
v 5.964985 -13.335074 2.797363
v 5.826963 -13.458040 2.873884
v 5.845945 -13.480900 2.873884
v 5.826963 -13.458040 -2.873884
v 5.805124 -13.435179 -2.873884
v 5.964985 -13.335074 -2.797362
v 5.805124 -13.435179 -2.873884
v 5.934781 -13.303460 -2.797362
v 5.964985 -13.335074 -2.797362
v 5.964985 -13.335074 -2.797362
v 5.934781 -13.303460 -2.797362
v 6.022155 -13.284140 -2.612622
v 5.934781 -13.303460 -2.797362
v 5.988487 -13.248900 -2.612622
v 6.022155 -13.284140 -2.612622
v 6.022155 -13.284140 -2.612622
v 5.988487 -13.248900 -2.612622
v 6.022155 -13.284140 2.612622
v 5.988487 -13.248900 -2.612622
v 5.988487 -13.248900 2.612622
v 6.022155 -13.284140 2.612622
v 6.022155 -13.284140 2.612622
v 5.988487 -13.248900 2.612622
v 5.964985 -13.335074 2.797363
v 5.988487 -13.248900 2.612622
v 5.934781 -13.303460 2.797363
v 5.964985 -13.335074 2.797363
v 5.964985 -13.335074 2.797363
v 5.934781 -13.303460 2.797363
v 5.826963 -13.458040 2.873884
v 5.934781 -13.303460 2.797363
v 5.805124 -13.435179 2.873884
v 5.826963 -13.458040 2.873884
v 5.805124 -13.435179 -2.873884
v 5.780426 -13.412319 -2.873884
v 5.934781 -13.303460 -2.797362
v 5.780426 -13.412319 -2.873884
v 5.908535 -13.279166 -2.797362
v 5.934781 -13.303460 -2.797362
v 5.934781 -13.303460 -2.797362
v 5.908535 -13.279166 -2.797362
v 5.988487 -13.248900 -2.612622
v 5.908535 -13.279166 -2.797362
v 5.961599 -13.224012 -2.612622
v 5.988487 -13.248900 -2.612622
v 5.988487 -13.248900 -2.612622
v 5.961599 -13.224012 -2.612622
v 5.988487 -13.248900 2.612622
v 5.961599 -13.224012 -2.612622
v 5.961599 -13.224012 2.612622
v 5.988487 -13.248900 2.612622
v 5.988487 -13.248900 2.612622
v 5.961599 -13.224012 2.612622
v 5.934781 -13.303460 2.797363
v 5.961599 -13.224012 2.612622
v 5.908535 -13.279166 2.797363
v 5.934781 -13.303460 2.797363
v 5.934781 -13.303460 2.797363
v 5.908535 -13.279166 2.797363
v 5.805124 -13.435179 2.873884
v 5.908535 -13.279166 2.797363
v 5.780426 -13.412319 2.873884
v 5.805124 -13.435179 2.873884
v 5.780426 -13.412319 -2.873884
v 4.082222 -11.714115 -2.873884
v 5.908535 -13.279166 -2.797362
v 4.082222 -11.714115 -2.873884
v 4.266963 -11.637593 -2.797362
v 5.908535 -13.279166 -2.797362
v 5.908535 -13.279166 -2.797362
v 4.266963 -11.637593 -2.797362
v 5.961599 -13.224012 -2.612622
v 4.266963 -11.637593 -2.797362
v 4.343484 -11.605896 -2.612622
v 5.961599 -13.224012 -2.612622
v 5.961599 -13.224012 -2.612622
v 4.343484 -11.605896 -2.612622
v 5.961599 -13.224012 2.612622
v 4.343484 -11.605896 -2.612622
v 4.343484 -11.605896 2.612622
v 5.961599 -13.224012 2.612622
v 5.961599 -13.224012 2.612622
v 4.343484 -11.605896 2.612622
v 5.908535 -13.279166 2.797363
v 4.343484 -11.605896 2.612622
v 4.266963 -11.637593 2.797363
v 5.908535 -13.279166 2.797363
v 5.908535 -13.279166 2.797363
v 4.266963 -11.637593 2.797363
v 5.780426 -13.412319 2.873884
v 4.266963 -11.637593 2.797363
v 4.082222 -11.714115 2.873884
v 5.780426 -13.412319 2.873884
v 4.082222 -11.714115 -2.873884
v 4.082222 -11.256905 -2.873884
v 4.266963 -11.637593 -2.797362
v 4.082222 -11.256905 -2.873884
v 4.266963 -11.333022 -2.797362
v 4.266963 -11.637593 -2.797362
v 4.266963 -11.637593 -2.797362
v 4.266963 -11.333022 -2.797362
v 4.343484 -11.605896 -2.612622
v 4.266963 -11.333022 -2.797362
v 4.343484 -11.364551 -2.612622
v 4.343484 -11.605896 -2.612622
v 4.343484 -11.605896 -2.612622
v 4.343484 -11.364551 -2.612622
v 4.343484 -11.605896 2.612622
v 4.343484 -11.364551 -2.612622
v 4.343484 -11.364551 2.612622
v 4.343484 -11.605896 2.612622
v 4.343484 -11.605896 2.612622
v 4.343484 -11.364551 2.612622
v 4.266963 -11.637593 2.797363
v 4.343484 -11.364551 2.612622
v 4.266963 -11.333022 2.797363
v 4.266963 -11.637593 2.797363
v 4.266963 -11.637593 2.797363
v 4.266963 -11.333022 2.797363
v 4.082222 -11.714115 2.873884
v 4.266963 -11.333022 2.797363
v 4.082222 -11.256905 2.873884
v 4.082222 -11.714115 2.873884
v 4.082222 -11.256905 -2.873884
v 5.819615 -9.506449 -2.873884
v 4.266963 -11.333022 -2.797362
v 5.819615 -9.506449 -2.873884
v 5.947977 -9.639367 -2.797362
v 4.266963 -11.333022 -2.797362
v 4.266963 -11.333022 -2.797362
v 5.947977 -9.639367 -2.797362
v 4.343484 -11.364551 -2.612622
v 5.947977 -9.639367 -2.797362
v 6.001148 -9.694423 -2.612622
v 4.343484 -11.364551 -2.612622
v 4.343484 -11.364551 -2.612622
v 6.001148 -9.694423 -2.612622
v 4.343484 -11.364551 2.612622
v 6.001148 -9.694423 -2.612622
v 6.001148 -9.694423 2.612622
v 4.343484 -11.364551 2.612622
v 4.343484 -11.364551 2.612622
v 6.001148 -9.694423 2.612622
v 4.266963 -11.333022 2.797363
v 6.001148 -9.694423 2.612622
v 5.947977 -9.639367 2.797363
v 4.266963 -11.333022 2.797363
v 4.266963 -11.333022 2.797363
v 5.947977 -9.639367 2.797363
v 4.082222 -11.256905 2.873884
v 5.947977 -9.639367 2.797363
v 5.819615 -9.506449 2.873884
v 4.082222 -11.256905 2.873884
v 5.819615 -9.506449 -2.873884
v 5.844313 -9.483589 -2.873884
v 5.947977 -9.639367 -2.797362
v 5.844313 -9.483589 -2.873884
v 5.973970 -9.615309 -2.797362
v 5.947977 -9.639367 -2.797362
v 5.947977 -9.639367 -2.797362
v 5.973970 -9.615309 -2.797362
v 6.001148 -9.694423 -2.612622
v 5.973970 -9.615309 -2.797362
v 6.027676 -9.669869 -2.612622
v 6.001148 -9.694423 -2.612622
v 6.001148 -9.694423 -2.612622
v 6.027676 -9.669869 -2.612622
v 6.001148 -9.694423 2.612622
v 6.027676 -9.669869 -2.612622
v 6.027676 -9.669869 2.612622
v 6.001148 -9.694423 2.612622
v 6.001148 -9.694423 2.612622
v 6.027676 -9.669869 2.612622
v 5.947977 -9.639367 2.797363
v 6.027676 -9.669869 2.612622
v 5.973970 -9.615309 2.797363
v 5.947977 -9.639367 2.797363
v 5.947977 -9.639367 2.797363
v 5.973970 -9.615309 2.797363
v 5.819615 -9.506449 2.873884
v 5.973970 -9.615309 2.797363
v 5.844313 -9.483589 2.873884
v 5.819615 -9.506449 2.873884
v 5.844313 -9.483589 -2.873884
v 5.866152 -9.460728 -2.873884
v 5.973970 -9.615309 -2.797362
v 5.866152 -9.460728 -2.873884
v 6.004174 -9.583694 -2.797362
v 5.973970 -9.615309 -2.797362
v 5.973970 -9.615309 -2.797362
v 6.004174 -9.583694 -2.797362
v 6.027676 -9.669869 -2.612622
v 6.004174 -9.583694 -2.797362
v 6.061343 -9.634628 -2.612622
v 6.027676 -9.669869 -2.612622
v 6.027676 -9.669869 -2.612622
v 6.061343 -9.634628 -2.612622
v 6.027676 -9.669869 2.612622
v 6.061343 -9.634628 -2.612622
v 6.061343 -9.634628 2.612622
v 6.027676 -9.669869 2.612622
v 6.027676 -9.669869 2.612622
v 6.061343 -9.634628 2.612622
v 5.973970 -9.615309 2.797363
v 6.061343 -9.634628 2.612622
v 6.004174 -9.583694 2.797363
v 5.973970 -9.615309 2.797363
v 5.973970 -9.615309 2.797363
v 6.004174 -9.583694 2.797363
v 5.844313 -9.483589 2.873884
v 6.004174 -9.583694 2.797363
v 5.866152 -9.460728 2.873884
v 5.844313 -9.483589 2.873884
v 5.866152 -9.460728 -2.873884
v 5.885135 -9.437868 -2.873884
v 6.004174 -9.583694 -2.797362
v 5.885135 -9.437868 -2.873884
v 6.031908 -9.550292 -2.797362
v 6.004174 -9.583694 -2.797362
v 6.004174 -9.583694 -2.797362
v 6.031908 -9.550292 -2.797362
v 6.061343 -9.634628 -2.612622
v 6.031908 -9.550292 -2.797362
v 6.092704 -9.596860 -2.612622
v 6.061343 -9.634628 -2.612622
v 6.061343 -9.634628 -2.612622
v 6.092704 -9.596860 -2.612622
v 6.061343 -9.634628 2.612622
v 6.092704 -9.596860 -2.612622
v 6.092704 -9.596860 2.612622
v 6.061343 -9.634628 2.612622
v 6.061343 -9.634628 2.612622
v 6.092704 -9.596860 2.612622
v 6.004174 -9.583694 2.797363
v 6.092704 -9.596860 2.612622
v 6.031908 -9.550292 2.797363
v 6.004174 -9.583694 2.797363
v 6.004174 -9.583694 2.797363
v 6.031908 -9.550292 2.797363
v 5.866152 -9.460728 2.873884
v 6.031908 -9.550292 2.797363
v 5.885135 -9.437868 2.873884
v 5.866152 -9.460728 2.873884
v 5.885135 -9.437868 -2.873884
v 5.901260 -9.415008 -2.873884
v 6.031908 -9.550292 -2.797362
v 5.901260 -9.415008 -2.873884
v 6.056936 -9.514809 -2.797362
v 6.031908 -9.550292 -2.797362
v 6.031908 -9.550292 -2.797362
v 6.056936 -9.514809 -2.797362
v 6.092704 -9.596860 -2.612622
v 6.056936 -9.514809 -2.797362
v 6.121421 -9.556148 -2.612622
v 6.092704 -9.596860 -2.612622
v 6.092704 -9.596860 -2.612622
v 6.121421 -9.556148 -2.612622
v 6.092704 -9.596860 2.612622
v 6.121421 -9.556148 -2.612622
v 6.121421 -9.556148 2.612622
v 6.092704 -9.596860 2.612622
v 6.092704 -9.596860 2.612622
v 6.121421 -9.556148 2.612622
v 6.031908 -9.550292 2.797363
v 6.121421 -9.556148 2.612622
v 6.056936 -9.514809 2.797363
v 6.031908 -9.550292 2.797363
v 6.031908 -9.550292 2.797363
v 6.056936 -9.514809 2.797363
v 5.885135 -9.437868 2.873884
v 6.056936 -9.514809 2.797363
v 5.901260 -9.415008 2.873884
v 5.885135 -9.437868 2.873884
v 5.901260 -9.415008 -2.873884
v 5.914526 -9.392147 -2.873884
v 6.056936 -9.514809 -2.797362
v 5.914526 -9.392147 -2.873884
v 6.078881 -9.476998 -2.797362
v 6.056936 -9.514809 -2.797362
v 6.056936 -9.514809 -2.797362
v 6.078881 -9.476998 -2.797362
v 6.121421 -9.556148 -2.612622
v 6.078881 -9.476998 -2.797362
v 6.146959 -9.512143 -2.612622
v 6.121421 -9.556148 -2.612622
v 6.121421 -9.556148 -2.612622
v 6.146959 -9.512143 -2.612622
v 6.121421 -9.556148 2.612622
v 6.146959 -9.512143 -2.612622
v 6.146959 -9.512143 2.612622
v 6.121421 -9.556148 2.612622
v 6.121421 -9.556148 2.612622
v 6.146959 -9.512143 2.612622
v 6.056936 -9.514809 2.797363
v 6.146959 -9.512143 2.612622
v 6.078881 -9.476998 2.797363
v 6.056936 -9.514809 2.797363
v 6.056936 -9.514809 2.797363
v 6.078881 -9.476998 2.797363
v 5.901260 -9.415008 2.873884
v 6.078881 -9.476998 2.797363
v 5.914526 -9.392147 2.873884
v 5.901260 -9.415008 2.873884
v 5.914526 -9.392147 -2.873884
v 5.924937 -9.369286 -2.873884
v 6.078881 -9.476998 -2.797362
v 5.924937 -9.369286 -2.873884
v 6.097213 -9.436738 -2.797362
v 6.078881 -9.476998 -2.797362
v 6.078881 -9.476998 -2.797362
v 6.097213 -9.436738 -2.797362
v 6.146959 -9.512143 -2.612622
v 6.097213 -9.436738 -2.797362
v 6.168573 -9.464678 -2.612622
v 6.146959 -9.512143 -2.612622
v 6.146959 -9.512143 -2.612622
v 6.168573 -9.464678 -2.612622
v 6.146959 -9.512143 2.612622
v 6.168573 -9.464678 -2.612622
v 6.168573 -9.464678 2.612622
v 6.146959 -9.512143 2.612622
v 6.146959 -9.512143 2.612622
v 6.168573 -9.464678 2.612622
v 6.078881 -9.476998 2.797363
v 6.168573 -9.464678 2.612622
v 6.097213 -9.436738 2.797363
v 6.078881 -9.476998 2.797363
v 6.078881 -9.476998 2.797363
v 6.097213 -9.436738 2.797363
v 5.914526 -9.392147 2.873884
v 6.097213 -9.436738 2.797363
v 5.924937 -9.369286 2.873884
v 5.914526 -9.392147 2.873884
v 5.924937 -9.369286 -2.873884
v 5.932488 -9.346426 -2.873884
v 6.097213 -9.436738 -2.797362
v 5.932488 -9.346426 -2.873884
v 6.111286 -9.394144 -2.797362
v 6.097213 -9.436738 -2.797362
v 6.097213 -9.436738 -2.797362
v 6.111286 -9.394144 -2.797362
v 6.168573 -9.464678 -2.612622
v 6.111286 -9.394144 -2.797362
v 6.185344 -9.413909 -2.612622
v 6.168573 -9.464678 -2.612622
v 6.168573 -9.464678 -2.612622
v 6.185344 -9.413909 -2.612622
v 6.168573 -9.464678 2.612622
v 6.185344 -9.413909 -2.612622
v 6.185344 -9.413909 2.612622
v 6.168573 -9.464678 2.612622
v 6.168573 -9.464678 2.612622
v 6.185344 -9.413909 2.612622
v 6.097213 -9.436738 2.797363
v 6.185344 -9.413909 2.612622
v 6.111286 -9.394144 2.797363
v 6.097213 -9.436738 2.797363
v 6.097213 -9.436738 2.797363
v 6.111286 -9.394144 2.797363
v 5.924937 -9.369286 2.873884
v 6.111286 -9.394144 2.797363
v 5.932488 -9.346426 2.873884
v 5.924937 -9.369286 2.873884
v 5.932488 -9.346426 -2.873884
v 5.937183 -9.323566 -2.873884
v 6.111286 -9.394144 -2.797362
v 5.937183 -9.323566 -2.873884
v 6.119479 -9.354236 -2.797362
v 6.111286 -9.394144 -2.797362
v 6.111286 -9.394144 -2.797362
v 6.119479 -9.354236 -2.797362
v 6.185344 -9.413909 -2.612622
v 6.119479 -9.354236 -2.797362
v 6.194990 -9.366941 -2.612622
v 6.185344 -9.413909 -2.612622
v 6.185344 -9.413909 -2.612622
v 6.194990 -9.366941 -2.612622
v 6.185344 -9.413909 2.612622
v 6.194990 -9.366941 -2.612622
v 6.194990 -9.366941 2.612622
v 6.185344 -9.413909 2.612622
v 6.185344 -9.413909 2.612622
v 6.194990 -9.366941 2.612622
v 6.111286 -9.394144 2.797363
v 6.194990 -9.366941 2.612622
v 6.119479 -9.354236 2.797363
v 6.111286 -9.394144 2.797363
v 6.111286 -9.394144 2.797363
v 6.119479 -9.354236 2.797363
v 5.932488 -9.346426 2.873884
v 6.119479 -9.354236 2.797363
v 5.937183 -9.323566 2.873884
v 5.932488 -9.346426 2.873884
v 5.937183 -9.323566 -2.873884
v 5.940244 -9.300297 -2.873884
v 6.119479 -9.354236 -2.797362
v 5.940244 -9.300297 -2.873884
v 6.123660 -9.322464 -2.797362
v 6.119479 -9.354236 -2.797362
v 6.119479 -9.354236 -2.797362
v 6.123660 -9.322464 -2.797362
v 6.194990 -9.366941 -2.612622
v 6.123660 -9.322464 -2.797362
v 6.199635 -9.331647 -2.612622
v 6.194990 -9.366941 -2.612622
v 6.194990 -9.366941 -2.612622
v 6.199635 -9.331647 -2.612622
v 6.194990 -9.366941 2.612622
v 6.199635 -9.331647 -2.612622
v 6.199635 -9.331647 2.612622
v 6.194990 -9.366941 2.612622
v 6.194990 -9.366941 2.612622
v 6.199635 -9.331647 2.612622
v 6.119479 -9.354236 2.797363
v 6.199635 -9.331647 2.612622
v 6.123660 -9.322464 2.797363
v 6.119479 -9.354236 2.797363
v 6.119479 -9.354236 2.797363
v 6.123660 -9.322464 2.797363
v 5.937183 -9.323566 2.873884
v 6.123660 -9.322464 2.797363
v 5.940244 -9.300297 2.873884
v 5.937183 -9.323566 2.873884
v 5.940244 -9.300297 -2.873884
v 5.942898 -9.276212 -2.873884
v 6.123660 -9.322464 -2.797362
v 5.942898 -9.276212 -2.873884
v 6.126728 -9.294623 -2.797362
v 6.123660 -9.322464 -2.797362
v 6.123660 -9.322464 -2.797362
v 6.126728 -9.294623 -2.797362
v 6.199635 -9.331647 -2.612622
v 6.126728 -9.294623 -2.797362
v 6.202872 -9.302250 -2.612622
v 6.199635 -9.331647 -2.612622
v 6.199635 -9.331647 -2.612622
v 6.202872 -9.302250 -2.612622
v 6.199635 -9.331647 2.612622
v 6.202872 -9.302250 -2.612622
v 6.202872 -9.302250 2.612622
v 6.199635 -9.331647 2.612622
v 6.199635 -9.331647 2.612622
v 6.202872 -9.302250 2.612622
v 6.123660 -9.322464 2.797363
v 6.202872 -9.302250 2.612622
v 6.126728 -9.294623 2.797363
v 6.123660 -9.322464 2.797363
v 6.123660 -9.322464 2.797363
v 6.126728 -9.294623 2.797363
v 5.940244 -9.300297 2.873884
v 6.126728 -9.294623 2.797363
v 5.942898 -9.276212 2.873884
v 5.940244 -9.300297 2.873884
v 5.942898 -9.276212 -2.873884
v 5.945143 -9.251310 -2.873884
v 6.126728 -9.294623 -2.797362
v 5.945143 -9.251310 -2.873884
v 6.129291 -9.266187 -2.797362
v 6.126728 -9.294623 -2.797362
v 6.126728 -9.294623 -2.797362
v 6.129291 -9.266187 -2.797362
v 6.202872 -9.302250 -2.612622
v 6.129291 -9.266187 -2.797362
v 6.205569 -9.272350 -2.612622
v 6.202872 -9.302250 -2.612622
v 6.202872 -9.302250 -2.612622
v 6.205569 -9.272350 -2.612622
v 6.202872 -9.302250 2.612622
v 6.205569 -9.272350 -2.612622
v 6.205569 -9.272350 2.612622
v 6.202872 -9.302250 2.612622
v 6.202872 -9.302250 2.612622
v 6.205569 -9.272350 2.612622
v 6.126728 -9.294623 2.797363
v 6.205569 -9.272350 2.612622
v 6.129291 -9.266187 2.797363
v 6.126728 -9.294623 2.797363
v 6.126728 -9.294623 2.797363
v 6.129291 -9.266187 2.797363
v 5.942898 -9.276212 2.873884
v 6.129291 -9.266187 2.797363
v 5.945143 -9.251310 2.873884
v 5.942898 -9.276212 2.873884
v 5.945143 -9.251310 -2.873884
v 5.946981 -9.225592 -2.873884
v 6.129291 -9.266187 -2.797362
v 5.946981 -9.225592 -2.873884
v 6.131366 -9.237140 -2.797362
v 6.129291 -9.266187 -2.797362
v 6.129291 -9.266187 -2.797362
v 6.131366 -9.237140 -2.797362
v 6.205569 -9.272350 -2.612622
v 6.131366 -9.237140 -2.797362
v 6.207743 -9.241924 -2.612622
v 6.205569 -9.272350 -2.612622
v 6.205569 -9.272350 -2.612622
v 6.207743 -9.241924 -2.612622
v 6.205569 -9.272350 2.612622
v 6.207743 -9.241924 -2.612622
v 6.207743 -9.241924 2.612622
v 6.205569 -9.272350 2.612622
v 6.205569 -9.272350 2.612622
v 6.207743 -9.241924 2.612622
v 6.129291 -9.266187 2.797363
v 6.207743 -9.241924 2.612622
v 6.131366 -9.237140 2.797363
v 6.129291 -9.266187 2.797363
v 6.129291 -9.266187 2.797363
v 6.131366 -9.237140 2.797363
v 5.945143 -9.251310 2.873884
v 6.131366 -9.237140 2.797363
v 5.946981 -9.225592 2.873884
v 5.945143 -9.251310 2.873884
v 5.946981 -9.225592 -2.873884
v 5.948410 -9.199058 -2.873884
v 6.131366 -9.237140 -2.797362
v 5.948410 -9.199058 -2.873884
v 6.132964 -9.207469 -2.797362
v 6.131366 -9.237140 -2.797362
v 6.131366 -9.237140 -2.797362
v 6.132964 -9.207469 -2.797362
v 6.207743 -9.241924 -2.612622
v 6.132964 -9.207469 -2.797362
v 6.209409 -9.210953 -2.612622
v 6.207743 -9.241924 -2.612622
v 6.207743 -9.241924 -2.612622
v 6.209409 -9.210953 -2.612622
v 6.207743 -9.241924 2.612622
v 6.209409 -9.210953 -2.612622
v 6.209409 -9.210953 2.612622
v 6.207743 -9.241924 2.612622
v 6.207743 -9.241924 2.612622
v 6.209409 -9.210953 2.612622
v 6.131366 -9.237140 2.797363
v 6.209409 -9.210953 2.612622
v 6.132964 -9.207469 2.797363
v 6.131366 -9.237140 2.797363
v 6.131366 -9.237140 2.797363
v 6.132964 -9.207469 2.797363
v 5.946981 -9.225592 2.873884
v 6.132964 -9.207469 2.797363
v 5.948410 -9.199058 2.873884
v 5.946981 -9.225592 2.873884
v 5.948410 -9.199058 -2.873884
v 5.949430 -9.171707 -2.873884
v 6.132964 -9.207469 -2.797362
v 5.949430 -9.171707 -2.873884
v 6.134095 -9.177159 -2.797362
v 6.132964 -9.207469 -2.797362
v 6.132964 -9.207469 -2.797362
v 6.134095 -9.177159 -2.797362
v 6.209409 -9.210953 -2.612622
v 6.134095 -9.177159 -2.797362
v 6.210586 -9.179417 -2.612622
v 6.209409 -9.210953 -2.612622
v 6.209409 -9.210953 -2.612622
v 6.210586 -9.179417 -2.612622
v 6.209409 -9.210953 2.612622
v 6.210586 -9.179417 -2.612622
v 6.210586 -9.179417 2.612622
v 6.209409 -9.210953 2.612622
v 6.209409 -9.210953 2.612622
v 6.210586 -9.179417 2.612622
v 6.132964 -9.207469 2.797363
v 6.210586 -9.179417 2.612622
v 6.134095 -9.177159 2.797363
v 6.132964 -9.207469 2.797363
v 6.132964 -9.207469 2.797363
v 6.134095 -9.177159 2.797363
v 5.948410 -9.199058 2.873884
v 6.134095 -9.177159 2.797363
v 5.949430 -9.171707 2.873884
v 5.948410 -9.199058 2.873884
v 5.949430 -9.171707 -2.873884
v 5.950042 -9.143540 -2.873884
v 6.134095 -9.177159 -2.797362
v 5.950042 -9.143540 -2.873884
v 6.134769 -9.146198 -2.797362
v 6.134095 -9.177159 -2.797362
v 6.134095 -9.177159 -2.797362
v 6.134769 -9.146198 -2.797362
v 6.210586 -9.179417 -2.612622
v 6.134769 -9.146198 -2.797362
v 6.211284 -9.147299 -2.612622
v 6.210586 -9.179417 -2.612622
v 6.210586 -9.179417 -2.612622
v 6.211284 -9.147299 -2.612622
v 6.210586 -9.179417 2.612622
v 6.211284 -9.147299 -2.612622
v 6.211284 -9.147299 2.612622
v 6.210586 -9.179417 2.612622
v 6.210586 -9.179417 2.612622
v 6.211284 -9.147299 2.612622
v 6.134095 -9.177159 2.797363
v 6.211284 -9.147299 2.612622
v 6.134769 -9.146198 2.797363
v 6.134095 -9.177159 2.797363
v 6.134095 -9.177159 2.797363
v 6.134769 -9.146198 2.797363
v 5.949430 -9.171707 2.873884
v 6.134769 -9.146198 2.797363
v 5.950042 -9.143540 2.873884
v 5.949430 -9.171707 2.873884
v 5.950042 -9.143540 -2.873884
v 5.950246 -9.114555 -2.873884
v 6.134769 -9.146198 -2.797362
v 5.950246 -9.114555 -2.873884
v 6.134987 -9.115206 -2.797362
v 6.134769 -9.146198 -2.797362
v 6.134769 -9.146198 -2.797362
v 6.134987 -9.115206 -2.797362
v 6.211284 -9.147299 -2.612622
v 6.134987 -9.115206 -2.797362
v 6.211509 -9.115476 -2.612622
v 6.211284 -9.147299 -2.612622
v 6.211284 -9.147299 -2.612622
v 6.211509 -9.115476 -2.612622
v 6.211284 -9.147299 2.612622
v 6.211509 -9.115476 -2.612622
v 6.211509 -9.115476 2.612622
v 6.211284 -9.147299 2.612622
v 6.211284 -9.147299 2.612622
v 6.211509 -9.115476 2.612622
v 6.134769 -9.146198 2.797363
v 6.211509 -9.115476 2.612622
v 6.134987 -9.115206 2.797363
v 6.134769 -9.146198 2.797363
v 6.134769 -9.146198 2.797363
v 6.134987 -9.115206 2.797363
v 5.950042 -9.143540 2.873884
v 6.134987 -9.115206 2.797363
v 5.950246 -9.114555 2.873884
v 5.950042 -9.143540 2.873884
v 5.950246 -9.114555 -2.873884
v 5.950246 -2.622190 -2.873884
v 6.134987 -9.115206 -2.797362
v 5.950246 -2.622190 -2.873884
v 6.134987 -2.616038 -2.797362
v 6.134987 -9.115206 -2.797362
v 6.134987 -9.115206 -2.797362
v 6.134987 -2.616038 -2.797362
v 6.211509 -9.115476 -2.612622
v 6.134987 -2.616038 -2.797362
v 6.211509 -2.613491 -2.612622
v 6.211509 -9.115476 -2.612622
v 6.211509 -9.115476 -2.612622
v 6.211509 -2.613491 -2.612622
v 6.211509 -9.115476 2.612622
v 6.211509 -2.613491 -2.612622
v 6.211509 -2.613491 2.612622
v 6.211509 -9.115476 2.612622
v 6.211509 -9.115476 2.612622
v 6.211509 -2.613491 2.612622
v 6.134987 -9.115206 2.797363
v 6.211509 -2.613491 2.612622
v 6.134987 -2.616038 2.797363
v 6.134987 -9.115206 2.797363
v 6.134987 -9.115206 2.797363
v 6.134987 -2.616038 2.797363
v 5.950246 -9.114555 2.873884
v 6.134987 -2.616038 2.797363
v 5.950246 -2.622190 2.873884
v 5.950246 -9.114555 2.873884
v 5.950246 -2.622190 -2.873884
v 5.945143 -2.545647 -2.873884
v 6.134987 -2.616038 -2.797362
v 5.945143 -2.545647 -2.873884
v 6.128488 -2.518560 -2.797362
v 6.134987 -2.616038 -2.797362
v 6.134987 -2.616038 -2.797362
v 6.128488 -2.518560 -2.797362
v 6.211509 -2.613491 -2.612622
v 6.128488 -2.518560 -2.797362
v 6.204432 -2.507339 -2.612622
v 6.211509 -2.613491 -2.612622
v 6.211509 -2.613491 -2.612622
v 6.204432 -2.507339 -2.612622
v 6.211509 -2.613491 2.612622
v 6.204432 -2.507339 -2.612622
v 6.204432 -2.507339 2.612622
v 6.211509 -2.613491 2.612622
v 6.211509 -2.613491 2.612622
v 6.204432 -2.507339 2.612622
v 6.134987 -2.616038 2.797363
v 6.204432 -2.507339 2.612622
v 6.128488 -2.518560 2.797363
v 6.134987 -2.616038 2.797363
v 6.134987 -2.616038 2.797363
v 6.128488 -2.518560 2.797363
v 5.950246 -2.622190 2.873884
v 6.128488 -2.518560 2.797363
v 5.945143 -2.545647 2.873884
v 5.950246 -2.622190 2.873884
v 5.945143 -2.545647 -2.873884
v 5.929836 -2.479311 -2.873884
v 6.128488 -2.518560 -2.797362
v 5.929836 -2.479311 -2.873884
v 6.105680 -2.419726 -2.797362
v 6.128488 -2.518560 -2.797362
v 6.128488 -2.518560 -2.797362
v 6.105680 -2.419726 -2.797362
v 6.204432 -2.507339 -2.612622
v 6.105680 -2.419726 -2.797362
v 6.178517 -2.395043 -2.612622
v 6.204432 -2.507339 -2.612622
v 6.204432 -2.507339 -2.612622
v 6.178517 -2.395043 -2.612622
v 6.204432 -2.507339 2.612622
v 6.178517 -2.395043 -2.612622
v 6.178517 -2.395043 2.612622
v 6.204432 -2.507339 2.612622
v 6.204432 -2.507339 2.612622
v 6.178517 -2.395043 2.612622
v 6.128488 -2.518560 2.797363
v 6.178517 -2.395043 2.612622
v 6.105680 -2.419726 2.797363
v 6.128488 -2.518560 2.797363
v 6.128488 -2.518560 2.797363
v 6.105680 -2.419726 2.797363
v 5.945143 -2.545647 2.873884
v 6.105680 -2.419726 2.797363
v 5.929836 -2.479311 2.873884
v 5.945143 -2.545647 2.873884
v 5.929836 -2.479311 -2.873884
v 5.904321 -2.423182 -2.873884
v 6.105680 -2.419726 -2.797362
v 5.904321 -2.423182 -2.873884
v 6.063502 -2.326932 -2.797362
v 6.105680 -2.419726 -2.797362
v 6.105680 -2.419726 -2.797362
v 6.063502 -2.326932 -2.797362
v 6.178517 -2.395043 -2.612622
v 6.063502 -2.326932 -2.797362
v 6.129435 -2.287064 -2.612622
v 6.178517 -2.395043 -2.612622
v 6.178517 -2.395043 -2.612622
v 6.129435 -2.287064 -2.612622
v 6.178517 -2.395043 2.612622
v 6.129435 -2.287064 -2.612622
v 6.129435 -2.287064 2.612622
v 6.178517 -2.395043 2.612622
v 6.178517 -2.395043 2.612622
v 6.129435 -2.287064 2.612622
v 6.105680 -2.419726 2.797363
v 6.129435 -2.287064 2.612622
v 6.063502 -2.326932 2.797363
v 6.105680 -2.419726 2.797363
v 6.105680 -2.419726 2.797363
v 6.063502 -2.326932 2.797363
v 5.929836 -2.479311 2.873884
v 6.063502 -2.326932 2.797363
v 5.904321 -2.423182 2.873884
v 5.929836 -2.479311 2.873884
v 5.904321 -2.423182 -2.873884
v 5.868602 -2.377256 -2.873884
v 6.063502 -2.326932 -2.797362
v 5.868602 -2.377256 -2.873884
v 6.000249 -2.245608 -2.797362
v 6.063502 -2.326932 -2.797362
v 6.063502 -2.326932 -2.797362
v 6.000249 -2.245608 -2.797362
v 6.129435 -2.287064 -2.612622
v 6.000249 -2.245608 -2.797362
v 6.054780 -2.191078 -2.612622
v 6.129435 -2.287064 -2.612622
v 6.129435 -2.287064 -2.612622
v 6.054780 -2.191078 -2.612622
v 6.129435 -2.287064 2.612622
v 6.054780 -2.191078 -2.612622
v 6.054780 -2.191078 2.612622
v 6.129435 -2.287064 2.612622
v 6.129435 -2.287064 2.612622
v 6.054780 -2.191078 2.612622
v 6.063502 -2.326932 2.797363
v 6.054780 -2.191078 2.612622
v 6.000249 -2.245608 2.797363
v 6.063502 -2.326932 2.797363
v 6.063502 -2.326932 2.797363
v 6.000249 -2.245608 2.797363
v 5.904321 -2.423182 2.873884
v 6.000249 -2.245608 2.797363
v 5.868602 -2.377256 2.873884
v 5.904321 -2.423182 2.873884
v 5.868602 -2.377256 -2.873884
v 5.822676 -2.341537 -2.873884
v 6.000249 -2.245608 -2.797362
v 5.822676 -2.341537 -2.873884
v 5.918926 -2.182358 -2.797362
v 6.000249 -2.245608 -2.797362
v 6.000249 -2.245608 -2.797362
v 5.918926 -2.182358 -2.797362
v 6.054780 -2.191078 -2.612622
v 5.918926 -2.182358 -2.797362
v 5.958794 -2.116423 -2.612622
v 6.054780 -2.191078 -2.612622
v 6.054780 -2.191078 -2.612622
v 5.958794 -2.116423 -2.612622
v 6.054780 -2.191078 2.612622
v 5.958794 -2.116423 -2.612622
v 5.958794 -2.116423 2.612622
v 6.054780 -2.191078 2.612622
v 6.054780 -2.191078 2.612622
v 5.958794 -2.116423 2.612622
v 6.000249 -2.245608 2.797363
v 5.958794 -2.116423 2.612622
v 5.918926 -2.182358 2.797363
v 6.000249 -2.245608 2.797363
v 6.000249 -2.245608 2.797363
v 5.918926 -2.182358 2.797363
v 5.868602 -2.377256 2.873884
v 5.918926 -2.182358 2.797363
v 5.822676 -2.341537 2.873884
v 5.868602 -2.377256 2.873884
v 5.822676 -2.341537 -2.873884
v 5.766547 -2.316022 -2.873884
v 5.918926 -2.182358 -2.797362
v 5.766547 -2.316022 -2.873884
v 5.826132 -2.140178 -2.797362
v 5.918926 -2.182358 -2.797362
v 5.918926 -2.182358 -2.797362
v 5.826132 -2.140178 -2.797362
v 5.958794 -2.116423 -2.612622
v 5.826132 -2.140178 -2.797362
v 5.850814 -2.067341 -2.612622
v 5.958794 -2.116423 -2.612622
v 5.958794 -2.116423 -2.612622
v 5.850814 -2.067341 -2.612622
v 5.958794 -2.116423 2.612622
v 5.850814 -2.067341 -2.612622
v 5.850814 -2.067341 2.612622
v 5.958794 -2.116423 2.612622
v 5.958794 -2.116423 2.612622
v 5.850814 -2.067341 2.612622
v 5.918926 -2.182358 2.797363
v 5.850814 -2.067341 2.612622
v 5.826132 -2.140178 2.797363
v 5.918926 -2.182358 2.797363
v 5.918926 -2.182358 2.797363
v 5.826132 -2.140178 2.797363
v 5.822676 -2.341537 2.873884
v 5.826132 -2.140178 2.797363
v 5.766547 -2.316022 2.873884
v 5.822676 -2.341537 2.873884
v 5.766547 -2.316022 -2.873884
v 5.700211 -2.300715 -2.873884
v 5.826132 -2.140178 -2.797362
v 5.700211 -2.300715 -2.873884
v 5.727298 -2.117370 -2.797362
v 5.826132 -2.140178 -2.797362
v 5.826132 -2.140178 -2.797362
v 5.727298 -2.117370 -2.797362
v 5.850814 -2.067341 -2.612622
v 5.727298 -2.117370 -2.797362
v 5.738519 -2.041426 -2.612622
v 5.850814 -2.067341 -2.612622
v 5.850814 -2.067341 -2.612622
v 5.738519 -2.041426 -2.612622
v 5.850814 -2.067341 2.612622
v 5.738519 -2.041426 -2.612622
v 5.738519 -2.041426 2.612622
v 5.850814 -2.067341 2.612622
v 5.850814 -2.067341 2.612622
v 5.738519 -2.041426 2.612622
v 5.826132 -2.140178 2.797363
v 5.738519 -2.041426 2.612622
v 5.727298 -2.117370 2.797363
v 5.826132 -2.140178 2.797363
v 5.826132 -2.140178 2.797363
v 5.727298 -2.117370 2.797363
v 5.766547 -2.316022 2.873884
v 5.727298 -2.117370 2.797363
v 5.700211 -2.300715 2.873884
v 5.766547 -2.316022 2.873884
v 5.700211 -2.300715 -2.873884
v 5.623668 -2.295612 -2.873884
v 5.727298 -2.117370 -2.797362
v 5.623668 -2.295612 -2.873884
v 5.629819 -2.110872 -2.797362
v 5.727298 -2.117370 -2.797362
v 5.727298 -2.117370 -2.797362
v 5.629819 -2.110872 -2.797362
v 5.738519 -2.041426 -2.612622
v 5.629819 -2.110872 -2.797362
v 5.632368 -2.034349 -2.612622
v 5.738519 -2.041426 -2.612622
v 5.738519 -2.041426 -2.612622
v 5.632368 -2.034349 -2.612622
v 5.738519 -2.041426 2.612622
v 5.632368 -2.034349 -2.612622
v 5.632368 -2.034349 2.612622
v 5.738519 -2.041426 2.612622
v 5.738519 -2.041426 2.612622
v 5.632368 -2.034349 2.612622
v 5.727298 -2.117370 2.797363
v 5.632368 -2.034349 2.612622
v 5.629819 -2.110872 2.797363
v 5.727298 -2.117370 2.797363
v 5.727298 -2.117370 2.797363
v 5.629819 -2.110872 2.797363
v 5.700211 -2.300715 2.873884
v 5.629819 -2.110872 2.797363
v 5.623668 -2.295612 2.873884
v 5.700211 -2.300715 2.873884
v 5.623668 -2.295612 -2.873884
v 1.064643 -2.295612 -2.873884
v 5.629819 -2.110872 -2.797362
v 1.064643 -2.295612 -2.873884
v 1.058492 -2.110872 -2.797362
v 5.629819 -2.110872 -2.797362
v 5.629819 -2.110872 -2.797362
v 1.058492 -2.110872 -2.797362
v 5.632368 -2.034349 -2.612622
v 1.058492 -2.110872 -2.797362
v 1.055944 -2.034349 -2.612622
v 5.632368 -2.034349 -2.612622
v 5.632368 -2.034349 -2.612622
v 1.055944 -2.034349 -2.612622
v 5.632368 -2.034349 2.612622
v 1.055944 -2.034349 -2.612622
v 1.055944 -2.034349 2.612622
v 5.632368 -2.034349 2.612622
v 5.632368 -2.034349 2.612622
v 1.055944 -2.034349 2.612622
v 5.629819 -2.110872 2.797363
v 1.055944 -2.034349 2.612622
v 1.058492 -2.110872 2.797363
v 5.629819 -2.110872 2.797363
v 5.629819 -2.110872 2.797363
v 1.058492 -2.110872 2.797363
v 5.623668 -2.295612 2.873884
v 1.058492 -2.110872 2.797363
v 1.064643 -2.295612 2.873884
v 5.623668 -2.295612 2.873884
v 1.064643 -2.295612 -2.873884
v 0.988102 -2.300715 -2.873884
v 1.058492 -2.110872 -2.797362
v 0.988102 -2.300715 -2.873884
v 0.961014 -2.117370 -2.797362
v 1.058492 -2.110872 -2.797362
v 1.058492 -2.110872 -2.797362
v 0.961014 -2.117370 -2.797362
v 1.055944 -2.034349 -2.612622
v 0.961014 -2.117370 -2.797362
v 0.949793 -2.041426 -2.612622
v 1.055944 -2.034349 -2.612622
v 1.055944 -2.034349 -2.612622
v 0.949793 -2.041426 -2.612622
v 1.055944 -2.034349 2.612622
v 0.949793 -2.041426 -2.612622
v 0.949793 -2.041426 2.612622
v 1.055944 -2.034349 2.612622
v 1.055944 -2.034349 2.612622
v 0.949793 -2.041426 2.612622
v 1.058492 -2.110872 2.797363
v 0.949793 -2.041426 2.612622
v 0.961014 -2.117370 2.797363
v 1.058492 -2.110872 2.797363
v 1.058492 -2.110872 2.797363
v 0.961014 -2.117370 2.797363
v 1.064643 -2.295612 2.873884
v 0.961014 -2.117370 2.797363
v 0.988102 -2.300715 2.873884
v 1.064643 -2.295612 2.873884
v 0.988102 -2.300715 -2.873884
v 0.921766 -2.316022 -2.873884
v 0.961014 -2.117370 -2.797362
v 0.921766 -2.316022 -2.873884
v 0.862180 -2.140178 -2.797362
v 0.961014 -2.117370 -2.797362
v 0.961014 -2.117370 -2.797362
v 0.862180 -2.140178 -2.797362
v 0.949793 -2.041426 -2.612622
v 0.862180 -2.140178 -2.797362
v 0.837498 -2.067341 -2.612622
v 0.949793 -2.041426 -2.612622
v 0.949793 -2.041426 -2.612622
v 0.837498 -2.067341 -2.612622
v 0.949793 -2.041426 2.612622
v 0.837498 -2.067341 -2.612622
v 0.837498 -2.067341 2.612622
v 0.949793 -2.041426 2.612622
v 0.949793 -2.041426 2.612622
v 0.837498 -2.067341 2.612622
v 0.961014 -2.117370 2.797363
v 0.837498 -2.067341 2.612622
v 0.862180 -2.140178 2.797363
v 0.961014 -2.117370 2.797363
v 0.961014 -2.117370 2.797363
v 0.862180 -2.140178 2.797363
v 0.988102 -2.300715 2.873884
v 0.862180 -2.140178 2.797363
v 0.921766 -2.316022 2.873884
v 0.988102 -2.300715 2.873884
v 0.921766 -2.316022 -2.873884
v 0.865635 -2.341537 -2.873884
v 0.862180 -2.140178 -2.797362
v 0.865635 -2.341537 -2.873884
v 0.769387 -2.182358 -2.797362
v 0.862180 -2.140178 -2.797362
v 0.862180 -2.140178 -2.797362
v 0.769387 -2.182358 -2.797362
v 0.837498 -2.067341 -2.612622
v 0.769387 -2.182358 -2.797362
v 0.729519 -2.116423 -2.612622
v 0.837498 -2.067341 -2.612622
v 0.837498 -2.067341 -2.612622
v 0.729519 -2.116423 -2.612622
v 0.837498 -2.067341 2.612622
v 0.729519 -2.116423 -2.612622
v 0.729519 -2.116423 2.612622
v 0.837498 -2.067341 2.612622
v 0.837498 -2.067341 2.612622
v 0.729519 -2.116423 2.612622
v 0.862180 -2.140178 2.797363
v 0.729519 -2.116423 2.612622
v 0.769387 -2.182358 2.797363
v 0.862180 -2.140178 2.797363
v 0.862180 -2.140178 2.797363
v 0.769387 -2.182358 2.797363
v 0.921766 -2.316022 2.873884
v 0.769387 -2.182358 2.797363
v 0.865635 -2.341537 2.873884
v 0.921766 -2.316022 2.873884
v 0.865635 -2.341537 -2.873884
v 0.819710 -2.377256 -2.873884
v 0.769387 -2.182358 -2.797362
v 0.819710 -2.377256 -2.873884
v 0.688063 -2.245608 -2.797362
v 0.769387 -2.182358 -2.797362
v 0.769387 -2.182358 -2.797362
v 0.688063 -2.245608 -2.797362
v 0.729519 -2.116423 -2.612622
v 0.688063 -2.245608 -2.797362
v 0.633532 -2.191078 -2.612622
v 0.729519 -2.116423 -2.612622
v 0.729519 -2.116423 -2.612622
v 0.633532 -2.191078 -2.612622
v 0.729519 -2.116423 2.612622
v 0.633532 -2.191078 -2.612622
v 0.633532 -2.191078 2.612622
v 0.729519 -2.116423 2.612622
v 0.729519 -2.116423 2.612622
v 0.633532 -2.191078 2.612622
v 0.769387 -2.182358 2.797363
v 0.633532 -2.191078 2.612622
v 0.688063 -2.245608 2.797363
v 0.769387 -2.182358 2.797363
v 0.769387 -2.182358 2.797363
v 0.688063 -2.245608 2.797363
v 0.865635 -2.341537 2.873884
v 0.688063 -2.245608 2.797363
v 0.819710 -2.377256 2.873884
v 0.865635 -2.341537 2.873884
v 0.819710 -2.377256 -2.873884
v 0.783991 -2.423182 -2.873884
v 0.688063 -2.245608 -2.797362
v 0.783991 -2.423182 -2.873884
v 0.624810 -2.326932 -2.797362
v 0.688063 -2.245608 -2.797362
v 0.688063 -2.245608 -2.797362
v 0.624810 -2.326932 -2.797362
v 0.633532 -2.191078 -2.612622
v 0.624810 -2.326932 -2.797362
v 0.558876 -2.287064 -2.612622
v 0.633532 -2.191078 -2.612622
v 0.633532 -2.191078 -2.612622
v 0.558876 -2.287064 -2.612622
v 0.633532 -2.191078 2.612622
v 0.558876 -2.287064 -2.612622
v 0.558876 -2.287064 2.612622
v 0.633532 -2.191078 2.612622
v 0.633532 -2.191078 2.612622
v 0.558876 -2.287064 2.612622
v 0.688063 -2.245608 2.797363
v 0.558876 -2.287064 2.612622
v 0.624810 -2.326932 2.797363
v 0.688063 -2.245608 2.797363
v 0.688063 -2.245608 2.797363
v 0.624810 -2.326932 2.797363
v 0.819710 -2.377256 2.873884
v 0.624810 -2.326932 2.797363
v 0.783991 -2.423182 2.873884
v 0.819710 -2.377256 2.873884
v 0.783991 -2.423182 -2.873884
v 0.758477 -2.479311 -2.873884
v 0.624810 -2.326932 -2.797362
v 0.758477 -2.479311 -2.873884
v 0.582632 -2.419726 -2.797362
v 0.624810 -2.326932 -2.797362
v 0.624810 -2.326932 -2.797362
v 0.582632 -2.419726 -2.797362
v 0.558876 -2.287064 -2.612622
v 0.582632 -2.419726 -2.797362
v 0.509795 -2.395043 -2.612622
v 0.558876 -2.287064 -2.612622
v 0.558876 -2.287064 -2.612622
v 0.509795 -2.395043 -2.612622
v 0.558876 -2.287064 2.612622
v 0.509795 -2.395043 -2.612622
v 0.509795 -2.395043 2.612622
v 0.558876 -2.287064 2.612622
v 0.558876 -2.287064 2.612622
v 0.509795 -2.395043 2.612622
v 0.624810 -2.326932 2.797363
v 0.509795 -2.395043 2.612622
v 0.582632 -2.419726 2.797363
v 0.624810 -2.326932 2.797363
v 0.624810 -2.326932 2.797363
v 0.582632 -2.419726 2.797363
v 0.783991 -2.423182 2.873884
v 0.582632 -2.419726 2.797363
v 0.758477 -2.479311 2.873884
v 0.783991 -2.423182 2.873884
v 0.758477 -2.479311 -2.873884
v 0.743168 -2.545647 -2.873884
v 0.582632 -2.419726 -2.797362
v 0.743168 -2.545647 -2.873884
v 0.559824 -2.518560 -2.797362
v 0.582632 -2.419726 -2.797362
v 0.582632 -2.419726 -2.797362
v 0.559824 -2.518560 -2.797362
v 0.509795 -2.395043 -2.612622
v 0.559824 -2.518560 -2.797362
v 0.483880 -2.507339 -2.612622
v 0.509795 -2.395043 -2.612622
v 0.509795 -2.395043 -2.612622
v 0.483880 -2.507339 -2.612622
v 0.509795 -2.395043 2.612622
v 0.483880 -2.507339 -2.612622
v 0.483880 -2.507339 2.612622
v 0.509795 -2.395043 2.612622
v 0.509795 -2.395043 2.612622
v 0.483880 -2.507339 2.612622
v 0.582632 -2.419726 2.797363
v 0.483880 -2.507339 2.612622
v 0.559824 -2.518560 2.797363
v 0.582632 -2.419726 2.797363
v 0.582632 -2.419726 2.797363
v 0.559824 -2.518560 2.797363
v 0.758477 -2.479311 2.873884
v 0.559824 -2.518560 2.797363
v 0.743168 -2.545647 2.873884
v 0.758477 -2.479311 2.873884
v 0.743168 -2.545647 -2.873884
v 0.738066 -2.622190 -2.873884
v 0.559824 -2.518560 -2.797362
v 0.738066 -2.622190 -2.873884
v 0.553325 -2.616038 -2.797362
v 0.559824 -2.518560 -2.797362
v 0.559824 -2.518560 -2.797362
v 0.553325 -2.616038 -2.797362
v 0.483880 -2.507339 -2.612622
v 0.553325 -2.616038 -2.797362
v 0.476804 -2.613491 -2.612622
v 0.483880 -2.507339 -2.612622
v 0.483880 -2.507339 -2.612622
v 0.476804 -2.613491 -2.612622
v 0.483880 -2.507339 2.612622
v 0.476804 -2.613491 -2.612622
v 0.476804 -2.613491 2.612622
v 0.483880 -2.507339 2.612622
v 0.483880 -2.507339 2.612622
v 0.476804 -2.613491 2.612622
v 0.559824 -2.518560 2.797363
v 0.476804 -2.613491 2.612622
v 0.553325 -2.616038 2.797363
v 0.559824 -2.518560 2.797363
v 0.559824 -2.518560 2.797363
v 0.553325 -2.616038 2.797363
v 0.743168 -2.545647 2.873884
v 0.553325 -2.616038 2.797363
v 0.738066 -2.622190 2.873884
v 0.743168 -2.545647 2.873884
v 0.738066 -2.622190 -2.873884
v 0.738066 -9.023114 -2.873884
v 0.553325 -2.616038 -2.797362
v 0.738066 -9.023114 -2.873884
v 0.553325 -8.838373 -2.797362
v 0.553325 -2.616038 -2.797362
v 0.553325 -2.616038 -2.797362
v 0.553325 -8.838373 -2.797362
v 0.476804 -2.613491 -2.612622
v 0.553325 -8.838373 -2.797362
v 0.476804 -8.761851 -2.612622
v 0.476804 -2.613491 -2.612622
v 0.476804 -2.613491 -2.612622
v 0.476804 -8.761851 -2.612622
v 0.476804 -2.613491 2.612622
v 0.476804 -8.761851 -2.612622
v 0.476804 -8.761851 2.612622
v 0.476804 -2.613491 2.612622
v 0.476804 -2.613491 2.612622
v 0.476804 -8.761851 2.612622
v 0.553325 -2.616038 2.797363
v 0.476804 -8.761851 2.612622
v 0.553325 -8.838373 2.797363
v 0.553325 -2.616038 2.797363
v 0.553325 -2.616038 2.797363
v 0.553325 -8.838373 2.797363
v 0.738066 -2.622190 2.873884
v 0.553325 -8.838373 2.797363
v 0.738066 -9.023114 2.873884
v 0.738066 -2.622190 2.873884
v 0.738066 -9.023114 -2.873884
v -0.738066 -9.023114 -2.873884
v 0.553325 -8.838373 -2.797362
v -0.738066 -9.023114 -2.873884
v -0.553325 -8.838373 -2.797362
v 0.553325 -8.838373 -2.797362
v 0.553325 -8.838373 -2.797362
v -0.553325 -8.838373 -2.797362
v 0.476804 -8.761851 -2.612622
v -0.553325 -8.838373 -2.797362
v -0.476804 -8.761851 -2.612622
v 0.476804 -8.761851 -2.612622
v 0.476804 -8.761851 -2.612622
v -0.476804 -8.761851 -2.612622
v 0.476804 -8.761851 2.612622
v -0.476804 -8.761851 -2.612622
v -0.476804 -8.761851 2.612622
v 0.476804 -8.761851 2.612622
v 0.476804 -8.761851 2.612622
v -0.476804 -8.761851 2.612622
v 0.553325 -8.838373 2.797363
v -0.476804 -8.761851 2.612622
v -0.553325 -8.838373 2.797363
v 0.553325 -8.838373 2.797363
v 0.553325 -8.838373 2.797363
v -0.553325 -8.838373 2.797363
v 0.738066 -9.023114 2.873884
v -0.553325 -8.838373 2.797363
v -0.738066 -9.023114 2.873884
v 0.738066 -9.023114 2.873884
v -0.738066 -9.023114 -2.873884
v -0.738066 -2.622190 -2.873884
v -0.553325 -8.838373 -2.797362
v -0.738066 -2.622190 -2.873884
v -0.553325 -2.616038 -2.797362
v -0.553325 -8.838373 -2.797362
v -0.553325 -8.838373 -2.797362
v -0.553325 -2.616038 -2.797362
v -0.476804 -8.761851 -2.612622
v -0.553325 -2.616038 -2.797362
v -0.476804 -2.613491 -2.612622
v -0.476804 -8.761851 -2.612622
v -0.476804 -8.761851 -2.612622
v -0.476804 -2.613491 -2.612622
v -0.476804 -8.761851 2.612622
v -0.476804 -2.613491 -2.612622
v -0.476804 -2.613491 2.612622
v -0.476804 -8.761851 2.612622
v -0.476804 -8.761851 2.612622
v -0.476804 -2.613491 2.612622
v -0.553325 -8.838373 2.797363
v -0.476804 -2.613491 2.612622
v -0.553325 -2.616038 2.797363
v -0.553325 -8.838373 2.797363
v -0.553325 -8.838373 2.797363
v -0.553325 -2.616038 2.797363
v -0.738066 -9.023114 2.873884
v -0.553325 -2.616038 2.797363
v -0.738066 -2.622190 2.873884
v -0.738066 -9.023114 2.873884
v -0.738066 -2.622190 -2.873884
v -0.743168 -2.545647 -2.873884
v -0.553325 -2.616038 -2.797362
v -0.743168 -2.545647 -2.873884
v -0.559824 -2.518560 -2.797362
v -0.553325 -2.616038 -2.797362
v -0.553325 -2.616038 -2.797362
v -0.559824 -2.518560 -2.797362
v -0.476804 -2.613491 -2.612622
v -0.559824 -2.518560 -2.797362
v -0.483880 -2.507339 -2.612622
v -0.476804 -2.613491 -2.612622
v -0.476804 -2.613491 -2.612622
v -0.483880 -2.507339 -2.612622
v -0.476804 -2.613491 2.612622
v -0.483880 -2.507339 -2.612622
v -0.483880 -2.507339 2.612622
v -0.476804 -2.613491 2.612622
v -0.476804 -2.613491 2.612622
v -0.483880 -2.507339 2.612622
v -0.553325 -2.616038 2.797363
v -0.483880 -2.507339 2.612622
v -0.559824 -2.518560 2.797363
v -0.553325 -2.616038 2.797363
v -0.553325 -2.616038 2.797363
v -0.559824 -2.518560 2.797363
v -0.738066 -2.622190 2.873884
v -0.559824 -2.518560 2.797363
v -0.743168 -2.545647 2.873884
v -0.738066 -2.622190 2.873884
v -0.743168 -2.545647 -2.873884
v -0.758477 -2.479311 -2.873884
v -0.559824 -2.518560 -2.797362
v -0.758477 -2.479311 -2.873884
v -0.582632 -2.419726 -2.797362
v -0.559824 -2.518560 -2.797362
v -0.559824 -2.518560 -2.797362
v -0.582632 -2.419726 -2.797362
v -0.483880 -2.507339 -2.612622
v -0.582632 -2.419726 -2.797362
v -0.509795 -2.395043 -2.612622
v -0.483880 -2.507339 -2.612622
v -0.483880 -2.507339 -2.612622
v -0.509795 -2.395043 -2.612622
v -0.483880 -2.507339 2.612622
v -0.509795 -2.395043 -2.612622
v -0.509795 -2.395043 2.612622
v -0.483880 -2.507339 2.612622
v -0.483880 -2.507339 2.612622
v -0.509795 -2.395043 2.612622
v -0.559824 -2.518560 2.797363
v -0.509795 -2.395043 2.612622
v -0.582632 -2.419726 2.797363
v -0.559824 -2.518560 2.797363
v -0.559824 -2.518560 2.797363
v -0.582632 -2.419726 2.797363
v -0.743168 -2.545647 2.873884
v -0.582632 -2.419726 2.797363
v -0.758477 -2.479311 2.873884
v -0.743168 -2.545647 2.873884
v -0.758477 -2.479311 -2.873884
v -0.783991 -2.423182 -2.873884
v -0.582632 -2.419726 -2.797362
v -0.783991 -2.423182 -2.873884
v -0.624811 -2.326932 -2.797362
v -0.582632 -2.419726 -2.797362
v -0.582632 -2.419726 -2.797362
v -0.624811 -2.326932 -2.797362
v -0.509795 -2.395043 -2.612622
v -0.624811 -2.326932 -2.797362
v -0.558876 -2.287064 -2.612622
v -0.509795 -2.395043 -2.612622
v -0.509795 -2.395043 -2.612622
v -0.558876 -2.287064 -2.612622
v -0.509795 -2.395043 2.612622
v -0.558876 -2.287064 -2.612622
v -0.558876 -2.287064 2.612622
v -0.509795 -2.395043 2.612622
v -0.509795 -2.395043 2.612622
v -0.558876 -2.287064 2.612622
v -0.582632 -2.419726 2.797363
v -0.558876 -2.287064 2.612622
v -0.624811 -2.326932 2.797363
v -0.582632 -2.419726 2.797363
v -0.582632 -2.419726 2.797363
v -0.624811 -2.326932 2.797363
v -0.758477 -2.479311 2.873884
v -0.624811 -2.326932 2.797363
v -0.783991 -2.423182 2.873884
v -0.758477 -2.479311 2.873884
v -0.783991 -2.423182 -2.873884
v -0.819710 -2.377256 -2.873884
v -0.624811 -2.326932 -2.797362
v -0.819710 -2.377256 -2.873884
v -0.688063 -2.245608 -2.797362
v -0.624811 -2.326932 -2.797362
v -0.624811 -2.326932 -2.797362
v -0.688063 -2.245608 -2.797362
v -0.558876 -2.287064 -2.612622
v -0.688063 -2.245608 -2.797362
v -0.633532 -2.191078 -2.612622
v -0.558876 -2.287064 -2.612622
v -0.558876 -2.287064 -2.612622
v -0.633532 -2.191078 -2.612622
v -0.558876 -2.287064 2.612622
v -0.633532 -2.191078 -2.612622
v -0.633532 -2.191078 2.612622
v -0.558876 -2.287064 2.612622
v -0.558876 -2.287064 2.612622
v -0.633532 -2.191078 2.612622
v -0.624811 -2.326932 2.797363
v -0.633532 -2.191078 2.612622
v -0.688063 -2.245608 2.797363
v -0.624811 -2.326932 2.797363
v -0.624811 -2.326932 2.797363
v -0.688063 -2.245608 2.797363
v -0.783991 -2.423182 2.873884
v -0.688063 -2.245608 2.797363
v -0.819710 -2.377256 2.873884
v -0.783991 -2.423182 2.873884
v -0.819710 -2.377256 -2.873884
v -0.865635 -2.341537 -2.873884
v -0.688063 -2.245608 -2.797362
v -0.865635 -2.341537 -2.873884
v -0.769386 -2.182358 -2.797362
v -0.688063 -2.245608 -2.797362
v -0.688063 -2.245608 -2.797362
v -0.769386 -2.182358 -2.797362
v -0.633532 -2.191078 -2.612622
v -0.769386 -2.182358 -2.797362
v -0.729519 -2.116423 -2.612622
v -0.633532 -2.191078 -2.612622
v -0.633532 -2.191078 -2.612622
v -0.729519 -2.116423 -2.612622
v -0.633532 -2.191078 2.612622
v -0.729519 -2.116423 -2.612622
v -0.729519 -2.116423 2.612622
v -0.633532 -2.191078 2.612622
v -0.633532 -2.191078 2.612622
v -0.729519 -2.116423 2.612622
v -0.688063 -2.245608 2.797363
v -0.729519 -2.116423 2.612622
v -0.769386 -2.182358 2.797363
v -0.688063 -2.245608 2.797363
v -0.688063 -2.245608 2.797363
v -0.769386 -2.182358 2.797363
v -0.819710 -2.377256 2.873884
v -0.769386 -2.182358 2.797363
v -0.865635 -2.341537 2.873884
v -0.819710 -2.377256 2.873884
v -0.865635 -2.341537 -2.873884
v -0.921766 -2.316022 -2.873884
v -0.769386 -2.182358 -2.797362
v -0.921766 -2.316022 -2.873884
v -0.862180 -2.140178 -2.797362
v -0.769386 -2.182358 -2.797362
v -0.769386 -2.182358 -2.797362
v -0.862180 -2.140178 -2.797362
v -0.729519 -2.116423 -2.612622
v -0.862180 -2.140178 -2.797362
v -0.837498 -2.067341 -2.612622
v -0.729519 -2.116423 -2.612622
v -0.729519 -2.116423 -2.612622
v -0.837498 -2.067341 -2.612622
v -0.729519 -2.116423 2.612622
v -0.837498 -2.067341 -2.612622
v -0.837498 -2.067341 2.612622
v -0.729519 -2.116423 2.612622
v -0.729519 -2.116423 2.612622
v -0.837498 -2.067341 2.612622
v -0.769386 -2.182358 2.797363
v -0.837498 -2.067341 2.612622
v -0.862180 -2.140178 2.797363
v -0.769386 -2.182358 2.797363
v -0.769386 -2.182358 2.797363
v -0.862180 -2.140178 2.797363
v -0.865635 -2.341537 2.873884
v -0.862180 -2.140178 2.797363
v -0.921766 -2.316022 2.873884
v -0.865635 -2.341537 2.873884
v -0.921766 -2.316022 -2.873884
v -0.988102 -2.300715 -2.873884
v -0.862180 -2.140178 -2.797362
v -0.988102 -2.300715 -2.873884
v -0.961014 -2.117370 -2.797362
v -0.862180 -2.140178 -2.797362
v -0.862180 -2.140178 -2.797362
v -0.961014 -2.117370 -2.797362
v -0.837498 -2.067341 -2.612622
v -0.961014 -2.117370 -2.797362
v -0.949793 -2.041426 -2.612622
v -0.837498 -2.067341 -2.612622
v -0.837498 -2.067341 -2.612622
v -0.949793 -2.041426 -2.612622
v -0.837498 -2.067341 2.612622
v -0.949793 -2.041426 -2.612622
v -0.949793 -2.041426 2.612622
v -0.837498 -2.067341 2.612622
v -0.837498 -2.067341 2.612622
v -0.949793 -2.041426 2.612622
v -0.862180 -2.140178 2.797363
v -0.949793 -2.041426 2.612622
v -0.961014 -2.117370 2.797363
v -0.862180 -2.140178 2.797363
v -0.862180 -2.140178 2.797363
v -0.961014 -2.117370 2.797363
v -0.921766 -2.316022 2.873884
v -0.961014 -2.117370 2.797363
v -0.988102 -2.300715 2.873884
v -0.921766 -2.316022 2.873884
v -0.988102 -2.300715 -2.873884
v -1.064643 -2.295612 -2.873884
v -0.961014 -2.117370 -2.797362
v -1.064643 -2.295612 -2.873884
v -1.058492 -2.110872 -2.797362
v -0.961014 -2.117370 -2.797362
v -0.961014 -2.117370 -2.797362
v -1.058492 -2.110872 -2.797362
v -0.949793 -2.041426 -2.612622
v -1.058492 -2.110872 -2.797362
v -1.055944 -2.034349 -2.612622
v -0.949793 -2.041426 -2.612622
v -0.949793 -2.041426 -2.612622
v -1.055944 -2.034349 -2.612622
v -0.949793 -2.041426 2.612622
v -1.055944 -2.034349 -2.612622
v -1.055944 -2.034349 2.612622
v -0.949793 -2.041426 2.612622
v -0.949793 -2.041426 2.612622
v -1.055944 -2.034349 2.612622
v -0.961014 -2.117370 2.797363
v -1.055944 -2.034349 2.612622
v -1.058492 -2.110872 2.797363
v -0.961014 -2.117370 2.797363
v -0.961014 -2.117370 2.797363
v -1.058492 -2.110872 2.797363
v -0.988102 -2.300715 2.873884
v -1.058492 -2.110872 2.797363
v -1.064643 -2.295612 2.873884
v -0.988102 -2.300715 2.873884
v -1.064643 -2.295612 -2.873884
v -5.623669 -2.295612 -2.873884
v -1.058492 -2.110872 -2.797362
v -5.623669 -2.295612 -2.873884
v -5.629820 -2.110872 -2.797362
v -1.058492 -2.110872 -2.797362
v -1.058492 -2.110872 -2.797362
v -5.629820 -2.110872 -2.797362
v -1.055944 -2.034349 -2.612622
v -5.629820 -2.110872 -2.797362
v -5.632368 -2.034349 -2.612622
v -1.055944 -2.034349 -2.612622
v -1.055944 -2.034349 -2.612622
v -5.632368 -2.034349 -2.612622
v -1.055944 -2.034349 2.612622
v -5.632368 -2.034349 -2.612622
v -5.632368 -2.034349 2.612622
v -1.055944 -2.034349 2.612622
v -1.055944 -2.034349 2.612622
v -5.632368 -2.034349 2.612622
v -1.058492 -2.110872 2.797363
v -5.632368 -2.034349 2.612622
v -5.629820 -2.110872 2.797363
v -1.058492 -2.110872 2.797363
v -1.058492 -2.110872 2.797363
v -5.629820 -2.110872 2.797363
v -1.064643 -2.295612 2.873884
v -5.629820 -2.110872 2.797363
v -5.623669 -2.295612 2.873884
v -1.064643 -2.295612 2.873884
v -5.623669 -2.295612 -2.873884
v -5.700211 -2.300715 -2.873884
v -5.629820 -2.110872 -2.797362
v -5.700211 -2.300715 -2.873884
v -5.727299 -2.117370 -2.797362
v -5.629820 -2.110872 -2.797362
v -5.629820 -2.110872 -2.797362
v -5.727299 -2.117370 -2.797362
v -5.632368 -2.034349 -2.612622
v -5.727299 -2.117370 -2.797362
v -5.738519 -2.041426 -2.612622
v -5.632368 -2.034349 -2.612622
v -5.632368 -2.034349 -2.612622
v -5.738519 -2.041426 -2.612622
v -5.632368 -2.034349 2.612622
v -5.738519 -2.041426 -2.612622
v -5.738519 -2.041426 2.612622
v -5.632368 -2.034349 2.612622
v -5.632368 -2.034349 2.612622
v -5.738519 -2.041426 2.612622
v -5.629820 -2.110872 2.797363
v -5.738519 -2.041426 2.612622
v -5.727299 -2.117370 2.797363
v -5.629820 -2.110872 2.797363
v -5.629820 -2.110872 2.797363
v -5.727299 -2.117370 2.797363
v -5.623669 -2.295612 2.873884
v -5.727299 -2.117370 2.797363
v -5.700211 -2.300715 2.873884
v -5.623669 -2.295612 2.873884
v -5.700211 -2.300715 -2.873884
v -5.766547 -2.316022 -2.873884
v -5.727299 -2.117370 -2.797362
v -5.766547 -2.316022 -2.873884
v -5.826133 -2.140178 -2.797362
v -5.727299 -2.117370 -2.797362
v -5.727299 -2.117370 -2.797362
v -5.826133 -2.140178 -2.797362
v -5.738519 -2.041426 -2.612622
v -5.826133 -2.140178 -2.797362
v -5.850814 -2.067341 -2.612622
v -5.738519 -2.041426 -2.612622
v -5.738519 -2.041426 -2.612622
v -5.850814 -2.067341 -2.612622
v -5.738519 -2.041426 2.612622
v -5.850814 -2.067341 -2.612622
v -5.850814 -2.067341 2.612622
v -5.738519 -2.041426 2.612622
v -5.738519 -2.041426 2.612622
v -5.850814 -2.067341 2.612622
v -5.727299 -2.117370 2.797363
v -5.850814 -2.067341 2.612622
v -5.826133 -2.140178 2.797363
v -5.727299 -2.117370 2.797363
v -5.727299 -2.117370 2.797363
v -5.826133 -2.140178 2.797363
v -5.700211 -2.300715 2.873884
v -5.826133 -2.140178 2.797363
v -5.766547 -2.316022 2.873884
v -5.700211 -2.300715 2.873884
v -5.766547 -2.316022 -2.873884
v -5.822677 -2.341537 -2.873884
v -5.826133 -2.140178 -2.797362
v -5.822677 -2.341537 -2.873884
v -5.918926 -2.182358 -2.797362
v -5.826133 -2.140178 -2.797362
v -5.826133 -2.140178 -2.797362
v -5.918926 -2.182358 -2.797362
v -5.850814 -2.067341 -2.612622
v -5.918926 -2.182358 -2.797362
v -5.958794 -2.116423 -2.612622
v -5.850814 -2.067341 -2.612622
v -5.850814 -2.067341 -2.612622
v -5.958794 -2.116423 -2.612622
v -5.850814 -2.067341 2.612622
v -5.958794 -2.116423 -2.612622
v -5.958794 -2.116423 2.612622
v -5.850814 -2.067341 2.612622
v -5.850814 -2.067341 2.612622
v -5.958794 -2.116423 2.612622
v -5.826133 -2.140178 2.797363
v -5.958794 -2.116423 2.612622
v -5.918926 -2.182358 2.797363
v -5.826133 -2.140178 2.797363
v -5.826133 -2.140178 2.797363
v -5.918926 -2.182358 2.797363
v -5.766547 -2.316022 2.873884
v -5.918926 -2.182358 2.797363
v -5.822677 -2.341537 2.873884
v -5.766547 -2.316022 2.873884
v -5.822677 -2.341537 -2.873884
v -5.868602 -2.377256 -2.873884
v -5.918926 -2.182358 -2.797362
v -5.868602 -2.377256 -2.873884
v -6.000250 -2.245608 -2.797362
v -5.918926 -2.182358 -2.797362
v -5.918926 -2.182358 -2.797362
v -6.000250 -2.245608 -2.797362
v -5.958794 -2.116423 -2.612622
v -6.000250 -2.245608 -2.797362
v -6.054780 -2.191078 -2.612622
v -5.958794 -2.116423 -2.612622
v -5.958794 -2.116423 -2.612622
v -6.054780 -2.191078 -2.612622
v -5.958794 -2.116423 2.612622
v -6.054780 -2.191078 -2.612622
v -6.054780 -2.191078 2.612622
v -5.958794 -2.116423 2.612622
v -5.958794 -2.116423 2.612622
v -6.054780 -2.191078 2.612622
v -5.918926 -2.182358 2.797363
v -6.054780 -2.191078 2.612622
v -6.000250 -2.245608 2.797363
v -5.918926 -2.182358 2.797363
v -5.918926 -2.182358 2.797363
v -6.000250 -2.245608 2.797363
v -5.822677 -2.341537 2.873884
v -6.000250 -2.245608 2.797363
v -5.868602 -2.377256 2.873884
v -5.822677 -2.341537 2.873884
v -5.868602 -2.377256 -2.873884
v -5.904321 -2.423182 -2.873884
v -6.000250 -2.245608 -2.797362
v -5.904321 -2.423182 -2.873884
v -6.063502 -2.326932 -2.797362
v -6.000250 -2.245608 -2.797362
v -6.000250 -2.245608 -2.797362
v -6.063502 -2.326932 -2.797362
v -6.054780 -2.191078 -2.612622
v -6.063502 -2.326932 -2.797362
v -6.129436 -2.287064 -2.612622
v -6.054780 -2.191078 -2.612622
v -6.054780 -2.191078 -2.612622
v -6.129436 -2.287064 -2.612622
v -6.054780 -2.191078 2.612622
v -6.129436 -2.287064 -2.612622
v -6.129436 -2.287064 2.612622
v -6.054780 -2.191078 2.612622
v -6.054780 -2.191078 2.612622
v -6.129436 -2.287064 2.612622
v -6.000250 -2.245608 2.797363
v -6.129436 -2.287064 2.612622
v -6.063502 -2.326932 2.797363
v -6.000250 -2.245608 2.797363
v -6.000250 -2.245608 2.797363
v -6.063502 -2.326932 2.797363
v -5.868602 -2.377256 2.873884
v -6.063502 -2.326932 2.797363
v -5.904321 -2.423182 2.873884
v -5.868602 -2.377256 2.873884
v -5.904321 -2.423182 -2.873884
v -5.929836 -2.479311 -2.873884
v -6.063502 -2.326932 -2.797362
v -5.929836 -2.479311 -2.873884
v -6.105680 -2.419726 -2.797362
v -6.063502 -2.326932 -2.797362
v -6.063502 -2.326932 -2.797362
v -6.105680 -2.419726 -2.797362
v -6.129436 -2.287064 -2.612622
v -6.105680 -2.419726 -2.797362
v -6.178518 -2.395043 -2.612622
v -6.129436 -2.287064 -2.612622
v -6.129436 -2.287064 -2.612622
v -6.178518 -2.395043 -2.612622
v -6.129436 -2.287064 2.612622
v -6.178518 -2.395043 -2.612622
v -6.178518 -2.395043 2.612622
v -6.129436 -2.287064 2.612622
v -6.129436 -2.287064 2.612622
v -6.178518 -2.395043 2.612622
v -6.063502 -2.326932 2.797363
v -6.178518 -2.395043 2.612622
v -6.105680 -2.419726 2.797363
v -6.063502 -2.326932 2.797363
v -6.063502 -2.326932 2.797363
v -6.105680 -2.419726 2.797363
v -5.904321 -2.423182 2.873884
v -6.105680 -2.419726 2.797363
v -5.929836 -2.479311 2.873884
v -5.904321 -2.423182 2.873884
v -5.929836 -2.479311 -2.873884
v -5.945144 -2.545647 -2.873884
v -6.105680 -2.419726 -2.797362
v -5.945144 -2.545647 -2.873884
v -6.128489 -2.518560 -2.797362
v -6.105680 -2.419726 -2.797362
v -6.105680 -2.419726 -2.797362
v -6.128489 -2.518560 -2.797362
v -6.178518 -2.395043 -2.612622
v -6.128489 -2.518560 -2.797362
v -6.204432 -2.507339 -2.612622
v -6.178518 -2.395043 -2.612622
v -6.178518 -2.395043 -2.612622
v -6.204432 -2.507339 -2.612622
v -6.178518 -2.395043 2.612622
v -6.204432 -2.507339 -2.612622
v -6.204432 -2.507339 2.612622
v -6.178518 -2.395043 2.612622
v -6.178518 -2.395043 2.612622
v -6.204432 -2.507339 2.612622
v -6.105680 -2.419726 2.797363
v -6.204432 -2.507339 2.612622
v -6.128489 -2.518560 2.797363
v -6.105680 -2.419726 2.797363
v -6.105680 -2.419726 2.797363
v -6.128489 -2.518560 2.797363
v -5.929836 -2.479311 2.873884
v -6.128489 -2.518560 2.797363
v -5.945144 -2.545647 2.873884
v -5.929836 -2.479311 2.873884
v -5.945144 -2.545647 -2.873884
v -5.950246 -2.622190 -2.873884
v -6.128489 -2.518560 -2.797362
v -5.950246 -2.622190 -2.873884
v -6.134987 -2.616038 -2.797362
v -6.128489 -2.518560 -2.797362
v -6.128489 -2.518560 -2.797362
v -6.134987 -2.616038 -2.797362
v -6.204432 -2.507339 -2.612622
v -6.134987 -2.616038 -2.797362
v -6.211509 -2.613491 -2.612622
v -6.204432 -2.507339 -2.612622
v -6.204432 -2.507339 -2.612622
v -6.211509 -2.613491 -2.612622
v -6.204432 -2.507339 2.612622
v -6.211509 -2.613491 -2.612622
v -6.211509 -2.613491 2.612622
v -6.204432 -2.507339 2.612622
v -6.204432 -2.507339 2.612622
v -6.211509 -2.613491 2.612622
v -6.128489 -2.518560 2.797363
v -6.211509 -2.613491 2.612622
v -6.134987 -2.616038 2.797363
v -6.128489 -2.518560 2.797363
v -6.128489 -2.518560 2.797363
v -6.134987 -2.616038 2.797363
v -5.945144 -2.545647 2.873884
v -6.134987 -2.616038 2.797363
v -5.950246 -2.622190 2.873884
v -5.945144 -2.545647 2.873884
v -5.950246 -2.622190 -2.873884
v -5.950246 -9.114555 -2.873884
v -6.134987 -2.616038 -2.797362
v -5.950246 -9.114555 -2.873884
v -6.134987 -9.115535 -2.797362
v -6.134987 -2.616038 -2.797362
v -6.134987 -2.616038 -2.797362
v -6.134987 -9.115535 -2.797362
v -6.211509 -2.613491 -2.612622
v -6.134987 -9.115535 -2.797362
v -6.211509 -9.115941 -2.612622
v -6.211509 -2.613491 -2.612622
v -6.211509 -2.613491 -2.612622
v -6.211509 -9.115941 -2.612622
v -6.211509 -2.613491 2.612622
v -6.211509 -9.115941 -2.612622
v -6.211509 -9.115941 2.612622
v -6.211509 -2.613491 2.612622
v -6.211509 -2.613491 2.612622
v -6.211509 -9.115941 2.612622
v -6.134987 -2.616038 2.797363
v -6.211509 -9.115941 2.612622
v -6.134987 -9.115535 2.797363
v -6.134987 -2.616038 2.797363
v -6.134987 -2.616038 2.797363
v -6.134987 -9.115535 2.797363
v -5.950246 -2.622190 2.873884
v -6.134987 -9.115535 2.797363
v -5.950246 -9.114555 2.873884
v -5.950246 -2.622190 2.873884
v -5.950246 -9.114555 -2.873884
v -5.949940 -9.143437 -2.873884
v -6.134987 -9.115535 -2.797362
v -5.949940 -9.143437 -2.873884
v -6.134648 -9.147461 -2.797362
v -6.134987 -9.115535 -2.797362
v -6.134987 -9.115535 -2.797362
v -6.134648 -9.147461 -2.797362
v -6.211509 -9.115941 -2.612622
v -6.134648 -9.147461 -2.797362
v -6.211157 -9.149127 -2.612622
v -6.211509 -9.115941 -2.612622
v -6.211509 -9.115941 -2.612622
v -6.211157 -9.149127 -2.612622
v -6.211509 -9.115941 2.612622
v -6.211157 -9.149127 -2.612622
v -6.211157 -9.149127 2.612622
v -6.211509 -9.115941 2.612622
v -6.211509 -9.115941 2.612622
v -6.211157 -9.149127 2.612622
v -6.134987 -9.115535 2.797363
v -6.211157 -9.149127 2.612622
v -6.134648 -9.147461 2.797363
v -6.134987 -9.115535 2.797363
v -6.134987 -9.115535 2.797363
v -6.134648 -9.147461 2.797363
v -5.950246 -9.114555 2.873884
v -6.134648 -9.147461 2.797363
v -5.949940 -9.143437 2.873884
v -5.950246 -9.114555 2.873884
v -5.949940 -9.143437 -2.873884
v -5.949022 -9.171299 -2.873884
v -6.134648 -9.147461 -2.797362
v -5.949022 -9.171299 -2.873884
v -6.133589 -9.179603 -2.797362
v -6.134648 -9.147461 -2.797362
v -6.134648 -9.147461 -2.797362
v -6.133589 -9.179603 -2.797362
v -6.211157 -9.149127 -2.612622
v -6.133589 -9.179603 -2.797362
v -6.210039 -9.183043 -2.612622
v -6.211157 -9.149127 -2.612622
v -6.211157 -9.149127 -2.612622
v -6.210039 -9.183043 -2.612622
v -6.211157 -9.149127 2.612622
v -6.210039 -9.183043 -2.612622
v -6.210039 -9.183043 2.612622
v -6.211157 -9.149127 2.612622
v -6.211157 -9.149127 2.612622
v -6.210039 -9.183043 2.612622
v -6.134648 -9.147461 2.797363
v -6.210039 -9.183043 2.612622
v -6.133589 -9.179603 2.797363
v -6.134648 -9.147461 2.797363
v -6.134648 -9.147461 2.797363
v -6.133589 -9.179603 2.797363
v -5.949940 -9.143437 2.873884
v -6.133589 -9.179603 2.797363
v -5.949022 -9.171299 2.873884
v -5.949940 -9.143437 2.873884
v -5.949022 -9.171299 -2.873884
v -5.947491 -9.198139 -2.873884
v -6.133589 -9.179603 -2.797362
v -5.947491 -9.198139 -2.873884
v -6.131796 -9.211042 -2.797362
v -6.133589 -9.179603 -2.797362
v -6.133589 -9.179603 -2.797362
v -6.131796 -9.211042 -2.797362
v -6.210039 -9.183043 -2.612622
v -6.131796 -9.211042 -2.797362
v -6.208137 -9.216386 -2.612622
v -6.210039 -9.183043 -2.612622
v -6.210039 -9.183043 -2.612622
v -6.208137 -9.216386 -2.612622
v -6.210039 -9.183043 2.612622
v -6.208137 -9.216386 -2.612622
v -6.208137 -9.216386 2.612622
v -6.210039 -9.183043 2.612622
v -6.210039 -9.183043 2.612622
v -6.208137 -9.216386 2.612622
v -6.133589 -9.179603 2.797363
v -6.208137 -9.216386 2.612622
v -6.131796 -9.211042 2.797363
v -6.133589 -9.179603 2.797363
v -6.133589 -9.179603 2.797363
v -6.131796 -9.211042 2.797363
v -5.949022 -9.171299 2.873884
v -6.131796 -9.211042 2.797363
v -5.947491 -9.198139 2.873884
v -5.949022 -9.171299 2.873884
v -5.947491 -9.198139 -2.873884
v -5.945348 -9.223959 -2.873884
v -6.131796 -9.211042 -2.797362
v -5.945348 -9.223959 -2.873884
v -6.129243 -9.241804 -2.797362
v -6.131796 -9.211042 -2.797362
v -6.131796 -9.211042 -2.797362
v -6.129243 -9.241804 -2.797362
v -6.208137 -9.216386 -2.612622
v -6.129243 -9.241804 -2.797362
v -6.205414 -9.249195 -2.612622
v -6.208137 -9.216386 -2.612622
v -6.208137 -9.216386 -2.612622
v -6.205414 -9.249195 -2.612622
v -6.208137 -9.216386 2.612622
v -6.205414 -9.249195 -2.612622
v -6.205414 -9.249195 2.612622
v -6.208137 -9.216386 2.612622
v -6.208137 -9.216386 2.612622
v -6.205414 -9.249195 2.612622
v -6.131796 -9.211042 2.797363
v -6.205414 -9.249195 2.612622
v -6.129243 -9.241804 2.797363
v -6.131796 -9.211042 2.797363
v -6.131796 -9.211042 2.797363
v -6.129243 -9.241804 2.797363
v -5.947491 -9.198139 2.873884
v -6.129243 -9.241804 2.797363
v -5.945348 -9.223959 2.873884
v -5.947491 -9.198139 2.873884
v -5.945348 -9.223959 -2.873884
v -5.942593 -9.248759 -2.873884
v -6.129243 -9.241804 -2.797362
v -5.942593 -9.248759 -2.873884
v -6.125896 -9.271918 -2.797362
v -6.129243 -9.241804 -2.797362
v -6.129243 -9.241804 -2.797362
v -6.125896 -9.271918 -2.797362
v -6.205414 -9.249195 -2.612622
v -6.125896 -9.271918 -2.797362
v -6.201823 -9.281511 -2.612622
v -6.205414 -9.249195 -2.612622
v -6.205414 -9.249195 -2.612622
v -6.201823 -9.281511 -2.612622
v -6.205414 -9.249195 2.612622
v -6.201823 -9.281511 -2.612622
v -6.201823 -9.281511 2.612622
v -6.205414 -9.249195 2.612622
v -6.205414 -9.249195 2.612622
v -6.201823 -9.281511 2.612622
v -6.129243 -9.241804 2.797363
v -6.201823 -9.281511 2.612622
v -6.125896 -9.271918 2.797363
v -6.129243 -9.241804 2.797363
v -6.129243 -9.241804 2.797363
v -6.125896 -9.271918 2.797363
v -5.945348 -9.223959 2.873884
v -6.125896 -9.271918 2.797363
v -5.942593 -9.248759 2.873884
v -5.945348 -9.223959 2.873884
v -5.942593 -9.248759 -2.873884
v -5.939224 -9.272538 -2.873884
v -6.125896 -9.271918 -2.797362
v -5.939224 -9.272538 -2.873884
v -6.121719 -9.301411 -2.797362
v -6.125896 -9.271918 -2.797362
v -6.125896 -9.271918 -2.797362
v -6.121719 -9.301411 -2.797362
v -6.201823 -9.281511 -2.612622
v -6.121719 -9.301411 -2.797362
v -6.197311 -9.313371 -2.612622
v -6.201823 -9.281511 -2.612622
v -6.201823 -9.281511 -2.612622
v -6.197311 -9.313371 -2.612622
v -6.201823 -9.281511 2.612622
v -6.197311 -9.313371 -2.612622
v -6.197311 -9.313371 2.612622
v -6.201823 -9.281511 2.612622
v -6.201823 -9.281511 2.612622
v -6.197311 -9.313371 2.612622
v -6.125896 -9.271918 2.797363
v -6.197311 -9.313371 2.612622
v -6.121719 -9.301411 2.797363
v -6.125896 -9.271918 2.797363
v -6.125896 -9.271918 2.797363
v -6.121719 -9.301411 2.797363
v -5.942593 -9.248759 2.873884
v -6.121719 -9.301411 2.797363
v -5.939224 -9.272538 2.873884
v -5.942593 -9.248759 2.873884
v -5.939224 -9.272538 -2.873884
v -5.935244 -9.295296 -2.873884
v -6.121719 -9.301411 -2.797362
v -5.935244 -9.295296 -2.873884
v -6.116665 -9.330313 -2.797362
v -6.121719 -9.301411 -2.797362
v -6.121719 -9.301411 -2.797362
v -6.116665 -9.330313 -2.797362
v -6.197311 -9.313371 -2.612622
v -6.116665 -9.330313 -2.797362
v -6.191811 -9.344818 -2.612622
v -6.197311 -9.313371 -2.612622
v -6.197311 -9.313371 -2.612622
v -6.191811 -9.344818 -2.612622
v -6.197311 -9.313371 2.612622
v -6.191811 -9.344818 -2.612622
v -6.191811 -9.344818 2.612622
v -6.197311 -9.313371 2.612622
v -6.197311 -9.313371 2.612622
v -6.191811 -9.344818 2.612622
v -6.121719 -9.301411 2.797363
v -6.191811 -9.344818 2.612622
v -6.116665 -9.330313 2.797363
v -6.121719 -9.301411 2.797363
v -6.121719 -9.301411 2.797363
v -6.116665 -9.330313 2.797363
v -5.939224 -9.272538 2.873884
v -6.116665 -9.330313 2.797363
v -5.935244 -9.295296 2.873884
v -5.939224 -9.272538 2.873884
v -5.935244 -9.295296 -2.873884
v -5.930652 -9.317034 -2.873884
v -6.116665 -9.330313 -2.797362
v -5.930652 -9.317034 -2.873884
v -6.110172 -9.361048 -2.797362
v -6.116665 -9.330313 -2.797362
v -6.116665 -9.330313 -2.797362
v -6.110172 -9.361048 -2.797362
v -6.191811 -9.344818 -2.612622
v -6.110172 -9.361048 -2.797362
v -6.184531 -9.379279 -2.612622
v -6.191811 -9.344818 -2.612622
v -6.191811 -9.344818 -2.612622
v -6.184531 -9.379279 -2.612622
v -6.191811 -9.344818 2.612622
v -6.184531 -9.379279 -2.612622
v -6.184531 -9.379279 2.612622
v -6.191811 -9.344818 2.612622
v -6.191811 -9.344818 2.612622
v -6.184531 -9.379279 2.612622
v -6.116665 -9.330313 2.797363
v -6.184531 -9.379279 2.612622
v -6.110172 -9.361048 2.797363
v -6.116665 -9.330313 2.797363
v -6.116665 -9.330313 2.797363
v -6.110172 -9.361048 2.797363
v -5.935244 -9.295296 2.873884
v -6.110172 -9.361048 2.797363
v -5.930652 -9.317034 2.873884
v -5.935244 -9.295296 2.873884
v -5.930652 -9.317034 -2.873884
v -5.924630 -9.338568 -2.873884
v -6.110172 -9.361048 -2.797362
v -5.924630 -9.338568 -2.873884
v -6.100441 -9.395846 -2.797362
v -6.110172 -9.361048 -2.797362
v -6.110172 -9.361048 -2.797362
v -6.100441 -9.395846 -2.797362
v -6.184531 -9.379279 -2.612622
v -6.100441 -9.395846 -2.797362
v -6.173264 -9.419573 -2.612622
v -6.184531 -9.379279 -2.612622
v -6.184531 -9.379279 -2.612622
v -6.173264 -9.419573 -2.612622
v -6.184531 -9.379279 2.612622
v -6.173264 -9.419573 -2.612622
v -6.173264 -9.419573 2.612622
v -6.184531 -9.379279 2.612622
v -6.184531 -9.379279 2.612622
v -6.173264 -9.419573 2.612622
v -6.110172 -9.361048 2.797363
v -6.173264 -9.419573 2.612622
v -6.100441 -9.395846 2.797363
v -6.110172 -9.361048 2.797363
v -6.110172 -9.361048 2.797363
v -6.100441 -9.395846 2.797363
v -5.930652 -9.317034 2.873884
v -6.100441 -9.395846 2.797363
v -5.924630 -9.338568 2.873884
v -5.930652 -9.317034 2.873884
v -5.924630 -9.338568 -2.873884
v -5.916364 -9.360714 -2.873884
v -6.100441 -9.395846 -2.797362
v -5.916364 -9.360714 -2.873884
v -6.087002 -9.431850 -2.797362
v -6.100441 -9.395846 -2.797362
v -6.100441 -9.395846 -2.797362
v -6.087002 -9.431850 -2.797362
v -6.173264 -9.419573 -2.612622
v -6.087002 -9.431850 -2.797362
v -6.157682 -9.461315 -2.612622
v -6.173264 -9.419573 -2.612622
v -6.173264 -9.419573 -2.612622
v -6.157682 -9.461315 -2.612622
v -6.173264 -9.419573 2.612622
v -6.157682 -9.461315 -2.612622
v -6.157682 -9.461315 2.612622
v -6.173264 -9.419573 2.612622
v -6.173264 -9.419573 2.612622
v -6.157682 -9.461315 2.612622
v -6.100441 -9.395846 2.797363
v -6.157682 -9.461315 2.612622
v -6.087002 -9.431850 2.797363
v -6.100441 -9.395846 2.797363
v -6.100441 -9.395846 2.797363
v -6.087002 -9.431850 2.797363
v -5.924630 -9.338568 2.873884
v -6.087002 -9.431850 2.797363
v -5.916364 -9.360714 2.873884
v -5.924630 -9.338568 2.873884
v -5.916364 -9.360714 -2.873884
v -5.905853 -9.383472 -2.873884
v -6.087002 -9.431850 -2.797362
v -5.905853 -9.383472 -2.873884
v -6.070972 -9.466554 -2.797362
v -6.087002 -9.431850 -2.797362
v -6.087002 -9.431850 -2.797362
v -6.070972 -9.466554 -2.797362
v -6.157682 -9.461315 -2.612622
v -6.070972 -9.466554 -2.797362
v -6.139368 -9.500967 -2.612622
v -6.157682 -9.461315 -2.612622
v -6.157682 -9.461315 -2.612622
v -6.139368 -9.500967 -2.612622
v -6.157682 -9.461315 2.612622
v -6.139368 -9.500967 -2.612622
v -6.139368 -9.500967 2.612622
v -6.157682 -9.461315 2.612622
v -6.157682 -9.461315 2.612622
v -6.139368 -9.500967 2.612622
v -6.087002 -9.431850 2.797363
v -6.139368 -9.500967 2.612622
v -6.070972 -9.466554 2.797363
v -6.087002 -9.431850 2.797363
v -6.087002 -9.431850 2.797363
v -6.070972 -9.466554 2.797363
v -5.916364 -9.360714 2.873884
v -6.070972 -9.466554 2.797363
v -5.905853 -9.383472 2.873884
v -5.916364 -9.360714 2.873884
v -5.905853 -9.383472 -2.873884
v -5.893096 -9.406843 -2.873884
v -6.070972 -9.466554 -2.797362
v -5.893096 -9.406843 -2.873884
v -6.052625 -9.500167 -2.797362
v -6.070972 -9.466554 -2.797362
v -6.070972 -9.466554 -2.797362
v -6.052625 -9.500167 -2.797362
v -6.139368 -9.500967 -2.612622
v -6.052625 -9.500167 -2.797362
v -6.118704 -9.538824 -2.612622
v -6.139368 -9.500967 -2.612622
v -6.139368 -9.500967 -2.612622
v -6.118704 -9.538824 -2.612622
v -6.139368 -9.500967 2.612622
v -6.118704 -9.538824 -2.612622
v -6.118704 -9.538824 2.612622
v -6.139368 -9.500967 2.612622
v -6.139368 -9.500967 2.612622
v -6.118704 -9.538824 2.612622
v -6.070972 -9.466554 2.797363
v -6.118704 -9.538824 2.612622
v -6.052625 -9.500167 2.797363
v -6.070972 -9.466554 2.797363
v -6.070972 -9.466554 2.797363
v -6.052625 -9.500167 2.797363
v -5.905853 -9.383472 2.873884
v -6.052625 -9.500167 2.797363
v -5.893096 -9.406843 2.873884
v -5.905853 -9.383472 2.873884
v -5.893096 -9.406843 -2.873884
v -5.878093 -9.430826 -2.873884
v -6.052625 -9.500167 -2.797362
v -5.878093 -9.430826 -2.873884
v -6.032139 -9.532916 -2.797362
v -6.052625 -9.500167 -2.797362
v -6.052625 -9.500167 -2.797362
v -6.032139 -9.532916 -2.797362
v -6.118704 -9.538824 -2.612622
v -6.032139 -9.532916 -2.797362
v -6.095947 -9.575203 -2.612622
v -6.118704 -9.538824 -2.612622
v -6.118704 -9.538824 -2.612622
v -6.095947 -9.575203 -2.612622
v -6.118704 -9.538824 2.612622
v -6.095947 -9.575203 -2.612622
v -6.095947 -9.575203 2.612622
v -6.118704 -9.538824 2.612622
v -6.118704 -9.538824 2.612622
v -6.095947 -9.575203 2.612622
v -6.052625 -9.500167 2.797363
v -6.095947 -9.575203 2.612622
v -6.032139 -9.532916 2.797363
v -6.052625 -9.500167 2.797363
v -6.052625 -9.500167 2.797363
v -6.032139 -9.532916 2.797363
v -5.893096 -9.406843 2.873884
v -6.032139 -9.532916 2.797363
v -5.878093 -9.430826 2.873884
v -5.893096 -9.406843 2.873884
v -5.878093 -9.430826 -2.873884
v -5.860846 -9.455421 -2.873884
v -6.032139 -9.532916 -2.797362
v -5.860846 -9.455421 -2.873884
v -6.009627 -9.565019 -2.797362
v -6.032139 -9.532916 -2.797362
v -6.032139 -9.532916 -2.797362
v -6.009627 -9.565019 -2.797362
v -6.095947 -9.575203 -2.612622
v -6.009627 -9.565019 -2.797362
v -6.071254 -9.610416 -2.612622
v -6.095947 -9.575203 -2.612622
v -6.095947 -9.575203 -2.612622
v -6.071254 -9.610416 -2.612622
v -6.095947 -9.575203 2.612622
v -6.071254 -9.610416 -2.612622
v -6.071254 -9.610416 2.612622
v -6.095947 -9.575203 2.612622
v -6.095947 -9.575203 2.612622
v -6.071254 -9.610416 2.612622
v -6.032139 -9.532916 2.797363
v -6.071254 -9.610416 2.612622
v -6.009627 -9.565019 2.797363
v -6.032139 -9.532916 2.797363
v -6.032139 -9.532916 2.797363
v -6.009627 -9.565019 2.797363
v -5.878093 -9.430826 2.873884
v -6.009627 -9.565019 2.797363
v -5.860846 -9.455421 2.873884
v -5.878093 -9.430826 2.873884
v -5.860846 -9.455421 -2.873884
v -5.841354 -9.480629 -2.873884
v -6.009627 -9.565019 -2.797362
v -5.841354 -9.480629 -2.873884
v -5.985149 -9.596674 -2.797362
v -6.009627 -9.565019 -2.797362
v -6.009627 -9.565019 -2.797362
v -5.985149 -9.596674 -2.797362
v -6.071254 -9.610416 -2.612622
v -5.985149 -9.596674 -2.797362
v -6.044711 -9.644741 -2.612622
v -6.071254 -9.610416 -2.612622
v -6.071254 -9.610416 -2.612622
v -6.044711 -9.644741 -2.612622
v -6.071254 -9.610416 2.612622
v -6.044711 -9.644741 -2.612622
v -6.044711 -9.644741 2.612622
v -6.071254 -9.610416 2.612622
v -6.071254 -9.610416 2.612622
v -6.044711 -9.644741 2.612622
v -6.009627 -9.565019 2.797363
v -6.044711 -9.644741 2.612622
v -5.985149 -9.596674 2.797363
v -6.009627 -9.565019 2.797363
v -6.009627 -9.565019 2.797363
v -5.985149 -9.596674 2.797363
v -5.860846 -9.455421 2.873884
v -5.985149 -9.596674 2.797363
v -5.841354 -9.480629 2.873884
v -5.860846 -9.455421 2.873884
v -5.841354 -9.480629 -2.873884
v -5.819616 -9.506449 -2.873884
v -5.985149 -9.596674 -2.797362
v -5.819616 -9.506449 -2.873884
v -5.956066 -9.631219 -2.797362
v -5.985149 -9.596674 -2.797362
v -5.985149 -9.596674 -2.797362
v -5.956066 -9.631219 -2.797362
v -6.044711 -9.644741 -2.612622
v -5.956066 -9.631219 -2.797362
v -6.012586 -9.682900 -2.612622
v -6.044711 -9.644741 -2.612622
v -6.044711 -9.644741 -2.612622
v -6.012586 -9.682900 -2.612622
v -6.044711 -9.644741 2.612622
v -6.012586 -9.682900 -2.612622
v -6.012586 -9.682900 2.612622
v -6.044711 -9.644741 2.612622
v -6.044711 -9.644741 2.612622
v -6.012586 -9.682900 2.612622
v -5.985149 -9.596674 2.797363
v -6.012586 -9.682900 2.612622
v -5.956066 -9.631219 2.797363
v -5.985149 -9.596674 2.797363
v -5.985149 -9.596674 2.797363
v -5.956066 -9.631219 2.797363
v -5.841354 -9.480629 2.873884
v -5.956066 -9.631219 2.797363
v -5.819616 -9.506449 2.873884
v -5.841354 -9.480629 2.873884
v -5.819616 -9.506449 -2.873884
v -4.082222 -11.256905 -2.873884
v -5.956066 -9.631219 -2.797362
v -4.082222 -11.256905 -2.873884
v -4.266962 -11.333022 -2.797362
v -5.956066 -9.631219 -2.797362
v -5.956066 -9.631219 -2.797362
v -4.266962 -11.333022 -2.797362
v -6.012586 -9.682900 -2.612622
v -4.266962 -11.333022 -2.797362
v -4.343484 -11.364551 -2.612622
v -6.012586 -9.682900 -2.612622
v -6.012586 -9.682900 -2.612622
v -4.343484 -11.364551 -2.612622
v -6.012586 -9.682900 2.612622
v -4.343484 -11.364551 -2.612622
v -4.343484 -11.364551 2.612622
v -6.012586 -9.682900 2.612622
v -6.012586 -9.682900 2.612622
v -4.343484 -11.364551 2.612622
v -5.956066 -9.631219 2.797363
v -4.343484 -11.364551 2.612622
v -4.266962 -11.333022 2.797363
v -5.956066 -9.631219 2.797363
v -5.956066 -9.631219 2.797363
v -4.266962 -11.333022 2.797363
v -5.819616 -9.506449 2.873884
v -4.266962 -11.333022 2.797363
v -4.082222 -11.256905 2.873884
v -5.819616 -9.506449 2.873884
v -4.082222 -11.256905 -2.873884
v -4.082222 -11.714115 -2.873884
v -4.266962 -11.333022 -2.797362
v -4.082222 -11.714115 -2.873884
v -4.266962 -11.637593 -2.797362
v -4.266962 -11.333022 -2.797362
v -4.266962 -11.333022 -2.797362
v -4.266962 -11.637593 -2.797362
v -4.343484 -11.364551 -2.612622
v -4.266962 -11.637593 -2.797362
v -4.343484 -11.605896 -2.612622
v -4.343484 -11.364551 -2.612622
v -4.343484 -11.364551 -2.612622
v -4.343484 -11.605896 -2.612622
v -4.343484 -11.364551 2.612622
v -4.343484 -11.605896 -2.612622
v -4.343484 -11.605896 2.612622
v -4.343484 -11.364551 2.612622
v -4.343484 -11.364551 2.612622
v -4.343484 -11.605896 2.612622
v -4.266962 -11.333022 2.797363
v -4.343484 -11.605896 2.612622
v -4.266962 -11.637593 2.797363
v -4.266962 -11.333022 2.797363
v -4.266962 -11.333022 2.797363
v -4.266962 -11.637593 2.797363
v -4.082222 -11.256905 2.873884
v -4.266962 -11.637593 2.797363
v -4.082222 -11.714115 2.873884
v -4.082222 -11.256905 2.873884
v -4.082222 -11.714115 -2.873884
v -5.780426 -13.412319 -2.873884
v -4.266962 -11.637593 -2.797362
v -5.780426 -13.412319 -2.873884
v -5.912701 -13.283332 -2.797362
v -4.266962 -11.637593 -2.797362
v -4.266962 -11.637593 -2.797362
v -5.912701 -13.283332 -2.797362
v -4.343484 -11.605896 -2.612622
v -5.912701 -13.283332 -2.797362
v -5.967491 -13.229903 -2.612622
v -4.343484 -11.605896 -2.612622
v -4.343484 -11.605896 -2.612622
v -5.967491 -13.229903 -2.612622
v -4.343484 -11.605896 2.612622
v -5.967491 -13.229903 -2.612622
v -5.967491 -13.229903 2.612622
v -4.343484 -11.605896 2.612622
v -4.343484 -11.605896 2.612622
v -5.967491 -13.229903 2.612622
v -4.266962 -11.637593 2.797363
v -5.967491 -13.229903 2.612622
v -5.912701 -13.283332 2.797363
v -4.266962 -11.637593 2.797363
v -4.266962 -11.637593 2.797363
v -5.912701 -13.283332 2.797363
v -4.082222 -11.714115 2.873884
v -5.912701 -13.283332 2.797363
v -5.780426 -13.412319 2.873884
v -4.082222 -11.714115 2.873884
v -5.780426 -13.412319 -2.873884
v -5.802164 -13.435179 -2.873884
v -5.912701 -13.283332 -2.797362
v -5.802164 -13.435179 -2.873884
v -5.939490 -13.311505 -2.797362
v -5.912701 -13.283332 -2.797362
v -5.912701 -13.283332 -2.797362
v -5.939490 -13.311505 -2.797362
v -5.967491 -13.229903 -2.612622
v -5.939490 -13.311505 -2.797362
v -5.996373 -13.260277 -2.612622
v -5.967491 -13.229903 -2.612622
v -5.967491 -13.229903 -2.612622
v -5.996373 -13.260277 -2.612622
v -5.967491 -13.229903 2.612622
v -5.996373 -13.260277 -2.612622
v -5.996373 -13.260277 2.612622
v -5.967491 -13.229903 2.612622
v -5.967491 -13.229903 2.612622
v -5.996373 -13.260277 2.612622
v -5.912701 -13.283332 2.797363
v -5.996373 -13.260277 2.612622
v -5.939490 -13.311505 2.797363
v -5.912701 -13.283332 2.797363
v -5.912701 -13.283332 2.797363
v -5.939490 -13.311505 2.797363
v -5.780426 -13.412319 2.873884
v -5.939490 -13.311505 2.797363
v -5.802164 -13.435179 2.873884
v -5.780426 -13.412319 2.873884
v -5.802164 -13.435179 -2.873884
v -5.821656 -13.458040 -2.873884
v -5.939490 -13.311505 -2.797362
v -5.821656 -13.458040 -2.873884
v -5.965810 -13.342372 -2.797362
v -5.939490 -13.311505 -2.797362
v -5.939490 -13.311505 -2.797362
v -5.965810 -13.342372 -2.797362
v -5.996373 -13.260277 -2.612622
v -5.965810 -13.342372 -2.797362
v -6.025520 -13.294460 -2.612622
v -5.996373 -13.260277 -2.612622
v -5.996373 -13.260277 -2.612622
v -6.025520 -13.294460 -2.612622
v -5.996373 -13.260277 2.612622
v -6.025520 -13.294460 -2.612622
v -6.025520 -13.294460 2.612622
v -5.996373 -13.260277 2.612622
v -5.996373 -13.260277 2.612622
v -6.025520 -13.294460 2.612622
v -5.939490 -13.311505 2.797363
v -6.025520 -13.294460 2.612622
v -5.965810 -13.342372 2.797363
v -5.939490 -13.311505 2.797363
v -5.939490 -13.311505 2.797363
v -5.965810 -13.342372 2.797363
v -5.802164 -13.435179 2.873884
v -5.965810 -13.342372 2.797363
v -5.821656 -13.458040 2.873884
v -5.802164 -13.435179 2.873884
v -5.821656 -13.458040 -2.873884
v -5.838904 -13.480900 -2.873884
v -5.965810 -13.342372 -2.797362
v -5.838904 -13.480900 -2.873884
v -5.990030 -13.374474 -2.797362
v -5.965810 -13.342372 -2.797362
v -5.965810 -13.342372 -2.797362
v -5.990030 -13.374474 -2.797362
v -6.025520 -13.294460 -2.612622
v -5.990030 -13.374474 -2.797362
v -6.052629 -13.330391 -2.612622
v -6.025520 -13.294460 -2.612622
v -6.025520 -13.294460 -2.612622
v -6.052629 -13.330391 -2.612622
v -6.025520 -13.294460 2.612622
v -6.052629 -13.330391 -2.612622
v -6.052629 -13.330391 2.612622
v -6.025520 -13.294460 2.612622
v -6.025520 -13.294460 2.612622
v -6.052629 -13.330391 2.612622
v -5.965810 -13.342372 2.797363
v -6.052629 -13.330391 2.612622
v -5.990030 -13.374474 2.797363
v -5.965810 -13.342372 2.797363
v -5.965810 -13.342372 2.797363
v -5.990030 -13.374474 2.797363
v -5.821656 -13.458040 2.873884
v -5.990030 -13.374474 2.797363
v -5.838904 -13.480900 2.873884
v -5.821656 -13.458040 2.873884
v -5.838904 -13.480900 -2.873884
v -5.853906 -13.503761 -2.873884
v -5.990030 -13.374474 -2.797362
v -5.853906 -13.503761 -2.873884
v -6.011996 -13.407946 -2.797362
v -5.990030 -13.374474 -2.797362
v -5.990030 -13.374474 -2.797362
v -6.011996 -13.407946 -2.797362
v -6.052629 -13.330391 -2.612622
v -6.011996 -13.407946 -2.797362
v -6.077480 -13.368258 -2.612622
v -6.052629 -13.330391 -2.612622
v -6.052629 -13.330391 -2.612622
v -6.077480 -13.368258 -2.612622
v -6.052629 -13.330391 2.612622
v -6.077480 -13.368258 -2.612622
v -6.077480 -13.368258 2.612622
v -6.052629 -13.330391 2.612622
v -6.052629 -13.330391 2.612622
v -6.077480 -13.368258 2.612622
v -5.990030 -13.374474 2.797363
v -6.077480 -13.368258 2.612622
v -6.011996 -13.407946 2.797363
v -5.990030 -13.374474 2.797363
v -5.990030 -13.374474 2.797363
v -6.011996 -13.407946 2.797363
v -5.838904 -13.480900 2.873884
v -6.011996 -13.407946 2.797363
v -5.853906 -13.503761 2.873884
v -5.838904 -13.480900 2.873884
v -5.853906 -13.503761 -2.873884
v -5.866663 -13.526621 -2.873884
v -6.011996 -13.407946 -2.797362
v -5.866663 -13.526621 -2.873884
v -6.031498 -13.442893 -2.797362
v -6.011996 -13.407946 -2.797362
v -6.011996 -13.407946 -2.797362
v -6.031498 -13.442893 -2.797362
v -6.077480 -13.368258 -2.612622
v -6.031498 -13.442893 -2.797362
v -6.099774 -13.408211 -2.612622
v -6.077480 -13.368258 -2.612622
v -6.077480 -13.368258 -2.612622
v -6.099774 -13.408211 -2.612622
v -6.077480 -13.368258 2.612622
v -6.099774 -13.408211 -2.612622
v -6.099774 -13.408211 2.612622
v -6.077480 -13.368258 2.612622
v -6.077480 -13.368258 2.612622
v -6.099774 -13.408211 2.612622
v -6.011996 -13.407946 2.797363
v -6.099774 -13.408211 2.612622
v -6.031498 -13.442893 2.797363
v -6.011996 -13.407946 2.797363
v -6.011996 -13.407946 2.797363
v -6.031498 -13.442893 2.797363
v -5.853906 -13.503761 2.873884
v -6.031498 -13.442893 2.797363
v -5.866663 -13.526621 2.873884
v -5.853906 -13.503761 2.873884
v -5.866663 -13.526621 -2.873884
v -5.877175 -13.549481 -2.873884
v -6.031498 -13.442893 -2.797362
v -5.877175 -13.549481 -2.873884
v -6.048265 -13.479357 -2.797362
v -6.031498 -13.442893 -2.797362
v -6.031498 -13.442893 -2.797362
v -6.048265 -13.479357 -2.797362
v -6.099774 -13.408211 -2.612622
v -6.048265 -13.479357 -2.797362
v -6.119133 -13.450311 -2.612622
v -6.099774 -13.408211 -2.612622
v -6.099774 -13.408211 -2.612622
v -6.119133 -13.450311 -2.612622
v -6.099774 -13.408211 2.612622
v -6.119133 -13.450311 -2.612622
v -6.119133 -13.450311 2.612622
v -6.099774 -13.408211 2.612622
v -6.099774 -13.408211 2.612622
v -6.119133 -13.450311 2.612622
v -6.031498 -13.442893 2.797363
v -6.119133 -13.450311 2.612622
v -6.048265 -13.479357 2.797363
v -6.031498 -13.442893 2.797363
v -6.031498 -13.442893 2.797363
v -6.048265 -13.479357 2.797363
v -5.866663 -13.526621 2.873884
v -6.048265 -13.479357 2.797363
v -5.877175 -13.549481 2.873884
v -5.866663 -13.526621 2.873884
v -5.877175 -13.549481 -2.873884
v -5.885441 -13.572342 -2.873884
v -6.048265 -13.479357 -2.797362
v -5.885441 -13.572342 -2.873884
v -6.061983 -13.517294 -2.797362
v -6.048265 -13.479357 -2.797362
v -6.048265 -13.479357 -2.797362
v -6.061983 -13.517294 -2.797362
v -6.119133 -13.450311 -2.612622
v -6.061983 -13.517294 -2.797362
v -6.135109 -13.494492 -2.612622
v -6.119133 -13.450311 -2.612622
v -6.119133 -13.450311 -2.612622
v -6.135109 -13.494492 -2.612622
v -6.119133 -13.450311 2.612622
v -6.135109 -13.494492 -2.612622
v -6.135109 -13.494492 2.612622
v -6.119133 -13.450311 2.612622
v -6.119133 -13.450311 2.612622
v -6.135109 -13.494492 2.612622
v -6.048265 -13.479357 2.797363
v -6.135109 -13.494492 2.612622
v -6.061983 -13.517294 2.797363
v -6.048265 -13.479357 2.797363
v -6.048265 -13.479357 2.797363
v -6.061983 -13.517294 2.797363
v -5.877175 -13.549481 2.873884
v -6.061983 -13.517294 2.797363
v -5.885441 -13.572342 2.873884
v -5.877175 -13.549481 2.873884
v -5.885441 -13.572342 -2.873884
v -5.891462 -13.595202 -2.873884
v -6.061983 -13.517294 -2.797362
v -5.891462 -13.595202 -2.873884
v -6.071585 -13.553749 -2.797362
v -6.061983 -13.517294 -2.797362
v -6.061983 -13.517294 -2.797362
v -6.071585 -13.553749 -2.797362
v -6.135109 -13.494492 -2.612622
v -6.071585 -13.553749 -2.797362
v -6.146194 -13.536578 -2.612622
v -6.135109 -13.494492 -2.612622
v -6.135109 -13.494492 -2.612622
v -6.146194 -13.536578 -2.612622
v -6.135109 -13.494492 2.612622
v -6.146194 -13.536578 -2.612622
v -6.146194 -13.536578 2.612622
v -6.135109 -13.494492 2.612622
v -6.135109 -13.494492 2.612622
v -6.146194 -13.536578 2.612622
v -6.061983 -13.517294 2.797363
v -6.146194 -13.536578 2.612622
v -6.071585 -13.553749 2.797363
v -6.061983 -13.517294 2.797363
v -6.061983 -13.517294 2.797363
v -6.071585 -13.553749 2.797363
v -5.885441 -13.572342 2.873884
v -6.071585 -13.553749 2.797363
v -5.891462 -13.595202 2.873884
v -5.885441 -13.572342 2.873884
v -5.891462 -13.595202 -2.873884
v -5.896055 -13.618471 -2.873884
v -6.071585 -13.553749 -2.797362
v -5.896055 -13.618471 -2.873884
v -6.077855 -13.585517 -2.797362
v -6.071585 -13.553749 -2.797362
v -6.071585 -13.553749 -2.797362
v -6.077855 -13.585517 -2.797362
v -6.146194 -13.536578 -2.612622
v -6.077855 -13.585517 -2.797362
v -6.153159 -13.571867 -2.612622
v -6.146194 -13.536578 -2.612622
v -6.146194 -13.536578 -2.612622
v -6.153159 -13.571867 -2.612622
v -6.146194 -13.536578 2.612622
v -6.153159 -13.571867 -2.612622
v -6.153159 -13.571867 2.612622
v -6.146194 -13.536578 2.612622
v -6.146194 -13.536578 2.612622
v -6.153159 -13.571867 2.612622
v -6.071585 -13.553749 2.797363
v -6.153159 -13.571867 2.612622
v -6.077855 -13.585517 2.797363
v -6.071585 -13.553749 2.797363
v -6.071585 -13.553749 2.797363
v -6.077855 -13.585517 2.797363
v -5.891462 -13.595202 2.873884
v -6.077855 -13.585517 2.797363
v -5.896055 -13.618471 2.873884
v -5.891462 -13.595202 2.873884
v -5.896055 -13.618471 -2.873884
v -5.900035 -13.642556 -2.873884
v -6.077855 -13.585517 -2.797362
v -5.900035 -13.642556 -2.873884
v -6.082746 -13.615110 -2.797362
v -6.077855 -13.585517 -2.797362
v -6.077855 -13.585517 -2.797362
v -6.082746 -13.615110 -2.797362
v -6.153159 -13.571867 -2.612622
v -6.082746 -13.615110 -2.797362
v -6.158427 -13.603742 -2.612622
v -6.153159 -13.571867 -2.612622
v -6.153159 -13.571867 -2.612622
v -6.158427 -13.603742 -2.612622
v -6.153159 -13.571867 2.612622
v -6.158427 -13.603742 -2.612622
v -6.158427 -13.603742 2.612622
v -6.153159 -13.571867 2.612622
v -6.153159 -13.571867 2.612622
v -6.158427 -13.603742 2.612622
v -6.077855 -13.585517 2.797363
v -6.158427 -13.603742 2.612622
v -6.082746 -13.615110 2.797363
v -6.077855 -13.585517 2.797363
v -6.077855 -13.585517 2.797363
v -6.082746 -13.615110 2.797363
v -5.896055 -13.618471 2.873884
v -6.082746 -13.615110 2.797363
v -5.900035 -13.642556 2.873884
v -5.896055 -13.618471 2.873884
v -5.900035 -13.642556 -2.873884
v -5.903403 -13.667458 -2.873884
v -6.082746 -13.615110 -2.797362
v -5.903403 -13.667458 -2.873884
v -6.086819 -13.645233 -2.797362
v -6.082746 -13.615110 -2.797362
v -6.082746 -13.615110 -2.797362
v -6.086819 -13.645233 -2.797362
v -6.158427 -13.603742 -2.612622
v -6.086819 -13.645233 -2.797362
v -6.162793 -13.636027 -2.612622
v -6.158427 -13.603742 -2.612622
v -6.158427 -13.603742 -2.612622
v -6.162793 -13.636027 -2.612622
v -6.158427 -13.603742 2.612622
v -6.162793 -13.636027 -2.612622
v -6.162793 -13.636027 2.612622
v -6.158427 -13.603742 2.612622
v -6.158427 -13.603742 2.612622
v -6.162793 -13.636027 2.612622
v -6.082746 -13.615110 2.797363
v -6.162793 -13.636027 2.612622
v -6.086819 -13.645233 2.797363
v -6.082746 -13.615110 2.797363
v -6.082746 -13.615110 2.797363
v -6.086819 -13.645233 2.797363
v -5.900035 -13.642556 2.873884
v -6.086819 -13.645233 2.797363
v -5.903403 -13.667458 2.873884
v -5.900035 -13.642556 2.873884
v -5.903403 -13.667458 -2.873884
v -5.906159 -13.693175 -2.873884
v -6.086819 -13.645233 -2.797362
v -5.906159 -13.693175 -2.873884
v -6.090105 -13.675896 -2.797362
v -6.086819 -13.645233 -2.797362
v -6.086819 -13.645233 -2.797362
v -6.090105 -13.675896 -2.797362
v -6.162793 -13.636027 -2.612622
v -6.090105 -13.675896 -2.797362
v -6.166298 -13.668738 -2.612622
v -6.162793 -13.636027 -2.612622
v -6.162793 -13.636027 -2.612622
v -6.166298 -13.668738 -2.612622
v -6.162793 -13.636027 2.612622
v -6.166298 -13.668738 -2.612622
v -6.166298 -13.668738 2.612622
v -6.162793 -13.636027 2.612622
v -6.162793 -13.636027 2.612622
v -6.166298 -13.668738 2.612622
v -6.086819 -13.645233 2.797363
v -6.166298 -13.668738 2.612622
v -6.090105 -13.675896 2.797363
v -6.086819 -13.645233 2.797363
v -6.086819 -13.645233 2.797363
v -6.090105 -13.675896 2.797363
v -5.903403 -13.667458 2.873884
v -6.090105 -13.675896 2.797363
v -5.906159 -13.693175 2.873884
v -5.903403 -13.667458 2.873884
v -5.906159 -13.693175 -2.873884
v -5.908302 -13.719710 -2.873884
v -6.090105 -13.675896 -2.797362
v -5.908302 -13.719710 -2.873884
v -6.092626 -13.707110 -2.797362
v -6.090105 -13.675896 -2.797362
v -6.090105 -13.675896 -2.797362
v -6.092626 -13.707110 -2.797362
v -6.166298 -13.668738 -2.612622
v -6.092626 -13.707110 -2.797362
v -6.168976 -13.701891 -2.612622
v -6.166298 -13.668738 -2.612622
v -6.166298 -13.668738 -2.612622
v -6.168976 -13.701891 -2.612622
v -6.166298 -13.668738 2.612622
v -6.168976 -13.701891 -2.612622
v -6.168976 -13.701891 2.612622
v -6.166298 -13.668738 2.612622
v -6.166298 -13.668738 2.612622
v -6.168976 -13.701891 2.612622
v -6.090105 -13.675896 2.797363
v -6.168976 -13.701891 2.612622
v -6.092626 -13.707110 2.797363
v -6.090105 -13.675896 2.797363
v -6.090105 -13.675896 2.797363
v -6.092626 -13.707110 2.797363
v -5.906159 -13.693175 2.873884
v -6.092626 -13.707110 2.797363
v -5.908302 -13.719710 2.873884
v -5.906159 -13.693175 2.873884
v -5.908302 -13.719710 -2.873884
v -5.909833 -13.747061 -2.873884
v -6.092626 -13.707110 -2.797362
v -5.909833 -13.747061 -2.873884
v -6.094404 -13.738888 -2.797362
v -6.092626 -13.707110 -2.797362
v -6.092626 -13.707110 -2.797362
v -6.094404 -13.738888 -2.797362
v -6.168976 -13.701891 -2.612622
v -6.094404 -13.738888 -2.797362
v -6.170857 -13.735502 -2.612622
v -6.168976 -13.701891 -2.612622
v -6.168976 -13.701891 -2.612622
v -6.170857 -13.735502 -2.612622
v -6.168976 -13.701891 2.612622
v -6.170857 -13.735502 -2.612622
v -6.170857 -13.735502 2.612622
v -6.168976 -13.701891 2.612622
v -6.168976 -13.701891 2.612622
v -6.170857 -13.735502 2.612622
v -6.092626 -13.707110 2.797363
v -6.170857 -13.735502 2.612622
v -6.094404 -13.738888 2.797363
v -6.092626 -13.707110 2.797363
v -6.092626 -13.707110 2.797363
v -6.094404 -13.738888 2.797363
v -5.908302 -13.719710 2.873884
v -6.094404 -13.738888 2.797363
v -5.909833 -13.747061 2.873884
v -5.908302 -13.719710 2.873884
v -5.909833 -13.747061 -2.873884
v -5.910751 -13.775229 -2.873884
v -6.094404 -13.738888 -2.797362
v -5.910751 -13.775229 -2.873884
v -6.095459 -13.771242 -2.797362
v -6.094404 -13.738888 -2.797362
v -6.094404 -13.738888 -2.797362
v -6.095459 -13.771242 -2.797362
v -6.170857 -13.735502 -2.612622
v -6.095459 -13.771242 -2.797362
v -6.171968 -13.769591 -2.612622
v -6.170857 -13.735502 -2.612622
v -6.170857 -13.735502 -2.612622
v -6.171968 -13.769591 -2.612622
v -6.170857 -13.735502 2.612622
v -6.171968 -13.769591 -2.612622
v -6.171968 -13.769591 2.612622
v -6.170857 -13.735502 2.612622
v -6.170857 -13.735502 2.612622
v -6.171968 -13.769591 2.612622
v -6.094404 -13.738888 2.797363
v -6.171968 -13.769591 2.612622
v -6.095459 -13.771242 2.797363
v -6.094404 -13.738888 2.797363
v -6.094404 -13.738888 2.797363
v -6.095459 -13.771242 2.797363
v -5.909833 -13.747061 2.873884
v -6.095459 -13.771242 2.797363
v -5.910751 -13.775229 2.873884
v -5.909833 -13.747061 2.873884
v -5.910751 -13.775229 -2.873884
v -5.911057 -13.804212 -2.873884
v -6.095459 -13.771242 -2.797362
v -5.911057 -13.804212 -2.873884
v -6.095797 -13.803236 -2.797362
v -6.095459 -13.771242 -2.797362
v -6.095459 -13.771242 -2.797362
v -6.095797 -13.803236 -2.797362
v -6.171968 -13.769591 -2.612622
v -6.095797 -13.803236 -2.797362
v -6.172320 -13.802833 -2.612622
v -6.171968 -13.769591 -2.612622
v -6.171968 -13.769591 -2.612622
v -6.172320 -13.802833 -2.612622
v -6.171968 -13.769591 2.612622
v -6.172320 -13.802833 -2.612622
v -6.172320 -13.802833 2.612622
v -6.171968 -13.769591 2.612622
v -6.171968 -13.769591 2.612622
v -6.172320 -13.802833 2.612622
v -6.095459 -13.771242 2.797363
v -6.172320 -13.802833 2.612622
v -6.095797 -13.803236 2.797363
v -6.095459 -13.771242 2.797363
v -6.095459 -13.771242 2.797363
v -6.095797 -13.803236 2.797363
v -5.910751 -13.775229 2.873884
v -6.095797 -13.803236 2.797363
v -5.911057 -13.804212 2.873884
v -5.910751 -13.775229 2.873884
v -5.911057 -13.804212 -2.873884
v -5.911057 -19.382160 -2.873884
v -6.095797 -13.803236 -2.797362
v -5.911057 -19.382160 -2.873884
v -6.095797 -19.388311 -2.797362
v -6.095797 -13.803236 -2.797362
v -6.095797 -13.803236 -2.797362
v -6.095797 -19.388311 -2.797362
v -6.172320 -13.802833 -2.612622
v -6.095797 -19.388311 -2.797362
v -6.172320 -19.390859 -2.612622
v -6.172320 -13.802833 -2.612622
v -6.172320 -13.802833 -2.612622
v -6.172320 -19.390859 -2.612622
v -6.172320 -13.802833 2.612622
v -6.172320 -19.390859 -2.612622
v -6.172320 -19.390859 2.612622
v -6.172320 -13.802833 2.612622
v -6.172320 -13.802833 2.612622
v -6.172320 -19.390859 2.612622
v -6.095797 -13.803236 2.797363
v -6.172320 -19.390859 2.612622
v -6.095797 -19.388311 2.797363
v -6.095797 -13.803236 2.797363
v -6.095797 -13.803236 2.797363
v -6.095797 -19.388311 2.797363
v -5.911057 -13.804212 2.873884
v -6.095797 -19.388311 2.797363
v -5.911057 -19.382160 2.873884
v -5.911057 -13.804212 2.873884
v -5.911057 -19.382160 -2.873884
v -5.905955 -19.458702 -2.873884
v -6.095797 -19.388311 -2.797362
v -5.905955 -19.458702 -2.873884
v -6.089299 -19.485790 -2.797362
v -6.095797 -19.388311 -2.797362
v -6.095797 -19.388311 -2.797362
v -6.089299 -19.485790 -2.797362
v -6.172320 -19.390859 -2.612622
v -6.089299 -19.485790 -2.797362
v -6.165243 -19.497010 -2.612622
v -6.172320 -19.390859 -2.612622
v -6.172320 -19.390859 -2.612622
v -6.165243 -19.497010 -2.612622
v -6.172320 -19.390859 2.612622
v -6.165243 -19.497010 -2.612622
v -6.165243 -19.497010 2.612622
v -6.172320 -19.390859 2.612622
v -6.172320 -19.390859 2.612622
v -6.165243 -19.497010 2.612622
v -6.095797 -19.388311 2.797363
v -6.165243 -19.497010 2.612622
v -6.089299 -19.485790 2.797363
v -6.095797 -19.388311 2.797363
v -6.095797 -19.388311 2.797363
v -6.089299 -19.485790 2.797363
v -5.911057 -19.382160 2.873884
v -6.089299 -19.485790 2.797363
v -5.905955 -19.458702 2.873884
v -5.911057 -19.382160 2.873884
v -5.905955 -19.458702 -2.873884
v -5.890646 -19.525038 -2.873884
v -6.089299 -19.485790 -2.797362
v -5.890646 -19.525038 -2.873884
v -6.066491 -19.584624 -2.797362
v -6.089299 -19.485790 -2.797362
v -6.089299 -19.485790 -2.797362
v -6.066491 -19.584624 -2.797362
v -6.165243 -19.497010 -2.612622
v -6.066491 -19.584624 -2.797362
v -6.139328 -19.609305 -2.612622
v -6.165243 -19.497010 -2.612622
v -6.165243 -19.497010 -2.612622
v -6.139328 -19.609305 -2.612622
v -6.165243 -19.497010 2.612622
v -6.139328 -19.609305 -2.612622
v -6.139328 -19.609305 2.612622
v -6.165243 -19.497010 2.612622
v -6.165243 -19.497010 2.612622
v -6.139328 -19.609305 2.612622
v -6.089299 -19.485790 2.797363
v -6.139328 -19.609305 2.612622
v -6.066491 -19.584624 2.797363
v -6.089299 -19.485790 2.797363
v -6.089299 -19.485790 2.797363
v -6.066491 -19.584624 2.797363
v -5.905955 -19.458702 2.873884
v -6.066491 -19.584624 2.797363
v -5.890646 -19.525038 2.873884
v -5.905955 -19.458702 2.873884
v -5.890646 -19.525038 -2.873884
v -5.865132 -19.581168 -2.873884
v -6.066491 -19.584624 -2.797362
v -5.865132 -19.581168 -2.873884
v -6.024312 -19.677417 -2.797362
v -6.066491 -19.584624 -2.797362
v -6.066491 -19.584624 -2.797362
v -6.024312 -19.677417 -2.797362
v -6.139328 -19.609305 -2.612622
v -6.024312 -19.677417 -2.797362
v -6.090247 -19.717285 -2.612622
v -6.139328 -19.609305 -2.612622
v -6.139328 -19.609305 -2.612622
v -6.090247 -19.717285 -2.612622
v -6.139328 -19.609305 2.612622
v -6.090247 -19.717285 -2.612622
v -6.090247 -19.717285 2.612622
v -6.139328 -19.609305 2.612622
v -6.139328 -19.609305 2.612622
v -6.090247 -19.717285 2.612622
v -6.066491 -19.584624 2.797363
v -6.090247 -19.717285 2.612622
v -6.024312 -19.677417 2.797363
v -6.066491 -19.584624 2.797363
v -6.066491 -19.584624 2.797363
v -6.024312 -19.677417 2.797363
v -5.890646 -19.525038 2.873884
v -6.024312 -19.677417 2.797363
v -5.865132 -19.581168 2.873884
v -5.890646 -19.525038 2.873884
v -5.865132 -19.581168 -2.873884
v -5.829413 -19.627093 -2.873884
v -6.024312 -19.677417 -2.797362
v -5.829413 -19.627093 -2.873884
v -5.961061 -19.758741 -2.797362
v -6.024312 -19.677417 -2.797362
v -6.024312 -19.677417 -2.797362
v -5.961061 -19.758741 -2.797362
v -6.090247 -19.717285 -2.612622
v -5.961061 -19.758741 -2.797362
v -6.015591 -19.813271 -2.612622
v -6.090247 -19.717285 -2.612622
v -6.090247 -19.717285 -2.612622
v -6.015591 -19.813271 -2.612622
v -6.090247 -19.717285 2.612622
v -6.015591 -19.813271 -2.612622
v -6.015591 -19.813271 2.612622
v -6.090247 -19.717285 2.612622
v -6.090247 -19.717285 2.612622
v -6.015591 -19.813271 2.612622
v -6.024312 -19.677417 2.797363
v -6.015591 -19.813271 2.612622
v -5.961061 -19.758741 2.797363
v -6.024312 -19.677417 2.797363
v -6.024312 -19.677417 2.797363
v -5.961061 -19.758741 2.797363
v -5.865132 -19.581168 2.873884
v -5.961061 -19.758741 2.797363
v -5.829413 -19.627093 2.873884
v -5.865132 -19.581168 2.873884
v -5.829413 -19.627093 -2.873884
v -5.783488 -19.662813 -2.873884
v -5.961061 -19.758741 -2.797362
v -5.783488 -19.662813 -2.873884
v -5.879737 -19.821993 -2.797362
v -5.961061 -19.758741 -2.797362
v -5.961061 -19.758741 -2.797362
v -5.879737 -19.821993 -2.797362
v -6.015591 -19.813271 -2.612622
v -5.879737 -19.821993 -2.797362
v -5.919604 -19.887927 -2.612622
v -6.015591 -19.813271 -2.612622
v -6.015591 -19.813271 -2.612622
v -5.919604 -19.887927 -2.612622
v -6.015591 -19.813271 2.612622
v -5.919604 -19.887927 -2.612622
v -5.919604 -19.887927 2.612622
v -6.015591 -19.813271 2.612622
v -6.015591 -19.813271 2.612622
v -5.919604 -19.887927 2.612622
v -5.961061 -19.758741 2.797363
v -5.919604 -19.887927 2.612622
v -5.879737 -19.821993 2.797363
v -5.961061 -19.758741 2.797363
v -5.961061 -19.758741 2.797363
v -5.879737 -19.821993 2.797363
v -5.829413 -19.627093 2.873884
v -5.879737 -19.821993 2.797363
v -5.783488 -19.662813 2.873884
v -5.829413 -19.627093 2.873884
v -5.783488 -19.662813 -2.873884
v -5.727357 -19.688327 -2.873884
v -5.879737 -19.821993 -2.797362
v -5.727357 -19.688327 -2.873884
v -5.786943 -19.864172 -2.797362
v -5.879737 -19.821993 -2.797362
v -5.879737 -19.821993 -2.797362
v -5.786943 -19.864172 -2.797362
v -5.919604 -19.887927 -2.612622
v -5.786943 -19.864172 -2.797362
v -5.811625 -19.937009 -2.612622
v -5.919604 -19.887927 -2.612622
v -5.919604 -19.887927 -2.612622
v -5.811625 -19.937009 -2.612622
v -5.919604 -19.887927 2.612622
v -5.811625 -19.937009 -2.612622
v -5.811625 -19.937009 2.612622
v -5.919604 -19.887927 2.612622
v -5.919604 -19.887927 2.612622
v -5.811625 -19.937009 2.612622
v -5.879737 -19.821993 2.797363
v -5.811625 -19.937009 2.612622
v -5.786943 -19.864172 2.797363
v -5.879737 -19.821993 2.797363
v -5.879737 -19.821993 2.797363
v -5.786943 -19.864172 2.797363
v -5.783488 -19.662813 2.873884
v -5.786943 -19.864172 2.797363
v -5.727357 -19.688327 2.873884
v -5.783488 -19.662813 2.873884
v -5.727357 -19.688327 -2.873884
v -5.661021 -19.703635 -2.873884
v -5.786943 -19.864172 -2.797362
v -5.661021 -19.703635 -2.873884
v -5.688110 -19.886979 -2.797362
v -5.786943 -19.864172 -2.797362
v -5.786943 -19.864172 -2.797362
v -5.688110 -19.886979 -2.797362
v -5.811625 -19.937009 -2.612622
v -5.688110 -19.886979 -2.797362
v -5.699330 -19.962923 -2.612622
v -5.811625 -19.937009 -2.612622
v -5.811625 -19.937009 -2.612622
v -5.699330 -19.962923 -2.612622
v -5.811625 -19.937009 2.612622
v -5.699330 -19.962923 -2.612622
v -5.699330 -19.962923 2.612622
v -5.811625 -19.937009 2.612622
v -5.811625 -19.937009 2.612622
v -5.699330 -19.962923 2.612622
v -5.786943 -19.864172 2.797363
v -5.699330 -19.962923 2.612622
v -5.688110 -19.886979 2.797363
v -5.786943 -19.864172 2.797363
v -5.786943 -19.864172 2.797363
v -5.688110 -19.886979 2.797363
v -5.727357 -19.688327 2.873884
v -5.688110 -19.886979 2.797363
v -5.661021 -19.703635 2.873884
v -5.727357 -19.688327 2.873884
v -5.661021 -19.703635 -2.873884
v -5.584480 -19.708738 -2.873884
v -5.688110 -19.886979 -2.797362
v -5.584480 -19.708738 -2.873884
v -5.590631 -19.893478 -2.797362
v -5.688110 -19.886979 -2.797362
v -5.688110 -19.886979 -2.797362
v -5.590631 -19.893478 -2.797362
v -5.699330 -19.962923 -2.612622
v -5.590631 -19.893478 -2.797362
v -5.593179 -19.970000 -2.612622
v -5.699330 -19.962923 -2.612622
v -5.699330 -19.962923 -2.612622
v -5.593179 -19.970000 -2.612622
v -5.699330 -19.962923 2.612622
v -5.593179 -19.970000 -2.612622
v -5.593179 -19.970000 2.612622
v -5.699330 -19.962923 2.612622
v -5.699330 -19.962923 2.612622
v -5.593179 -19.970000 2.612622
v -5.688110 -19.886979 2.797363
v -5.593179 -19.970000 2.612622
v -5.590631 -19.893478 2.797363
v -5.688110 -19.886979 2.797363
v -5.688110 -19.886979 2.797363
v -5.590631 -19.893478 2.797363
v -5.661021 -19.703635 2.873884
v -5.590631 -19.893478 2.797363
v -5.584480 -19.708738 2.873884
v -5.661021 -19.703635 2.873884
v -5.584480 -19.708738 -2.873884
v -1.012391 -19.708738 -2.873884
v -5.590631 -19.893478 -2.797362
v -1.012391 -19.708738 -2.873884
v -1.006240 -19.893478 -2.797362
v -5.590631 -19.893478 -2.797362
v -5.590631 -19.893478 -2.797362
v -1.006240 -19.893478 -2.797362
v -5.593179 -19.970000 -2.612622
v -1.006240 -19.893478 -2.797362
v -1.003692 -19.970000 -2.612622
v -5.593179 -19.970000 -2.612622
v -5.593179 -19.970000 -2.612622
v -1.003692 -19.970000 -2.612622
v -5.593179 -19.970000 2.612622
v -1.003692 -19.970000 -2.612622
v -1.003692 -19.970000 2.612622
v -5.593179 -19.970000 2.612622
v -5.593179 -19.970000 2.612622
v -1.003692 -19.970000 2.612622
v -5.590631 -19.893478 2.797363
v -1.003692 -19.970000 2.612622
v -1.006240 -19.893478 2.797363
v -5.590631 -19.893478 2.797363
v -5.590631 -19.893478 2.797363
v -1.006240 -19.893478 2.797363
v -5.584480 -19.708738 2.873884
v -1.006240 -19.893478 2.797363
v -1.012391 -19.708738 2.873884
v -5.584480 -19.708738 2.873884
vt 436 0
vt 86 0
vt 80.140625 0.390625
vt 446.9375 1.5625
vt 441.859375 0.390625
vt 436 0
vt 454.75 6.25
vt 451.234375 3.515625
vt 446.9375 1.5625
vt 459.4375 14.0625
vt 457.484375 9.765625
vt 454.75 6.25
vt 461 25
vt 460.609375 19.140625
vt 459.4375 14.0625
vt 566.390625 19.140625
vt 566 25
vt 566 446
vt 569.515625 9.765625
vt 567.5625 14.0625
vt 566.390625 19.140625
vt 575.765625 3.515625
vt 572.25 6.25
vt 569.515625 9.765625
vt 585.140625 0.390625
vt 580.0625 1.5625
vt 575.765625 3.515625
vt 941 0
vt 591 0
vt 585.140625 0.390625
vt 951.9375 1.5625
vt 946.859375 0.390625
vt 941 0
vt 959.75 6.25
vt 956.234375 3.515625
vt 951.9375 1.5625
vt 964.4375 14.0625
vt 962.484375 9.765625
vt 959.75 6.25
vt 966 25
vt 965.609375 19.140625
vt 964.4375 14.0625
vt 965.984375 454.21875
vt 966 452
vt 966 25
vt 965.859375 458.46875
vt 965.9375 456.375
vt 965.984375 454.21875
vt 965.609375 462.46875
vt 965.75 460.5
vt 965.859375 458.46875
vt 965.234375 466.21875
vt 965.4375 464.375
vt 965.609375 462.46875
vt 964.640625 469.75
vt 965 468
vt 965.234375 466.21875
vt 963.265625 473.25
vt 964.0625 471.5
vt 964.640625 469.75
vt 961.015625 476.75
vt 962.25 475
vt 963.265625 473.25
vt 957.890625 480.25
vt 959.5625 478.5
vt 961.015625 476.75
vt 962.5625 784.5
vt 960.890625 782.75
vt 959 781
vt 965.25 788
vt 964.015625 786.25
vt 962.5625 784.5
vt 967.0625 791.5
vt 966.265625 789.75
vt 965.25 788
vt 968 795
vt 967.640625 793.25
vt 967.0625 791.5
vt 968.4375 798.625
vt 968.234375 796.78125
vt 968 795
vt 968.75 802.5
vt 968.609375 800.53125
vt 968.4375 798.625
vt 968.9375 806.625
vt 968.859375 804.53125
vt 968.75 802.5
vt 969 811
vt 968.984375 808.78125
vt 968.9375 806.625
vt 968.609375 1313.859375
vt 969 1308
vt 969 811
vt 965.484375 1323.234375
vt 967.4375 1318.9375
vt 968.609375 1313.859375
vt 959.234375 1329.484375
vt 962.75 1326.75
vt 965.484375 1323.234375
vt 949.859375 1332.609375
vt 954.9375 1331.4375
vt 959.234375 1329.484375
vt 595 1333
vt 944 1333
vt 949.859375 1332.609375
vt 584.0625 1331.4375
vt 589.140625 1332.609375
vt 595 1333
vt 576.25 1326.75
vt 579.765625 1329.484375
vt 584.0625 1331.4375
vt 571.5625 1318.9375
vt 573.515625 1323.234375
vt 576.25 1326.75
vt 570 1308
vt 570.390625 1313.859375
vt 571.5625 1318.9375
vt 456.609375 1313.859375
vt 457 1308
vt 457 818
vt 453.484375 1323.234375
vt 455.4375 1318.9375
vt 456.609375 1313.859375
vt 447.234375 1329.484375
vt 450.75 1326.75
vt 453.484375 1323.234375
vt 437.859375 1332.609375
vt 442.9375 1331.4375
vt 447.234375 1329.484375
vt 83 1333
vt 432 1333
vt 437.859375 1332.609375
vt 72.0625 1331.4375
vt 77.140625 1332.609375
vt 83 1333
vt 64.25 1326.75
vt 67.765625 1329.484375
vt 72.0625 1331.4375
vt 59.5625 1318.9375
vt 61.515625 1323.234375
vt 64.25 1326.75
vt 58 1308
vt 58.390625 1313.859375
vt 59.5625 1318.9375
vt 58.0234375 808.7890625
vt 58 811
vt 58 1308
vt 58.2109375 804.6015625
vt 58.09375 806.65625
vt 58.0234375 808.7890625
vt 58.5859375 800.7265625
vt 58.375 802.625
vt 58.2109375 804.6015625
vt 59.1484375 797.1640625
vt 58.84375 798.90625
vt 58.5859375 800.7265625
vt 59.9609375 793.8515625
vt 59.5 795.5
vt 59.1484375 797.1640625
vt 61.3984375 790.4140625
vt 60.59375 792.15625
vt 59.9609375 793.8515625
vt 63.5234375 786.7890625
vt 62.375 788.625
vt 61.3984375 790.4140625
vt 66.3359375 782.9765625
vt 64.84375 784.90625
vt 63.5234375 786.7890625
vt 201 647
vt 68 781
vt 66.3359375 782.9765625
vt 69.3359375 480.25
vt 71 482
vt 201 612
vt 66.5234375 476.75
vt 67.84375 478.5
vt 69.3359375 480.25
vt 64.3984375 473.25
vt 65.375 475
vt 66.5234375 476.75
vt 62.9609375 469.75
vt 63.59375 471.5
vt 64.3984375 473.25
vt 62.1484375 466.21875
vt 62.5 468
vt 62.9609375 469.75
vt 61.5859375 462.46875
vt 61.84375 464.375
vt 62.1484375 466.21875
vt 61.2109375 458.46875
vt 61.375 460.5
vt 61.5859375 462.46875
vt 61.0234375 454.21875
vt 61.09375 456.375
vt 61.2109375 458.46875
vt 61 25
vt 61 452
vt 61.0234375 454.21875
vt 62.5625 14.0625
vt 61.390625 19.140625
vt 61 25
vt 67.25 6.25
vt 64.515625 9.765625
vt 62.5625 14.0625
vt 75.0625 1.5625
vt 70.765625 3.515625
vt 67.25 6.25
vt 436 0
vt 80.140625 0.390625
vt 75.0625 1.5625
vt 454.75 6.25
vt 446.9375 1.5625
vt 436 0
vt 461 25
vt 459.4375 14.0625
vt 454.75 6.25
vt 569.515625 9.765625
vt 566.390625 19.140625
vt 566 446
vt 585.140625 0.390625
vt 575.765625 3.515625
vt 569.515625 9.765625
vt 951.9375 1.5625
vt 941 0
vt 585.140625 0.390625
vt 964.4375 14.0625
vt 959.75 6.25
vt 951.9375 1.5625
vt 965.984375 454.21875
vt 966 25
vt 964.4375 14.0625
vt 965.609375 462.46875
vt 965.859375 458.46875
vt 965.984375 454.21875
vt 964.640625 469.75
vt 965.234375 466.21875
vt 965.609375 462.46875
vt 961.015625 476.75
vt 963.265625 473.25
vt 964.640625 469.75
vt 956 482
vt 957.890625 480.25
vt 961.015625 476.75
vt 965.25 788
vt 962.5625 784.5
vt 959 781
vt 968 795
vt 967.0625 791.5
vt 965.25 788
vt 968.75 802.5
vt 968.4375 798.625
vt 968 795
vt 969 811
vt 968.9375 806.625
vt 968.75 802.5
vt 965.484375 1323.234375
vt 968.609375 1313.859375
vt 969 811
vt 949.859375 1332.609375
vt 959.234375 1329.484375
vt 965.484375 1323.234375
vt 584.0625 1331.4375
vt 595 1333
vt 949.859375 1332.609375
vt 571.5625 1318.9375
vt 576.25 1326.75
vt 584.0625 1331.4375
vt 570 818
vt 570 1308
vt 571.5625 1318.9375
vt 453.484375 1323.234375
vt 456.609375 1313.859375
vt 457 818
vt 437.859375 1332.609375
vt 447.234375 1329.484375
vt 453.484375 1323.234375
vt 72.0625 1331.4375
vt 83 1333
vt 437.859375 1332.609375
vt 59.5625 1318.9375
vt 64.25 1326.75
vt 72.0625 1331.4375
vt 58.0234375 808.7890625
vt 58 1308
vt 59.5625 1318.9375
vt 58.5859375 800.7265625
vt 58.2109375 804.6015625
vt 58.0234375 808.7890625
vt 59.9609375 793.8515625
vt 59.1484375 797.1640625
vt 58.5859375 800.7265625
vt 63.5234375 786.7890625
vt 61.3984375 790.4140625
vt 59.9609375 793.8515625
vt 201 647
vt 66.3359375 782.9765625
vt 63.5234375 786.7890625
vt 66.5234375 476.75
vt 69.3359375 480.25
vt 201 612
vt 62.9609375 469.75
vt 64.3984375 473.25
vt 66.5234375 476.75
vt 61.5859375 462.46875
vt 62.1484375 466.21875
vt 62.9609375 469.75
vt 61.0234375 454.21875
vt 61.2109375 458.46875
vt 61.5859375 462.46875
vt 62.5625 14.0625
vt 61 25
vt 61.0234375 454.21875
vt 75.0625 1.5625
vt 67.25 6.25
vt 62.5625 14.0625
vt 454.75 6.25
vt 436 0
vt 75.0625 1.5625
vt 461 446
vt 461 25
vt 454.75 6.25
vt 585.140625 0.390625
vt 569.515625 9.765625
vt 566 446
vt 964.4375 14.0625
vt 951.9375 1.5625
vt 585.140625 0.390625
vt 965.609375 462.46875
vt 965.984375 454.21875
vt 964.4375 14.0625
vt 961.015625 476.75
vt 964.640625 469.75
vt 965.609375 462.46875
vt 826 612
vt 956 482
vt 961.015625 476.75
vt 965.25 788
vt 959 781
vt 826 647
vt 968.75 802.5
vt 968 795
vt 965.25 788
vt 965.484375 1323.234375
vt 969 811
vt 968.75 802.5
vt 584.0625 1331.4375
vt 949.859375 1332.609375
vt 965.484375 1323.234375
vt 570 818
vt 571.5625 1318.9375
vt 584.0625 1331.4375
vt 437.859375 1332.609375
vt 453.484375 1323.234375
vt 457 818
vt 59.5625 1318.9375
vt 72.0625 1331.4375
vt 437.859375 1332.609375
vt 58.5859375 800.7265625
vt 58.0234375 808.7890625
vt 59.5625 1318.9375
vt 63.5234375 786.7890625
vt 59.9609375 793.8515625
vt 58.5859375 800.7265625
vt 62.9609375 469.75
vt 66.5234375 476.75
vt 201 612
vt 61.0234375 454.21875
vt 61.5859375 462.46875
vt 62.9609375 469.75
vt 75.0625 1.5625
vt 62.5625 14.0625
vt 61.0234375 454.21875
vt 461 446
vt 454.75 6.25
vt 75.0625 1.5625
vt 964.4375 14.0625
vt 585.140625 0.390625
vt 566 446
vt 961.015625 476.75
vt 965.609375 462.46875
vt 964.4375 14.0625
vt 968.75 802.5
vt 965.25 788
vt 826 647
vt 584.0625 1331.4375
vt 965.484375 1323.234375
vt 968.75 802.5
vt 59.5625 1318.9375
vt 437.859375 1332.609375
vt 457 818
vt 63.5234375 786.7890625
vt 58.5859375 800.7265625
vt 59.5625 1318.9375
vt 61.0234375 454.21875
vt 62.9609375 469.75
vt 201 612
vt 461 446
vt 75.0625 1.5625
vt 61.0234375 454.21875
vt 961.015625 476.75
vt 964.4375 14.0625
vt 566 446
vt 584.0625 1331.4375
vt 968.75 802.5
vt 826 647
vt 63.5234375 786.7890625
vt 59.5625 1318.9375
vt 457 818
vt 461 446
vt 61.0234375 454.21875
vt 201 612
vt 961.015625 476.75
vt 566 446
vt 461 446
vt 584.0625 1331.4375
vt 826 647
vt 826 612
vt 63.5234375 786.7890625
vt 457 818
vt 570 818
vt 461 446
vt 201 612
vt 201 647
vt 826 612
vt 961.015625 476.75
vt 461 446
vt 570 818
vt 584.0625 1331.4375
vt 826 612
vt 201 647
vt 63.5234375 786.7890625
vt 570 818
vt 826 612
vt 461 446
vt 201 647
vt 201 647
vt 570 818
vt 826 612
vt 80.140625 0.390625
vt 86 0
vt 436 0
vt 436 0
vt 441.859375 0.390625
vt 446.9375 1.5625
vt 446.9375 1.5625
vt 451.234375 3.515625
vt 454.75 6.25
vt 454.75 6.25
vt 457.484375 9.765625
vt 459.4375 14.0625
vt 459.4375 14.0625
vt 460.609375 19.140625
vt 461 25
vt 566 446
vt 566 25
vt 566.390625 19.140625
vt 566.390625 19.140625
vt 567.5625 14.0625
vt 569.515625 9.765625
vt 569.515625 9.765625
vt 572.25 6.25
vt 575.765625 3.515625
vt 575.765625 3.515625
vt 580.0625 1.5625
vt 585.140625 0.390625
vt 585.140625 0.390625
vt 591 0
vt 941 0
vt 941 0
vt 946.859375 0.390625
vt 951.9375 1.5625
vt 951.9375 1.5625
vt 956.234375 3.515625
vt 959.75 6.25
vt 959.75 6.25
vt 962.484375 9.765625
vt 964.4375 14.0625
vt 964.4375 14.0625
vt 965.609375 19.140625
vt 966 25
vt 966 25
vt 966 452
vt 965.984375 454.21875
vt 965.984375 454.21875
vt 965.9375 456.375
vt 965.859375 458.46875
vt 965.859375 458.46875
vt 965.75 460.5
vt 965.609375 462.46875
vt 965.609375 462.46875
vt 965.4375 464.375
vt 965.234375 466.21875
vt 965.234375 466.21875
vt 965 468
vt 964.640625 469.75
vt 964.640625 469.75
vt 964.0625 471.5
vt 963.265625 473.25
vt 963.265625 473.25
vt 962.25 475
vt 961.015625 476.75
vt 961.015625 476.75
vt 959.5625 478.5
vt 957.890625 480.25
vt 959 781
vt 960.890625 782.75
vt 962.5625 784.5
vt 962.5625 784.5
vt 964.015625 786.25
vt 965.25 788
vt 965.25 788
vt 966.265625 789.75
vt 967.0625 791.5
vt 967.0625 791.5
vt 967.640625 793.25
vt 968 795
vt 968 795
vt 968.234375 796.78125
vt 968.4375 798.625
vt 968.4375 798.625
vt 968.609375 800.53125
vt 968.75 802.5
vt 968.75 802.5
vt 968.859375 804.53125
vt 968.9375 806.625
vt 968.9375 806.625
vt 968.984375 808.78125
vt 969 811
vt 969 811
vt 969 1308
vt 968.609375 1313.859375
vt 968.609375 1313.859375
vt 967.4375 1318.9375
vt 965.484375 1323.234375
vt 965.484375 1323.234375
vt 962.75 1326.75
vt 959.234375 1329.484375
vt 959.234375 1329.484375
vt 954.9375 1331.4375
vt 949.859375 1332.609375
vt 949.859375 1332.609375
vt 944 1333
vt 595 1333
vt 595 1333
vt 589.140625 1332.609375
vt 584.0625 1331.4375
vt 584.0625 1331.4375
vt 579.765625 1329.484375
vt 576.25 1326.75
vt 576.25 1326.75
vt 573.515625 1323.234375
vt 571.5625 1318.9375
vt 571.5625 1318.9375
vt 570.390625 1313.859375
vt 570 1308
vt 457 818
vt 457 1308
vt 456.609375 1313.859375
vt 456.609375 1313.859375
vt 455.4375 1318.9375
vt 453.484375 1323.234375
vt 453.484375 1323.234375
vt 450.75 1326.75
vt 447.234375 1329.484375
vt 447.234375 1329.484375
vt 442.9375 1331.4375
vt 437.859375 1332.609375
vt 437.859375 1332.609375
vt 432 1333
vt 83 1333
vt 83 1333
vt 77.140625 1332.609375
vt 72.0625 1331.4375
vt 72.0625 1331.4375
vt 67.765625 1329.484375
vt 64.25 1326.75
vt 64.25 1326.75
vt 61.515625 1323.234375
vt 59.5625 1318.9375
vt 59.5625 1318.9375
vt 58.390625 1313.859375
vt 58 1308
vt 58 1308
vt 58 811
vt 58.0234375 808.7890625
vt 58.0234375 808.7890625
vt 58.09375 806.65625
vt 58.2109375 804.6015625
vt 58.2109375 804.6015625
vt 58.375 802.625
vt 58.5859375 800.7265625
vt 58.5859375 800.7265625
vt 58.84375 798.90625
vt 59.1484375 797.1640625
vt 59.1484375 797.1640625
vt 59.5 795.5
vt 59.9609375 793.8515625
vt 59.9609375 793.8515625
vt 60.59375 792.15625
vt 61.3984375 790.4140625
vt 61.3984375 790.4140625
vt 62.375 788.625
vt 63.5234375 786.7890625
vt 63.5234375 786.7890625
vt 64.84375 784.90625
vt 66.3359375 782.9765625
vt 66.3359375 782.9765625
vt 68 781
vt 201 647
vt 201 612
vt 71 482
vt 69.3359375 480.25
vt 69.3359375 480.25
vt 67.84375 478.5
vt 66.5234375 476.75
vt 66.5234375 476.75
vt 65.375 475
vt 64.3984375 473.25
vt 64.3984375 473.25
vt 63.59375 471.5
vt 62.9609375 469.75
vt 62.9609375 469.75
vt 62.5 468
vt 62.1484375 466.21875
vt 62.1484375 466.21875
vt 61.84375 464.375
vt 61.5859375 462.46875
vt 61.5859375 462.46875
vt 61.375 460.5
vt 61.2109375 458.46875
vt 61.2109375 458.46875
vt 61.09375 456.375
vt 61.0234375 454.21875
vt 61.0234375 454.21875
vt 61 452
vt 61 25
vt 61 25
vt 61.390625 19.140625
vt 62.5625 14.0625
vt 62.5625 14.0625
vt 64.515625 9.765625
vt 67.25 6.25
vt 67.25 6.25
vt 70.765625 3.515625
vt 75.0625 1.5625
vt 75.0625 1.5625
vt 80.140625 0.390625
vt 436 0
vt 436 0
vt 446.9375 1.5625
vt 454.75 6.25
vt 454.75 6.25
vt 459.4375 14.0625
vt 461 25
vt 566 446
vt 566.390625 19.140625
vt 569.515625 9.765625
vt 569.515625 9.765625
vt 575.765625 3.515625
vt 585.140625 0.390625
vt 585.140625 0.390625
vt 941 0
vt 951.9375 1.5625
vt 951.9375 1.5625
vt 959.75 6.25
vt 964.4375 14.0625
vt 964.4375 14.0625
vt 966 25
vt 965.984375 454.21875
vt 965.984375 454.21875
vt 965.859375 458.46875
vt 965.609375 462.46875
vt 965.609375 462.46875
vt 965.234375 466.21875
vt 964.640625 469.75
vt 964.640625 469.75
vt 963.265625 473.25
vt 961.015625 476.75
vt 961.015625 476.75
vt 957.890625 480.25
vt 956 482
vt 959 781
vt 962.5625 784.5
vt 965.25 788
vt 965.25 788
vt 967.0625 791.5
vt 968 795
vt 968 795
vt 968.4375 798.625
vt 968.75 802.5
vt 968.75 802.5
vt 968.9375 806.625
vt 969 811
vt 969 811
vt 968.609375 1313.859375
vt 965.484375 1323.234375
vt 965.484375 1323.234375
vt 959.234375 1329.484375
vt 949.859375 1332.609375
vt 949.859375 1332.609375
vt 595 1333
vt 584.0625 1331.4375
vt 584.0625 1331.4375
vt 576.25 1326.75
vt 571.5625 1318.9375
vt 571.5625 1318.9375
vt 570 1308
vt 570 818
vt 457 818
vt 456.609375 1313.859375
vt 453.484375 1323.234375
vt 453.484375 1323.234375
vt 447.234375 1329.484375
vt 437.859375 1332.609375
vt 437.859375 1332.609375
vt 83 1333
vt 72.0625 1331.4375
vt 72.0625 1331.4375
vt 64.25 1326.75
vt 59.5625 1318.9375
vt 59.5625 1318.9375
vt 58 1308
vt 58.0234375 808.7890625
vt 58.0234375 808.7890625
vt 58.2109375 804.6015625
vt 58.5859375 800.7265625
vt 58.5859375 800.7265625
vt 59.1484375 797.1640625
vt 59.9609375 793.8515625
vt 59.9609375 793.8515625
vt 61.3984375 790.4140625
vt 63.5234375 786.7890625
vt 63.5234375 786.7890625
vt 66.3359375 782.9765625
vt 201 647
vt 201 612
vt 69.3359375 480.25
vt 66.5234375 476.75
vt 66.5234375 476.75
vt 64.3984375 473.25
vt 62.9609375 469.75
vt 62.9609375 469.75
vt 62.1484375 466.21875
vt 61.5859375 462.46875
vt 61.5859375 462.46875
vt 61.2109375 458.46875
vt 61.0234375 454.21875
vt 61.0234375 454.21875
vt 61 25
vt 62.5625 14.0625
vt 62.5625 14.0625
vt 67.25 6.25
vt 75.0625 1.5625
vt 75.0625 1.5625
vt 436 0
vt 454.75 6.25
vt 454.75 6.25
vt 461 25
vt 461 446
vt 566 446
vt 569.515625 9.765625
vt 585.140625 0.390625
vt 585.140625 0.390625
vt 951.9375 1.5625
vt 964.4375 14.0625
vt 964.4375 14.0625
vt 965.984375 454.21875
vt 965.609375 462.46875
vt 965.609375 462.46875
vt 964.640625 469.75
vt 961.015625 476.75
vt 961.015625 476.75
vt 956 482
vt 826 612
vt 826 647
vt 959 781
vt 965.25 788
vt 965.25 788
vt 968 795
vt 968.75 802.5
vt 968.75 802.5
vt 969 811
vt 965.484375 1323.234375
vt 965.484375 1323.234375
vt 949.859375 1332.609375
vt 584.0625 1331.4375
vt 584.0625 1331.4375
vt 571.5625 1318.9375
vt 570 818
vt 457 818
vt 453.484375 1323.234375
vt 437.859375 1332.609375
vt 437.859375 1332.609375
vt 72.0625 1331.4375
vt 59.5625 1318.9375
vt 59.5625 1318.9375
vt 58.0234375 808.7890625
vt 58.5859375 800.7265625
vt 58.5859375 800.7265625
vt 59.9609375 793.8515625
vt 63.5234375 786.7890625
vt 201 612
vt 66.5234375 476.75
vt 62.9609375 469.75
vt 62.9609375 469.75
vt 61.5859375 462.46875
vt 61.0234375 454.21875
vt 61.0234375 454.21875
vt 62.5625 14.0625
vt 75.0625 1.5625
vt 75.0625 1.5625
vt 454.75 6.25
vt 461 446
vt 566 446
vt 585.140625 0.390625
vt 964.4375 14.0625
vt 964.4375 14.0625
vt 965.609375 462.46875
vt 961.015625 476.75
vt 826 647
vt 965.25 788
vt 968.75 802.5
vt 968.75 802.5
vt 965.484375 1323.234375
vt 584.0625 1331.4375
vt 457 818
vt 437.859375 1332.609375
vt 59.5625 1318.9375
vt 59.5625 1318.9375
vt 58.5859375 800.7265625
vt 63.5234375 786.7890625
vt 201 612
vt 62.9609375 469.75
vt 61.0234375 454.21875
vt 61.0234375 454.21875
vt 75.0625 1.5625
vt 461 446
vt 566 446
vt 964.4375 14.0625
vt 961.015625 476.75
vt 826 647
vt 968.75 802.5
vt 584.0625 1331.4375
vt 457 818
vt 59.5625 1318.9375
vt 63.5234375 786.7890625
vt 201 612
vt 61.0234375 454.21875
vt 461 446
vt 461 446
vt 566 446
vt 961.015625 476.75
vt 826 612
vt 826 647
vt 584.0625 1331.4375
vt 570 818
vt 457 818
vt 63.5234375 786.7890625
vt 201 647
vt 201 612
vt 461 446
vt 461 446
vt 961.015625 476.75
vt 826 612
vt 826 612
vt 584.0625 1331.4375
vt 570 818
vt 570 818
vt 63.5234375 786.7890625
vt 201 647
vt 201 647
vt 461 446
vt 826 612
vt 826 612
vt 570 818
vt 201 647
vt 436 21
vt 441.859375 21
vt 436.47088623046875 15.142135620117188
vt 441.859375 21
vt 443.9330139160156 15.142135620117188
vt 436.47088623046875 15.142135620117188
vt 436.47088623046875 15.142135620117188
vt 443.9330139160156 15.142135620117188
vt 436.6659240722656 1
vt 443.9330139160156 15.142135620117188
vt 444.79193115234375 1
vt 436.6659240722656 1
vt 436.6659240722656 1
vt 444.79193115234375 1
vt 436.6659240722656 -399
vt 444.79193115234375 1
vt 444.79193115234375 -399
vt 436.6659240722656 -399
vt 436.6659240722656 -399
vt 444.79193115234375 -399
vt 436.47088623046875 -413.14215087890625
vt 444.79193115234375 -399
vt 443.9330139160156 -413.14215087890625
vt 436.47088623046875 -413.14215087890625
vt 436.47088623046875 -413.14215087890625
vt 443.9330139160156 -413.14215087890625
vt 436 -419
vt 443.9330139160156 -413.14215087890625
vt 441.859375 -419
vt 436 -419
vt 441.859375 21
vt 446.9375 21
vt 443.9330139160156 15.142135620117188
vt 446.9375 21
vt 451.4989013671875 15.142135620117188
vt 443.9330139160156 15.142135620117188
vt 443.9330139160156 15.142135620117188
vt 451.4989013671875 15.142135620117188
vt 444.79193115234375 1
vt 451.4989013671875 15.142135620117188
vt 453.3883056640625 1
vt 444.79193115234375 1
vt 444.79193115234375 1
vt 453.3883056640625 1
vt 444.79193115234375 -399
vt 453.3883056640625 1
vt 453.3883056640625 -399
vt 444.79193115234375 -399
vt 444.79193115234375 -399
vt 453.3883056640625 -399
vt 443.9330139160156 -413.14215087890625
vt 453.3883056640625 -399
vt 451.4989013671875 -413.14215087890625
vt 443.9330139160156 -413.14215087890625
vt 443.9330139160156 -413.14215087890625
vt 451.4989013671875 -413.14215087890625
vt 441.859375 -419
vt 451.4989013671875 -413.14215087890625
vt 446.9375 -419
vt 441.859375 -419
vt 446.9375 21
vt 451.234375 21
vt 451.4989013671875 15.142135620117188
vt 451.234375 21
vt 458.6023864746094 15.142135620117188
vt 451.4989013671875 15.142135620117188
vt 451.4989013671875 15.142135620117188
vt 458.6023864746094 15.142135620117188
vt 453.3883056640625 1
vt 458.6023864746094 15.142135620117188
vt 461.654296875 1
vt 453.3883056640625 1
vt 453.3883056640625 1
vt 461.654296875 1
vt 453.3883056640625 -399
vt 461.654296875 1
vt 461.654296875 -399
vt 453.3883056640625 -399
vt 453.3883056640625 -399
vt 461.654296875 -399
vt 451.4989013671875 -413.14215087890625
vt 461.654296875 -399
vt 458.6023864746094 -413.14215087890625
vt 451.4989013671875 -413.14215087890625
vt 451.4989013671875 -413.14215087890625
vt 458.6023864746094 -413.14215087890625
vt 446.9375 -419
vt 458.6023864746094 -413.14215087890625
vt 451.234375 -419
vt 446.9375 -419
vt 451.234375 21
vt 454.75 21
vt 458.6023864746094 15.142135620117188
vt 454.75 21
vt 464.82781982421875 15.142135620117188
vt 458.6023864746094 15.142135620117188
vt 458.6023864746094 15.142135620117188
vt 464.82781982421875 15.142135620117188
vt 461.654296875 1
vt 464.82781982421875 15.142135620117188
vt 469.002197265625 1
vt 461.654296875 1
vt 461.654296875 1
vt 469.002197265625 1
vt 461.654296875 -399
vt 469.002197265625 1
vt 469.002197265625 -399
vt 461.654296875 -399
vt 461.654296875 -399
vt 469.002197265625 -399
vt 458.6023864746094 -413.14215087890625
vt 469.002197265625 -399
vt 464.82781982421875 -413.14215087890625
vt 458.6023864746094 -413.14215087890625
vt 458.6023864746094 -413.14215087890625
vt 464.82781982421875 -413.14215087890625
vt 451.234375 -419
vt 464.82781982421875 -413.14215087890625
vt 454.75 -419
vt 451.234375 -419
vt 6.25 21
vt 9.765625 21
vt -3.827822208404541 15.142135620117188
vt 9.765625 21
vt 2.3976240158081055 15.142135620117188
vt -3.827822208404541 15.142135620117188
vt -3.827822208404541 15.142135620117188
vt 2.3976240158081055 15.142135620117188
vt -8.002192497253418 1
vt 2.3976240158081055 15.142135620117188
vt -0.6543018817901611 1
vt -8.002192497253418 1
vt -8.002192497253418 1
vt -0.6543018817901611 1
vt -8.002192497253418 -399
vt -0.6543018817901611 1
vt -0.6543018817901611 -399
vt -8.002192497253418 -399
vt -8.002192497253418 -399
vt -0.6543018817901611 -399
vt -3.827822208404541 -413.14215087890625
vt -0.6543018817901611 -399
vt 2.3976240158081055 -413.14215087890625
vt -3.827822208404541 -413.14215087890625
vt -3.827822208404541 -413.14215087890625
vt 2.3976240158081055 -413.14215087890625
vt 6.25 -419
vt 2.3976240158081055 -413.14215087890625
vt 9.765625 -419
vt 6.25 -419
vt 9.765625 21
vt 14.0625 21
vt 2.3976240158081055 15.142135620117188
vt 14.0625 21
vt 9.501090049743652 15.142135620117188
vt 2.3976240158081055 15.142135620117188
vt 2.3976240158081055 15.142135620117188
vt 9.501090049743652 15.142135620117188
vt -0.6543018817901611 1
vt 9.501090049743652 15.142135620117188
vt 7.611691951751709 1
vt -0.6543018817901611 1
vt -0.6543018817901611 1
vt 7.611691951751709 1
vt -0.6543018817901611 -399
vt 7.611691951751709 1
vt 7.611691951751709 -399
vt -0.6543018817901611 -399
vt -0.6543018817901611 -399
vt 7.611691951751709 -399
vt 2.3976240158081055 -413.14215087890625
vt 7.611691951751709 -399
vt 9.501090049743652 -413.14215087890625
vt 2.3976240158081055 -413.14215087890625
vt 2.3976240158081055 -413.14215087890625
vt 9.501090049743652 -413.14215087890625
vt 9.765625 -419
vt 9.501090049743652 -413.14215087890625
vt 14.0625 -419
vt 9.765625 -419
vt 14.0625 21
vt 19.140625 21
vt 9.501090049743652 15.142135620117188
vt 19.140625 21
vt 17.066986083984375 15.142135620117188
vt 9.501090049743652 15.142135620117188
vt 9.501090049743652 15.142135620117188
vt 17.066986083984375 15.142135620117188
vt 7.611691951751709 1
vt 17.066986083984375 15.142135620117188
vt 16.208057403564453 1
vt 7.611691951751709 1
vt 7.611691951751709 1
vt 16.208057403564453 1
vt 7.611691951751709 -399
vt 16.208057403564453 1
vt 16.208057403564453 -399
vt 7.611691951751709 -399
vt 7.611691951751709 -399
vt 16.208057403564453 -399
vt 9.501090049743652 -413.14215087890625
vt 16.208057403564453 -399
vt 17.066986083984375 -413.14215087890625
vt 9.501090049743652 -413.14215087890625
vt 9.501090049743652 -413.14215087890625
vt 17.066986083984375 -413.14215087890625
vt 14.0625 -419
vt 17.066986083984375 -413.14215087890625
vt 19.140625 -419
vt 14.0625 -419
vt 19.140625 21
vt 25 21
vt 17.066986083984375 15.142135620117188
vt 25 21
vt 24.529117584228516 15.142135620117188
vt 17.066986083984375 15.142135620117188
vt 17.066986083984375 15.142135620117188
vt 24.529117584228516 15.142135620117188
vt 16.208057403564453 1
vt 24.529117584228516 15.142135620117188
vt 24.33407211303711 1
vt 16.208057403564453 1
vt 16.208057403564453 1
vt 24.33407211303711 1
vt 16.208057403564453 -399
vt 24.33407211303711 1
vt 24.33407211303711 -399
vt 16.208057403564453 -399
vt 16.208057403564453 -399
vt 24.33407211303711 -399
vt 17.066986083984375 -413.14215087890625
vt 24.33407211303711 -399
vt 24.529117584228516 -413.14215087890625
vt 17.066986083984375 -413.14215087890625
vt 17.066986083984375 -413.14215087890625
vt 24.529117584228516 -413.14215087890625
vt 19.140625 -419
vt 24.529117584228516 -413.14215087890625
vt 25 -419
vt 19.140625 -419
vt 25 21
vt 446 21
vt 24.529117584228516 15.142135620117188
vt 446 21
vt 431.85784912109375 15.142135620117188
vt 24.529117584228516 15.142135620117188
vt 24.529117584228516 15.142135620117188
vt 431.85784912109375 15.142135620117188
vt 24.33407211303711 1
vt 431.85784912109375 15.142135620117188
vt 426 1
vt 24.33407211303711 1
vt 24.33407211303711 1
vt 426 1
vt 24.33407211303711 -399
vt 426 1
vt 426 -399
vt 24.33407211303711 -399
vt 24.33407211303711 -399
vt 426 -399
vt 24.529117584228516 -413.14215087890625
vt 426 -399
vt 431.85784912109375 -413.14215087890625
vt 24.529117584228516 -413.14215087890625
vt 24.529117584228516 -413.14215087890625
vt 431.85784912109375 -413.14215087890625
vt 25 -419
vt 431.85784912109375 -413.14215087890625
vt 446 -419
vt 25 -419
vt 461 21
vt 566 21
vt 475.14215087890625 15.142135620117188
vt 566 21
vt 551.8578491210938 15.142135620117188
vt 475.14215087890625 15.142135620117188
vt 475.14215087890625 15.142135620117188
vt 551.8578491210938 15.142135620117188
vt 481 1
vt 551.8578491210938 15.142135620117188
vt 546 1
vt 481 1
vt 481 1
vt 546 1
vt 481 -399
vt 546 1
vt 546 -399
vt 481 -399
vt 481 -399
vt 546 -399
vt 475.14215087890625 -413.14215087890625
vt 546 -399
vt 551.8578491210938 -413.14215087890625
vt 475.14215087890625 -413.14215087890625
vt 475.14215087890625 -413.14215087890625
vt 551.8578491210938 -413.14215087890625
vt 461 -419
vt 551.8578491210938 -413.14215087890625
vt 566 -419
vt 461 -419
vt 446 21
vt 25 21
vt 431.85784912109375 15.142135620117188
vt 25 21
vt 24.529117584228516 15.142135620117188
vt 431.85784912109375 15.142135620117188
vt 431.85784912109375 15.142135620117188
vt 24.529117584228516 15.142135620117188
vt 426 1
vt 24.529117584228516 15.142135620117188
vt 24.33407211303711 1
vt 426 1
vt 426 1
vt 24.33407211303711 1
vt 426 -399
vt 24.33407211303711 1
vt 24.33407211303711 -399
vt 426 -399
vt 426 -399
vt 24.33407211303711 -399
vt 431.85784912109375 -413.14215087890625
vt 24.33407211303711 -399
vt 24.529117584228516 -413.14215087890625
vt 431.85784912109375 -413.14215087890625
vt 431.85784912109375 -413.14215087890625
vt 24.529117584228516 -413.14215087890625
vt 446 -419
vt 24.529117584228516 -413.14215087890625
vt 25 -419
vt 446 -419
vt 25 21
vt 19.140625 21
vt 24.529117584228516 15.142135620117188
vt 19.140625 21
vt 17.066986083984375 15.142135620117188
vt 24.529117584228516 15.142135620117188
vt 24.529117584228516 15.142135620117188
vt 17.066986083984375 15.142135620117188
vt 24.33407211303711 1
vt 17.066986083984375 15.142135620117188
vt 16.208057403564453 1
vt 24.33407211303711 1
vt 24.33407211303711 1
vt 16.208057403564453 1
vt 24.33407211303711 -399
vt 16.208057403564453 1
vt 16.208057403564453 -399
vt 24.33407211303711 -399
vt 24.33407211303711 -399
vt 16.208057403564453 -399
vt 24.529117584228516 -413.14215087890625
vt 16.208057403564453 -399
vt 17.066986083984375 -413.14215087890625
vt 24.529117584228516 -413.14215087890625
vt 24.529117584228516 -413.14215087890625
vt 17.066986083984375 -413.14215087890625
vt 25 -419
vt 17.066986083984375 -413.14215087890625
vt 19.140625 -419
vt 25 -419
vt 19.140625 21
vt 14.0625 21
vt 17.066986083984375 15.142135620117188
vt 14.0625 21
vt 9.501090049743652 15.142135620117188
vt 17.066986083984375 15.142135620117188
vt 17.066986083984375 15.142135620117188
vt 9.501090049743652 15.142135620117188
vt 16.208057403564453 1
vt 9.501090049743652 15.142135620117188
vt 7.611691951751709 1
vt 16.208057403564453 1
vt 16.208057403564453 1
vt 7.611691951751709 1
vt 16.208057403564453 -399
vt 7.611691951751709 1
vt 7.611691951751709 -399
vt 16.208057403564453 -399
vt 16.208057403564453 -399
vt 7.611691951751709 -399
vt 17.066986083984375 -413.14215087890625
vt 7.611691951751709 -399
vt 9.501090049743652 -413.14215087890625
vt 17.066986083984375 -413.14215087890625
vt 17.066986083984375 -413.14215087890625
vt 9.501090049743652 -413.14215087890625
vt 19.140625 -419
vt 9.501090049743652 -413.14215087890625
vt 14.0625 -419
vt 19.140625 -419
vt 14.0625 21
vt 9.765625 21
vt 9.501090049743652 15.142135620117188
vt 9.765625 21
vt 2.3976240158081055 15.142135620117188
vt 9.501090049743652 15.142135620117188
vt 9.501090049743652 15.142135620117188
vt 2.3976240158081055 15.142135620117188
vt 7.611691951751709 1
vt 2.3976240158081055 15.142135620117188
vt -0.6543018817901611 1
vt 7.611691951751709 1
vt 7.611691951751709 1
vt -0.6543018817901611 1
vt 7.611691951751709 -399
vt -0.6543018817901611 1
vt -0.6543018817901611 -399
vt 7.611691951751709 -399
vt 7.611691951751709 -399
vt -0.6543018817901611 -399
vt 9.501090049743652 -413.14215087890625
vt -0.6543018817901611 -399
vt 2.3976240158081055 -413.14215087890625
vt 9.501090049743652 -413.14215087890625
vt 9.501090049743652 -413.14215087890625
vt 2.3976240158081055 -413.14215087890625
vt 14.0625 -419
vt 2.3976240158081055 -413.14215087890625
vt 9.765625 -419
vt 14.0625 -419
vt 9.765625 21
vt 6.25 21
vt 2.3976240158081055 15.142135620117188
vt 6.25 21
vt -3.827822208404541 15.142135620117188
vt 2.3976240158081055 15.142135620117188
vt 2.3976240158081055 15.142135620117188
vt -3.827822208404541 15.142135620117188
vt -0.6543018817901611 1
vt -3.827822208404541 15.142135620117188
vt -8.002192497253418 1
vt -0.6543018817901611 1
vt -0.6543018817901611 1
vt -8.002192497253418 1
vt -0.6543018817901611 -399
vt -8.002192497253418 1
vt -8.002192497253418 -399
vt -0.6543018817901611 -399
vt -0.6543018817901611 -399
vt -8.002192497253418 -399
vt 2.3976240158081055 -413.14215087890625
vt -8.002192497253418 -399
vt -3.827822208404541 -413.14215087890625
vt 2.3976240158081055 -413.14215087890625
vt 2.3976240158081055 -413.14215087890625
vt -3.827822208404541 -413.14215087890625
vt 9.765625 -419
vt -3.827822208404541 -413.14215087890625
vt 6.25 -419
vt 9.765625 -419
vt 572.25 21
vt 575.765625 21
vt 562.1721801757812 15.142135620117188
vt 575.765625 21
vt 568.3976440429688 15.142135620117188
vt 562.1721801757812 15.142135620117188
vt 562.1721801757812 15.142135620117188
vt 568.3976440429688 15.142135620117188
vt 557.997802734375 1
vt 568.3976440429688 15.142135620117188
vt 565.345703125 1
vt 557.997802734375 1
vt 557.997802734375 1
vt 565.345703125 1
vt 557.997802734375 -399
vt 565.345703125 1
vt 565.345703125 -399
vt 557.997802734375 -399
vt 557.997802734375 -399
vt 565.345703125 -399
vt 562.1721801757812 -413.14215087890625
vt 565.345703125 -399
vt 568.3976440429688 -413.14215087890625
vt 562.1721801757812 -413.14215087890625
vt 562.1721801757812 -413.14215087890625
vt 568.3976440429688 -413.14215087890625
vt 572.25 -419
vt 568.3976440429688 -413.14215087890625
vt 575.765625 -419
vt 572.25 -419
vt 575.765625 21
vt 580.0625 21
vt 568.3976440429688 15.142135620117188
vt 580.0625 21
vt 575.5010986328125 15.142135620117188
vt 568.3976440429688 15.142135620117188
vt 568.3976440429688 15.142135620117188
vt 575.5010986328125 15.142135620117188
vt 565.345703125 1
vt 575.5010986328125 15.142135620117188
vt 573.6116943359375 1
vt 565.345703125 1
vt 565.345703125 1
vt 573.6116943359375 1
vt 565.345703125 -399
vt 573.6116943359375 1
vt 573.6116943359375 -399
vt 565.345703125 -399
vt 565.345703125 -399
vt 573.6116943359375 -399
vt 568.3976440429688 -413.14215087890625
vt 573.6116943359375 -399
vt 575.5010986328125 -413.14215087890625
vt 568.3976440429688 -413.14215087890625
vt 568.3976440429688 -413.14215087890625
vt 575.5010986328125 -413.14215087890625
vt 575.765625 -419
vt 575.5010986328125 -413.14215087890625
vt 580.0625 -419
vt 575.765625 -419
vt 580.0625 21
vt 585.140625 21
vt 575.5010986328125 15.142135620117188
vt 585.140625 21
vt 583.0670166015625 15.142135620117188
vt 575.5010986328125 15.142135620117188
vt 575.5010986328125 15.142135620117188
vt 583.0670166015625 15.142135620117188
vt 573.6116943359375 1
vt 583.0670166015625 15.142135620117188
vt 582.2080688476562 1
vt 573.6116943359375 1
vt 573.6116943359375 1
vt 582.2080688476562 1
vt 573.6116943359375 -399
vt 582.2080688476562 1
vt 582.2080688476562 -399
vt 573.6116943359375 -399
vt 573.6116943359375 -399
vt 582.2080688476562 -399
vt 575.5010986328125 -413.14215087890625
vt 582.2080688476562 -399
vt 583.0670166015625 -413.14215087890625
vt 575.5010986328125 -413.14215087890625
vt 575.5010986328125 -413.14215087890625
vt 583.0670166015625 -413.14215087890625
vt 580.0625 -419
vt 583.0670166015625 -413.14215087890625
vt 585.140625 -419
vt 580.0625 -419
vt 585.140625 21
vt 591 21
vt 583.0670166015625 15.142135620117188
vt 591 21
vt 590.5291137695312 15.142135620117188
vt 583.0670166015625 15.142135620117188
vt 583.0670166015625 15.142135620117188
vt 590.5291137695312 15.142135620117188
vt 582.2080688476562 1
vt 590.5291137695312 15.142135620117188
vt 590.3340454101562 1
vt 582.2080688476562 1
vt 582.2080688476562 1
vt 590.3340454101562 1
vt 582.2080688476562 -399
vt 590.3340454101562 1
vt 590.3340454101562 -399
vt 582.2080688476562 -399
vt 582.2080688476562 -399
vt 590.3340454101562 -399
vt 583.0670166015625 -413.14215087890625
vt 590.3340454101562 -399
vt 590.5291137695312 -413.14215087890625
vt 583.0670166015625 -413.14215087890625
vt 583.0670166015625 -413.14215087890625
vt 590.5291137695312 -413.14215087890625
vt 585.140625 -419
vt 590.5291137695312 -413.14215087890625
vt 591 -419
vt 585.140625 -419
vt 591 21
vt 941 21
vt 590.5291137695312 15.142135620117188
vt 941 21
vt 941.4708862304688 15.142135620117188
vt 590.5291137695312 15.142135620117188
vt 590.5291137695312 15.142135620117188
vt 941.4708862304688 15.142135620117188
vt 590.3340454101562 1
vt 941.4708862304688 15.142135620117188
vt 941.6659545898438 1
vt 590.3340454101562 1
vt 590.3340454101562 1
vt 941.6659545898438 1
vt 590.3340454101562 -399
vt 941.6659545898438 1
vt 941.6659545898438 -399
vt 590.3340454101562 -399
vt 590.3340454101562 -399
vt 941.6659545898438 -399
vt 590.5291137695312 -413.14215087890625
vt 941.6659545898438 -399
vt 941.4708862304688 -413.14215087890625
vt 590.5291137695312 -413.14215087890625
vt 590.5291137695312 -413.14215087890625
vt 941.4708862304688 -413.14215087890625
vt 591 -419
vt 941.4708862304688 -413.14215087890625
vt 941 -419
vt 591 -419
vt 941 21
vt 946.859375 21
vt 941.4708862304688 15.142135620117188
vt 946.859375 21
vt 948.9329833984375 15.142135620117188
vt 941.4708862304688 15.142135620117188
vt 941.4708862304688 15.142135620117188
vt 948.9329833984375 15.142135620117188
vt 941.6659545898438 1
vt 948.9329833984375 15.142135620117188
vt 949.7919311523438 1
vt 941.6659545898438 1
vt 941.6659545898438 1
vt 949.7919311523438 1
vt 941.6659545898438 -399
vt 949.7919311523438 1
vt 949.7919311523438 -399
vt 941.6659545898438 -399
vt 941.6659545898438 -399
vt 949.7919311523438 -399
vt 941.4708862304688 -413.14215087890625
vt 949.7919311523438 -399
vt 948.9329833984375 -413.14215087890625
vt 941.4708862304688 -413.14215087890625
vt 941.4708862304688 -413.14215087890625
vt 948.9329833984375 -413.14215087890625
vt 941 -419
vt 948.9329833984375 -413.14215087890625
vt 946.859375 -419
vt 941 -419
vt 946.859375 21
vt 951.9375 21
vt 948.9329833984375 15.142135620117188
vt 951.9375 21
vt 956.4989013671875 15.142135620117188
vt 948.9329833984375 15.142135620117188
vt 948.9329833984375 15.142135620117188
vt 956.4989013671875 15.142135620117188
vt 949.7919311523438 1
vt 956.4989013671875 15.142135620117188
vt 958.3883056640625 1
vt 949.7919311523438 1
vt 949.7919311523438 1
vt 958.3883056640625 1
vt 949.7919311523438 -399
vt 958.3883056640625 1
vt 958.3883056640625 -399
vt 949.7919311523438 -399
vt 949.7919311523438 -399
vt 958.3883056640625 -399
vt 948.9329833984375 -413.14215087890625
vt 958.3883056640625 -399
vt 956.4989013671875 -413.14215087890625
vt 948.9329833984375 -413.14215087890625
vt 948.9329833984375 -413.14215087890625
vt 956.4989013671875 -413.14215087890625
vt 946.859375 -419
vt 956.4989013671875 -413.14215087890625
vt 951.9375 -419
vt 946.859375 -419
vt 951.9375 21
vt 956.234375 21
vt 956.4989013671875 15.142135620117188
vt 956.234375 21
vt 963.6023559570312 15.142135620117188
vt 956.4989013671875 15.142135620117188
vt 956.4989013671875 15.142135620117188
vt 963.6023559570312 15.142135620117188
vt 958.3883056640625 1
vt 963.6023559570312 15.142135620117188
vt 966.654296875 1
vt 958.3883056640625 1
vt 958.3883056640625 1
vt 966.654296875 1
vt 958.3883056640625 -399
vt 966.654296875 1
vt 966.654296875 -399
vt 958.3883056640625 -399
vt 958.3883056640625 -399
vt 966.654296875 -399
vt 956.4989013671875 -413.14215087890625
vt 966.654296875 -399
vt 963.6023559570312 -413.14215087890625
vt 956.4989013671875 -413.14215087890625
vt 956.4989013671875 -413.14215087890625
vt 963.6023559570312 -413.14215087890625
vt 951.9375 -419
vt 963.6023559570312 -413.14215087890625
vt 956.234375 -419
vt 951.9375 -419
vt 956.234375 21
vt 959.75 21
vt 963.6023559570312 15.142135620117188
vt 959.75 21
vt 969.8278198242188 15.142135620117188
vt 963.6023559570312 15.142135620117188
vt 963.6023559570312 15.142135620117188
vt 969.8278198242188 15.142135620117188
vt 966.654296875 1
vt 969.8278198242188 15.142135620117188
vt 974.002197265625 1
vt 966.654296875 1
vt 966.654296875 1
vt 974.002197265625 1
vt 966.654296875 -399
vt 974.002197265625 1
vt 974.002197265625 -399
vt 966.654296875 -399
vt 966.654296875 -399
vt 974.002197265625 -399
vt 963.6023559570312 -413.14215087890625
vt 974.002197265625 -399
vt 969.8278198242188 -413.14215087890625
vt 963.6023559570312 -413.14215087890625
vt 963.6023559570312 -413.14215087890625
vt 969.8278198242188 -413.14215087890625
vt 956.234375 -419
vt 969.8278198242188 -413.14215087890625
vt 959.75 -419
vt 956.234375 -419
vt 6.25 21
vt 9.765625 21
vt -3.827822208404541 15.142135620117188
vt 9.765625 21
vt 2.3976240158081055 15.142135620117188
vt -3.827822208404541 15.142135620117188
vt -3.827822208404541 15.142135620117188
vt 2.3976240158081055 15.142135620117188
vt -8.002192497253418 1
vt 2.3976240158081055 15.142135620117188
vt -0.6543018817901611 1
vt -8.002192497253418 1
vt -8.002192497253418 1
vt -0.6543018817901611 1
vt -8.002192497253418 -399
vt -0.6543018817901611 1
vt -0.6543018817901611 -399
vt -8.002192497253418 -399
vt -8.002192497253418 -399
vt -0.6543018817901611 -399
vt -3.827822208404541 -413.14215087890625
vt -0.6543018817901611 -399
vt 2.3976240158081055 -413.14215087890625
vt -3.827822208404541 -413.14215087890625
vt -3.827822208404541 -413.14215087890625
vt 2.3976240158081055 -413.14215087890625
vt 6.25 -419
vt 2.3976240158081055 -413.14215087890625
vt 9.765625 -419
vt 6.25 -419
vt 9.765625 21
vt 14.0625 21
vt 2.3976240158081055 15.142135620117188
vt 14.0625 21
vt 9.501090049743652 15.142135620117188
vt 2.3976240158081055 15.142135620117188
vt 2.3976240158081055 15.142135620117188
vt 9.501090049743652 15.142135620117188
vt -0.6543018817901611 1
vt 9.501090049743652 15.142135620117188
vt 7.611691951751709 1
vt -0.6543018817901611 1
vt -0.6543018817901611 1
vt 7.611691951751709 1
vt -0.6543018817901611 -399
vt 7.611691951751709 1
vt 7.611691951751709 -399
vt -0.6543018817901611 -399
vt -0.6543018817901611 -399
vt 7.611691951751709 -399
vt 2.3976240158081055 -413.14215087890625
vt 7.611691951751709 -399
vt 9.501090049743652 -413.14215087890625
vt 2.3976240158081055 -413.14215087890625
vt 2.3976240158081055 -413.14215087890625
vt 9.501090049743652 -413.14215087890625
vt 9.765625 -419
vt 9.501090049743652 -413.14215087890625
vt 14.0625 -419
vt 9.765625 -419
vt 14.0625 21
vt 19.140625 21
vt 9.501090049743652 15.142135620117188
vt 19.140625 21
vt 17.066986083984375 15.142135620117188
vt 9.501090049743652 15.142135620117188
vt 9.501090049743652 15.142135620117188
vt 17.066986083984375 15.142135620117188
vt 7.611691951751709 1
vt 17.066986083984375 15.142135620117188
vt 16.208057403564453 1
vt 7.611691951751709 1
vt 7.611691951751709 1
vt 16.208057403564453 1
vt 7.611691951751709 -399
vt 16.208057403564453 1
vt 16.208057403564453 -399
vt 7.611691951751709 -399
vt 7.611691951751709 -399
vt 16.208057403564453 -399
vt 9.501090049743652 -413.14215087890625
vt 16.208057403564453 -399
vt 17.066986083984375 -413.14215087890625
vt 9.501090049743652 -413.14215087890625
vt 9.501090049743652 -413.14215087890625
vt 17.066986083984375 -413.14215087890625
vt 14.0625 -419
vt 17.066986083984375 -413.14215087890625
vt 19.140625 -419
vt 14.0625 -419
vt 19.140625 21
vt 25 21
vt 17.066986083984375 15.142135620117188
vt 25 21
vt 24.529117584228516 15.142135620117188
vt 17.066986083984375 15.142135620117188
vt 17.066986083984375 15.142135620117188
vt 24.529117584228516 15.142135620117188
vt 16.208057403564453 1
vt 24.529117584228516 15.142135620117188
vt 24.33407211303711 1
vt 16.208057403564453 1
vt 16.208057403564453 1
vt 24.33407211303711 1
vt 16.208057403564453 -399
vt 24.33407211303711 1
vt 24.33407211303711 -399
vt 16.208057403564453 -399
vt 16.208057403564453 -399
vt 24.33407211303711 -399
vt 17.066986083984375 -413.14215087890625
vt 24.33407211303711 -399
vt 24.529117584228516 -413.14215087890625
vt 17.066986083984375 -413.14215087890625
vt 17.066986083984375 -413.14215087890625
vt 24.529117584228516 -413.14215087890625
vt 19.140625 -419
vt 24.529117584228516 -413.14215087890625
vt 25 -419
vt 19.140625 -419
vt 25 21
vt 452 21
vt 24.529117584228516 15.142135620117188
vt 452 21
vt 452.0498046875 15.142135620117188
vt 24.529117584228516 15.142135620117188
vt 24.529117584228516 15.142135620117188
vt 452.0498046875 15.142135620117188
vt 24.33407211303711 1
vt 452.0498046875 15.142135620117188
vt 452.0704345703125 1
vt 24.33407211303711 1
vt 24.33407211303711 1
vt 452.0704345703125 1
vt 24.33407211303711 -399
vt 452.0704345703125 1
vt 452.0704345703125 -399
vt 24.33407211303711 -399
vt 24.33407211303711 -399
vt 452.0704345703125 -399
vt 24.529117584228516 -413.14215087890625
vt 452.0704345703125 -399
vt 452.0498046875 -413.14215087890625
vt 24.529117584228516 -413.14215087890625
vt 24.529117584228516 -413.14215087890625
vt 452.0498046875 -413.14215087890625
vt 25 -419
vt 452.0498046875 -413.14215087890625
vt 452 -419
vt 25 -419
vt 452 21
vt 454.21875 21
vt 452.0498046875 15.142135620117188
vt 454.21875 21
vt 454.4222412109375 15.142135620117188
vt 452.0498046875 15.142135620117188
vt 452.0498046875 15.142135620117188
vt 454.4222412109375 15.142135620117188
vt 452.0704345703125 1
vt 454.4222412109375 15.142135620117188
vt 454.50653076171875 1
vt 452.0704345703125 1
vt 452.0704345703125 1
vt 454.50653076171875 1
vt 452.0704345703125 -399
vt 454.50653076171875 1
vt 454.50653076171875 -399
vt 452.0704345703125 -399
vt 452.0704345703125 -399
vt 454.50653076171875 -399
vt 452.0498046875 -413.14215087890625
vt 454.50653076171875 -399
vt 454.4222412109375 -413.14215087890625
vt 452.0498046875 -413.14215087890625
vt 452.0498046875 -413.14215087890625
vt 454.4222412109375 -413.14215087890625
vt 452 -419
vt 454.4222412109375 -413.14215087890625
vt 454.21875 -419
vt 452 -419
vt 454.21875 21
vt 456.375 21
vt 454.4222412109375 15.142135620117188
vt 456.375 21
vt 456.7923583984375 15.142135620117188
vt 454.4222412109375 15.142135620117188
vt 454.4222412109375 15.142135620117188
vt 456.7923583984375 15.142135620117188
vt 454.50653076171875 1
vt 456.7923583984375 15.142135620117188
vt 456.9652404785156 1
vt 454.50653076171875 1
vt 454.50653076171875 1
vt 456.9652404785156 1
vt 454.50653076171875 -399
vt 456.9652404785156 1
vt 456.9652404785156 -399
vt 454.50653076171875 -399
vt 454.50653076171875 -399
vt 456.9652404785156 -399
vt 454.4222412109375 -413.14215087890625
vt 456.9652404785156 -399
vt 456.7923583984375 -413.14215087890625
vt 454.4222412109375 -413.14215087890625
vt 454.4222412109375 -413.14215087890625
vt 456.7923583984375 -413.14215087890625
vt 454.21875 -419
vt 456.7923583984375 -413.14215087890625
vt 456.375 -419
vt 454.21875 -419
vt 456.375 21
vt 458.46875 21
vt 456.7923583984375 15.142135620117188
vt 458.46875 21
vt 459.1126403808594 15.142135620117188
vt 456.7923583984375 15.142135620117188
vt 456.7923583984375 15.142135620117188
vt 459.1126403808594 15.142135620117188
vt 456.9652404785156 1
vt 459.1126403808594 15.142135620117188
vt 459.3793640136719 1
vt 456.9652404785156 1
vt 456.9652404785156 1
vt 459.3793640136719 1
vt 456.9652404785156 -399
vt 459.3793640136719 1
vt 459.3793640136719 -399
vt 456.9652404785156 -399
vt 456.9652404785156 -399
vt 459.3793640136719 -399
vt 456.7923583984375 -413.14215087890625
vt 459.3793640136719 -399
vt 459.1126403808594 -413.14215087890625
vt 456.7923583984375 -413.14215087890625
vt 456.7923583984375 -413.14215087890625
vt 459.1126403808594 -413.14215087890625
vt 456.375 -419
vt 459.1126403808594 -413.14215087890625
vt 458.46875 -419
vt 456.375 -419
vt 458.46875 21
vt 460.5 21
vt 459.1126403808594 15.142135620117188
vt 460.5 21
vt 461.3840637207031 15.142135620117188
vt 459.1126403808594 15.142135620117188
vt 459.1126403808594 15.142135620117188
vt 461.3840637207031 15.142135620117188
vt 459.3793640136719 1
vt 461.3840637207031 15.142135620117188
vt 461.750244140625 1
vt 459.3793640136719 1
vt 459.3793640136719 1
vt 461.750244140625 1
vt 459.3793640136719 -399
vt 461.750244140625 1
vt 461.750244140625 -399
vt 459.3793640136719 -399
vt 459.3793640136719 -399
vt 461.750244140625 -399
vt 459.1126403808594 -413.14215087890625
vt 461.750244140625 -399
vt 461.3840637207031 -413.14215087890625
vt 459.1126403808594 -413.14215087890625
vt 459.1126403808594 -413.14215087890625
vt 461.3840637207031 -413.14215087890625
vt 458.46875 -419
vt 461.3840637207031 -413.14215087890625
vt 460.5 -419
vt 458.46875 -419
vt 460.5 21
vt 462.46875 21
vt 461.3840637207031 15.142135620117188
vt 462.46875 21
vt 463.6076354980469 15.142135620117188
vt 461.3840637207031 15.142135620117188
vt 461.3840637207031 15.142135620117188
vt 463.6076354980469 15.142135620117188
vt 461.750244140625 1
vt 463.6076354980469 15.142135620117188
vt 464.079345703125 1
vt 461.750244140625 1
vt 461.750244140625 1
vt 464.079345703125 1
vt 461.750244140625 -399
vt 464.079345703125 1
vt 464.079345703125 -399
vt 461.750244140625 -399
vt 461.750244140625 -399
vt 464.079345703125 -399
vt 461.3840637207031 -413.14215087890625
vt 464.079345703125 -399
vt 463.6076354980469 -413.14215087890625
vt 461.3840637207031 -413.14215087890625
vt 461.3840637207031 -413.14215087890625
vt 463.6076354980469 -413.14215087890625
vt 460.5 -419
vt 463.6076354980469 -413.14215087890625
vt 462.46875 -419
vt 460.5 -419
vt 462.46875 21
vt 464.375 21
vt 463.6076354980469 15.142135620117188
vt 464.375 21
vt 465.7844543457031 15.142135620117188
vt 463.6076354980469 15.142135620117188
vt 463.6076354980469 15.142135620117188
vt 465.7844543457031 15.142135620117188
vt 464.079345703125 1
vt 465.7844543457031 15.142135620117188
vt 466.3682556152344 1
vt 464.079345703125 1
vt 464.079345703125 1
vt 466.3682556152344 1
vt 464.079345703125 -399
vt 466.3682556152344 1
vt 466.3682556152344 -399
vt 464.079345703125 -399
vt 464.079345703125 -399
vt 466.3682556152344 -399
vt 463.6076354980469 -413.14215087890625
vt 466.3682556152344 -399
vt 465.7844543457031 -413.14215087890625
vt 463.6076354980469 -413.14215087890625
vt 463.6076354980469 -413.14215087890625
vt 465.7844543457031 -413.14215087890625
vt 462.46875 -419
vt 465.7844543457031 -413.14215087890625
vt 464.375 -419
vt 462.46875 -419
vt 464.375 21
vt 466.21875 21
vt 465.7844543457031 15.142135620117188
vt 466.21875 21
vt 467.91571044921875 15.142135620117188
vt 465.7844543457031 15.142135620117188
vt 465.7844543457031 15.142135620117188
vt 467.91571044921875 15.142135620117188
vt 466.3682556152344 1
vt 467.91571044921875 15.142135620117188
vt 468.6186218261719 1
vt 466.3682556152344 1
vt 466.3682556152344 1
vt 468.6186218261719 1
vt 466.3682556152344 -399
vt 468.6186218261719 1
vt 468.6186218261719 -399
vt 466.3682556152344 -399
vt 466.3682556152344 -399
vt 468.6186218261719 -399
vt 465.7844543457031 -413.14215087890625
vt 468.6186218261719 -399
vt 467.91571044921875 -413.14215087890625
vt 465.7844543457031 -413.14215087890625
vt 465.7844543457031 -413.14215087890625
vt 467.91571044921875 -413.14215087890625
vt 464.375 -419
vt 467.91571044921875 -413.14215087890625
vt 466.21875 -419
vt 464.375 -419
vt 466.21875 21
vt 468 21
vt 467.91571044921875 15.142135620117188
vt 468 21
vt 470.3478698730469 15.142135620117188
vt 467.91571044921875 15.142135620117188
vt 467.91571044921875 15.142135620117188
vt 470.3478698730469 15.142135620117188
vt 468.6186218261719 1
vt 470.3478698730469 15.142135620117188
vt 471.3204040527344 1
vt 468.6186218261719 1
vt 468.6186218261719 1
vt 471.3204040527344 1
vt 468.6186218261719 -399
vt 471.3204040527344 1
vt 471.3204040527344 -399
vt 468.6186218261719 -399
vt 468.6186218261719 -399
vt 471.3204040527344 -399
vt 467.91571044921875 -413.14215087890625
vt 471.3204040527344 -399
vt 470.3478698730469 -413.14215087890625
vt 467.91571044921875 -413.14215087890625
vt 467.91571044921875 -413.14215087890625
vt 470.3478698730469 -413.14215087890625
vt 466.21875 -419
vt 470.3478698730469 -413.14215087890625
vt 468 -419
vt 466.21875 -419
vt 468 21
vt 469.75 21
vt 470.3478698730469 15.142135620117188
vt 469.75 21
vt 473.4028625488281 15.142135620117188
vt 470.3478698730469 15.142135620117188
vt 470.3478698730469 15.142135620117188
vt 473.4028625488281 15.142135620117188
vt 471.3204040527344 1
vt 473.4028625488281 15.142135620117188
vt 474.91595458984375 1
vt 471.3204040527344 1
vt 471.3204040527344 1
vt 474.91595458984375 1
vt 471.3204040527344 -399
vt 474.91595458984375 1
vt 474.91595458984375 -399
vt 471.3204040527344 -399
vt 471.3204040527344 -399
vt 474.91595458984375 -399
vt 470.3478698730469 -413.14215087890625
vt 474.91595458984375 -399
vt 473.4028625488281 -413.14215087890625
vt 470.3478698730469 -413.14215087890625
vt 470.3478698730469 -413.14215087890625
vt 473.4028625488281 -413.14215087890625
vt 468 -419
vt 473.4028625488281 -413.14215087890625
vt 469.75 -419
vt 468 -419
vt 469.75 21
vt 471.5 21
vt 473.4028625488281 15.142135620117188
vt 471.5 21
vt 476.6635437011719 15.142135620117188
vt 473.4028625488281 15.142135620117188
vt 473.4028625488281 15.142135620117188
vt 476.6635437011719 15.142135620117188
vt 474.91595458984375 1
vt 476.6635437011719 15.142135620117188
vt 478.8023376464844 1
vt 474.91595458984375 1
vt 474.91595458984375 1
vt 478.8023376464844 1
vt 474.91595458984375 -399
vt 478.8023376464844 1
vt 478.8023376464844 -399
vt 474.91595458984375 -399
vt 474.91595458984375 -399
vt 478.8023376464844 -399
vt 473.4028625488281 -413.14215087890625
vt 478.8023376464844 -399
vt 476.6635437011719 -413.14215087890625
vt 473.4028625488281 -413.14215087890625
vt 473.4028625488281 -413.14215087890625
vt 476.6635437011719 -413.14215087890625
vt 469.75 -419
vt 476.6635437011719 -413.14215087890625
vt 471.5 -419
vt 469.75 -419
vt 471.5 21
vt 473.25 21
vt 476.6635437011719 15.142135620117188
vt 473.25 21
vt 479.74542236328125 15.142135620117188
vt 476.6635437011719 15.142135620117188
vt 476.6635437011719 15.142135620117188
vt 479.74542236328125 15.142135620117188
vt 478.8023376464844 1
vt 479.74542236328125 15.142135620117188
vt 482.4359436035156 1
vt 478.8023376464844 1
vt 478.8023376464844 1
vt 482.4359436035156 1
vt 478.8023376464844 -399
vt 482.4359436035156 1
vt 482.4359436035156 -399
vt 478.8023376464844 -399
vt 478.8023376464844 -399
vt 482.4359436035156 -399
vt 476.6635437011719 -413.14215087890625
vt 482.4359436035156 -399
vt 479.74542236328125 -413.14215087890625
vt 476.6635437011719 -413.14215087890625
vt 476.6635437011719 -413.14215087890625
vt 479.74542236328125 -413.14215087890625
vt 471.5 -419
vt 479.74542236328125 -413.14215087890625
vt 473.25 -419
vt 471.5 -419
vt 473.25 21
vt 475 21
vt 479.74542236328125 15.142135620117188
vt 475 21
vt 482.6399841308594 15.142135620117188
vt 479.74542236328125 15.142135620117188
vt 479.74542236328125 15.142135620117188
vt 482.6399841308594 15.142135620117188
vt 482.4359436035156 1
vt 482.6399841308594 15.142135620117188
vt 485.8045959472656 1
vt 482.4359436035156 1
vt 482.4359436035156 1
vt 485.8045959472656 1
vt 482.4359436035156 -399
vt 485.8045959472656 1
vt 485.8045959472656 -399
vt 482.4359436035156 -399
vt 482.4359436035156 -399
vt 485.8045959472656 -399
vt 479.74542236328125 -413.14215087890625
vt 485.8045959472656 -399
vt 482.6399841308594 -413.14215087890625
vt 479.74542236328125 -413.14215087890625
vt 479.74542236328125 -413.14215087890625
vt 482.6399841308594 -413.14215087890625
vt 473.25 -419
vt 482.6399841308594 -413.14215087890625
vt 475 -419
vt 473.25 -419
vt 475 21
vt 476.75 21
vt 482.6399841308594 15.142135620117188
vt 476.75 21
vt 485.35626220703125 15.142135620117188
vt 482.6399841308594 15.142135620117188
vt 482.6399841308594 15.142135620117188
vt 485.35626220703125 15.142135620117188
vt 485.8045959472656 1
vt 485.35626220703125 15.142135620117188
vt 488.9211120605469 1
vt 485.8045959472656 1
vt 485.8045959472656 1
vt 488.9211120605469 1
vt 485.8045959472656 -399
vt 488.9211120605469 1
vt 488.9211120605469 -399
vt 485.8045959472656 -399
vt 485.8045959472656 -399
vt 488.9211120605469 -399
vt 482.6399841308594 -413.14215087890625
vt 488.9211120605469 -399
vt 485.35626220703125 -413.14215087890625
vt 482.6399841308594 -413.14215087890625
vt 482.6399841308594 -413.14215087890625
vt 485.35626220703125 -413.14215087890625
vt 475 -419
vt 485.35626220703125 -413.14215087890625
vt 476.75 -419
vt 475 -419
vt 476.75 21
vt 478.5 21
vt 485.35626220703125 15.142135620117188
vt 478.5 21
vt 487.9131774902344 15.142135620117188
vt 485.35626220703125 15.142135620117188
vt 485.35626220703125 15.142135620117188
vt 487.9131774902344 15.142135620117188
vt 488.9211120605469 1
vt 487.9131774902344 15.142135620117188
vt 491.812255859375 1
vt 488.9211120605469 1
vt 488.9211120605469 1
vt 491.812255859375 1
vt 488.9211120605469 -399
vt 491.812255859375 1
vt 491.812255859375 -399
vt 488.9211120605469 -399
vt 488.9211120605469 -399
vt 491.812255859375 -399
vt 485.35626220703125 -413.14215087890625
vt 491.812255859375 -399
vt 487.9131774902344 -413.14215087890625
vt 485.35626220703125 -413.14215087890625
vt 485.35626220703125 -413.14215087890625
vt 487.9131774902344 -413.14215087890625
vt 476.75 -419
vt 487.9131774902344 -413.14215087890625
vt 478.5 -419
vt 476.75 -419
vt 478.5 21
vt 480.25 21
vt 487.9131774902344 15.142135620117188
vt 480.25 21
vt 490.3333435058594 15.142135620117188
vt 487.9131774902344 15.142135620117188
vt 487.9131774902344 15.142135620117188
vt 490.3333435058594 15.142135620117188
vt 491.812255859375 1
vt 490.3333435058594 15.142135620117188
vt 494.510009765625 1
vt 491.812255859375 1
vt 491.812255859375 1
vt 494.510009765625 1
vt 491.812255859375 -399
vt 494.510009765625 1
vt 494.510009765625 -399
vt 491.812255859375 -399
vt 491.812255859375 -399
vt 494.510009765625 -399
vt 487.9131774902344 -413.14215087890625
vt 494.510009765625 -399
vt 490.3333435058594 -413.14215087890625
vt 487.9131774902344 -413.14215087890625
vt 487.9131774902344 -413.14215087890625
vt 490.3333435058594 -413.14215087890625
vt 478.5 -419
vt 490.3333435058594 -413.14215087890625
vt 480.25 -419
vt 478.5 -419
vt 957.890625 21
vt 956 21
vt 967.8161010742188 15.142135620117188
vt 956 21
vt 965.8069458007812 15.142135620117188
vt 967.8161010742188 15.142135620117188
vt 967.8161010742188 15.142135620117188
vt 965.8069458007812 15.142135620117188
vt 971.9273681640625 1
vt 965.8069458007812 15.142135620117188
vt 969.8690795898438 1
vt 971.9273681640625 1
vt 971.9273681640625 1
vt 969.8690795898438 1
vt 971.9273681640625 -399
vt 969.8690795898438 1
vt 969.8690795898438 -399
vt 971.9273681640625 -399
vt 971.9273681640625 -399
vt 969.8690795898438 -399
vt 967.8161010742188 -413.14215087890625
vt 969.8690795898438 -399
vt 965.8069458007812 -413.14215087890625
vt 967.8161010742188 -413.14215087890625
vt 967.8161010742188 -413.14215087890625
vt 965.8069458007812 -413.14215087890625
vt 957.890625 -419
vt 965.8069458007812 -413.14215087890625
vt 956 -419
vt 957.890625 -419
vt 482 21
vt 612 21
vt 492.19305419921875 15.142135620117188
vt 612 21
vt 617.8578491210938 15.142135620117188
vt 492.19305419921875 15.142135620117188
vt 965.8069458007812 15.142135620117188
vt 840.1421508789062 15.142135620117188
vt 969.8690795898438 1
vt 840.1421508789062 15.142135620117188
vt 846 1
vt 969.8690795898438 1
vt 496.4151611328125 1
vt 620.2843017578125 1
vt 496.4151611328125 -399
vt 620.2843017578125 1
vt 620.2843017578125 -399
vt 496.4151611328125 -399
vt 496.4151611328125 -399
vt 620.2843017578125 -399
vt 492.19305419921875 -413.14215087890625
vt 620.2843017578125 -399
vt 617.8578491210938 -413.14215087890625
vt 492.19305419921875 -413.14215087890625
vt 965.8069458007812 -413.14215087890625
vt 840.1421508789062 -413.14215087890625
vt 956 -419
vt 840.1421508789062 -413.14215087890625
vt 826 -419
vt 956 -419
vt 612 21
vt 647 21
vt 617.8578491210938 15.142135620117188
vt 647 21
vt 641.1731567382812 15.142135620117188
vt 617.8578491210938 15.142135620117188
vt 617.8578491210938 15.142135620117188
vt 641.1731567382812 15.142135620117188
vt 620.2843017578125 1
vt 641.1731567382812 15.142135620117188
vt 638.7595825195312 1
vt 620.2843017578125 1
vt 620.2843017578125 1
vt 638.7595825195312 1
vt 620.2843017578125 -399
vt 638.7595825195312 1
vt 638.7595825195312 -399
vt 620.2843017578125 -399
vt 620.2843017578125 -399
vt 638.7595825195312 -399
vt 617.8578491210938 -413.14215087890625
vt 638.7595825195312 -399
vt 641.1731567382812 -413.14215087890625
vt 617.8578491210938 -413.14215087890625
vt 617.8578491210938 -413.14215087890625
vt 641.1731567382812 -413.14215087890625
vt 612 -419
vt 641.1731567382812 -413.14215087890625
vt 647 -419
vt 612 -419
vt 647 21
vt 781 21
vt 641.1731567382812 15.142135620117188
vt 781 21
vt 770.824951171875 15.142135620117188
vt 641.1731567382812 15.142135620117188
vt 641.1731567382812 15.142135620117188
vt 770.824951171875 15.142135620117188
vt 638.7595825195312 1
vt 770.824951171875 15.142135620117188
vt 766.6102905273438 1
vt 638.7595825195312 1
vt 638.7595825195312 1
vt 766.6102905273438 1
vt 638.7595825195312 -399
vt 766.6102905273438 1
vt 766.6102905273438 -399
vt 638.7595825195312 -399
vt 638.7595825195312 -399
vt 766.6102905273438 -399
vt 641.1731567382812 -413.14215087890625
vt 766.6102905273438 -399
vt 770.824951171875 -413.14215087890625
vt 641.1731567382812 -413.14215087890625
vt 641.1731567382812 -413.14215087890625
vt 770.824951171875 -413.14215087890625
vt 647 -419
vt 770.824951171875 -413.14215087890625
vt 781 -419
vt 647 -419
vt 959 21
vt 960.890625 21
vt 968.8263549804688 15.142135620117188
vt 960.890625 21
vt 970.8161010742188 15.142135620117188
vt 968.8263549804688 15.142135620117188
vt 968.8263549804688 15.142135620117188
vt 970.8161010742188 15.142135620117188
vt 972.8966064453125 1
vt 970.8161010742188 15.142135620117188
vt 974.9273681640625 1
vt 972.8966064453125 1
vt 972.8966064453125 1
vt 974.9273681640625 1
vt 972.8966064453125 -399
vt 974.9273681640625 1
vt 974.9273681640625 -399
vt 972.8966064453125 -399
vt 972.8966064453125 -399
vt 974.9273681640625 -399
vt 968.8263549804688 -413.14215087890625
vt 974.9273681640625 -399
vt 970.8161010742188 -413.14215087890625
vt 968.8263549804688 -413.14215087890625
vt 968.8263549804688 -413.14215087890625
vt 970.8161010742188 -413.14215087890625
vt 959 -419
vt 970.8161010742188 -413.14215087890625
vt 960.890625 -419
vt 959 -419
vt 782.75 21
vt 784.5 21
vt 772.6666259765625 15.142135620117188
vt 784.5 21
vt 775.0867919921875 15.142135620117188
vt 772.6666259765625 15.142135620117188
vt 772.6666259765625 15.142135620117188
vt 775.0867919921875 15.142135620117188
vt 768.489990234375 1
vt 775.0867919921875 15.142135620117188
vt 771.187744140625 1
vt 768.489990234375 1
vt 768.489990234375 1
vt 771.187744140625 1
vt 768.489990234375 -399
vt 771.187744140625 1
vt 771.187744140625 -399
vt 768.489990234375 -399
vt 768.489990234375 -399
vt 771.187744140625 -399
vt 772.6666259765625 -413.14215087890625
vt 771.187744140625 -399
vt 775.0867919921875 -413.14215087890625
vt 772.6666259765625 -413.14215087890625
vt 772.6666259765625 -413.14215087890625
vt 775.0867919921875 -413.14215087890625
vt 782.75 -419
vt 775.0867919921875 -413.14215087890625
vt 784.5 -419
vt 782.75 -419
vt 784.5 21
vt 786.25 21
vt 775.0867919921875 15.142135620117188
vt 786.25 21
vt 777.6437377929688 15.142135620117188
vt 775.0867919921875 15.142135620117188
vt 775.0867919921875 15.142135620117188
vt 777.6437377929688 15.142135620117188
vt 771.187744140625 1
vt 777.6437377929688 15.142135620117188
vt 774.0789184570312 1
vt 771.187744140625 1
vt 771.187744140625 1
vt 774.0789184570312 1
vt 771.187744140625 -399
vt 774.0789184570312 1
vt 774.0789184570312 -399
vt 771.187744140625 -399
vt 771.187744140625 -399
vt 774.0789184570312 -399
vt 775.0867919921875 -413.14215087890625
vt 774.0789184570312 -399
vt 777.6437377929688 -413.14215087890625
vt 775.0867919921875 -413.14215087890625
vt 775.0867919921875 -413.14215087890625
vt 777.6437377929688 -413.14215087890625
vt 784.5 -419
vt 777.6437377929688 -413.14215087890625
vt 786.25 -419
vt 784.5 -419
vt 786.25 21
vt 788 21
vt 777.6437377929688 15.142135620117188
vt 788 21
vt 780.3599853515625 15.142135620117188
vt 777.6437377929688 15.142135620117188
vt 777.6437377929688 15.142135620117188
vt 780.3599853515625 15.142135620117188
vt 774.0789184570312 1
vt 780.3599853515625 15.142135620117188
vt 777.1954345703125 1
vt 774.0789184570312 1
vt 774.0789184570312 1
vt 777.1954345703125 1
vt 774.0789184570312 -399
vt 777.1954345703125 1
vt 777.1954345703125 -399
vt 774.0789184570312 -399
vt 774.0789184570312 -399
vt 777.1954345703125 -399
vt 777.6437377929688 -413.14215087890625
vt 777.1954345703125 -399
vt 780.3599853515625 -413.14215087890625
vt 777.6437377929688 -413.14215087890625
vt 777.6437377929688 -413.14215087890625
vt 780.3599853515625 -413.14215087890625
vt 786.25 -419
vt 780.3599853515625 -413.14215087890625
vt 788 -419
vt 786.25 -419
vt 788 21
vt 789.75 21
vt 780.3599853515625 15.142135620117188
vt 789.75 21
vt 783.2545776367188 15.142135620117188
vt 780.3599853515625 15.142135620117188
vt 780.3599853515625 15.142135620117188
vt 783.2545776367188 15.142135620117188
vt 777.1954345703125 1
vt 783.2545776367188 15.142135620117188
vt 780.5640869140625 1
vt 777.1954345703125 1
vt 777.1954345703125 1
vt 780.5640869140625 1
vt 777.1954345703125 -399
vt 780.5640869140625 1
vt 780.5640869140625 -399
vt 777.1954345703125 -399
vt 777.1954345703125 -399
vt 780.5640869140625 -399
vt 780.3599853515625 -413.14215087890625
vt 780.5640869140625 -399
vt 783.2545776367188 -413.14215087890625
vt 780.3599853515625 -413.14215087890625
vt 780.3599853515625 -413.14215087890625
vt 783.2545776367188 -413.14215087890625
vt 788 -419
vt 783.2545776367188 -413.14215087890625
vt 789.75 -419
vt 788 -419
vt 789.75 21
vt 791.5 21
vt 783.2545776367188 15.142135620117188
vt 791.5 21
vt 786.3364868164062 15.142135620117188
vt 783.2545776367188 15.142135620117188
vt 783.2545776367188 15.142135620117188
vt 786.3364868164062 15.142135620117188
vt 780.5640869140625 1
vt 786.3364868164062 15.142135620117188
vt 784.1976318359375 1
vt 780.5640869140625 1
vt 780.5640869140625 1
vt 784.1976318359375 1
vt 780.5640869140625 -399
vt 784.1976318359375 1
vt 784.1976318359375 -399
vt 780.5640869140625 -399
vt 780.5640869140625 -399
vt 784.1976318359375 -399
vt 783.2545776367188 -413.14215087890625
vt 784.1976318359375 -399
vt 786.3364868164062 -413.14215087890625
vt 783.2545776367188 -413.14215087890625
vt 783.2545776367188 -413.14215087890625
vt 786.3364868164062 -413.14215087890625
vt 789.75 -419
vt 786.3364868164062 -413.14215087890625
vt 791.5 -419
vt 789.75 -419
vt 791.5 21
vt 793.25 21
vt 786.3364868164062 15.142135620117188
vt 793.25 21
vt 789.5971069335938 15.142135620117188
vt 786.3364868164062 15.142135620117188
vt 786.3364868164062 15.142135620117188
vt 789.5971069335938 15.142135620117188
vt 784.1976318359375 1
vt 789.5971069335938 15.142135620117188
vt 788.0840454101562 1
vt 784.1976318359375 1
vt 784.1976318359375 1
vt 788.0840454101562 1
vt 784.1976318359375 -399
vt 788.0840454101562 1
vt 788.0840454101562 -399
vt 784.1976318359375 -399
vt 784.1976318359375 -399
vt 788.0840454101562 -399
vt 786.3364868164062 -413.14215087890625
vt 788.0840454101562 -399
vt 789.5971069335938 -413.14215087890625
vt 786.3364868164062 -413.14215087890625
vt 786.3364868164062 -413.14215087890625
vt 789.5971069335938 -413.14215087890625
vt 791.5 -419
vt 789.5971069335938 -413.14215087890625
vt 793.25 -419
vt 791.5 -419
vt 793.25 21
vt 795 21
vt 789.5971069335938 15.142135620117188
vt 795 21
vt 792.652099609375 15.142135620117188
vt 789.5971069335938 15.142135620117188
vt 789.5971069335938 15.142135620117188
vt 792.652099609375 15.142135620117188
vt 788.0840454101562 1
vt 792.652099609375 15.142135620117188
vt 791.6795654296875 1
vt 788.0840454101562 1
vt 788.0840454101562 1
vt 791.6795654296875 1
vt 788.0840454101562 -399
vt 791.6795654296875 1
vt 791.6795654296875 -399
vt 788.0840454101562 -399
vt 788.0840454101562 -399
vt 791.6795654296875 -399
vt 789.5971069335938 -413.14215087890625
vt 791.6795654296875 -399
vt 792.652099609375 -413.14215087890625
vt 789.5971069335938 -413.14215087890625
vt 789.5971069335938 -413.14215087890625
vt 792.652099609375 -413.14215087890625
vt 793.25 -419
vt 792.652099609375 -413.14215087890625
vt 795 -419
vt 793.25 -419
vt 795 21
vt 796.78125 21
vt 792.652099609375 15.142135620117188
vt 796.78125 21
vt 795.0842895507812 15.142135620117188
vt 792.652099609375 15.142135620117188
vt 792.652099609375 15.142135620117188
vt 795.0842895507812 15.142135620117188
vt 791.6795654296875 1
vt 795.0842895507812 15.142135620117188
vt 794.38134765625 1
vt 791.6795654296875 1
vt 791.6795654296875 1
vt 794.38134765625 1
vt 791.6795654296875 -399
vt 794.38134765625 1
vt 794.38134765625 -399
vt 791.6795654296875 -399
vt 791.6795654296875 -399
vt 794.38134765625 -399
vt 792.652099609375 -413.14215087890625
vt 794.38134765625 -399
vt 795.0842895507812 -413.14215087890625
vt 792.652099609375 -413.14215087890625
vt 792.652099609375 -413.14215087890625
vt 795.0842895507812 -413.14215087890625
vt 795 -419
vt 795.0842895507812 -413.14215087890625
vt 796.78125 -419
vt 795 -419
vt 796.78125 21
vt 798.625 21
vt 795.0842895507812 15.142135620117188
vt 798.625 21
vt 797.215576171875 15.142135620117188
vt 795.0842895507812 15.142135620117188
vt 795.0842895507812 15.142135620117188
vt 797.215576171875 15.142135620117188
vt 794.38134765625 1
vt 797.215576171875 15.142135620117188
vt 796.6317138671875 1
vt 794.38134765625 1
vt 794.38134765625 1
vt 796.6317138671875 1
vt 794.38134765625 -399
vt 796.6317138671875 1
vt 796.6317138671875 -399
vt 794.38134765625 -399
vt 794.38134765625 -399
vt 796.6317138671875 -399
vt 795.0842895507812 -413.14215087890625
vt 796.6317138671875 -399
vt 797.215576171875 -413.14215087890625
vt 795.0842895507812 -413.14215087890625
vt 795.0842895507812 -413.14215087890625
vt 797.215576171875 -413.14215087890625
vt 796.78125 -419
vt 797.215576171875 -413.14215087890625
vt 798.625 -419
vt 796.78125 -419
vt 798.625 21
vt 800.53125 21
vt 797.215576171875 15.142135620117188
vt 800.53125 21
vt 799.3923950195312 15.142135620117188
vt 797.215576171875 15.142135620117188
vt 797.215576171875 15.142135620117188
vt 799.3923950195312 15.142135620117188
vt 796.6317138671875 1
vt 799.3923950195312 15.142135620117188
vt 798.920654296875 1
vt 796.6317138671875 1
vt 796.6317138671875 1
vt 798.920654296875 1
vt 796.6317138671875 -399
vt 798.920654296875 1
vt 798.920654296875 -399
vt 796.6317138671875 -399
vt 796.6317138671875 -399
vt 798.920654296875 -399
vt 797.215576171875 -413.14215087890625
vt 798.920654296875 -399
vt 799.3923950195312 -413.14215087890625
vt 797.215576171875 -413.14215087890625
vt 797.215576171875 -413.14215087890625
vt 799.3923950195312 -413.14215087890625
vt 798.625 -419
vt 799.3923950195312 -413.14215087890625
vt 800.53125 -419
vt 798.625 -419
vt 800.53125 21
vt 802.5 21
vt 799.3923950195312 15.142135620117188
vt 802.5 21
vt 801.615966796875 15.142135620117188
vt 799.3923950195312 15.142135620117188
vt 799.3923950195312 15.142135620117188
vt 801.615966796875 15.142135620117188
vt 798.920654296875 1
vt 801.615966796875 15.142135620117188
vt 801.249755859375 1
vt 798.920654296875 1
vt 798.920654296875 1
vt 801.249755859375 1
vt 798.920654296875 -399
vt 801.249755859375 1
vt 801.249755859375 -399
vt 798.920654296875 -399
vt 798.920654296875 -399
vt 801.249755859375 -399
vt 799.3923950195312 -413.14215087890625
vt 801.249755859375 -399
vt 801.615966796875 -413.14215087890625
vt 799.3923950195312 -413.14215087890625
vt 799.3923950195312 -413.14215087890625
vt 801.615966796875 -413.14215087890625
vt 800.53125 -419
vt 801.615966796875 -413.14215087890625
vt 802.5 -419
vt 800.53125 -419
vt 802.5 21
vt 804.53125 21
vt 801.615966796875 15.142135620117188
vt 804.53125 21
vt 803.8873291015625 15.142135620117188
vt 801.615966796875 15.142135620117188
vt 801.615966796875 15.142135620117188
vt 803.8873291015625 15.142135620117188
vt 801.249755859375 1
vt 803.8873291015625 15.142135620117188
vt 803.62060546875 1
vt 801.249755859375 1
vt 801.249755859375 1
vt 803.62060546875 1
vt 801.249755859375 -399
vt 803.62060546875 1
vt 803.62060546875 -399
vt 801.249755859375 -399
vt 801.249755859375 -399
vt 803.62060546875 -399
vt 801.615966796875 -413.14215087890625
vt 803.62060546875 -399
vt 803.8873291015625 -413.14215087890625
vt 801.615966796875 -413.14215087890625
vt 801.615966796875 -413.14215087890625
vt 803.8873291015625 -413.14215087890625
vt 802.5 -419
vt 803.8873291015625 -413.14215087890625
vt 804.53125 -419
vt 802.5 -419
vt 804.53125 21
vt 806.625 21
vt 803.8873291015625 15.142135620117188
vt 806.625 21
vt 806.2076416015625 15.142135620117188
vt 803.8873291015625 15.142135620117188
vt 803.8873291015625 15.142135620117188
vt 806.2076416015625 15.142135620117188
vt 803.62060546875 1
vt 806.2076416015625 15.142135620117188
vt 806.0347290039062 1
vt 803.62060546875 1
vt 803.62060546875 1
vt 806.0347290039062 1
vt 803.62060546875 -399
vt 806.0347290039062 1
vt 806.0347290039062 -399
vt 803.62060546875 -399
vt 803.62060546875 -399
vt 806.0347290039062 -399
vt 803.8873291015625 -413.14215087890625
vt 806.0347290039062 -399
vt 806.2076416015625 -413.14215087890625
vt 803.8873291015625 -413.14215087890625
vt 803.8873291015625 -413.14215087890625
vt 806.2076416015625 -413.14215087890625
vt 804.53125 -419
vt 806.2076416015625 -413.14215087890625
vt 806.625 -419
vt 804.53125 -419
vt 806.625 21
vt 808.78125 21
vt 806.2076416015625 15.142135620117188
vt 808.78125 21
vt 808.5777587890625 15.142135620117188
vt 806.2076416015625 15.142135620117188
vt 806.2076416015625 15.142135620117188
vt 808.5777587890625 15.142135620117188
vt 806.0347290039062 1
vt 808.5777587890625 15.142135620117188
vt 808.4934692382812 1
vt 806.0347290039062 1
vt 806.0347290039062 1
vt 808.4934692382812 1
vt 806.0347290039062 -399
vt 808.4934692382812 1
vt 808.4934692382812 -399
vt 806.0347290039062 -399
vt 806.0347290039062 -399
vt 808.4934692382812 -399
vt 806.2076416015625 -413.14215087890625
vt 808.4934692382812 -399
vt 808.5777587890625 -413.14215087890625
vt 806.2076416015625 -413.14215087890625
vt 806.2076416015625 -413.14215087890625
vt 808.5777587890625 -413.14215087890625
vt 806.625 -419
vt 808.5777587890625 -413.14215087890625
vt 808.78125 -419
vt 806.625 -419
vt 808.78125 21
vt 811 21
vt 808.5777587890625 15.142135620117188
vt 811 21
vt 810.9501953125 15.142135620117188
vt 808.5777587890625 15.142135620117188
vt 808.5777587890625 15.142135620117188
vt 810.9501953125 15.142135620117188
vt 808.4934692382812 1
vt 810.9501953125 15.142135620117188
vt 810.9295654296875 1
vt 808.4934692382812 1
vt 808.4934692382812 1
vt 810.9295654296875 1
vt 808.4934692382812 -399
vt 810.9295654296875 1
vt 810.9295654296875 -399
vt 808.4934692382812 -399
vt 808.4934692382812 -399
vt 810.9295654296875 -399
vt 808.5777587890625 -413.14215087890625
vt 810.9295654296875 -399
vt 810.9501953125 -413.14215087890625
vt 808.5777587890625 -413.14215087890625
vt 808.5777587890625 -413.14215087890625
vt 810.9501953125 -413.14215087890625
vt 808.78125 -419
vt 810.9501953125 -413.14215087890625
vt 811 -419
vt 808.78125 -419
vt 811 21
vt 1308 21
vt 810.9501953125 15.142135620117188
vt 1308 21
vt 1308.4708251953125 15.142135620117188
vt 810.9501953125 15.142135620117188
vt 810.9501953125 15.142135620117188
vt 1308.4708251953125 15.142135620117188
vt 810.9295654296875 1
vt 1308.4708251953125 15.142135620117188
vt 1308.6658935546875 1
vt 810.9295654296875 1
vt 810.9295654296875 1
vt 1308.6658935546875 1
vt 810.9295654296875 -399
vt 1308.6658935546875 1
vt 1308.6658935546875 -399
vt 810.9295654296875 -399
vt 810.9295654296875 -399
vt 1308.6658935546875 -399
vt 810.9501953125 -413.14215087890625
vt 1308.6658935546875 -399
vt 1308.4708251953125 -413.14215087890625
vt 810.9501953125 -413.14215087890625
vt 810.9501953125 -413.14215087890625
vt 1308.4708251953125 -413.14215087890625
vt 811 -419
vt 1308.4708251953125 -413.14215087890625
vt 1308 -419
vt 811 -419
vt 1308 21
vt 1313.859375 21
vt 1308.4708251953125 15.142135620117188
vt 1313.859375 21
vt 1315.9329833984375 15.142135620117188
vt 1308.4708251953125 15.142135620117188
vt 1308.4708251953125 15.142135620117188
vt 1315.9329833984375 15.142135620117188
vt 1308.6658935546875 1
vt 1315.9329833984375 15.142135620117188
vt 1316.7919921875 1
vt 1308.6658935546875 1
vt 1308.6658935546875 1
vt 1316.7919921875 1
vt 1308.6658935546875 -399
vt 1316.7919921875 1
vt 1316.7919921875 -399
vt 1308.6658935546875 -399
vt 1308.6658935546875 -399
vt 1316.7919921875 -399
vt 1308.4708251953125 -413.14215087890625
vt 1316.7919921875 -399
vt 1315.9329833984375 -413.14215087890625
vt 1308.4708251953125 -413.14215087890625
vt 1308.4708251953125 -413.14215087890625
vt 1315.9329833984375 -413.14215087890625
vt 1308 -419
vt 1315.9329833984375 -413.14215087890625
vt 1313.859375 -419
vt 1308 -419
vt 1313.859375 21
vt 1318.9375 21
vt 1315.9329833984375 15.142135620117188
vt 1318.9375 21
vt 1323.4989013671875 15.142135620117188
vt 1315.9329833984375 15.142135620117188
vt 1315.9329833984375 15.142135620117188
vt 1323.4989013671875 15.142135620117188
vt 1316.7919921875 1
vt 1323.4989013671875 15.142135620117188
vt 1325.3883056640625 1
vt 1316.7919921875 1
vt 1316.7919921875 1
vt 1325.3883056640625 1
vt 1316.7919921875 -399
vt 1325.3883056640625 1
vt 1325.3883056640625 -399
vt 1316.7919921875 -399
vt 1316.7919921875 -399
vt 1325.3883056640625 -399
vt 1315.9329833984375 -413.14215087890625
vt 1325.3883056640625 -399
vt 1323.4989013671875 -413.14215087890625
vt 1315.9329833984375 -413.14215087890625
vt 1315.9329833984375 -413.14215087890625
vt 1323.4989013671875 -413.14215087890625
vt 1313.859375 -419
vt 1323.4989013671875 -413.14215087890625
vt 1318.9375 -419
vt 1313.859375 -419
vt 1318.9375 21
vt 1323.234375 21
vt 1323.4989013671875 15.142135620117188
vt 1323.234375 21
vt 1330.6024169921875 15.142135620117188
vt 1323.4989013671875 15.142135620117188
vt 1323.4989013671875 15.142135620117188
vt 1330.6024169921875 15.142135620117188
vt 1325.3883056640625 1
vt 1330.6024169921875 15.142135620117188
vt 1333.654296875 1
vt 1325.3883056640625 1
vt 1325.3883056640625 1
vt 1333.654296875 1
vt 1325.3883056640625 -399
vt 1333.654296875 1
vt 1333.654296875 -399
vt 1325.3883056640625 -399
vt 1325.3883056640625 -399
vt 1333.654296875 -399
vt 1323.4989013671875 -413.14215087890625
vt 1333.654296875 -399
vt 1330.6024169921875 -413.14215087890625
vt 1323.4989013671875 -413.14215087890625
vt 1323.4989013671875 -413.14215087890625
vt 1330.6024169921875 -413.14215087890625
vt 1318.9375 -419
vt 1330.6024169921875 -413.14215087890625
vt 1323.234375 -419
vt 1318.9375 -419
vt 1323.234375 21
vt 1326.75 21
vt 1330.6024169921875 15.142135620117188
vt 1326.75 21
vt 1336.827880859375 15.142135620117188
vt 1330.6024169921875 15.142135620117188
vt 1330.6024169921875 15.142135620117188
vt 1336.827880859375 15.142135620117188
vt 1333.654296875 1
vt 1336.827880859375 15.142135620117188
vt 1341.002197265625 1
vt 1333.654296875 1
vt 1333.654296875 1
vt 1341.002197265625 1
vt 1333.654296875 -399
vt 1341.002197265625 1
vt 1341.002197265625 -399
vt 1333.654296875 -399
vt 1333.654296875 -399
vt 1341.002197265625 -399
vt 1330.6024169921875 -413.14215087890625
vt 1341.002197265625 -399
vt 1336.827880859375 -413.14215087890625
vt 1330.6024169921875 -413.14215087890625
vt 1330.6024169921875 -413.14215087890625
vt 1336.827880859375 -413.14215087890625
vt 1323.234375 -419
vt 1336.827880859375 -413.14215087890625
vt 1326.75 -419
vt 1323.234375 -419
vt 962.75 21
vt 959.234375 21
vt 972.8278198242188 15.142135620117188
vt 959.234375 21
vt 966.6023559570312 15.142135620117188
vt 972.8278198242188 15.142135620117188
vt 972.8278198242188 15.142135620117188
vt 966.6023559570312 15.142135620117188
vt 977.002197265625 1
vt 966.6023559570312 15.142135620117188
vt 969.654296875 1
vt 977.002197265625 1
vt 977.002197265625 1
vt 969.654296875 1
vt 977.002197265625 -399
vt 969.654296875 1
vt 969.654296875 -399
vt 977.002197265625 -399
vt 977.002197265625 -399
vt 969.654296875 -399
vt 972.8278198242188 -413.14215087890625
vt 969.654296875 -399
vt 966.6023559570312 -413.14215087890625
vt 972.8278198242188 -413.14215087890625
vt 972.8278198242188 -413.14215087890625
vt 966.6023559570312 -413.14215087890625
vt 962.75 -419
vt 966.6023559570312 -413.14215087890625
vt 959.234375 -419
vt 962.75 -419
vt 959.234375 21
vt 954.9375 21
vt 966.6023559570312 15.142135620117188
vt 954.9375 21
vt 959.4989013671875 15.142135620117188
vt 966.6023559570312 15.142135620117188
vt 966.6023559570312 15.142135620117188
vt 959.4989013671875 15.142135620117188
vt 969.654296875 1
vt 959.4989013671875 15.142135620117188
vt 961.3883056640625 1
vt 969.654296875 1
vt 969.654296875 1
vt 961.3883056640625 1
vt 969.654296875 -399
vt 961.3883056640625 1
vt 961.3883056640625 -399
vt 969.654296875 -399
vt 969.654296875 -399
vt 961.3883056640625 -399
vt 966.6023559570312 -413.14215087890625
vt 961.3883056640625 -399
vt 959.4989013671875 -413.14215087890625
vt 966.6023559570312 -413.14215087890625
vt 966.6023559570312 -413.14215087890625
vt 959.4989013671875 -413.14215087890625
vt 959.234375 -419
vt 959.4989013671875 -413.14215087890625
vt 954.9375 -419
vt 959.234375 -419
vt 954.9375 21
vt 949.859375 21
vt 959.4989013671875 15.142135620117188
vt 949.859375 21
vt 951.9329833984375 15.142135620117188
vt 959.4989013671875 15.142135620117188
vt 959.4989013671875 15.142135620117188
vt 951.9329833984375 15.142135620117188
vt 961.3883056640625 1
vt 951.9329833984375 15.142135620117188
vt 952.7919311523438 1
vt 961.3883056640625 1
vt 961.3883056640625 1
vt 952.7919311523438 1
vt 961.3883056640625 -399
vt 952.7919311523438 1
vt 952.7919311523438 -399
vt 961.3883056640625 -399
vt 961.3883056640625 -399
vt 952.7919311523438 -399
vt 959.4989013671875 -413.14215087890625
vt 952.7919311523438 -399
vt 951.9329833984375 -413.14215087890625
vt 959.4989013671875 -413.14215087890625
vt 959.4989013671875 -413.14215087890625
vt 951.9329833984375 -413.14215087890625
vt 954.9375 -419
vt 951.9329833984375 -413.14215087890625
vt 949.859375 -419
vt 954.9375 -419
vt 949.859375 21
vt 944 21
vt 951.9329833984375 15.142135620117188
vt 944 21
vt 944.4708862304688 15.142135620117188
vt 951.9329833984375 15.142135620117188
vt 951.9329833984375 15.142135620117188
vt 944.4708862304688 15.142135620117188
vt 952.7919311523438 1
vt 944.4708862304688 15.142135620117188
vt 944.6659545898438 1
vt 952.7919311523438 1
vt 952.7919311523438 1
vt 944.6659545898438 1
vt 952.7919311523438 -399
vt 944.6659545898438 1
vt 944.6659545898438 -399
vt 952.7919311523438 -399
vt 952.7919311523438 -399
vt 944.6659545898438 -399
vt 951.9329833984375 -413.14215087890625
vt 944.6659545898438 -399
vt 944.4708862304688 -413.14215087890625
vt 951.9329833984375 -413.14215087890625
vt 951.9329833984375 -413.14215087890625
vt 944.4708862304688 -413.14215087890625
vt 949.859375 -419
vt 944.4708862304688 -413.14215087890625
vt 944 -419
vt 949.859375 -419
vt 944 21
vt 595 21
vt 944.4708862304688 15.142135620117188
vt 595 21
vt 594.5291137695312 15.142135620117188
vt 944.4708862304688 15.142135620117188
vt 944.4708862304688 15.142135620117188
vt 594.5291137695312 15.142135620117188
vt 944.6659545898438 1
vt 594.5291137695312 15.142135620117188
vt 594.3340454101562 1
vt 944.6659545898438 1
vt 944.6659545898438 1
vt 594.3340454101562 1
vt 944.6659545898438 -399
vt 594.3340454101562 1
vt 594.3340454101562 -399
vt 944.6659545898438 -399
vt 944.6659545898438 -399
vt 594.3340454101562 -399
vt 944.4708862304688 -413.14215087890625
vt 594.3340454101562 -399
vt 594.5291137695312 -413.14215087890625
vt 944.4708862304688 -413.14215087890625
vt 944.4708862304688 -413.14215087890625
vt 594.5291137695312 -413.14215087890625
vt 944 -419
vt 594.5291137695312 -413.14215087890625
vt 595 -419
vt 944 -419
vt 595 21
vt 589.140625 21
vt 594.5291137695312 15.142135620117188
vt 589.140625 21
vt 587.0670166015625 15.142135620117188
vt 594.5291137695312 15.142135620117188
vt 594.5291137695312 15.142135620117188
vt 587.0670166015625 15.142135620117188
vt 594.3340454101562 1
vt 587.0670166015625 15.142135620117188
vt 586.2080688476562 1
vt 594.3340454101562 1
vt 594.3340454101562 1
vt 586.2080688476562 1
vt 594.3340454101562 -399
vt 586.2080688476562 1
vt 586.2080688476562 -399
vt 594.3340454101562 -399
vt 594.3340454101562 -399
vt 586.2080688476562 -399
vt 594.5291137695312 -413.14215087890625
vt 586.2080688476562 -399
vt 587.0670166015625 -413.14215087890625
vt 594.5291137695312 -413.14215087890625
vt 594.5291137695312 -413.14215087890625
vt 587.0670166015625 -413.14215087890625
vt 595 -419
vt 587.0670166015625 -413.14215087890625
vt 589.140625 -419
vt 595 -419
vt 589.140625 21
vt 584.0625 21
vt 587.0670166015625 15.142135620117188
vt 584.0625 21
vt 579.5010986328125 15.142135620117188
vt 587.0670166015625 15.142135620117188
vt 587.0670166015625 15.142135620117188
vt 579.5010986328125 15.142135620117188
vt 586.2080688476562 1
vt 579.5010986328125 15.142135620117188
vt 577.6116943359375 1
vt 586.2080688476562 1
vt 586.2080688476562 1
vt 577.6116943359375 1
vt 586.2080688476562 -399
vt 577.6116943359375 1
vt 577.6116943359375 -399
vt 586.2080688476562 -399
vt 586.2080688476562 -399
vt 577.6116943359375 -399
vt 587.0670166015625 -413.14215087890625
vt 577.6116943359375 -399
vt 579.5010986328125 -413.14215087890625
vt 587.0670166015625 -413.14215087890625
vt 587.0670166015625 -413.14215087890625
vt 579.5010986328125 -413.14215087890625
vt 589.140625 -419
vt 579.5010986328125 -413.14215087890625
vt 584.0625 -419
vt 589.140625 -419
vt 584.0625 21
vt 579.765625 21
vt 579.5010986328125 15.142135620117188
vt 579.765625 21
vt 572.3976440429688 15.142135620117188
vt 579.5010986328125 15.142135620117188
vt 579.5010986328125 15.142135620117188
vt 572.3976440429688 15.142135620117188
vt 577.6116943359375 1
vt 572.3976440429688 15.142135620117188
vt 569.345703125 1
vt 577.6116943359375 1
vt 577.6116943359375 1
vt 569.345703125 1
vt 577.6116943359375 -399
vt 569.345703125 1
vt 569.345703125 -399
vt 577.6116943359375 -399
vt 577.6116943359375 -399
vt 569.345703125 -399
vt 579.5010986328125 -413.14215087890625
vt 569.345703125 -399
vt 572.3976440429688 -413.14215087890625
vt 579.5010986328125 -413.14215087890625
vt 579.5010986328125 -413.14215087890625
vt 572.3976440429688 -413.14215087890625
vt 584.0625 -419
vt 572.3976440429688 -413.14215087890625
vt 579.765625 -419
vt 584.0625 -419
vt 579.765625 21
vt 576.25 21
vt 572.3976440429688 15.142135620117188
vt 576.25 21
vt 566.1721801757812 15.142135620117188
vt 572.3976440429688 15.142135620117188
vt 572.3976440429688 15.142135620117188
vt 566.1721801757812 15.142135620117188
vt 569.345703125 1
vt 566.1721801757812 15.142135620117188
vt 561.997802734375 1
vt 569.345703125 1
vt 569.345703125 1
vt 561.997802734375 1
vt 569.345703125 -399
vt 561.997802734375 1
vt 561.997802734375 -399
vt 569.345703125 -399
vt 569.345703125 -399
vt 561.997802734375 -399
vt 572.3976440429688 -413.14215087890625
vt 561.997802734375 -399
vt 566.1721801757812 -413.14215087890625
vt 572.3976440429688 -413.14215087890625
vt 572.3976440429688 -413.14215087890625
vt 566.1721801757812 -413.14215087890625
vt 579.765625 -419
vt 566.1721801757812 -413.14215087890625
vt 576.25 -419
vt 579.765625 -419
vt 1326.75 21
vt 1323.234375 21
vt 1336.827880859375 15.142135620117188
vt 1323.234375 21
vt 1330.6024169921875 15.142135620117188
vt 1336.827880859375 15.142135620117188
vt 1336.827880859375 15.142135620117188
vt 1330.6024169921875 15.142135620117188
vt 1341.002197265625 1
vt 1330.6024169921875 15.142135620117188
vt 1333.654296875 1
vt 1341.002197265625 1
vt 1341.002197265625 1
vt 1333.654296875 1
vt 1341.002197265625 -399
vt 1333.654296875 1
vt 1333.654296875 -399
vt 1341.002197265625 -399
vt 1341.002197265625 -399
vt 1333.654296875 -399
vt 1336.827880859375 -413.14215087890625
vt 1333.654296875 -399
vt 1330.6024169921875 -413.14215087890625
vt 1336.827880859375 -413.14215087890625
vt 1336.827880859375 -413.14215087890625
vt 1330.6024169921875 -413.14215087890625
vt 1326.75 -419
vt 1330.6024169921875 -413.14215087890625
vt 1323.234375 -419
vt 1326.75 -419
vt 1323.234375 21
vt 1318.9375 21
vt 1330.6024169921875 15.142135620117188
vt 1318.9375 21
vt 1323.4989013671875 15.142135620117188
vt 1330.6024169921875 15.142135620117188
vt 1330.6024169921875 15.142135620117188
vt 1323.4989013671875 15.142135620117188
vt 1333.654296875 1
vt 1323.4989013671875 15.142135620117188
vt 1325.3883056640625 1
vt 1333.654296875 1
vt 1333.654296875 1
vt 1325.3883056640625 1
vt 1333.654296875 -399
vt 1325.3883056640625 1
vt 1325.3883056640625 -399
vt 1333.654296875 -399
vt 1333.654296875 -399
vt 1325.3883056640625 -399
vt 1330.6024169921875 -413.14215087890625
vt 1325.3883056640625 -399
vt 1323.4989013671875 -413.14215087890625
vt 1330.6024169921875 -413.14215087890625
vt 1330.6024169921875 -413.14215087890625
vt 1323.4989013671875 -413.14215087890625
vt 1323.234375 -419
vt 1323.4989013671875 -413.14215087890625
vt 1318.9375 -419
vt 1323.234375 -419
vt 1318.9375 21
vt 1313.859375 21
vt 1323.4989013671875 15.142135620117188
vt 1313.859375 21
vt 1315.9329833984375 15.142135620117188
vt 1323.4989013671875 15.142135620117188
vt 1323.4989013671875 15.142135620117188
vt 1315.9329833984375 15.142135620117188
vt 1325.3883056640625 1
vt 1315.9329833984375 15.142135620117188
vt 1316.7919921875 1
vt 1325.3883056640625 1
vt 1325.3883056640625 1
vt 1316.7919921875 1
vt 1325.3883056640625 -399
vt 1316.7919921875 1
vt 1316.7919921875 -399
vt 1325.3883056640625 -399
vt 1325.3883056640625 -399
vt 1316.7919921875 -399
vt 1323.4989013671875 -413.14215087890625
vt 1316.7919921875 -399
vt 1315.9329833984375 -413.14215087890625
vt 1323.4989013671875 -413.14215087890625
vt 1323.4989013671875 -413.14215087890625
vt 1315.9329833984375 -413.14215087890625
vt 1318.9375 -419
vt 1315.9329833984375 -413.14215087890625
vt 1313.859375 -419
vt 1318.9375 -419
vt 1313.859375 21
vt 1308 21
vt 1315.9329833984375 15.142135620117188
vt 1308 21
vt 1308.4708251953125 15.142135620117188
vt 1315.9329833984375 15.142135620117188
vt 1315.9329833984375 15.142135620117188
vt 1308.4708251953125 15.142135620117188
vt 1316.7919921875 1
vt 1308.4708251953125 15.142135620117188
vt 1308.6658935546875 1
vt 1316.7919921875 1
vt 1316.7919921875 1
vt 1308.6658935546875 1
vt 1316.7919921875 -399
vt 1308.6658935546875 1
vt 1308.6658935546875 -399
vt 1316.7919921875 -399
vt 1316.7919921875 -399
vt 1308.6658935546875 -399
vt 1315.9329833984375 -413.14215087890625
vt 1308.6658935546875 -399
vt 1308.4708251953125 -413.14215087890625
vt 1315.9329833984375 -413.14215087890625
vt 1315.9329833984375 -413.14215087890625
vt 1308.4708251953125 -413.14215087890625
vt 1313.859375 -419
vt 1308.4708251953125 -413.14215087890625
vt 1308 -419
vt 1313.859375 -419
vt 1308 21
vt 818 21
vt 1308.4708251953125 15.142135620117188
vt 818 21
vt 832.1421508789062 15.142135620117188
vt 1308.4708251953125 15.142135620117188
vt 1308.4708251953125 15.142135620117188
vt 832.1421508789062 15.142135620117188
vt 1308.6658935546875 1
vt 832.1421508789062 15.142135620117188
vt 838 1
vt 1308.6658935546875 1
vt 1308.6658935546875 1
vt 838 1
vt 1308.6658935546875 -399
vt 838 1
vt 838 -399
vt 1308.6658935546875 -399
vt 1308.6658935546875 -399
vt 838 -399
vt 1308.4708251953125 -413.14215087890625
vt 838 -399
vt 832.1421508789062 -413.14215087890625
vt 1308.4708251953125 -413.14215087890625
vt 1308.4708251953125 -413.14215087890625
vt 832.1421508789062 -413.14215087890625
vt 1308 -419
vt 832.1421508789062 -413.14215087890625
vt 818 -419
vt 1308 -419
vt 570 21
vt 457 21
vt 555.8578491210938 15.142135620117188
vt 457 21
vt 471.14215087890625 15.142135620117188
vt 555.8578491210938 15.142135620117188
vt 555.8578491210938 15.142135620117188
vt 471.14215087890625 15.142135620117188
vt 550 1
vt 471.14215087890625 15.142135620117188
vt 477 1
vt 550 1
vt 550 1
vt 477 1
vt 550 -399
vt 477 1
vt 477 -399
vt 550 -399
vt 550 -399
vt 477 -399
vt 555.8578491210938 -413.14215087890625
vt 477 -399
vt 471.14215087890625 -413.14215087890625
vt 555.8578491210938 -413.14215087890625
vt 555.8578491210938 -413.14215087890625
vt 471.14215087890625 -413.14215087890625
vt 570 -419
vt 471.14215087890625 -413.14215087890625
vt 457 -419
vt 570 -419
vt 818 21
vt 1308 21
vt 832.1421508789062 15.142135620117188
vt 1308 21
vt 1308.4708251953125 15.142135620117188
vt 832.1421508789062 15.142135620117188
vt 832.1421508789062 15.142135620117188
vt 1308.4708251953125 15.142135620117188
vt 838 1
vt 1308.4708251953125 15.142135620117188
vt 1308.6658935546875 1
vt 838 1
vt 838 1
vt 1308.6658935546875 1
vt 838 -399
vt 1308.6658935546875 1
vt 1308.6658935546875 -399
vt 838 -399
vt 838 -399
vt 1308.6658935546875 -399
vt 832.1421508789062 -413.14215087890625
vt 1308.6658935546875 -399
vt 1308.4708251953125 -413.14215087890625
vt 832.1421508789062 -413.14215087890625
vt 832.1421508789062 -413.14215087890625
vt 1308.4708251953125 -413.14215087890625
vt 818 -419
vt 1308.4708251953125 -413.14215087890625
vt 1308 -419
vt 818 -419
vt 1308 21
vt 1313.859375 21
vt 1308.4708251953125 15.142135620117188
vt 1313.859375 21
vt 1315.9329833984375 15.142135620117188
vt 1308.4708251953125 15.142135620117188
vt 1308.4708251953125 15.142135620117188
vt 1315.9329833984375 15.142135620117188
vt 1308.6658935546875 1
vt 1315.9329833984375 15.142135620117188
vt 1316.7919921875 1
vt 1308.6658935546875 1
vt 1308.6658935546875 1
vt 1316.7919921875 1
vt 1308.6658935546875 -399
vt 1316.7919921875 1
vt 1316.7919921875 -399
vt 1308.6658935546875 -399
vt 1308.6658935546875 -399
vt 1316.7919921875 -399
vt 1308.4708251953125 -413.14215087890625
vt 1316.7919921875 -399
vt 1315.9329833984375 -413.14215087890625
vt 1308.4708251953125 -413.14215087890625
vt 1308.4708251953125 -413.14215087890625
vt 1315.9329833984375 -413.14215087890625
vt 1308 -419
vt 1315.9329833984375 -413.14215087890625
vt 1313.859375 -419
vt 1308 -419
vt 1313.859375 21
vt 1318.9375 21
vt 1315.9329833984375 15.142135620117188
vt 1318.9375 21
vt 1323.4989013671875 15.142135620117188
vt 1315.9329833984375 15.142135620117188
vt 1315.9329833984375 15.142135620117188
vt 1323.4989013671875 15.142135620117188
vt 1316.7919921875 1
vt 1323.4989013671875 15.142135620117188
vt 1325.3883056640625 1
vt 1316.7919921875 1
vt 1316.7919921875 1
vt 1325.3883056640625 1
vt 1316.7919921875 -399
vt 1325.3883056640625 1
vt 1325.3883056640625 -399
vt 1316.7919921875 -399
vt 1316.7919921875 -399
vt 1325.3883056640625 -399
vt 1315.9329833984375 -413.14215087890625
vt 1325.3883056640625 -399
vt 1323.4989013671875 -413.14215087890625
vt 1315.9329833984375 -413.14215087890625
vt 1315.9329833984375 -413.14215087890625
vt 1323.4989013671875 -413.14215087890625
vt 1313.859375 -419
vt 1323.4989013671875 -413.14215087890625
vt 1318.9375 -419
vt 1313.859375 -419
vt 1318.9375 21
vt 1323.234375 21
vt 1323.4989013671875 15.142135620117188
vt 1323.234375 21
vt 1330.6024169921875 15.142135620117188
vt 1323.4989013671875 15.142135620117188
vt 1323.4989013671875 15.142135620117188
vt 1330.6024169921875 15.142135620117188
vt 1325.3883056640625 1
vt 1330.6024169921875 15.142135620117188
vt 1333.654296875 1
vt 1325.3883056640625 1
vt 1325.3883056640625 1
vt 1333.654296875 1
vt 1325.3883056640625 -399
vt 1333.654296875 1
vt 1333.654296875 -399
vt 1325.3883056640625 -399
vt 1325.3883056640625 -399
vt 1333.654296875 -399
vt 1323.4989013671875 -413.14215087890625
vt 1333.654296875 -399
vt 1330.6024169921875 -413.14215087890625
vt 1323.4989013671875 -413.14215087890625
vt 1323.4989013671875 -413.14215087890625
vt 1330.6024169921875 -413.14215087890625
vt 1318.9375 -419
vt 1330.6024169921875 -413.14215087890625
vt 1323.234375 -419
vt 1318.9375 -419
vt 1323.234375 21
vt 1326.75 21
vt 1330.6024169921875 15.142135620117188
vt 1326.75 21
vt 1336.827880859375 15.142135620117188
vt 1330.6024169921875 15.142135620117188
vt 1330.6024169921875 15.142135620117188
vt 1336.827880859375 15.142135620117188
vt 1333.654296875 1
vt 1336.827880859375 15.142135620117188
vt 1341.002197265625 1
vt 1333.654296875 1
vt 1333.654296875 1
vt 1341.002197265625 1
vt 1333.654296875 -399
vt 1341.002197265625 1
vt 1341.002197265625 -399
vt 1333.654296875 -399
vt 1333.654296875 -399
vt 1341.002197265625 -399
vt 1330.6024169921875 -413.14215087890625
vt 1341.002197265625 -399
vt 1336.827880859375 -413.14215087890625
vt 1330.6024169921875 -413.14215087890625
vt 1330.6024169921875 -413.14215087890625
vt 1336.827880859375 -413.14215087890625
vt 1323.234375 -419
vt 1336.827880859375 -413.14215087890625
vt 1326.75 -419
vt 1323.234375 -419
vt 450.75 21
vt 447.234375 21
vt 460.82781982421875 15.142135620117188
vt 447.234375 21
vt 454.6023864746094 15.142135620117188
vt 460.82781982421875 15.142135620117188
vt 460.82781982421875 15.142135620117188
vt 454.6023864746094 15.142135620117188
vt 465.002197265625 1
vt 454.6023864746094 15.142135620117188
vt 457.654296875 1
vt 465.002197265625 1
vt 465.002197265625 1
vt 457.654296875 1
vt 465.002197265625 -399
vt 457.654296875 1
vt 457.654296875 -399
vt 465.002197265625 -399
vt 465.002197265625 -399
vt 457.654296875 -399
vt 460.82781982421875 -413.14215087890625
vt 457.654296875 -399
vt 454.6023864746094 -413.14215087890625
vt 460.82781982421875 -413.14215087890625
vt 460.82781982421875 -413.14215087890625
vt 454.6023864746094 -413.14215087890625
vt 450.75 -419
vt 454.6023864746094 -413.14215087890625
vt 447.234375 -419
vt 450.75 -419
vt 447.234375 21
vt 442.9375 21
vt 454.6023864746094 15.142135620117188
vt 442.9375 21
vt 447.4989013671875 15.142135620117188
vt 454.6023864746094 15.142135620117188
vt 454.6023864746094 15.142135620117188
vt 447.4989013671875 15.142135620117188
vt 457.654296875 1
vt 447.4989013671875 15.142135620117188
vt 449.3883056640625 1
vt 457.654296875 1
vt 457.654296875 1
vt 449.3883056640625 1
vt 457.654296875 -399
vt 449.3883056640625 1
vt 449.3883056640625 -399
vt 457.654296875 -399
vt 457.654296875 -399
vt 449.3883056640625 -399
vt 454.6023864746094 -413.14215087890625
vt 449.3883056640625 -399
vt 447.4989013671875 -413.14215087890625
vt 454.6023864746094 -413.14215087890625
vt 454.6023864746094 -413.14215087890625
vt 447.4989013671875 -413.14215087890625
vt 447.234375 -419
vt 447.4989013671875 -413.14215087890625
vt 442.9375 -419
vt 447.234375 -419
vt 442.9375 21
vt 437.859375 21
vt 447.4989013671875 15.142135620117188
vt 437.859375 21
vt 439.9330139160156 15.142135620117188
vt 447.4989013671875 15.142135620117188
vt 447.4989013671875 15.142135620117188
vt 439.9330139160156 15.142135620117188
vt 449.3883056640625 1
vt 439.9330139160156 15.142135620117188
vt 440.79193115234375 1
vt 449.3883056640625 1
vt 449.3883056640625 1
vt 440.79193115234375 1
vt 449.3883056640625 -399
vt 440.79193115234375 1
vt 440.79193115234375 -399
vt 449.3883056640625 -399
vt 449.3883056640625 -399
vt 440.79193115234375 -399
vt 447.4989013671875 -413.14215087890625
vt 440.79193115234375 -399
vt 439.9330139160156 -413.14215087890625
vt 447.4989013671875 -413.14215087890625
vt 447.4989013671875 -413.14215087890625
vt 439.9330139160156 -413.14215087890625
vt 442.9375 -419
vt 439.9330139160156 -413.14215087890625
vt 437.859375 -419
vt 442.9375 -419
vt 437.859375 21
vt 432 21
vt 439.9330139160156 15.142135620117188
vt 432 21
vt 432.47088623046875 15.142135620117188
vt 439.9330139160156 15.142135620117188
vt 439.9330139160156 15.142135620117188
vt 432.47088623046875 15.142135620117188
vt 440.79193115234375 1
vt 432.47088623046875 15.142135620117188
vt 432.6659240722656 1
vt 440.79193115234375 1
vt 440.79193115234375 1
vt 432.6659240722656 1
vt 440.79193115234375 -399
vt 432.6659240722656 1
vt 432.6659240722656 -399
vt 440.79193115234375 -399
vt 440.79193115234375 -399
vt 432.6659240722656 -399
vt 439.9330139160156 -413.14215087890625
vt 432.6659240722656 -399
vt 432.47088623046875 -413.14215087890625
vt 439.9330139160156 -413.14215087890625
vt 439.9330139160156 -413.14215087890625
vt 432.47088623046875 -413.14215087890625
vt 437.859375 -419
vt 432.47088623046875 -413.14215087890625
vt 432 -419
vt 437.859375 -419
vt 432 21
vt 83 21
vt 432.47088623046875 15.142135620117188
vt 83 21
vt 82.52912139892578 15.142135620117188
vt 432.47088623046875 15.142135620117188
vt 432.47088623046875 15.142135620117188
vt 82.52912139892578 15.142135620117188
vt 432.6659240722656 1
vt 82.52912139892578 15.142135620117188
vt 82.33407592773438 1
vt 432.6659240722656 1
vt 432.6659240722656 1
vt 82.33407592773438 1
vt 432.6659240722656 -399
vt 82.33407592773438 1
vt 82.33407592773438 -399
vt 432.6659240722656 -399
vt 432.6659240722656 -399
vt 82.33407592773438 -399
vt 432.47088623046875 -413.14215087890625
vt 82.33407592773438 -399
vt 82.52912139892578 -413.14215087890625
vt 432.47088623046875 -413.14215087890625
vt 432.47088623046875 -413.14215087890625
vt 82.52912139892578 -413.14215087890625
vt 432 -419
vt 82.52912139892578 -413.14215087890625
vt 83 -419
vt 432 -419
vt 83 21
vt 77.140625 21
vt 82.52912139892578 15.142135620117188
vt 77.140625 21
vt 75.06698608398438 15.142135620117188
vt 82.52912139892578 15.142135620117188
vt 82.52912139892578 15.142135620117188
vt 75.06698608398438 15.142135620117188
vt 82.33407592773438 1
vt 75.06698608398438 15.142135620117188
vt 74.20806121826172 1
vt 82.33407592773438 1
vt 82.33407592773438 1
vt 74.20806121826172 1
vt 82.33407592773438 -399
vt 74.20806121826172 1
vt 74.20806121826172 -399
vt 82.33407592773438 -399
vt 82.33407592773438 -399
vt 74.20806121826172 -399
vt 82.52912139892578 -413.14215087890625
vt 74.20806121826172 -399
vt 75.06698608398438 -413.14215087890625
vt 82.52912139892578 -413.14215087890625
vt 82.52912139892578 -413.14215087890625
vt 75.06698608398438 -413.14215087890625
vt 83 -419
vt 75.06698608398438 -413.14215087890625
vt 77.140625 -419
vt 83 -419
vt 77.140625 21
vt 72.0625 21
vt 75.06698608398438 15.142135620117188
vt 72.0625 21
vt 67.50109100341797 15.142135620117188
vt 75.06698608398438 15.142135620117188
vt 75.06698608398438 15.142135620117188
vt 67.50109100341797 15.142135620117188
vt 74.20806121826172 1
vt 67.50109100341797 15.142135620117188
vt 65.6116943359375 1
vt 74.20806121826172 1
vt 74.20806121826172 1
vt 65.6116943359375 1
vt 74.20806121826172 -399
vt 65.6116943359375 1
vt 65.6116943359375 -399
vt 74.20806121826172 -399
vt 74.20806121826172 -399
vt 65.6116943359375 -399
vt 75.06698608398438 -413.14215087890625
vt 65.6116943359375 -399
vt 67.50109100341797 -413.14215087890625
vt 75.06698608398438 -413.14215087890625
vt 75.06698608398438 -413.14215087890625
vt 67.50109100341797 -413.14215087890625
vt 77.140625 -419
vt 67.50109100341797 -413.14215087890625
vt 72.0625 -419
vt 77.140625 -419
vt 72.0625 21
vt 67.765625 21
vt 67.50109100341797 15.142135620117188
vt 67.765625 21
vt 60.39762496948242 15.142135620117188
vt 67.50109100341797 15.142135620117188
vt 67.50109100341797 15.142135620117188
vt 60.39762496948242 15.142135620117188
vt 65.6116943359375 1
vt 60.39762496948242 15.142135620117188
vt 57.345699310302734 1
vt 65.6116943359375 1
vt 65.6116943359375 1
vt 57.345699310302734 1
vt 65.6116943359375 -399
vt 57.345699310302734 1
vt 57.345699310302734 -399
vt 65.6116943359375 -399
vt 65.6116943359375 -399
vt 57.345699310302734 -399
vt 67.50109100341797 -413.14215087890625
vt 57.345699310302734 -399
vt 60.39762496948242 -413.14215087890625
vt 67.50109100341797 -413.14215087890625
vt 67.50109100341797 -413.14215087890625
vt 60.39762496948242 -413.14215087890625
vt 72.0625 -419
vt 60.39762496948242 -413.14215087890625
vt 67.765625 -419
vt 72.0625 -419
vt 67.765625 21
vt 64.25 21
vt 60.39762496948242 15.142135620117188
vt 64.25 21
vt 54.172176361083984 15.142135620117188
vt 60.39762496948242 15.142135620117188
vt 60.39762496948242 15.142135620117188
vt 54.172176361083984 15.142135620117188
vt 57.345699310302734 1
vt 54.172176361083984 15.142135620117188
vt 49.997806549072266 1
vt 57.345699310302734 1
vt 57.345699310302734 1
vt 49.997806549072266 1
vt 57.345699310302734 -399
vt 49.997806549072266 1
vt 49.997806549072266 -399
vt 57.345699310302734 -399
vt 57.345699310302734 -399
vt 49.997806549072266 -399
vt 60.39762496948242 -413.14215087890625
vt 49.997806549072266 -399
vt 54.172176361083984 -413.14215087890625
vt 60.39762496948242 -413.14215087890625
vt 60.39762496948242 -413.14215087890625
vt 54.172176361083984 -413.14215087890625
vt 67.765625 -419
vt 54.172176361083984 -413.14215087890625
vt 64.25 -419
vt 67.765625 -419
vt 1326.75 21
vt 1323.234375 21
vt 1336.827880859375 15.142135620117188
vt 1323.234375 21
vt 1330.6024169921875 15.142135620117188
vt 1336.827880859375 15.142135620117188
vt 1336.827880859375 15.142135620117188
vt 1330.6024169921875 15.142135620117188
vt 1341.002197265625 1
vt 1330.6024169921875 15.142135620117188
vt 1333.654296875 1
vt 1341.002197265625 1
vt 1341.002197265625 1
vt 1333.654296875 1
vt 1341.002197265625 -399
vt 1333.654296875 1
vt 1333.654296875 -399
vt 1341.002197265625 -399
vt 1341.002197265625 -399
vt 1333.654296875 -399
vt 1336.827880859375 -413.14215087890625
vt 1333.654296875 -399
vt 1330.6024169921875 -413.14215087890625
vt 1336.827880859375 -413.14215087890625
vt 1336.827880859375 -413.14215087890625
vt 1330.6024169921875 -413.14215087890625
vt 1326.75 -419
vt 1330.6024169921875 -413.14215087890625
vt 1323.234375 -419
vt 1326.75 -419
vt 1323.234375 21
vt 1318.9375 21
vt 1330.6024169921875 15.142135620117188
vt 1318.9375 21
vt 1323.4989013671875 15.142135620117188
vt 1330.6024169921875 15.142135620117188
vt 1330.6024169921875 15.142135620117188
vt 1323.4989013671875 15.142135620117188
vt 1333.654296875 1
vt 1323.4989013671875 15.142135620117188
vt 1325.3883056640625 1
vt 1333.654296875 1
vt 1333.654296875 1
vt 1325.3883056640625 1
vt 1333.654296875 -399
vt 1325.3883056640625 1
vt 1325.3883056640625 -399
vt 1333.654296875 -399
vt 1333.654296875 -399
vt 1325.3883056640625 -399
vt 1330.6024169921875 -413.14215087890625
vt 1325.3883056640625 -399
vt 1323.4989013671875 -413.14215087890625
vt 1330.6024169921875 -413.14215087890625
vt 1330.6024169921875 -413.14215087890625
vt 1323.4989013671875 -413.14215087890625
vt 1323.234375 -419
vt 1323.4989013671875 -413.14215087890625
vt 1318.9375 -419
vt 1323.234375 -419
vt 1318.9375 21
vt 1313.859375 21
vt 1323.4989013671875 15.142135620117188
vt 1313.859375 21
vt 1315.9329833984375 15.142135620117188
vt 1323.4989013671875 15.142135620117188
vt 1323.4989013671875 15.142135620117188
vt 1315.9329833984375 15.142135620117188
vt 1325.3883056640625 1
vt 1315.9329833984375 15.142135620117188
vt 1316.7919921875 1
vt 1325.3883056640625 1
vt 1325.3883056640625 1
vt 1316.7919921875 1
vt 1325.3883056640625 -399
vt 1316.7919921875 1
vt 1316.7919921875 -399
vt 1325.3883056640625 -399
vt 1325.3883056640625 -399
vt 1316.7919921875 -399
vt 1323.4989013671875 -413.14215087890625
vt 1316.7919921875 -399
vt 1315.9329833984375 -413.14215087890625
vt 1323.4989013671875 -413.14215087890625
vt 1323.4989013671875 -413.14215087890625
vt 1315.9329833984375 -413.14215087890625
vt 1318.9375 -419
vt 1315.9329833984375 -413.14215087890625
vt 1313.859375 -419
vt 1318.9375 -419
vt 1313.859375 21
vt 1308 21
vt 1315.9329833984375 15.142135620117188
vt 1308 21
vt 1308.4708251953125 15.142135620117188
vt 1315.9329833984375 15.142135620117188
vt 1315.9329833984375 15.142135620117188
vt 1308.4708251953125 15.142135620117188
vt 1316.7919921875 1
vt 1308.4708251953125 15.142135620117188
vt 1308.6658935546875 1
vt 1316.7919921875 1
vt 1316.7919921875 1
vt 1308.6658935546875 1
vt 1316.7919921875 -399
vt 1308.6658935546875 1
vt 1308.6658935546875 -399
vt 1316.7919921875 -399
vt 1316.7919921875 -399
vt 1308.6658935546875 -399
vt 1315.9329833984375 -413.14215087890625
vt 1308.6658935546875 -399
vt 1308.4708251953125 -413.14215087890625
vt 1315.9329833984375 -413.14215087890625
vt 1315.9329833984375 -413.14215087890625
vt 1308.4708251953125 -413.14215087890625
vt 1313.859375 -419
vt 1308.4708251953125 -413.14215087890625
vt 1308 -419
vt 1313.859375 -419
vt 1308 21
vt 811 21
vt 1308.4708251953125 15.142135620117188
vt 811 21
vt 810.925048828125 15.142135620117188
vt 1308.4708251953125 15.142135620117188
vt 1308.4708251953125 15.142135620117188
vt 810.925048828125 15.142135620117188
vt 1308.6658935546875 1
vt 810.925048828125 15.142135620117188
vt 810.8939819335938 1
vt 1308.6658935546875 1
vt 1308.6658935546875 1
vt 810.8939819335938 1
vt 1308.6658935546875 -399
vt 810.8939819335938 1
vt 810.8939819335938 -399
vt 1308.6658935546875 -399
vt 1308.6658935546875 -399
vt 810.8939819335938 -399
vt 1308.4708251953125 -413.14215087890625
vt 810.8939819335938 -399
vt 810.925048828125 -413.14215087890625
vt 1308.4708251953125 -413.14215087890625
vt 1308.4708251953125 -413.14215087890625
vt 810.925048828125 -413.14215087890625
vt 1308 -419
vt 810.925048828125 -413.14215087890625
vt 811 -419
vt 1308 -419
vt 811 21
vt 808.7890625 21
vt 810.925048828125 15.142135620117188
vt 808.7890625 21
vt 808.4810791015625 15.142135620117188
vt 810.925048828125 15.142135620117188
vt 810.925048828125 15.142135620117188
vt 808.4810791015625 15.142135620117188
vt 810.8939819335938 1
vt 808.4810791015625 15.142135620117188
vt 808.353515625 1
vt 810.8939819335938 1
vt 810.8939819335938 1
vt 808.353515625 1
vt 810.8939819335938 -399
vt 808.353515625 1
vt 808.353515625 -399
vt 810.8939819335938 -399
vt 810.8939819335938 -399
vt 808.353515625 -399
vt 810.925048828125 -413.14215087890625
vt 808.353515625 -399
vt 808.4810791015625 -413.14215087890625
vt 810.925048828125 -413.14215087890625
vt 810.925048828125 -413.14215087890625
vt 808.4810791015625 -413.14215087890625
vt 811 -419
vt 808.4810791015625 -413.14215087890625
vt 808.7890625 -419
vt 811 -419
vt 808.7890625 21
vt 806.65625 21
vt 808.4810791015625 15.142135620117188
vt 806.65625 21
vt 806.0205078125 15.142135620117188
vt 808.4810791015625 15.142135620117188
vt 808.4810791015625 15.142135620117188
vt 806.0205078125 15.142135620117188
vt 808.353515625 1
vt 806.0205078125 15.142135620117188
vt 805.7572021484375 1
vt 808.353515625 1
vt 808.353515625 1
vt 805.7572021484375 1
vt 808.353515625 -399
vt 805.7572021484375 1
vt 805.7572021484375 -399
vt 808.353515625 -399
vt 808.353515625 -399
vt 805.7572021484375 -399
vt 808.4810791015625 -413.14215087890625
vt 805.7572021484375 -399
vt 806.0205078125 -413.14215087890625
vt 808.4810791015625 -413.14215087890625
vt 808.4810791015625 -413.14215087890625
vt 806.0205078125 -413.14215087890625
vt 808.7890625 -419
vt 806.0205078125 -413.14215087890625
vt 806.65625 -419
vt 808.7890625 -419
vt 806.65625 21
vt 804.6015625 21
vt 806.0205078125 15.142135620117188
vt 804.6015625 21
vt 803.6138305664062 15.142135620117188
vt 806.0205078125 15.142135620117188
vt 806.0205078125 15.142135620117188
vt 803.6138305664062 15.142135620117188
vt 805.7572021484375 1
vt 803.6138305664062 15.142135620117188
vt 803.2047119140625 1
vt 805.7572021484375 1
vt 805.7572021484375 1
vt 803.2047119140625 1
vt 805.7572021484375 -399
vt 803.2047119140625 1
vt 803.2047119140625 -399
vt 805.7572021484375 -399
vt 805.7572021484375 -399
vt 803.2047119140625 -399
vt 806.0205078125 -413.14215087890625
vt 803.2047119140625 -399
vt 803.6138305664062 -413.14215087890625
vt 806.0205078125 -413.14215087890625
vt 806.0205078125 -413.14215087890625
vt 803.6138305664062 -413.14215087890625
vt 806.65625 -419
vt 803.6138305664062 -413.14215087890625
vt 804.6015625 -419
vt 806.65625 -419
vt 804.6015625 21
vt 802.625 21
vt 803.6138305664062 15.142135620117188
vt 802.625 21
vt 801.2589721679688 15.142135620117188
vt 803.6138305664062 15.142135620117188
vt 803.6138305664062 15.142135620117188
vt 801.2589721679688 15.142135620117188
vt 803.2047119140625 1
vt 801.2589721679688 15.142135620117188
vt 800.693115234375 1
vt 803.2047119140625 1
vt 803.2047119140625 1
vt 800.693115234375 1
vt 803.2047119140625 -399
vt 800.693115234375 1
vt 800.693115234375 -399
vt 803.2047119140625 -399
vt 803.2047119140625 -399
vt 800.693115234375 -399
vt 803.6138305664062 -413.14215087890625
vt 800.693115234375 -399
vt 801.2589721679688 -413.14215087890625
vt 803.6138305664062 -413.14215087890625
vt 803.6138305664062 -413.14215087890625
vt 801.2589721679688 -413.14215087890625
vt 804.6015625 -419
vt 801.2589721679688 -413.14215087890625
vt 802.625 -419
vt 804.6015625 -419
vt 802.625 21
vt 800.7265625 21
vt 801.2589721679688 15.142135620117188
vt 800.7265625 21
vt 798.9537353515625 15.142135620117188
vt 801.2589721679688 15.142135620117188
vt 801.2589721679688 15.142135620117188
vt 798.9537353515625 15.142135620117188
vt 800.693115234375 1
vt 798.9537353515625 15.142135620117188
vt 798.2193603515625 1
vt 800.693115234375 1
vt 800.693115234375 1
vt 798.2193603515625 1
vt 800.693115234375 -399
vt 798.2193603515625 1
vt 798.2193603515625 -399
vt 800.693115234375 -399
vt 800.693115234375 -399
vt 798.2193603515625 -399
vt 801.2589721679688 -413.14215087890625
vt 798.2193603515625 -399
vt 798.9537353515625 -413.14215087890625
vt 801.2589721679688 -413.14215087890625
vt 801.2589721679688 -413.14215087890625
vt 798.9537353515625 -413.14215087890625
vt 802.625 -419
vt 798.9537353515625 -413.14215087890625
vt 800.7265625 -419
vt 802.625 -419
vt 800.7265625 21
vt 798.90625 21
vt 798.9537353515625 15.142135620117188
vt 798.90625 21
vt 796.6959228515625 15.142135620117188
vt 798.9537353515625 15.142135620117188
vt 798.9537353515625 15.142135620117188
vt 796.6959228515625 15.142135620117188
vt 798.2193603515625 1
vt 796.6959228515625 15.142135620117188
vt 795.7803955078125 1
vt 798.2193603515625 1
vt 798.2193603515625 1
vt 795.7803955078125 1
vt 798.2193603515625 -399
vt 795.7803955078125 1
vt 795.7803955078125 -399
vt 798.2193603515625 -399
vt 798.2193603515625 -399
vt 795.7803955078125 -399
vt 798.9537353515625 -413.14215087890625
vt 795.7803955078125 -399
vt 796.6959228515625 -413.14215087890625
vt 798.9537353515625 -413.14215087890625
vt 798.9537353515625 -413.14215087890625
vt 796.6959228515625 -413.14215087890625
vt 800.7265625 -419
vt 796.6959228515625 -413.14215087890625
vt 798.90625 -419
vt 800.7265625 -419
vt 798.90625 21
vt 797.1640625 21
vt 796.6959228515625 15.142135620117188
vt 797.1640625 21
vt 794.4834594726562 15.142135620117188
vt 796.6959228515625 15.142135620117188
vt 796.6959228515625 15.142135620117188
vt 794.4834594726562 15.142135620117188
vt 795.7803955078125 1
vt 794.4834594726562 15.142135620117188
vt 793.3731079101562 1
vt 795.7803955078125 1
vt 795.7803955078125 1
vt 793.3731079101562 1
vt 795.7803955078125 -399
vt 793.3731079101562 1
vt 793.3731079101562 -399
vt 795.7803955078125 -399
vt 795.7803955078125 -399
vt 793.3731079101562 -399
vt 796.6959228515625 -413.14215087890625
vt 793.3731079101562 -399
vt 794.4834594726562 -413.14215087890625
vt 796.6959228515625 -413.14215087890625
vt 796.6959228515625 -413.14215087890625
vt 794.4834594726562 -413.14215087890625
vt 798.90625 -419
vt 794.4834594726562 -413.14215087890625
vt 797.1640625 -419
vt 798.90625 -419
vt 797.1640625 21
vt 795.5 21
vt 794.4834594726562 15.142135620117188
vt 795.5 21
vt 792.1306762695312 15.142135620117188
vt 794.4834594726562 15.142135620117188
vt 794.4834594726562 15.142135620117188
vt 792.1306762695312 15.142135620117188
vt 793.3731079101562 1
vt 792.1306762695312 15.142135620117188
vt 790.735107421875 1
vt 793.3731079101562 1
vt 793.3731079101562 1
vt 790.735107421875 1
vt 793.3731079101562 -399
vt 790.735107421875 1
vt 790.735107421875 -399
vt 793.3731079101562 -399
vt 793.3731079101562 -399
vt 790.735107421875 -399
vt 794.4834594726562 -413.14215087890625
vt 790.735107421875 -399
vt 792.1306762695312 -413.14215087890625
vt 794.4834594726562 -413.14215087890625
vt 794.4834594726562 -413.14215087890625
vt 792.1306762695312 -413.14215087890625
vt 797.1640625 -419
vt 792.1306762695312 -413.14215087890625
vt 795.5 -419
vt 797.1640625 -419
vt 795.5 21
vt 793.8515625 21
vt 792.1306762695312 15.142135620117188
vt 793.8515625 21
vt 789.466796875 15.142135620117188
vt 792.1306762695312 15.142135620117188
vt 792.1306762695312 15.142135620117188
vt 789.466796875 15.142135620117188
vt 790.735107421875 1
vt 789.466796875 15.142135620117188
vt 787.6505126953125 1
vt 790.735107421875 1
vt 790.735107421875 1
vt 787.6505126953125 1
vt 790.735107421875 -399
vt 787.6505126953125 1
vt 787.6505126953125 -399
vt 790.735107421875 -399
vt 790.735107421875 -399
vt 787.6505126953125 -399
vt 792.1306762695312 -413.14215087890625
vt 787.6505126953125 -399
vt 789.466796875 -413.14215087890625
vt 792.1306762695312 -413.14215087890625
vt 792.1306762695312 -413.14215087890625
vt 789.466796875 -413.14215087890625
vt 795.5 -419
vt 789.466796875 -413.14215087890625
vt 793.8515625 -419
vt 795.5 -419
vt 793.8515625 21
vt 792.15625 21
vt 789.466796875 15.142135620117188
vt 792.15625 21
vt 786.710693359375 15.142135620117188
vt 789.466796875 15.142135620117188
vt 789.466796875 15.142135620117188
vt 786.710693359375 15.142135620117188
vt 787.6505126953125 1
vt 786.710693359375 15.142135620117188
vt 784.455078125 1
vt 787.6505126953125 1
vt 787.6505126953125 1
vt 784.455078125 1
vt 787.6505126953125 -399
vt 784.455078125 1
vt 784.455078125 -399
vt 787.6505126953125 -399
vt 787.6505126953125 -399
vt 784.455078125 -399
vt 789.466796875 -413.14215087890625
vt 784.455078125 -399
vt 786.710693359375 -413.14215087890625
vt 789.466796875 -413.14215087890625
vt 789.466796875 -413.14215087890625
vt 786.710693359375 -413.14215087890625
vt 793.8515625 -419
vt 786.710693359375 -413.14215087890625
vt 792.15625 -419
vt 793.8515625 -419
vt 792.15625 21
vt 790.4140625 21
vt 786.710693359375 15.142135620117188
vt 790.4140625 21
vt 784.0540161132812 15.142135620117188
vt 786.710693359375 15.142135620117188
vt 786.710693359375 15.142135620117188
vt 784.0540161132812 15.142135620117188
vt 784.455078125 1
vt 784.0540161132812 15.142135620117188
vt 781.4196166992188 1
vt 784.455078125 1
vt 784.455078125 1
vt 781.4196166992188 1
vt 784.455078125 -399
vt 781.4196166992188 1
vt 781.4196166992188 -399
vt 784.455078125 -399
vt 784.455078125 -399
vt 781.4196166992188 -399
vt 786.710693359375 -413.14215087890625
vt 781.4196166992188 -399
vt 784.0540161132812 -413.14215087890625
vt 786.710693359375 -413.14215087890625
vt 786.710693359375 -413.14215087890625
vt 784.0540161132812 -413.14215087890625
vt 792.15625 -419
vt 784.0540161132812 -413.14215087890625
vt 790.4140625 -419
vt 792.15625 -419
vt 790.4140625 21
vt 788.625 21
vt 784.0540161132812 15.142135620117188
vt 788.625 21
vt 781.4808959960938 15.142135620117188
vt 784.0540161132812 15.142135620117188
vt 784.0540161132812 15.142135620117188
vt 781.4808959960938 15.142135620117188
vt 781.4196166992188 1
vt 781.4808959960938 15.142135620117188
vt 778.5216674804688 1
vt 781.4196166992188 1
vt 781.4196166992188 1
vt 778.5216674804688 1
vt 781.4196166992188 -399
vt 778.5216674804688 1
vt 778.5216674804688 -399
vt 781.4196166992188 -399
vt 781.4196166992188 -399
vt 778.5216674804688 -399
vt 784.0540161132812 -413.14215087890625
vt 778.5216674804688 -399
vt 781.4808959960938 -413.14215087890625
vt 784.0540161132812 -413.14215087890625
vt 784.0540161132812 -413.14215087890625
vt 781.4808959960938 -413.14215087890625
vt 790.4140625 -419
vt 781.4808959960938 -413.14215087890625
vt 788.625 -419
vt 790.4140625 -419
vt 788.625 21
vt 786.7890625 21
vt 781.4808959960938 15.142135620117188
vt 786.7890625 21
vt 778.973876953125 15.142135620117188
vt 781.4808959960938 15.142135620117188
vt 781.4808959960938 15.142135620117188
vt 778.973876953125 15.142135620117188
vt 778.5216674804688 1
vt 778.973876953125 15.142135620117188
vt 775.7367553710938 1
vt 778.5216674804688 1
vt 778.5216674804688 1
vt 775.7367553710938 1
vt 778.5216674804688 -399
vt 775.7367553710938 1
vt 775.7367553710938 -399
vt 778.5216674804688 -399
vt 778.5216674804688 -399
vt 775.7367553710938 -399
vt 781.4808959960938 -413.14215087890625
vt 775.7367553710938 -399
vt 778.973876953125 -413.14215087890625
vt 781.4808959960938 -413.14215087890625
vt 781.4808959960938 -413.14215087890625
vt 778.973876953125 -413.14215087890625
vt 788.625 -419
vt 778.973876953125 -413.14215087890625
vt 786.7890625 -419
vt 788.625 -419
vt 786.7890625 21
vt 784.90625 21
vt 778.973876953125 15.142135620117188
vt 784.90625 21
vt 776.516357421875 15.142135620117188
vt 778.973876953125 15.142135620117188
vt 778.973876953125 15.142135620117188
vt 776.516357421875 15.142135620117188
vt 775.7367553710938 1
vt 776.516357421875 15.142135620117188
vt 773.0411376953125 1
vt 775.7367553710938 1
vt 775.7367553710938 1
vt 773.0411376953125 1
vt 775.7367553710938 -399
vt 773.0411376953125 1
vt 773.0411376953125 -399
vt 775.7367553710938 -399
vt 775.7367553710938 -399
vt 773.0411376953125 -399
vt 778.973876953125 -413.14215087890625
vt 773.0411376953125 -399
vt 776.516357421875 -413.14215087890625
vt 778.973876953125 -413.14215087890625
vt 778.973876953125 -413.14215087890625
vt 776.516357421875 -413.14215087890625
vt 786.7890625 -419
vt 776.516357421875 -413.14215087890625
vt 784.90625 -419
vt 786.7890625 -419
vt 784.90625 21
vt 782.9765625 21
vt 776.516357421875 15.142135620117188
vt 782.9765625 21
vt 774.0931396484375 15.142135620117188
vt 776.516357421875 15.142135620117188
vt 776.516357421875 15.142135620117188
vt 774.0931396484375 15.142135620117188
vt 773.0411376953125 1
vt 774.0931396484375 15.142135620117188
vt 770.4135131835938 1
vt 773.0411376953125 1
vt 773.0411376953125 1
vt 770.4135131835938 1
vt 773.0411376953125 -399
vt 770.4135131835938 1
vt 770.4135131835938 -399
vt 773.0411376953125 -399
vt 773.0411376953125 -399
vt 770.4135131835938 -399
vt 776.516357421875 -413.14215087890625
vt 770.4135131835938 -399
vt 774.0931396484375 -413.14215087890625
vt 776.516357421875 -413.14215087890625
vt 776.516357421875 -413.14215087890625
vt 774.0931396484375 -413.14215087890625
vt 784.90625 -419
vt 774.0931396484375 -413.14215087890625
vt 782.9765625 -419
vt 784.90625 -419
vt 782.9765625 21
vt 781 21
vt 774.0931396484375 15.142135620117188
vt 781 21
vt 771.4486694335938 15.142135620117188
vt 774.0931396484375 15.142135620117188
vt 774.0931396484375 15.142135620117188
vt 771.4486694335938 15.142135620117188
vt 770.4135131835938 1
vt 771.4486694335938 15.142135620117188
vt 767.492431640625 1
vt 770.4135131835938 1
vt 770.4135131835938 1
vt 767.492431640625 1
vt 770.4135131835938 -399
vt 767.492431640625 1
vt 767.492431640625 -399
vt 770.4135131835938 -399
vt 770.4135131835938 -399
vt 767.492431640625 -399
vt 774.0931396484375 -413.14215087890625
vt 767.492431640625 -399
vt 771.4486694335938 -413.14215087890625
vt 774.0931396484375 -413.14215087890625
vt 774.0931396484375 -413.14215087890625
vt 771.4486694335938 -413.14215087890625
vt 782.9765625 -419
vt 771.4486694335938 -413.14215087890625
vt 781 -419
vt 782.9765625 -419
vt 781 21
vt 647 21
vt 771.4486694335938 15.142135620117188
vt 647 21
vt 641.1731567382812 15.142135620117188
vt 771.4486694335938 15.142135620117188
vt 771.4486694335938 15.142135620117188
vt 641.1731567382812 15.142135620117188
vt 767.492431640625 1
vt 641.1731567382812 15.142135620117188
vt 638.7595825195312 1
vt 767.492431640625 1
vt 767.492431640625 1
vt 638.7595825195312 1
vt 767.492431640625 -399
vt 638.7595825195312 1
vt 638.7595825195312 -399
vt 767.492431640625 -399
vt 767.492431640625 -399
vt 638.7595825195312 -399
vt 771.4486694335938 -413.14215087890625
vt 638.7595825195312 -399
vt 641.1731567382812 -413.14215087890625
vt 771.4486694335938 -413.14215087890625
vt 771.4486694335938 -413.14215087890625
vt 641.1731567382812 -413.14215087890625
vt 781 -419
vt 641.1731567382812 -413.14215087890625
vt 647 -419
vt 781 -419
vt 647 21
vt 612 21
vt 641.1731567382812 15.142135620117188
vt 612 21
vt 617.8578491210938 15.142135620117188
vt 641.1731567382812 15.142135620117188
vt 641.1731567382812 15.142135620117188
vt 617.8578491210938 15.142135620117188
vt 638.7595825195312 1
vt 617.8578491210938 15.142135620117188
vt 620.2843017578125 1
vt 638.7595825195312 1
vt 638.7595825195312 1
vt 620.2843017578125 1
vt 638.7595825195312 -399
vt 620.2843017578125 1
vt 620.2843017578125 -399
vt 638.7595825195312 -399
vt 638.7595825195312 -399
vt 620.2843017578125 -399
vt 641.1731567382812 -413.14215087890625
vt 620.2843017578125 -399
vt 617.8578491210938 -413.14215087890625
vt 641.1731567382812 -413.14215087890625
vt 641.1731567382812 -413.14215087890625
vt 617.8578491210938 -413.14215087890625
vt 647 -419
vt 617.8578491210938 -413.14215087890625
vt 612 -419
vt 647 -419
vt 612 21
vt 482 21
vt 617.8578491210938 15.142135620117188
vt 482 21
vt 491.8741760253906 15.142135620117188
vt 617.8578491210938 15.142135620117188
vt 186.8578643798828 15.142135620117188
vt 60.87416076660156 15.142135620117188
vt 181 1
vt 60.87416076660156 15.142135620117188
vt 56.679901123046875 1
vt 181 1
vt 620.2843017578125 1
vt 495.96417236328125 1
vt 620.2843017578125 -399
vt 495.96417236328125 1
vt 495.96417236328125 -399
vt 620.2843017578125 -399
vt 620.2843017578125 -399
vt 495.96417236328125 -399
vt 617.8578491210938 -413.14215087890625
vt 495.96417236328125 -399
vt 491.8741760253906 -413.14215087890625
vt 617.8578491210938 -413.14215087890625
vt 186.8578643798828 -413.14215087890625
vt 60.87416076660156 -413.14215087890625
vt 201 -419
vt 60.87416076660156 -413.14215087890625
vt 71 -419
vt 201 -419
vt 482 21
vt 480.25 21
vt 491.8741760253906 15.142135620117188
vt 480.25 21
vt 489.71746826171875 15.142135620117188
vt 491.8741760253906 15.142135620117188
vt 491.8741760253906 15.142135620117188
vt 489.71746826171875 15.142135620117188
vt 495.96417236328125 1
vt 489.71746826171875 15.142135620117188
vt 493.6390380859375 1
vt 495.96417236328125 1
vt 495.96417236328125 1
vt 493.6390380859375 1
vt 495.96417236328125 -399
vt 493.6390380859375 1
vt 493.6390380859375 -399
vt 495.96417236328125 -399
vt 495.96417236328125 -399
vt 493.6390380859375 -399
vt 491.8741760253906 -413.14215087890625
vt 493.6390380859375 -399
vt 489.71746826171875 -413.14215087890625
vt 491.8741760253906 -413.14215087890625
vt 491.8741760253906 -413.14215087890625
vt 489.71746826171875 -413.14215087890625
vt 482 -419
vt 489.71746826171875 -413.14215087890625
vt 480.25 -419
vt 482 -419
vt 480.25 21
vt 478.5 21
vt 489.71746826171875 15.142135620117188
vt 478.5 21
vt 487.35455322265625 15.142135620117188
vt 489.71746826171875 15.142135620117188
vt 489.71746826171875 15.142135620117188
vt 487.35455322265625 15.142135620117188
vt 493.6390380859375 1
vt 487.35455322265625 15.142135620117188
vt 491.0222473144531 1
vt 493.6390380859375 1
vt 493.6390380859375 1
vt 491.0222473144531 1
vt 493.6390380859375 -399
vt 491.0222473144531 1
vt 491.0222473144531 -399
vt 493.6390380859375 -399
vt 493.6390380859375 -399
vt 491.0222473144531 -399
vt 489.71746826171875 -413.14215087890625
vt 491.0222473144531 -399
vt 487.35455322265625 -413.14215087890625
vt 489.71746826171875 -413.14215087890625
vt 489.71746826171875 -413.14215087890625
vt 487.35455322265625 -413.14215087890625
vt 480.25 -419
vt 487.35455322265625 -413.14215087890625
vt 478.5 -419
vt 480.25 -419
vt 478.5 21
vt 476.75 21
vt 487.35455322265625 15.142135620117188
vt 476.75 21
vt 484.8970947265625 15.142135620117188
vt 487.35455322265625 15.142135620117188
vt 487.35455322265625 15.142135620117188
vt 484.8970947265625 15.142135620117188
vt 491.0222473144531 1
vt 484.8970947265625 15.142135620117188
vt 488.271728515625 1
vt 491.0222473144531 1
vt 491.0222473144531 1
vt 488.271728515625 1
vt 491.0222473144531 -399
vt 488.271728515625 1
vt 488.271728515625 -399
vt 491.0222473144531 -399
vt 491.0222473144531 -399
vt 488.271728515625 -399
vt 487.35455322265625 -413.14215087890625
vt 488.271728515625 -399
vt 484.8970947265625 -413.14215087890625
vt 487.35455322265625 -413.14215087890625
vt 487.35455322265625 -413.14215087890625
vt 484.8970947265625 -413.14215087890625
vt 478.5 -419
vt 484.8970947265625 -413.14215087890625
vt 476.75 -419
vt 478.5 -419
vt 476.75 21
vt 475 21
vt 484.8970947265625 15.142135620117188
vt 475 21
vt 482.3347473144531 15.142135620117188
vt 484.8970947265625 15.142135620117188
vt 484.8970947265625 15.142135620117188
vt 482.3347473144531 15.142135620117188
vt 488.271728515625 1
vt 482.3347473144531 15.142135620117188
vt 485.3728942871094 1
vt 488.271728515625 1
vt 488.271728515625 1
vt 485.3728942871094 1
vt 488.271728515625 -399
vt 485.3728942871094 1
vt 485.3728942871094 -399
vt 488.271728515625 -399
vt 488.271728515625 -399
vt 485.3728942871094 -399
vt 484.8970947265625 -413.14215087890625
vt 485.3728942871094 -399
vt 482.3347473144531 -413.14215087890625
vt 484.8970947265625 -413.14215087890625
vt 484.8970947265625 -413.14215087890625
vt 482.3347473144531 -413.14215087890625
vt 476.75 -419
vt 482.3347473144531 -413.14215087890625
vt 475 -419
vt 476.75 -419
vt 475 21
vt 473.25 21
vt 482.3347473144531 15.142135620117188
vt 473.25 21
vt 479.6595458984375 15.142135620117188
vt 482.3347473144531 15.142135620117188
vt 482.3347473144531 15.142135620117188
vt 479.6595458984375 15.142135620117188
vt 485.3728942871094 1
vt 479.6595458984375 15.142135620117188
vt 482.314453125 1
vt 485.3728942871094 1
vt 485.3728942871094 1
vt 482.314453125 1
vt 485.3728942871094 -399
vt 482.314453125 1
vt 482.314453125 -399
vt 485.3728942871094 -399
vt 485.3728942871094 -399
vt 482.314453125 -399
vt 482.3347473144531 -413.14215087890625
vt 482.314453125 -399
vt 479.6595458984375 -413.14215087890625
vt 482.3347473144531 -413.14215087890625
vt 482.3347473144531 -413.14215087890625
vt 479.6595458984375 -413.14215087890625
vt 475 -419
vt 479.6595458984375 -413.14215087890625
vt 473.25 -419
vt 475 -419
vt 473.25 21
vt 471.5 21
vt 479.6595458984375 15.142135620117188
vt 471.5 21
vt 476.8681335449219 15.142135620117188
vt 479.6595458984375 15.142135620117188
vt 479.6595458984375 15.142135620117188
vt 476.8681335449219 15.142135620117188
vt 482.314453125 1
vt 476.8681335449219 15.142135620117188
vt 479.0916748046875 1
vt 482.314453125 1
vt 482.314453125 1
vt 479.0916748046875 1
vt 482.314453125 -399
vt 479.0916748046875 1
vt 479.0916748046875 -399
vt 482.314453125 -399
vt 482.314453125 -399
vt 479.0916748046875 -399
vt 479.6595458984375 -413.14215087890625
vt 479.0916748046875 -399
vt 476.8681335449219 -413.14215087890625
vt 479.6595458984375 -413.14215087890625
vt 479.6595458984375 -413.14215087890625
vt 476.8681335449219 -413.14215087890625
vt 473.25 -419
vt 476.8681335449219 -413.14215087890625
vt 471.5 -419
vt 473.25 -419
vt 471.5 21
vt 469.75 21
vt 476.8681335449219 15.142135620117188
vt 469.75 21
vt 473.9640197753906 15.142135620117188
vt 476.8681335449219 15.142135620117188
vt 476.8681335449219 15.142135620117188
vt 473.9640197753906 15.142135620117188
vt 479.0916748046875 1
vt 473.9640197753906 15.142135620117188
vt 475.70953369140625 1
vt 479.0916748046875 1
vt 479.0916748046875 1
vt 475.70953369140625 1
vt 479.0916748046875 -399
vt 475.70953369140625 1
vt 475.70953369140625 -399
vt 479.0916748046875 -399
vt 479.0916748046875 -399
vt 475.70953369140625 -399
vt 476.8681335449219 -413.14215087890625
vt 475.70953369140625 -399
vt 473.9640197753906 -413.14215087890625
vt 476.8681335449219 -413.14215087890625
vt 476.8681335449219 -413.14215087890625
vt 473.9640197753906 -413.14215087890625
vt 471.5 -419
vt 473.9640197753906 -413.14215087890625
vt 469.75 -419
vt 471.5 -419
vt 469.75 21
vt 468 21
vt 473.9640197753906 15.142135620117188
vt 468 21
vt 471.17333984375 15.142135620117188
vt 473.9640197753906 15.142135620117188
vt 473.9640197753906 15.142135620117188
vt 471.17333984375 15.142135620117188
vt 475.70953369140625 1
vt 471.17333984375 15.142135620117188
vt 472.48779296875 1
vt 475.70953369140625 1
vt 475.70953369140625 1
vt 472.48779296875 1
vt 475.70953369140625 -399
vt 472.48779296875 1
vt 472.48779296875 -399
vt 475.70953369140625 -399
vt 475.70953369140625 -399
vt 472.48779296875 -399
vt 473.9640197753906 -413.14215087890625
vt 472.48779296875 -399
vt 471.17333984375 -413.14215087890625
vt 473.9640197753906 -413.14215087890625
vt 473.9640197753906 -413.14215087890625
vt 471.17333984375 -413.14215087890625
vt 469.75 -419
vt 471.17333984375 -413.14215087890625
vt 468 -419
vt 469.75 -419
vt 468 21
vt 466.21875 21
vt 471.17333984375 15.142135620117188
vt 466.21875 21
vt 468.7414245605469 15.142135620117188
vt 471.17333984375 15.142135620117188
vt 471.17333984375 15.142135620117188
vt 468.7414245605469 15.142135620117188
vt 472.48779296875 1
vt 468.7414245605469 15.142135620117188
vt 469.786376953125 1
vt 472.48779296875 1
vt 472.48779296875 1
vt 469.786376953125 1
vt 472.48779296875 -399
vt 469.786376953125 1
vt 469.786376953125 -399
vt 472.48779296875 -399
vt 472.48779296875 -399
vt 469.786376953125 -399
vt 471.17333984375 -413.14215087890625
vt 469.786376953125 -399
vt 468.7414245605469 -413.14215087890625
vt 471.17333984375 -413.14215087890625
vt 471.17333984375 -413.14215087890625
vt 468.7414245605469 -413.14215087890625
vt 468 -419
vt 468.7414245605469 -413.14215087890625
vt 466.21875 -419
vt 468 -419
vt 466.21875 21
vt 464.375 21
vt 468.7414245605469 15.142135620117188
vt 464.375 21
vt 466.4760437011719 15.142135620117188
vt 468.7414245605469 15.142135620117188
vt 468.7414245605469 15.142135620117188
vt 466.4760437011719 15.142135620117188
vt 469.786376953125 1
vt 466.4760437011719 15.142135620117188
vt 467.3463134765625 1
vt 469.786376953125 1
vt 469.786376953125 1
vt 467.3463134765625 1
vt 469.786376953125 -399
vt 467.3463134765625 1
vt 467.3463134765625 -399
vt 469.786376953125 -399
vt 469.786376953125 -399
vt 467.3463134765625 -399
vt 468.7414245605469 -413.14215087890625
vt 467.3463134765625 -399
vt 466.4760437011719 -413.14215087890625
vt 468.7414245605469 -413.14215087890625
vt 468.7414245605469 -413.14215087890625
vt 466.4760437011719 -413.14215087890625
vt 466.21875 -419
vt 466.4760437011719 -413.14215087890625
vt 464.375 -419
vt 466.21875 -419
vt 464.375 21
vt 462.46875 21
vt 466.4760437011719 15.142135620117188
vt 462.46875 21
vt 464.1700744628906 15.142135620117188
vt 466.4760437011719 15.142135620117188
vt 466.4760437011719 15.142135620117188
vt 464.1700744628906 15.142135620117188
vt 467.3463134765625 1
vt 464.1700744628906 15.142135620117188
vt 464.8747863769531 1
vt 467.3463134765625 1
vt 467.3463134765625 1
vt 464.8747863769531 1
vt 467.3463134765625 -399
vt 464.8747863769531 1
vt 464.8747863769531 -399
vt 467.3463134765625 -399
vt 467.3463134765625 -399
vt 464.8747863769531 -399
vt 466.4760437011719 -413.14215087890625
vt 464.8747863769531 -399
vt 464.1700744628906 -413.14215087890625
vt 466.4760437011719 -413.14215087890625
vt 466.4760437011719 -413.14215087890625
vt 464.1700744628906 -413.14215087890625
vt 464.375 -419
vt 464.1700744628906 -413.14215087890625
vt 462.46875 -419
vt 464.375 -419
vt 462.46875 21
vt 460.5 21
vt 464.1700744628906 15.142135620117188
vt 460.5 21
vt 461.82281494140625 15.142135620117188
vt 464.1700744628906 15.142135620117188
vt 464.1700744628906 15.142135620117188
vt 461.82281494140625 15.142135620117188
vt 464.8747863769531 1
vt 461.82281494140625 15.142135620117188
vt 462.3707275390625 1
vt 464.8747863769531 1
vt 464.8747863769531 1
vt 462.3707275390625 1
vt 464.8747863769531 -399
vt 462.3707275390625 1
vt 462.3707275390625 -399
vt 464.8747863769531 -399
vt 464.8747863769531 -399
vt 462.3707275390625 -399
vt 464.1700744628906 -413.14215087890625
vt 462.3707275390625 -399
vt 461.82281494140625 -413.14215087890625
vt 464.1700744628906 -413.14215087890625
vt 464.1700744628906 -413.14215087890625
vt 461.82281494140625 -413.14215087890625
vt 462.46875 -419
vt 461.82281494140625 -413.14215087890625
vt 460.5 -419
vt 462.46875 -419
vt 460.5 21
vt 458.46875 21
vt 461.82281494140625 15.142135620117188
vt 458.46875 21
vt 459.4333190917969 15.142135620117188
vt 461.82281494140625 15.142135620117188
vt 461.82281494140625 15.142135620117188
vt 459.4333190917969 15.142135620117188
vt 462.3707275390625 1
vt 459.4333190917969 15.142135620117188
vt 459.8328552246094 1
vt 462.3707275390625 1
vt 462.3707275390625 1
vt 459.8328552246094 1
vt 462.3707275390625 -399
vt 459.8328552246094 1
vt 459.8328552246094 -399
vt 462.3707275390625 -399
vt 462.3707275390625 -399
vt 459.8328552246094 -399
vt 461.82281494140625 -413.14215087890625
vt 459.8328552246094 -399
vt 459.4333190917969 -413.14215087890625
vt 461.82281494140625 -413.14215087890625
vt 461.82281494140625 -413.14215087890625
vt 459.4333190917969 -413.14215087890625
vt 460.5 -419
vt 459.4333190917969 -413.14215087890625
vt 458.46875 -419
vt 460.5 -419
vt 458.46875 21
vt 456.375 21
vt 459.4333190917969 15.142135620117188
vt 456.375 21
vt 457.0007019042969 15.142135620117188
vt 459.4333190917969 15.142135620117188
vt 459.4333190917969 15.142135620117188
vt 457.0007019042969 15.142135620117188
vt 459.8328552246094 1
vt 457.0007019042969 15.142135620117188
vt 457.2598571777344 1
vt 459.8328552246094 1
vt 459.8328552246094 1
vt 457.2598571777344 1
vt 459.8328552246094 -399
vt 457.2598571777344 1
vt 457.2598571777344 -399
vt 459.8328552246094 -399
vt 459.8328552246094 -399
vt 457.2598571777344 -399
vt 459.4333190917969 -413.14215087890625
vt 457.2598571777344 -399
vt 457.0007019042969 -413.14215087890625
vt 459.4333190917969 -413.14215087890625
vt 459.4333190917969 -413.14215087890625
vt 457.0007019042969 -413.14215087890625
vt 458.46875 -419
vt 457.0007019042969 -413.14215087890625
vt 456.375 -419
vt 458.46875 -419
vt 456.375 21
vt 454.21875 21
vt 457.0007019042969 15.142135620117188
vt 454.21875 21
vt 454.52392578125 15.142135620117188
vt 457.0007019042969 15.142135620117188
vt 457.0007019042969 15.142135620117188
vt 454.52392578125 15.142135620117188
vt 457.2598571777344 1
vt 454.52392578125 15.142135620117188
vt 454.65032958984375 1
vt 457.2598571777344 1
vt 457.2598571777344 1
vt 454.65032958984375 1
vt 457.2598571777344 -399
vt 454.65032958984375 1
vt 454.65032958984375 -399
vt 457.2598571777344 -399
vt 457.2598571777344 -399
vt 454.65032958984375 -399
vt 457.0007019042969 -413.14215087890625
vt 454.65032958984375 -399
vt 454.52392578125 -413.14215087890625
vt 457.0007019042969 -413.14215087890625
vt 457.0007019042969 -413.14215087890625
vt 454.52392578125 -413.14215087890625
vt 456.375 -419
vt 454.52392578125 -413.14215087890625
vt 454.21875 -419
vt 456.375 -419
vt 454.21875 21
vt 452 21
vt 454.52392578125 15.142135620117188
vt 452 21
vt 452.07470703125 15.142135620117188
vt 454.52392578125 15.142135620117188
vt 454.52392578125 15.142135620117188
vt 452.07470703125 15.142135620117188
vt 454.65032958984375 1
vt 452.07470703125 15.142135620117188
vt 452.1056213378906 1
vt 454.65032958984375 1
vt 454.65032958984375 1
vt 452.1056213378906 1
vt 454.65032958984375 -399
vt 452.1056213378906 1
vt 452.1056213378906 -399
vt 454.65032958984375 -399
vt 454.65032958984375 -399
vt 452.1056213378906 -399
vt 454.52392578125 -413.14215087890625
vt 452.1056213378906 -399
vt 452.07470703125 -413.14215087890625
vt 454.52392578125 -413.14215087890625
vt 454.52392578125 -413.14215087890625
vt 452.07470703125 -413.14215087890625
vt 454.21875 -419
vt 452.07470703125 -413.14215087890625
vt 452 -419
vt 454.21875 -419
vt 452 21
vt 25 21
vt 452.07470703125 15.142135620117188
vt 25 21
vt 24.529117584228516 15.142135620117188
vt 452.07470703125 15.142135620117188
vt 452.07470703125 15.142135620117188
vt 24.529117584228516 15.142135620117188
vt 452.1056213378906 1
vt 24.529117584228516 15.142135620117188
vt 24.33407211303711 1
vt 452.1056213378906 1
vt 452.1056213378906 1
vt 24.33407211303711 1
vt 452.1056213378906 -399
vt 24.33407211303711 1
vt 24.33407211303711 -399
vt 452.1056213378906 -399
vt 452.1056213378906 -399
vt 24.33407211303711 -399
vt 452.07470703125 -413.14215087890625
vt 24.33407211303711 -399
vt 24.529117584228516 -413.14215087890625
vt 452.07470703125 -413.14215087890625
vt 452.07470703125 -413.14215087890625
vt 24.529117584228516 -413.14215087890625
vt 452 -419
vt 24.529117584228516 -413.14215087890625
vt 25 -419
vt 452 -419
vt 25 21
vt 19.140625 21
vt 24.529117584228516 15.142135620117188
vt 19.140625 21
vt 17.066986083984375 15.142135620117188
vt 24.529117584228516 15.142135620117188
vt 24.529117584228516 15.142135620117188
vt 17.066986083984375 15.142135620117188
vt 24.33407211303711 1
vt 17.066986083984375 15.142135620117188
vt 16.208057403564453 1
vt 24.33407211303711 1
vt 24.33407211303711 1
vt 16.208057403564453 1
vt 24.33407211303711 -399
vt 16.208057403564453 1
vt 16.208057403564453 -399
vt 24.33407211303711 -399
vt 24.33407211303711 -399
vt 16.208057403564453 -399
vt 24.529117584228516 -413.14215087890625
vt 16.208057403564453 -399
vt 17.066986083984375 -413.14215087890625
vt 24.529117584228516 -413.14215087890625
vt 24.529117584228516 -413.14215087890625
vt 17.066986083984375 -413.14215087890625
vt 25 -419
vt 17.066986083984375 -413.14215087890625
vt 19.140625 -419
vt 25 -419
vt 19.140625 21
vt 14.0625 21
vt 17.066986083984375 15.142135620117188
vt 14.0625 21
vt 9.501090049743652 15.142135620117188
vt 17.066986083984375 15.142135620117188
vt 17.066986083984375 15.142135620117188
vt 9.501090049743652 15.142135620117188
vt 16.208057403564453 1
vt 9.501090049743652 15.142135620117188
vt 7.611691951751709 1
vt 16.208057403564453 1
vt 16.208057403564453 1
vt 7.611691951751709 1
vt 16.208057403564453 -399
vt 7.611691951751709 1
vt 7.611691951751709 -399
vt 16.208057403564453 -399
vt 16.208057403564453 -399
vt 7.611691951751709 -399
vt 17.066986083984375 -413.14215087890625
vt 7.611691951751709 -399
vt 9.501090049743652 -413.14215087890625
vt 17.066986083984375 -413.14215087890625
vt 17.066986083984375 -413.14215087890625
vt 9.501090049743652 -413.14215087890625
vt 19.140625 -419
vt 9.501090049743652 -413.14215087890625
vt 14.0625 -419
vt 19.140625 -419
vt 14.0625 21
vt 9.765625 21
vt 9.501090049743652 15.142135620117188
vt 9.765625 21
vt 2.3976240158081055 15.142135620117188
vt 9.501090049743652 15.142135620117188
vt 9.501090049743652 15.142135620117188
vt 2.3976240158081055 15.142135620117188
vt 7.611691951751709 1
vt 2.3976240158081055 15.142135620117188
vt -0.6543018817901611 1
vt 7.611691951751709 1
vt 7.611691951751709 1
vt -0.6543018817901611 1
vt 7.611691951751709 -399
vt -0.6543018817901611 1
vt -0.6543018817901611 -399
vt 7.611691951751709 -399
vt 7.611691951751709 -399
vt -0.6543018817901611 -399
vt 9.501090049743652 -413.14215087890625
vt -0.6543018817901611 -399
vt 2.3976240158081055 -413.14215087890625
vt 9.501090049743652 -413.14215087890625
vt 9.501090049743652 -413.14215087890625
vt 2.3976240158081055 -413.14215087890625
vt 14.0625 -419
vt 2.3976240158081055 -413.14215087890625
vt 9.765625 -419
vt 14.0625 -419
vt 9.765625 21
vt 6.25 21
vt 2.3976240158081055 15.142135620117188
vt 6.25 21
vt -3.827822208404541 15.142135620117188
vt 2.3976240158081055 15.142135620117188
vt 2.3976240158081055 15.142135620117188
vt -3.827822208404541 15.142135620117188
vt -0.6543018817901611 1
vt -3.827822208404541 15.142135620117188
vt -8.002192497253418 1
vt -0.6543018817901611 1
vt -0.6543018817901611 1
vt -8.002192497253418 1
vt -0.6543018817901611 -399
vt -8.002192497253418 1
vt -8.002192497253418 -399
vt -0.6543018817901611 -399
vt -0.6543018817901611 -399
vt -8.002192497253418 -399
vt 2.3976240158081055 -413.14215087890625
vt -8.002192497253418 -399
vt -3.827822208404541 -413.14215087890625
vt 2.3976240158081055 -413.14215087890625
vt 2.3976240158081055 -413.14215087890625
vt -3.827822208404541 -413.14215087890625
vt 9.765625 -419
vt -3.827822208404541 -413.14215087890625
vt 6.25 -419
vt 9.765625 -419
vt 67.25 21
vt 70.765625 21
vt 57.172176361083984 15.142135620117188
vt 70.765625 21
vt 63.39762496948242 15.142135620117188
vt 57.172176361083984 15.142135620117188
vt 57.172176361083984 15.142135620117188
vt 63.39762496948242 15.142135620117188
vt 52.997806549072266 1
vt 63.39762496948242 15.142135620117188
vt 60.345699310302734 1
vt 52.997806549072266 1
vt 52.997806549072266 1
vt 60.345699310302734 1
vt 52.997806549072266 -399
vt 60.345699310302734 1
vt 60.345699310302734 -399
vt 52.997806549072266 -399
vt 52.997806549072266 -399
vt 60.345699310302734 -399
vt 57.172176361083984 -413.14215087890625
vt 60.345699310302734 -399
vt 63.39762496948242 -413.14215087890625
vt 57.172176361083984 -413.14215087890625
vt 57.172176361083984 -413.14215087890625
vt 63.39762496948242 -413.14215087890625
vt 67.25 -419
vt 63.39762496948242 -413.14215087890625
vt 70.765625 -419
vt 67.25 -419
vt 70.765625 21
vt 75.0625 21
vt 63.39762496948242 15.142135620117188
vt 75.0625 21
vt 70.50109100341797 15.142135620117188
vt 63.39762496948242 15.142135620117188
vt 63.39762496948242 15.142135620117188
vt 70.50109100341797 15.142135620117188
vt 60.345699310302734 1
vt 70.50109100341797 15.142135620117188
vt 68.6116943359375 1
vt 60.345699310302734 1
vt 60.345699310302734 1
vt 68.6116943359375 1
vt 60.345699310302734 -399
vt 68.6116943359375 1
vt 68.6116943359375 -399
vt 60.345699310302734 -399
vt 60.345699310302734 -399
vt 68.6116943359375 -399
vt 63.39762496948242 -413.14215087890625
vt 68.6116943359375 -399
vt 70.50109100341797 -413.14215087890625
vt 63.39762496948242 -413.14215087890625
vt 63.39762496948242 -413.14215087890625
vt 70.50109100341797 -413.14215087890625
vt 70.765625 -419
vt 70.50109100341797 -413.14215087890625
vt 75.0625 -419
vt 70.765625 -419
vt 75.0625 21
vt 80.140625 21
vt 70.50109100341797 15.142135620117188
vt 80.140625 21
vt 78.06698608398438 15.142135620117188
vt 70.50109100341797 15.142135620117188
vt 70.50109100341797 15.142135620117188
vt 78.06698608398438 15.142135620117188
vt 68.6116943359375 1
vt 78.06698608398438 15.142135620117188
vt 77.20806121826172 1
vt 68.6116943359375 1
vt 68.6116943359375 1
vt 77.20806121826172 1
vt 68.6116943359375 -399
vt 77.20806121826172 1
vt 77.20806121826172 -399
vt 68.6116943359375 -399
vt 68.6116943359375 -399
vt 77.20806121826172 -399
vt 70.50109100341797 -413.14215087890625
vt 77.20806121826172 -399
vt 78.06698608398438 -413.14215087890625
vt 70.50109100341797 -413.14215087890625
vt 70.50109100341797 -413.14215087890625
vt 78.06698608398438 -413.14215087890625
vt 75.0625 -419
vt 78.06698608398438 -413.14215087890625
vt 80.140625 -419
vt 75.0625 -419
vt 80.140625 21
vt 86 21
vt 78.06698608398438 15.142135620117188
vt 86 21
vt 85.52912139892578 15.142135620117188
vt 78.06698608398438 15.142135620117188
vt 78.06698608398438 15.142135620117188
vt 85.52912139892578 15.142135620117188
vt 77.20806121826172 1
vt 85.52912139892578 15.142135620117188
vt 85.33407592773438 1
vt 77.20806121826172 1
vt 77.20806121826172 1
vt 85.33407592773438 1
vt 77.20806121826172 -399
vt 85.33407592773438 1
vt 85.33407592773438 -399
vt 77.20806121826172 -399
vt 77.20806121826172 -399
vt 85.33407592773438 -399
vt 78.06698608398438 -413.14215087890625
vt 85.33407592773438 -399
vt 85.52912139892578 -413.14215087890625
vt 78.06698608398438 -413.14215087890625
vt 78.06698608398438 -413.14215087890625
vt 85.52912139892578 -413.14215087890625
vt 80.140625 -419
vt 85.52912139892578 -413.14215087890625
vt 86 -419
vt 80.140625 -419
vt 86 21
vt 436 21
vt 85.52912139892578 15.142135620117188
vt 436 21
vt 436.47088623046875 15.142135620117188
vt 85.52912139892578 15.142135620117188
vt 85.52912139892578 15.142135620117188
vt 436.47088623046875 15.142135620117188
vt 85.33407592773438 1
vt 436.47088623046875 15.142135620117188
vt 436.6659240722656 1
vt 85.33407592773438 1
vt 85.33407592773438 1
vt 436.6659240722656 1
vt 85.33407592773438 -399
vt 436.6659240722656 1
vt 436.6659240722656 -399
vt 85.33407592773438 -399
vt 85.33407592773438 -399
vt 436.6659240722656 -399
vt 85.52912139892578 -413.14215087890625
vt 436.6659240722656 -399
vt 436.47088623046875 -413.14215087890625
vt 85.52912139892578 -413.14215087890625
vt 85.52912139892578 -413.14215087890625
vt 436.47088623046875 -413.14215087890625
vt 86 -419
vt 436.47088623046875 -413.14215087890625
vt 436 -419
vt 86 -419
vn 0 0 -1
vn 0 0 -1
vn 0 0 -1
vn 0 0 -1
vn 0 0 -1
vn 0 0 -1
vn 0 0 -1
vn 0 0 -1
vn 0 0 -1
vn 0 0 -1
vn 0 0 -1
vn 0 0 -1
vn 0 0 -1
vn 0 0 -1
vn 0 0 -1
vn 0 0 -1
vn 0 0 -1
vn 0 0 -1
vn 0 0 -1
vn 0 0 -1
vn 0 0 -1
vn 0 0 -1
vn 0 0 -1
vn 0 0 -1
vn 0 0 -1
vn 0 0 -1
vn 0 0 -1
vn 0 0 -1
vn 0 0 -1
vn 0 0 -1
vn 0 0 -1
vn 0 0 -1
vn 0 0 -1
vn 0 0 -1
vn 0 0 -1
vn 0 0 -1
vn 0 0 -1
vn 0 0 -1
vn 0 0 -1
vn 0 0 -1
vn 0 0 -1
vn 0 0 -1
vn 0 0 -1
vn 0 0 -1
vn 0 0 -1
vn 0 0 -1
vn 0 0 -1
vn 0 0 -1
vn 0 0 -1
vn 0 0 -1
vn 0 0 -1
vn 0 0 -1
vn 0 0 -1
vn 0 0 -1
vn 0 0 -1
vn 0 0 -1
vn 0 0 -1
vn 0 0 -1
vn 0 0 -1
vn 0 0 -1
vn 0 0 -1
vn 0 0 -1
vn 0 0 -1
vn 0 0 -1
vn 0 0 -1
vn 0 0 -1
vn 0 0 -1
vn 0 0 -1
vn 0 0 -1
vn 0 0 -1
vn 0 0 -1
vn 0 0 -1
vn 0 0 -1
vn 0 0 -1
vn 0 0 -1
vn 0 0 -1
vn 0 0 -1
vn 0 0 -1
vn 0 0 -1
vn 0 0 -1
vn 0 0 -1
vn 0 0 -1
vn 0 0 -1
vn 0 0 -1
vn 0 0 -1
vn 0 0 -1
vn 0 0 -1
vn 0 0 -1
vn 0 0 -1
vn 0 0 -1
vn 0 0 -1
vn 0 0 -1
vn 0 0 -1
vn 0 0 -1
vn 0 0 -1
vn 0 0 -1
vn 0 0 -1
vn 0 0 -1
vn 0 0 -1
vn 0 0 -1
vn 0 0 -1
vn 0 0 -1
vn 0 0 -1
vn 0 0 -1
vn 0 0 -1
vn 0 0 -1
vn 0 0 -1
vn 0 0 -1
vn 0 0 -1
vn 0 0 -1
vn 0 0 -1
vn 0 0 -1
vn 0 0 -1
vn 0 0 -1
vn 0 0 -1
vn 0 0 -1
vn 0 0 -1
vn 0 0 -1
vn 0 0 -1
vn 0 0 -1
vn 0 0 -1
vn 0 0 -1
vn 0 0 -1
vn 0 0 -1
vn 0 0 -1
vn 0 0 -1
vn 0 0 -1
vn 0 0 -1
vn 0 0 -1
vn 0 0 -1
vn 0 0 -1
vn 0 0 -1
vn 0 0 -1
vn 0 0 -1
vn 0 0 -1
vn 0 0 -1
vn 0 0 -1
vn 0 0 -1
vn 0 0 -1
vn 0 0 -1
vn 0 0 -1
vn 0 0 -1
vn 0 0 -1
vn 0 0 -1
vn 0 0 -1
vn 0 0 -1
vn 0 0 -1
vn 0 0 -1
vn 0 0 -1
vn 0 0 -1
vn 0 0 -1
vn 0 0 -1
vn 0 0 -1
vn 0 0 -1
vn 0 0 -1
vn 0 0 -1
vn 0 0 -1
vn 0 0 -1
vn 0 0 -1
vn 0 0 -1
vn 0 0 -1
vn 0 0 -1
vn 0 0 -1
vn 0 0 -1
vn 0 0 -1
vn 0 0 -1
vn 0 0 -1
vn 0 0 -1
vn 0 0 -1
vn 0 0 -1
vn 0 0 -1
vn 0 0 -1
vn 0 0 -1
vn 0 0 -1
vn 0 0 -1
vn 0 0 -1
vn 0 0 -1
vn 0 0 -1
vn 0 0 -1
vn 0 0 -1
vn 0 0 -1
vn 0 0 -1
vn 0 0 -1
vn 0 0 -1
vn 0 0 -1
vn 0 0 -1
vn 0 0 -1
vn 0 0 -1
vn 0 0 -1
vn 0 0 -1
vn 0 0 -1
vn 0 0 -1
vn 0 0 -1
vn 0 0 -1
vn 0 0 -1
vn 0 0 -1
vn 0 0 -1
vn 0 0 -1
vn 0 0 -1
vn 0 0 -1
vn 0 0 -1
vn 0 0 -1
vn 0 0 -1
vn 0 0 -1
vn 0 0 -1
vn 0 0 -1
vn 0 0 -1
vn 0 0 -1
vn 0 0 -1
vn 0 0 -1
vn 0 0 -1
vn 0 0 -1
vn 0 0 -1
vn 0 0 -1
vn 0 0 -1
vn 0 0 -1
vn 0 0 -1
vn 0 0 -1
vn 0 0 -1
vn 0 0 -1
vn 0 0 -1
vn 0 0 -1
vn 0 0 -1
vn 0 0 -1
vn 0 0 -1
vn 0 0 -1
vn 0 0 -1
vn 0 0 -1
vn 0 0 -1
vn 0 0 -1
vn 0 0 -1
vn 0 0 -1
vn 0 0 -1
vn 0 0 -1
vn 0 0 -1
vn 0 0 -1
vn 0 0 -1
vn 0 0 -1
vn 0 0 -1
vn 0 0 -1
vn 0 0 -1
vn 0 0 -1
vn 0 0 -1
vn 0 0 -1
vn 0 0 -1
vn 0 0 -1
vn 0 0 -1
vn 0 0 -1
vn 0 0 -1
vn 0 0 -1
vn 0 0 -1
vn 0 0 -1
vn 0 0 -1
vn 0 0 -1
vn 0 0 -1
vn 0 0 -1
vn 0 0 -1
vn 0 0 -1
vn 0 0 -1
vn 0 0 -1
vn 0 0 -1
vn 0 0 -1
vn 0 0 -1
vn 0 0 -1
vn 0 0 -1
vn 0 0 -1
vn 0 0 -1
vn 0 0 -1
vn 0 0 -1
vn 0 0 -1
vn 0 0 -1
vn 0 0 -1
vn 0 0 -1
vn 0 0 -1
vn 0 0 -1
vn 0 0 -1
vn 0 0 -1
vn 0 0 -1
vn 0 0 -1
vn 0 0 -1
vn 0 0 -1
vn 0 0 -1
vn 0 0 -1
vn 0 0 -1
vn 0 0 -1
vn 0 0 -1
vn 0 0 -1
vn 0 0 -1
vn 0 0 -1
vn 0 0 -1
vn 0 0 -1
vn 0 0 -1
vn 0 0 -1
vn 0 0 -1
vn 0 0 -1
vn 0 0 -1
vn 0 0 -1
vn 0 0 -1
vn 0 0 -1
vn 0 0 -1
vn 0 0 -1
vn 0 0 -1
vn 0 0 -1
vn 0 0 -1
vn 0 0 -1
vn 0 0 -1
vn 0 0 -1
vn 0 0 -1
vn 0 0 -1
vn 0 0 -1
vn 0 0 -1
vn 0 0 -1
vn 0 0 -1
vn 0 0 -1
vn 0 0 -1
vn 0 0 -1
vn 0 0 -1
vn 0 0 -1
vn 0 0 -1
vn 0 0 -1
vn 0 0 -1
vn 0 0 -1
vn 0 0 -1
vn 0 0 -1
vn 0 0 -1
vn 0 0 -1
vn 0 0 -1
vn 0 0 -1
vn 0 0 -1
vn 0 0 -1
vn 0 0 -1
vn 0 0 -1
vn 0 0 -1
vn 0 0 -1
vn 0 0 -1
vn 0 0 -1
vn 0 0 -1
vn 0 0 -1
vn 0 0 -1
vn 0 0 -1
vn 0 0 -1
vn 0 0 -1
vn 0 0 -1
vn 0 0 -1
vn 0 0 -1
vn 0 0 -1
vn 0 0 -1
vn 0 0 -1
vn 0 0 -1
vn 0 0 -1
vn 0 0 -1
vn 0 0 -1
vn 0 0 -1
vn 0 0 -1
vn 0 0 -1
vn 0 0 -1
vn 0 0 -1
vn 0 0 -1
vn 0 0 -1
vn 0 0 -1
vn 0 0 -1
vn 0 0 -1
vn 0 0 -1
vn 0 0 -1
vn 0 0 -1
vn 0 0 -1
vn 0 0 -1
vn 0 0 -1
vn 0 0 -1
vn 0 0 -1
vn 0 0 -1
vn 0 0 -1
vn 0 0 -1
vn 0 0 -1
vn 0 0 -1
vn 0 0 -1
vn 0 0 -1
vn 0 0 -1
vn 0 0 -1
vn 0 0 -1
vn 0 0 -1
vn 0 0 -1
vn 0 0 -1
vn 0 0 -1
vn 0 0 -1
vn 0 0 -1
vn 0 0 -1
vn 0 0 -1
vn 0 0 -1
vn 0 0 -1
vn 0 0 -1
vn 0 0 -1
vn 0 0 -1
vn 0 0 -1
vn 0 0 -1
vn 0 0 -1
vn 0 0 -1
vn 0 0 -1
vn 0 0 -1
vn 0 0 -1
vn 0 0 -1
vn 0 0 -1
vn 0 0 -1
vn 0 0 -1
vn 0 0 -1
vn 0 0 -1
vn 0 0 -1
vn 0 0 -1
vn 0 0 -1
vn 0 0 -1
vn 0 0 -1
vn 0 0 -1
vn 0 0 -1
vn 0 0 -1
vn 0 0 -1
vn 0 0 -1
vn 0 0 -1
vn 0 0 -1
vn 0 0 -1
vn 0 0 -1
vn 0 0 -1
vn 0 0 -1
vn 0 0 -1
vn 0 0 -1
vn 0 0 -1
vn 0 0 -1
vn 0 0 -1
vn 0 0 -1
vn 0 0 -1
vn 0 0 -1
vn 0 0 -1
vn 0 0 -1
vn 0 0 -1
vn 0 0 -1
vn 0 0 -1
vn 0 0 -1
vn 0 0 -1
vn 0 0 -1
vn 0 0 1
vn 0 0 1
vn 0 0 1
vn 0 0 1
vn 0 0 1
vn 0 0 1
vn 0 0 1
vn 0 0 1
vn 0 0 1
vn 0 0 1
vn 0 0 1
vn 0 0 1
vn 0 0 1
vn 0 0 1
vn 0 0 1
vn 0 0 1
vn 0 0 1
vn 0 0 1
vn 0 0 1
vn 0 0 1
vn 0 0 1
vn 0 0 1
vn 0 0 1
vn 0 0 1
vn 0 0 1
vn 0 0 1
vn 0 0 1
vn 0 0 1
vn 0 0 1
vn 0 0 1
vn 0 0 1
vn 0 0 1
vn 0 0 1
vn 0 0 1
vn 0 0 1
vn 0 0 1
vn 0 0 1
vn 0 0 1
vn 0 0 1
vn 0 0 1
vn 0 0 1
vn 0 0 1
vn 0 0 1
vn 0 0 1
vn 0 0 1
vn 0 0 1
vn 0 0 1
vn 0 0 1
vn 0 0 1
vn 0 0 1
vn 0 0 1
vn 0 0 1
vn 0 0 1
vn 0 0 1
vn 0 0 1
vn 0 0 1
vn 0 0 1
vn 0 0 1
vn 0 0 1
vn 0 0 1
vn 0 0 1
vn 0 0 1
vn 0 0 1
vn 0 0 1
vn 0 0 1
vn 0 0 1
vn 0 0 1
vn 0 0 1
vn 0 0 1
vn 0 0 1
vn 0 0 1
vn 0 0 1
vn 0 0 1
vn 0 0 1
vn 0 0 1
vn 0 0 1
vn 0 0 1
vn 0 0 1
vn 0 0 1
vn 0 0 1
vn 0 0 1
vn 0 0 1
vn 0 0 1
vn 0 0 1
vn 0 0 1
vn 0 0 1
vn 0 0 1
vn 0 0 1
vn 0 0 1
vn 0 0 1
vn 0 0 1
vn 0 0 1
vn 0 0 1
vn 0 0 1
vn 0 0 1
vn 0 0 1
vn 0 0 1
vn 0 0 1
vn 0 0 1
vn 0 0 1
vn 0 0 1
vn 0 0 1
vn 0 0 1
vn 0 0 1
vn 0 0 1
vn 0 0 1
vn 0 0 1
vn 0 0 1
vn 0 0 1
vn 0 0 1
vn 0 0 1
vn 0 0 1
vn 0 0 1
vn 0 0 1
vn 0 0 1
vn 0 0 1
vn 0 0 1
vn 0 0 1
vn 0 0 1
vn 0 0 1
vn 0 0 1
vn 0 0 1
vn 0 0 1
vn 0 0 1
vn 0 0 1
vn 0 0 1
vn 0 0 1
vn 0 0 1
vn 0 0 1
vn 0 0 1
vn 0 0 1
vn 0 0 1
vn 0 0 1
vn 0 0 1
vn 0 0 1
vn 0 0 1
vn 0 0 1
vn 0 0 1
vn 0 0 1
vn 0 0 1
vn 0 0 1
vn 0 0 1
vn 0 0 1
vn 0 0 1
vn 0 0 1
vn 0 0 1
vn 0 0 1
vn 0 0 1
vn 0 0 1
vn 0 0 1
vn 0 0 1
vn 0 0 1
vn 0 0 1
vn 0 0 1
vn 0 0 1
vn 0 0 1
vn 0 0 1
vn 0 0 1
vn 0 0 1
vn 0 0 1
vn 0 0 1
vn 0 0 1
vn 0 0 1
vn 0 0 1
vn 0 0 1
vn 0 0 1
vn 0 0 1
vn 0 0 1
vn 0 0 1
vn 0 0 1
vn 0 0 1
vn 0 0 1
vn 0 0 1
vn 0 0 1
vn 0 0 1
vn 0 0 1
vn 0 0 1
vn 0 0 1
vn 0 0 1
vn 0 0 1
vn 0 0 1
vn 0 0 1
vn 0 0 1
vn 0 0 1
vn 0 0 1
vn 0 0 1
vn 0 0 1
vn 0 0 1
vn 0 0 1
vn 0 0 1
vn 0 0 1
vn 0 0 1
vn 0 0 1
vn 0 0 1
vn 0 0 1
vn 0 0 1
vn 0 0 1
vn 0 0 1
vn 0 0 1
vn 0 0 1
vn 0 0 1
vn 0 0 1
vn 0 0 1
vn 0 0 1
vn 0 0 1
vn 0 0 1
vn 0 0 1
vn 0 0 1
vn 0 0 1
vn 0 0 1
vn 0 0 1
vn 0 0 1
vn 0 0 1
vn 0 0 1
vn 0 0 1
vn 0 0 1
vn 0 0 1
vn 0 0 1
vn 0 0 1
vn 0 0 1
vn 0 0 1
vn 0 0 1
vn 0 0 1
vn 0 0 1
vn 0 0 1
vn 0 0 1
vn 0 0 1
vn 0 0 1
vn 0 0 1
vn 0 0 1
vn 0 0 1
vn 0 0 1
vn 0 0 1
vn 0 0 1
vn 0 0 1
vn 0 0 1
vn 0 0 1
vn 0 0 1
vn 0 0 1
vn 0 0 1
vn 0 0 1
vn 0 0 1
vn 0 0 1
vn 0 0 1
vn 0 0 1
vn 0 0 1
vn 0 0 1
vn 0 0 1
vn 0 0 1
vn 0 0 1
vn 0 0 1
vn 0 0 1
vn 0 0 1
vn 0 0 1
vn 0 0 1
vn 0 0 1
vn 0 0 1
vn 0 0 1
vn 0 0 1
vn 0 0 1
vn 0 0 1
vn 0 0 1
vn 0 0 1
vn 0 0 1
vn 0 0 1
vn 0 0 1
vn 0 0 1
vn 0 0 1
vn 0 0 1
vn 0 0 1
vn 0 0 1
vn 0 0 1
vn 0 0 1
vn 0 0 1
vn 0 0 1
vn 0 0 1
vn 0 0 1
vn 0 0 1
vn 0 0 1
vn 0 0 1
vn 0 0 1
vn 0 0 1
vn 0 0 1
vn 0 0 1
vn 0 0 1
vn 0 0 1
vn 0 0 1
vn 0 0 1
vn 0 0 1
vn 0 0 1
vn 0 0 1
vn 0 0 1
vn 0 0 1
vn 0 0 1
vn 0 0 1
vn 0 0 1
vn 0 0 1
vn 0 0 1
vn 0 0 1
vn 0 0 1
vn 0 0 1
vn 0 0 1
vn 0 0 1
vn 0 0 1
vn 0 0 1
vn 0 0 1
vn 0 0 1
vn 0 0 1
vn 0 0 1
vn 0 0 1
vn 0 0 1
vn 0 0 1
vn 0 0 1
vn 0 0 1
vn 0 0 1
vn 0 0 1
vn 0 0 1
vn 0 0 1
vn 0 0 1
vn 0 0 1
vn 0 0 1
vn 0 0 1
vn 0 0 1
vn 0 0 1
vn 0 0 1
vn 0 0 1
vn 0 0 1
vn 0 0 1
vn 0 0 1
vn 0 0 1
vn 0 0 1
vn 0 0 1
vn 0 0 1
vn 0 0 1
vn 0 0 1
vn 0 0 1
vn 0 0 1
vn 0 0 1
vn 0 0 1
vn 0 0 1
vn 0 0 1
vn 0 0 1
vn 0 0 1
vn 0 0 1
vn 0 0 1
vn 0 0 1
vn 0 0 1
vn 0 0 1
vn 0 0 1
vn 0 0 1
vn 0 0 1
vn 0 0 1
vn 0 0 1
vn 0 0 1
vn 0 0 1
vn 0 0 1
vn 0 0 1
vn 0 0 1
vn 0 0 1
vn 0 0 1
vn 0 0 1
vn 0 0 1
vn 0 0 1
vn 0 0 1
vn 0 0 1
vn 0 0 1
vn 0 0 1
vn 0 0 1
vn 0 0 1
vn 0 0 1
vn 0 0 1
vn 0 0 1
vn 0 0 1
vn 0 0 1
vn 0 0 1
vn 0 0 1
vn 0 0 1
vn 0 0 1
vn 0 0 1
vn 0 0 1
vn 0 0 1
vn 0 0 1
vn 0 0 1
vn 0 0 1
vn 0 0 1
vn 0 0 1
vn 0 0 1
vn 0 0 1
vn 0 0 1
vn 0 0 1
vn 0 0 1
vn 0 0 1
vn 0 0 1
vn 0 0 1
vn 0 0 1
vn 0 0 1
vn 0 0 1
vn 0 0 1
vn 0 0 1
vn 0 0 1
vn 0 0 1
vn 0 0 1
vn 0 0 1
vn 0 0 1
vn 0 0 1
vn 0 0 1
vn 0 0 1
vn 0 0 1
vn 0 0 1
vn 0 0 1
vn 0 0 1
vn 0 0 1
vn 0 0 1
vn 0 0 1
vn 0 0 1
vn 0 0 1
vn 0 0 1
vn 0 0 1
vn 0 0 1
vn 0 0 1
vn 0 0 1
vn 0 0 1
vn 0 0 1
vn 0 0 1
vn 0 0 1
vn 0 0 1
vn 0 0 1
vn 0 0 1
vn 0 0 1
vn 0 0 1
vn 0 0 1
vn 0 0 1
vn 0 0 1
vn 0 0 1
vn 0 0 1
vn 0 0 1
vn 0 0 1
vn 0 0 1
vn 0.025455721858252348 -0.38183583718701075 -0.9238795374205286
vn 0.025455721858252348 -0.38183583718701075 -0.9238795374205286
vn 0.025455721858252348 -0.38183583718701075 -0.9238795374205286
vn 0.025455747458732424 -0.38183585797839886 -0.9238795281221558
vn 0.025455747458732424 -0.38183585797839886 -0.9238795281221558
vn 0.025455747458732424 -0.38183585797839886 -0.9238795281221558
vn 0.061455611541907915 -0.9218332827842315 -0.38268342864730504
vn 0.061455611541907915 -0.9218332827842315 -0.38268342864730504
vn 0.061455611541907915 -0.9218332827842315 -0.38268342864730504
vn 0.06145565376712073 -0.9218333014894899 -0.38268337680782893
vn 0.06145565376712073 -0.9218333014894899 -0.38268337680782893
vn 0.06145565376712073 -0.9218333014894899 -0.38268337680782893
vn 0.06651911882092952 -0.9977851506367927 0
vn 0.06651911882092952 -0.9977851506367927 0
vn 0.06651911882092952 -0.9977851506367927 0
vn 0.06651911882092952 -0.9977851506367927 0
vn 0.06651911882092952 -0.9977851506367927 0
vn 0.06651911882092952 -0.9977851506367927 0
vn 0.06145566248045475 -0.9218334433654313 0.38268303364811007
vn 0.06145566248045475 -0.9218334433654313 0.38268303364811007
vn 0.06145566248045475 -0.9218334433654313 0.38268303364811007
vn 0.061455617945807624 -0.921833445897967 0.382683034699448
vn 0.061455617945807624 -0.921833445897967 0.382683034699448
vn 0.061455617945807624 -0.921833445897967 0.382683034699448
vn 0.02545568834225372 -0.3818349730938825 0.9238798954698689
vn 0.02545568834225372 -0.3818349730938825 0.9238798954698689
vn 0.02545568834225372 -0.3818349730938825 0.9238798954698689
vn 0.0254556671171025 -0.38183501979505374 0.9238798767533224
vn 0.0254556671171025 -0.38183501979505374 0.9238798767533224
vn 0.0254556671171025 -0.38183501979505374 0.9238798767533224
vn 0.08605000926835099 -0.3728833412103391 -0.92387954288031
vn 0.08605000926835099 -0.3728833412103391 -0.92387954288031
vn 0.08605000926835099 -0.3728833412103391 -0.92387954288031
vn 0.08605013877265973 -0.37288338333855553 -0.9238795138150849
vn 0.08605013877265973 -0.37288338333855553 -0.9238795138150849
vn 0.08605013877265973 -0.37288338333855553 -0.9238795138150849
vn 0.20774338841289267 -0.9002200831905182 -0.38268327163750776
vn 0.20774338841289267 -0.9002200831905182 -0.38268327163750776
vn 0.20774338841289267 -0.9002200831905182 -0.38268327163750776
vn 0.20774282528276244 -0.9002200966844798 -0.38268354559468815
vn 0.20774282528276244 -0.9002200966844798 -0.38268354559468815
vn 0.20774282528276244 -0.9002200966844798 -0.38268354559468815
vn 0.22485921830268513 -0.9743912622475149 0
vn 0.22485921830268513 -0.9743912622475149 0
vn 0.22485921830268513 -0.9743912622475149 0
vn 0.22485921830268513 -0.9743912622475149 0
vn 0.22485921830268513 -0.9743912622475149 0
vn 0.22485921830268513 -0.9743912622475149 0
vn 0.20774288748215056 -0.9002203463469612 0.38268292452569114
vn 0.20774288748215056 -0.9002203463469612 0.38268292452569114
vn 0.20774288748215056 -0.9002203463469612 0.38268292452569114
vn 0.20774339552073878 -0.9002201139911413 0.3826831953238739
vn 0.20774339552073878 -0.9002201139911413 0.3826831953238739
vn 0.20774339552073878 -0.9002201139911413 0.3826831953238739
vn 0.08604993100114187 -0.37288252273173683 0.9238798805125666
vn 0.08604993100114187 -0.37288252273173683 0.9238798805125666
vn 0.08604993100114187 -0.37288252273173683 0.9238798805125666
vn 0.08604983199202634 -0.372882602815254 0.9238798574121343
vn 0.08604983199202634 -0.372882602815254 0.9238798574121343
vn 0.08604983199202634 -0.372882602815254 0.9238798574121343
vn 0.15835557642462023 -0.34838225919346794 -0.9238794904610025
vn 0.15835557642462023 -0.34838225919346794 -0.9238794904610025
vn 0.15835557642462023 -0.34838225919346794 -0.9238794904610025
vn 0.15835511570795224 -0.3483822916783066 -0.9238795571794476
vn 0.15835511570795224 -0.3483822916783066 -0.9238795571794476
vn 0.15835511570795224 -0.3483822916783066 -0.9238795571794476
vn 0.38230311922079 -0.8410692822343192 -0.38268366507587115
vn 0.38230311922079 -0.8410692822343192 -0.38268366507587115
vn 0.38230311922079 -0.8410692822343192 -0.38268366507587115
vn 0.382304220246699 -0.841069040163695 -0.3826830971700791
vn 0.382304220246699 -0.841069040163695 -0.3826830971700791
vn 0.382304220246699 -0.841069040163695 -0.3826830971700791
vn 0.41380304758868386 -0.9103664305137341 0
vn 0.41380304758868386 -0.9103664305137341 0
vn 0.41380304758868386 -0.9103664305137341 0
vn 0.41380304758868386 -0.9103664305137341 0
vn 0.41380304758868386 -0.9103664305137341 0
vn 0.41380304758868386 -0.9103664305137341 0
vn 0.3823041878049817 -0.8410689747523831 0.3826832733420007
vn 0.3823041878049817 -0.8410689747523831 0.3826832733420007
vn 0.3823041878049817 -0.8410689747523831 0.3826832733420007
vn 0.38230330079072666 -0.8410696459254101 0.3826826843579681
vn 0.38230330079072666 -0.8410696459254101 0.3826826843579681
vn 0.38230330079072666 -0.8410696459254101 0.3826826843579681
vn 0.15835481937207171 -0.34838160993705797 0.9238798650470212
vn 0.15835481937207171 -0.34838160993705797 0.9238798650470212
vn 0.15835481937207171 -0.34838160993705797 0.9238798650470212
vn 0.1583551338147149 -0.34838128545167596 0.9238799335095236
vn 0.1583551338147149 -0.34838128545167596 0.9238799335095236
vn 0.1583551338147149 -0.34838128545167596 0.9238799335095236
vn 0.23494478526139118 -0.302071892309493 -0.9238796024131287
vn 0.23494478526139118 -0.302071892309493 -0.9238796024131287
vn 0.23494478526139118 -0.302071892309493 -0.9238796024131287
vn 0.2349452008611651 -0.3020717710009862 -0.9238795363880696
vn 0.2349452008611651 -0.3020717710009862 -0.9238795363880696
vn 0.2349452008611651 -0.3020717710009862 -0.9238795363880696
vn 0.5672080442453484 -0.729265978312307 -0.3826828548805923
vn 0.5672080442453484 -0.729265978312307 -0.3826828548805923
vn 0.5672080442453484 -0.729265978312307 -0.3826828548805923
vn 0.567206699648865 -0.7292666081863516 -0.38268364749204586
vn 0.567206699648865 -0.7292666081863516 -0.38268364749204586
vn 0.567206699648865 -0.7292666081863516 -0.38268364749204586
vn 0.6139401596025387 -0.7893525704190804 0
vn 0.6139401596025387 -0.7893525704190804 0
vn 0.6139401596025387 -0.7893525704190804 0
vn 0.6139401596025387 -0.7893525704190804 0
vn 0.6139401596025387 -0.7893525704190804 0
vn 0.6139401596025387 -0.7893525704190804 0
vn 0.5672069867405996 -0.7292669517594313 0.38268256723315264
vn 0.5672069867405996 -0.7292669517594313 0.38268256723315264
vn 0.5672069867405996 -0.7292669517594313 0.38268256723315264
vn 0.5672079338515182 -0.7292658108325112 0.38268333766534934
vn 0.5672079338515182 -0.7292658108325112 0.38268333766534934
vn 0.5672079338515182 -0.7292658108325112 0.38268333766534934
vn 0.23494461508089576 -0.30207100933994874 0.9238799343858671
vn 0.23494461508089576 -0.30207100933994874 0.9238799343858671
vn 0.23494461508089576 -0.30207100933994874 0.9238799343858671
vn 0.23494438934330156 -0.3020713939156365 0.9238798660507586
vn 0.23494438934330156 -0.3020713939156365 0.9238798660507586
vn 0.23494438934330156 -0.3020713939156365 0.9238798660507586
vn 0.30207205253256164 -0.23494491319070193 -0.923879517493801
vn 0.30207205253256164 -0.23494491319070193 -0.923879517493801
vn 0.30207205253256164 -0.23494491319070193 -0.923879517493801
vn 0.30207216509445417 -0.234944848415861 -0.923879497162913
vn 0.30207216509445417 -0.234944848415861 -0.923879497162913
vn 0.30207216509445417 -0.234944848415861 -0.923879497162913
vn 0.7292664617762536 -0.5672068573066387 -0.3826836928230289
vn 0.7292664617762536 -0.5672068573066387 -0.3826836928230289
vn 0.7292664617762536 -0.5672068573066387 -0.3826836928230289
vn 0.7292661654095992 -0.5672070970136589 -0.38268390230857224
vn 0.7292661654095992 -0.5672070970136589 -0.38268390230857224
vn 0.7292661654095992 -0.5672070970136589 -0.38268390230857224
vn 0.7893521820720352 -0.6139406589061491 0
vn 0.7893521820720352 -0.6139406589061491 0
vn 0.7893521820720352 -0.6139406589061491 0
vn 0.7893521820720352 -0.6139406589061491 0
vn 0.7893521820720352 -0.6139406589061491 0
vn 0.7893521820720352 -0.6139406589061491 0
vn 0.7292663495239637 -0.5672072203455057 0.3826833686481773
vn 0.7292663495239637 -0.5672072203455057 0.3826833686481773
vn 0.7292663495239637 -0.5672072203455057 0.3826833686481773
vn 0.7292665229501148 -0.5672068585271396 0.3826835744371883
vn 0.7292665229501148 -0.5672068585271396 0.3826835744371883
vn 0.7292665229501148 -0.5672068585271396 0.3826835744371883
vn 0.30207145231166804 -0.2349443287986243 0.9238798623542369
vn 0.30207145231166804 -0.2349443287986243 0.9238798623542369
vn 0.30207145231166804 -0.2349443287986243 0.9238798623542369
vn 0.30207141888351186 -0.23494441538549884 0.9238798512646913
vn 0.30207141888351186 -0.23494441538549884 0.9238798512646913
vn 0.30207141888351186 -0.23494441538549884 0.9238798512646913
vn 0.34838225919346794 -0.15835557642462023 -0.9238794904610025
vn 0.34838225919346794 -0.15835557642462023 -0.9238794904610025
vn 0.34838225919346794 -0.15835557642462023 -0.9238794904610025
vn 0.34838217488333956 -0.15835568304949352 -0.9238795039773762
vn 0.34838217488333956 -0.15835568304949352 -0.9238795039773762
vn 0.34838217488333956 -0.15835568304949352 -0.9238795039773762
vn 0.8410686111464685 -0.38230427449465026 -0.3826839858777343
vn 0.8410686111464685 -0.38230427449465026 -0.3826839858777343
vn 0.8410686111464685 -0.38230427449465026 -0.3826839858777343
vn 0.8410691803313525 -0.38230351451747846 -0.3826834941362522
vn 0.8410691803313525 -0.38230351451747846 -0.3826834941362522
vn 0.8410691803313525 -0.38230351451747846 -0.3826834941362522
vn 0.910366761196826 -0.413802320085329 0
vn 0.910366761196826 -0.413802320085329 0
vn 0.910366761196826 -0.413802320085329 0
vn 0.910366761196826 -0.413802320085329 0
vn 0.910366761196826 -0.413802320085329 0
vn 0.910366761196826 -0.413802320085329 0
vn 0.8410691611372773 -0.3823034759905915 0.3826835748099831
vn 0.8410691611372773 -0.3823034759905915 0.3826835748099831
vn 0.8410691611372773 -0.3823034759905915 0.3826835748099831
vn 0.8410689382033325 -0.382304436703384 0.3826831050182738
vn 0.8410689382033325 -0.382304436703384 0.3826831050182738
vn 0.8410689382033325 -0.382304436703384 0.3826831050182738
vn 0.348381423231302 -0.15835535222668157 0.9238798441185391
vn 0.348381423231302 -0.15835535222668157 0.9238798441185391
vn 0.348381423231302 -0.15835535222668157 0.9238798441185391
vn 0.34838143145198025 -0.15835520695174465 0.9238798659191244
vn 0.34838143145198025 -0.15835520695174465 0.9238798659191244
vn 0.34838143145198025 -0.15835520695174465 0.9238798659191244
vn 0.3728834125830651 -0.08605002688522348 -0.9238795124330119
vn 0.3728834125830651 -0.08605002688522348 -0.9238795124330119
vn 0.3728834125830651 -0.08605002688522348 -0.9238795124330119
vn 0.3728835214329046 -0.08604983077948958 -0.9238794867657891
vn 0.3728835214329046 -0.08604983077948958 -0.9238794867657891
vn 0.3728835214329046 -0.08604983077948958 -0.9238794867657891
vn 0.9002201778005874 -0.20774262163067744 -0.3826834653322406
vn 0.9002201778005874 -0.20774262163067744 -0.3826834653322406
vn 0.9002201778005874 -0.20774262163067744 -0.3826834653322406
vn 0.9002205072667044 -0.20774192967841748 -0.3826830659304967
vn 0.9002205072667044 -0.20774192967841748 -0.3826830659304967
vn 0.9002205072667044 -0.20774192967841748 -0.3826830659304967
vn 0.9743914930472685 -0.2248582181667262 0
vn 0.9743914930472685 -0.2248582181667262 0
vn 0.9743914930472685 -0.2248582181667262 0
vn 0.9743914930472685 -0.2248582181667262 0
vn 0.9743914930472685 -0.2248582181667262 0
vn 0.9743914930472685 -0.2248582181667262 0
vn 0.9002205072667044 -0.20774192967841748 0.3826830659304967
vn 0.9002205072667044 -0.20774192967841748 0.3826830659304967
vn 0.9002205072667044 -0.20774192967841748 0.3826830659304967
vn 0.9002204911329428 -0.2077426710133057 0.38268270144418687
vn 0.9002204911329428 -0.2077426710133057 0.38268270144418687
vn 0.9002204911329428 -0.2077426710133057 0.38268270144418687
vn 0.37288266058707414 -0.0860496304033928 0.9238798528710022
vn 0.37288266058707414 -0.0860496304033928 0.9238798528710022
vn 0.37288266058707414 -0.0860496304033928 0.9238798528710022
vn 0.37288269960748277 -0.08604985604805931 0.9238798161057229
vn 0.37288269960748277 -0.08604985604805931 0.9238798161057229
vn 0.37288269960748277 -0.08604985604805931 0.9238798161057229
vn 0.381836031874987 -0.02545573409239267 -0.9238794566196291
vn 0.381836031874987 -0.02545573409239267 -0.9238794566196291
vn 0.381836031874987 -0.02545573409239267 -0.9238794566196291
vn 0.3818354534356311 -0.02545682851470365 -0.9238796655309495
vn 0.3818354534356311 -0.02545682851470365 -0.9238796655309495
vn 0.3818354534356311 -0.02545682851470365 -0.9238796655309495
vn 0.9218332383661452 -0.06145827986226131 -0.3826831071261935
vn 0.9218332383661452 -0.06145827986226131 -0.3826831071261935
vn 0.9218332383661452 -0.06145827986226131 -0.3826831071261935
vn 0.9218335378026636 -0.06145712511646378 -0.3826825712710792
vn 0.9218335378026636 -0.06145712511646378 -0.3826825712710792
vn 0.9218335378026636 -0.06145712511646378 -0.3826825712710792
vn 0.99778504576681 -0.06652069184941295 0
vn 0.99778504576681 -0.06652069184941295 0
vn 0.99778504576681 -0.06652069184941295 0
vn 0.99778504576681 -0.06652069184941295 0
vn 0.99778504576681 -0.06652069184941295 0
vn 0.99778504576681 -0.06652069184941295 0
vn 0.9218334657685372 -0.06145712428781072 0.38268274492514054
vn 0.9218334657685372 -0.06145712428781072 0.38268274492514054
vn 0.9218334657685372 -0.06145712428781072 0.38268274492514054
vn 0.9218336147563452 -0.06145830694164178 0.38268219610156545
vn 0.9218336147563452 -0.06145830694164178 0.38268219610156545
vn 0.9218336147563452 -0.06145830694164178 0.38268219610156545
vn 0.38183498332997184 -0.025456799161167807 0.9238798606322514
vn 0.38183498332997184 -0.025456799161167807 0.9238798606322514
vn 0.38183498332997184 -0.025456799161167807 0.9238798606322514
vn 0.3818346514457003 -0.025455644050595062 0.9238800296257681
vn 0.3818346514457003 -0.025455644050595062 0.9238800296257681
vn 0.3818346514457003 -0.025455644050595062 0.9238800296257681
vn 0.3826830685865544 0 -0.9238796831932059
vn 0.3826830685865544 0 -0.9238796831932059
vn 0.3826830685865544 0 -0.9238796831932059
vn 0.3826830685865544 0 -0.9238796831932059
vn 0.3826830685865544 0 -0.9238796831932059
vn 0.3826830685865544 0 -0.9238796831932059
vn 0.9238798779669956 0 -0.3826825983601677
vn 0.9238798779669956 0 -0.3826825983601677
vn 0.9238798779669956 0 -0.3826825983601677
vn 0.9238798779669956 0 -0.3826825983601677
vn 0.9238798779669956 0 -0.3826825983601677
vn 0.9238798779669956 0 -0.3826825983601677
vn 1 0 0
vn 1 0 0
vn 1 0 0
vn 1 0 0
vn 1 0 0
vn 1 0 0
vn 0.9238800305938178 0 0.3826822298852745
vn 0.9238800305938178 0 0.3826822298852745
vn 0.9238800305938178 0 0.3826822298852745
vn 0.9238800305938178 0 0.3826822298852745
vn 0.9238800305938178 0 0.3826822298852745
vn 0.9238800305938178 0 0.3826822298852745
vn 0.3826822298852745 0 0.9238800305938178
vn 0.3826822298852745 0 0.9238800305938178
vn 0.3826822298852745 0 0.9238800305938178
vn 0.3826822298852745 0 0.9238800305938178
vn 0.3826822298852745 0 0.9238800305938178
vn 0.3826822298852745 0 0.9238800305938178
vn 0 -0.3826830940244355 -0.9238796726565017
vn 0 -0.3826830940244355 -0.9238796726565017
vn 0 -0.3826830940244355 -0.9238796726565017
vn 0 -0.3826830940244355 -0.9238796726565017
vn 0 -0.3826830940244355 -0.9238796726565017
vn 0 -0.3826830940244355 -0.9238796726565017
vn 0 -0.9238798885036886 -0.38268257292227453
vn 0 -0.9238798885036886 -0.38268257292227453
vn 0 -0.9238798885036886 -0.38268257292227453
vn 0 -0.9238798885036886 -0.38268257292227453
vn 0 -0.9238798885036886 -0.38268257292227453
vn 0 -0.9238798885036886 -0.38268257292227453
vn 0 -1 0
vn 0 -1 0
vn 0 -1 0
vn 0 -1 0
vn 0 -1 0
vn 0 -1 0
vn 0 -0.9238800305938178 0.3826822298852745
vn 0 -0.9238800305938178 0.3826822298852745
vn 0 -0.9238800305938178 0.3826822298852745
vn 0 -0.9238800305938178 0.3826822298852745
vn 0 -0.9238800305938178 0.3826822298852745
vn 0 -0.9238800305938178 0.3826822298852745
vn 0 -0.3826822298852745 0.9238800305938178
vn 0 -0.3826822298852745 0.9238800305938178
vn 0 -0.3826822298852745 0.9238800305938178
vn 0 -0.3826822298852745 0.9238800305938178
vn 0 -0.3826822298852745 0.9238800305938178
vn 0 -0.3826822298852745 0.9238800305938178
vn -0.3826830685865544 0 -0.9238796831932059
vn -0.3826830685865544 0 -0.9238796831932059
vn -0.3826830685865544 0 -0.9238796831932059
vn -0.3826830685865544 0 -0.9238796831932059
vn -0.3826830685865544 0 -0.9238796831932059
vn -0.3826830685865544 0 -0.9238796831932059
vn -0.9238798779669956 0 -0.3826825983601677
vn -0.9238798779669956 0 -0.3826825983601677
vn -0.9238798779669956 0 -0.3826825983601677
vn -0.9238798779669956 0 -0.3826825983601677
vn -0.9238798779669956 0 -0.3826825983601677
vn -0.9238798779669956 0 -0.3826825983601677
vn -1 0 0
vn -1 0 0
vn -1 0 0
vn -1 0 0
vn -1 0 0
vn -1 0 0
vn -0.9238800305938178 0 0.3826822298852745
vn -0.9238800305938178 0 0.3826822298852745
vn -0.9238800305938178 0 0.3826822298852745
vn -0.9238800305938178 0 0.3826822298852745
vn -0.9238800305938178 0 0.3826822298852745
vn -0.9238800305938178 0 0.3826822298852745
vn -0.3826822298852745 0 0.9238800305938178
vn -0.3826822298852745 0 0.9238800305938178
vn -0.3826822298852745 0 0.9238800305938178
vn -0.3826822298852745 0 0.9238800305938178
vn -0.3826822298852745 0 0.9238800305938178
vn -0.3826822298852745 0 0.9238800305938178
vn -0.3818355153217112 -0.02545569990386034 -0.9238796710510563
vn -0.3818355153217112 -0.02545569990386034 -0.9238796710510563
vn -0.3818355153217112 -0.02545569990386034 -0.9238796710510563
vn -0.3818358472058344 -0.025456855014422013 -0.9238795020571555
vn -0.3818358472058344 -0.025456855014422013 -0.9238795020571555
vn -0.3818358472058344 -0.025456855014422013 -0.9238795020571555
vn -0.9218334728807207 -0.06145829822843439 -0.3826825392613762
vn -0.9218334728807207 -0.06145829822843439 -0.3826825392613762
vn -0.9218334728807207 -0.06145829822843439 -0.3826825392613762
vn -0.9218333225443908 -0.06145710778561854 -0.382683092583663
vn -0.9218333225443908 -0.06145710778561854 -0.382683092583663
vn -0.9218333225443908 -0.06145710778561854 -0.382683092583663
vn -0.99778504576681 -0.06652069184941295 0
vn -0.99778504576681 -0.06652069184941295 0
vn -0.99778504576681 -0.06652069184941295 0
vn -0.99778504576681 -0.06652069184941295 0
vn -0.99778504576681 -0.06652069184941295 0
vn -0.99778504576681 -0.06652069184941295 0
vn -0.9218336899805937 -0.06145713824184638 0.38268220258575547
vn -0.9218336899805937 -0.06145713824184638 0.38268220258575547
vn -0.9218336899805937 -0.06145713824184638 0.38268220258575547
vn -0.9218333800309367 -0.061458292286702895 0.3826827638788309
vn -0.9218333800309367 -0.061458292286702895 0.3826827638788309
vn -0.9218333800309367 -0.061458292286702895 0.3826827638788309
vn -0.38183458957773503 -0.025456770800002117 0.9238800241494773
vn -0.38183458957773503 -0.025456770800002117 0.9238800241494773
vn -0.38183458957773503 -0.025456770800002117 0.9238800241494773
vn -0.38183516799915457 -0.02545567823913934 0.9238798151948351
vn -0.38183516799915457 -0.02545567823913934 0.9238798151948351
vn -0.38183516799915457 -0.02545567823913934 0.9238798151948351
vn -0.37288353503381977 -0.08605004998499567 -0.9238794608596197
vn -0.37288353503381977 -0.08605004998499567 -0.9238794608596197
vn -0.37288353503381977 -0.08605004998499567 -0.9238794608596197
vn -0.3728834962524873 -0.08604981694491928 -0.9238794982173092
vn -0.3728834962524873 -0.08604981694491928 -0.9238794982173092
vn -0.3728834962524873 -0.08604981694491928 -0.9238794982173092
vn -0.9002203293334093 -0.20774264513737364 -0.3826830961071776
vn -0.9002203293334093 -0.20774264513737364 -0.3826830961071776
vn -0.9002203293334093 -0.20774264513737364 -0.3826830961071776
vn -0.9002203670351445 -0.20774189502483154 -0.38268341462180167
vn -0.9002203670351445 -0.20774189502483154 -0.38268341462180167
vn -0.9002203670351445 -0.20774189502483154 -0.38268341462180167
vn -0.9743914930472685 -0.2248582181667262 0
vn -0.9743914930472685 -0.2248582181667262 0
vn -0.9743914930472685 -0.2248582181667262 0
vn -0.9743914930472685 -0.2248582181667262 0
vn -0.9743914930472685 -0.2248582181667262 0
vn -0.9743914930472685 -0.2248582181667262 0
vn -0.9002206372312755 -0.20774196196271283 0.3826827426770107
vn -0.9002206372312755 -0.20774196196271283 0.3826827426770107
vn -0.9002206372312755 -0.20774196196271283 0.3826827426770107
vn -0.9002203321201372 -0.20774263087930195 0.3826830972918139
vn -0.9002203321201372 -0.20774263087930195 0.3826830972918139
vn -0.9002203321201372 -0.20774263087930195 0.3826830972918139
vn -0.37288273219886625 -0.08604964062484649 0.9238798230160908
vn -0.37288273219886625 -0.08604964062484649 0.9238798230160908
vn -0.37288273219886625 -0.08604964062484649 0.9238798230160908
vn -0.372882602815254 -0.08604983199202634 0.9238798574121343
vn -0.372882602815254 -0.08604983199202634 0.9238798574121343
vn -0.372882602815254 -0.08604983199202634 0.9238798574121343
vn -0.34838223465240176 -0.158355549013778 -0.9238795044133971
vn -0.34838223465240176 -0.158355549013778 -0.9238795044133971
vn -0.34838223465240176 -0.158355549013778 -0.9238795044133971
vn -0.34838232717429274 -0.15835425402861622 -0.9238796914878389
vn -0.34838232717429274 -0.15835425402861622 -0.9238796914878389
vn -0.34838232717429274 -0.15835425402861622 -0.9238796914878389
vn -0.8410701301500547 -0.382301366997673 -0.3826835519865997
vn -0.8410701301500547 -0.382301366997673 -0.3826835519865997
vn -0.8410701301500547 -0.382301366997673 -0.3826835519865997
vn -0.8410695998317262 -0.38230369436225636 -0.38268239248216046
vn -0.8410695998317262 -0.38230369436225636 -0.38268239248216046
vn -0.8410695998317262 -0.38230369436225636 -0.38268239248216046
vn -0.910366761196826 -0.413802320085329 0
vn -0.910366761196826 -0.413802320085329 0
vn -0.910366761196826 -0.413802320085329 0
vn -0.910366761196826 -0.413802320085329 0
vn -0.910366761196826 -0.413802320085329 0
vn -0.910366761196826 -0.413802320085329 0
vn -0.8410693285944955 -0.3823035602354241 0.3826831226078881
vn -0.8410693285944955 -0.3823035602354241 0.3826831226078881
vn -0.8410693285944955 -0.3823035602354241 0.3826831226078881
vn -0.8410707266994424 -0.38230163544718154 0.38268197269231563
vn -0.8410707266994424 -0.38230163544718154 0.38268197269231563
vn -0.8410707266994424 -0.38230163544718154 0.38268197269231563
vn -0.34838184298162705 -0.1583540420689754 0.9238799104002327
vn -0.34838184298162705 -0.1583540420689754 0.9238799104002327
vn -0.34838184298162705 -0.1583540420689754 0.9238799104002327
vn -0.34838089653289933 -0.15835496922531206 0.923880108375856
vn -0.34838089653289933 -0.15835496922531206 0.923880108375856
vn -0.34838089653289933 -0.15835496922531206 0.923880108375856
vn -0.30207165506775124 -0.2349446073627746 -0.923879725221731
vn -0.30207165506775124 -0.2349446073627746 -0.923879725221731
vn -0.30207165506775124 -0.2349446073627746 -0.923879725221731
vn -0.30207130383260544 -0.23494568521850118 -0.9238795659598056
vn -0.30207130383260544 -0.23494568521850118 -0.9238795659598056
vn -0.30207130383260544 -0.23494568521850118 -0.9238795659598056
vn -0.7292651616648732 -0.5672093694057122 -0.38268244699787407
vn -0.7292651616648732 -0.5672093694057122 -0.38268244699787407
vn -0.7292651616648732 -0.5672093694057122 -0.38268244699787407
vn -0.7292662185626928 -0.5672071516004297 -0.38268372010917556
vn -0.7292662185626928 -0.5672071516004297 -0.38268372010917556
vn -0.7292662185626928 -0.5672071516004297 -0.38268372010917556
vn -0.7893521820720352 -0.6139406589061491 0
vn -0.7893521820720352 -0.6139406589061491 0
vn -0.7893521820720352 -0.6139406589061491 0
vn -0.7893521820720352 -0.6139406589061491 0
vn -0.7893521820720352 -0.6139406589061491 0
vn -0.7893521820720352 -0.6139406589061491 0
vn -0.7292667180482413 -0.5672075268437157 0.3826822120754799
vn -0.7292667180482413 -0.5672075268437157 0.3826822120754799
vn -0.7292667180482413 -0.5672075268437157 0.3826822120754799
vn -0.7292647854158212 -0.5672091761085539 0.3826834505053381
vn -0.7292647854158212 -0.5672091761085539 0.3826834505053381
vn -0.7292647854158212 -0.5672091761085539 0.3826834505053381
vn -0.30207043505679604 -0.23494498135732536 0.9238800290078815
vn -0.30207043505679604 -0.23494498135732536 0.9238800290078815
vn -0.30207043505679604 -0.23494498135732536 0.9238800290078815
vn -0.3020713939156365 -0.23494438934330156 0.9238798660507586
vn -0.3020713939156365 -0.23494438934330156 0.9238798660507586
vn -0.3020713939156365 -0.23494438934330156 0.9238798660507586
vn -0.23494491319070193 -0.30207205253256164 -0.923879517493801
vn -0.23494491319070193 -0.30207205253256164 -0.923879517493801
vn -0.23494491319070193 -0.30207205253256164 -0.923879517493801
vn -0.23494463887188277 -0.30207252152952996 -0.9238794339101569
vn -0.23494463887188277 -0.30207252152952996 -0.9238794339101569
vn -0.23494463887188277 -0.30207252152952996 -0.9238794339101569
vn -0.5672061514893766 -0.7292670699579114 -0.3826835799817039
vn -0.5672061514893766 -0.7292670699579114 -0.3826835799817039
vn -0.5672061514893766 -0.7292670699579114 -0.3826835799817039
vn -0.5672066062485888 -0.7292665051301295 -0.3826839823186298
vn -0.5672066062485888 -0.7292665051301295 -0.3826839823186298
vn -0.5672066062485888 -0.7292665051301295 -0.3826839823186298
vn -0.6139401596025387 -0.7893525704190804 0
vn -0.6139401596025387 -0.7893525704190804 0
vn -0.6139401596025387 -0.7893525704190804 0
vn -0.6139401596025387 -0.7893525704190804 0
vn -0.6139401596025387 -0.7893525704190804 0
vn -0.6139401596025387 -0.7893525704190804 0
vn -0.567206784167174 -0.7292667423975437 0.38268326645884004
vn -0.567206784167174 -0.7292667423975437 0.38268326645884004
vn -0.567206784167174 -0.7292667423975437 0.38268326645884004
vn -0.5672061320826558 -0.7292670450063442 0.38268365629531076
vn -0.5672061320826558 -0.7292670450063442 0.38268365629531076
vn -0.5672061320826558 -0.7292670450063442 0.38268365629531076
vn -0.2349440141116532 -0.3020717182663815 0.9238798554231492
vn -0.2349440141116532 -0.3020717182663815 0.9238798554231492
vn -0.2349440141116532 -0.3020717182663815 0.9238798554231492
vn -0.23494454331483122 -0.30207157910660837 0.9238797663455053
vn -0.23494454331483122 -0.30207157910660837 0.9238797663455053
vn -0.23494454331483122 -0.30207157910660837 0.9238797663455053
vn -0.15835561091156672 -0.3483823291042854 -0.9238794581874292
vn -0.15835561091156672 -0.3483823291042854 -0.9238794581874292
vn -0.15835561091156672 -0.3483823291042854 -0.9238794581874292
vn -0.15835575568695168 -0.34838217077298017 -0.9238794930770574
vn -0.15835575568695168 -0.34838217077298017 -0.9238794930770574
vn -0.15835575568695168 -0.34838217077298017 -0.9238794930770574
vn -0.3823044533345269 -0.8410686112035483 -0.3826838070897741
vn -0.3823044533345269 -0.8410686112035483 -0.3826838070897741
vn -0.3823044533345269 -0.8410686112035483 -0.3826838070897741
vn -0.3823041229215068 -0.8410688439296701 -0.3826836256857949
vn -0.3823041229215068 -0.8410688439296701 -0.3826836256857949
vn -0.3823041229215068 -0.8410688439296701 -0.3826836256857949
vn -0.41380304758868386 -0.9103664305137341 0
vn -0.41380304758868386 -0.9103664305137341 0
vn -0.41380304758868386 -0.9103664305137341 0
vn -0.41380304758868386 -0.9103664305137341 0
vn -0.41380304758868386 -0.9103664305137341 0
vn -0.41380304758868386 -0.9103664305137341 0
vn -0.38230415972337445 -0.8410689189333105 0.382683424076033
vn -0.38230415972337445 -0.8410689189333105 0.382683424076033
vn -0.38230415972337445 -0.8410689189333105 0.382683424076033
vn -0.3823045593800205 -0.8410688266221887 0.38268322769834473
vn -0.3823045593800205 -0.8410688266221887 0.38268322769834473
vn -0.3823045593800205 -0.8410688266221887 0.38268322769834473
vn -0.15835543029611343 -0.3483814906759155 0.9238798053048676
vn -0.15835543029611343 -0.3483814906759155 0.9238798053048676
vn -0.15835543029611343 -0.3483814906759155 0.9238798053048676
vn -0.15835521819096848 -0.3483814830003628 0.9238798445545603
vn -0.15835521819096848 -0.3483814830003628 0.9238798445545603
vn -0.15835521819096848 -0.3483814830003628 0.9238798445545603
vn -0.08605002688522348 -0.3728834125830651 -0.9238795124330119
vn -0.08605002688522348 -0.3728834125830651 -0.9238795124330119
vn -0.08605002688522348 -0.3728834125830651 -0.9238795124330119
vn -0.08604982716637281 -0.3728835678642796 -0.9238794683623196
vn -0.08604982716637281 -0.3728835678642796 -0.9238794683623196
vn -0.08604982716637281 -0.3728835678642796 -0.9238794683623196
vn -0.20774255985983917 -0.90022016841373 -0.38268352094653457
vn -0.20774255985983917 -0.90022016841373 -0.38268352094653457
vn -0.20774255985983917 -0.90022016841373 -0.38268352094653457
vn -0.20774281032522052 -0.9002200368355182 -0.3826836945024411
vn -0.20774281032522052 -0.9002200368355182 -0.3826836945024411
vn -0.20774281032522052 -0.9002200368355182 -0.3826836945024411
vn -0.22485921830268513 -0.9743912622475149 0
vn -0.22485921830268513 -0.9743912622475149 0
vn -0.22485921830268513 -0.9743912622475149 0
vn -0.22485921830268513 -0.9743912622475149 0
vn -0.22485921830268513 -0.9743912622475149 0
vn -0.22485921830268513 -0.9743912622475149 0
vn -0.20774285993638186 -0.900220236916084 0.38268319690339525
vn -0.20774285993638186 -0.900220236916084 0.38268319690339525
vn -0.20774285993638186 -0.900220236916084 0.38268319690339525
vn -0.2077425826670863 -0.9002202573109459 0.38268329944462287
vn -0.2077425826670863 -0.9002202573109459 0.38268329944462287
vn -0.2077425826670863 -0.9002202573109459 0.38268329944462287
vn -0.08604961561256792 -0.3728826610651989 0.9238798540556371
vn -0.08604961561256792 -0.3728826610651989 0.9238798540556371
vn -0.08604961561256792 -0.3728826610651989 0.9238798540556371
vn -0.08604985604805931 -0.37288269960748277 0.9238798161057229
vn -0.08604985604805931 -0.37288269960748277 0.9238798161057229
vn -0.08604985604805931 -0.37288269960748277 0.9238798161057229
vn -0.025455726403560287 -0.3818359090919204 -0.9238795075772673
vn -0.025455726403560287 -0.3818359090919204 -0.9238795075772673
vn -0.025455726403560287 -0.3818359090919204 -0.9238795075772673
vn -0.02545584872572068 -0.3818358104987006 -0.9238795449551059
vn -0.02545584872572068 -0.3818358104987006 -0.9238795449551059
vn -0.02545584872572068 -0.3818358104987006 -0.9238795449551059
vn -0.061455857756506777 -0.9218332283611236 -0.3826835202053006
vn -0.061455857756506777 -0.9218332283611236 -0.3826835202053006
vn -0.061455857756506777 -0.9218332283611236 -0.3826835202053006
vn -0.061455880023830234 -0.9218332270948514 -0.38268351967962905
vn -0.061455880023830234 -0.9218332270948514 -0.38268351967962905
vn -0.061455880023830234 -0.9218332270948514 -0.38268351967962905
vn -0.06651936360216294 -0.997785134317987 0
vn -0.06651936360216294 -0.997785134317987 0
vn -0.06651936360216294 -0.997785134317987 0
vn -0.06651936360216294 -0.997785134317987 0
vn -0.06651936360216294 -0.997785134317987 0
vn -0.06651936360216294 -0.997785134317987 0
vn -0.06145589314927404 -0.9218333792731694 0.3826831509944412
vn -0.06145589314927404 -0.9218333792731694 0.3826831509944412
vn -0.06145589314927404 -0.9218333792731694 0.3826831509944412
vn -0.06145585974828983 -0.9218333811725782 0.3826831517829479
vn -0.06145585974828983 -0.9218333811725782 0.3826831517829479
vn -0.06145585974828983 -0.9218333811725782 0.3826831517829479
vn -0.02545579555633781 -0.3818350185458291 0.923879873730725
vn -0.02545579555633781 -0.3818350185458291 0.923879873730725
vn -0.02545579555633781 -0.3818350185458291 0.923879873730725
vn -0.025455664143558175 -0.3818349733292432 0.9238798960393427
vn -0.025455664143558175 -0.3818349733292432 0.9238798960393427
vn -0.025455664143558175 -0.3818349733292432 0.9238798960393427
vn 0 -0.3826834159879129 -0.9238795392949354
vn 0 -0.3826834159879129 -0.9238795392949354
vn 0 -0.3826834159879129 -0.9238795392949354
vn 0 -0.38268346249921037 -0.9238795200293247
vn 0 -0.38268346249921037 -0.9238795200293247
vn 0 -0.38268346249921037 -0.9238795200293247
vn 0 -0.9238795200293247 -0.38268346249921037
vn 0 -0.9238795200293247 -0.38268346249921037
vn 0 -0.9238795200293247 -0.38268346249921037
vn 0 -0.9238795305660377 -0.3826834370613369
vn 0 -0.9238795305660377 -0.3826834370613369
vn 0 -0.9238795305660377 -0.3826834370613369
vn 0 -1 0
vn 0 -1 0
vn 0 -1 0
vn 0 -1 0
vn 0 -1 0
vn 0 -1 0
vn 0 -0.9238796831932059 0.3826830685865544
vn 0 -0.9238796831932059 0.3826830685865544
vn 0 -0.9238796831932059 0.3826830685865544
vn 0 -0.9238796726565017 0.3826830940244355
vn 0 -0.9238796726565017 0.3826830940244355
vn 0 -0.9238796726565017 0.3826830940244355
vn 0 -0.3826825983601677 0.9238798779669956
vn 0 -0.3826825983601677 0.9238798779669956
vn 0 -0.3826825983601677 0.9238798779669956
vn 0 -0.3826825518488899 0.9238798972325472
vn 0 -0.3826825518488899 0.9238798972325472
vn 0 -0.3826825518488899 0.9238798972325472
vn 0.025455721858252348 -0.38183583718701075 -0.9238795374205286
vn 0.025455721858252348 -0.38183583718701075 -0.9238795374205286
vn 0.025455721858252348 -0.38183583718701075 -0.9238795374205286
vn 0.025455853271032784 -0.38183588240361055 -0.9238795151118461
vn 0.025455853271032784 -0.38183588240361055 -0.9238795151118461
vn 0.025455853271032784 -0.38183588240361055 -0.9238795151118461
vn 0.061455857756506777 -0.9218332283611236 -0.3826835202053006
vn 0.061455857756506777 -0.9218332283611236 -0.3826835202053006
vn 0.061455857756506777 -0.9218332283611236 -0.3826835202053006
vn 0.061455880023830234 -0.9218332270948514 -0.38268351967962905
vn 0.061455880023830234 -0.9218332270948514 -0.38268351967962905
vn 0.061455880023830234 -0.9218332270948514 -0.38268351967962905
vn 0.06651936360216294 -0.997785134317987 0
vn 0.06651936360216294 -0.997785134317987 0
vn 0.06651936360216294 -0.997785134317987 0
vn 0.06651936360216294 -0.997785134317987 0
vn 0.06651936360216294 -0.997785134317987 0
vn 0.06651936360216294 -0.997785134317987 0
vn 0.06145589314927404 -0.9218333792731694 0.3826831509944412
vn 0.06145589314927404 -0.9218333792731694 0.3826831509944412
vn 0.06145589314927404 -0.9218333792731694 0.3826831509944412
vn 0.06145585974828983 -0.9218333811725782 0.3826831517829479
vn 0.06145585974828983 -0.9218333811725782 0.3826831517829479
vn 0.06145585974828983 -0.9218333811725782 0.3826831517829479
vn 0.02545579398457562 -0.38183499310672914 0.9238798842878868
vn 0.02545579398457562 -0.38183499310672914 0.9238798842878868
vn 0.02545579398457562 -0.38183499310672914 0.9238798842878868
vn 0.025455668688866118 -0.381835045234153 0.9238798661961604
vn 0.025455668688866118 -0.381835045234153 0.9238798661961604
vn 0.025455668688866118 -0.381835045234153 0.9238798661961604
vn 0.08605004998499567 -0.37288353503381977 -0.9238794608596197
vn 0.08605004998499567 -0.37288353503381977 -0.9238794608596197
vn 0.08605004998499567 -0.37288353503381977 -0.9238794608596197
vn 0.08604980954950708 -0.3728834964915508 -0.9238794988096279
vn 0.08604980954950708 -0.3728834964915508 -0.9238794988096279
vn 0.08604980954950708 -0.3728834964915508 -0.9238794988096279
vn 0.20774255916037043 -0.9002201057780453 -0.38268366866965353
vn 0.20774255916037043 -0.9002201057780453 -0.38268366866965353
vn 0.20774255916037043 -0.9002201057780453 -0.38268366866965353
vn 0.20774282528276244 -0.9002200966844798 -0.38268354559468815
vn 0.20774282528276244 -0.9002200966844798 -0.38268354559468815
vn 0.20774282528276244 -0.9002200966844798 -0.38268354559468815
vn 0.22485921830268513 -0.9743912622475149 0
vn 0.22485921830268513 -0.9743912622475149 0
vn 0.22485921830268513 -0.9743912622475149 0
vn 0.22485921830268513 -0.9743912622475149 0
vn 0.22485921830268513 -0.9743912622475149 0
vn 0.22485921830268513 -0.9743912622475149 0
vn 0.20774283620120765 -0.9002201986353097 0.3826832998395435
vn 0.20774283620120765 -0.9002201986353097 0.3826832998395435
vn 0.20774283620120765 -0.9002201986353097 0.3826832998395435
vn 0.20774260640225045 -0.900220295591726 0.38268319650847604
vn 0.20774260640225045 -0.900220295591726 0.38268319650847604
vn 0.20774260640225045 -0.900220295591726 0.38268319650847604
vn 0.08604963322943385 -0.37288273243792874 0.9238798236084085
vn 0.08604963322943385 -0.37288273243792874 0.9238798236084085
vn 0.08604963322943385 -0.37288273243792874 0.9238798236084085
vn 0.08604983199202634 -0.372882602815254 0.9238798574121343
vn 0.08604983199202634 -0.372882602815254 0.9238798574121343
vn 0.08604983199202634 -0.372882602815254 0.9238798574121343
vn 0.15835557642462023 -0.34838225919346794 -0.9238794904610025
vn 0.15835557642462023 -0.34838225919346794 -0.9238794904610025
vn 0.15835557642462023 -0.34838225919346794 -0.9238794904610025
vn 0.15835579017390355 -0.34838224068379525 -0.9238794608034842
vn 0.15835579017390355 -0.34838224068379525 -0.9238794608034842
vn 0.15835579017390355 -0.34838224068379525 -0.9238794608034842
vn 0.3823044901364168 -0.8410686862072199 -0.38268360548003016
vn 0.3823044901364168 -0.8410686862072199 -0.38268360548003016
vn 0.3823044901364168 -0.8410686862072199 -0.38268360548003016
vn 0.3823040948398758 -0.8410687881105454 -0.38268377641980295
vn 0.3823040948398758 -0.8410687881105454 -0.38268377641980295
vn 0.3823040948398758 -0.8410687881105454 -0.38268377641980295
vn 0.41380304758868386 -0.9103664305137341 0
vn 0.41380304758868386 -0.9103664305137341 0
vn 0.41380304758868386 -0.9103664305137341 0
vn 0.41380304758868386 -0.9103664305137341 0
vn 0.41380304758868386 -0.9103664305137341 0
vn 0.41380304758868386 -0.9103664305137341 0
vn 0.3823041878049817 -0.8410689747523831 0.3826832733420007
vn 0.3823041878049817 -0.8410689747523831 0.3826832733420007
vn 0.3823041878049817 -0.8410689747523831 0.3826832733420007
vn 0.3823045182180347 -0.8410687420263201 0.3826834547460079
vn 0.3823045182180347 -0.8410687420263201 0.3826834547460079
vn 0.3823045182180347 -0.8410687420263201 0.3826834547460079
vn 0.15835539745329735 -0.3483813945798714 0.9238798471706113
vn 0.15835539745329735 -0.3483813945798714 0.9238798471706113
vn 0.15835539745329735 -0.3483813945798714 0.9238798471706113
vn 0.15835525267791664 -0.34838155291118433 0.92387981228107
vn 0.15835525267791664 -0.34838155291118433 0.92387981228107
vn 0.15835525267791664 -0.34838155291118433 0.92387981228107
vn 0.23494505210926808 -0.3020722481720438 -0.9238794182000487
vn 0.23494505210926808 -0.3020722481720438 -0.9238794182000487
vn 0.23494505210926808 -0.3020722481720438 -0.9238794182000487
vn 0.23494453584396055 -0.3020724039662242 -0.9238794985489895
vn 0.23494453584396055 -0.3020724039662242 -0.9238794985489895
vn 0.23494453584396055 -0.3020724039662242 -0.9238794985489895
vn 0.5672060229090741 -0.7292669387001431 -0.3826840206940872
vn 0.5672060229090741 -0.7292669387001431 -0.3826840206940872
vn 0.5672060229090741 -0.7292669387001431 -0.3826840206940872
vn 0.567206699648865 -0.7292666081863516 -0.38268364749204586
vn 0.567206699648865 -0.7292666081863516 -0.38268364749204586
vn 0.567206699648865 -0.7292666081863516 -0.38268364749204586
vn 0.6139401596025387 -0.7893525704190804 0
vn 0.6139401596025387 -0.7893525704190804 0
vn 0.6139401596025387 -0.7893525704190804 0
vn 0.6139401596025387 -0.7893525704190804 0
vn 0.6139401596025387 -0.7893525704190804 0
vn 0.6139401596025387 -0.7893525704190804 0
vn 0.5672066749937071 -0.72926663609147 0.38268363085767654
vn 0.5672066749937071 -0.72926663609147 0.38268363085767654
vn 0.5672066749937071 -0.72926663609147 0.38268363085767654
vn 0.5672062606628508 -0.7292671762639743 0.38268321558285706
vn 0.5672062606628508 -0.7292671762639743 0.38268321558285706
vn 0.5672062606628508 -0.7292671762639743 0.38268321558285706
vn 0.23494411713961522 -0.3020718358297385 0.9238797907844604
vn 0.23494411713961522 -0.3020718358297385 0.9238797907844604
vn 0.23494411713961522 -0.3020718358297385 0.9238797907844604
vn 0.23494438934330156 -0.3020713939156365 0.9238798660507586
vn 0.23494438934330156 -0.3020713939156365 0.9238798660507586
vn 0.23494438934330156 -0.3020713939156365 0.9238798660507586
vn 0.30207205253256164 -0.23494491319070193 -0.923879517493801
vn 0.30207205253256164 -0.23494491319070193 -0.923879517493801
vn 0.30207205253256164 -0.23494491319070193 -0.923879517493801
vn 0.3020710926162757 -0.23494551928343754 -0.9238796772168145
vn 0.3020710926162757 -0.23494551928343754 -0.9238796772168145
vn 0.3020710926162757 -0.23494551928343754 -0.9238796772168145
vn 0.7292646791097013 -0.5672090669351201 -0.3826838149041775
vn 0.7292646791097013 -0.5672090669351201 -0.3826838149041775
vn 0.7292646791097013 -0.5672090669351201 -0.3826838149041775
vn 0.7292665870873094 -0.5672074580989035 -0.3826825635366841
vn 0.7292665870873094 -0.5672074580989035 -0.3826825635366841
vn 0.7292665870873094 -0.5672074580989035 -0.3826825635366841
vn 0.7893521820720352 -0.6139406589061491 0
vn 0.7893521820720352 -0.6139406589061491 0
vn 0.7893521820720352 -0.6139406589061491 0
vn 0.7893521820720352 -0.6139406589061491 0
vn 0.7893521820720352 -0.6139406589061491 0
vn 0.7893521820720352 -0.6139406589061491 0
vn 0.7292663495239637 -0.5672072203455057 0.3826833686481773
vn 0.7292663495239637 -0.5672072203455057 0.3826833686481773
vn 0.7292663495239637 -0.5672072203455057 0.3826833686481773
vn 0.7292652400653229 -0.5672095032340446 0.38268209923310387
vn 0.7292652400653229 -0.5672095032340446 0.38268209923310387
vn 0.7292652400653229 -0.5672095032340446 0.38268209923310387
vn 0.3020706462731996 -0.23494514729244614 0.9238799177511232
vn 0.3020706462731996 -0.23494514729244614 0.9238799177511232
vn 0.3020706462731996 -0.23494514729244614 0.9238799177511232
vn 0.30207099645070246 -0.2349440835152784 0.9238800737782179
vn 0.30207099645070246 -0.2349440835152784 0.9238800737782179
vn 0.30207099645070246 -0.2349440835152784 0.9238800737782179
vn 0.3483816997335352 -0.1583553112874427 -0.9238797468706792
vn 0.3483816997335352 -0.1583553112874427 -0.9238797468706792
vn 0.3483816997335352 -0.1583553112874427 -0.9238797468706792
vn 0.34838261999686243 -0.1583543857751534 -0.9238795584868711
vn 0.34838261999686243 -0.1583543857751534 -0.9238795584868711
vn 0.34838261999686243 -0.1583543857751534 -0.9238795584868711
vn 0.8410706054694009 -0.38230157492402084 -0.3826822995984382
vn 0.8410706054694009 -0.38230157492402084 -0.3826822995984382
vn 0.8410706054694009 -0.38230157492402084 -0.3826822995984382
vn 0.8410691803313525 -0.38230351451747846 -0.3826834941362522
vn 0.8410691803313525 -0.38230351451747846 -0.3826834941362522
vn 0.8410691803313525 -0.38230351451747846 -0.3826834941362522
vn 0.910366761196826 -0.413802320085329 0
vn 0.910366761196826 -0.413802320085329 0
vn 0.910366761196826 -0.413802320085329 0
vn 0.910366761196826 -0.413802320085329 0
vn 0.910366761196826 -0.413802320085329 0
vn 0.910366761196826 -0.413802320085329 0
vn 0.8410697480944509 -0.3823037400800122 0.38268202095365184
vn 0.8410697480944509 -0.3823037400800122 0.38268202095365184
vn 0.8410697480944509 -0.3823037400800122 0.38268202095365184
vn 0.8410702513804988 -0.3823014275210167 0.38268322508066316
vn 0.8410702513804988 -0.3823014275210167 0.38268322508066316
vn 0.8410702513804988 -0.3823014275210167 0.38268322508066316
vn 0.3483815247957735 -0.15835389743900485 0.9238800551732076
vn 0.3483815247957735 -0.15835389743900485 0.9238800551732076
vn 0.3483815247957735 -0.15835389743900485 0.9238800551732076
vn 0.34838143145198025 -0.15835520695174465 0.9238798659191244
vn 0.34838143145198025 -0.15835520695174465 0.9238798659191244
vn 0.34838143145198025 -0.15835520695174465 0.9238798659191244
vn 0.3728834125830651 -0.08605002688522348 -0.9238795124330119
vn 0.3728834125830651 -0.08605002688522348 -0.9238795124330119
vn 0.3728834125830651 -0.08605002688522348 -0.9238795124330119
vn 0.3728835214329046 -0.08604983077948958 -0.9238794867657891
vn 0.3728835214329046 -0.08604983077948958 -0.9238794867657891
vn 0.3728835214329046 -0.08604983077948958 -0.9238794867657891
vn 0.9002201778005874 -0.20774262163067744 -0.3826834653322406
vn 0.9002201778005874 -0.20774262163067744 -0.3826834653322406
vn 0.9002201778005874 -0.20774262163067744 -0.3826834653322406
vn 0.9002205072667044 -0.20774192967841748 -0.3826830659304967
vn 0.9002205072667044 -0.20774192967841748 -0.3826830659304967
vn 0.9002205072667044 -0.20774192967841748 -0.3826830659304967
vn 0.9743914930472685 -0.2248582181667262 0
vn 0.9743914930472685 -0.2248582181667262 0
vn 0.9743914930472685 -0.2248582181667262 0
vn 0.9743914930472685 -0.2248582181667262 0
vn 0.9743914930472685 -0.2248582181667262 0
vn 0.9743914930472685 -0.2248582181667262 0
vn 0.9002205072667044 -0.20774192967841748 0.3826830659304967
vn 0.9002205072667044 -0.20774192967841748 0.3826830659304967
vn 0.9002205072667044 -0.20774192967841748 0.3826830659304967
vn 0.9002204911329428 -0.2077426710133057 0.38268270144418687
vn 0.9002204911329428 -0.2077426710133057 0.38268270144418687
vn 0.9002204911329428 -0.2077426710133057 0.38268270144418687
vn 0.37288266058707414 -0.0860496304033928 0.9238798528710022
vn 0.37288266058707414 -0.0860496304033928 0.9238798528710022
vn 0.37288266058707414 -0.0860496304033928 0.9238798528710022
vn 0.37288269960748277 -0.08604985604805931 0.9238798161057229
vn 0.37288269960748277 -0.08604985604805931 0.9238798161057229
vn 0.37288269960748277 -0.08604985604805931 0.9238798161057229
vn 0.381836031874987 -0.02545573409239267 -0.9238794566196291
vn 0.381836031874987 -0.02545573409239267 -0.9238794566196291
vn 0.381836031874987 -0.02545573409239267 -0.9238794566196291
vn 0.3818354534356311 -0.02545682851470365 -0.9238796655309495
vn 0.3818354534356311 -0.02545682851470365 -0.9238796655309495
vn 0.3818354534356311 -0.02545682851470365 -0.9238796655309495
vn 0.9218332383661452 -0.06145827986226131 -0.3826831071261935
vn 0.9218332383661452 -0.06145827986226131 -0.3826831071261935
vn 0.9218332383661452 -0.06145827986226131 -0.3826831071261935
vn 0.9218335378026636 -0.06145712511646378 -0.3826825712710792
vn 0.9218335378026636 -0.06145712511646378 -0.3826825712710792
vn 0.9218335378026636 -0.06145712511646378 -0.3826825712710792
vn 0.99778504576681 -0.06652069184941295 0
vn 0.99778504576681 -0.06652069184941295 0
vn 0.99778504576681 -0.06652069184941295 0
vn 0.99778504576681 -0.06652069184941295 0
vn 0.99778504576681 -0.06652069184941295 0
vn 0.99778504576681 -0.06652069184941295 0
vn 0.9218334657685372 -0.06145712428781072 0.38268274492514054
vn 0.9218334657685372 -0.06145712428781072 0.38268274492514054
vn 0.9218334657685372 -0.06145712428781072 0.38268274492514054
vn 0.9218336147563452 -0.06145830694164178 0.38268219610156545
vn 0.9218336147563452 -0.06145830694164178 0.38268219610156545
vn 0.9218336147563452 -0.06145830694164178 0.38268219610156545
vn 0.38183498332997184 -0.025456799161167807 0.9238798606322514
vn 0.38183498332997184 -0.025456799161167807 0.9238798606322514
vn 0.38183498332997184 -0.025456799161167807 0.9238798606322514
vn 0.3818346514457003 -0.025455644050595062 0.9238800296257681
vn 0.3818346514457003 -0.025455644050595062 0.9238800296257681
vn 0.3818346514457003 -0.025455644050595062 0.9238800296257681
vn 0.3826830940244355 0 -0.9238796726565017
vn 0.3826830940244355 0 -0.9238796726565017
vn 0.3826830940244355 0 -0.9238796726565017
vn 0.3826830685865544 0 -0.9238796831932059
vn 0.3826830685865544 0 -0.9238796831932059
vn 0.3826830685865544 0 -0.9238796831932059
vn 0.9238798972325472 0 -0.3826825518488899
vn 0.9238798972325472 0 -0.3826825518488899
vn 0.9238798972325472 0 -0.3826825518488899
vn 0.9238798779669956 0 -0.3826825983601677
vn 0.9238798779669956 0 -0.3826825983601677
vn 0.9238798779669956 0 -0.3826825983601677
vn 1 0 0
vn 1 0 0
vn 1 0 0
vn 1 0 0
vn 1 0 0
vn 1 0 0
vn 0.9238800411305023 0 0.3826822044473736
vn 0.9238800411305023 0 0.3826822044473736
vn 0.9238800411305023 0 0.3826822044473736
vn 0.9238800411305023 0 0.3826822044473736
vn 0.9238800411305023 0 0.3826822044473736
vn 0.9238800411305023 0 0.3826822044473736
vn 0.3826822044473736 0 0.9238800411305023
vn 0.3826822044473736 0 0.9238800411305023
vn 0.3826822044473736 0 0.9238800411305023
vn 0.3826822298852745 0 0.9238800305938178
vn 0.3826822298852745 0 0.9238800305938178
vn 0.3826822298852745 0 0.9238800305938178
vn 0.3826735897240143 0.0026948843035039635 -0.9238796790309481
vn 0.3826735897240143 0.0026948843035039635 -0.9238796790309481
vn 0.3826735897240143 0.0026948843035039635 -0.9238796790309481
vn 0.3826739554790135 0.0026975214006518815 -0.9238795198381328
vn 0.3826739554790135 0.0026975214006518815 -0.9238795198381328
vn 0.3826739554790135 0.0026975214006518815 -0.9238795198381328
vn 0.9238569256432503 0.006512395188024769 -0.38268259648162345
vn 0.9238569256432503 0.006512395188024769 -0.38268259648162345
vn 0.9238569256432503 0.006512395188024769 -0.38268259648162345
vn 0.9238565026451719 0.006504238624222532 -0.3826837563839766
vn 0.9238565026451719 0.006504238624222532 -0.3826837563839766
vn 0.9238565026451719 0.006504238624222532 -0.3826837563839766
vn 0.9999752179182191 0.007040138451082961 0
vn 0.9999752179182191 0.007040138451082961 0
vn 0.9999752179182191 0.007040138451082961 0
vn 0.9999752179182191 0.007040138451082961 0
vn 0.9999752179182191 0.007040138451082961 0
vn 0.9999752179182191 0.007040138451082961 0
vn 0.9238571465602926 0.006504242732549209 0.38268220180190005
vn 0.9238571465602926 0.006504242732549209 0.38268220180190005
vn 0.9238571465602926 0.006504242732549209 0.38268220180190005
vn 0.9238565782484662 0.006512392931852766 0.3826834351854504
vn 0.9238565782484662 0.006512392931852766 0.3826834351854504
vn 0.9238565782484662 0.006512392931852766 0.3826834351854504
vn 0.3826727228695513 0.002697512943222524 0.923880030412783
vn 0.3826727228695513 0.002697512943222524 0.923880030412783
vn 0.3826727228695513 0.002697512943222524 0.923880030412783
vn 0.38267311949909816 0.0026948810904400366 0.9238798738086773
vn 0.38267311949909816 0.0026948810904400366 0.9238798738086773
vn 0.38267311949909816 0.0026948810904400366 0.9238798738086773
vn 0.3825930460772693 0.008317240739498855 -0.9238795292676409
vn 0.3825930460772693 0.008317240739498855 -0.9238795292676409
vn 0.3825930460772693 0.008317240739498855 -0.9238795292676409
vn 0.3825928822049721 0.008315523057632942 -0.9238796125915814
vn 0.3825928822049721 0.008315523057632942 -0.9238796125915814
vn 0.3825928822049721 0.008315523057632942 -0.9238796125915814
vn 0.923661254649199 0.020075455800349706 -0.38268376335334103
vn 0.923661254649199 0.020075455800349706 -0.38268376335334103
vn 0.923661254649199 0.020075455800349706 -0.38268376335334103
vn 0.9236616607331466 0.020085830491649852 -0.3826822388158957
vn 0.9236616607331466 0.020085830491649852 -0.3826822388158957
vn 0.9236616607331466 0.020085830491649852 -0.3826822388158957
vn 0.9997636422690065 0.021740735889339023 0
vn 0.9997636422690065 0.021740735889339023 0
vn 0.9997636422690065 0.021740735889339023 0
vn 0.9997636422690065 0.021740735889339023 0
vn 0.9997636422690065 0.021740735889339023 0
vn 0.9997636422690065 0.021740735889339023 0
vn 0.9236611800139312 0.02008582295665055 0.38268339949810504
vn 0.9236611800139312 0.02008582295665055 0.38268339949810504
vn 0.9236611800139312 0.02008582295665055 0.38268339949810504
vn 0.9236620404995383 0.02007547337017787 0.382681865665454
vn 0.9236620404995383 0.02007547337017787 0.382681865665454
vn 0.9236620404995383 0.02007547337017787 0.382681865665454
vn 0.3825922637368588 0.008315509248210326 0.9238798688328742
vn 0.3825922637368588 0.008315509248210326 0.9238798688328742
vn 0.3825922637368588 0.008315509248210326 0.9238798688328742
vn 0.3825919617688356 0.008317216276746078 0.9238799785163005
vn 0.3825919617688356 0.008317216276746078 0.9238799785163005
vn 0.3825919617688356 0.008317216276746078 0.9238799785163005
vn 0.3824171088954634 0.014269294079414756 -0.923879614490173
vn 0.3824171088954634 0.014269294079414756 -0.923879614490173
vn 0.3824171088954634 0.014269294079414756 -0.923879614490173
vn 0.3824175676836136 0.014274454976465586 -0.9238793448616945
vn 0.3824175676836136 0.014274454976465586 -0.9238793448616945
vn 0.3824175676836136 0.014274454976465586 -0.9238793448616945
vn 0.9232370925317603 0.03446156185878926 -0.38268220722651125
vn 0.9232370925317603 0.03446156185878926 -0.38268220722651125
vn 0.9232370925317603 0.03446156185878926 -0.38268220722651125
vn 0.9232368927133302 0.03445244901482314 -0.3826835098223022
vn 0.9232368927133302 0.03445244901482314 -0.3826835098223022
vn 0.9232368927133302 0.03445244901482314 -0.3826835098223022
vn 0.9993044465198664 0.03729106013005558 0
vn 0.9993044465198664 0.03729106013005558 0
vn 0.9993044465198664 0.03729106013005558 0
vn 0.9993044465198664 0.03729106013005558 0
vn 0.9993044465198664 0.03729106013005558 0
vn 0.9993044465198664 0.03729106013005558 0
vn 0.9232375679132713 0.03445247209606968 0.38268187879759524
vn 0.9232375679132713 0.03445247209606968 0.38268187879759524
vn 0.9232375679132713 0.03445247209606968 0.38268187879759524
vn 0.9232366839393251 0.03446154728013525 0.3826831942844863
vn 0.9232366839393251 0.03446154728013525 0.3826831942844863
vn 0.9232366839393251 0.03446154728013525 0.3826831942844863
vn 0.3824160641397282 0.014274399527217053 0.9238799680727018
vn 0.3824160641397282 0.014274399527217053 0.9238799680727018
vn 0.3824160641397282 0.014274399527217053 0.9238799680727018
vn 0.3824169606423797 0.014269289451105165 0.9238796759273391
vn 0.3824169606423797 0.014269289451105165 0.9238796759273391
vn 0.3824169606423797 0.014269289451105165 0.9238796759273391
vn 0.382130355033572 0.0205762516917561 -0.9238793263344699
vn 0.382130355033572 0.0205762516917561 -0.9238793263344699
vn 0.382130355033572 0.0205762516917561 -0.9238793263344699
vn 0.38213046853427 0.020577439751959137 -0.9238792529281268
vn 0.38213046853427 0.020577439751959137 -0.9238792529281268
vn 0.38213046853427 0.020577439751959137 -0.9238792529281268
vn 0.9225429027177211 0.04967824597173165 -0.38268350437709414
vn 0.9225429027177211 0.04967824597173165 -0.38268350437709414
vn 0.9225429027177211 0.04967824597173165 -0.38268350437709414
vn 0.9225428252404698 0.049660493485123525 -0.3826859952809172
vn 0.9225428252404698 0.049660493485123525 -0.3826859952809172
vn 0.9225428252404698 0.049660493485123525 -0.3826859952809172
vn 0.998554305898117 0.05375219225603647 0
vn 0.998554305898117 0.05375219225603647 0
vn 0.998554305898117 0.05375219225603647 0
vn 0.998554305898117 0.05375219225603647 0
vn 0.998554305898117 0.05375219225603647 0
vn 0.998554305898117 0.05375219225603647 0
vn 0.9225439781873745 0.04966055843311957 0.382683207426618
vn 0.9225439781873745 0.04966055843311957 0.382683207426618
vn 0.9225439781873745 0.04966055843311957 0.382683207426618
vn 0.9225419841590191 0.04967820315919772 0.3826857243154145
vn 0.9225419841590191 0.04967820315919772 0.3826857243154145
vn 0.9225419841590191 0.04967820315919772 0.3826857243154145
vn 0.38212945632715656 0.02057738765561313 0.9238796727520214
vn 0.38212945632715656 0.02057738765561313 0.9238796727520214
vn 0.38212945632715656 0.02057738765561313 0.9238796727520214
vn 0.3821296647651823 0.020576212316940096 0.9238796127164717
vn 0.3821296647651823 0.020576212316940096 0.9238796127164717
vn 0.3821296647651823 0.020576212316940096 0.9238796127164717
vn 0.38171159622024803 0.027265112419179043 -0.923879251285448
vn 0.38171159622024803 0.027265112419179043 -0.923879251285448
vn 0.38171159622024803 0.027265112419179043 -0.923879251285448
vn 0.3817114503356341 0.02726285884192229 -0.923879378063193
vn 0.3817114503356341 0.02726285884192229 -0.923879378063193
vn 0.3817114503356341 0.02726285884192229 -0.923879378063193
vn 0.9215309891130841 0.06581822231414655 -0.38268603020709635
vn 0.9215309891130841 0.06581822231414655 -0.38268603020709635
vn 0.9215309891130841 0.06581822231414655 -0.38268603020709635
vn 0.9215307935848245 0.06583052947964976 -0.3826843841383558
vn 0.9215307935848245 0.06583052947964976 -0.3826843841383558
vn 0.9215307935848245 0.06583052947964976 -0.3826843841383558
vn 0.9974581692612244 0.07125447757191546 0
vn 0.9974581692612244 0.07125447757191546 0
vn 0.9974581692612244 0.07125447757191546 0
vn 0.9974581692612244 0.07125447757191546 0
vn 0.9974581692612244 0.07125447757191546 0
vn 0.9974581692612244 0.07125447757191546 0
vn 0.9215302825280193 0.06583048978223009 0.38268562162545505
vn 0.9215302825280193 0.06583048978223009 0.38268562162545505
vn 0.9215302825280193 0.06583048978223009 0.38268562162545505
vn 0.9215318454938268 0.06581827922694669 0.38268395819572204
vn 0.9215318454938268 0.06581827922694669 0.38268395819572204
vn 0.9215318454938268 0.06581827922694669 0.38268395819572204
vn 0.3817108829421246 0.027262817781636903 0.923879613699831
vn 0.3817108829421246 0.027262817781636903 0.923879613699831
vn 0.3817108829421246 0.027262817781636903 0.923879613699831
vn 0.3817104359732146 0.027265030608759573 0.9238797330686725
vn 0.3817104359732146 0.027265030608759573 0.9238797330686725
vn 0.3817104359732146 0.027265030608759573 0.9238797330686725
vn 0.38113767185424813 0.03436487565558187 -0.9238793917036464
vn 0.38113767185424813 0.03436487565558187 -0.9238793917036464
vn 0.38113767185424813 0.03436487565558187 -0.9238793917036464
vn 0.3811374654321556 0.034357406646270953 -0.9238797546501899
vn 0.3811374654321556 0.034357406646270953 -0.9238797546501899
vn 0.3811374654321556 0.034357406646270953 -0.9238797546501899
vn 0.9201481470496629 0.08294619735394289 -0.3826843553447056
vn 0.9201481470496629 0.08294619735394289 -0.3826843553447056
vn 0.9201481470496629 0.08294619735394289 -0.3826843553447056
vn 0.9201477769730814 0.0829572007393073 -0.38268286005123714
vn 0.9201477769730814 0.0829572007393073 -0.38268286005123714
vn 0.9201477769730814 0.0829572007393073 -0.38268286005123714
vn 0.9959605211975592 0.08979220576356478 0
vn 0.9959605211975592 0.08979220576356478 0
vn 0.9959605211975592 0.08979220576356478 0
vn 0.9959605211975592 0.08979220576356478 0
vn 0.9959605211975592 0.08979220576356478 0
vn 0.9959605211975592 0.08979220576356478 0
vn 0.9201473184204654 0.08295716513487274 0.3826839703416018
vn 0.9201473184204654 0.08295716513487274 0.3826839703416018
vn 0.9201473184204654 0.08295716513487274 0.3826839703416018
vn 0.9201489213020357 0.08294627180494031 0.3826824775454984
vn 0.9201489213020357 0.08294627180494031 0.3826824775454984
vn 0.9201489213020357 0.08294627180494031 0.3826824775454984
vn 0.3811374654321556 0.034357406646270953 0.9238797546501899
vn 0.3811374654321556 0.034357406646270953 0.9238797546501899
vn 0.3811374654321556 0.034357406646270953 0.9238797546501899
vn 0.38113584734461153 0.03436470742532431 0.9238801506431864
vn 0.38113584734461153 0.03436470742532431 0.9238801506431864
vn 0.38113584734461153 0.03436470742532431 0.9238801506431864
vn 0.3803813701896383 0.04190642327606565 -0.9238797892046673
vn 0.3803813701896383 0.04190642327606565 -0.9238797892046673
vn 0.3803813701896383 0.04190642327606565 -0.9238797892046673
vn 0.3803814084910442 0.04190693457718045 -0.9238797502428081
vn 0.3803814084910442 0.04190693457718045 -0.9238797502428081
vn 0.3803814084910442 0.04190693457718045 -0.9238797502428081
vn 0.9183234426538508 0.10117245304808571 -0.3826828836211684
vn 0.9183234426538508 0.10117245304808571 -0.3826828836211684
vn 0.9183234426538508 0.10117245304808571 -0.3826828836211684
vn 0.9183234391927187 0.10117248991967219 -0.38268288217884877
vn 0.9183234391927187 0.10117248991967219 -0.38268288217884877
vn 0.9183234391927187 0.10117248991967219 -0.38268288217884877
vn 0.9939858824160509 0.10950828990348141 0
vn 0.9939858824160509 0.10950828990348141 0
vn 0.9939858824160509 0.10950828990348141 0
vn 0.9939858824160509 0.10950828990348141 0
vn 0.9939858824160509 0.10950828990348141 0
vn 0.9939858824160509 0.10950828990348141 0
vn 0.9183235814738996 0.10117251481326432 0.3826825341654748
vn 0.9183235814738996 0.10117251481326432 0.3826825341654748
vn 0.9183235814738996 0.10117251481326432 0.3826825341654748
vn 0.9183235961005822 0.10117247172121423 0.3826825104583627
vn 0.9183235961005822 0.10117247172121423 0.3826825104583627
vn 0.9183235961005822 0.10117247172121423 0.3826825104583627
vn 0.38038044778039704 0.04190683321914397 0.9238801503852799
vn 0.38038044778039704 0.04190683321914397 0.9238801503852799
vn 0.38038044778039704 0.04190683321914397 0.9238801503852799
vn 0.3803805786452911 0.041906335314341264 0.9238801190901316
vn 0.3803805786452911 0.041906335314341264 0.9238801190901316
vn 0.3803805786452911 0.041906335314341264 0.9238801190901316
vn 0.37941259703994573 0.04992271288178576 -0.9238797562161033
vn 0.37941259703994573 0.04992271288178576 -0.9238797562161033
vn 0.37941259703994573 0.04992271288178576 -0.9238797562161033
vn 0.37941248069890665 0.04993008560885236 -0.9238794055724991
vn 0.37941248069890665 0.04993008560885236 -0.9238794055724991
vn 0.37941248069890665 0.04993008560885236 -0.9238794055724991
vn 0.9159822657476762 0.12054183588738701 -0.38268283817889165
vn 0.9159822657476762 0.12054183588738701 -0.38268283817889165
vn 0.9159822657476762 0.12054183588738701 -0.38268283817889165
vn 0.9159827386265408 0.12053493612873203 -0.38268387960647726
vn 0.9159827386265408 0.12053493612873203 -0.38268387960647726
vn 0.9159827386265408 0.12053493612873203 -0.38268387960647726
vn 0.991452770058387 0.13046610572693332 0
vn 0.991452770058387 0.13046610572693332 0
vn 0.991452770058387 0.13046610572693332 0
vn 0.991452770058387 0.13046610572693332 0
vn 0.991452770058387 0.13046610572693332 0
vn 0.991452770058387 0.13046610572693332 0
vn 0.9159833060722974 0.12053501432152963 0.38268249675073
vn 0.9159833060722974 0.12053501432152963 0.38268249675073
vn 0.9159833060722974 0.12053501432152963 0.38268249675073
vn 0.9159819623654737 0.12054178302808942 0.3826835809980685
vn 0.9159819623654737 0.12054178302808942 0.3826835809980685
vn 0.9159819623654737 0.12054178302808942 0.3826835809980685
vn 0.3794108308323262 0.049929871854089675 0.9238800946788269
vn 0.3794108308323262 0.049929871854089675 0.9238800946788269
vn 0.3794108308323262 0.049929871854089675 0.9238800946788269
vn 0.3794128214660374 0.0499227408429913 0.9238796625393939
vn 0.3794128214660374 0.0499227408429913 0.9238796625393939
vn 0.3794128214660374 0.0499227408429913 0.9238796625393939
vn 0.3748613525645214 0.07698045526584558 -0.9238793080595324
vn 0.3748613525645214 0.07698045526584558 -0.9238793080595324
vn 0.3748613525645214 0.07698045526584558 -0.9238793080595324
vn 0.37486171474512364 0.07697498002407989 -0.923879617303379
vn 0.37486171474512364 0.07697498002407989 -0.923879617303379
vn 0.37486171474512364 0.07697498002407989 -0.923879617303379
vn 0.9049965144561993 0.1858341098110634 -0.3826839328386544
vn 0.9049965144561993 0.1858341098110634 -0.3826839328386544
vn 0.9049965144561993 0.1858341098110634 -0.3826839328386544
vn 0.9049958151721449 0.185839894741375 -0.38268277730180067
vn 0.9049958151721449 0.185839894741375 -0.38268277730180067
vn 0.9049958151721449 0.185839894741375 -0.38268277730180067
vn 0.9795601272046975 0.20115157764908706 0
vn 0.9795601272046975 0.20115157764908706 0
vn 0.9795601272046975 0.20115157764908706 0
vn 0.9795601272046975 0.20115157764908706 0
vn 0.9795601272046975 0.20115157764908706 0
vn 0.9795601272046975 0.20115157764908706 0
vn 0.9049955285598196 0.18583980767762243 0.3826834973827288
vn 0.9049955285598196 0.18583980767762243 0.3826834973827288
vn 0.9049955285598196 0.18583980767762243 0.3826834973827288
vn 0.9049971885573344 0.1858342477100892 0.3826822717102866
vn 0.9049971885573344 0.1858342477100892 0.3826822717102866
vn 0.9049971885573344 0.1858342477100892 0.3826822717102866
vn 0.37486147004892323 0.07697492658095437 0.923879721040903
vn 0.37486147004892323 0.07697492658095437 0.923879721040903
vn 0.37486147004892323 0.07697492658095437 0.923879721040903
vn 0.37485950707694515 0.07698007574960541 0.9238800884809751
vn 0.37485950707694515 0.07698007574960541 0.9238800884809751
vn 0.37485950707694515 0.07698007574960541 0.9238800884809751
vn 0.36336813030123477 0.12004125334027538 -0.9238796996242966
vn 0.36336813030123477 0.12004125334027538 -0.9238796996242966
vn 0.36336813030123477 0.12004125334027538 -0.9238796996242966
vn 0.36336776729036874 0.12004337497744101 -0.9238795667284984
vn 0.36336776729036874 0.12004337497744101 -0.9238795667284984
vn 0.36336776729036874 0.12004337497744101 -0.9238795667284984
vn 0.8772477641558607 0.28981048311307656 -0.3826829551486566
vn 0.8772477641558607 0.28981048311307656 -0.3826829551486566
vn 0.8772477641558607 0.28981048311307656 -0.3826829551486566
vn 0.8772469489358355 0.2898140758606211 -0.3826821030775044
vn 0.8772469489358355 0.2898140758606211 -0.3826821030775044
vn 0.8772469489358355 0.2898140758606211 -0.3826821030775044
vn 0.9495246924964532 0.3136922988208604 0
vn 0.9495246924964532 0.3136922988208604 0
vn 0.9495246924964532 0.3136922988208604 0
vn 0.9495246924964532 0.3136922988208604 0
vn 0.9495246924964532 0.3136922988208604 0
vn 0.9495246924964532 0.3136922988208604 0
vn 0.8772467828163015 0.28981402044979643 0.38268252584769763
vn 0.8772467828163015 0.28981402044979643 0.38268252584769763
vn 0.8772467828163015 0.28981402044979643 0.38268252584769763
vn 0.877248248779409 0.28981066449934906 0.3826817068477483
vn 0.877248248779409 0.28981066449934906 0.3826817068477483
vn 0.877248248779409 0.28981066449934906 0.3826817068477483
vn 0.36336671647989904 0.12004303714787455 0.9238800239137822
vn 0.36336671647989904 0.12004303714787455 0.9238800239137822
vn 0.36336671647989904 0.12004303714787455 0.9238800239137822
vn 0.36336771397898954 0.12004111953053831 0.9238798807526539
vn 0.36336771397898954 0.12004111953053831 0.9238798807526539
vn 0.36336771397898954 0.12004111953053831 0.9238798807526539
vn 0.3482756094748748 0.15858979869754886 -0.923879524393725
vn 0.3482756094748748 0.15858979869754886 -0.923879524393725
vn 0.3482756094748748 0.15858979869754886 -0.923879524393725
vn 0.34827487612469943 0.15859238326007652 -0.9238793571848082
vn 0.34827487612469943 0.15859238326007652 -0.9238793571848082
vn 0.34827487612469943 0.15859238326007652 -0.9238793571848082
vn 0.8408096268731898 0.38287570325988673 -0.38268180935421325
vn 0.8408096268731898 0.38287570325988673 -0.38268180935421325
vn 0.8408096268731898 0.38287570325988673 -0.38268180935421325
vn 0.8408150273938538 0.3828601628870729 -0.38268549147146463
vn 0.8408150273938538 0.3828601628870729 -0.38268549147146463
vn 0.8408150273938538 0.3828601628870729 -0.38268549147146463
vn 0.9100924723982651 0.41440522641976063 0
vn 0.9100924723982651 0.41440522641976063 0
vn 0.9100924723982651 0.41440522641976063 0
vn 0.9100924723982651 0.41440522641976063 0
vn 0.9100924723982651 0.41440522641976063 0
vn 0.9100924723982651 0.41440522641976063 0
vn 0.8408164341843688 0.38286080773696635 0.38268175538491583
vn 0.8408164341843688 0.38286080773696635 0.38268175538491583
vn 0.8408164341843688 0.38286080773696635 0.38268175538491583
vn 0.8408082567181858 0.382875107555794 0.3826854157773256
vn 0.8408082567181858 0.382875107555794 0.3826854157773256
vn 0.8408082567181858 0.382875107555794 0.3826854157773256
vn 0.34827385165119495 0.15859191489625996 0.9238798237788175
vn 0.34827385165119495 0.15859191489625996 0.9238798237788175
vn 0.34827385165119495 0.15859191489625996 0.9238798237788175
vn 0.34827529829496584 0.15858964369494616 0.9238796683065725
vn 0.34827529829496584 0.15858964369494616 0.9238796683065725
vn 0.34827529829496584 0.15858964369494616 0.9238796683065725
vn 0.330982261574611 0.19208791487417787 -0.9238793078547903
vn 0.330982261574611 0.19208791487417787 -0.9238793078547903
vn 0.330982261574611 0.19208791487417787 -0.9238793078547903
vn 0.33098258831396704 0.19208707977879558 -0.9238793644275434
vn 0.33098258831396704 0.19208707977879558 -0.9238793644275434
vn 0.33098258831396704 0.19208707977879558 -0.9238793644275434
vn 0.7990609834346706 0.4637382528381327 -0.382685742623178
vn 0.7990609834346706 0.4637382528381327 -0.382685742623178
vn 0.7990609834346706 0.4637382528381327 -0.382685742623178
vn 0.7990604609924189 0.463739393451074 -0.38268545130460985
vn 0.7990604609924189 0.463739393451074 -0.38268545130460985
vn 0.7990604609924189 0.463739393451074 -0.38268545130460985
vn 0.8648975973595806 0.5019483500138483 0
vn 0.8648975973595806 0.5019483500138483 0
vn 0.8648975973595806 0.5019483500138483 0
vn 0.8648975973595806 0.5019483500138483 0
vn 0.8648975973595806 0.5019483500138483 0
vn 0.8648975973595806 0.5019483500138483 0
vn 0.7990604662452171 0.463739456104211 0.3826853644133087
vn 0.7990604662452171 0.463739456104211 0.3826853644133087
vn 0.7990604662452171 0.463739456104211 0.3826853644133087
vn 0.7990612259405888 0.4637383744195263 0.3826850889296035
vn 0.7990612259405888 0.4637383744195263 0.3826850889296035
vn 0.7990612259405888 0.4637383744195263 0.3826850889296035
vn 0.3309819370415397 0.1920867097909417 0.9238796746730177
vn 0.3309819370415397 0.1920867097909417 0.9238796746730177
vn 0.3309819370415397 0.1920867097909417 0.9238796746730177
vn 0.33098137102320485 0.19208739537538658 0.9238797349079044
vn 0.33098137102320485 0.19208739537538658 0.9238797349079044
vn 0.33098137102320485 0.19208739537538658 0.9238797349079044
vn 0.31271773321955537 0.22057768522795485 -0.9238793774673728
vn 0.31271773321955537 0.22057768522795485 -0.9238793774673728
vn 0.31271773321955537 0.22057768522795485 -0.9238793774673728
vn 0.3127173784481446 0.2205784024985161 -0.9238793263017213
vn 0.3127173784481446 0.2205784024985161 -0.9238793263017213
vn 0.3127173784481446 0.2205784024985161 -0.9238793263017213
vn 0.7549648756025075 0.5325221927257751 -0.3826854463668864
vn 0.7549648756025075 0.5325221927257751 -0.3826854463668864
vn 0.7549648756025075 0.5325221927257751 -0.3826854463668864
vn 0.7549612026665614 0.5325285267255451 -0.38268387827524114
vn 0.7549612026665614 0.5325285267255451 -0.38268387827524114
vn 0.7549612026665614 0.5325285267255451 -0.38268387827524114
vn 0.8171643013860743 0.5764048096088451 0
vn 0.8171643013860743 0.5764048096088451 0
vn 0.8171643013860743 0.5764048096088451 0
vn 0.8171643013860743 0.5764048096088451 0
vn 0.8171643013860743 0.5764048096088451 0
vn 0.8171643013860743 0.5764048096088451 0
vn 0.7549608415019142 0.5325282262075761 0.3826850089707381
vn 0.7549608415019142 0.5325282262075761 0.3826850089707381
vn 0.7549608415019142 0.5325282262075761 0.3826850089707381
vn 0.7549655427344039 0.5325226776610356 0.38268345543081406
vn 0.7549655427344039 0.5325226776610356 0.38268345543081406
vn 0.7549655427344039 0.5325226776610356 0.38268345543081406
vn 0.31271659684985276 0.2205778464028984 0.9238797236279763
vn 0.31271659684985276 0.2205778464028984 0.9238797236279763
vn 0.31271659684985276 0.2205778464028984 0.9238797236279763
vn 0.31271713813898827 0.2205772686767322 0.9238796783441411
vn 0.31271713813898827 0.2205772686767322 0.9238796783441411
vn 0.31271713813898827 0.2205772686767322 0.9238796783441411
vn 0.2944164536672062 0.24447078691687463 -0.9238793136304492
vn 0.2944164536672062 0.24447078691687463 -0.9238793136304492
vn 0.2944164536672062 0.24447078691687463 -0.9238793136304492
vn 0.29441844831998787 0.24446728339800652 -0.9238796050551443
vn 0.29441844831998787 0.24446728339800652 -0.9238796050551443
vn 0.29441844831998787 0.24446728339800652 -0.9238796050551443
vn 0.710789181016022 0.5901963522897536 -0.3826839504009042
vn 0.710789181016022 0.5901963522897536 -0.3826839504009042
vn 0.710789181016022 0.5901963522897536 -0.3826839504009042
vn 0.7107887731722305 0.5901969561320108 -0.38268377664179165
vn 0.7107887731722305 0.5901969561320108 -0.38268377664179165
vn 0.7107887731722305 0.5901969561320108 -0.38268377664179165
vn 0.769352322066792 0.6388247056356188 0
vn 0.769352322066792 0.6388247056356188 0
vn 0.769352322066792 0.6388247056356188 0
vn 0.769352322066792 0.6388247056356188 0
vn 0.769352322066792 0.6388247056356188 0
vn 0.769352322066792 0.6388247056356188 0
vn 0.710788859408513 0.5901969782453467 0.3826835823638206
vn 0.710788859408513 0.5901969782453467 0.3826835823638206
vn 0.710788859408513 0.5901969782453467 0.3826835823638206
vn 0.7107893277990247 0.5901964943945873 0.382683458606915
vn 0.7107893277990247 0.5901964943945873 0.382683458606915
vn 0.7107893277990247 0.5901964943945873 0.382683458606915
vn 0.29441821101251897 0.24446710550667064 0.9238797277510631
vn 0.29441821101251897 0.24446710550667064 0.9238797277510631
vn 0.29441821101251897 0.24446710550667064 0.9238797277510631
vn 0.2944151810576292 0.24446973631654162 0.9238799971793544
vn 0.2944151810576292 0.24446973631654162 0.9238799971793544
vn 0.2944151810576292 0.24446973631654162 0.9238799971793544
vn 0.27670380542136624 0.2643509811794422 -0.9238796257169009
vn 0.27670380542136624 0.2643509811794422 -0.9238796257169009
vn 0.27670380542136624 0.2643509811794422 -0.9238796257169009
vn 0.2767032983113096 0.26435172578793464 -0.9238795645410623
vn 0.2767032983113096 0.26435172578793464 -0.9238795645410623
vn 0.2767032983113096 0.26435172578793464 -0.9238795645410623
vn 0.6680208387190998 0.6382015292638866 -0.3826838996904194
vn 0.6680208387190998 0.6382015292638866 -0.3826838996904194
vn 0.6680208387190998 0.6382015292638866 -0.3826838996904194
vn 0.6680207625090988 0.6382016326090488 -0.38268386037551566
vn 0.6680207625090988 0.6382016326090488 -0.38268386037551566
vn 0.6680207625090988 0.6382016326090488 -0.38268386037551566
vn 0.7230605890668724 0.69078461515748 0
vn 0.7230605890668724 0.69078461515748 0
vn 0.7230605890668724 0.69078461515748 0
vn 0.7230605890668724 0.69078461515748 0
vn 0.7230605890668724 0.69078461515748 0
vn 0.7230605890668724 0.69078461515748 0
vn 0.668020828497869 0.6382017579174876 0.38268353620720236
vn 0.668020828497869 0.6382017579174876 0.38268353620720236
vn 0.668020828497869 0.6382017579174876 0.38268353620720236
vn 0.6680209783625806 0.638201608390574 0.3826835239661944
vn 0.6680209783625806 0.638201608390574 0.3826835239661944
vn 0.6680209783625806 0.638201608390574 0.3826835239661944
vn 0.27670258129608755 0.2643510386535755 0.923879975898849
vn 0.27670258129608755 0.2643510386535755 0.923879975898849
vn 0.27670258129608755 0.2643510386535755 0.923879975898849
vn 0.2767033237853883 0.2643504997576972 0.9238799077174339
vn 0.2767033237853883 0.2643504997576972 0.9238799077174339
vn 0.2767033237853883 0.2643504997576972 0.9238799077174339
vn 0.25995188566294425 0.280840869556749 -0.923879550118352
vn 0.25995188566294425 0.280840869556749 -0.923879550118352
vn 0.25995188566294425 0.280840869556749 -0.923879550118352
vn 0.2599516858773147 0.28084114731789084 -0.9238795218981276
vn 0.2599516858773147 0.28084114731789084 -0.9238795218981276
vn 0.2599516858773147 0.28084114731789084 -0.9238795218981276
vn 0.62757872898121 0.6780103376230424 -0.38268383948975015
vn 0.62757872898121 0.6780103376230424 -0.38268383948975015
vn 0.62757872898121 0.6780103376230424 -0.38268383948975015
vn 0.6275724270201697 0.6780170903757146 -0.3826822101985722
vn 0.6275724270201697 0.6780170903757146 -0.3826822101985722
vn 0.6275724270201697 0.6780170903757146 -0.3826822101985722
vn 0.6792791513753 0.7338799864465935 0
vn 0.6792791513753 0.7338799864465935 0
vn 0.6792791513753 0.7338799864465935 0
vn 0.6792791513753 0.7338799864465935 0
vn 0.6792791513753 0.7338799864465935 0
vn 0.6792791513753 0.7338799864465935 0
vn 0.6275721122504314 0.6780167146552367 0.3826833920797336
vn 0.6275721122504314 0.6780167146552367 0.3826833920797336
vn 0.6275721122504314 0.6780167146552367 0.3826833920797336
vn 0.627579258597606 0.6780109262955997 0.38268192797917977
vn 0.627579258597606 0.6780109262955997 0.38268192797917977
vn 0.627579258597606 0.6780109262955997 0.38268192797917977
vn 0.25995105215744174 0.28084045336085905 0.9238799111563721
vn 0.25995105215744174 0.28084045336085905 0.9238799111563721
vn 0.25995105215744174 0.28084045336085905 0.9238799111563721
vn 0.2599513296225634 0.28084028453398957 0.9238798844061543
vn 0.2599513296225634 0.28084028453398957 0.9238798844061543
vn 0.2599513296225634 0.28084028453398957 0.9238798844061543
vn 0.27059804554275063 0.27059804554275063 -0.9238795351651031
vn 0.27059804554275063 0.27059804554275063 -0.9238795351651031
vn 0.27059804554275063 0.27059804554275063 -0.9238795351651031
vn 0.2705980604439119 0.2705980604439119 -0.9238795264362049
vn 0.2705980604439119 0.2705980604439119 -0.9238795264362049
vn 0.2705980604439119 0.2705980604439119 -0.9238795264362049
vn 0.6532818458588293 0.6532818458588293 -0.38268219156705147
vn 0.6532818458588293 0.6532818458588293 -0.38268219156705147
vn 0.6532818458588293 0.6532818458588293 -0.38268219156705147
vn 0.6532812673610218 0.6532809693377998 -0.38268467543950835
vn 0.6532812673610218 0.6532809693377998 -0.38268467543950835
vn 0.6532812673610218 0.6532809693377998 -0.38268467543950835
vn 0.7071069600004624 0.7071066023725875 0
vn 0.7071069600004624 0.7071066023725875 0
vn 0.7071069600004624 0.7071066023725875 0
vn 0.7071069600004624 0.7071066023725875 0
vn 0.7071069600004624 0.7071066023725875 0
vn 0.7071069600004624 0.7071066023725875 0
vn 0.6532820973703659 0.6532817993471459 0.38268184160883717
vn 0.6532820973703659 0.6532817993471459 0.38268184160883717
vn 0.6532820973703659 0.6532817993471459 0.38268184160883717
vn 0.6532812357512094 0.6532812357512094 0.38268427460603277
vn 0.6532812357512094 0.6532812357512094 0.38268427460603277
vn 0.6532812357512094 0.6532812357512094 0.38268427460603277
vn 0.270597462279359 0.270597462279359 0.9238798768324494
vn 0.270597462279359 0.270597462279359 0.9238798768324494
vn 0.270597462279359 0.270597462279359 0.9238798768324494
vn 0.270597462279359 0.270597462279359 0.9238798768324494
vn 0.270597462279359 0.270597462279359 0.9238798768324494
vn 0.270597462279359 0.270597462279359 0.9238798768324494
vn 0.3826830685865544 0 -0.9238796831932059
vn 0.3826830685865544 0 -0.9238796831932059
vn 0.3826830685865544 0 -0.9238796831932059
vn 0.3826830685865544 0 -0.9238796831932059
vn 0.3826830685865544 0 -0.9238796831932059
vn 0.3826830685865544 0 -0.9238796831932059
vn 0.9238798779669956 0 -0.3826825983601677
vn 0.9238798779669956 0 -0.3826825983601677
vn 0.9238798779669956 0 -0.3826825983601677
vn 0.9238798779669956 0 -0.3826825983601677
vn 0.9238798779669956 0 -0.3826825983601677
vn 0.9238798779669956 0 -0.3826825983601677
vn 1 0 0
vn 1 0 0
vn 1 0 0
vn 1 0 0
vn 1 0 0
vn 1 0 0
vn 0.9238800305938178 0 0.3826822298852745
vn 0.9238800305938178 0 0.3826822298852745
vn 0.9238800305938178 0 0.3826822298852745
vn 0.9238800305938178 0 0.3826822298852745
vn 0.9238800305938178 0 0.3826822298852745
vn 0.9238800305938178 0 0.3826822298852745
vn 0.3826822298852745 0 0.9238800305938178
vn 0.3826822298852745 0 0.9238800305938178
vn 0.3826822298852745 0 0.9238800305938178
vn 0.3826822298852745 0 0.9238800305938178
vn 0.3826822298852745 0 0.9238800305938178
vn 0.3826822298852745 0 0.9238800305938178
vn 0.2716096653186923 -0.26958271995602323 -0.9238795088140986
vn 0.2716096653186923 -0.26958271995602323 -0.9238795088140986
vn 0.2716096653186923 -0.26958271995602323 -0.9238795088140986
vn 0.2716101362558164 -0.26958313133253375 -0.9238792503266013
vn 0.2716101362558164 -0.26958313133253375 -0.9238792503266013
vn 0.2716101362558164 -0.26958313133253375 -0.9238792503266013
vn 0.6557237618174866 -0.6508301607930022 -0.382683224077146
vn 0.6557237618174866 -0.6508301607930022 -0.382683224077146
vn 0.6557237618174866 -0.6508301607930022 -0.382683224077146
vn 0.6557230949967723 -0.6508297324742248 -0.3826850951048171
vn 0.6557230949967723 -0.6508297324742248 -0.3826850951048171
vn 0.6557230949967723 -0.6508297324742248 -0.3826850951048171
vn 0.7097501158753807 -0.7044535279313204 0
vn 0.7097501158753807 -0.7044535279313204 0
vn 0.7097501158753807 -0.7044535279313204 0
vn 0.7097501158753807 -0.7044535279313204 0
vn 0.7097501158753807 -0.7044535279313204 0
vn 0.7097501158753807 -0.7044535279313204 0
vn 0.655723749809933 -0.6508303872936385 0.38268285944161756
vn 0.655723749809933 -0.6508303872936385 0.38268285944161756
vn 0.655723749809933 -0.6508303872936385 0.38268285944161756
vn 0.6557233460804298 -0.650829685440139 0.382684744868377
vn 0.6557233460804298 -0.650829685440139 0.382684744868377
vn 0.6557233460804298 -0.650829685440139 0.382684744868377
vn 0.27160907150993774 -0.26958206652592376 0.9238798740535059
vn 0.27160907150993774 -0.26958206652592376 0.9238798740535059
vn 0.27160907150993774 -0.26958206652592376 0.9238798740535059
vn 0.27160948069326335 -0.2695825651762857 0.9238796082555938
vn 0.27160948069326335 -0.2695825651762857 0.9238796082555938
vn 0.27160948069326335 -0.2695825651762857 0.9238796082555938
vn 0.25995236268927807 -0.2808414062029289 -0.9238792527674942
vn 0.25995236268927807 -0.2808414062029289 -0.9238792527674942
vn 0.25995236268927807 -0.2808414062029289 -0.9238792527674942
vn 0.259946077111707 -0.2808458198770191 -0.9238796796400706
vn 0.259946077111707 -0.2808458198770191 -0.9238796796400706
vn 0.259946077111707 -0.2808458198770191 -0.9238796796400706
vn 0.6275655049623233 -0.6780219694010317 -0.3826849173810362
vn 0.6275655049623233 -0.6780219694010317 -0.3826849173810362
vn 0.6275655049623233 -0.6780219694010317 -0.3826849173810362
vn 0.6275772458504009 -0.678012431332256 -0.38268256224937713
vn 0.6275772458504009 -0.678012431332256 -0.38268256224937713
vn 0.6275772458504009 -0.678012431332256 -0.38268256224937713
vn 0.6792844449279605 -0.7338750866999862 0
vn 0.6792844449279605 -0.7338750866999862 0
vn 0.6792844449279605 -0.7338750866999862 0
vn 0.6792844449279605 -0.7338750866999862 0
vn 0.6792844449279605 -0.7338750866999862 0
vn 0.6792844449279605 -0.7338750866999862 0
vn 0.6275765938725834 -0.6780118392542864 0.38268468045416476
vn 0.6275765938725834 -0.6780118392542864 0.38268468045416476
vn 0.6275765938725834 -0.6780118392542864 0.38268468045416476
vn 0.6275662813232261 -0.6780228650918666 0.3826820572730759
vn 0.6275662813232261 -0.6780228650918666 0.3826820572730759
vn 0.6275662813232261 -0.6780228650918666 0.3826820572730759
vn 0.25994628285481414 -0.28084605519144634 0.9238795502192739
vn 0.25994628285481414 -0.28084605519144634 0.9238795502192739
vn 0.25994628285481414 -0.28084605519144634 0.9238795502192739
vn 0.2599509415732562 -0.2808398666326096 0.9238801206243997
vn 0.2599509415732562 -0.2808398666326096 0.9238801206243997
vn 0.2599509415732562 -0.2808398666326096 0.9238801206243997
vn 0.27670359756265145 -0.26435077328690865 -0.923879747455533
vn 0.27670359756265145 -0.26435077328690865 -0.923879747455533
vn 0.27670359756265145 -0.26435077328690865 -0.923879747455533
vn 0.2767028550733568 -0.2643513121828179 -0.9238798156370097
vn 0.2767028550733568 -0.2643513121828179 -0.9238798156370097
vn 0.2767028550733568 -0.2643513121828179 -0.9238798156370097
vn 0.6680211966524054 -0.638201887183558 -0.3826826779701864
vn 0.6680211966524054 -0.638201887183558 -0.3826826779701864
vn 0.6680211966524054 -0.638201887183558 -0.3826826779701864
vn 0.6680210899917993 -0.6382019587767366 -0.3826827447634724
vn 0.6680210899917993 -0.6382019587767366 -0.3826827447634724
vn 0.6680210899917993 -0.6382019587767366 -0.3826827447634724
vn 0.7230605890668724 -0.69078461515748 0
vn 0.7230605890668724 -0.69078461515748 0
vn 0.7230605890668724 -0.69078461515748 0
vn 0.7230605890668724 -0.69078461515748 0
vn 0.7230605890668724 -0.69078461515748 0
vn 0.7230605890668724 -0.69078461515748 0
vn 0.6680212118422193 -0.6382020805092617 0.38268232904395055
vn 0.6680212118422193 -0.6382020805092617 0.38268232904395055
vn 0.6680212118422193 -0.6382020805092617 0.38268232904395055
vn 0.6680213134395443 -0.6382019444741733 0.3826823785594134
vn 0.6680213134395443 -0.6382019444741733 0.3826823785594134
vn 0.6680213134395443 -0.6382019444741733 0.3826823785594134
vn 0.27670234809669597 -0.26435080522120796 0.9238801125344531
vn 0.27670234809669597 -0.26435080522120796 0.9238801125344531
vn 0.27670234809669597 -0.26435080522120796 0.9238801125344531
vn 0.27670281462875373 -0.2643500205157578 0.9238801973361286
vn 0.27670281462875373 -0.2643500205157578 0.9238801973361286
vn 0.27670281462875373 -0.2643500205157578 0.9238801973361286
vn 0.2944155097999325 -0.24447000529867874 -0.9238798212421948
vn 0.2944155097999325 -0.24447000529867874 -0.9238798212421948
vn 0.2944155097999325 -0.24447000529867874 -0.9238798212421948
vn 0.2944202754187425 -0.24446587539115344 -0.9238793953712731
vn 0.2944202754187425 -0.24446587539115344 -0.9238793953712731
vn 0.2944202754187425 -0.24446587539115344 -0.9238793953712731
vn 0.710793054896443 -0.5901925372427367 -0.38268263887190235
vn 0.710793054896443 -0.5901925372427367 -0.38268263887190235
vn 0.710793054896443 -0.5901925372427367 -0.38268263887190235
vn 0.7107921100140788 -0.5901934982172367 -0.3826829118262721
vn 0.7107921100140788 -0.5901934982172367 -0.3826829118262721
vn 0.7107921100140788 -0.5901934982172367 -0.3826829118262721
vn 0.7693556469630084 -0.6388207013600379 0
vn 0.7693556469630084 -0.6388207013600379 0
vn 0.7693556469630084 -0.6388207013600379 0
vn 0.7693556469630084 -0.6388207013600379 0
vn 0.7693556469630084 -0.6388207013600379 0
vn 0.7693556469630084 -0.6388207013600379 0
vn 0.7107923106070471 -0.5901936355103566 0.38268232750541725
vn 0.7107923106070471 -0.5901936355103566 0.38268232750541725
vn 0.7107923106070471 -0.5901936355103566 0.38268232750541725
vn 0.7107930711093916 -0.5901925507048285 0.3826825879961194
vn 0.7107930711093916 -0.5901925507048285 0.3826825879961194
vn 0.7107930711093916 -0.5901925507048285 0.3826825879961194
vn 0.2944189615222583 -0.2444647854522629 0.9238801024862122
vn 0.2944189615222583 -0.2444647854522629 0.9238801024862122
vn 0.2944189615222583 -0.2444647854522629 0.9238801024862122
vn 0.2944157961829146 -0.24447024895286162 0.9238796655056903
vn 0.2944157961829146 -0.24447024895286162 0.9238796655056903
vn 0.2944157961829146 -0.24447024895286162 0.9238796655056903
vn 0.3127178518245006 -0.22057777420864338 -0.9238793160772841
vn 0.3127178518245006 -0.22057777420864338 -0.9238793160772841
vn 0.3127178518245006 -0.22057777420864338 -0.9238793160772841
vn 0.3127158578564801 -0.22057981763396203 -0.9238795031267086
vn 0.3127158578564801 -0.22057981763396203 -0.9238795031267086
vn 0.3127158578564801 -0.22057981763396203 -0.9238795031267086
vn 0.7549629011035638 -0.5325268365654946 -0.38268287954236696
vn 0.7549629011035638 -0.5325268365654946 -0.38268287954236696
vn 0.7549629011035638 -0.5325268365654946 -0.38268287954236696
vn 0.7549613780096986 -0.5325286434866313 -0.3826833698764357
vn 0.7549613780096986 -0.5325286434866313 -0.3826833698764357
vn 0.7549613780096986 -0.5325286434866313 -0.3826833698764357
vn 0.8171643013860743 -0.5764048096088451 0
vn 0.8171643013860743 -0.5764048096088451 0
vn 0.8171643013860743 -0.5764048096088451 0
vn 0.8171643013860743 -0.5764048096088451 0
vn 0.8171643013860743 -0.5764048096088451 0
vn 0.8171643013860743 -0.5764048096088451 0
vn 0.7549616753654743 -0.5325288218297661 0.3826825350730774
vn 0.7549616753654743 -0.5325288218297661 0.3826825350730774
vn 0.7549616753654743 -0.5325288218297661 0.3826825350730774
vn 0.7549628477736565 -0.5325267813868505 0.38268306153689696
vn 0.7549628477736565 -0.5325267813868505 0.38268306153689696
vn 0.7549628477736565 -0.5325267813868505 0.38268306153689696
vn 0.3127154761814794 -0.22057953857142734 0.9238796989436486
vn 0.3127154761814794 -0.22057953857142734 0.9238796989436486
vn 0.3127154761814794 -0.22057953857142734 0.9238796989436486
vn 0.3127166875232995 -0.22057695322656687 0.923879906183558
vn 0.3127166875232995 -0.22057695322656687 0.923879906183558
vn 0.3127166875232995 -0.22057695322656687 0.923879906183558
vn 0.33098179934831423 -0.1920876551327942 -0.9238795274524363
vn 0.33098179934831423 -0.1920876551327942 -0.9238795274524363
vn 0.33098179934831423 -0.1920876551327942 -0.9238795274524363
vn 0.3309834983498814 -0.19208558402753578 -0.9238793493897753
vn 0.3309834983498814 -0.19208558402753578 -0.9238793493897753
vn 0.3309834983498814 -0.19208558402753578 -0.9238793493897753
vn 0.7990638684599671 -0.4637350183148076 -0.3826836381534454
vn 0.7990638684599671 -0.4637350183148076 -0.3826836381534454
vn 0.7990638684599671 -0.4637350183148076 -0.3826836381534454
vn 0.7990606526811374 -0.4637395499346425 -0.38268486142413577
vn 0.7990606526811374 -0.4637395499346425 -0.38268486142413577
vn 0.7990606526811374 -0.4637395499346425 -0.38268486142413577
vn 0.8648975973595806 -0.5019483500138483 0
vn 0.8648975973595806 -0.5019483500138483 0
vn 0.8648975973595806 -0.5019483500138483 0
vn 0.8648975973595806 -0.5019483500138483 0
vn 0.8648975973595806 -0.5019483500138483 0
vn 0.8648975973595806 -0.5019483500138483 0
vn 0.7990611716742562 -0.46373986763374214 0.38268339275385876
vn 0.7990611716742562 -0.46373986763374214 0.38268339275385876
vn 0.7990611716742562 -0.46373986763374214 0.38268339275385876
vn 0.7990635138155585 -0.4637348412323184 0.38268459325659965
vn 0.7990635138155585 -0.4637348412323184 0.38268459325659965
vn 0.7990635138155585 -0.4637348412323184 0.38268459325659965
vn 0.330982469932486 -0.19208497919552942 0.9238798435753667
vn 0.330982469932486 -0.19208497919552942 0.9238798435753667
vn 0.330982469932486 -0.19208497919552942 0.9238798435753667
vn 0.33098151530547393 -0.19208749693880672 0.9238796621020923
vn 0.33098151530547393 -0.19208749693880672 0.9238796621020923
vn 0.33098151530547393 -0.19208749693880672 0.9238796621020923
vn 0.34827607448710207 -0.15859000192923853 -0.9238793142115147
vn 0.34827607448710207 -0.15859000192923853 -0.9238793142115147
vn 0.34827607448710207 -0.15859000192923853 -0.9238793142115147
vn 0.3482753953850137 -0.15859104790265238 -0.9238793906644693
vn 0.3482753953850137 -0.15859104790265238 -0.9238793906644693
vn 0.3482753953850137 -0.15859104790265238 -0.9238793906644693
vn 0.8408098332886912 -0.3828720501429847 -0.38268501076518674
vn 0.8408098332886912 -0.3828720501429847 -0.38268501076518674
vn 0.8408098332886912 -0.3828720501429847 -0.38268501076518674
vn 0.8408134042340432 -0.382865819028958 -0.38268339901234877
vn 0.8408134042340432 -0.382865819028958 -0.38268339901234877
vn 0.8408134042340432 -0.382865819028958 -0.38268339901234877
vn 0.9100898414630619 -0.4144110042768396 0
vn 0.9100898414630619 -0.4144110042768396 0
vn 0.9100898414630619 -0.4144110042768396 0
vn 0.9100898414630619 -0.4144110042768396 0
vn 0.9100898414630619 -0.4144110042768396 0
vn 0.9100898414630619 -0.4144110042768396 0
vn 0.8408129655447791 -0.3828656602469773 0.38268452173486217
vn 0.8408129655447791 -0.3828656602469773 0.38268452173486217
vn 0.8408129655447791 -0.3828656602469773 0.38268452173486217
vn 0.8408106068877164 -0.38287240719648064 0.38268295383082124
vn 0.8408106068877164 -0.38287240719648064 0.38268295383082124
vn 0.8408106068877164 -0.38287240719648064 0.38268295383082124
vn 0.348274739006007 -0.15859076444912598 0.923879686756744
vn 0.348274739006007 -0.15859076444912598 0.923879686756744
vn 0.348274739006007 -0.15859076444912598 0.923879686756744
vn 0.34827510074249335 -0.15858955932595223 0.9238797572604383
vn 0.34827510074249335 -0.15858955932595223 0.9238797572604383
vn 0.34827510074249335 -0.15858955932595223 0.9238797572604383
vn 0.3633687189122229 -0.12004145204959438 -0.9238794423007338
vn 0.3633687189122229 -0.12004145204959438 -0.9238794423007338
vn 0.3633687189122229 -0.12004145204959438 -0.9238794423007338
vn 0.36336674424739523 -0.12004528655092975 -0.9238797207169087
vn 0.36336674424739523 -0.12004528655092975 -0.9238797207169087
vn 0.36336674424739523 -0.12004528655092975 -0.9238797207169087
vn 0.8772460407628111 -0.28981534259035263 -0.38268322561252793
vn 0.8772460407628111 -0.28981534259035263 -0.38268322561252793
vn 0.8772460407628111 -0.28981534259035263 -0.38268322561252793
vn 0.8772475128895485 -0.2898119987870995 -0.38268238329994725
vn 0.8772475128895485 -0.2898119987870995 -0.38268238329994725
vn 0.8772475128895485 -0.2898119987870995 -0.38268238329994725
vn 0.9495254197660508 -0.3136900974179853 0
vn 0.9495254197660508 -0.3136900974179853 0
vn 0.9495254197660508 -0.3136900974179853 0
vn 0.9495254197660508 -0.3136900974179853 0
vn 0.9495254197660508 -0.3136900974179853 0
vn 0.9495254197660508 -0.3136900974179853 0
vn 0.8772473467698947 -0.28981194337620253 0.3826828060701043
vn 0.8772473467698947 -0.28981194337620253 0.3826828060701043
vn 0.8772473467698947 -0.28981194337620253 0.3826828060701043
vn 0.8772465391218087 -0.28981550882288926 0.3826819573020637
vn 0.8772465391218087 -0.28981550882288926 0.3826819573020637
vn 0.8772465391218087 -0.28981550882288926 0.3826819573020637
vn 0.3633664245619533 -0.12004517748146293 0.9238798606228552
vn 0.3633664245619533 -0.12004517748146293 0.9238798606228552
vn 0.3633664245619533 -0.12004517748146293 0.9238798606228552
vn 0.3633671053579512 -0.12004091421075642 0.923880146804351
vn 0.3633671053579512 -0.12004091421075642 0.923880146804351
vn 0.3633671053579512 -0.12004091421075642 0.923880146804351
vn 0.3748601953385509 -0.07698021788731879 -0.923879797378839
vn 0.3748601953385509 -0.07698021788731879 -0.923879797378839
vn 0.3748601953385509 -0.07698021788731879 -0.923879797378839
vn 0.3748621583102642 -0.07697506871857177 -0.9238794299380962
vn 0.3748621583102642 -0.07697506871857177 -0.9238794299380962
vn 0.3748621583102642 -0.07697506871857177 -0.9238794299380962
vn 0.9049971782360036 -0.18583424559068287 -0.3826822971481866
vn 0.9049971782360036 -0.18583424559068287 -0.3826822971481866
vn 0.9049971782360036 -0.18583424559068287 -0.3826822971481866
vn 0.9049950838855667 -0.1858413219609342 -0.38268381360434944
vn 0.9049950838855667 -0.1858413219609342 -0.38268381360434944
vn 0.9049950838855667 -0.1858413219609342 -0.38268381360434944
vn 0.9795597897591574 -0.2011532209212555 0
vn 0.9795597897591574 -0.2011532209212555 0
vn 0.9795597897591574 -0.2011532209212555 0
vn 0.9795597897591574 -0.2011532209212555 0
vn 0.9795597897591574 -0.2011532209212555 0
vn 0.9795597897591574 -0.2011532209212555 0
vn 0.904995789416493 -0.18584145407438887 0.38268208095746487
vn 0.904995789416493 -0.18584145407438887 0.38268208095746487
vn 0.904995789416493 -0.18584145407438887 0.38268208095746487
vn 0.9049966548750706 -0.18583414396861125 0.382683584179392
vn 0.9049966548750706 -0.18583414396861125 0.382683584179392
vn 0.9049966548750706 -0.18583414396861125 0.382683584179392
vn 0.3748607563878793 -0.07697477789680052 0.9238800229943525
vn 0.3748607563878793 -0.07697477789680052 0.9238800229943525
vn 0.3748607563878793 -0.07697477789680052 0.9238800229943525
vn 0.3748603685931348 -0.07698025399856946 0.9238797240726387
vn 0.3748603685931348 -0.07698025399856946 0.9238797240726387
vn 0.3748603685931348 -0.07698025399856946 0.9238797240726387
vn 0.37941355728301385 -0.04992284040596542 -0.923879354978587
vn 0.37941355728301385 -0.04992284040596542 -0.923879354978587
vn 0.37941355728301385 -0.04992284040596542 -0.923879354978587
vn 0.3794117566674114 -0.04992936547294936 -0.9238797418311638
vn 0.3794117566674114 -0.04992936547294936 -0.9238797418311638
vn 0.3794117566674114 -0.04992936547294936 -0.9238797418311638
vn 0.9159820119520974 -0.12054028414302712 -0.38268393444055904
vn 0.9159820119520974 -0.12054028414302712 -0.38268393444055904
vn 0.9159820119520974 -0.12054028414302712 -0.38268393444055904
vn 0.9159830733198212 -0.12053497781423395 -0.3826830653620529
vn 0.9159830733198212 -0.12053497781423395 -0.3826830653620529
vn 0.9159830733198212 -0.12053497781423395 -0.3826830653620529
vn 0.991452770058387 -0.13046610572693332 0
vn 0.991452770058387 -0.13046610572693332 0
vn 0.991452770058387 -0.13046610572693332 0
vn 0.991452770058387 -0.13046610572693332 0
vn 0.991452770058387 -0.13046610572693332 0
vn 0.991452770058387 -0.13046610572693332 0
vn 0.915982889480688 -0.12053496225180252 0.3826835102974339
vn 0.915982889480688 -0.12053496225180252 0.3826835102974339
vn 0.915982889480688 -0.12053496225180252 0.3826835102974339
vn 0.9159825296617963 -0.12054034873316796 0.3826826749170425
vn 0.9159825296617963 -0.12054034873316796 0.3826826749170425
vn 0.9159825296617963 -0.12054034873316796 0.3826826749170425
vn 0.3794116340077065 -0.049929350117724605 0.9238797930339335
vn 0.3794116340077065 -0.049929350117724605 0.9238797930339335
vn 0.3794116340077065 -0.049929350117724605 0.9238797930339335
vn 0.3794117594562461 -0.049922600712725085 0.9238801062499363
vn 0.3794117594562461 -0.049922600712725085 0.9238801062499363
vn 0.3794117594562461 -0.049922600712725085 0.9238801062499363
vn 0.3803814420573665 -0.0419064283523736 -0.9238797593849027
vn 0.3803814420573665 -0.0419064283523736 -0.9238797593849027
vn 0.3803814420573665 -0.0419064283523736 -0.9238797593849027
vn 0.3803814434825503 -0.04190633910241625 -0.9238797628464241
vn 0.3803814434825503 -0.04190633910241625 -0.9238797628464241
vn 0.3803814434825503 -0.04190633910241625 -0.9238797628464241
vn 0.918323522751547 -0.10117101734375765 -0.38268307097494897
vn 0.918323522751547 -0.10117101734375765 -0.38268307097494897
vn 0.918323522751547 -0.10117101734375765 -0.38268307097494897
vn 0.9183232868801938 -0.10117247793819431 -0.38268325085036387
vn 0.9183232868801938 -0.10117247793819431 -0.38268325085036387
vn 0.9183232868801938 -0.10117247793819431 -0.38268325085036387
vn 0.9939858824160509 -0.10950828990348141 0
vn 0.9939858824160509 -0.10950828990348141 0
vn 0.9939858824160509 -0.10950828990348141 0
vn 0.9939858824160509 -0.10950828990348141 0
vn 0.9939858824160509 -0.10950828990348141 0
vn 0.9939858824160509 -0.10950828990348141 0
vn 0.9183235099872114 -0.10117250605362857 0.38268270802793886
vn 0.9183235099872114 -0.10117250605362857 0.38268270802793886
vn 0.9183235099872114 -0.10117250605362857 0.38268270802793886
vn 0.9183235949305223 -0.10117101872906213 0.3826828974009759
vn 0.9183235949305223 -0.10117101872906213 0.3826828974009759
vn 0.9183235949305223 -0.10117101872906213 0.3826828974009759
vn 0.38038060556071135 -0.04190624558932437 0.9238801120783333
vn 0.38038060556071135 -0.04190624558932437 0.9238801120783333
vn 0.38038060556071135 -0.04190624558932437 0.9238801120783333
vn 0.38038060407615143 -0.041906338558029804 0.9238801084725886
vn 0.38038060407615143 -0.041906338558029804 0.9238801084725886
vn 0.38038060407615143 -0.041906338558029804 0.9238801084725886
vn 0.3811367828058831 -0.03436479415193608 -0.9238797615032359
vn 0.3811367828058831 -0.03436479415193608 -0.9238797615032359
vn 0.3811367828058831 -0.03436479415193608 -0.9238797615032359
vn 0.38113837995354677 -0.034357487759753086 -0.9238793743564275
vn 0.38113837995354677 -0.034357487759753086 -0.9238793743564275
vn 0.38113837995354677 -0.034357487759753086 -0.9238793743564275
vn 0.9201486561496033 -0.0829462395927109 -0.3826831220781861
vn 0.9201486561496033 -0.0829462395927109 -0.3826831220781861
vn 0.9201486561496033 -0.0829462395927109 -0.3826831220781861
vn 0.9201472070493529 -0.08295604825441312 -0.3826844802409511
vn 0.9201472070493529 -0.08295604825441312 -0.3826844802409511
vn 0.9201472070493529 -0.08295604825441312 -0.3826844802409511
vn 0.9959606280999527 -0.08979102001173424 0
vn 0.9959606280999527 -0.08979102001173424 0
vn 0.9959606280999527 -0.08979102001173424 0
vn 0.9959606280999527 -0.08979102001173424 0
vn 0.9959606280999527 -0.08979102001173424 0
vn 0.9959606280999527 -0.08979102001173424 0
vn 0.9201478992726803 -0.08295611323314715 0.38268280173182945
vn 0.9201478992726803 -0.08295611323314715 0.38268280173182945
vn 0.9201478992726803 -0.08295611323314715 0.38268280173182945
vn 0.9201482376496566 -0.08294620967613638 0.3826841348300106
vn 0.9201482376496566 -0.08294620967613638 0.3826841348300106
vn 0.9201482376496566 -0.08294620967613638 0.3826841348300106
vn 0.38113665265633756 -0.03435733513440355 0.9238800926117982
vn 0.38113665265633756 -0.03435733513440355 0.9238800926117982
vn 0.38113665265633756 -0.03435733513440355 0.9238800926117982
vn 0.3811369310131655 -0.03436480525528541 0.9238796999488796
vn 0.3811369310131655 -0.03436480525528541 0.9238796999488796
vn 0.3811369310131655 -0.03436480525528541 0.9238796999488796
vn 0.38171132523417606 -0.02726509359521537 -0.9238793638020135
vn 0.38171132523417606 -0.02726509359521537 -0.9238793638020135
vn 0.38171132523417606 -0.02726509359521537 -0.9238793638020135
vn 0.3817117722029649 -0.027262880768112327 -0.9238792444328943
vn 0.3817117722029649 -0.027262880768112327 -0.9238792444328943
vn 0.3817117722029649 -0.027262880768112327 -0.9238792444328943
vn 0.9215316512769014 -0.06581826322566256 -0.3826844286364741
vn 0.9215316512769014 -0.06581826322566256 -0.3826844286364741
vn 0.9215316512769014 -0.06581826322566256 -0.3826844286364741
vn 0.9215300688129853 -0.06583047664579275 -0.38268613852362404
vn 0.9215300688129853 -0.06583047664579275 -0.38268613852362404
vn 0.9215300688129853 -0.06583047664579275 -0.38268613852362404
vn 0.9974581692612244 -0.07125447757191546 0
vn 0.9974581692612244 -0.07125447757191546 0
vn 0.9974581692612244 -0.07125447757191546 0
vn 0.9974581692612244 -0.07125447757191546 0
vn 0.9974581692612244 -0.07125447757191546 0
vn 0.9974581692612244 -0.07125447757191546 0
vn 0.9215309056968534 -0.06583053642323002 0.3826841129701715
vn 0.9215309056968534 -0.06583053642323002 0.3826841129701715
vn 0.9215309056968534 -0.06583053642323002 0.3826841129701715
vn 0.9215310802055969 -0.06581822775655133 0.38268580991472945
vn 0.9215310802055969 -0.06581822775655133 0.38268580991472945
vn 0.9215310802055969 -0.06581822775655133 0.38268580991472945
vn 0.38171065841646046 -0.027262802010099913 0.9238797069304155
vn 0.38171065841646046 -0.027262802010099913 0.9238797069304155
vn 0.38171065841646046 -0.027262802010099913 0.9238797069304155
vn 0.3817108042818093 -0.027265057448700666 0.9238795801060077
vn 0.3817108042818093 -0.027265057448700666 0.9238795801060077
vn 0.3817108042818093 -0.027265057448700666 0.9238795801060077
vn 0.3821305541566513 -0.02057626049381076 -0.9238792437781148
vn 0.3821305541566513 -0.02057626049381076 -0.9238792437781148
vn 0.3821305541566513 -0.02057626049381076 -0.9238792437781148
vn 0.38213023962529086 -0.020577982293788488 -0.9238793355241985
vn 0.38213023962529086 -0.020577982293788488 -0.9238793355241985
vn 0.38213023962529086 -0.020577982293788488 -0.9238793355241985
vn 0.9225417409136715 -0.049679521652050314 -0.3826861395457061
vn 0.9225417409136715 -0.049679521652050314 -0.3826861395457061
vn 0.9225417409136715 -0.049679521652050314 -0.3826861395457061
vn 0.9225438071506014 -0.04966118470052302 -0.38268353847822434
vn 0.9225438071506014 -0.04966118470052302 -0.38268353847822434
vn 0.9225438071506014 -0.04966118470052302 -0.38268353847822434
vn 0.9985542687066149 -0.05375288315799858 0
vn 0.9985542687066149 -0.05375288315799858 0
vn 0.9985542687066149 -0.05375288315799858 0
vn 0.9985542687066149 -0.05375288315799858 0
vn 0.9985542687066149 -0.05375288315799858 0
vn 0.9985542687066149 -0.05375288315799858 0
vn 0.9225428885919462 -0.04966114188734042 0.38268575841658037
vn 0.9225428885919462 -0.04966114188734042 0.38268575841658037
vn 0.9225428885919462 -0.04966114188734042 0.38268575841658037
vn 0.9225429869086931 -0.04967958840019104 0.38268312714565134
vn 0.9225429869086931 -0.04967958840019104 0.38268312714565134
vn 0.9225429869086931 -0.04967958840019104 0.38268312714565134
vn 0.382129600228591 -0.020577946173965148 0.9238796007924401
vn 0.382129600228591 -0.020577946173965148 0.9238796007924401
vn 0.382129600228591 -0.020577946173965148 0.9238796007924401
vn 0.3821294910924989 -0.02057620328055093 0.9238796847511832
vn 0.3821294910924989 -0.02057620328055093 0.9238796847511832
vn 0.3821294910924989 -0.02057620328055093 0.9238796847511832
vn 0.38241779925762 -0.014269320339608836 -0.9238793283259478
vn 0.38241779925762 -0.014269320339608836 -0.9238793283259478
vn 0.38241779925762 -0.014269320339608836 -0.9238793283259478
vn 0.38241692922102444 -0.014274243095408869 -0.9238796124112789
vn 0.38241692922102444 -0.014274243095408869 -0.9238796124112789
vn 0.38241692922102444 -0.014274243095408869 -0.9238796124112789
vn 0.923236565095216 -0.03446108908305163 -0.3826835222614071
vn 0.923236565095216 -0.03446108908305163 -0.3826835222614071
vn 0.923236565095216 -0.03446108908305163 -0.3826835222614071
vn 0.9232373836927105 -0.0344524681690202 -0.3826823235913851
vn 0.9232373836927105 -0.0344524681690202 -0.3826823235913851
vn 0.9232373836927105 -0.0344524681690202 -0.3826823235913851
vn 0.9993044465198664 -0.03729106013005558 0
vn 0.9993044465198664 -0.03729106013005558 0
vn 0.9993044465198664 -0.03729106013005558 0
vn 0.9993044465198664 -0.03729106013005558 0
vn 0.9993044465198664 -0.03729106013005558 0
vn 0.9993044465198664 -0.03729106013005558 0
vn 0.9232370365466953 -0.03445245365901053 0.3826831624011566
vn 0.9232370365466953 -0.03445245365901053 0.3826831624011566
vn 0.9232370365466953 -0.03445245365901053 0.3826831624011566
vn 0.9232372191179974 -0.03446111509930476 0.3826819420633529
vn 0.9232372191179974 -0.03446111509930476 0.3826819420633529
vn 0.9232372191179974 -0.03446111509930476 0.3826819420633529
vn 0.3824167046564112 -0.014274235230624231 0.9238797054856829
vn 0.3824167046564112 -0.014274235230624231 0.9238797054856829
vn 0.3824167046564112 -0.014274235230624231 0.9238797054856829
vn 0.3824162448410986 -0.014269262422394395 0.9238799726325675
vn 0.3824162448410986 -0.014269262422394395 0.9238799726325675
vn 0.3824162448410986 -0.014269262422394395 0.9238799726325675
vn 0.3825928004386634 -0.008317234994606288 -0.9238796310421317
vn 0.3825928004386634 -0.008317234994606288 -0.9238796310421317
vn 0.3825928004386634 -0.008317234994606288 -0.9238796310421317
vn 0.38259310240659944 -0.008315527966049814 -0.9238795213584612
vn 0.38259310240659944 -0.008315527966049814 -0.9238795213584612
vn 0.38259310240659944 -0.008315527966049814 -0.9238795213584612
vn 0.9236618774000754 -0.020075468123791018 -0.3826822596062932
vn 0.9236618774000754 -0.020075468123791018 -0.3826822596062932
vn 0.9236618774000754 -0.020075468123791018 -0.3826822596062932
vn 0.9236610513312414 -0.020085569430903352 -0.38268372339871237
vn 0.9236610513312414 -0.020085569430903352 -0.38268372339871237
vn 0.9236610513312414 -0.020085569430903352 -0.38268372339871237
vn 0.9997636481393971 -0.021740465933454422 0
vn 0.9997636481393971 -0.021740465933454422 0
vn 0.9997636481393971 -0.021740465933454422 0
vn 0.9997636481393971 -0.021740465933454422 0
vn 0.9997636481393971 -0.021740465933454422 0
vn 0.9997636481393971 -0.021740465933454422 0
vn 0.9236617775735456 -0.020085586433619268 0.3826819696135361
vn 0.9236617775735456 -0.020085586433619268 0.3826819696135361
vn 0.9236617775735456 -0.020085586433619268 0.3826819696135361
vn 0.9236613967154113 -0.02007545872694106 0.3826834203027858
vn 0.9236613967154113 -0.02007545872694106 0.3826834203027858
vn 0.9236613967154113 -0.02007545872694106 0.3826834203027858
vn 0.3825920180952189 -0.008315504434606744 0.923879970599983
vn 0.3825920180952189 -0.008315504434606744 0.923879970599983
vn 0.3825920180952189 -0.008315504434606744 0.923879970599983
vn 0.38259220740751526 -0.008317222021640236 0.9238798767420404
vn 0.38259220740751526 -0.008317222021640236 0.9238798767420404
vn 0.38259220740751526 -0.008317222021640236 0.9238798767420404
vn 0.3826739836350316 -0.002694887143111308 -0.9238795158635034
vn 0.3826739836350316 -0.002694887143111308 -0.9238795158635034
vn 0.3826739836350316 -0.002694887143111308 -0.9238795158635034
vn 0.382673561567753 -0.00269751879382885 -0.923879683004994
vn 0.382673561567753 -0.00269751879382885 -0.923879683004994
vn 0.382673561567753 -0.00269751879382885 -0.923879683004994
vn 0.923856444893007 -0.00651239143515059 -0.38268375715131886
vn 0.923856444893007 -0.00651239143515059 -0.38268375715131886
vn 0.923856444893007 -0.00651239143515059 -0.38268375715131886
vn 0.9238569833954161 -0.006504242377062183 -0.3826825957142842
vn 0.9238569833954161 -0.006504242377062183 -0.3826825957142842
vn 0.9238569833954161 -0.006504242377062183 -0.3826825957142842
vn 0.9999752179182191 -0.007040138451082961 0
vn 0.9999752179182191 -0.007040138451082961 0
vn 0.9999752179182191 -0.007040138451082961 0
vn 0.9999752179182191 -0.007040138451082961 0
vn 0.9999752179182191 -0.007040138451082961 0
vn 0.9999752179182191 -0.007040138451082961 0
vn 0.923856655271303 -0.006504239371174792 0.3826833879084946
vn 0.923856655271303 -0.006504239371174792 0.3826833879084946
vn 0.923856655271303 -0.006504239371174792 0.3826833879084946
vn 0.9238570782661085 -0.006512396400384113 0.3826822280048209
vn 0.9238570782661085 -0.006512396400384113 0.3826822280048209
vn 0.9238570782661085 -0.006512396400384113 0.3826822280048209
vn 0.3826730913428322 -0.0026975155808104155 0.9238798777827189
vn 0.3826730913428322 -0.0026975155808104155 0.9238798777827189
vn 0.3826730913428322 -0.0026975155808104155 0.9238798777827189
vn 0.3826727255877025 -0.00269487848366067 0.9238800369751676
vn 0.3826727255877025 -0.00269487848366067 0.9238800369751676
vn 0.3826727255877025 -0.00269487848366067 0.9238800369751676
vn 0.3826830940244355 0 -0.9238796726565017
vn 0.3826830940244355 0 -0.9238796726565017
vn 0.3826830940244355 0 -0.9238796726565017
vn 0.3826830940244355 0 -0.9238796726565017
vn 0.3826830940244355 0 -0.9238796726565017
vn 0.3826830940244355 0 -0.9238796726565017
vn 0.9238798779669956 0 -0.3826825983601677
vn 0.9238798779669956 0 -0.3826825983601677
vn 0.9238798779669956 0 -0.3826825983601677
vn 0.9238798779669956 0 -0.3826825983601677
vn 0.9238798779669956 0 -0.3826825983601677
vn 0.9238798779669956 0 -0.3826825983601677
vn 1 0 0
vn 1 0 0
vn 1 0 0
vn 1 0 0
vn 1 0 0
vn 1 0 0
vn 0.9238800305938178 0 0.3826822298852745
vn 0.9238800305938178 0 0.3826822298852745
vn 0.9238800305938178 0 0.3826822298852745
vn 0.9238800305938178 0 0.3826822298852745
vn 0.9238800305938178 0 0.3826822298852745
vn 0.9238800305938178 0 0.3826822298852745
vn 0.3826822298852745 0 0.9238800305938178
vn 0.3826822298852745 0 0.9238800305938178
vn 0.3826822298852745 0 0.9238800305938178
vn 0.3826822298852745 0 0.9238800305938178
vn 0.3826822298852745 0 0.9238800305938178
vn 0.3826822298852745 0 0.9238800305938178
vn 0.3818356126657083 0.025455706020931092 -0.9238796306506486
vn 0.3818356126657083 0.025455706020931092 -0.9238796306506486
vn 0.3818356126657083 0.025455706020931092 -0.9238796306506486
vn 0.3818358989530564 0.025456768808895726 -0.923879483045555
vn 0.3818358989530564 0.025456768808895726 -0.923879483045555
vn 0.3818358989530564 0.025456768808895726 -0.923879483045555
vn 0.9218334537928099 0.06145807716372322 -0.38268262074434134
vn 0.9218334537928099 0.06145807716372322 -0.38268262074434134
vn 0.9218334537928099 0.06145807716372322 -0.38268262074434134
vn 0.9218332550593585 0.06145647023561996 -0.3826833575331516
vn 0.9218332550593585 0.06145647023561996 -0.3826833575331516
vn 0.9218332550593585 0.06145647023561996 -0.3826833575331516
vn 0.9977850915261652 0.06652000547295521 0
vn 0.9977850915261652 0.06652000547295521 0
vn 0.9977850915261652 0.06652000547295521 0
vn 0.9977850915261652 0.06652000547295521 0
vn 0.9977850915261652 0.06652000547295521 0
vn 0.9977850915261652 0.06652000547295521 0
vn 0.9218336838054922 0.06145650453081875 0.3826823192315646
vn 0.9218336838054922 0.06145650453081875 0.3826823192315646
vn 0.9218336838054922 0.06145650453081875 0.3826823192315646
vn 0.9218332700746167 0.06145806193559808 0.3826830657432583
vn 0.9218332700746167 0.06145806193559808 0.3826830657432583
vn 0.9218332700746167 0.06145806193559808 0.3826830657432583
vn 0.3818346877908091 0.025456687568069822 0.9238799858519271
vn 0.3818346877908091 0.025456687568069822 0.9238799858519271
vn 0.3818346877908091 0.025456687568069822 0.9238799858519271
vn 0.38183521887734534 0.02545568138266603 0.9238797940805038
vn 0.38183521887734534 0.02545568138266603 0.9238797940805038
vn 0.38183521887734534 0.02545568138266603 0.9238797940805038
vn 0.37288365724550554 0.08605008048017881 -0.9238794086938896
vn 0.37288365724550554 0.08605008048017881 -0.9238794086938896
vn 0.37288365724550554 0.08605008048017881 -0.9238794086938896
vn 0.37288362659232693 0.0860495959960774 -0.923879466190404
vn 0.37288362659232693 0.0860495959960774 -0.923879466190404
vn 0.37288362659232693 0.0860495959960774 -0.923879466190404
vn 0.9002200594224625 0.2077419810725373 -0.382684091534356
vn 0.9002200594224625 0.2077419810725373 -0.382684091534356
vn 0.9002200594224625 0.2077419810725373 -0.382684091534356
vn 0.9002200277418956 0.20774307644759388 -0.38268357142745213
vn 0.9002200277418956 0.20774307644759388 -0.38268357142745213
vn 0.9002200277418956 0.20774307644759388 -0.38268357142745213
vn 0.9743911972014787 0.22485950016903625 0
vn 0.9743911972014787 0.22485950016903625 0
vn 0.9743911972014787 0.22485950016903625 0
vn 0.9743911972014787 0.22485950016903625 0
vn 0.9743911972014787 0.22485950016903625 0
vn 0.9743911972014787 0.22485950016903625 0
vn 0.9002199781598167 0.20774306385933244 0.3826836948973351
vn 0.9002199781598167 0.20774306385933244 0.3826836948973351
vn 0.9002199781598167 0.20774306385933244 0.3826836948973351
vn 0.900220440084376 0.20774206204018042 0.3826831521161945
vn 0.900220440084376 0.20774206204018042 0.3826831521161945
vn 0.900220440084376 0.20774206204018042 0.3826831521161945
vn 0.37288293879720424 0.08604943899349375 0.9238797584117023
vn 0.37288293879720424 0.08604943899349375 0.9238797584117023
vn 0.37288293879720424 0.08604943899349375 0.9238797584117023
vn 0.3728826282347551 0.08604983843118665 0.923879846552953
vn 0.3728826282347551 0.08604983843118665 0.923879846552953
vn 0.3728826282347551 0.08604983843118665 0.923879846552953
vn 0.34838230374114904 0.15835559802821741 -0.9238794699597644
vn 0.34838230374114904 0.15835559802821741 -0.9238794699597644
vn 0.34838230374114904 0.15835559802821741 -0.9238794699597644
vn 0.34838247727555677 0.1583532114426112 -0.9238798135867878
vn 0.34838247727555677 0.1583532114426112 -0.9238798135867878
vn 0.34838247727555677 0.1583532114426112 -0.9238798135867878
vn 0.8410710241257001 0.38229913178070957 -0.38268382016471725
vn 0.8410710241257001 0.38229913178070957 -0.38268382016471725
vn 0.8410710241257001 0.38229913178070957 -0.38268382016471725
vn 0.8410699443749781 0.38230398643793884 -0.3826813434474318
vn 0.8410699443749781 0.38230398643793884 -0.3826813434474318
vn 0.8410699443749781 0.38230398643793884 -0.3826813434474318
vn 0.9103667060830191 0.41380244133590355 0
vn 0.9103667060830191 0.41380244133590355 0
vn 0.9103667060830191 0.41380244133590355 0
vn 0.9103667060830191 0.41380244133590355 0
vn 0.9103667060830191 0.41380244133590355 0
vn 0.9103667060830191 0.41380244133590355 0
vn 0.8410692265867219 0.3823036276589266 0.3826832794461211
vn 0.8410692265867219 0.3823036276589266 0.3826832794461211
vn 0.8410692265867219 0.3823036276589266 0.3826832794461211
vn 0.841072188436577 0.3822996257921947 0.38268076768718734
vn 0.841072188436577 0.3822996257921947 0.38268076768718734
vn 0.841072188436577 0.3822996257921947 0.38268076768718734
vn 0.348382260542353 0.15835311834617988 0.9238799112706373
vn 0.348382260542353 0.15835311834617988 0.9238799112706373
vn 0.348382260542353 0.15835311834617988 0.9238799112706373
vn 0.3483805599845419 0.1583548013476246 0.9238802640575299
vn 0.3483805599845419 0.1583548013476246 0.9238802640575299
vn 0.3483805599845419 0.1583548013476246 0.9238802640575299
vn 0.30207120766711815 0.23494424945039716 -0.9238799625214947
vn 0.30207120766711815 0.23494424945039716 -0.9238799625214947
vn 0.30207120766711815 0.23494424945039716 -0.9238799625214947
vn 0.30207104036678556 0.23494479484723502 -0.9238798785263799
vn 0.30207104036678556 0.23494479484723502 -0.9238798785263799
vn 0.30207104036678556 0.23494479484723502 -0.9238798785263799
vn 0.7292664183999908 0.5672087772773733 -0.38268092972286516
vn 0.7292664183999908 0.5672087772773733 -0.38268092972286516
vn 0.7292664183999908 0.5672087772773733 -0.38268092972286516
vn 0.7292671890259892 0.5672071646585182 -0.3826818513728822
vn 0.7292671890259892 0.5672071646585182 -0.3826818513728822
vn 0.7292671890259892 0.5672071646585182 -0.3826818513728822
vn 0.7893525704190804 0.6139401596025387 0
vn 0.7893525704190804 0.6139401596025387 0
vn 0.7893525704190804 0.6139401596025387 0
vn 0.7893525704190804 0.6139401596025387 0
vn 0.7893525704190804 0.6139401596025387 0
vn 0.7893525704190804 0.6139401596025387 0
vn 0.7292675937709555 0.5672074529692167 0.3826806527271719
vn 0.7292675937709555 0.5672074529692167 0.3826806527271719
vn 0.7292675937709555 0.5672074529692167 0.3826806527271719
vn 0.7292662010181873 0.5672086280707687 0.38268156513552815
vn 0.7292662010181873 0.5672086280707687 0.38268156513552815
vn 0.7292662010181873 0.5672086280707687 0.38268156513552815
vn 0.3020702360456898 0.23494418416532276 0.9238802968037538
vn 0.3020702360456898 0.23494418416532276 0.9238802968037538
vn 0.3020702360456898 0.23494418416532276 0.9238802968037538
vn 0.30207073424094316 0.234943879574354 0.9238802113724967
vn 0.30207073424094316 0.234943879574354 0.9238802113724967
vn 0.30207073424094316 0.234943879574354 0.9238802113724967
vn 0.23494424945039716 0.30207120766711815 -0.9238799625214947
vn 0.23494424945039716 0.30207120766711815 -0.9238799625214947
vn 0.23494424945039716 0.30207120766711815 -0.9238799625214947
vn 0.23494194307694713 0.30207496701095854 -0.9238793198727618
vn 0.23494194307694713 0.30207496701095854 -0.9238793198727618
vn 0.23494194307694713 0.30207496701095854 -0.9238793198727618
vn 0.5671999532529203 0.729273329277154 -0.3826808386043134
vn 0.5671999532529203 0.729273329277154 -0.3826808386043134
vn 0.5671999532529203 0.729273329277154 -0.3826808386043134
vn 0.5672030472530217 0.72926962679287 -0.38268330852582855
vn 0.5672030472530217 0.72926962679287 -0.38268330852582855
vn 0.5672030472530217 0.72926962679287 -0.38268330852582855
vn 0.6139360661288373 0.7893557542111465 0
vn 0.6139360661288373 0.7893557542111465 0
vn 0.6139360661288373 0.7893557542111465 0
vn 0.6139360661288373 0.7893557542111465 0
vn 0.6139360661288373 0.7893557542111465 0
vn 0.6139360661288373 0.7893557542111465 0
vn 0.5672036509712893 0.729270530726428 0.38268069109746555
vn 0.5672036509712893 0.729270530726428 0.38268069109746555
vn 0.5672036509712893 0.729270530726428 0.38268069109746555
vn 0.567199346726605 0.7292726005470009 0.3826831263125236
vn 0.567199346726605 0.7292726005470009 0.3826831263125236
vn 0.567199346726605 0.7292726005470009 0.3826831263125236
vn 0.23494071748353673 0.3020734125352687 0.9238801397949945
vn 0.23494071748353673 0.3020734125352687 0.9238801397949945
vn 0.23494071748353673 0.3020734125352687 0.9238801397949945
vn 0.23494493711780282 0.30207210458334943 0.923879494390528
vn 0.23494493711780282 0.30207210458334943 0.923879494390528
vn 0.23494493711780282 0.30207210458334943 0.923879494390528
vn 0.15835592013064856 0.34838303620835565 -0.9238791385467167
vn 0.15835592013064856 0.34838303620835565 -0.9238791385467167
vn 0.15835592013064856 0.34838303620835565 -0.9238791385467167
vn 0.15835722893495124 0.3483816896086102 -0.9238794219969905
vn 0.15835722893495124 0.3483816896086102 -0.9238794219969905
vn 0.15835722893495124 0.3483816896086102 -0.9238794219969905
vn 0.38230798494036705 0.8410673923557193 -0.38268295776894284
vn 0.38230798494036705 0.8410673923557193 -0.38268295776894284
vn 0.38230798494036705 0.8410673923557193 -0.38268295776894284
vn 0.3823087492759536 0.8410668327596584 -0.38268342407098427
vn 0.3823087492759536 0.8410668327596584 -0.38268342407098427
vn 0.3823087492759536 0.8410668327596584 -0.38268342407098427
vn 0.4138080255907989 0.9103641677683965 0
vn 0.4138080255907989 0.9103641677683965 0
vn 0.4138080255907989 0.9103641677683965 0
vn 0.4138080255907989 0.9103641677683965 0
vn 0.4138080255907989 0.9103641677683965 0
vn 0.4138080255907989 0.9103641677683965 0
vn 0.38230889840409543 0.8410671310392445 0.38268261952492877
vn 0.38230889840409543 0.8410671310392445 0.38268261952492877
vn 0.38230889840409543 0.8410671310392445 0.38268261952492877
vn 0.3823079122466886 0.841067363560192 0.3826830936786807
vn 0.3823079122466886 0.841067363560192 0.3826830936786807
vn 0.3823079122466886 0.841067363560192 0.3826830936786807
vn 0.15835708430514714 0.3483813714229246 0.9238795667703961
vn 0.15835708430514714 0.3483813714229246 0.9238795667703961
vn 0.15835708430514714 0.3483813714229246 0.9238795667703961
vn 0.1583552397945583 0.34838152754802826 0.9238798240533833
vn 0.1583552397945583 0.34838152754802826 0.9238798240533833
vn 0.1583552397945583 0.34838152754802826 0.9238798240533833
vn 0.0860500333243794 0.37288343800254764 -0.9238795015738109
vn 0.0860500333243794 0.37288343800254764 -0.9238795015738109
vn 0.0860500333243794 0.37288343800254764 -0.9238795015738109
vn 0.08604962914813154 0.3728837280311751 -0.9238794221612697
vn 0.08604962914813154 0.3728837280311751 -0.9238794221612697
vn 0.08604962914813154 0.3728837280311751 -0.9238794221612697
vn 0.2077420385334631 0.9002202885515429 -0.382683521341249
vn 0.2077420385334631 0.9002202885515429 -0.382683521341249
vn 0.2077420385334631 0.9002202885515429 -0.382683521341249
vn 0.2077417056307619 0.9002204453643405 -0.3826833331746369
vn 0.2077417056307619 0.9002204453643405 -0.3826833331746369
vn 0.2077417056307619 0.9002204453643405 -0.3826833331746369
vn 0.22485799180286897 0.9743915452847388 0
vn 0.22485799180286897 0.9743915452847388 0
vn 0.22485799180286897 0.9743915452847388 0
vn 0.22485799180286897 0.9743915452847388 0
vn 0.22485799180286897 0.9743915452847388 0
vn 0.22485799180286897 0.9743915452847388 0
vn 0.20774172532681562 0.9002205257470004 0.3826831333911024
vn 0.20774172532681562 0.9002205257470004 0.3826831333911024
vn 0.20774172532681562 0.9002205257470004 0.3826831333911024
vn 0.20774207936696792 0.9002205102001246 0.3826829777705246
vn 0.20774207936696792 0.9002205102001246 0.3826829777705246
vn 0.20774207936696792 0.9002205102001246 0.3826829777705246
vn 0.08604940945455286 0.3728827909269179 0.9238798208441806
vn 0.08604940945455286 0.3728827909269179 0.9238798208441806
vn 0.08604940945455286 0.3728827909269179 0.9238798208441806
vn 0.08604988558699869 0.37288284747776856 0.9238797536732449
vn 0.08604988558699869 0.37288284747776856 0.9238797536732449
vn 0.08604988558699869 0.37288284747776856 0.9238797536732449
vn 0.025455737235916764 0.3818360827531382 -0.9238794355052583
vn 0.025455737235916764 0.3818360827531382 -0.9238794355052583
vn 0.025455737235916764 0.3818360827531382 -0.9238794355052583
vn 0.02545392280343563 0.3818369437783857 -0.9238791296375835
vn 0.02545392280343563 0.3818369437783857 -0.9238791296375835
vn 0.02545392280343563 0.3818369437783857 -0.9238791296375835
vn 0.06145105992922949 0.9218337700035988 -0.3826829859224555
vn 0.06145105992922949 0.9218337700035988 -0.3826829859224555
vn 0.06145105992922949 0.9218337700035988 -0.3826829859224555
vn 0.0614573178372496 0.9218320923768849 -0.38268602214910563
vn 0.0614573178372496 0.9218320923768849 -0.38268602214910563
vn 0.0614573178372496 0.9218320923768849 -0.38268602214910563
vn 0.0665210033891015 0.9977850249969215 0
vn 0.0665210033891015 0.9977850249969215 0
vn 0.0665210033891015 0.9977850249969215 0
vn 0.0665210033891015 0.9977850249969215 0
vn 0.0665210033891015 0.9977850249969215 0
vn 0.0665210033891015 0.9977850249969215 0
vn 0.06145741132581958 0.9218334090235961 0.3826828355192644
vn 0.06145741132581958 0.9218334090235961 0.3826828355192644
vn 0.06145741132581958 0.9218334090235961 0.3826828355192644
vn 0.06145098397838294 0.9218326158381434 0.3826857783418331
vn 0.06145098397838294 0.9218326158381434 0.3826857783418331
vn 0.06145098397838294 0.9218326158381434 0.3826857783418331
vn 0.02545382304135868 0.38183543617226656 0.92387975547455
vn 0.02545382304135868 0.38183543617226656 0.92387975547455
vn 0.02545382304135868 0.38183543617226656 0.92387975547455
vn 0.025455737525592916 0.38183605729595826 0.9238794460186383
vn 0.025455737525592916 0.38183605729595826 0.9238794460186383
vn 0.025455737525592916 0.38183605729595826 0.9238794460186383
vn 0 0.38268450033849405 -0.9238790901414953
vn 0 0.38268450033849405 -0.9238790901414953
vn 0 0.38268450033849405 -0.9238790901414953
vn 0 0.38268447490064456 -0.9238791006782314
vn 0 0.38268447490064456 -0.9238791006782314
vn 0 0.38268447490064456 -0.9238791006782314
vn 0 0.9238784760140226 -0.3826859829651552
vn 0 0.9238784760140226 -0.3826859829651552
vn 0 0.9238784760140226 -0.3826859829651552
vn 0 0.9238784760140226 -0.3826859829651552
vn 0 0.9238784760140226 -0.3826859829651552
vn 0 0.9238784760140226 -0.3826859829651552
vn 0 1 0
vn 0 1 0
vn 0 1 0
vn 0 1 0
vn 0 1 0
vn 0 1 0
vn 0 0.9238786199132315 0.38268563556426155
vn 0 0.9238786199132315 0.38268563556426155
vn 0 0.9238786199132315 0.38268563556426155
vn 0 0.9238786093764687 0.38268566100208445
vn 0 0.9238786093764687 0.38268566100208445
vn 0 0.9238786093764687 0.38268566100208445
vn 0 0.38268361076199653 0.9238794586168484
vn 0 0.38268361076199653 0.9238794586168484
vn 0 0.38268361076199653 0.9238794586168484
vn 0 0.3826836361998657 0.9238794480801317
vn 0 0.3826836361998657 0.9238794480801317
vn 0 0.3826836361998657 0.9238794480801317
vn -0.025455793378822478 0.3818369211714338 -0.923879087442602
vn -0.025455793378822478 0.3818369211714338 -0.923879087442602
vn -0.025455793378822478 0.3818369211714338 -0.923879087442602
vn -0.0254538788946101 0.3818363000480414 -0.923879396899206
vn -0.0254538788946101 0.3818363000480414 -0.923879396899206
vn -0.0254538788946101 0.3818363000480414 -0.923879396899206
vn -0.061450971888339444 0.9218324829152544 -0.3826861004743647
vn -0.061450971888339444 0.9218324829152544 -0.3826861004743647
vn -0.061450971888339444 0.9218324829152544 -0.3826861004743647
vn -0.06145739482361772 0.9218332657994185 -0.38268318317777217
vn -0.06145739482361772 0.9218332657994185 -0.38268318317777217
vn -0.06145739482361772 0.9218332657994185 -0.38268318317777217
vn -0.0665210033891015 0.9977850249969215 0
vn -0.0665210033891015 0.9977850249969215 0
vn -0.0665210033891015 0.9977850249969215 0
vn -0.0665210033891015 0.9977850249969215 0
vn -0.0665210033891015 0.9977850249969215 0
vn -0.0665210033891015 0.9977850249969215 0
vn -0.0614573336386047 0.9218322250886753 0.38268569992892976
vn -0.0614573336386047 0.9218322250886753 0.38268569992892976
vn -0.0614573336386047 0.9218322250886753 0.38268569992892976
vn -0.06145106864273764 0.921833911879372 0.38268264276269387
vn -0.06145106864273764 0.921833911879372 0.38268264276269387
vn -0.06145106864273764 0.921833911879372 0.38268264276269387
vn -0.02545386479910949 0.3818361053781706 0.9238794777439421
vn -0.02545386479910949 0.3818361053781706 0.9238794777439421
vn -0.02545386479910949 0.3818361053781706 0.9238794777439421
vn -0.02545568138266603 0.38183521887734534 0.9238797940805038
vn -0.02545568138266603 0.38183521887734534 0.9238797940805038
vn -0.02545568138266603 0.38183521887734534 0.9238797940805038
vn -0.08605008048017881 0.37288365724550554 -0.9238794086938896
vn -0.08605008048017881 0.37288365724550554 -0.9238794086938896
vn -0.08605008048017881 0.37288365724550554 -0.9238794086938896
vn -0.0860495959960774 0.37288362659232693 -0.923879466190404
vn -0.0860495959960774 0.37288362659232693 -0.923879466190404
vn -0.0860495959960774 0.37288362659232693 -0.923879466190404
vn -0.20774204471338586 0.9002203699685968 -0.3826833264618466
vn -0.20774204471338586 0.9002203699685968 -0.3826833264618466
vn -0.20774204471338586 0.9002203699685968 -0.3826833264618466
vn -0.20774168830396367 0.9002203752485273 -0.3826835075202736
vn -0.20774168830396367 0.9002203752485273 -0.3826835075202736
vn -0.20774168830396367 0.9002203752485273 -0.3826835075202736
vn -0.22485799180286897 0.9743915452847388 0
vn -0.22485799180286897 0.9743915452847388 0
vn -0.22485799180286897 0.9743915452847388 0
vn -0.22485799180286897 0.9743915452847388 0
vn -0.22485799180286897 0.9743915452847388 0
vn -0.22485799180286897 0.9743915452847388 0
vn -0.20774174028433734 0.9002205855958757 0.38268298448331023
vn -0.20774174028433734 0.9002205855958757 0.38268298448331023
vn -0.20774174028433734 0.9002205855958757 0.38268298448331023
vn -0.20774206204018042 0.900220440084376 0.3826831521161945
vn -0.20774206204018042 0.900220440084376 0.3826831521161945
vn -0.20774206204018042 0.900220440084376 0.3826831521161945
vn -0.08604943899349375 0.37288293879720424 0.9238797584117023
vn -0.08604943899349375 0.37288293879720424 0.9238797584117023
vn -0.08604943899349375 0.37288293879720424 0.9238797584117023
vn -0.08604983843118665 0.3728826282347551 0.923879846552953
vn -0.08604983843118665 0.3728826282347551 0.923879846552953
vn -0.08604983843118665 0.3728826282347551 0.923879846552953
vn -0.15835559802821741 0.34838230374114904 -0.9238794699597644
vn -0.15835559802821741 0.34838230374114904 -0.9238794699597644
vn -0.15835559802821741 0.34838230374114904 -0.9238794699597644
vn -0.1583574280112224 0.34838214843788995 -0.9238792148562877
vn -0.1583574280112224 0.34838214843788995 -0.9238792148562877
vn -0.1583574280112224 0.34838214843788995 -0.9238792148562877
vn -0.38230789197530557 0.8410672057140725 -0.38268346084684696
vn -0.38230789197530557 0.8410672057140725 -0.38268346084684696
vn -0.38230789197530557 0.8410672057140725 -0.38268346084684696
vn -0.38230883352066786 0.8410670002168044 -0.38268297186884653
vn -0.38230883352066786 0.8410670002168044 -0.38268297186884653
vn -0.38230883352066786 0.8410670002168044 -0.38268297186884653
vn -0.4138080255907989 0.9103641677683965 0
vn -0.4138080255907989 0.9103641677683965 0
vn -0.4138080255907989 0.9103641677683965 0
vn -0.4138080255907989 0.9103641677683965 0
vn -0.4138080255907989 0.9103641677683965 0
vn -0.4138080255907989 0.9103641677683965 0
vn -0.3823088141594523 0.841066963582255 0.38268307172713945
vn -0.3823088141594523 0.841066963582255 0.38268307172713945
vn -0.3823088141594523 0.841066963582255 0.38268307172713945
vn -0.3823080052116654 0.841067550201654 0.3826825906007031
vn -0.3823080052116654 0.841067550201654 0.3826825906007031
vn -0.3823080052116654 0.841067550201654 0.3826825906007031
vn -0.15835687942164547 0.3483809326000509 0.9238797673618344
vn -0.15835687942164547 0.3483809326000509 0.9238797673618344
vn -0.15835687942164547 0.3483809326000509 0.9238797673618344
vn -0.15835557642462023 0.34838225919346794 0.9238794904610025
vn -0.15835557642462023 0.34838225919346794 0.9238794904610025
vn -0.15835557642462023 0.34838225919346794 0.9238794904610025
vn -0.23494547504361923 0.30207276214245965 -0.9238791425982908
vn -0.23494547504361923 0.30207276214245965 -0.9238791425982908
vn -0.23494547504361923 0.30207276214245965 -0.9238791425982908
vn -0.2349412532946443 0.30207409717777145 -0.9238797796870414
vn -0.2349412532946443 0.30207409717777145 -0.9238797796870414
vn -0.2349412532946443 0.30207409717777145 -0.9238797796870414
vn -0.5671992375529257 0.7292724942409277 -0.3826834907113132
vn -0.5671992375529257 0.7292724942409277 -0.3826834907113132
vn -0.5671992375529257 0.7292724942409277 -0.3826834907113132
vn -0.5672035822269751 0.7292703997659947 -0.382681042558987
vn -0.5672035822269751 0.7292703997659947 -0.382681042558987
vn -0.5672035822269751 0.7292703997659947 -0.382681042558987
vn -0.6139360661288373 0.7893557542111465 0
vn -0.6139360661288373 0.7893557542111465 0
vn -0.6139360661288373 0.7893557542111465 0
vn -0.6139360661288373 0.7893557542111465 0
vn -0.6139360661288373 0.7893557542111465 0
vn -0.6139360661288373 0.7893557542111465 0
vn -0.5672030913427493 0.7292697856588167 0.3826829404302893
vn -0.5672030913427493 0.7292697856588167 0.3826829404302893
vn -0.5672030913427493 0.7292697856588167 0.3826829404302893
vn -0.5671999973419608 0.7292734881420087 0.3826804705083173
vn -0.5671999973419608 0.7292734881420087 0.3826804705083173
vn -0.5671999973419608 0.7292734881420087 0.3826804705083173
vn -0.23494141922968817 0.3020743083941488 0.9238796684301136
vn -0.23494141922968817 0.3020743083941488 0.9238796684301136
vn -0.23494141922968817 0.3020743083941488 0.9238796684301136
vn -0.23494372560277244 0.30207054904990394 0.9238803110774572
vn -0.23494372560277244 0.30207054904990394 0.9238803110774572
vn -0.23494372560277244 0.30207054904990394 0.9238803110774572
vn -0.3020713928581013 0.2349444034219355 -0.9238798628163065
vn -0.3020713928581013 0.2349444034219355 -0.9238798628163065
vn -0.3020713928581013 0.2349444034219355 -0.9238798628163065
vn -0.3020709217458769 0.23494470589789881 -0.9238799399305877
vn -0.3020709217458769 0.23494470589789881 -0.9238799399305877
vn -0.3020709217458769 0.23494470589789881 -0.9238799399305877
vn -0.7292660668074964 0.567208543552988 -0.3826819461689073
vn -0.7292660668074964 0.567208543552988 -0.3826819461689073
vn -0.7292660668074964 0.567208543552988 -0.3826819461689073
vn -0.7292674628104926 0.5672073842247806 -0.3826810041886441
vn -0.7292674628104926 0.5672073842247806 -0.3826810041886441
vn -0.7292674628104926 0.5672073842247806 -0.3826810041886441
vn -0.7893525704190804 0.6139401596025387 0
vn -0.7893525704190804 0.6139401596025387 0
vn -0.7893525704190804 0.6139401596025387 0
vn -0.7893525704190804 0.6139401596025387 0
vn -0.7893525704190804 0.6139401596025387 0
vn -0.7893525704190804 0.6139401596025387 0
vn -0.7292673199867066 0.5672072334031509 0.38268149991154543
vn -0.7292673199867066 0.5672072334031509 0.38268149991154543
vn -0.7292673199867066 0.5672072334031509 0.38268149991154543
vn -0.7292665247052031 0.5672088864501307 0.38268056532361044
vn -0.7292665247052031 0.5672088864501307 0.38268056532361044
vn -0.7292665247052031 0.5672088864501307 0.38268056532361044
vn -0.30207035466664484 0.23494427311469507 0.9238802353996836
vn -0.30207035466664484 0.23494427311469507 0.9238802353996836
vn -0.30207035466664484 0.23494427311469507 0.9238802353996836
vn -0.30207054904990394 0.23494372560277244 0.9238803110774572
vn -0.30207054904990394 0.23494372560277244 0.9238803110774572
vn -0.30207054904990394 0.23494372560277244 0.9238803110774572
vn -0.34838133617799877 0.15835515958143628 -0.9238799099649099
vn -0.34838133617799877 0.15835515958143628 -0.9238799099649099
vn -0.34838133617799877 0.15835515958143628 -0.9238799099649099
vn -0.34838303673552706 0.15835347657985366 -0.9238795571772361
vn -0.34838303673552706 0.15835347657985366 -0.9238795571772361
vn -0.34838303673552706 0.15835347657985366 -0.9238795571772361
vn -0.8410720401744793 0.3822995800745339 -0.38268113921589353
vn -0.8410720401744793 0.3822995800745339 -0.38268113921589353
vn -0.8410720401744793 0.3822995800745339 -0.38268113921589353
vn -0.8410690861812493 0.3823035882219894 -0.3826836274297997
vn -0.8410690861812493 0.3823035882219894 -0.3826836274297997
vn -0.8410690861812493 0.3823035882219894 -0.3826836274297997
vn -0.9103667060830191 0.41380244133590355 0
vn -0.9103667060830191 0.41380244133590355 0
vn -0.9103667060830191 0.41380244133590355 0
vn -0.9103667060830191 0.41380244133590355 0
vn -0.9103667060830191 0.41380244133590355 0
vn -0.9103667060830191 0.41380244133590355 0
vn -0.8410700926373061 0.3823040321555098 0.3826809719187934
vn -0.8410700926373061 0.3823040321555098 0.3826809719187934
vn -0.8410700926373061 0.3823040321555098 0.3826809719187934
vn -0.8410711819714787 0.382299152052199 0.38268345299642825
vn -0.8410711819714787 0.382299152052199 0.38268345299642825
vn -0.8410711819714787 0.382299152052199 0.38268345299642825
vn -0.3483817010821537 0.15835285320883327 0.923880167679622
vn -0.3483817010821537 0.15835285320883327 0.923880167679622
vn -0.3483817010821537 0.15835285320883327 0.923880167679622
vn -0.34838152754802826 0.1583552397945583 0.9238798240533833
vn -0.34838152754802826 0.1583552397945583 0.9238798240533833
vn -0.34838152754802826 0.1583552397945583 0.9238798240533833
vn -0.37288343800254764 0.0860500333243794 -0.9238795015738109
vn -0.37288343800254764 0.0860500333243794 -0.9238795015738109
vn -0.37288343800254764 0.0860500333243794 -0.9238795015738109
vn -0.3728837280311751 0.08604962914813154 -0.9238794221612697
vn -0.3728837280311751 0.08604962914813154 -0.9238794221612697
vn -0.3728837280311751 0.08604962914813154 -0.9238794221612697
vn -0.9002202885515429 0.2077420385334631 -0.382683521341249
vn -0.9002202885515429 0.2077420385334631 -0.382683521341249
vn -0.9002202885515429 0.2077420385334631 -0.382683521341249
vn -0.9002198163598506 0.20774303798331048 -0.3826840895601769
vn -0.9002198163598506 0.20774303798331048 -0.3826840895601769
vn -0.9002198163598506 0.20774303798331048 -0.3826840895601769
vn -0.9743911972014787 0.22485950016903625 0
vn -0.9743911972014787 0.22485950016903625 0
vn -0.9743911972014787 0.22485950016903625 0
vn -0.9743911972014787 0.22485950016903625 0
vn -0.9743911972014787 0.22485950016903625 0
vn -0.9743911972014787 0.22485950016903625 0
vn -0.9002201782403805 0.20774311347049962 0.38268319729828837
vn -0.9002201782403805 0.20774311347049962 0.38268319729828837
vn -0.9002201782403805 0.20774311347049962 0.38268319729828837
vn -0.9002202006886373 0.20774200221003855 0.382683747747241
vn -0.9002202006886373 0.20774200221003855 0.382683747747241
vn -0.9002202006886373 0.20774200221003855 0.382683747747241
vn -0.3728827909269179 0.08604940945455286 0.9238798208441806
vn -0.3728827909269179 0.08604940945455286 0.9238798208441806
vn -0.3728827909269179 0.08604940945455286 0.9238798208441806
vn -0.37288284747776856 0.08604988558699869 0.9238797536732449
vn -0.37288284747776856 0.08604988558699869 0.9238797536732449
vn -0.37288284747776856 0.08604988558699869 0.9238797536732449
vn -0.3818360827531382 0.025455737235916764 -0.9238794355052583
vn -0.3818360827531382 0.025455737235916764 -0.9238794355052583
vn -0.3818360827531382 0.025455737235916764 -0.9238794355052583
vn -0.38183552620960226 0.02545674371101951 -0.9238796377904797
vn -0.38183552620960226 0.02545674371101951 -0.9238796377904797
vn -0.38183552620960226 0.02545674371101951 -0.9238796377904797
vn -0.9218331174742281 0.06145805623265868 -0.38268343425323414
vn -0.9218331174742281 0.06145805623265868 -0.38268343425323414
vn -0.9218331174742281 0.06145805623265868 -0.38268343425323414
vn -0.9218335419298246 0.06145649581753608 -0.38268266239136534
vn -0.9218335419298246 0.06145649581753608 -0.38268266239136534
vn -0.9218335419298246 0.06145649581753608 -0.38268266239136534
vn -0.9977850915261652 0.06652000547295521 0
vn -0.9977850915261652 0.06652000547295521 0
vn -0.9977850915261652 0.06652000547295521 0
vn -0.9977850915261652 0.06652000547295521 0
vn -0.9977850915261652 0.06652000547295521 0
vn -0.9977850915261652 0.06652000547295521 0
vn -0.9218333982836056 0.061456486737802296 0.382683009874682
vn -0.9218333982836056 0.061456486737802296 0.382683009874682
vn -0.9218333982836056 0.061456486737802296 0.382683009874682
vn -0.9218335869255373 0.06145808554257096 0.3826822986988555
vn -0.9218335869255373 0.06145808554257096 0.3826822986988555
vn -0.9218335869255373 0.06145808554257096 0.3826822986988555
vn -0.3818350350953349 0.025456711094205737 0.9238798416644941
vn -0.3818350350953349 0.025456711094205737 0.9238798416644941
vn -0.3818350350953349 0.025456711094205737 0.9238798416644941
vn -0.3818347487897173 0.025455650167667175 0.9238799892254592
vn -0.3818347487897173 0.025455650167667175 0.9238799892254592
vn -0.3818347487897173 0.025455650167667175 0.9238799892254592
vn -0.3826830685865544 0 -0.9238796831932059
vn -0.3826830685865544 0 -0.9238796831932059
vn -0.3826830685865544 0 -0.9238796831932059
vn -0.3826830685865544 0 -0.9238796831932059
vn -0.3826830685865544 0 -0.9238796831932059
vn -0.3826830685865544 0 -0.9238796831932059
vn -0.9238798779669956 0 -0.3826825983601677
vn -0.9238798779669956 0 -0.3826825983601677
vn -0.9238798779669956 0 -0.3826825983601677
vn -0.9238798779669956 0 -0.3826825983601677
vn -0.9238798779669956 0 -0.3826825983601677
vn -0.9238798779669956 0 -0.3826825983601677
vn -1 0 0
vn -1 0 0
vn -1 0 0
vn -1 0 0
vn -1 0 0
vn -1 0 0
vn -0.9238800305938178 0 0.3826822298852745
vn -0.9238800305938178 0 0.3826822298852745
vn -0.9238800305938178 0 0.3826822298852745
vn -0.9238800305938178 0 0.3826822298852745
vn -0.9238800305938178 0 0.3826822298852745
vn -0.9238800305938178 0 0.3826822298852745
vn -0.3826822298852745 0 0.9238800305938178
vn -0.3826822298852745 0 0.9238800305938178
vn -0.3826822298852745 0 0.9238800305938178
vn -0.3826822553231745 0 0.923880020057133
vn -0.3826822553231745 0 0.923880020057133
vn -0.3826822553231745 0 0.923880020057133
vn 0 0.3826830940244355 -0.9238796726565017
vn 0 0.3826830940244355 -0.9238796726565017
vn 0 0.3826830940244355 -0.9238796726565017
vn 0 0.3826830940244355 -0.9238796726565017
vn 0 0.3826830940244355 -0.9238796726565017
vn 0 0.3826830940244355 -0.9238796726565017
vn 0 0.9238798885036886 -0.38268257292227453
vn 0 0.9238798885036886 -0.38268257292227453
vn 0 0.9238798885036886 -0.38268257292227453
vn 0 0.9238798779669956 -0.3826825983601677
vn 0 0.9238798779669956 -0.3826825983601677
vn 0 0.9238798779669956 -0.3826825983601677
vn 0 1 0
vn 0 1 0
vn 0 1 0
vn 0 1 0
vn 0 1 0
vn 0 1 0
vn 0 0.9238800305938178 0.3826822298852745
vn 0 0.9238800305938178 0.3826822298852745
vn 0 0.9238800305938178 0.3826822298852745
vn 0 0.9238800305938178 0.3826822298852745
vn 0 0.9238800305938178 0.3826822298852745
vn 0 0.9238800305938178 0.3826822298852745
vn 0 0.3826822298852745 0.9238800305938178
vn 0 0.3826822298852745 0.9238800305938178
vn 0 0.3826822298852745 0.9238800305938178
vn 0 0.3826822298852745 0.9238800305938178
vn 0 0.3826822298852745 0.9238800305938178
vn 0 0.3826822298852745 0.9238800305938178
vn 0.3826830685865544 0 -0.9238796831932059
vn 0.3826830685865544 0 -0.9238796831932059
vn 0.3826830685865544 0 -0.9238796831932059
vn 0.3826830685865544 0 -0.9238796831932059
vn 0.3826830685865544 0 -0.9238796831932059
vn 0.3826830685865544 0 -0.9238796831932059
vn 0.9238798779669956 0 -0.3826825983601677
vn 0.9238798779669956 0 -0.3826825983601677
vn 0.9238798779669956 0 -0.3826825983601677
vn 0.9238798779669956 0 -0.3826825983601677
vn 0.9238798779669956 0 -0.3826825983601677
vn 0.9238798779669956 0 -0.3826825983601677
vn 1 0 0
vn 1 0 0
vn 1 0 0
vn 1 0 0
vn 1 0 0
vn 1 0 0
vn 0.9238800305938178 0 0.3826822298852745
vn 0.9238800305938178 0 0.3826822298852745
vn 0.9238800305938178 0 0.3826822298852745
vn 0.9238800305938178 0 0.3826822298852745
vn 0.9238800305938178 0 0.3826822298852745
vn 0.9238800305938178 0 0.3826822298852745
vn 0.3826822298852745 0 0.9238800305938178
vn 0.3826822298852745 0 0.9238800305938178
vn 0.3826822298852745 0 0.9238800305938178
vn 0.3826822553231745 0 0.923880020057133
vn 0.3826822553231745 0 0.923880020057133
vn 0.3826822553231745 0 0.923880020057133
vn 0.3818356126657083 0.025455706020931092 -0.9238796306506486
vn 0.3818356126657083 0.025455706020931092 -0.9238796306506486
vn 0.3818356126657083 0.025455706020931092 -0.9238796306506486
vn 0.3818358989530564 0.025456768808895726 -0.923879483045555
vn 0.3818358989530564 0.025456768808895726 -0.923879483045555
vn 0.3818358989530564 0.025456768808895726 -0.923879483045555
vn 0.9218334537928099 0.06145807716372322 -0.38268262074434134
vn 0.9218334537928099 0.06145807716372322 -0.38268262074434134
vn 0.9218334537928099 0.06145807716372322 -0.38268262074434134
vn 0.9218332550593585 0.06145647023561996 -0.3826833575331516
vn 0.9218332550593585 0.06145647023561996 -0.3826833575331516
vn 0.9218332550593585 0.06145647023561996 -0.3826833575331516
vn 0.9977850915261652 0.06652000547295521 0
vn 0.9977850915261652 0.06652000547295521 0
vn 0.9977850915261652 0.06652000547295521 0
vn 0.9977850915261652 0.06652000547295521 0
vn 0.9977850915261652 0.06652000547295521 0
vn 0.9977850915261652 0.06652000547295521 0
vn 0.9218336838054922 0.06145650453081875 0.3826823192315646
vn 0.9218336838054922 0.06145650453081875 0.3826823192315646
vn 0.9218336838054922 0.06145650453081875 0.3826823192315646
vn 0.9218332700746167 0.06145806193559808 0.3826830657432583
vn 0.9218332700746167 0.06145806193559808 0.3826830657432583
vn 0.9218332700746167 0.06145806193559808 0.3826830657432583
vn 0.3818346877908091 0.025456687568069822 0.9238799858519271
vn 0.3818346877908091 0.025456687568069822 0.9238799858519271
vn 0.3818346877908091 0.025456687568069822 0.9238799858519271
vn 0.38183521887734534 0.02545568138266603 0.9238797940805038
vn 0.38183521887734534 0.02545568138266603 0.9238797940805038
vn 0.38183521887734534 0.02545568138266603 0.9238797940805038
vn 0.37288365724550554 0.08605008048017881 -0.9238794086938896
vn 0.37288365724550554 0.08605008048017881 -0.9238794086938896
vn 0.37288365724550554 0.08605008048017881 -0.9238794086938896
vn 0.37288362659232693 0.0860495959960774 -0.923879466190404
vn 0.37288362659232693 0.0860495959960774 -0.923879466190404
vn 0.37288362659232693 0.0860495959960774 -0.923879466190404
vn 0.9002200594224625 0.2077419810725373 -0.382684091534356
vn 0.9002200594224625 0.2077419810725373 -0.382684091534356
vn 0.9002200594224625 0.2077419810725373 -0.382684091534356
vn 0.9002200277418956 0.20774307644759388 -0.38268357142745213
vn 0.9002200277418956 0.20774307644759388 -0.38268357142745213
vn 0.9002200277418956 0.20774307644759388 -0.38268357142745213
vn 0.9743911972014787 0.22485950016903625 0
vn 0.9743911972014787 0.22485950016903625 0
vn 0.9743911972014787 0.22485950016903625 0
vn 0.9743911972014787 0.22485950016903625 0
vn 0.9743911972014787 0.22485950016903625 0
vn 0.9743911972014787 0.22485950016903625 0
vn 0.9002199781598167 0.20774306385933244 0.3826836948973351
vn 0.9002199781598167 0.20774306385933244 0.3826836948973351
vn 0.9002199781598167 0.20774306385933244 0.3826836948973351
vn 0.900220440084376 0.20774206204018042 0.3826831521161945
vn 0.900220440084376 0.20774206204018042 0.3826831521161945
vn 0.900220440084376 0.20774206204018042 0.3826831521161945
vn 0.37288293879720424 0.08604943899349375 0.9238797584117023
vn 0.37288293879720424 0.08604943899349375 0.9238797584117023
vn 0.37288293879720424 0.08604943899349375 0.9238797584117023
vn 0.3728826282347551 0.08604983843118665 0.923879846552953
vn 0.3728826282347551 0.08604983843118665 0.923879846552953
vn 0.3728826282347551 0.08604983843118665 0.923879846552953
vn 0.34838230374114904 0.15835559802821741 -0.9238794699597644
vn 0.34838230374114904 0.15835559802821741 -0.9238794699597644
vn 0.34838230374114904 0.15835559802821741 -0.9238794699597644
vn 0.34838234952621 0.1583546678746058 -0.9238796121253682
vn 0.34838234952621 0.1583546678746058 -0.9238796121253682
vn 0.34838234952621 0.1583546678746058 -0.9238796121253682
vn 0.8410697109552594 0.3823021409661308 -0.3826837001053863
vn 0.8410697109552594 0.3823021409661308 -0.3826837001053863
vn 0.8410697109552594 0.3823021409661308 -0.3826837001053863
vn 0.8410693574188316 0.3823037223489867 -0.38268289730426
vn 0.8410693574188316 0.3823037223489867 -0.38268289730426
vn 0.8410693574188316 0.3823037223489867 -0.38268289730426
vn 0.9103667060830191 0.41380244133590355 0
vn 0.9103667060830191 0.41380244133590355 0
vn 0.9103667060830191 0.41380244133590355 0
vn 0.9103667060830191 0.41380244133590355 0
vn 0.9103667060830191 0.41380244133590355 0
vn 0.9103667060830191 0.41380244133590355 0
vn 0.8410692265867219 0.3823036276589266 0.3826832794461211
vn 0.8410692265867219 0.3823036276589266 0.3826832794461211
vn 0.8410692265867219 0.3823036276589266 0.3826832794461211
vn 0.8410701958575246 0.38230232344600007 0.38268245207740464
vn 0.8410701958575246 0.38230232344600007 0.38268245207740464
vn 0.8410701958575246 0.38230232344600007 0.38268245207740464
vn 0.3483818154293543 0.15835441562074432 0.9238798567625338
vn 0.3483818154293543 0.15835441562074432 0.9238798567625338
vn 0.3483818154293543 0.15835441562074432 0.9238798567625338
vn 0.3483811386292921 0.158355075205174 0.923879998919839
vn 0.3483811386292921 0.158355075205174 0.923879998919839
vn 0.3483811386292921 0.158355075205174 0.923879998919839
vn 0.3020716561252882 0.2349445932841423 -0.9238797284561853
vn 0.3020716561252882 0.2349445932841423 -0.9238797284561853
vn 0.3020716561252882 0.2349445932841423 -0.9238797284561853
vn 0.30207183188580944 0.2349439352581935 -0.9238798383266869
vn 0.30207183188580944 0.2349439352581935 -0.9238798383266869
vn 0.30207183188580944 0.2349439352581935 -0.9238798383266869
vn 0.7292676487232721 0.5672061976532176 -0.38268240862288044
vn 0.7292676487232721 0.5672061976532176 -0.38268240862288044
vn 0.7292676487232721 0.5672061976532176 -0.38268240862288044
vn 0.7292671890259892 0.5672071646585182 -0.3826818513728822
vn 0.7292671890259892 0.5672071646585182 -0.3826818513728822
vn 0.7292671890259892 0.5672071646585182 -0.3826818513728822
vn 0.7893525704190804 0.6139401596025387 0
vn 0.7893525704190804 0.6139401596025387 0
vn 0.7893525704190804 0.6139401596025387 0
vn 0.7893525704190804 0.6139401596025387 0
vn 0.7893525704190804 0.6139401596025387 0
vn 0.7893525704190804 0.6139401596025387 0
vn 0.7292671720954167 0.5672070918856661 0.3826819915002002
vn 0.7292671720954167 0.5672070918856661 0.3826819915002002
vn 0.7292671720954167 0.5672070918856661 0.3826819915002002
vn 0.7292679557767737 0.5672064430953216 0.3826814596871911
vn 0.7292679557767737 0.5672064430953216 0.3826814596871911
vn 0.7292679557767737 0.5672064430953216 0.3826814596871911
vn 0.30207130640887553 0.234943541455043 0.9238801102810894
vn 0.30207130640887553 0.234943541455043 0.9238801102810894
vn 0.30207130640887553 0.234943541455043 0.9238801102810894
vn 0.30207073424094316 0.234943879574354 0.9238802113724967
vn 0.30207073424094316 0.234943879574354 0.9238802113724967
vn 0.30207073424094316 0.234943879574354 0.9238802113724967
vn 0.23494424945039716 0.30207120766711815 -0.9238799625214947
vn 0.23494424945039716 0.30207120766711815 -0.9238799625214947
vn 0.23494424945039716 0.30207120766711815 -0.9238799625214947
vn 0.2349424550976995 0.30207413946483924 -0.9238794602431868
vn 0.2349424550976995 0.30207413946483924 -0.9238794602431868
vn 0.2349424550976995 0.30207413946483924 -0.9238794602431868
vn 0.5672016082661792 0.7292720000815858 -0.38268091862185033
vn 0.5672016082661792 0.7292720000815858 -0.38268091862185033
vn 0.5672016082661792 0.7292720000815858 -0.38268091862185033
vn 0.5672032874471032 0.7292699867035545 -0.3826822666424407
vn 0.5672032874471032 0.7292699867035545 -0.3826822666424407
vn 0.5672032874471032 0.7292699867035545 -0.3826822666424407
vn 0.6139360661288373 0.7893557542111465 0
vn 0.6139360661288373 0.7893557542111465 0
vn 0.6139360661288373 0.7893557542111465 0
vn 0.6139360661288373 0.7893557542111465 0
vn 0.6139360661288373 0.7893557542111465 0
vn 0.6139360661288373 0.7893557542111465 0
vn 0.5672036509712893 0.729270530726428 0.38268069109746555
vn 0.5672036509712893 0.729270530726428 0.38268069109746555
vn 0.5672036509712893 0.729270530726428 0.38268069109746555
vn 0.5672013862593571 0.7292716039502709 0.3826820025782016
vn 0.5672013862593571 0.7292716039502709 0.3826820025782016
vn 0.5672013862593571 0.7292716039502709 0.3826820025782016
vn 0.23494138347560584 0.30207277017998224 0.9238801804597607
vn 0.23494138347560584 0.30207277017998224 0.9238801804597607
vn 0.23494138347560584 0.30207277017998224 0.9238801804597607
vn 0.2349446843485299 0.30207174766322487 0.9238796753690682
vn 0.2349446843485299 0.30207174766322487 0.9238796753690682
vn 0.2349446843485299 0.30207174766322487 0.9238796753690682
vn 0.15835580126753893 0.34838276874905005 -0.9238792597756816
vn 0.15835580126753893 0.34838276874905005 -0.9238792597756816
vn 0.15835580126753893 0.34838276874905005 -0.9238792597756816
vn 0.1583566363264375 0.3483819057882261 -0.9238794420543949
vn 0.1583566363264375 0.3483819057882261 -0.9238794420543949
vn 0.1583566363264375 0.3483819057882261 -0.9238794420543949
vn 0.3823067229029002 0.8410683232824542 -0.3826821725584903
vn 0.3823067229029002 0.8410683232824542 -0.3826821725584903
vn 0.3823067229029002 0.8410683232824542 -0.3826821725584903
vn 0.3823087492759536 0.8410668327596584 -0.38268342407098427
vn 0.3823087492759536 0.8410668327596584 -0.38268342407098427
vn 0.3823087492759536 0.8410668327596584 -0.38268342407098427
vn 0.4138080255907989 0.9103641677683965 0
vn 0.4138080255907989 0.9103641677683965 0
vn 0.4138080255907989 0.9103641677683965 0
vn 0.4138080255907989 0.9103641677683965 0
vn 0.4138080255907989 0.9103641677683965 0
vn 0.4138080255907989 0.9103641677683965 0
vn 0.38230902817078916 0.8410673926837685 0.3826819148368971
vn 0.38230902817078916 0.8410673926837685 0.3826819148368971
vn 0.38230902817078916 0.8410673926837685 0.3826819148368971
vn 0.38230658158512715 0.8410679229762548 0.3826831935388639
vn 0.38230658158512715 0.8410679229762548 0.3826831935388639
vn 0.38230658158512715 0.8410679229762548 0.3826831935388639
vn 0.15835643144295308 0.34838146696542605 0.923879642645984
vn 0.15835643144295308 0.34838146696542605 0.923879642645984
vn 0.15835643144295308 0.34838146696542605 0.923879642645984
vn 0.1583552397945583 0.34838152754802826 0.9238798240533833
vn 0.1583552397945583 0.34838152754802826 0.9238798240533833
vn 0.1583552397945583 0.34838152754802826 0.9238798240533833
vn 0.0860500333243794 0.37288343800254764 -0.9238795015738109
vn 0.0860500333243794 0.37288343800254764 -0.9238795015738109
vn 0.0860500333243794 0.37288343800254764 -0.9238795015738109
vn 0.08604992691984549 0.372883518325077 -0.9238794790656416
vn 0.08604992691984549 0.372883518325077 -0.9238794790656416
vn 0.08604992691984549 0.372883518325077 -0.9238794790656416
vn 0.20774282528276244 0.9002200966844798 -0.38268354559468815
vn 0.20774282528276244 0.9002200966844798 -0.38268354559468815
vn 0.20774282528276244 0.9002200966844798 -0.38268354559468815
vn 0.20774174265359896 0.9002205958627488 -0.3826829590454259
vn 0.20774174265359896 0.9002205958627488 -0.3826829590454259
vn 0.20774174265359896 0.9002205958627488 -0.3826829590454259
vn 0.22485799180286897 0.9743915452847388 0
vn 0.22485799180286897 0.9743915452847388 0
vn 0.22485799180286897 0.9743915452847388 0
vn 0.22485799180286897 0.9743915452847388 0
vn 0.22485799180286897 0.9743915452847388 0
vn 0.22485799180286897 0.9743915452847388 0
vn 0.20774172532681562 0.9002205257470004 0.3826831333911024
vn 0.20774172532681562 0.9002205257470004 0.3826831333911024
vn 0.20774172532681562 0.9002205257470004 0.3826831333911024
vn 0.20774291335806258 0.9002205081464284 0.3826825298626669
vn 0.20774291335806258 0.9002205081464284 0.3826825298626669
vn 0.20774291335806258 0.9002205081464284 0.3826825298626669
vn 0.08604972558750218 0.3728826831378236 0.9238798349040059
vn 0.08604972558750218 0.3728826831378236 0.9238798349040059
vn 0.08604972558750218 0.3728826831378236 0.9238798349040059
vn 0.08604985604805931 0.37288269960748277 0.9238798161057229
vn 0.08604985604805931 0.37288269960748277 0.9238798161057229
vn 0.08604985604805931 0.37288269960748277 0.9238798161057229
vn 0.02545573409239267 0.381836031874987 -0.9238794566196291
vn 0.02545573409239267 0.381836031874987 -0.9238794566196291
vn 0.02545573409239267 0.381836031874987 -0.9238794566196291
vn 0.02545382013467355 0.381836970231236 -0.9238791215333215
vn 0.02545382013467355 0.381836970231236 -0.9238791215333215
vn 0.02545382013467355 0.381836970231236 -0.9238791215333215
vn 0.061450818126638364 0.9218338347278809 -0.38268286883848945
vn 0.061450818126638364 0.9218338347278809 -0.38268286883848945
vn 0.061450818126638364 0.9218338347278809 -0.38268286883848945
vn 0.061457090178783376 0.9218321457453522 -0.38268593015327423
vn 0.061457090178783376 0.9218321457453522 -0.38268593015327423
vn 0.061457090178783376 0.9218321457453522 -0.38268593015327423
vn 0.06652075119030751 0.9977850418106482 0
vn 0.06652075119030751 0.9977850418106482 0
vn 0.06652075119030751 0.9977850418106482 0
vn 0.06652075119030751 0.9977850418106482 0
vn 0.06652075119030751 0.9977850418106482 0
vn 0.06652075119030751 0.9977850418106482 0
vn 0.06145718436823938 0.9218334729050974 0.38268271808543347
vn 0.06145718436823938 0.9218334729050974 0.38268271808543347
vn 0.06145718436823938 0.9218334729050974 0.38268271808543347
vn 0.06145073846459776 0.9218326807737987 0.3826856613456372
vn 0.06145073846459776 0.9218326807737987 0.3826856613456372
vn 0.06145073846459776 0.9218326807737987 0.3826856613456372
vn 0.025453716939371006 0.38183543720415636 0.9238797579712855
vn 0.025453716939371006 0.38183543720415636 0.9238797579712855
vn 0.025453716939371006 0.38183543720415636 0.9238797579712855
vn 0.025455737525592916 0.38183605729595826 0.9238794460186383
vn 0.025455737525592916 0.38183605729595826 0.9238794460186383
vn 0.025455737525592916 0.38183605729595826 0.9238794460186383
vn 0 0.38268450033849405 -0.9238790901414953
vn 0 0.38268450033849405 -0.9238790901414953
vn 0 0.38268450033849405 -0.9238790901414953
vn 0 0.38268450033849405 -0.9238790901414953
vn 0 0.38268450033849405 -0.9238790901414953
vn 0 0.38268450033849405 -0.9238790901414953
vn 0 0.9238784760140226 -0.3826859829651552
vn 0 0.9238784760140226 -0.3826859829651552
vn 0 0.9238784760140226 -0.3826859829651552
vn 0 0.9238784760140226 -0.3826859829651552
vn 0 0.9238784760140226 -0.3826859829651552
vn 0 0.9238784760140226 -0.3826859829651552
vn 0 1 0
vn 0 1 0
vn 0 1 0
vn 0 1 0
vn 0 1 0
vn 0 1 0
vn 0 0.9238786199132315 0.38268563556426155
vn 0 0.9238786199132315 0.38268563556426155
vn 0 0.9238786199132315 0.38268563556426155
vn 0 0.9238786093764687 0.38268566100208445
vn 0 0.9238786093764687 0.38268566100208445
vn 0 0.9238786093764687 0.38268566100208445
vn 0 0.3826836361998657 0.9238794480801317
vn 0 0.3826836361998657 0.9238794480801317
vn 0 0.3826836361998657 0.9238794480801317
vn 0 0.3826836361998657 0.9238794480801317
vn 0 0.3826836361998657 0.9238794480801317
vn 0 0.3826836361998657 0.9238794480801317
vn -0.025455793378822478 0.3818369211714338 -0.923879087442602
vn -0.025455793378822478 0.3818369211714338 -0.923879087442602
vn -0.025455793378822478 0.3818369211714338 -0.923879087442602
vn -0.025453748593923863 0.3818363013152796 -0.9238793999653765
vn -0.025453748593923863 0.3818363013152796 -0.9238793999653765
vn -0.025453748593923863 0.3818363013152796 -0.9238793999653765
vn -0.06145066258293139 0.9218325409249777 -0.38268601040529027
vn -0.06145066258293139 0.9218325409249777 -0.38268601040529027
vn -0.06145066258293139 0.9218325409249777 -0.38268601040529027
vn -0.06145711219774724 0.9218333328467068 -0.38268306705816824
vn -0.06145711219774724 0.9218333328467068 -0.38268306705816824
vn -0.06145711219774724 0.9218333328467068 -0.38268306705816824
vn -0.06652069184941295 0.99778504576681 0
vn -0.06652069184941295 0.99778504576681 0
vn -0.06652069184941295 0.99778504576681 0
vn -0.06652069184941295 0.99778504576681 0
vn -0.06652069184941295 0.99778504576681 0
vn -0.06652069184941295 0.99778504576681 0
vn -0.06145704660061225 0.9218322818339011 0.3826856093349127
vn -0.06145704660061225 0.9218322818339011 0.3826856093349127
vn -0.06145704660061225 0.9218322818339011 0.3826856093349127
vn -0.06145076003814289 0.9218339804021148 0.38268252725559293
vn -0.06145076003814289 0.9218339804021148 0.38268252725559293
vn -0.06145076003814289 0.9218339804021148 0.38268252725559293
vn -0.0254537374718873 0.3818361531112466 0.9238794615240221
vn -0.0254537374718873 0.3818361531112466 0.9238794615240221
vn -0.0254537374718873 0.3818361531112466 0.9238794615240221
vn -0.02545567823913934 0.38183516799915457 0.9238798151948351
vn -0.02545567823913934 0.38183516799915457 0.9238798151948351
vn -0.02545567823913934 0.38183516799915457 0.9238798151948351
vn -0.08605004998499567 0.37288353503381977 -0.9238794608596197
vn -0.08605004998499567 0.37288353503381977 -0.9238794608596197
vn -0.08605004998499567 0.37288353503381977 -0.9238794608596197
vn -0.08604982529658543 0.37288347035487873 -0.923879507891873
vn -0.08604982529658543 0.37288347035487873 -0.923879507891873
vn -0.08604982529658543 0.37288347035487873 -0.923879507891873
vn -0.2077426665032631 0.9002203573472987 -0.3826830186088949
vn -0.2077426665032631 0.9002203573472987 -0.3826830186088949
vn -0.2077426665032631 0.9002203573472987 -0.3826830186088949
vn -0.20774186650867946 0.9002203726085801 -0.3826834169910675
vn -0.20774186650867946 0.9002203726085801 -0.3826834169910675
vn -0.20774186650867946 0.9002203726085801 -0.3826834169910675
vn -0.22485817572350572 0.9743915028417977 0
vn -0.22485817572350572 0.9743915028417977 0
vn -0.22485817572350572 0.9743915028417977 0
vn -0.22485817572350572 0.9743915028417977 0
vn -0.22485817572350572 0.9743915028417977 0
vn -0.22485817572350572 0.9743915028417977 0
vn -0.20774192703820699 0.9002206746396534 0.3826826736367604
vn -0.20774192703820699 0.9002206746396534 0.3826826736367604
vn -0.20774192703820699 0.9002206746396534 0.3826826736367604
vn -0.20774265939544517 0.9002203265466812 0.3826830949225412
vn -0.20774265939544517 0.9002203265466812 0.3826830949225412
vn -0.20774265939544517 0.9002203265466812 0.3826830949225412
vn -0.08604965163338 0.3728826855284495 0.9238798408271854
vn -0.08604965163338 0.3728826855284495 0.9238798408271854
vn -0.08604965163338 0.3728826855284495 0.9238798408271854
vn -0.08604983199202634 0.372882602815254 0.9238798574121343
vn -0.08604983199202634 0.372882602815254 0.9238798574121343
vn -0.08604983199202634 0.372882602815254 0.9238798574121343
vn -0.158355549013778 0.34838223465240176 -0.9238795044133971
vn -0.158355549013778 0.34838223465240176 -0.9238795044133971
vn -0.158355549013778 0.34838223465240176 -0.9238795044133971
vn -0.15835715944032352 0.3483821178655866 -0.9238792724190107
vn -0.15835715944032352 0.3483821178655866 -0.9238792724190107
vn -0.15835715944032352 0.3483821178655866 -0.9238792724190107
vn -0.3823073897184598 0.8410675133790108 -0.3826832864198608
vn -0.3823073897184598 0.8410675133790108 -0.3826832864198608
vn -0.3823073897184598 0.8410675133790108 -0.3826832864198608
vn -0.3823087520063081 0.8410671963942189 -0.38268262214130877
vn -0.3823087520063081 0.8410671963942189 -0.38268262214130877
vn -0.3823087520063081 0.8410671963942189 -0.38268262214130877
vn -0.4138078571874516 0.9103642443164877 0
vn -0.4138078571874516 0.9103642443164877 0
vn -0.4138078571874516 0.9103642443164877 0
vn -0.4138078571874516 0.9103642443164877 0
vn -0.4138078571874516 0.9103642443164877 0
vn -0.4138078571874516 0.9103642443164877 0
vn -0.3823087002033901 0.8410670943484825 0.3826828981715738
vn -0.3823087002033901 0.8410670943484825 0.3826828981715738
vn -0.3823087002033901 0.8410670943484825 0.3826828981715738
vn -0.3823075906494561 0.8410679137041268 0.38268220584343265
vn -0.3823075906494561 0.8410679137041268 0.38268220584343265
vn -0.3823075906494561 0.8410679137041268 0.38268220584343265
vn -0.15835662373404946 0.3483809273908377 0.9238798131520424
vn -0.15835662373404946 0.3483809273908377 0.9238798131520424
vn -0.15835662373404946 0.3483809273908377 0.9238798131520424
vn -0.15835550493176365 0.34838208700802203 0.9238795676438251
vn -0.15835550493176365 0.34838208700802203 0.9238795676438251
vn -0.15835550493176365 0.34838208700802203 0.9238795676438251
vn -0.23494529503000627 0.30207255198375876 -0.9238792570900608
vn -0.23494529503000627 0.30207255198375876 -0.9238792570900608
vn -0.23494529503000627 0.30207255198375876 -0.9238792570900608
vn -0.23494156024847296 0.30207375103235623 -0.9238798148056139
vn -0.23494156024847296 0.30207375103235623 -0.9238798148056139
vn -0.23494156024847296 0.30207375103235623 -0.9238798148056139
vn -0.567200244992381 0.7292720098956604 -0.38268292052732994
vn -0.567200244992381 0.7292720098956604 -0.38268292052732994
vn -0.567200244992381 0.7292720098956604 -0.38268292052732994
vn -0.5672040155986914 0.7292701820980423 -0.3826808150291934
vn -0.5672040155986914 0.7292701820980423 -0.3826808150291934
vn -0.5672040155986914 0.7292701820980423 -0.3826808150291934
vn -0.6139364705252449 0.7893554396841799 0
vn -0.6139364705252449 0.7893554396841799 0
vn -0.6139364705252449 0.7893554396841799 0
vn -0.6139364705252449 0.7893554396841799 0
vn -0.6139364705252449 0.7893554396841799 0
vn -0.6139364705252449 0.7893554396841799 0
vn -0.5672035805217269 0.7292696823177706 0.38268241231531763
vn -0.5672035805217269 0.7292696823177706 0.38268241231531763
vn -0.5672035805217269 0.7292696823177706 0.38268241231531763
vn -0.5672009020761798 0.72927290580742 0.38268023928492784
vn -0.5672009020761798 0.72927290580742 0.38268023928492784
vn -0.5672009020761798 0.72927290580742 0.38268023928492784
vn -0.23494163511914642 0.30207387071077085 0.9238797566357618
vn -0.23494163511914642 0.30207387071077085 0.9238797566357618
vn -0.23494163511914642 0.30207387071077085 0.9238797566357618
vn -0.2349436875969726 0.3020704980565681 0.9238803374150751
vn -0.2349436875969726 0.3020704980565681 0.9238803374150751
vn -0.2349436875969726 0.3020704980565681 0.9238803374150751
vn -0.3020713678902249 0.23494437737973742 -0.9238798776023731
vn -0.3020713678902249 0.23494437737973742 -0.9238798776023731
vn -0.3020713678902249 0.23494437737973742 -0.9238798776023731
vn -0.30207192448129666 0.23494401224395073 -0.9238797884740633
vn -0.30207192448129666 0.23494401224395073 -0.9238797884740633
vn -0.30207192448129666 0.23494401224395073 -0.9238797884740633
vn -0.7292679557767737 0.5672064430953216 -0.3826814596871911
vn -0.7292679557767737 0.5672064430953216 -0.3826814596871911
vn -0.7292679557767737 0.5672064430953216 -0.3826814596871911
vn -0.7292671358731894 0.567207110071969 -0.3826820335724168
vn -0.7292671358731894 0.567207110071969 -0.3826820335724168
vn -0.7292671358731894 0.567207110071969 -0.3826820335724168
vn -0.7893525704190804 0.6139401596025387 0
vn -0.7893525704190804 0.6139401596025387 0
vn -0.7893525704190804 0.6139401596025387 0
vn -0.7893525704190804 0.6139401596025387 0
vn -0.7893525704190804 0.6139401596025387 0
vn -0.7893525704190804 0.6139401596025387 0
vn -0.7292674179749687 0.5672073361072169 0.38268116095030974
vn -0.7292674179749687 0.5672073361072169 0.38268116095030974
vn -0.7292674179749687 0.5672073361072169 0.38268116095030974
vn -0.7292679106449083 0.5672063351425977 0.3826817057003291
vn -0.7292679106449083 0.5672063351425977 0.3826817057003291
vn -0.7292679106449083 0.5672063351425977 0.3826817057003291
vn -0.3020711212178399 0.23494338748348056 0.9238802099861129
vn -0.3020711212178399 0.23494338748348056 0.9238802099861129
vn -0.3020711212178399 0.23494338748348056 0.9238802099861129
vn -0.30207092048950146 0.23494401946728938 0.923880114901917
vn -0.30207092048950146 0.23494401946728938 0.923880114901917
vn -0.30207092048950146 0.23494401946728938 0.923880114901917
vn -0.3483818457338047 0.15835538442445668 -0.9238796792802026
vn -0.3483818457338047 0.15835538442445668 -0.9238796792802026
vn -0.3483818457338047 0.15835538442445668 -0.9238796792802026
vn -0.3483824963485192 0.15835472648411905 -0.9238795467148918
vn -0.3483824963485192 0.15835472648411905 -0.9238795467148918
vn -0.3483824963485192 0.15835472648411905 -0.9238795467148918
vn -0.8410701862747934 0.38230234889256226 -0.382682447717313
vn -0.8410701862747934 0.38230234889256226 -0.382682447717313
vn -0.8410701862747934 0.38230234889256226 -0.382682447717313
vn -0.8410690304763819 0.3823039178201541 -0.38268342058793137
vn -0.8410690304763819 0.3823039178201541 -0.38268342058793137
vn -0.8410690304763819 0.3823039178201541 -0.38268342058793137
vn -0.9103665519683974 0.4138027803884012 0
vn -0.9103665519683974 0.4138027803884012 0
vn -0.9103665519683974 0.4138027803884012 0
vn -0.9103665519683974 0.4138027803884012 0
vn -0.9103665519683974 0.4138027803884012 0
vn -0.9103665519683974 0.4138027803884012 0
vn -0.8410695057955702 0.3823041257464249 0.38268216819974404
vn -0.8410695057955702 0.3823041257464249 0.38268216819974404
vn -0.8410695057955702 0.3823041257464249 0.38268216819974404
vn -0.8410699342220377 0.3823022234859567 0.38268312696724793
vn -0.8410699342220377 0.3823022234859567 0.38268312696724793
vn -0.8410699342220377 0.3823022234859567 0.38268312696724793
vn -0.34838152342874096 0.15835426934666594 0.9238799919433007
vn -0.34838152342874096 0.15835426934666594 0.9238799919433007
vn -0.34838152342874096 0.15835426934666594 0.9238799919433007
vn -0.34838143145198025 0.15835520695174465 0.9238798659191244
vn -0.34838143145198025 0.15835520695174465 0.9238798659191244
vn -0.34838143145198025 0.15835520695174465 0.9238798659191244
vn -0.37288338716358177 0.08605002044606737 -0.9238795232922123
vn -0.37288338716358177 0.08605002044606737 -0.9238795232922123
vn -0.37288338716358177 0.08605002044606737 -0.9238795232922123
vn -0.3728835233454121 0.08604977161619241 -0.9238794915043371
vn -0.3728835233454121 0.08604977161619241 -0.9238794915043371
vn -0.3728835233454121 0.08604977161619241 -0.9238794915043371
vn -0.9002202768180302 0.20774248286058056 -0.38268330773707715
vn -0.9002202768180302 0.20774248286058056 -0.38268330773707715
vn -0.9002202768180302 0.20774248286058056 -0.38268330773707715
vn -0.9002193240724221 0.20774452453398784 -0.3826844406201263
vn -0.9002193240724221 0.20774452453398784 -0.3826844406201263
vn -0.9002193240724221 0.20774452453398784 -0.3826844406201263
vn -0.9743908169693385 0.2248611478353367 0
vn -0.9743908169693385 0.2248611478353367 0
vn -0.9743908169693385 0.2248611478353367 0
vn -0.9743908169693385 0.2248611478353367 0
vn -0.9743908169693385 0.2248611478353367 0
vn -0.9743908169693385 0.2248611478353367 0
vn -0.9002198973350491 0.20774463848543243 0.38268303022557804
vn -0.9002198973350491 0.20774463848543243 0.38268303022557804
vn -0.9002198973350491 0.20774463848543243 0.38268303022557804
vn -0.9002199354712042 0.20774241211192654 0.3826841491231892
vn -0.9002199354712042 0.20774241211192654 0.3826841491231892
vn -0.9002199354712042 0.20774241211192654 0.3826841491231892
vn -0.3728826627386351 0.0860495638446805 0.9238798582018581
vn -0.3728826627386351 0.0860495638446805 0.9238798582018581
vn -0.3728826627386351 0.0860495638446805 0.9238798582018581
vn -0.37288267418798243 0.0860498496088992 0.9238798269649061
vn -0.37288267418798243 0.0860498496088992 0.9238798269649061
vn -0.37288267418798243 0.0860498496088992 0.9238798269649061
vn -0.3818359090919204 0.025455726403560287 -0.9238795075772673
vn -0.3818359090919204 0.025455726403560287 -0.9238795075772673
vn -0.3818359090919204 0.025455726403560287 -0.9238795075772673
vn -0.3818359357802233 0.025455599536089425 -0.9238795000426729
vn -0.3818359357802233 0.025455599536089425 -0.9238795000426729
vn -0.3818359357802233 0.025455599536089425 -0.9238795000426729
vn -0.9218331707554989 0.06145523204099639 -0.38268375945374294
vn -0.9218331707554989 0.06145523204099639 -0.38268375945374294
vn -0.9218331707554989 0.06145523204099639 -0.38268375945374294
vn -0.9218332896927068 0.061454747735112 -0.3826835507245325
vn -0.9218332896927068 0.061454747735112 -0.3826835507245325
vn -0.9218332896927068 0.061454747735112 -0.3826835507245325
vn -0.9977852156806499 0.0665181431574811 0
vn -0.9977852156806499 0.0665181431574811 0
vn -0.9977852156806499 0.0665181431574811 0
vn -0.9977852156806499 0.0665181431574811 0
vn -0.9977852156806499 0.0665181431574811 0
vn -0.9977852156806499 0.0665181431574811 0
vn -0.9218333510025574 0.061454751574081194 0.3826834024208052
vn -0.9218333510025574 0.061454751574081194 0.3826834024208052
vn -0.9218333510025574 0.061454751574081194 0.3826834024208052
vn -0.9218334159948932 0.061455247396876266 0.3826831662388285
vn -0.9218334159948932 0.061455247396876266 0.3826831662388285
vn -0.9218334159948932 0.061455247396876266 0.3826831662388285
vn -0.3818350464833715 0.025455540249631023 0.9238798692187427
vn -0.3818350464833715 0.025455540249631023 0.9238798692187427
vn -0.3818350464833715 0.025455540249631023 0.9238798692187427
vn -0.38183509609424415 0.025455673693831313 0.923879845038029
vn -0.38183509609424415 0.025455673693831313 0.923879845038029
vn -0.38183509609424415 0.025455673693831313 0.923879845038029
vn -0.3826834159879129 0 -0.9238795392949354
vn -0.3826834159879129 0 -0.9238795392949354
vn -0.3826834159879129 0 -0.9238795392949354
vn -0.3826834370613369 0 -0.9238795305660377
vn -0.3826834370613369 0 -0.9238795305660377
vn -0.3826834370613369 0 -0.9238795305660377
vn -0.9238795305660377 0 -0.3826834370613369
vn -0.9238795305660377 0 -0.3826834370613369
vn -0.9238795305660377 0 -0.3826834370613369
vn -0.9238795392949354 0 -0.3826834159879129
vn -0.9238795392949354 0 -0.3826834159879129
vn -0.9238795392949354 0 -0.3826834159879129
vn -1 0 0
vn -1 0 0
vn -1 0 0
vn -1 0 0
vn -1 0 0
vn -1 0 0
vn -0.9238796726565017 0 0.3826830940244355
vn -0.9238796726565017 0 0.3826830940244355
vn -0.9238796726565017 0 0.3826830940244355
vn -0.9238796831932059 0 0.3826830685865544
vn -0.9238796831932059 0 0.3826830685865544
vn -0.9238796831932059 0 0.3826830685865544
vn -0.3826825983601677 0 0.9238798779669956
vn -0.3826825983601677 0 0.9238798779669956
vn -0.3826825983601677 0 0.9238798779669956
vn -0.3826825983601677 0 0.9238798779669956
vn -0.3826825983601677 0 0.9238798779669956
vn -0.3826825983601677 0 0.9238798779669956
vn -0.38266194772158507 -0.004056486862767226 -0.9238795260640077
vn -0.38266194772158507 -0.004056486862767226 -0.9238795260640077
vn -0.38266194772158507 -0.004056486862767226 -0.9238795260640077
vn -0.38266199820435715 -0.004056740551470472 -0.9238795040406226
vn -0.38266199820435715 -0.004056740551470472 -0.9238795040406226
vn -0.38266199820435715 -0.004056740551470472 -0.9238795040406226
vn -0.9238276070022536 -0.009793836818962492 -0.38268346358426975
vn -0.9238276070022536 -0.009793836818962492 -0.38268346358426975
vn -0.9238276070022536 -0.009793836818962492 -0.38268346358426975
vn -0.9238275986317002 -0.009793597380318883 -0.3826834899192005
vn -0.9238275986317002 -0.009793597380318883 -0.3826834899192005
vn -0.9238275986317002 -0.009793597380318883 -0.3826834899192005
vn -0.999943812963187 -0.010600514923489892 0
vn -0.999943812963187 -0.010600514923489892 0
vn -0.999943812963187 -0.010600514923489892 0
vn -0.999943812963187 -0.010600514923489892 0
vn -0.999943812963187 -0.010600514923489892 0
vn -0.999943812963187 -0.010600514923489892 0
vn -0.9238277617797679 -0.009793600008211039 0.3826830959996321
vn -0.9238277617797679 -0.009793600008211039 0.3826830959996321
vn -0.9238277617797679 -0.009793600008211039 0.3826830959996321
vn -0.9238277490865132 -0.009793838292222828 0.3826831205439456
vn -0.9238277490865132 -0.009793838292222828 0.3826831205439456
vn -0.9238277490865132 -0.009793838292222828 0.3826831205439456
vn -0.3826611086343008 -0.0040567312859468045 0.9238798725321609
vn -0.3826611086343008 -0.0040567312859468045 0.9238798725321609
vn -0.3826611086343008 -0.0040567312859468045 0.9238798725321609
vn -0.3826611090268074 -0.004056478436025715 0.9238798734798113
vn -0.3826611090268074 -0.004056478436025715 0.9238798734798113
vn -0.3826611090268074 -0.004056478436025715 0.9238798734798113
vn -0.38247568013756805 -0.012609088059388452 -0.9238795186611809
vn -0.38247568013756805 -0.012609088059388452 -0.9238795186611809
vn -0.38247568013756805 -0.012609088059388452 -0.9238795186611809
vn -0.3824756097039661 -0.012608773846686176 -0.9238795521082076
vn -0.3824756097039661 -0.012608773846686176 -0.9238795521082076
vn -0.3824756097039661 -0.012608773846686176 -0.9238795521082076
vn -0.9233778926666314 -0.030440275323359717 -0.3826834945131143
vn -0.9233778926666314 -0.030440275323359717 -0.3826834945131143
vn -0.9233778926666314 -0.030440275323359717 -0.3826834945131143
vn -0.9233779147042095 -0.030440177227369667 -0.38268344914154817
vn -0.9233779147042095 -0.030440177227369667 -0.38268344914154817
vn -0.9233779147042095 -0.030440177227369667 -0.38268344914154817
vn -0.9994570601880075 -0.03294821452439431 0
vn -0.9994570601880075 -0.03294821452439431 0
vn -0.9994570601880075 -0.03294821452439431 0
vn -0.9994570601880075 -0.03294821452439431 0
vn -0.9994570601880075 -0.03294821452439431 0
vn -0.9994570601880075 -0.03294821452439431 0
vn -0.9233780479039003 -0.030440185139159352 0.3826831271141652
vn -0.9233780479039003 -0.030440185139159352 0.3826831271141652
vn -0.9233780479039003 -0.030440185139159352 0.3826831271141652
vn -0.9233780452861534 -0.030440278185119365 0.38268312602927096
vn -0.9233780452861534 -0.030440278185119365 0.38268312602927096
vn -0.9233780452861534 -0.030440278185119365 0.38268312602927096
vn -0.3824748430072693 -0.012608748970102482 0.9238798698510395
vn -0.3824748430072693 -0.012608748970102482 0.9238798698510395
vn -0.3824748430072693 -0.012608748970102482 0.9238798698510395
vn -0.382474790626376 -0.012609059338668198 0.9238798873002396
vn -0.382474790626376 -0.012609059338668198 0.9238798873002396
vn -0.382474790626376 -0.012609059338668198 0.9238798873002396
vn -0.38206248899155654 -0.0217906363746704 -0.9238795498721484
vn -0.38206248899155654 -0.0217906363746704 -0.9238795498721484
vn -0.38206248899155654 -0.0217906363746704 -0.9238795498721484
vn -0.38206253377700916 -0.021790842120192878 -0.9238795264987663
vn -0.38206253377700916 -0.021790842120192878 -0.9238795264987663
vn -0.38206253377700916 -0.021790842120192878 -0.9238795264987663
vn -0.9223805059078312 -0.05260774859561028 -0.3826834554941129
vn -0.9223805059078312 -0.05260774859561028 -0.3826834554941129
vn -0.9223805059078312 -0.05260774859561028 -0.3826834554941129
vn -0.9223805018958298 -0.05260761425633675 -0.38268348363190885
vn -0.9223805018958298 -0.05260761425633675 -0.38268348363190885
vn -0.9223805018958298 -0.05260761425633675 -0.38268348363190885
vn -0.9983774840107574 -0.05694207074167259 0
vn -0.9983774840107574 -0.05694207074167259 0
vn -0.9983774840107574 -0.05694207074167259 0
vn -0.9983774840107574 -0.05694207074167259 0
vn -0.9983774840107574 -0.05694207074167259 0
vn -0.9983774840107574 -0.05694207074167259 0
vn -0.9223806649708136 -0.05260762080925247 0.38268308967184567
vn -0.9223806649708136 -0.05260762080925247 0.38268308967184567
vn -0.9223806649708136 -0.05260762080925247 0.38268308967184567
vn -0.9223806285301343 -0.052607756240851275 0.38268315888690224
vn -0.9223806285301343 -0.052607756240851275 0.38268315888690224
vn -0.9223806285301343 -0.052607756240851275 0.38268315888690224
vn -0.3820616698204019 -0.021790795571787307 0.9238798848781127
vn -0.3820616698204019 -0.021790795571787307 0.9238798848781127
vn -0.3820616698204019 -0.021790795571787307 0.9238798848781127
vn -0.3820616969782431 -0.021790590529989818 0.9238798784833768
vn -0.3820616969782431 -0.021790590529989818 0.9238798784833768
vn -0.3820616969782431 -0.021790590529989818 0.9238798784833768
vn -0.3813719059529311 -0.03165537786049899 -0.9238795410670904
vn -0.3813719059529311 -0.03165537786049899 -0.9238795410670904
vn -0.3813719059529311 -0.03165537786049899 -0.9238795410670904
vn -0.38137192200702014 -0.031655788974991925 -0.9238795203537321
vn -0.38137192200702014 -0.031655788974991925 -0.9238795203537321
vn -0.38137192200702014 -0.031655788974991925 -0.9238795203537321
vn -0.920713186419134 -0.07642382384633932 -0.38268345600852505
vn -0.920713186419134 -0.07642382384633932 -0.38268345600852505
vn -0.920713186419134 -0.07642382384633932 -0.38268345600852505
vn -0.9207131947450445 -0.07642310928168786 -0.3826835786783811
vn -0.9207131947450445 -0.07642310928168786 -0.3826835786783811
vn -0.9207131947450445 -0.07642310928168786 -0.3826835786783811
vn -0.99657284569123 -0.0827197874204483 0
vn -0.99657284569123 -0.0827197874204483 0
vn -0.99657284569123 -0.0827197874204483 0
vn -0.99657284569123 -0.0827197874204483 0
vn -0.99657284569123 -0.0827197874204483 0
vn -0.99657284569123 -0.0827197874204483 0
vn -0.920713377912331 -0.07642313199477649 0.3826831334529575
vn -0.920713377912331 -0.07642313199477649 0.3826831334529575
vn -0.920713377912331 -0.07642313199477649 0.3826831334529575
vn -0.9207132679518365 -0.0764238405676398 0.38268325650639845
vn -0.9207132679518365 -0.0764238405676398 0.38268325650639845
vn -0.9207132679518365 -0.0764238405676398 0.38268325650639845
vn -0.3813710583347229 -0.03165571451857822 0.9238798794231703
vn -0.3813710583347229 -0.03165571451857822 0.9238798794231703
vn -0.3813710583347229 -0.03165571451857822 0.9238798794231703
vn -0.38137116506289026 -0.03165531115123575 0.9238798491873779
vn -0.38137116506289026 -0.03165531115123575 0.9238798491873779
vn -0.38137116506289026 -0.03165531115123575 0.9238798491873779
vn -0.3803429271346036 -0.0422603223397302 -0.9238794958945804
vn -0.3803429271346036 -0.0422603223397302 -0.9238794958945804
vn -0.3803429271346036 -0.0422603223397302 -0.9238794958945804
vn -0.38034292593703983 -0.04226039671247262 -0.9238794929856143
vn -0.38034292593703983 -0.04226039671247262 -0.9238794929856143
vn -0.38034292593703983 -0.04226039671247262 -0.9238794929856143
vn -0.918228749979485 -0.10202558388853034 -0.3826836068390139
vn -0.918228749979485 -0.10202558388853034 -0.3826836068390139
vn -0.918228749979485 -0.10202558388853034 -0.3826836068390139
vn -0.9182287872410992 -0.102024948106629 -0.3826836869342353
vn -0.9182287872410992 -0.102024948106629 -0.3826836869342353
vn -0.9182287872410992 -0.102024948106629 -0.3826836869342353
vn -0.9938837905528463 -0.11043102316064111 0
vn -0.9938837905528463 -0.11043102316064111 0
vn -0.9938837905528463 -0.11043102316064111 0
vn -0.9938837905528463 -0.11043102316064111 0
vn -0.9938837905528463 -0.11043102316064111 0
vn -0.9938837905528463 -0.11043102316064111 0
vn -0.9182289709771329 -0.10202496355468765 0.38268324195075515
vn -0.9182289709771329 -0.10202496355468765 0.38268324195075515
vn -0.9182289709771329 -0.10202496355468765 0.38268324195075515
vn -0.9182288503623288 -0.10202560414844125 0.3826833605742766
vn -0.9182288503623288 -0.10202560414844125 0.3826833605742766
vn -0.9182288503623288 -0.10202560414844125 0.3826833605742766
vn -0.38034203715345744 -0.04226029671697881 0.9238798634537669
vn -0.38034203715345744 -0.04226029671697881 0.9238798634537669
vn -0.38034203715345744 -0.04226029671697881 0.9238798634537669
vn -0.38034206372237594 -0.04226022930248622 0.9238798555995824
vn -0.38034206372237594 -0.04226022930248622 0.9238798555995824
vn -0.38034206372237594 -0.04226022930248622 0.9238798555995824
vn -0.3789021335126667 -0.05366425162847818 -0.9238794950190771
vn -0.3789021335126667 -0.05366425162847818 -0.9238794950190771
vn -0.3789021335126667 -0.05366425162847818 -0.9238794950190771
vn -0.3789021766855505 -0.05366338552950123 -0.9238795276206005
vn -0.3789021766855505 -0.05366338552950123 -0.9238795276206005
vn -0.3789021766855505 -0.05366338552950123 -0.9238795276206005
vn -0.9147506187197565 -0.12955483554800898 -0.38268374689546353
vn -0.9147506187197565 -0.12955483554800898 -0.38268374689546353
vn -0.9147506187197565 -0.12955483554800898 -0.38268374689546353
vn -0.9147503327518763 -0.12955816021431865 -0.38268330490395386
vn -0.9147503327518763 -0.12955816021431865 -0.38268330490395386
vn -0.9147503327518763 -0.12955816021431865 -0.38268330490395386
vn -0.9901185696868201 -0.14023272785382723 0
vn -0.9901185696868201 -0.14023272785382723 0
vn -0.9901185696868201 -0.14023272785382723 0
vn -0.9901185696868201 -0.14023272785382723 0
vn -0.9901185696868201 -0.14023272785382723 0
vn -0.9901185696868201 -0.14023272785382723 0
vn -0.9147502934907078 -0.1295581481944499 0.3826834028215607
vn -0.9147502934907078 -0.1295581481944499 0.3826834028215607
vn -0.9147502934907078 -0.1295581481944499 0.3826834028215607
vn -0.9147509524153443 -0.12955490020488053 0.38268292735386567
vn -0.9147509524153443 -0.12955490020488053 0.38268292735386567
vn -0.9147509524153443 -0.12955490020488053 0.38268292735386567
vn -0.3789014156742283 -0.05366327151135412 0.9238798463494939
vn -0.3789014156742283 -0.05366327151135412 0.9238798463494939
vn -0.3789014156742283 -0.05366327151135412 0.9238798463494939
vn -0.3789011943656219 -0.053664115850247676 0.9238798880689613
vn -0.3789011943656219 -0.053664115850247676 0.9238798880689613
vn -0.3789011943656219 -0.053664115850247676 0.9238798880689613
vn -0.37696197076379007 -0.06592608891642725 -0.9238795502651105
vn -0.37696197076379007 -0.06592608891642725 -0.9238795502651105
vn -0.37696197076379007 -0.06592608891642725 -0.9238795502651105
vn -0.37696195280839845 -0.06592661997954348 -0.9238795196955888
vn -0.37696195280839845 -0.06592661997954348 -0.9238795196955888
vn -0.37696195280839845 -0.06592661997954348 -0.9238795196955888
vn -0.9100666634127402 -0.15916092679706775 -0.38268324698881306
vn -0.9100666634127402 -0.15916092679706775 -0.38268324698881306
vn -0.9100666634127402 -0.15916092679706775 -0.38268324698881306
vn -0.9100669893551655 -0.15915817496493298 -0.3826836163567195
vn -0.9100669893551655 -0.15915817496493298 -0.3826836163567195
vn -0.9100669893551655 -0.15915817496493298 -0.3826836163567195
vn -0.9850494924205456 -0.17227158059884753 0
vn -0.9850494924205456 -0.17227158059884753 0
vn -0.9850494924205456 -0.17227158059884753 0
vn -0.9850494924205456 -0.17227158059884753 0
vn -0.9850494924205456 -0.17227158059884753 0
vn -0.9850494924205456 -0.17227158059884753 0
vn -0.9100672706366603 -0.1591582316416801 0.38268292386339
vn -0.9100672706366603 -0.1591582316416801 0.38268292386339
vn -0.9100672706366603 -0.1591582316416801 0.38268292386339
vn -0.9100666426543926 -0.15916092316665476 0.3826832978645664
vn -0.9100666426543926 -0.15916092316665476 0.3826832978645664
vn -0.9100666426543926 -0.15916092316665476 0.3826832978645664
vn -0.376961090876915 -0.06592645647528803 0.9238798830483852
vn -0.376961090876915 -0.06592645647528803 0.9238798830483852
vn -0.376961090876915 -0.06592645647528803 0.9238798830483852
vn -0.3769612055522535 -0.06592595649344288 0.9238798719362905
vn -0.3769612055522535 -0.06592595649344288 0.9238798719362905
vn -0.3769612055522535 -0.06592595649344288 0.9238798719362905
vn -0.37441877203474405 -0.0791025548486851 -0.9238795208058274
vn -0.37441877203474405 -0.0791025548486851 -0.9238795208058274
vn -0.37441877203474405 -0.0791025548486851 -0.9238795208058274
vn -0.37441889076501317 -0.07910131050050273 -0.9238795792284836
vn -0.37441889076501317 -0.07910131050050273 -0.9238795792284836
vn -0.37441889076501317 -0.07910131050050273 -0.9238795792284836
vn -0.9039273384367985 -0.19096747299217776 -0.38268366973983536
vn -0.9039273384367985 -0.19096747299217776 -0.38268366973983536
vn -0.9039273384367985 -0.19096747299217776 -0.38268366973983536
vn -0.9039265541717962 -0.19097280562104293 -0.38268286109562066
vn -0.9039265541717962 -0.19097280562104293 -0.38268286109562066
vn -0.9039265541717962 -0.19097280562104293 -0.38268286109562066
vn -0.9784027988133241 -0.20670743400819913 0
vn -0.9784027988133241 -0.20670743400819913 0
vn -0.9784027988133241 -0.20670743400819913 0
vn -0.9784027988133241 -0.20670743400819913 0
vn -0.9784027988133241 -0.20670743400819913 0
vn -0.9784027988133241 -0.20670743400819913 0
vn -0.90392637197122 -0.19097277510322383 0.3826833066967006
vn -0.90392637197122 -0.19097277510322383 0.3826833066967006
vn -0.90392637197122 -0.19097277510322383 0.3826833066967006
vn -0.9039278277547107 -0.19096759483820414 0.382682453128389
vn -0.9039278277547107 -0.19096759483820414 0.382682453128389
vn -0.9039278277547107 -0.19096759483820414 0.382682453128389
vn -0.3744182025058878 -0.07910116834672523 0.9238798703286282
vn -0.3744182025058878 -0.07910116834672523 0.9238798703286282
vn -0.3744182025058878 -0.07910116834672523 0.9238798703286282
vn -0.3744177882814031 -0.07910234617397018 0.9238799373556262
vn -0.3744177882814031 -0.07910234617397018 0.9238799373556262
vn -0.3744177882814031 -0.07910234617397018 0.9238799373556262
vn -0.3685464510828376 -0.10305327781855823 -0.9238796108395815
vn -0.3685464510828376 -0.10305327781855823 -0.9238796108395815
vn -0.3685464510828376 -0.10305327781855823 -0.9238796108395815
vn -0.3685461792353244 -0.10305540021990049 -0.9238794825390162
vn -0.3685461792353244 -0.10305540021990049 -0.9238794825390162
vn -0.3685461792353244 -0.10305540021990049 -0.9238794825390162
vn -0.8897492201942612 -0.24879774206301197 -0.3826826475136428
vn -0.8897492201942612 -0.24879774206301197 -0.3826826475136428
vn -0.8897492201942612 -0.24879774206301197 -0.3826826475136428
vn -0.8897507811524815 -0.24878995189797878 -0.3826840828583684
vn -0.8897507811524815 -0.24878995189797878 -0.3826840828583684
vn -0.8897507811524815 -0.24878995189797878 -0.3826840828583684
vn -0.9630595855615893 -0.26928838567220054 0
vn -0.9630595855615893 -0.26928838567220054 0
vn -0.9630595855615893 -0.26928838567220054 0
vn -0.9630595855615893 -0.26928838567220054 0
vn -0.9630595855615893 -0.26928838567220054 0
vn -0.9630595855615893 -0.26928838567220054 0
vn -0.8897514431305088 -0.24879014738219654 0.3826824166495262
vn -0.8897514431305088 -0.24879014738219654 0.3826824166495262
vn -0.8897514431305088 -0.24879014738219654 0.3826824166495262
vn -0.8897487514851955 -0.24879762512655504 0.38268381330012124
vn -0.8897487514851955 -0.24879762512655504 0.38268381330012124
vn -0.8897487514851955 -0.24879762512655504 0.38268381330012124
vn -0.3685451468033504 -0.10305511262508989 0.9238799264674641
vn -0.3685451468033504 -0.10305511262508989 0.9238799264674641
vn -0.3685451468033504 -0.10305511262508989 0.9238799264674641
vn -0.3685459832214307 -0.10305314621791481 0.9238798121541233
vn -0.3685459832214307 -0.10305314621791481 0.9238798121541233
vn -0.3685459832214307 -0.10305314621791481 0.9238798121541233
vn -0.3585211606225608 -0.13382586730767154 -0.9238794372780473
vn -0.3585211606225608 -0.13382586730767154 -0.9238794372780473
vn -0.3585211606225608 -0.13382586730767154 -0.9238794372780473
vn -0.35852160794322496 -0.13382384085645652 -0.9238795572239004
vn -0.35852160794322496 -0.13382384085645652 -0.9238795572239004
vn -0.35852160794322496 -0.13382384085645652 -0.9238795572239004
vn -0.8655475205932337 -0.32307922197712563 -0.3826843424044952
vn -0.8655475205932337 -0.32307922197712563 -0.3826843424044952
vn -0.8655475205932337 -0.32307922197712563 -0.3826843424044952
vn -0.8655462543948507 -0.32308364955670027 -0.3826834682765479
vn -0.8655462543948507 -0.32308364955670027 -0.3826834682765479
vn -0.8655462543948507 -0.32308364955670027 -0.3826834682765479
vn -0.936860528182983 -0.3497032323738264 0
vn -0.936860528182983 -0.3497032323738264 0
vn -0.936860528182983 -0.3497032323738264 0
vn -0.936860528182983 -0.3497032323738264 0
vn -0.936860528182983 -0.3497032323738264 0
vn -0.936860528182983 -0.3497032323738264 0
vn -0.865546091552739 -0.32308354386284993 0.3826839258223419
vn -0.865546091552739 -0.32308354386284993 0.3826839258223419
vn -0.865546091552739 -0.32308354386284993 0.3826839258223419
vn -0.8655480063318318 -0.3230794339159844 0.3826830648402386
vn -0.8655480063318318 -0.3230794339159844 0.3826830648402386
vn -0.8655480063318318 -0.3230794339159844 0.3826830648402386
vn -0.35852102026366106 -0.13382362046210985 0.9238798172032532
vn -0.35852102026366106 -0.13382362046210985 0.9238798172032532
vn -0.35852102026366106 -0.13382362046210985 0.9238798172032532
vn -0.35852003577675357 -0.13382545292786743 0.9238799338091971
vn -0.35852003577675357 -0.13382545292786743 0.9238799338091971
vn -0.35852003577675357 -0.13382545292786743 0.9238799338091971
vn -0.3474152328065948 -0.16046534210205923 -0.9238796079565825
vn -0.3474152328065948 -0.16046534210205923 -0.9238796079565825
vn -0.3474152328065948 -0.16046534210205923 -0.9238796079565825
vn -0.34741518457454507 -0.16046561557577876 -0.923879578595025
vn -0.34741518457454507 -0.16046561557577876 -0.923879578595025
vn -0.34741518457454507 -0.16046561557577876 -0.923879578595025
vn -0.8387346894841317 -0.3873983635959431 -0.38268345736279563
vn -0.8387346894841317 -0.3873983635959431 -0.38268345736279563
vn -0.8387346894841317 -0.3873983635959431 -0.38268345736279563
vn -0.8387340951715644 -0.38739994391989246 -0.3826831601306768
vn -0.8387340951715644 -0.38739994391989246 -0.3826831601306768
vn -0.8387340951715644 -0.38739994391989246 -0.3826831601306768
vn -0.9078391335844989 -0.41931862292598765 0
vn -0.9078391335844989 -0.41931862292598765 0
vn -0.9078391335844989 -0.41931862292598765 0
vn -0.9078391335844989 -0.41931862292598765 0
vn -0.9078391335844989 -0.41931862292598765 0
vn -0.9078391335844989 -0.41931862292598765 0
vn -0.8387341143028317 -0.3873999527563663 0.3826831092549158
vn -0.8387341143028317 -0.3873999527563663 0.3826831092549158
vn -0.8387341143028317 -0.3873999527563663 0.3826831092549158
vn -0.8387349222075211 -0.3873985099770364 0.3826827991132022
vn -0.8387349222075211 -0.3873985099770364 0.3826827991132022
vn -0.8387349222075211 -0.3873985099770364 0.3826827991132022
vn -0.3474143638811088 -0.16046523564240578 0.9238799531970112
vn -0.3474143638811088 -0.16046523564240578 0.9238799531970112
vn -0.3474143638811088 -0.16046523564240578 0.9238799531970112
vn -0.34741450112481104 -0.16046500555363213 0.9238799415513205
vn -0.34741450112481104 -0.16046500555363213 0.9238799415513205
vn -0.34741450112481104 -0.16046500555363213 0.9238799415513205
vn -0.33589992490091497 -0.18335147509299066 -0.9238795792920114
vn -0.33589992490091497 -0.18335147509299066 -0.9238795792920114
vn -0.33589992490091497 -0.18335147509299066 -0.9238795792920114
vn -0.3358990172759575 -0.18335392638534512 -0.9238794227993842
vn -0.3358990172759575 -0.18335392638534512 -0.9238794227993842
vn -0.3358990172759575 -0.18335392638534512 -0.9238794227993842
vn -0.810931564958978 -0.44265529599692194 -0.38268300965558993
vn -0.810931564958978 -0.44265529599692194 -0.38268300965558993
vn -0.810931564958978 -0.44265529599692194 -0.38268300965558993
vn -0.8109346855390803 -0.44264833379194746 -0.3826844501424716
vn -0.8109346855390803 -0.44264833379194746 -0.3826844501424716
vn -0.8109346855390803 -0.44264833379194746 -0.3826844501424716
vn -0.8777497806716786 -0.47911931972194566 0
vn -0.8777497806716786 -0.47911931972194566 0
vn -0.8777497806716786 -0.47911931972194566 0
vn -0.8777497806716786 -0.47911931972194566 0
vn -0.8777497806716786 -0.47911931972194566 0
vn -0.8777497806716786 -0.47911931972194566 0
vn -0.8109352981223835 -0.44264869771360427 0.38268273108622386
vn -0.8109352981223835 -0.44264869771360427 0.38268273108622386
vn -0.8109352981223835 -0.44264869771360427 0.38268273108622386
vn -0.8109311576901839 -0.4426550332148181 0.3826841766481157
vn -0.8109311576901839 -0.4426550332148181 0.3826841766481157
vn -0.8109311576901839 -0.4426550332148181 0.3826841766481157
vn -0.3358979796981797 -0.18335334824420374 0.9238799147737335
vn -0.3358979796981797 -0.18335334824420374 0.9238799147737335
vn -0.3358979796981797 -0.18335334824420374 0.9238799147737335
vn -0.33589958958471733 -0.1833512921902731 0.9238797375031967
vn -0.33589958958471733 -0.1833512921902731 0.9238797375031967
vn -0.33589958958471733 -0.1833512921902731 0.9238797375031967
vn -0.324437617557067 -0.20294609622174245 -0.9238793830052977
vn -0.324437617557067 -0.20294609622174245 -0.9238793830052977
vn -0.324437617557067 -0.20294609622174245 -0.9238793830052977
vn -0.32443857738065635 -0.2029439393998897 -0.9238795197254183
vn -0.32443857738065635 -0.2029439393998897 -0.9238795197254183
vn -0.32443857738065635 -0.2029439393998897 -0.9238795197254183
vn -0.7832635689800139 -0.4899496764606616 -0.3826845908117856
vn -0.7832635689800139 -0.4899496764606616 -0.3826845908117856
vn -0.7832635689800139 -0.4899496764606616 -0.3826845908117856
vn -0.7832585471346203 -0.489959293193227 -0.38268255689821695
vn -0.7832585471346203 -0.489959293193227 -0.38268255689821695
vn -0.7832585471346203 -0.489959293193227 -0.38268255689821695
vn -0.8477926108571395 -0.5303279070311452 0
vn -0.8477926108571395 -0.5303279070311452 0
vn -0.8477926108571395 -0.5303279070311452 0
vn -0.8477926108571395 -0.5303279070311452 0
vn -0.8477926108571395 -0.5303279070311452 0
vn -0.8477926108571395 -0.5303279070311452 0
vn -0.7832580035952038 -0.48995893112552 0.3826841329535281
vn -0.7832580035952038 -0.48995893112552 0.3826841329535281
vn -0.7832580035952038 -0.48995893112552 0.3826841329535281
vn -0.7832644156366222 -0.4899502503309072 0.38268212317549133
vn -0.7832644156366222 -0.4899502503309072 0.38268212317549133
vn -0.7832644156366222 -0.4899502503309072 0.38268212317549133
vn -0.32443809889409475 -0.20294364034492532 0.9238797534471331
vn -0.32443809889409475 -0.20294364034492532 0.9238797534471331
vn -0.32443809889409475 -0.20294364034492532 0.9238797534471331
vn -0.324436541943466 -0.20294540906062852 0.9238799116730375
vn -0.324436541943466 -0.20294540906062852 0.9238799116730375
vn -0.324436541943466 -0.20294540906062852 0.9238799116730375
vn -0.31332310648610623 -0.21971618858786568 -0.9238795524386917
vn -0.31332310648610623 -0.21971618858786568 -0.9238795524386917
vn -0.31332310648610623 -0.21971618858786568 -0.9238795524386917
vn -0.3133221506622946 -0.21971807952796593 -0.9238794268912457
vn -0.3133221506622946 -0.21971807952796593 -0.9238794268912457
vn -0.3133221506622946 -0.21971807952796593 -0.9238794268912457
vn -0.7564263991913124 -0.5304462946202662 -0.38268241549631593
vn -0.7564263991913124 -0.5304462946202662 -0.38268241549631593
vn -0.7564263991913124 -0.5304462946202662 -0.38268241549631593
vn -0.7564297215738242 -0.5304406809300545 -0.3826836295612956
vn -0.7564297215738242 -0.5304406809300545 -0.3826836295612956
vn -0.7564297215738242 -0.5304406809300545 -0.3826836295612956
vn -0.8187537115784457 -0.5741448944095204 0
vn -0.8187537115784457 -0.5741448944095204 0
vn -0.8187537115784457 -0.5741448944095204 0
vn -0.8187537115784457 -0.5741448944095204 0
vn -0.8187537115784457 -0.5741448944095204 0
vn -0.8187537115784457 -0.5741448944095204 0
vn -0.756430222051239 -0.5304410551354766 0.3826821216026109
vn -0.756430222051239 -0.5304410551354766 0.3826821216026109
vn -0.756430222051239 -0.5304410551354766 0.3826821216026109
vn -0.7564260999206037 -0.5304460553268845 0.38268333873720267
vn -0.7564260999206037 -0.5304460553268845 0.38268333873720267
vn -0.7564260999206037 -0.5304460553268845 0.38268333873720267
vn -0.3133211977164253 -0.21971742438769887 0.923879905876289
vn -0.3133211977164253 -0.21971742438769887 0.923879905876289
vn -0.3133211977164253 -0.21971742438769887 0.923879905876289
vn -0.31332272379356024 -0.21971592368921303 0.9238797452222774
vn -0.31332272379356024 -0.21971592368921303 0.9238797452222774
vn -0.31332272379356024 -0.21971592368921303 0.9238797452222774
vn -0.3027310404362555 -0.23409566538126952 -0.9238793950543994
vn -0.3027310404362555 -0.23409566538126952 -0.9238793950543994
vn -0.3027310404362555 -0.23409566538126952 -0.9238793950543994
vn -0.3027319062048213 -0.2340940572166843 -0.9238795188450858
vn -0.3027319062048213 -0.2340940572166843 -0.9238795188450858
vn -0.3027319062048213 -0.2340940572166843 -0.9238795188450858
vn -0.7308593272457613 -0.5651529338616559 -0.38268368808382197
vn -0.7308593272457613 -0.5651529338616559 -0.38268368808382197
vn -0.7308593272457613 -0.5651529338616559 -0.38268368808382197
vn -0.7308579440113562 -0.5651550700961944 -0.38268317498951904
vn -0.7308579440113562 -0.5651550700961944 -0.38268317498951904
vn -0.7308579440113562 -0.5651550700961944 -0.38268317498951904
vn -0.7910748559449907 -0.6117193574602755 0
vn -0.7910748559449907 -0.6117193574602755 0
vn -0.7910748559449907 -0.6117193574602755 0
vn -0.7910748559449907 -0.6117193574602755 0
vn -0.7910748559449907 -0.6117193574602755 0
vn -0.7910748559449907 -0.6117193574602755 0
vn -0.7308579075230144 -0.565155028366837 0.3826833063026929
vn -0.7308579075230144 -0.565155028366837 0.3826833063026929
vn -0.7308579075230144 -0.565155028366837 0.3826833063026929
vn -0.7308596422798456 -0.5651531258296092 0.38268280292116336
vn -0.7308596422798456 -0.5651531258296092 0.38268280292116336
vn -0.7308596422798456 -0.5651531258296092 0.38268280292116336
vn -0.30273145985666416 -0.23409368521864324 0.923879759359305
vn -0.30273145985666416 -0.23409368521864324 0.923879759359305
vn -0.30273145985666416 -0.23409368521864324 0.923879759359305
vn -0.30273011961288376 -0.2340949375818074 0.9238798811954607
vn -0.30273011961288376 -0.2340949375818074 0.9238798811954607
vn -0.30273011961288376 -0.2340949375818074 0.9238798811954607
vn -0.292748846851181 -0.24646445308054132 -0.9238795300443741
vn -0.292748846851181 -0.24646445308054132 -0.9238795300443741
vn -0.292748846851181 -0.24646445308054132 -0.9238795300443741
vn -0.29274966680252323 -0.2464629805477597 -0.9238796630549492
vn -0.29274966680252323 -0.2464629805477597 -0.9238796630549492
vn -0.29274966680252323 -0.2464629805477597 -0.9238796630549492
vn -0.7067608776873944 -0.595014805810588 -0.38268321446952996
vn -0.7067608776873944 -0.595014805810588 -0.38268321446952996
vn -0.7067608776873944 -0.595014805810588 -0.38268321446952996
vn -0.7067572399567065 -0.5950199898593252 -0.3826818723647449
vn -0.7067572399567065 -0.5950199898593252 -0.3826818723647449
vn -0.7067572399567065 -0.5950199898593252 -0.3826818723647449
vn -0.7649880090577972 -0.6440445217512432 0
vn -0.7649880090577972 -0.6440445217512432 0
vn -0.7649880090577972 -0.6440445217512432 0
vn -0.7649880090577972 -0.6440445217512432 0
vn -0.7649880090577972 -0.6440445217512432 0
vn -0.7649880090577972 -0.6440445217512432 0
vn -0.7067569581927337 -0.5950197055247888 0.38268283484283444
vn -0.7067569581927337 -0.5950197055247888 0.38268283484283444
vn -0.7067569581927337 -0.5950197055247888 0.38268283484283444
vn -0.7067614292735406 -0.5950152953976152 0.38268143453022485
vn -0.7067614292735406 -0.5950152953976152 0.38268143453022485
vn -0.7067614292735406 -0.5950152953976152 0.38268143453022485
vn -0.29274922047428825 -0.24646260861360988 0.9238799037034365
vn -0.29274922047428825 -0.24646260861360988 0.9238799037034365
vn -0.29274922047428825 -0.24646260861360988 0.9238799037034365
vn -0.2927479129758271 -0.24646366979835793 0.9238800349167762
vn -0.2927479129758271 -0.24646366979835793 0.9238800349167762
vn -0.2927479129758271 -0.24646366979835793 0.9238800349167762
vn -0.2716093662321882 -0.26958242087745404 -0.9238796840112896
vn -0.2716093662321882 -0.26958242087745404 -0.9238796840112896
vn -0.2716093662321882 -0.26958242087745404 -0.9238796840112896
vn -0.2716098157938609 -0.26958295982723784 -0.9238793945830865
vn -0.2716098157938609 -0.26958295982723784 -0.9238793945830865
vn -0.2716098157938609 -0.26958295982723784 -0.9238793945830865
vn -0.6557240587259832 -0.6508307557330463 -0.3826817035081184
vn -0.6557240587259832 -0.6508307557330463 -0.3826817035081184
vn -0.6557240587259832 -0.6508307557330463 -0.3826817035081184
vn -0.655723561194426 -0.6508300199373447 -0.38268380739568203
vn -0.655723561194426 -0.6508300199373447 -0.38268380739568203
vn -0.655723561194426 -0.6508300199373447 -0.38268380739568203
vn -0.709750175255954 -0.7044534681042763 0
vn -0.709750175255954 -0.7044534681042763 0
vn -0.709750175255954 -0.7044534681042763 0
vn -0.709750175255954 -0.7044534681042763 0
vn -0.709750175255954 -0.7044534681042763 0
vn -0.709750175255954 -0.7044534681042763 0
vn -0.6557242843715493 -0.6508307430553523 0.3826813384258992
vn -0.6557242843715493 -0.6508307430553523 0.3826813384258992
vn -0.6557242843715493 -0.6508307430553523 0.3826813384258992
vn -0.6557235226892318 -0.650830279297918 0.38268343227923857
vn -0.6557235226892318 -0.650830279297918 0.38268343227923857
vn -0.6557235226892318 -0.650830279297918 0.38268343227923857
vn -0.27160871066933473 -0.2695818547209094 0.9238800419393073
vn -0.27160871066933473 -0.2695818547209094 0.9238800419393073
vn -0.27160871066933473 -0.2695818547209094 0.9238800419393073
vn -0.2716092219851826 -0.2695823063972145 0.9238797598227609
vn -0.2716092219851826 -0.2695823063972145 0.9238797598227609
vn -0.2716092219851826 -0.2695823063972145 0.9238797598227609
vn -0.38268346249921037 0 -0.9238795200293247
vn -0.38268346249921037 0 -0.9238795200293247
vn -0.38268346249921037 0 -0.9238795200293247
vn -0.3826834370613369 0 -0.9238795305660377
vn -0.3826834370613369 0 -0.9238795305660377
vn -0.3826834370613369 0 -0.9238795305660377
vn -0.9238795305660377 0 -0.3826834370613369
vn -0.9238795305660377 0 -0.3826834370613369
vn -0.9238795305660377 0 -0.3826834370613369
vn -0.9238795305660377 0 -0.3826834370613369
vn -0.9238795305660377 0 -0.3826834370613369
vn -0.9238795305660377 0 -0.3826834370613369
vn -1 0 0
vn -1 0 0
vn -1 0 0
vn -1 0 0
vn -1 0 0
vn -1 0 0
vn -0.9238796726565017 0 0.3826830940244355
vn -0.9238796726565017 0 0.3826830940244355
vn -0.9238796726565017 0 0.3826830940244355
vn -0.9238796831932059 0 0.3826830685865544
vn -0.9238796831932059 0 0.3826830685865544
vn -0.9238796831932059 0 0.3826830685865544
vn -0.3826825983601677 0 0.9238798779669956
vn -0.3826825983601677 0 0.9238798779669956
vn -0.3826825983601677 0 0.9238798779669956
vn -0.3826825983601677 0 0.9238798779669956
vn -0.3826825983601677 0 0.9238798779669956
vn -0.3826825983601677 0 0.9238798779669956
vn -0.2705982025344319 0.2705982025344319 -0.923879443201476
vn -0.2705982025344319 0.2705982025344319 -0.923879443201476
vn -0.2705982025344319 0.2705982025344319 -0.923879443201476
vn -0.2705978503942369 0.27059788019655984 -0.9238796407515141
vn -0.2705978503942369 0.27059788019655984 -0.9238796407515141
vn -0.2705978503942369 0.27059788019655984 -0.9238796407515141
vn -0.6532809028114747 0.6532810220207622 -0.38268520782665894
vn -0.6532809028114747 0.6532810220207622 -0.38268520782665894
vn -0.6532809028114747 0.6532810220207622 -0.38268520782665894
vn -0.6532817482529176 0.6532815694389833 -0.38268283007073933
vn -0.6532817482529176 0.6532815694389833 -0.38268283007073933
vn -0.6532817482529176 0.6532815694389833 -0.38268283007073933
vn -0.7071068705935067 0.7071066917795769 0
vn -0.7071068705935067 0.7071066917795769 0
vn -0.7071068705935067 0.7071066917795769 0
vn -0.7071068705935067 0.7071066917795769 0
vn -0.7071068705935067 0.7071066917795769 0
vn -0.7071068705935067 0.7071066917795769 0
vn -0.6532811394226059 0.6532809606086751 0.3826849087446594
vn -0.6532811394226059 0.6532809606086751 0.3826849087446594
vn -0.6532811394226059 0.6532809606086751 0.3826849087446594
vn -0.6532816688529599 0.6532818476668888 0.3826824906493991
vn -0.6532816688529599 0.6532818476668888 0.3826824906493991
vn -0.6532816688529599 0.6532818476668888 0.3826824906493991
vn -0.2705976149066528 0.27059767451129935 0.9238797699678827
vn -0.2705976149066528 0.27059767451129935 0.9238797699678827
vn -0.2705976149066528 0.27059767451129935 0.9238797699678827
vn -0.2705972798497255 0.2705972798497255 0.9238799836969404
vn -0.2705972798497255 0.2705972798497255 0.9238799836969404
vn -0.2705972798497255 0.2705972798497255 0.9238799836969404
vn -0.27732140283659107 0.26370296317580133 -0.9238796386656907
vn -0.27732140283659107 0.26370296317580133 -0.9238796386656907
vn -0.27732140283659107 0.26370296317580133 -0.9238796386656907
vn -0.2773229510933401 0.2637017696907542 -0.9238795145790631
vn -0.2773229510933401 0.2637017696907542 -0.9238795145790631
vn -0.2773229510933401 0.2637017696907542 -0.9238795145790631
vn -0.6695169291087726 0.6366325097482425 -0.38268280490298057
vn -0.6695169291087726 0.6366325097482425 -0.38268280490298057
vn -0.6695169291087726 0.6366325097482425 -0.38268280490298057
vn -0.6695124448518855 0.6366365496386259 -0.3826839294413555
vn -0.6695124448518855 0.6366365496386259 -0.3826839294413555
vn -0.6695124448518855 0.6366365496386259 -0.3826839294413555
vn -0.7246751848524375 0.6890906155645171 0
vn -0.7246751848524375 0.6890906155645171 0
vn -0.7246751848524375 0.6890906155645171 0
vn -0.7246751848524375 0.6890906155645171 0
vn -0.7246751848524375 0.6890906155645171 0
vn -0.7246751848524375 0.6890906155645171 0
vn -0.6695128637345618 0.6366369684402721 0.38268249987310127
vn -0.6695128637345618 0.6366369684402721 0.38268249987310127
vn -0.6695128637345618 0.6366369684402721 0.38268249987310127
vn -0.6695166853839168 0.6366322662840131 0.38268363633504726
vn -0.6695166853839168 0.6366322662840131 0.38268363633504726
vn -0.6695166853839168 0.6366322662840131 0.38268363633504726
vn -0.2773221428095398 0.26370099138713254 0.9238799793528208
vn -0.2773221428095398 0.26370099138713254 0.9238799793528208
vn -0.2773221428095398 0.26370099138713254 0.9238799793528208
vn -0.27732106311158133 0.2637026240351397 0.9238798374418852
vn -0.27732106311158133 0.2637026240351397 0.9238798374418852
vn -0.27732106311158133 0.2637026240351397 0.9238798374418852
vn -0.29119637330885434 0.24829689921627182 -0.9238794953950191
vn -0.29119637330885434 0.24829689921627182 -0.9238794953950191
vn -0.29119637330885434 0.24829689921627182 -0.9238794953950191
vn -0.2911968243302611 0.2482965449876636 -0.9238794484385722
vn -0.2911968243302611 0.2482965449876636 -0.9238794484385722
vn -0.2911968243302611 0.2482965449876636 -0.9238794484385722
vn -0.7030107937691091 0.5994404522549449 -0.38268390094765453
vn -0.7030107937691091 0.5994404522549449 -0.38268390094765453
vn -0.7030107937691091 0.5994404522549449 -0.38268390094765453
vn -0.7030104381271777 0.5994408115761729 -0.38268399143566584
vn -0.7030104381271777 0.5994408115761729 -0.38268399143566584
vn -0.7030104381271777 0.5994408115761729 -0.38268399143566584
vn -0.7609331801729605 0.6488302515387709 0
vn -0.7609331801729605 0.6488302515387709 0
vn -0.7609331801729605 0.6488302515387709 0
vn -0.7609331801729605 0.6488302515387709 0
vn -0.7609331801729605 0.6488302515387709 0
vn -0.7609331801729605 0.6488302515387709 0
vn -0.7030105433319399 0.5994409784487676 0.3826835367774719
vn -0.7030105433319399 0.5994409784487676 0.3826835367774719
vn -0.7030105433319399 0.5994409784487676 0.3826835367774719
vn -0.7030108629394649 0.5994405200160422 0.38268366773616763
vn -0.7030108629394649 0.5994405200160422 0.38268366773616763
vn -0.7030108629394649 0.5994405200160422 0.38268366773616763
vn -0.29119610057258716 0.24829594169181815 0.923879838696945
vn -0.29119610057258716 0.24829594169181815 0.923879838696945
vn -0.29119610057258716 0.24829594169181815 0.923879838696945
vn -0.2911958104564272 0.24829641036998065 0.9238798041790971
vn -0.2911958104564272 0.24829641036998065 0.9238798041790971
vn -0.2911958104564272 0.24829641036998065 0.9238798041790971
vn -0.3054910328064761 0.23048207359236522 -0.9238794524327272
vn -0.3054910328064761 0.23048207359236522 -0.9238794524327272
vn -0.3054910328064761 0.23048207359236522 -0.9238794524327272
vn -0.3054904637640571 0.23048262282411616 -0.9238795035746479
vn -0.3054904637640571 0.23048262282411616 -0.9238795035746479
vn -0.3054904637640571 0.23048262282411616 -0.9238795035746479
vn -0.7375189024438271 0.556434032170549 -0.38268399023277294
vn -0.7375189024438271 0.556434032170549 -0.38268399023277294
vn -0.7375189024438271 0.556434032170549 -0.38268399023277294
vn -0.7375211806833449 0.5564314791772854 -0.3826833116612522
vn -0.7375211806833449 0.5564314791772854 -0.3826833116612522
vn -0.7375211806833449 0.5564314791772854 -0.3826833116612522
vn -0.798287148244476 0.6022770367096042 0
vn -0.798287148244476 0.6022770367096042 0
vn -0.798287148244476 0.6022770367096042 0
vn -0.798287148244476 0.6022770367096042 0
vn -0.798287148244476 0.6022770367096042 0
vn -0.798287148244476 0.6022770367096042 0
vn -0.7375210666637753 0.556431423488086 0.38268361237731313
vn -0.7375210666637753 0.556431423488086 0.38268361237731313
vn -0.7375210666637753 0.556431423488086 0.38268361237731313
vn -0.7375192620986525 0.5564342721184011 0.3826829482032407
vn -0.7375192620986525 0.5564342721184011 0.3826829482032407
vn -0.7375192620986525 0.5564342721184011 0.3826829482032407
vn -0.30548987070603295 0.2304821780439488 0.9238798106356306
vn -0.30548987070603295 0.2304821780439488 0.9238798106356306
vn -0.30548987070603295 0.2304821780439488 0.9238798106356306
vn -0.305490227447897 0.230481477020905 0.9238798675607636
vn -0.305490227447897 0.230481477020905 0.9238798675607636
vn -0.305490227447897 0.230481477020905 0.9238798675607636
vn -0.31994173124773906 0.20996175833736103 -0.9238795098074658
vn -0.31994173124773906 0.20996175833736103 -0.9238795098074658
vn -0.31994173124773906 0.20996175833736103 -0.9238795098074658
vn -0.31994110780030244 0.2099624155643431 -0.9238795763463448
vn -0.31994110780030244 0.2099624155643431 -0.9238795763463448
vn -0.31994110780030244 0.2099624155643431 -0.9238795763463448
vn -0.7724063978964415 0.5068942895589378 -0.38268333606414556
vn -0.7724063978964415 0.5068942895589378 -0.38268333606414556
vn -0.7724063978964415 0.5068942895589378 -0.38268333606414556
vn -0.7724062943257869 0.5068944190311376 -0.38268337361452165
vn -0.7724062943257869 0.5068944190311376 -0.38268337361452165
vn -0.7724062943257869 0.5068944190311376 -0.38268337361452165
vn -0.8360465241414738 0.5486585545409456 0
vn -0.8360465241414738 0.5486585545409456 0
vn -0.8360465241414738 0.5486585545409456 0
vn -0.8360465241414738 0.5486585545409456 0
vn -0.8360465241414738 0.5486585545409456 0
vn -0.8360465241414738 0.5486585545409456 0
vn -0.7724064014497236 0.5068945303093708 0.38268300999904703
vn -0.7724064014497236 0.5068945303093708 0.38268300999904703
vn -0.7724064014497236 0.5068945303093708 0.38268300999904703
vn -0.7724065107389356 0.5068943449853519 0.38268303488654104
vn -0.7724065107389356 0.5068943449853519 0.38268303488654104
vn -0.7724065107389356 0.5068943449853519 0.38268303488654104
vn -0.31994048494978855 0.20996201520060673 0.9238798830275471
vn -0.31994048494978855 0.20996201520060673 0.9238798830275471
vn -0.31994048494978855 0.20996201520060673 0.9238798830275471
vn -0.3199408701579136 0.20996119417848563 0.9238799362156
vn -0.3199408701579136 0.20996119417848563 0.9238799362156
vn -0.3199408701579136 0.20996119417848563 0.9238799362156
vn -0.3341729681543735 0.1864804499146344 -0.9238795750283323
vn -0.3341729681543735 0.1864804499146344 -0.9238795750283323
vn -0.3341729681543735 0.1864804499146344 -0.9238795750283323
vn -0.33417340241168514 0.18647984673789392 -0.9238795397026658
vn -0.33417340241168514 0.18647984673789392 -0.9238795397026658
vn -0.33417340241168514 0.18647984673789392 -0.9238795397026658
vn -0.806766018579922 0.4502022184955911 -0.38268335961516414
vn -0.806766018579922 0.4502022184955911 -0.38268335961516414
vn -0.806766018579922 0.4502022184955911 -0.38268335961516414
vn -0.8067666174401176 0.4502012961937801 -0.38268318213591657
vn -0.8067666174401176 0.4502012961937801 -0.38268318213591657
vn -0.8067666174401176 0.4502012961937801 -0.38268318213591657
vn -0.8732377819929382 0.48729434236409297 0
vn -0.8732377819929382 0.48729434236409297 0
vn -0.8732377819929382 0.48729434236409297 0
vn -0.8732377819929382 0.48729434236409297 0
vn -0.8732377819929382 0.48729434236409297 0
vn -0.8732377819929382 0.48729434236409297 0
vn -0.806766682631609 0.45020132911373967 0.38268300597205906
vn -0.806766682631609 0.45020132911373967 0.38268300597205906
vn -0.806766682631609 0.45020132911373967 0.38268300597205906
vn -0.8067662233554312 0.45020232238997865 0.3826828056857063
vn -0.8067662233554312 0.45020232238997865 0.3826828056857063
vn -0.8067662233554312 0.45020232238997865 0.3826828056857063
vn -0.33417257857785326 0.18647940563561777 0.923879926722307
vn -0.33417257857785326 0.18647940563561777 0.923879926722307
vn -0.33417257857785326 0.18647940563561777 0.923879926722307
vn -0.3341723415422469 0.18648010676194685 0.9238798709411438
vn -0.3341723415422469 0.18648010676194685 0.9238798709411438
vn -0.3341723415422469 0.18648010676194685 0.9238798709411438
vn -0.34768784552095117 0.15987432235655027 -0.9238795176472053
vn -0.34768784552095117 0.15987432235655027 -0.9238795176472053
vn -0.34768784552095117 0.15987432235655027 -0.9238795176472053
vn -0.34768765426752624 0.15987458485749997 -0.9238795441975037
vn -0.34768765426752624 0.15987458485749997 -0.9238795441975037
vn -0.34768765426752624 0.15987458485749997 -0.9238795441975037
vn -0.8393924021157699 0.3859714468735132 -0.3826832077171458
vn -0.8393924021157699 0.3859714468735132 -0.3826832077171458
vn -0.8393924021157699 0.3859714468735132 -0.3826832077171458
vn -0.8393922624740953 0.38597170330438235 -0.3826832553783003
vn -0.8393922624740953 0.38597170330438235 -0.3826832553783003
vn -0.8393922624740953 0.38597170330438235 -0.3826832553783003
vn -0.9085515739075355 0.4177727103942286 0
vn -0.9085515739075355 0.4177727103942286 0
vn -0.9085515739075355 0.4177727103942286 0
vn -0.9085515739075355 0.4177727103942286 0
vn -0.9085515739075355 0.4177727103942286 0
vn -0.9085515739075355 0.4177727103942286 0
vn -0.8393924300125187 0.38597175772428993 0.38268283300521955
vn -0.8393924300125187 0.38597175772428993 0.38268283300521955
vn -0.8393924300125187 0.38597175772428993 0.38268283300521955
vn -0.8393924960625201 0.3859715520717513 0.3826828955483323
vn -0.8393924960625201 0.3859715520717513 0.3826828955483323
vn -0.8393924960625201 0.3859715520717513 0.3826828955483323
vn -0.3476869487960487 0.15987424662981461 0.9238798682195879
vn -0.3476869487960487 0.15987424662981461 0.9238798682195879
vn -0.3476869487960487 0.15987424662981461 0.9238798682195879
vn -0.3476869994433066 0.15987392958662883 0.9238799040225086
vn -0.3476869994433066 0.15987392958662883 0.9238799040225086
vn -0.3476869994433066 0.15987392958662883 0.9238799040225086
vn -0.3598773100201303 0.13013420705290826 -0.9238795429531851
vn -0.3598773100201303 0.13013420705290826 -0.9238795429531851
vn -0.3598773100201303 0.13013420705290826 -0.9238795429531851
vn -0.35987753097563496 0.1301337942823493 -0.9238795150259369
vn -0.35987753097563496 0.1301337942823493 -0.9238795150259369
vn -0.35987753097563496 0.1301337942823493 -0.9238795150259369
vn -0.8688211972886081 0.3141707158715308 -0.38268327430233895
vn -0.8688211972886081 0.3141707158715308 -0.38268327430233895
vn -0.8688211972886081 0.3141707158715308 -0.38268327430233895
vn -0.8688206284618637 0.31417194760958356 -0.3826835545125154
vn -0.8688206284618637 0.31417194760958356 -0.3826835545125154
vn -0.8688206284618637 0.31417194760958356 -0.3826835545125154
vn -0.9404047222388506 0.340057286925115 0
vn -0.9404047222388506 0.340057286925115 0
vn -0.9404047222388506 0.340057286925115 0
vn -0.9404047222388506 0.340057286925115 0
vn -0.9404047222388506 0.340057286925115 0
vn -0.9404047222388506 0.340057286925115 0
vn -0.8688208507724933 0.3141720311917974 0.3826829811734267
vn -0.8688208507724933 0.3141720311917974 0.3826829811734267
vn -0.8688208507724933 0.3141720311917974 0.3826829811734267
vn -0.8688212171061587 0.31417072303767046 0.3826832234265838
vn -0.8688212171061587 0.31417072303767046 0.3826832234265838
vn -0.8688212171061587 0.31417072303767046 0.3826832234265838
vn -0.3598767003331108 0.13013348274020303 0.9238798824670107
vn -0.3598767003331108 0.13013348274020303 0.9238798824670107
vn -0.3598767003331108 0.13013348274020303 0.9238798824670107
vn -0.35987660087192125 0.1301339410405327 0.9238798566556862
vn -0.35987660087192125 0.1301339410405327 0.9238798566556862
vn -0.35987660087192125 0.1301339410405327 0.9238798566556862
vn -0.3700620543807181 0.09747169942866322 -0.923879507142577
vn -0.3700620543807181 0.09747169942866322 -0.923879507142577
vn -0.3700620543807181 0.09747169942866322 -0.923879507142577
vn -0.3700619981012404 0.09747183441494103 -0.9238795154440345
vn -0.3700619981012404 0.09747183441494103 -0.9238795154440345
vn -0.3700619981012404 0.09747183441494103 -0.9238795154440345
vn -0.893408555115949 0.23531781616495445 -0.3826835233466277
vn -0.893408555115949 0.23531781616495445 -0.3826835233466277
vn -0.893408555115949 0.23531781616495445 -0.3826835233466277
vn -0.8934086992995395 0.23531738981104947 -0.38268344890838896
vn -0.8934086992995395 0.23531738981104947 -0.38268344890838896
vn -0.8934086992995395 0.23531738981104947 -0.38268344890838896
vn -0.9670186098686127 0.2547057285727507 0
vn -0.9670186098686127 0.2547057285727507 0
vn -0.9670186098686127 0.2547057285727507 0
vn -0.9670186098686127 0.2547057285727507 0
vn -0.9670186098686127 0.2547057285727507 0
vn -0.9670186098686127 0.2547057285727507 0
vn -0.8934088119284581 0.23531740297898898 0.382683177868854
vn -0.8934088119284581 0.23531740297898898 0.382683177868854
vn -0.8934088119284581 0.23531740297898898 0.382683177868854
vn -0.8934087213220762 0.23531787244878755 0.38268310071367034
vn -0.8934087213220762 0.23531787244878755 0.38268310071367034
vn -0.8934087213220762 0.23531787244878755 0.38268310071367034
vn -0.37006116289840807 0.09747163305493212 0.9238798712299572
vn -0.37006116289840807 0.09747163305493212 0.9238798712299572
vn -0.37006116289840807 0.09747163305493212 0.9238798712299572
vn -0.37006119426310347 0.0974714770042558 0.9238798751305141
vn -0.37006119426310347 0.0974714770042558 0.9238798751305141
vn -0.37006119426310347 0.0974714770042558 0.9238798751305141
vn -0.37544076556479883 0.07410014952977231 -0.9238795372730055
vn -0.37544076556479883 0.07410014952977231 -0.9238795372730055
vn -0.37544076556479883 0.07410014952977231 -0.9238795372730055
vn -0.3754409254398637 0.0740997493425225 -0.9238795044009982
vn -0.3754409254398637 0.0740997493425225 -0.9238795044009982
vn -0.3754409254398637 0.0740997493425225 -0.9238795044009982
vn -0.9063944155123504 0.17889259626494927 -0.38268342337970496
vn -0.9063944155123504 0.17889259626494927 -0.38268342337970496
vn -0.9063944155123504 0.17889259626494927 -0.38268342337970496
vn -0.9063939643554574 0.17889428516464567 -0.38268370244292915
vn -0.9063939643554574 0.17889428516464567 -0.38268370244292915
vn -0.9063939643554574 0.17889428516464567 -0.38268370244292915
vn -0.9810738740747803 0.1936338131832916 0
vn -0.9810738740747803 0.1936338131832916 0
vn -0.9810738740747803 0.1936338131832916 0
vn -0.9810738740747803 0.1936338131832916 0
vn -0.9810738740747803 0.1936338131832916 0
vn -0.9810738740747803 0.1936338131832916 0
vn -0.9063942273721418 0.17889432295891552 0.38268306181425016
vn -0.9063942273721418 0.17889432295891552 0.38268306181425016
vn -0.9063942273721418 0.17889432295891552 0.38268306181425016
vn -0.9063944361869427 0.1788926003454372 0.3826833725039565
vn -0.9063944361869427 0.1788926003454372 0.3826833725039565
vn -0.9063944361869427 0.1788926003454372 0.3826833725039565
vn -0.37544003832141737 0.07409957190053247 0.9238798791343876
vn -0.37544003832141737 0.07409957190053247 0.9238798791343876
vn -0.37544003832141737 0.07409957190053247 0.9238798791343876
vn -0.3754400262994471 0.07410000166145801 0.9238798495508183
vn -0.3754400262994471 0.07410000166145801 0.9238798495508183
vn -0.3754400262994471 0.07410000166145801 0.9238798495508183
vn -0.37756281812929826 0.06239385111848032 -0.9238794973960983
vn -0.37756281812929826 0.06239385111848032 -0.9238794973960983
vn -0.37756281812929826 0.06239385111848032 -0.9238794973960983
vn -0.3775626791266524 0.06239432960967207 -0.9238795218876021
vn -0.3775626791266524 0.06239432960967207 -0.9238795218876021
vn -0.3775626791266524 0.06239432960967207 -0.9238795218876021
vn -0.9115167861522557 0.15063320109076134 -0.382683664783086
vn -0.9115167861522557 0.15063320109076134 -0.382683664783086
vn -0.9115167861522557 0.15063320109076134 -0.382683664783086
vn -0.9115172225651516 0.15063129691175028 -0.38268337481238496
vn -0.9115172225651516 0.15063129691175028 -0.38268337481238496
vn -0.9115172225651516 0.15063129691175028 -0.38268337481238496
vn -0.9866191034866552 0.1630421560063187 0
vn -0.9866191034866552 0.1630421560063187 0
vn -0.9866191034866552 0.1630421560063187 0
vn -0.9866191034866552 0.1630421560063187 0
vn -0.9866191034866552 0.1630421560063187 0
vn -0.9866191034866552 0.1630421560063187 0
vn -0.9115172513919264 0.15063130672676456 0.38268330228623093
vn -0.9115172513919264 0.15063130672676456 0.38268330228623093
vn -0.9115172513919264 0.15063130672676456 0.38268330228623093
vn -0.9115170386496805 0.15063324812085227 0.3826830448450503
vn -0.9115170386496805 0.15063324812085227 0.3826830448450503
vn -0.9115170386496805 0.15063324812085227 0.3826830448450503
vn -0.37756184202815246 0.06239419506402531 0.9238798730715053
vn -0.37756184202815246 0.06239419506402531 0.9238798730715053
vn -0.37756184202815246 0.06239419506402531 0.9238798730715053
vn -0.3775619047201423 0.06239370383589666 0.9238798806261216
vn -0.3775619047201423 0.06239370383589666 0.9238798806261216
vn -0.3775619047201423 0.06239370383589666 0.9238798806261216
vn -0.3792307878222948 0.05128941184374605 -0.9238795407413265
vn -0.3792307878222948 0.05128941184374605 -0.9238795407413265
vn -0.3792307878222948 0.05128941184374605 -0.9238795407413265
vn -0.3792308669839943 0.051289041959717674 -0.9238795287814436
vn -0.3792308669839943 0.051289041959717674 -0.9238795287814436
vn -0.3792308669839943 0.051289041959717674 -0.9238795287814436
vn -0.9155442816162065 0.12382269787931932 -0.38268343038306657
vn -0.9155442816162065 0.12382269787931932 -0.38268343038306657
vn -0.9155442816162065 0.12382269787931932 -0.38268343038306657
vn -0.9155441936547611 0.12382320068367692 -0.3826834781350031
vn -0.9155441936547611 0.12382320068367692 -0.3826834781350031
vn -0.9155441936547611 0.12382320068367692 -0.3826834781350031
vn -0.9909779142403549 0.1340252718252647 0
vn -0.9909779142403549 0.1340252718252647 0
vn -0.9909779142403549 0.1340252718252647 0
vn -0.9909779142403549 0.1340252718252647 0
vn -0.9909779142403549 0.1340252718252647 0
vn -0.9909779142403549 0.1340252718252647 0
vn -0.9155443653875127 0.1238232295283013 0.38268305794267715
vn -0.9155443653875127 0.1238232295283013 0.38268305794267715
vn -0.9155443653875127 0.1238232295283013 0.38268305794267715
vn -0.9155444044735424 0.12382270582327946 0.38268313388466474
vn -0.9155444044735424 0.12382270582327946 0.38268313388466474
vn -0.9155444044735424 0.12382270582327946 0.38268313388466474
vn -0.37922998307511596 0.05128892381930169 0.9238798981633408
vn -0.37922998307511596 0.05128892381930169 0.9238798981633408
vn -0.37922998307511596 0.05128892381930169 0.9238798981633408
vn -0.3792299965676314 0.05128930562371008 0.923879871429155
vn -0.3792299965676314 0.05128930562371008 0.923879871429155
vn -0.3792299965676314 0.05128930562371008 0.923879871429155
vn -0.38050568499920073 0.04076846358899269 -0.9238795138219497
vn -0.38050568499920073 0.04076846358899269 -0.9238795138219497
vn -0.38050568499920073 0.04076846358899269 -0.9238795138219497
vn -0.38050552857593767 0.040768980610233915 -0.9238795554308736
vn -0.38050552857593767 0.040768980610233915 -0.9238795554308736
vn -0.38050552857593767 0.040768980610233915 -0.9238795554308736
vn -0.9186217191878365 0.09842503074091935 -0.38268348587315953
vn -0.9186217191878365 0.09842503074091935 -0.38268348587315953
vn -0.9186217191878365 0.09842503074091935 -0.38268348587315953
vn -0.9186217259243041 0.09842495695688655 -0.3826834886794669
vn -0.9186217259243041 0.09842495695688655 -0.3826834886794669
vn -0.9186217259243041 0.09842495695688655 -0.3826834886794669
vn -0.9943090163697988 0.10653440742653611 0
vn -0.9943090163697988 0.10653440742653611 0
vn -0.9943090163697988 0.10653440742653611 0
vn -0.9943090163697988 0.10653440742653611 0
vn -0.9943090163697988 0.10653440742653611 0
vn -0.9943090163697988 0.10653440742653611 0
vn -0.9186218584338368 0.09842497328309122 0.38268316639458616
vn -0.9186218584338368 0.09842497328309122 0.38268316639458616
vn -0.9186218584338368 0.09842497328309122 0.38268316639458616
vn -0.9186218615004613 0.09842505556805081 0.38268313786976976
vn -0.9186218615004613 0.09842505556805081 0.38268313786976976
vn -0.9186218615004613 0.09842505556805081 0.38268313786976976
vn -0.380504787894489 0.04076889912277606 0.9238798640806536
vn -0.380504787894489 0.04076889912277606 0.9238798640806536
vn -0.380504787894489 0.04076889912277606 0.9238798640806536
vn -0.3805047497174537 0.040768365508971435 0.9238799033511794
vn -0.3805047497174537 0.040768365508971435 0.9238799033511794
vn -0.3805047497174537 0.040768365508971435 0.9238799033511794
vn -0.3814412021566361 0.030808714860336702 -0.9238795551293224
vn -0.3814412021566361 0.030808714860336702 -0.9238795551293224
vn -0.3814412021566361 0.030808714860336702 -0.9238795551293224
vn -0.38144125451175837 0.030808593202867173 -0.9238795375704324
vn -0.38144125451175837 0.030808593202867173 -0.9238795375704324
vn -0.38144125451175837 0.030808593202867173 -0.9238795375704324
vn -0.9208806597455402 0.07437852644330353 -0.38268347927594376
vn -0.9208806597455402 0.07437852644330353 -0.38268347927594376
vn -0.9208806597455402 0.07437852644330353 -0.38268347927594376
vn -0.9208807749869226 0.07437772146013281 -0.3826833584177443
vn -0.9208807749869226 0.07437772146013281 -0.3826833584177443
vn -0.9208807749869226 0.07437772146013281 -0.3826833584177443
vn -0.9967541350414267 0.08050586486596664 0
vn -0.9967541350414267 0.08050586486596664 0
vn -0.9967541350414267 0.08050586486596664 0
vn -0.9967541350414267 0.08050586486596664 0
vn -0.9967541350414267 0.08050586486596664 0
vn -0.9967541350414267 0.08050586486596664 0
vn -0.9208808570527871 0.07437773072486177 0.3826831591355236
vn -0.9208808570527871 0.07437773072486177 0.3826831591355236
vn -0.9208808570527871 0.07437773072486177 0.3826831591355236
vn -0.9208808539409007 0.07437854258680573 0.3826830088307297
vn -0.9208808539409007 0.07437854258680573 0.3826830088307297
vn -0.9208808539409007 0.07437854258680573 0.3826830088307297
vn -0.3814403907727191 0.030808524327667647 0.9238798964778415
vn -0.3814403907727191 0.030808524327667647 0.9238798964778415
vn -0.3814403907727191 0.030808524327667647 0.9238798964778415
vn -0.3814404103330179 0.030808648842114476 0.9238798842498426
vn -0.3814404103330179 0.030808648842114476 0.9238798842498426
vn -0.3814404103330179 0.030808648842114476 0.9238798842498426
vn -0.3820854040648434 0.02138537678737413 -0.9238795428302694
vn -0.3820854040648434 0.02138537678737413 -0.9238795428302694
vn -0.3820854040648434 0.02138537678737413 -0.9238795428302694
vn -0.38208545025244467 0.02138541495736432 -0.9238795228450991
vn -0.38208545025244467 0.02138541495736432 -0.9238795228450991
vn -0.38208545025244467 0.02138541495736432 -0.9238795228450991
vn -0.9224358323750722 0.051628959120754644 -0.3826834014307586
vn -0.9224358323750722 0.051628959120754644 -0.3826834014307586
vn -0.9224358323750722 0.051628959120754644 -0.3826834014307586
vn -0.9224358028713783 0.051629356075480165 -0.3826834189931244
vn -0.9224358028713783 0.051629356075480165 -0.3826834189931244
vn -0.9224358028713783 0.051629356075480165 -0.3826834189931244
vn -0.9984373121231381 0.0558832153720872 0
vn -0.9984373121231381 0.0558832153720872 0
vn -0.9984373121231381 0.0558832153720872 0
vn -0.9984373121231381 0.0558832153720872 0
vn -0.9984373121231381 0.0558832153720872 0
vn -0.9984373121231381 0.0558832153720872 0
vn -0.9224359567004009 0.0516293729143314 0.3826830459253315
vn -0.9224359567004009 0.0516293729143314 0.3826830459253315
vn -0.9224359567004009 0.0516293729143314 0.3826830459253315
vn -0.9224359549982099 0.05162896676240916 0.38268310482380397
vn -0.9224359549982099 0.05162896676240916 0.38268310482380397
vn -0.9224359549982099 0.05162896676240916 0.38268310482380397
vn -0.38208458631143377 0.021385366546855675 0.9238798812621027
vn -0.38208458631143377 0.021385366546855675 0.9238798812621027
vn -0.38208458631143377 0.021385366546855675 0.9238798812621027
vn -0.38208458660060807 0.021385331172782227 0.9238798819613256
vn -0.38208458660060807 0.021385331172782227 0.9238798819613256
vn -0.38208458660060807 0.021385331172782227 0.9238798819613256
vn -0.3824801067078178 0.012472177595107657 -0.9238795445071897
vn -0.3824801067078178 0.012472177595107657 -0.9238795445071897
vn -0.3824801067078178 0.012472177595107657 -0.9238795445071897
vn -0.38248010646790914 0.012472227878702497 -0.9238795439276911
vn -0.38248010646790914 0.012472227878702497 -0.9238795439276911
vn -0.38248010646790914 0.012472227878702497 -0.9238795439276911
vn -0.923388717471661 0.030110623619449307 -0.3826834550791153
vn -0.923388717471661 0.030110623619449307 -0.3826834550791153
vn -0.923388717471661 0.030110623619449307 -0.3826834550791153
vn -0.9233888276396341 0.030109565342190617 -0.38268327251815704
vn -0.9233888276396341 0.030109565342190617 -0.38268327251815704
vn -0.9233888276396341 0.030109565342190617 -0.38268327251815704
vn -0.9994687932773608 0.032590355393832676 0
vn -0.9994687932773608 0.032590355393832676 0
vn -0.9994687932773608 0.032590355393832676 0
vn -0.9994687932773608 0.032590355393832676 0
vn -0.9994687932773608 0.032590355393832676 0
vn -0.9994687932773608 0.032590355393832676 0
vn -0.92338889950564 0.030109569467295427 0.3826830987857413
vn -0.92338889950564 0.030109569467295427 0.3826830987857413
vn -0.92338889950564 0.030109569467295427 0.3826830987857413
vn -0.9233889419561736 0.030110630615656338 0.38268291286257583
vn -0.9233889419561736 0.030110630615656338 0.38268291286257583
vn -0.9233889419561736 0.030110630615656338 0.38268291286257583
vn -0.38247931433325044 0.012472202210195295 0.923879872212397
vn -0.38247931433325044 0.012472202210195295 0.923879872212397
vn -0.38247931433325044 0.012472202210195295 0.923879872212397
vn -0.3824792891395148 0.012472150206410536 0.9238798833444529
vn -0.3824792891395148 0.012472150206410536 0.9238798833444529
vn -0.3824792891395148 0.012472150206410536 0.9238798833444529
vn -0.3826620759712878 0.004042204811431604 -0.9238795355421651
vn -0.3826620759712878 0.004042204811431604 -0.9238795355421651
vn -0.3826620759712878 0.004042204811431604 -0.9238795355421651
vn -0.38266205071515697 0.004042087047151261 -0.9238795465182535
vn -0.38266205071515697 0.004042087047151261 -0.9238795465182535
vn -0.38266205071515697 0.004042087047151261 -0.9238795465182535
vn -0.9238280595706996 0.009758463067874945 -0.38268327471734215
vn -0.9238280595706996 0.009758463067874945 -0.38268327471734215
vn -0.9238280595706996 0.009758463067874945 -0.38268327471734215
vn -0.923828001386814 0.009759273333518578 -0.3826833945151613
vn -0.923828001386814 0.009759273333518578 -0.3826833945151613
vn -0.923828001386814 0.009759273333518578 -0.3826833945151613
vn -0.9999442061511453 0.010563360485944171 0
vn -0.9999442061511453 0.010563360485944171 0
vn -0.9999442061511453 0.010563360485944171 0
vn -0.9999442061511453 0.010563360485944171 0
vn -0.9999442061511453 0.010563360485944171 0
vn -0.9999442061511453 0.010563360485944171 0
vn -0.9238281856154845 0.009759275253364733 0.38268294972330696
vn -0.9238281856154845 0.009759275253364733 0.38268294972330696
vn -0.9238281856154845 0.009759275253364733 0.38268294972330696
vn -0.9238281525858121 0.009758464352114733 0.3826830501385894
vn -0.9238281525858121 0.009758464352114733 0.3826830501385894
vn -0.9238281525858121 0.009758464352114733 0.3826830501385894
vn -0.3826611865827381 0.004042078201012077 0.9238799044718463
vn -0.3826611865827381 0.004042078201012077 0.9238799044718463
vn -0.3826611865827381 0.004042078201012077 0.9238799044718463
vn -0.38266123291109877 0.004042196187886438 0.9238798847669195
vn -0.38266123291109877 0.004042196187886438 0.9238798847669195
vn -0.38266123291109877 0.004042196187886438 0.9238798847669195
vn -0.3826834370613369 0 -0.9238795305660377
vn -0.3826834370613369 0 -0.9238795305660377
vn -0.3826834370613369 0 -0.9238795305660377
vn -0.38268346249921037 0 -0.9238795200293247
vn -0.38268346249921037 0 -0.9238795200293247
vn -0.38268346249921037 0 -0.9238795200293247
vn -0.9238795200293247 0 -0.38268346249921037
vn -0.9238795200293247 0 -0.38268346249921037
vn -0.9238795200293247 0 -0.38268346249921037
vn -0.9238795305660377 0 -0.3826834370613369
vn -0.9238795305660377 0 -0.3826834370613369
vn -0.9238795305660377 0 -0.3826834370613369
vn -1 0 0
vn -1 0 0
vn -1 0 0
vn -1 0 0
vn -1 0 0
vn -1 0 0
vn -0.9238796831932059 0 0.3826830685865544
vn -0.9238796831932059 0 0.3826830685865544
vn -0.9238796831932059 0 0.3826830685865544
vn -0.9238796726565017 0 0.3826830940244355
vn -0.9238796726565017 0 0.3826830940244355
vn -0.9238796726565017 0 0.3826830940244355
vn -0.3826825983601677 0 0.9238798779669956
vn -0.3826825983601677 0 0.9238798779669956
vn -0.3826825983601677 0 0.9238798779669956
vn -0.38268257292227453 0 0.9238798885036886
vn -0.38268257292227453 0 0.9238798885036886
vn -0.38268257292227453 0 0.9238798885036886
vn -0.381835883652841 -0.025455724831797994 -0.9238795181344492
vn -0.381835883652841 -0.025455724831797994 -0.9238795181344492
vn -0.381835883652841 -0.025455724831797994 -0.9238795181344492
vn -0.3818358375672099 -0.025455682768051907 -0.9238795383404482
vn -0.3818358375672099 -0.025455682768051907 -0.9238795383404482
vn -0.3818358375672099 -0.025455682768051907 -0.9238795383404482
vn -0.9218332916480897 -0.061455455670637295 -0.3826834323269852
vn -0.9218332916480897 -0.061455455670637295 -0.3826834323269852
vn -0.9218332916480897 -0.061455455670637295 -0.3826834323269852
vn -0.9218332853555911 -0.061455380745331384 -0.38268345951708393
vn -0.9218332853555911 -0.061455380745331384 -0.38268345951708393
vn -0.9218332853555911 -0.061455380745331384 -0.38268345951708393
vn -0.9977851699225773 -0.0665188295340018 0
vn -0.9977851699225773 -0.0665188295340018 0
vn -0.9977851699225773 -0.0665188295340018 0
vn -0.9977851699225773 -0.0665188295340018 0
vn -0.9977851699225773 -0.0665188295340018 0
vn -0.9977851699225773 -0.0665188295340018 0
vn -0.9218334482582954 -0.06145539086045658 0.3826830654816192
vn -0.9218334482582954 -0.06145539086045658 0.3826830654816192
vn -0.9218334482582954 -0.06145539086045658 0.3826830654816192
vn -0.9218334138456419 -0.06145547077101582 0.382683135544281
vn -0.9218334138456419 -0.06145547077101582 0.382683135544281
vn -0.9218334138456419 -0.06145547077101582 0.382683135544281
vn -0.38183502015714665 -0.025455629888338407 0.9238798776294347
vn -0.38183502015714665 -0.025455629888338407 0.9238798776294347
vn -0.38183502015714665 -0.025455629888338407 0.9238798776294347
vn -0.3818349733292432 -0.025455664143558175 0.9238798960393427
vn -0.3818349733292432 -0.025455664143558175 0.9238798960393427
vn -0.3818349733292432 -0.025455664143558175 0.9238798960393427
vn -0.3728833412103391 -0.08605000926835099 -0.92387954288031
vn -0.3728833412103391 -0.08605000926835099 -0.92387954288031
vn -0.3728833412103391 -0.08605000926835099 -0.92387954288031
vn -0.37288331674711017 -0.08604997324754686 -0.9238795561087878
vn -0.37288331674711017 -0.08604997324754686 -0.9238795561087878
vn -0.37288331674711017 -0.08604997324754686 -0.9238795561087878
vn -0.9002200782040083 -0.20774302963429644 -0.3826834781339965
vn -0.9002200782040083 -0.20774302963429644 -0.3826834781339965
vn -0.9002200782040083 -0.20774302963429644 -0.3826834781339965
vn -0.9002200878839182 -0.2077434192983086 -0.38268324383034846
vn -0.9002200878839182 -0.2077434192983086 -0.38268324383034846
vn -0.9002200878839182 -0.2077434192983086 -0.38268324383034846
vn -0.9743911128173078 -0.22485986583347448 0
vn -0.9743911128173078 -0.22485986583347448 0
vn -0.9743911128173078 -0.22485986583347448 0
vn -0.9743911128173078 -0.22485986583347448 0
vn -0.9743911128173078 -0.22485986583347448 0
vn -0.9743911128173078 -0.22485986583347448 0
vn -0.9002201449460695 -0.20774344851390064 0.38268309373792553
vn -0.9002201449460695 -0.20774344851390064 0.38268309373792553
vn -0.9002201449460695 -0.20774344851390064 0.38268309373792553
vn -0.9002203203863063 -0.20774307520633042 0.3826828836875163
vn -0.9002203203863063 -0.20774307520633042 0.3826828836875163
vn -0.9002203203863063 -0.20774307520633042 0.3826828836875163
vn -0.37288250674021306 -0.08604978574975705 0.9238799004954897
vn -0.37288250674021306 -0.08604978574975705 0.9238799004954897
vn -0.37288250674021306 -0.08604978574975705 0.9238799004954897
vn -0.3728825062620875 -0.08604980054058124 0.9238798993108521
vn -0.3728825062620875 -0.08604980054058124 0.9238798993108521
vn -0.3728825062620875 -0.08604980054058124 0.9238798993108521
vn -0.348382139378445 -0.15835550164348125 -0.9238795484592887
vn -0.348382139378445 -0.15835550164348125 -0.9238795484592887
vn -0.348382139378445 -0.15835550164348125 -0.9238795484592887
vn -0.3483821495202004 -0.15835567016614477 -0.9238795157497086
vn -0.3483821495202004 -0.15835567016614477 -0.9238795157497086
vn -0.3483821495202004 -0.15835567016614477 -0.9238795157497086
vn -0.8410688823842837 -0.38230440862178866 -0.3826832557523211
vn -0.8410688823842837 -0.38230440862178866 -0.3826832557523211
vn -0.8410688823842837 -0.38230440862178866 -0.3826832557523211
vn -0.8410690034055539 -0.3823038133989536 -0.38268358440231853
vn -0.8410690034055539 -0.3823038133989536 -0.38268358440231853
vn -0.8410690034055539 -0.3823038133989536 -0.38268358440231853
vn -0.9103665958553552 -0.41380268383703406 0
vn -0.9103665958553552 -0.41380268383703406 0
vn -0.9103665958553552 -0.41380268383703406 0
vn -0.9103665958553552 -0.41380268383703406 0
vn -0.9103665958553552 -0.41380268383703406 0
vn -0.9103665958553552 -0.41380268383703406 0
vn -0.8410692537145407 -0.3823039109199699 0.3826829368437549
vn -0.8410692537145407 -0.3823039109199699 0.3826829368437549
vn -0.8410692537145407 -0.3823039109199699 0.3826829368437549
vn -0.8410688823842837 -0.38230440862178866 0.3826832557523211
vn -0.8410688823842837 -0.38230440862178866 0.3826832557523211
vn -0.8410688823842837 -0.38230440862178866 0.3826832557523211
vn -0.3483813025941656 -0.15835529197301496 0.9238798999366387
vn -0.3483813025941656 -0.15835529197301496 0.9238798999366387
vn -0.3483813025941656 -0.15835529197301496 0.9238798999366387
vn -0.3483814060888213 -0.15835519406838514 0.9238798776914343
vn -0.3483814060888213 -0.15835519406838514 0.9238798776914343
vn -0.3483814060888213 -0.15835519406838514 0.9238798776914343
vn -0.30207205253256164 -0.23494491319070193 -0.923879517493801
vn -0.30207205253256164 -0.23494491319070193 -0.923879517493801
vn -0.30207205253256164 -0.23494491319070193 -0.923879517493801
vn -0.30207207144145504 -0.2349447855087491 -0.9238795437811773
vn -0.30207207144145504 -0.2349447855087491 -0.9238795437811773
vn -0.30207207144145504 -0.2349447855087491 -0.9238795437811773
vn -0.7292664982949532 -0.5672068989555601 -0.3826835614993595
vn -0.7292664982949532 -0.5672068989555601 -0.3826835614993595
vn -0.7292664982949532 -0.5672068989555601 -0.3826835614993595
vn -0.7292663412067879 -0.5672072138765906 -0.3826833940860518
vn -0.7292663412067879 -0.5672072138765906 -0.3826833940860518
vn -0.7292663412067879 -0.5672072138765906 -0.3826833940860518
vn -0.7893521820720352 -0.6139406589061491 0
vn -0.7893521820720352 -0.6139406589061491 0
vn -0.7893521820720352 -0.6139406589061491 0
vn -0.7893521820720352 -0.6139406589061491 0
vn -0.7893521820720352 -0.6139406589061491 0
vn -0.7893521820720352 -0.6139406589061491 0
vn -0.7292663943598007 -0.5672072684632986 0.3826832118866189
vn -0.7292663943598007 -0.5672072684632986 0.3826832118866189
vn -0.7292663943598007 -0.5672072684632986 0.3826832118866189
vn -0.7292666824091544 -0.5672070222872773 0.3826830278388966
vn -0.7292666824091544 -0.5672070222872773 0.3826830278388966
vn -0.7292666824091544 -0.5672070222872773 0.3826830278388966
vn -0.3020714273437924 -0.2349443027564249 0.9238798771403028
vn -0.3020714273437924 -0.2349443027564249 0.9238798771403028
vn -0.3020714273437924 -0.2349443027564249 0.9238798771403028
vn -0.30207132523048924 -0.23494435247836656 0.9238798978828455
vn -0.30207132523048924 -0.23494435247836656 0.9238798978828455
vn -0.30207132523048924 -0.23494435247836656 0.9238798978828455
vn -0.23494487421068985 -0.30207201093035146 -0.9238795410087922
vn -0.23494487421068985 -0.30207201093035146 -0.9238795410087922
vn -0.23494487421068985 -0.30207201093035146 -0.9238795410087922
vn -0.2349448547610995 -0.3020720838456549 -0.9238795221144528
vn -0.2349448547610995 -0.3020720838456549 -0.9238795221144528
vn -0.2349448547610995 -0.3020720838456549 -0.9238795221144528
vn -0.5672070432810381 -0.7292664709825702 -0.38268339963083114
vn -0.5672070432810381 -0.7292664709825702 -0.38268339963083114
vn -0.5672070432810381 -0.7292664709825702 -0.38268339963083114
vn -0.5672071018957008 -0.7292664101050901 -0.38268342876523215
vn -0.5672071018957008 -0.7292664101050901 -0.38268342876523215
vn -0.5672071018957008 -0.7292664101050901 -0.38268342876523215
vn -0.6139405268589346 -0.7893522847754187 0
vn -0.6139405268589346 -0.7893522847754187 0
vn -0.6139405268589346 -0.7893522847754187 0
vn -0.6139405268589346 -0.7893522847754187 0
vn -0.6139405268589346 -0.7893522847754187 0
vn -0.6139405268589346 -0.7893522847754187 0
vn -0.567207217538017 -0.72926652472827 0.38268303892847433
vn -0.567207217538017 -0.72926652472827 0.38268303892847433
vn -0.567207217538017 -0.72926652472827 0.38268303892847433
vn -0.5672071459855311 -0.7292665689714 0.38268306066983276
vn -0.5672071459855311 -0.7292665689714 0.38268306066983276
vn -0.5672071459855311 -0.7292665689714 0.38268306066983276
vn -0.23494432106519894 -0.3020713721203643 0.9238798905401788
vn -0.23494432106519894 -0.3020713721203643 0.9238798905401788
vn -0.23494432106519894 -0.3020713721203643 0.9238798905401788
vn -0.23494437737973742 -0.3020713678902249 0.9238798776023731
vn -0.23494437737973742 -0.3020713678902249 0.9238798776023731
vn -0.23494437737973742 -0.3020713678902249 0.9238798776023731
vn -0.1583555145268322 -0.34838216474158445 -0.9238795366869588
vn -0.1583555145268322 -0.34838216474158445 -0.9238795366869588
vn -0.1583555145268322 -0.34838216474158445 -0.9238795366869588
vn -0.15835550707544174 -0.34838221093340516 -0.9238795205458513
vn -0.15835550707544174 -0.34838221093340516 -0.9238795205458513
vn -0.15835550707544174 -0.34838221093340516 -0.9238795205458513
vn -0.38230401332524405 -0.8410689842876136 -0.3826834266921075
vn -0.38230401332524405 -0.8410689842876136 -0.3826834266921075
vn -0.38230401332524405 -0.8410689842876136 -0.3826834266921075
vn -0.3823040089651222 -0.8410689746953437 -0.3826834521299805
vn -0.3823040089651222 -0.8410689746953437 -0.3826834521299805
vn -0.3823040089651222 -0.8410689746953437 -0.3826834521299805
vn -0.41380290163895384 -0.9103664968545262 0
vn -0.41380290163895384 -0.9103664968545262 0
vn -0.41380290163895384 -0.9103664968545262 0
vn -0.41380290163895384 -0.9103664968545262 0
vn -0.41380290163895384 -0.9103664968545262 0
vn -0.41380290163895384 -0.9103664968545262 0
vn -0.38230407820868806 -0.8410691151102634 0.3826830743482706
vn -0.38230407820868806 -0.8410691151102634 0.3826830743482706
vn -0.38230407820868806 -0.8410691151102634 0.3826830743482706
vn -0.38230407820868806 -0.8410691151102634 0.3826830743482706
vn -0.38230407820868806 -0.8410691151102634 0.3826830743482706
vn -0.38230407820868806 -0.8410691151102634 0.3826830743482706
vn -0.15835515048590135 -0.3483814085550231 0.9238798842316059
vn -0.15835515048590135 -0.3483814085550231 0.9238798842316059
vn -0.15835515048590135 -0.3483814085550231 0.9238798842316059
vn -0.15835519406838514 -0.3483814060888213 0.9238798776914343
vn -0.15835519406838514 -0.3483814060888213 0.9238798776914343
vn -0.15835519406838514 -0.3483814060888213 0.9238798776914343
vn -0.08605002044606737 -0.37288338716358177 -0.9238795232922123
vn -0.08605002044606737 -0.37288338716358177 -0.9238795232922123
vn -0.08605002044606737 -0.37288338716358177 -0.9238795232922123
vn -0.08605004263230373 -0.3728833864463898 -0.9238795215152522
vn -0.08605004263230373 -0.3728833864463898 -0.9238795215152522
vn -0.08605004263230373 -0.3728833864463898 -0.9238795215152522
vn -0.20774317147312948 -0.9002200520890196 -0.38268346256812397
vn -0.20774317147312948 -0.9002200520890196 -0.38268346256812397
vn -0.20774317147312948 -0.9002200520890196 -0.38268346256812397
vn -0.20774302485334345 -0.9002201220582595 -0.38268337756714194
vn -0.20774302485334345 -0.9002201220582595 -0.38268337756714194
vn -0.20774302485334345 -0.9002201220582595 -0.38268337756714194
vn -0.22485940113491315 -0.9743912200555014 0
vn -0.22485940113491315 -0.9743912200555014 0
vn -0.22485940113491315 -0.9743912200555014 0
vn -0.22485940113491315 -0.9743912200555014 0
vn -0.22485940113491315 -0.9743912200555014 0
vn -0.22485940113491315 -0.9743912200555014 0
vn -0.207743029363398 -0.9002202558440452 0.38268306040246985
vn -0.207743029363398 -0.9002202558440452 0.38268306040246985
vn -0.207743029363398 -0.9002202558440452 0.38268306040246985
vn -0.2077432020876461 -0.9002202344224619 0.3826830170294196
vn -0.2077432020876461 -0.9002202344224619 0.3826830170294196
vn -0.2077432020876461 -0.9002202344224619 0.3826830170294196
vn -0.0860498560907668 -0.3728825507809343 0.9238798761689002
vn -0.0860498560907668 -0.3728825507809343 0.9238798761689002
vn -0.0860498560907668 -0.3728825507809343 0.9238798761689002
vn -0.08604981171829269 -0.37288255221531175 0.9238798797228143
vn -0.08604981171829269 -0.37288255221531175 0.9238798797228143
vn -0.08604981171829269 -0.37288255221531175 0.9238798797228143
vn -0.025455724831797994 -0.381835883652841 -0.9238795181344492
vn -0.025455724831797994 -0.381835883652841 -0.9238795181344492
vn -0.025455724831797994 -0.381835883652841 -0.9238795181344492
vn -0.025455721108921605 -0.3818358836890504 -0.9238795182220607
vn -0.025455721108921605 -0.3818358836890504 -0.9238795182220607
vn -0.025455721108921605 -0.3818358836890504 -0.9238795182220607
vn -0.06145554544082691 -0.9218332970964054 -0.38268340478643786
vn -0.06145554544082691 -0.9218332970964054 -0.38268340478643786
vn -0.06145554544082691 -0.9218332970964054 -0.38268340478643786
vn -0.06145559298580451 -0.921833283839454 -0.38268342908536274
vn -0.06145559298580451 -0.921833283839454 -0.38268342908536274
vn -0.06145559298580451 -0.921833283839454 -0.38268342908536274
vn -0.06651905948002264 -0.9977851545928579 0
vn -0.06651905948002264 -0.9977851545928579 0
vn -0.06651905948002264 -0.9977851545928579 0
vn -0.06651905948002264 -0.9977851545928579 0
vn -0.06651905948002264 -0.9977851545928579 0
vn -0.06651905948002264 -0.9977851545928579 0
vn -0.06145560611125422 -0.9218334360177346 0.38268306040016403
vn -0.06145560611125422 -0.9218334360177346 0.38268306040016403
vn -0.06145560611125422 -0.9218334360177346 0.38268306040016403
vn -0.06145555044294531 -0.921833439183401 0.3826830617143352
vn -0.06145555044294531 -0.921833439183401 0.3826830617143352
vn -0.06145555044294531 -0.921833439183401 0.3826830617143352
vn -0.0254556652556643 -0.3818350198131584 0.9238798767971281
vn -0.0254556652556643 -0.3818350198131584 0.9238798767971281
vn -0.0254556652556643 -0.3818350198131584 0.9238798767971281
vn -0.0254556671171025 -0.38183501979505374 0.9238798767533224
vn -0.0254556671171025 -0.38183501979505374 0.9238798767533224
vn -0.0254556671171025 -0.38183501979505374 0.9238798767533224
vn 0 -0.3826834159879129 -0.9238795392949354
vn 0 -0.3826834159879129 -0.9238795392949354
vn 0 -0.3826834159879129 -0.9238795392949354
vn 0 -0.38268346249921037 -0.9238795200293247
vn 0 -0.38268346249921037 -0.9238795200293247
vn 0 -0.38268346249921037 -0.9238795200293247
vn 0 -0.9238795200293247 -0.38268346249921037
vn 0 -0.9238795200293247 -0.38268346249921037
vn 0 -0.9238795200293247 -0.38268346249921037
vn 0 -0.9238795392949354 -0.3826834159879129
vn 0 -0.9238795392949354 -0.3826834159879129
vn 0 -0.9238795392949354 -0.3826834159879129
vn 0 -1 0
vn 0 -1 0
vn 0 -1 0
vn 0 -1 0
vn 0 -1 0
vn 0 -1 0
vn 0 -0.9238796831932059 0.3826830685865544
vn 0 -0.9238796831932059 0.3826830685865544
vn 0 -0.9238796831932059 0.3826830685865544
vn 0 -0.9238796726565017 0.3826830940244355
vn 0 -0.9238796726565017 0.3826830940244355
vn 0 -0.9238796726565017 0.3826830940244355
vn 0 -0.3826825983601677 0.9238798779669956
vn 0 -0.3826825983601677 0.9238798779669956
vn 0 -0.3826825983601677 0.9238798779669956
vn 0 -0.3826825518488899 0.9238798972325472
vn 0 -0.3826825518488899 0.9238798972325472
vn 0 -0.3826825518488899 0.9238798972325472
f 1/1/1 2/2/2 3/3/3
f 4/4/4 5/5/5 6/6/6
f 7/7/7 8/8/8 9/9/9
f 10/10/10 11/11/11 12/12/12
f 13/13/13 14/14/14 15/15/15
f 16/16/16 17/17/17 18/18/18
f 19/19/19 20/20/20 21/21/21
f 22/22/22 23/23/23 24/24/24
f 25/25/25 26/26/26 27/27/27
f 28/28/28 29/29/29 30/30/30
f 31/31/31 32/32/32 33/33/33
f 34/34/34 35/35/35 36/36/36
f 37/37/37 38/38/38 39/39/39
f 40/40/40 41/41/41 42/42/42
f 43/43/43 44/44/44 45/45/45
f 46/46/46 47/47/47 48/48/48
f 49/49/49 50/50/50 51/51/51
f 52/52/52 53/53/53 54/54/54
f 55/55/55 56/56/56 57/57/57
f 58/58/58 59/59/59 60/60/60
f 61/61/61 62/62/62 63/63/63
f 64/64/64 65/65/65 66/66/66
f 67/67/67 68/68/68 69/69/69
f 70/70/70 71/71/71 72/72/72
f 73/73/73 74/74/74 75/75/75
f 76/76/76 77/77/77 78/78/78
f 79/79/79 80/80/80 81/81/81
f 82/82/82 83/83/83 84/84/84
f 85/85/85 86/86/86 87/87/87
f 88/88/88 89/89/89 90/90/90
f 91/91/91 92/92/92 93/93/93
f 94/94/94 95/95/95 96/96/96
f 97/97/97 98/98/98 99/99/99
f 100/100/100 101/101/101 102/102/102
f 103/103/103 104/104/104 105/105/105
f 106/106/106 107/107/107 108/108/108
f 109/109/109 110/110/110 111/111/111
f 112/112/112 113/113/113 114/114/114
f 115/115/115 116/116/116 117/117/117
f 118/118/118 119/119/119 120/120/120
f 121/121/121 122/122/122 123/123/123
f 124/124/124 125/125/125 126/126/126
f 127/127/127 128/128/128 129/129/129
f 130/130/130 131/131/131 132/132/132
f 133/133/133 134/134/134 135/135/135
f 136/136/136 137/137/137 138/138/138
f 139/139/139 140/140/140 141/141/141
f 142/142/142 143/143/143 144/144/144
f 145/145/145 146/146/146 147/147/147
f 148/148/148 149/149/149 150/150/150
f 151/151/151 152/152/152 153/153/153
f 154/154/154 155/155/155 156/156/156
f 157/157/157 158/158/158 159/159/159
f 160/160/160 161/161/161 162/162/162
f 163/163/163 164/164/164 165/165/165
f 166/166/166 167/167/167 168/168/168
f 169/169/169 170/170/170 171/171/171
f 172/172/172 173/173/173 174/174/174
f 175/175/175 176/176/176 177/177/177
f 178/178/178 179/179/179 180/180/180
f 181/181/181 182/182/182 183/183/183
f 184/184/184 185/185/185 186/186/186
f 187/187/187 188/188/188 189/189/189
f 190/190/190 191/191/191 192/192/192
f 193/193/193 194/194/194 195/195/195
f 196/196/196 197/197/197 198/198/198
f 199/199/199 200/200/200 201/201/201
f 202/202/202 203/203/203 204/204/204
f 205/205/205 206/206/206 207/207/207
f 208/208/208 209/209/209 210/210/210
f 211/211/211 212/212/212 213/213/213
f 214/214/214 215/215/215 216/216/216
f 217/217/217 218/218/218 219/219/219
f 220/220/220 221/221/221 222/222/222
f 223/223/223 224/224/224 225/225/225
f 226/226/226 227/227/227 228/228/228
f 229/229/229 230/230/230 231/231/231
f 232/232/232 233/233/233 234/234/234
f 235/235/235 236/236/236 237/237/237
f 238/238/238 239/239/239 240/240/240
f 241/241/241 242/242/242 243/243/243
f 244/244/244 245/245/245 246/246/246
f 247/247/247 248/248/248 249/249/249
f 250/250/250 251/251/251 252/252/252
f 253/253/253 254/254/254 255/255/255
f 256/256/256 257/257/257 258/258/258
f 259/259/259 260/260/260 261/261/261
f 262/262/262 263/263/263 264/264/264
f 265/265/265 266/266/266 267/267/267
f 268/268/268 269/269/269 270/270/270
f 271/271/271 272/272/272 273/273/273
f 274/274/274 275/275/275 276/276/276
f 277/277/277 278/278/278 279/279/279
f 280/280/280 281/281/281 282/282/282
f 283/283/283 284/284/284 285/285/285
f 286/286/286 287/287/287 288/288/288
f 289/289/289 290/290/290 291/291/291
f 292/292/292 293/293/293 294/294/294
f 295/295/295 296/296/296 297/297/297
f 298/298/298 299/299/299 300/300/300
f 301/301/301 302/302/302 303/303/303
f 304/304/304 305/305/305 306/306/306
f 307/307/307 308/308/308 309/309/309
f 310/310/310 311/311/311 312/312/312
f 313/313/313 314/314/314 315/315/315
f 316/316/316 317/317/317 318/318/318
f 319/319/319 320/320/320 321/321/321
f 322/322/322 323/323/323 324/324/324
f 325/325/325 326/326/326 327/327/327
f 328/328/328 329/329/329 330/330/330
f 331/331/331 332/332/332 333/333/333
f 334/334/334 335/335/335 336/336/336
f 337/337/337 338/338/338 339/339/339
f 340/340/340 341/341/341 342/342/342
f 343/343/343 344/344/344 345/345/345
f 346/346/346 347/347/347 348/348/348
f 349/349/349 350/350/350 351/351/351
f 352/352/352 353/353/353 354/354/354
f 355/355/355 356/356/356 357/357/357
f 358/358/358 359/359/359 360/360/360
f 361/361/361 362/362/362 363/363/363
f 364/364/364 365/365/365 366/366/366
f 367/367/367 368/368/368 369/369/369
f 370/370/370 371/371/371 372/372/372
f 373/373/373 374/374/374 375/375/375
f 376/376/376 377/377/377 378/378/378
f 379/379/379 380/380/380 381/381/381
f 382/382/382 383/383/383 384/384/384
f 385/385/385 386/386/386 387/387/387
f 388/388/388 389/389/389 390/390/390
f 391/391/391 392/392/392 393/393/393
f 394/394/394 395/395/395 396/396/396
f 397/397/397 398/398/398 399/399/399
f 400/400/400 401/401/401 402/402/402
f 403/403/403 404/404/404 405/405/405
f 406/406/406 407/407/407 408/408/408
f 409/409/409 410/410/410 411/411/411
f 412/412/412 413/413/413 414/414/414
f 415/415/415 416/416/416 417/417/417
f 418/418/418 419/419/419 420/420/420
f 421/421/421 422/422/422 423/423/423
f 424/424/424 425/425/425 426/426/426
f 427/427/427 428/428/428 429/429/429
f 430/430/430 431/431/431 432/432/432
f 433/433/433 434/434/434 435/435/435
f 436/436/436 437/437/437 438/438/438
f 439/439/439 440/440/440 441/441/441
f 442/442/442 443/443/443 444/444/444
f 445/445/445 446/446/446 447/447/447
f 448/448/448 449/449/449 450/450/450
f 451/451/451 452/452/452 453/453/453
f 454/454/454 455/455/455 456/456/456
f 457/457/457 458/458/458 459/459/459
f 460/460/460 461/461/461 462/462/462
f 463/463/463 464/464/464 465/465/465
f 466/466/466 467/467/467 468/468/468
f 469/469/469 470/470/470 471/471/471
f 472/472/472 473/473/473 474/474/474
f 475/475/475 476/476/476 477/477/477
f 478/478/478 479/479/479 480/480/480
f 481/481/481 482/482/482 483/483/483
f 484/484/484 485/485/485 486/486/486
f 487/487/487 488/488/488 489/489/489
f 490/490/490 491/491/491 492/492/492
f 493/493/493 494/494/494 495/495/495
f 496/496/496 497/497/497 498/498/498
f 499/499/499 500/500/500 501/501/501
f 502/502/502 503/503/503 504/504/504
f 505/505/505 506/506/506 507/507/507
f 508/508/508 509/509/509 510/510/510
f 511/511/511 512/512/512 513/513/513
f 514/514/514 515/515/515 516/516/516
f 517/517/517 518/518/518 519/519/519
f 520/520/520 521/521/521 522/522/522
f 523/523/523 524/524/524 525/525/525
f 526/526/526 527/527/527 528/528/528
f 529/529/529 530/530/530 531/531/531
f 532/532/532 533/533/533 534/534/534
f 535/535/535 536/536/536 537/537/537
f 538/538/538 539/539/539 540/540/540
f 541/541/541 542/542/542 543/543/543
f 544/544/544 545/545/545 546/546/546
f 547/547/547 548/548/548 549/549/549
f 550/550/550 551/551/551 552/552/552
f 553/553/553 554/554/554 555/555/555
f 556/556/556 557/557/557 558/558/558
f 559/559/559 560/560/560 561/561/561
f 562/562/562 563/563/563 564/564/564
f 565/565/565 566/566/566 567/567/567
f 568/568/568 569/569/569 570/570/570
f 571/571/571 572/572/572 573/573/573
f 574/574/574 575/575/575 576/576/576
f 577/577/577 578/578/578 579/579/579
f 580/580/580 581/581/581 582/582/582
f 583/583/583 584/584/584 585/585/585
f 586/586/586 587/587/587 588/588/588
f 589/589/589 590/590/590 591/591/591
f 592/592/592 593/593/593 594/594/594
f 595/595/595 596/596/596 597/597/597
f 598/598/598 599/599/599 600/600/600
f 601/601/601 602/602/602 603/603/603
f 604/604/604 605/605/605 606/606/606
f 607/607/607 608/608/608 609/609/609
f 610/610/610 611/611/611 612/612/612
f 613/613/613 614/614/614 615/615/615
f 616/616/616 617/617/617 618/618/618
f 619/619/619 620/620/620 621/621/621
f 622/622/622 623/623/623 624/624/624
f 625/625/625 626/626/626 627/627/627
f 628/628/628 629/629/629 630/630/630
f 631/631/631 632/632/632 633/633/633
f 634/634/634 635/635/635 636/636/636
f 637/637/637 638/638/638 639/639/639
f 640/640/640 641/641/641 642/642/642
f 643/643/643 644/644/644 645/645/645
f 646/646/646 647/647/647 648/648/648
f 649/649/649 650/650/650 651/651/651
f 652/652/652 653/653/653 654/654/654
f 655/655/655 656/656/656 657/657/657
f 658/658/658 659/659/659 660/660/660
f 661/661/661 662/662/662 663/663/663
f 664/664/664 665/665/665 666/666/666
f 667/667/667 668/668/668 669/669/669
f 670/670/670 671/671/671 672/672/672
f 673/673/673 674/674/674 675/675/675
f 676/676/676 677/677/677 678/678/678
f 679/679/679 680/680/680 681/681/681
f 682/682/682 683/683/683 684/684/684
f 685/685/685 686/686/686 687/687/687
f 688/688/688 689/689/689 690/690/690
f 691/691/691 692/692/692 693/693/693
f 694/694/694 695/695/695 696/696/696
f 697/697/697 698/698/698 699/699/699
f 700/700/700 701/701/701 702/702/702
f 703/703/703 704/704/704 705/705/705
f 706/706/706 707/707/707 708/708/708
f 709/709/709 710/710/710 711/711/711
f 712/712/712 713/713/713 714/714/714
f 715/715/715 716/716/716 717/717/717
f 718/718/718 719/719/719 720/720/720
f 721/721/721 722/722/722 723/723/723
f 724/724/724 725/725/725 726/726/726
f 727/727/727 728/728/728 729/729/729
f 730/730/730 731/731/731 732/732/732
f 733/733/733 734/734/734 735/735/735
f 736/736/736 737/737/737 738/738/738
f 739/739/739 740/740/740 741/741/741
f 742/742/742 743/743/743 744/744/744
f 745/745/745 746/746/746 747/747/747
f 748/748/748 749/749/749 750/750/750
f 751/751/751 752/752/752 753/753/753
f 754/754/754 755/755/755 756/756/756
f 757/757/757 758/758/758 759/759/759
f 760/760/760 761/761/761 762/762/762
f 763/763/763 764/764/764 765/765/765
f 766/766/766 767/767/767 768/768/768
f 769/769/769 770/770/770 771/771/771
f 772/772/772 773/773/773 774/774/774
f 775/775/775 776/776/776 777/777/777
f 778/778/778 779/779/779 780/780/780
f 781/781/781 782/782/782 783/783/783
f 784/784/784 785/785/785 786/786/786
f 787/787/787 788/788/788 789/789/789
f 790/790/790 791/791/791 792/792/792
f 793/793/793 794/794/794 795/795/795
f 796/796/796 797/797/797 798/798/798
f 799/799/799 800/800/800 801/801/801
f 802/802/802 803/803/803 804/804/804
f 805/805/805 806/806/806 807/807/807
f 808/808/808 809/809/809 810/810/810
f 811/811/811 812/812/812 813/813/813
f 814/814/814 815/815/815 816/816/816
f 817/817/817 818/818/818 819/819/819
f 820/820/820 821/821/821 822/822/822
f 823/823/823 824/824/824 825/825/825
f 826/826/826 827/827/827 828/828/828
f 829/829/829 830/830/830 831/831/831
f 832/832/832 833/833/833 834/834/834
f 835/835/835 836/836/836 837/837/837
f 838/838/838 839/839/839 840/840/840
f 841/841/841 842/842/842 843/843/843
f 844/844/844 845/845/845 846/846/846
f 847/847/847 848/848/848 849/849/849
f 850/850/850 851/851/851 852/852/852
f 853/853/853 854/854/854 855/855/855
f 856/856/856 857/857/857 858/858/858
f 859/859/859 860/860/860 861/861/861
f 862/862/862 863/863/863 864/864/864
f 865/865/865 866/866/866 867/867/867
f 868/868/868 869/869/869 870/870/870
f 871/871/871 872/872/872 873/873/873
f 874/874/874 875/875/875 876/876/876
f 877/877/877 878/878/878 879/879/879
f 880/880/880 881/881/881 882/882/882
f 883/883/883 884/884/884 885/885/885
f 886/886/886 887/887/887 888/888/888
f 889/889/889 890/890/890 891/891/891
f 892/892/892 893/893/893 894/894/894
f 895/895/895 896/896/896 897/897/897
f 898/898/898 899/899/899 900/900/900
f 901/901/901 902/902/902 903/903/903
f 904/904/904 905/905/905 906/906/906
f 907/907/907 908/908/908 909/909/909
f 910/910/910 911/911/911 912/912/912
f 913/913/913 914/914/914 915/915/915
f 916/916/916 917/917/917 918/918/918
f 919/919/919 920/920/920 921/921/921
f 922/922/922 923/923/923 924/924/924
f 925/925/925 926/926/926 927/927/927
f 928/928/928 929/929/929 930/930/930
f 931/931/931 932/932/932 933/933/933
f 934/934/934 935/935/935 936/936/936
f 937/937/937 938/938/938 939/939/939
f 940/940/940 941/941/941 942/942/942
f 943/943/943 944/944/944 945/945/945
f 946/946/946 947/947/947 948/948/948
f 949/949/949 950/950/950 951/951/951
f 952/952/952 953/953/953 954/954/954
f 955/955/955 956/956/956 957/957/957
f 958/958/958 959/959/959 960/960/960
f 961/961/961 962/962/962 963/963/963
f 964/964/964 965/965/965 966/966/966
f 967/967/967 968/968/968 969/969/969
f 970/970/970 971/971/971 972/972/972
f 973/973/973 974/974/974 975/975/975
f 976/976/976 977/977/977 978/978/978
f 979/979/979 980/980/980 981/981/981
f 982/982/982 983/983/983 984/984/984
f 985/985/985 986/986/986 987/987/987
f 988/988/988 989/989/989 990/990/990
f 991/991/991 992/992/992 993/993/993
f 994/994/994 995/995/995 996/996/996
f 997/997/997 998/998/998 999/999/999
f 1000/1000/1000 1001/1001/1001 1002/1002/1002
f 1003/1003/1003 1004/1004/1004 1005/1005/1005
f 1006/1006/1006 1007/1007/1007 1008/1008/1008
f 1009/1009/1009 1010/1010/1010 1011/1011/1011
f 1012/1012/1012 1013/1013/1013 1014/1014/1014
f 1015/1015/1015 1016/1016/1016 1017/1017/1017
f 1018/1018/1018 1019/1019/1019 1020/1020/1020
f 1021/1021/1021 1022/1022/1022 1023/1023/1023
f 1024/1024/1024 1025/1025/1025 1026/1026/1026
f 1027/1027/1027 1028/1028/1028 1029/1029/1029
f 1030/1030/1030 1031/1031/1031 1032/1032/1032
f 1033/1033/1033 1034/1034/1034 1035/1035/1035
f 1036/1036/1036 1037/1037/1037 1038/1038/1038
f 1039/1039/1039 1040/1040/1040 1041/1041/1041
f 1042/1042/1042 1043/1043/1043 1044/1044/1044
f 1045/1045/1045 1046/1046/1046 1047/1047/1047
f 1048/1048/1048 1049/1049/1049 1050/1050/1050
f 1051/1051/1051 1052/1052/1052 1053/1053/1053
f 1054/1054/1054 1055/1055/1055 1056/1056/1056
f 1057/1057/1057 1058/1058/1058 1059/1059/1059
f 1060/1060/1060 1061/1061/1061 1062/1062/1062
f 1063/1063/1063 1064/1064/1064 1065/1065/1065
f 1066/1066/1066 1067/1067/1067 1068/1068/1068
f 1069/1069/1069 1070/1070/1070 1071/1071/1071
f 1072/1072/1072 1073/1073/1073 1074/1074/1074
f 1075/1075/1075 1076/1076/1076 1077/1077/1077
f 1078/1078/1078 1079/1079/1079 1080/1080/1080
f 1081/1081/1081 1082/1082/1082 1083/1083/1083
f 1084/1084/1084 1085/1085/1085 1086/1086/1086
f 1087/1087/1087 1088/1088/1088 1089/1089/1089
f 1090/1090/1090 1091/1091/1091 1092/1092/1092
f 1093/1093/1093 1094/1094/1094 1095/1095/1095
f 1096/1096/1096 1097/1097/1097 1098/1098/1098
f 1099/1099/1099 1100/1100/1100 1101/1101/1101
f 1102/1102/1102 1103/1103/1103 1104/1104/1104
f 1105/1105/1105 1106/1106/1106 1107/1107/1107
f 1108/1108/1108 1109/1109/1109 1110/1110/1110
f 1111/1111/1111 1112/1112/1112 1113/1113/1113
f 1114/1114/1114 1115/1115/1115 1116/1116/1116
f 1117/1117/1117 1118/1118/1118 1119/1119/1119
f 1120/1120/1120 1121/1121/1121 1122/1122/1122
f 1123/1123/1123 1124/1124/1124 1125/1125/1125
f 1126/1126/1126 1127/1127/1127 1128/1128/1128
f 1129/1129/1129 1130/1130/1130 1131/1131/1131
f 1132/1132/1132 1133/1133/1133 1134/1134/1134
f 1135/1135/1135 1136/1136/1136 1137/1137/1137
f 1138/1138/1138 1139/1139/1139 1140/1140/1140
f 1141/1141/1141 1142/1142/1142 1143/1143/1143
f 1144/1144/1144 1145/1145/1145 1146/1146/1146
f 1147/1147/1147 1148/1148/1148 1149/1149/1149
f 1150/1150/1150 1151/1151/1151 1152/1152/1152
f 1153/1153/1153 1154/1154/1154 1155/1155/1155
f 1156/1156/1156 1157/1157/1157 1158/1158/1158
f 1159/1159/1159 1160/1160/1160 1161/1161/1161
f 1162/1162/1162 1163/1163/1163 1164/1164/1164
f 1165/1165/1165 1166/1166/1166 1167/1167/1167
f 1168/1168/1168 1169/1169/1169 1170/1170/1170
f 1171/1171/1171 1172/1172/1172 1173/1173/1173
f 1174/1174/1174 1175/1175/1175 1176/1176/1176
f 1177/1177/1177 1178/1178/1178 1179/1179/1179
f 1180/1180/1180 1181/1181/1181 1182/1182/1182
f 1183/1183/1183 1184/1184/1184 1185/1185/1185
f 1186/1186/1186 1187/1187/1187 1188/1188/1188
f 1189/1189/1189 1190/1190/1190 1191/1191/1191
f 1192/1192/1192 1193/1193/1193 1194/1194/1194
f 1195/1195/1195 1196/1196/1196 1197/1197/1197
f 1198/1198/1198 1199/1199/1199 1200/1200/1200
f 1201/1201/1201 1202/1202/1202 1203/1203/1203
f 1204/1204/1204 1205/1205/1205 1206/1206/1206
f 1207/1207/1207 1208/1208/1208 1209/1209/1209
f 1210/1210/1210 1211/1211/1211 1212/1212/1212
f 1213/1213/1213 1214/1214/1214 1215/1215/1215
f 1216/1216/1216 1217/1217/1217 1218/1218/1218
f 1219/1219/1219 1220/1220/1220 1221/1221/1221
f 1222/1222/1222 1223/1223/1223 1224/1224/1224
f 1225/1225/1225 1226/1226/1226 1227/1227/1227
f 1228/1228/1228 1229/1229/1229 1230/1230/1230
f 1231/1231/1231 1232/1232/1232 1233/1233/1233
f 1234/1234/1234 1235/1235/1235 1236/1236/1236
f 1237/1237/1237 1238/1238/1238 1239/1239/1239
f 1240/1240/1240 1241/1241/1241 1242/1242/1242
f 1243/1243/1243 1244/1244/1244 1245/1245/1245
f 1246/1246/1246 1247/1247/1247 1248/1248/1248
f 1249/1249/1249 1250/1250/1250 1251/1251/1251
f 1252/1252/1252 1253/1253/1253 1254/1254/1254
f 1255/1255/1255 1256/1256/1256 1257/1257/1257
f 1258/1258/1258 1259/1259/1259 1260/1260/1260
f 1261/1261/1261 1262/1262/1262 1263/1263/1263
f 1264/1264/1264 1265/1265/1265 1266/1266/1266
f 1267/1267/1267 1268/1268/1268 1269/1269/1269
f 1270/1270/1270 1271/1271/1271 1272/1272/1272
f 1273/1273/1273 1274/1274/1274 1275/1275/1275
f 1276/1276/1276 1277/1277/1277 1278/1278/1278
f 1279/1279/1279 1280/1280/1280 1281/1281/1281
f 1282/1282/1282 1283/1283/1283 1284/1284/1284
f 1285/1285/1285 1286/1286/1286 1287/1287/1287
f 1288/1288/1288 1289/1289/1289 1290/1290/1290
f 1291/1291/1291 1292/1292/1292 1293/1293/1293
f 1294/1294/1294 1295/1295/1295 1296/1296/1296
f 1297/1297/1297 1298/1298/1298 1299/1299/1299
f 1300/1300/1300 1301/1301/1301 1302/1302/1302
f 1303/1303/1303 1304/1304/1304 1305/1305/1305
f 1306/1306/1306 1307/1307/1307 1308/1308/1308
f 1309/1309/1309 1310/1310/1310 1311/1311/1311
f 1312/1312/1312 1313/1313/1313 1314/1314/1314
f 1315/1315/1315 1316/1316/1316 1317/1317/1317
f 1318/1318/1318 1319/1319/1319 1320/1320/1320
f 1321/1321/1321 1322/1322/1322 1323/1323/1323
f 1324/1324/1324 1325/1325/1325 1326/1326/1326
f 1327/1327/1327 1328/1328/1328 1329/1329/1329
f 1330/1330/1330 1331/1331/1331 1332/1332/1332
f 1333/1333/1333 1334/1334/1334 1335/1335/1335
f 1336/1336/1336 1337/1337/1337 1338/1338/1338
f 1339/1339/1339 1340/1340/1340 1341/1341/1341
f 1342/1342/1342 1343/1343/1343 1344/1344/1344
f 1345/1345/1345 1346/1346/1346 1347/1347/1347
f 1348/1348/1348 1349/1349/1349 1350/1350/1350
f 1351/1351/1351 1352/1352/1352 1353/1353/1353
f 1354/1354/1354 1355/1355/1355 1356/1356/1356
f 1357/1357/1357 1358/1358/1358 1359/1359/1359
f 1360/1360/1360 1361/1361/1361 1362/1362/1362
f 1363/1363/1363 1364/1364/1364 1365/1365/1365
f 1366/1366/1366 1367/1367/1367 1368/1368/1368
f 1369/1369/1369 1370/1370/1370 1371/1371/1371
f 1372/1372/1372 1373/1373/1373 1374/1374/1374
f 1375/1375/1375 1376/1376/1376 1377/1377/1377
f 1378/1378/1378 1379/1379/1379 1380/1380/1380
f 1381/1381/1381 1382/1382/1382 1383/1383/1383
f 1384/1384/1384 1385/1385/1385 1386/1386/1386
f 1387/1387/1387 1388/1388/1388 1389/1389/1389
f 1390/1390/1390 1391/1391/1391 1392/1392/1392
f 1393/1393/1393 1394/1394/1394 1395/1395/1395
f 1396/1396/1396 1397/1397/1397 1398/1398/1398
f 1399/1399/1399 1400/1400/1400 1401/1401/1401
f 1402/1402/1402 1403/1403/1403 1404/1404/1404
f 1405/1405/1405 1406/1406/1406 1407/1407/1407
f 1408/1408/1408 1409/1409/1409 1410/1410/1410
f 1411/1411/1411 1412/1412/1412 1413/1413/1413
f 1414/1414/1414 1415/1415/1415 1416/1416/1416
f 1417/1417/1417 1418/1418/1418 1419/1419/1419
f 1420/1420/1420 1421/1421/1421 1422/1422/1422
f 1423/1423/1423 1424/1424/1424 1425/1425/1425
f 1426/1426/1426 1427/1427/1427 1428/1428/1428
f 1429/1429/1429 1430/1430/1430 1431/1431/1431
f 1432/1432/1432 1433/1433/1433 1434/1434/1434
f 1435/1435/1435 1436/1436/1436 1437/1437/1437
f 1438/1438/1438 1439/1439/1439 1440/1440/1440
f 1441/1441/1441 1442/1442/1442 1443/1443/1443
f 1444/1444/1444 1445/1445/1445 1446/1446/1446
f 1447/1447/1447 1448/1448/1448 1449/1449/1449
f 1450/1450/1450 1451/1451/1451 1452/1452/1452
f 1453/1453/1453 1454/1454/1454 1455/1455/1455
f 1456/1456/1456 1457/1457/1457 1458/1458/1458
f 1459/1459/1459 1460/1460/1460 1461/1461/1461
f 1462/1462/1462 1463/1463/1463 1464/1464/1464
f 1465/1465/1465 1466/1466/1466 1467/1467/1467
f 1468/1468/1468 1469/1469/1469 1470/1470/1470
f 1471/1471/1471 1472/1472/1472 1473/1473/1473
f 1474/1474/1474 1475/1475/1475 1476/1476/1476
f 1477/1477/1477 1478/1478/1478 1479/1479/1479
f 1480/1480/1480 1481/1481/1481 1482/1482/1482
f 1483/1483/1483 1484/1484/1484 1485/1485/1485
f 1486/1486/1486 1487/1487/1487 1488/1488/1488
f 1489/1489/1489 1490/1490/1490 1491/1491/1491
f 1492/1492/1492 1493/1493/1493 1494/1494/1494
f 1495/1495/1495 1496/1496/1496 1497/1497/1497
f 1498/1498/1498 1499/1499/1499 1500/1500/1500
f 1501/1501/1501 1502/1502/1502 1503/1503/1503
f 1504/1504/1504 1505/1505/1505 1506/1506/1506
f 1507/1507/1507 1508/1508/1508 1509/1509/1509
f 1510/1510/1510 1511/1511/1511 1512/1512/1512
f 1513/1513/1513 1514/1514/1514 1515/1515/1515
f 1516/1516/1516 1517/1517/1517 1518/1518/1518
f 1519/1519/1519 1520/1520/1520 1521/1521/1521
f 1522/1522/1522 1523/1523/1523 1524/1524/1524
f 1525/1525/1525 1526/1526/1526 1527/1527/1527
f 1528/1528/1528 1529/1529/1529 1530/1530/1530
f 1531/1531/1531 1532/1532/1532 1533/1533/1533
f 1534/1534/1534 1535/1535/1535 1536/1536/1536
f 1537/1537/1537 1538/1538/1538 1539/1539/1539
f 1540/1540/1540 1541/1541/1541 1542/1542/1542
f 1543/1543/1543 1544/1544/1544 1545/1545/1545
f 1546/1546/1546 1547/1547/1547 1548/1548/1548
f 1549/1549/1549 1550/1550/1550 1551/1551/1551
f 1552/1552/1552 1553/1553/1553 1554/1554/1554
f 1555/1555/1555 1556/1556/1556 1557/1557/1557
f 1558/1558/1558 1559/1559/1559 1560/1560/1560
f 1561/1561/1561 1562/1562/1562 1563/1563/1563
f 1564/1564/1564 1565/1565/1565 1566/1566/1566
f 1567/1567/1567 1568/1568/1568 1569/1569/1569
f 1570/1570/1570 1571/1571/1571 1572/1572/1572
f 1573/1573/1573 1574/1574/1574 1575/1575/1575
f 1576/1576/1576 1577/1577/1577 1578/1578/1578
f 1579/1579/1579 1580/1580/1580 1581/1581/1581
f 1582/1582/1582 1583/1583/1583 1584/1584/1584
f 1585/1585/1585 1586/1586/1586 1587/1587/1587
f 1588/1588/1588 1589/1589/1589 1590/1590/1590
f 1591/1591/1591 1592/1592/1592 1593/1593/1593
f 1594/1594/1594 1595/1595/1595 1596/1596/1596
f 1597/1597/1597 1598/1598/1598 1599/1599/1599
f 1600/1600/1600 1601/1601/1601 1602/1602/1602
f 1603/1603/1603 1604/1604/1604 1605/1605/1605
f 1606/1606/1606 1607/1607/1607 1608/1608/1608
f 1609/1609/1609 1610/1610/1610 1611/1611/1611
f 1612/1612/1612 1613/1613/1613 1614/1614/1614
f 1615/1615/1615 1616/1616/1616 1617/1617/1617
f 1618/1618/1618 1619/1619/1619 1620/1620/1620
f 1621/1621/1621 1622/1622/1622 1623/1623/1623
f 1624/1624/1624 1625/1625/1625 1626/1626/1626
f 1627/1627/1627 1628/1628/1628 1629/1629/1629
f 1630/1630/1630 1631/1631/1631 1632/1632/1632
f 1633/1633/1633 1634/1634/1634 1635/1635/1635
f 1636/1636/1636 1637/1637/1637 1638/1638/1638
f 1639/1639/1639 1640/1640/1640 1641/1641/1641
f 1642/1642/1642 1643/1643/1643 1644/1644/1644
f 1645/1645/1645 1646/1646/1646 1647/1647/1647
f 1648/1648/1648 1649/1649/1649 1650/1650/1650
f 1651/1651/1651 1652/1652/1652 1653/1653/1653
f 1654/1654/1654 1655/1655/1655 1656/1656/1656
f 1657/1657/1657 1658/1658/1658 1659/1659/1659
f 1660/1660/1660 1661/1661/1661 1662/1662/1662
f 1663/1663/1663 1664/1664/1664 1665/1665/1665
f 1666/1666/1666 1667/1667/1667 1668/1668/1668
f 1669/1669/1669 1670/1670/1670 1671/1671/1671
f 1672/1672/1672 1673/1673/1673 1674/1674/1674
f 1675/1675/1675 1676/1676/1676 1677/1677/1677
f 1678/1678/1678 1679/1679/1679 1680/1680/1680
f 1681/1681/1681 1682/1682/1682 1683/1683/1683
f 1684/1684/1684 1685/1685/1685 1686/1686/1686
f 1687/1687/1687 1688/1688/1688 1689/1689/1689
f 1690/1690/1690 1691/1691/1691 1692/1692/1692
f 1693/1693/1693 1694/1694/1694 1695/1695/1695
f 1696/1696/1696 1697/1697/1697 1698/1698/1698
f 1699/1699/1699 1700/1700/1700 1701/1701/1701
f 1702/1702/1702 1703/1703/1703 1704/1704/1704
f 1705/1705/1705 1706/1706/1706 1707/1707/1707
f 1708/1708/1708 1709/1709/1709 1710/1710/1710
f 1711/1711/1711 1712/1712/1712 1713/1713/1713
f 1714/1714/1714 1715/1715/1715 1716/1716/1716
f 1717/1717/1717 1718/1718/1718 1719/1719/1719
f 1720/1720/1720 1721/1721/1721 1722/1722/1722
f 1723/1723/1723 1724/1724/1724 1725/1725/1725
f 1726/1726/1726 1727/1727/1727 1728/1728/1728
f 1729/1729/1729 1730/1730/1730 1731/1731/1731
f 1732/1732/1732 1733/1733/1733 1734/1734/1734
f 1735/1735/1735 1736/1736/1736 1737/1737/1737
f 1738/1738/1738 1739/1739/1739 1740/1740/1740
f 1741/1741/1741 1742/1742/1742 1743/1743/1743
f 1744/1744/1744 1745/1745/1745 1746/1746/1746
f 1747/1747/1747 1748/1748/1748 1749/1749/1749
f 1750/1750/1750 1751/1751/1751 1752/1752/1752
f 1753/1753/1753 1754/1754/1754 1755/1755/1755
f 1756/1756/1756 1757/1757/1757 1758/1758/1758
f 1759/1759/1759 1760/1760/1760 1761/1761/1761
f 1762/1762/1762 1763/1763/1763 1764/1764/1764
f 1765/1765/1765 1766/1766/1766 1767/1767/1767
f 1768/1768/1768 1769/1769/1769 1770/1770/1770
f 1771/1771/1771 1772/1772/1772 1773/1773/1773
f 1774/1774/1774 1775/1775/1775 1776/1776/1776
f 1777/1777/1777 1778/1778/1778 1779/1779/1779
f 1780/1780/1780 1781/1781/1781 1782/1782/1782
f 1783/1783/1783 1784/1784/1784 1785/1785/1785
f 1786/1786/1786 1787/1787/1787 1788/1788/1788
f 1789/1789/1789 1790/1790/1790 1791/1791/1791
f 1792/1792/1792 1793/1793/1793 1794/1794/1794
f 1795/1795/1795 1796/1796/1796 1797/1797/1797
f 1798/1798/1798 1799/1799/1799 1800/1800/1800
f 1801/1801/1801 1802/1802/1802 1803/1803/1803
f 1804/1804/1804 1805/1805/1805 1806/1806/1806
f 1807/1807/1807 1808/1808/1808 1809/1809/1809
f 1810/1810/1810 1811/1811/1811 1812/1812/1812
f 1813/1813/1813 1814/1814/1814 1815/1815/1815
f 1816/1816/1816 1817/1817/1817 1818/1818/1818
f 1819/1819/1819 1820/1820/1820 1821/1821/1821
f 1822/1822/1822 1823/1823/1823 1824/1824/1824
f 1825/1825/1825 1826/1826/1826 1827/1827/1827
f 1828/1828/1828 1829/1829/1829 1830/1830/1830
f 1831/1831/1831 1832/1832/1832 1833/1833/1833
f 1834/1834/1834 1835/1835/1835 1836/1836/1836
f 1837/1837/1837 1838/1838/1838 1839/1839/1839
f 1840/1840/1840 1841/1841/1841 1842/1842/1842
f 1843/1843/1843 1844/1844/1844 1845/1845/1845
f 1846/1846/1846 1847/1847/1847 1848/1848/1848
f 1849/1849/1849 1850/1850/1850 1851/1851/1851
f 1852/1852/1852 1853/1853/1853 1854/1854/1854
f 1855/1855/1855 1856/1856/1856 1857/1857/1857
f 1858/1858/1858 1859/1859/1859 1860/1860/1860
f 1861/1861/1861 1862/1862/1862 1863/1863/1863
f 1864/1864/1864 1865/1865/1865 1866/1866/1866
f 1867/1867/1867 1868/1868/1868 1869/1869/1869
f 1870/1870/1870 1871/1871/1871 1872/1872/1872
f 1873/1873/1873 1874/1874/1874 1875/1875/1875
f 1876/1876/1876 1877/1877/1877 1878/1878/1878
f 1879/1879/1879 1880/1880/1880 1881/1881/1881
f 1882/1882/1882 1883/1883/1883 1884/1884/1884
f 1885/1885/1885 1886/1886/1886 1887/1887/1887
f 1888/1888/1888 1889/1889/1889 1890/1890/1890
f 1891/1891/1891 1892/1892/1892 1893/1893/1893
f 1894/1894/1894 1895/1895/1895 1896/1896/1896
f 1897/1897/1897 1898/1898/1898 1899/1899/1899
f 1900/1900/1900 1901/1901/1901 1902/1902/1902
f 1903/1903/1903 1904/1904/1904 1905/1905/1905
f 1906/1906/1906 1907/1907/1907 1908/1908/1908
f 1909/1909/1909 1910/1910/1910 1911/1911/1911
f 1912/1912/1912 1913/1913/1913 1914/1914/1914
f 1915/1915/1915 1916/1916/1916 1917/1917/1917
f 1918/1918/1918 1919/1919/1919 1920/1920/1920
f 1921/1921/1921 1922/1922/1922 1923/1923/1923
f 1924/1924/1924 1925/1925/1925 1926/1926/1926
f 1927/1927/1927 1928/1928/1928 1929/1929/1929
f 1930/1930/1930 1931/1931/1931 1932/1932/1932
f 1933/1933/1933 1934/1934/1934 1935/1935/1935
f 1936/1936/1936 1937/1937/1937 1938/1938/1938
f 1939/1939/1939 1940/1940/1940 1941/1941/1941
f 1942/1942/1942 1943/1943/1943 1944/1944/1944
f 1945/1945/1945 1946/1946/1946 1947/1947/1947
f 1948/1948/1948 1949/1949/1949 1950/1950/1950
f 1951/1951/1951 1952/1952/1952 1953/1953/1953
f 1954/1954/1954 1955/1955/1955 1956/1956/1956
f 1957/1957/1957 1958/1958/1958 1959/1959/1959
f 1960/1960/1960 1961/1961/1961 1962/1962/1962
f 1963/1963/1963 1964/1964/1964 1965/1965/1965
f 1966/1966/1966 1967/1967/1967 1968/1968/1968
f 1969/1969/1969 1970/1970/1970 1971/1971/1971
f 1972/1972/1972 1973/1973/1973 1974/1974/1974
f 1975/1975/1975 1976/1976/1976 1977/1977/1977
f 1978/1978/1978 1979/1979/1979 1980/1980/1980
f 1981/1981/1981 1982/1982/1982 1983/1983/1983
f 1984/1984/1984 1985/1985/1985 1986/1986/1986
f 1987/1987/1987 1988/1988/1988 1989/1989/1989
f 1990/1990/1990 1991/1991/1991 1992/1992/1992
f 1993/1993/1993 1994/1994/1994 1995/1995/1995
f 1996/1996/1996 1997/1997/1997 1998/1998/1998
f 1999/1999/1999 2000/2000/2000 2001/2001/2001
f 2002/2002/2002 2003/2003/2003 2004/2004/2004
f 2005/2005/2005 2006/2006/2006 2007/2007/2007
f 2008/2008/2008 2009/2009/2009 2010/2010/2010
f 2011/2011/2011 2012/2012/2012 2013/2013/2013
f 2014/2014/2014 2015/2015/2015 2016/2016/2016
f 2017/2017/2017 2018/2018/2018 2019/2019/2019
f 2020/2020/2020 2021/2021/2021 2022/2022/2022
f 2023/2023/2023 2024/2024/2024 2025/2025/2025
f 2026/2026/2026 2027/2027/2027 2028/2028/2028
f 2029/2029/2029 2030/2030/2030 2031/2031/2031
f 2032/2032/2032 2033/2033/2033 2034/2034/2034
f 2035/2035/2035 2036/2036/2036 2037/2037/2037
f 2038/2038/2038 2039/2039/2039 2040/2040/2040
f 2041/2041/2041 2042/2042/2042 2043/2043/2043
f 2044/2044/2044 2045/2045/2045 2046/2046/2046
f 2047/2047/2047 2048/2048/2048 2049/2049/2049
f 2050/2050/2050 2051/2051/2051 2052/2052/2052
f 2053/2053/2053 2054/2054/2054 2055/2055/2055
f 2056/2056/2056 2057/2057/2057 2058/2058/2058
f 2059/2059/2059 2060/2060/2060 2061/2061/2061
f 2062/2062/2062 2063/2063/2063 2064/2064/2064
f 2065/2065/2065 2066/2066/2066 2067/2067/2067
f 2068/2068/2068 2069/2069/2069 2070/2070/2070
f 2071/2071/2071 2072/2072/2072 2073/2073/2073
f 2074/2074/2074 2075/2075/2075 2076/2076/2076
f 2077/2077/2077 2078/2078/2078 2079/2079/2079
f 2080/2080/2080 2081/2081/2081 2082/2082/2082
f 2083/2083/2083 2084/2084/2084 2085/2085/2085
f 2086/2086/2086 2087/2087/2087 2088/2088/2088
f 2089/2089/2089 2090/2090/2090 2091/2091/2091
f 2092/2092/2092 2093/2093/2093 2094/2094/2094
f 2095/2095/2095 2096/2096/2096 2097/2097/2097
f 2098/2098/2098 2099/2099/2099 2100/2100/2100
f 2101/2101/2101 2102/2102/2102 2103/2103/2103
f 2104/2104/2104 2105/2105/2105 2106/2106/2106
f 2107/2107/2107 2108/2108/2108 2109/2109/2109
f 2110/2110/2110 2111/2111/2111 2112/2112/2112
f 2113/2113/2113 2114/2114/2114 2115/2115/2115
f 2116/2116/2116 2117/2117/2117 2118/2118/2118
f 2119/2119/2119 2120/2120/2120 2121/2121/2121
f 2122/2122/2122 2123/2123/2123 2124/2124/2124
f 2125/2125/2125 2126/2126/2126 2127/2127/2127
f 2128/2128/2128 2129/2129/2129 2130/2130/2130
f 2131/2131/2131 2132/2132/2132 2133/2133/2133
f 2134/2134/2134 2135/2135/2135 2136/2136/2136
f 2137/2137/2137 2138/2138/2138 2139/2139/2139
f 2140/2140/2140 2141/2141/2141 2142/2142/2142
f 2143/2143/2143 2144/2144/2144 2145/2145/2145
f 2146/2146/2146 2147/2147/2147 2148/2148/2148
f 2149/2149/2149 2150/2150/2150 2151/2151/2151
f 2152/2152/2152 2153/2153/2153 2154/2154/2154
f 2155/2155/2155 2156/2156/2156 2157/2157/2157
f 2158/2158/2158 2159/2159/2159 2160/2160/2160
f 2161/2161/2161 2162/2162/2162 2163/2163/2163
f 2164/2164/2164 2165/2165/2165 2166/2166/2166
f 2167/2167/2167 2168/2168/2168 2169/2169/2169
f 2170/2170/2170 2171/2171/2171 2172/2172/2172
f 2173/2173/2173 2174/2174/2174 2175/2175/2175
f 2176/2176/2176 2177/2177/2177 2178/2178/2178
f 2179/2179/2179 2180/2180/2180 2181/2181/2181
f 2182/2182/2182 2183/2183/2183 2184/2184/2184
f 2185/2185/2185 2186/2186/2186 2187/2187/2187
f 2188/2188/2188 2189/2189/2189 2190/2190/2190
f 2191/2191/2191 2192/2192/2192 2193/2193/2193
f 2194/2194/2194 2195/2195/2195 2196/2196/2196
f 2197/2197/2197 2198/2198/2198 2199/2199/2199
f 2200/2200/2200 2201/2201/2201 2202/2202/2202
f 2203/2203/2203 2204/2204/2204 2205/2205/2205
f 2206/2206/2206 2207/2207/2207 2208/2208/2208
f 2209/2209/2209 2210/2210/2210 2211/2211/2211
f 2212/2212/2212 2213/2213/2213 2214/2214/2214
f 2215/2215/2215 2216/2216/2216 2217/2217/2217
f 2218/2218/2218 2219/2219/2219 2220/2220/2220
f 2221/2221/2221 2222/2222/2222 2223/2223/2223
f 2224/2224/2224 2225/2225/2225 2226/2226/2226
f 2227/2227/2227 2228/2228/2228 2229/2229/2229
f 2230/2230/2230 2231/2231/2231 2232/2232/2232
f 2233/2233/2233 2234/2234/2234 2235/2235/2235
f 2236/2236/2236 2237/2237/2237 2238/2238/2238
f 2239/2239/2239 2240/2240/2240 2241/2241/2241
f 2242/2242/2242 2243/2243/2243 2244/2244/2244
f 2245/2245/2245 2246/2246/2246 2247/2247/2247
f 2248/2248/2248 2249/2249/2249 2250/2250/2250
f 2251/2251/2251 2252/2252/2252 2253/2253/2253
f 2254/2254/2254 2255/2255/2255 2256/2256/2256
f 2257/2257/2257 2258/2258/2258 2259/2259/2259
f 2260/2260/2260 2261/2261/2261 2262/2262/2262
f 2263/2263/2263 2264/2264/2264 2265/2265/2265
f 2266/2266/2266 2267/2267/2267 2268/2268/2268
f 2269/2269/2269 2270/2270/2270 2271/2271/2271
f 2272/2272/2272 2273/2273/2273 2274/2274/2274
f 2275/2275/2275 2276/2276/2276 2277/2277/2277
f 2278/2278/2278 2279/2279/2279 2280/2280/2280
f 2281/2281/2281 2282/2282/2282 2283/2283/2283
f 2284/2284/2284 2285/2285/2285 2286/2286/2286
f 2287/2287/2287 2288/2288/2288 2289/2289/2289
f 2290/2290/2290 2291/2291/2291 2292/2292/2292
f 2293/2293/2293 2294/2294/2294 2295/2295/2295
f 2296/2296/2296 2297/2297/2297 2298/2298/2298
f 2299/2299/2299 2300/2300/2300 2301/2301/2301
f 2302/2302/2302 2303/2303/2303 2304/2304/2304
f 2305/2305/2305 2306/2306/2306 2307/2307/2307
f 2308/2308/2308 2309/2309/2309 2310/2310/2310
f 2311/2311/2311 2312/2312/2312 2313/2313/2313
f 2314/2314/2314 2315/2315/2315 2316/2316/2316
f 2317/2317/2317 2318/2318/2318 2319/2319/2319
f 2320/2320/2320 2321/2321/2321 2322/2322/2322
f 2323/2323/2323 2324/2324/2324 2325/2325/2325
f 2326/2326/2326 2327/2327/2327 2328/2328/2328
f 2329/2329/2329 2330/2330/2330 2331/2331/2331
f 2332/2332/2332 2333/2333/2333 2334/2334/2334
f 2335/2335/2335 2336/2336/2336 2337/2337/2337
f 2338/2338/2338 2339/2339/2339 2340/2340/2340
f 2341/2341/2341 2342/2342/2342 2343/2343/2343
f 2344/2344/2344 2345/2345/2345 2346/2346/2346
f 2347/2347/2347 2348/2348/2348 2349/2349/2349
f 2350/2350/2350 2351/2351/2351 2352/2352/2352
f 2353/2353/2353 2354/2354/2354 2355/2355/2355
f 2356/2356/2356 2357/2357/2357 2358/2358/2358
f 2359/2359/2359 2360/2360/2360 2361/2361/2361
f 2362/2362/2362 2363/2363/2363 2364/2364/2364
f 2365/2365/2365 2366/2366/2366 2367/2367/2367
f 2368/2368/2368 2369/2369/2369 2370/2370/2370
f 2371/2371/2371 2372/2372/2372 2373/2373/2373
f 2374/2374/2374 2375/2375/2375 2376/2376/2376
f 2377/2377/2377 2378/2378/2378 2379/2379/2379
f 2380/2380/2380 2381/2381/2381 2382/2382/2382
f 2383/2383/2383 2384/2384/2384 2385/2385/2385
f 2386/2386/2386 2387/2387/2387 2388/2388/2388
f 2389/2389/2389 2390/2390/2390 2391/2391/2391
f 2392/2392/2392 2393/2393/2393 2394/2394/2394
f 2395/2395/2395 2396/2396/2396 2397/2397/2397
f 2398/2398/2398 2399/2399/2399 2400/2400/2400
f 2401/2401/2401 2402/2402/2402 2403/2403/2403
f 2404/2404/2404 2405/2405/2405 2406/2406/2406
f 2407/2407/2407 2408/2408/2408 2409/2409/2409
f 2410/2410/2410 2411/2411/2411 2412/2412/2412
f 2413/2413/2413 2414/2414/2414 2415/2415/2415
f 2416/2416/2416 2417/2417/2417 2418/2418/2418
f 2419/2419/2419 2420/2420/2420 2421/2421/2421
f 2422/2422/2422 2423/2423/2423 2424/2424/2424
f 2425/2425/2425 2426/2426/2426 2427/2427/2427
f 2428/2428/2428 2429/2429/2429 2430/2430/2430
f 2431/2431/2431 2432/2432/2432 2433/2433/2433
f 2434/2434/2434 2435/2435/2435 2436/2436/2436
f 2437/2437/2437 2438/2438/2438 2439/2439/2439
f 2440/2440/2440 2441/2441/2441 2442/2442/2442
f 2443/2443/2443 2444/2444/2444 2445/2445/2445
f 2446/2446/2446 2447/2447/2447 2448/2448/2448
f 2449/2449/2449 2450/2450/2450 2451/2451/2451
f 2452/2452/2452 2453/2453/2453 2454/2454/2454
f 2455/2455/2455 2456/2456/2456 2457/2457/2457
f 2458/2458/2458 2459/2459/2459 2460/2460/2460
f 2461/2461/2461 2462/2462/2462 2463/2463/2463
f 2464/2464/2464 2465/2465/2465 2466/2466/2466
f 2467/2467/2467 2468/2468/2468 2469/2469/2469
f 2470/2470/2470 2471/2471/2471 2472/2472/2472
f 2473/2473/2473 2474/2474/2474 2475/2475/2475
f 2476/2476/2476 2477/2477/2477 2478/2478/2478
f 2479/2479/2479 2480/2480/2480 2481/2481/2481
f 2482/2482/2482 2483/2483/2483 2484/2484/2484
f 2485/2485/2485 2486/2486/2486 2487/2487/2487
f 2488/2488/2488 2489/2489/2489 2490/2490/2490
f 2491/2491/2491 2492/2492/2492 2493/2493/2493
f 2494/2494/2494 2495/2495/2495 2496/2496/2496
f 2497/2497/2497 2498/2498/2498 2499/2499/2499
f 2500/2500/2500 2501/2501/2501 2502/2502/2502
f 2503/2503/2503 2504/2504/2504 2505/2505/2505
f 2506/2506/2506 2507/2507/2507 2508/2508/2508
f 2509/2509/2509 2510/2510/2510 2511/2511/2511
f 2512/2512/2512 2513/2513/2513 2514/2514/2514
f 2515/2515/2515 2516/2516/2516 2517/2517/2517
f 2518/2518/2518 2519/2519/2519 2520/2520/2520
f 2521/2521/2521 2522/2522/2522 2523/2523/2523
f 2524/2524/2524 2525/2525/2525 2526/2526/2526
f 2527/2527/2527 2528/2528/2528 2529/2529/2529
f 2530/2530/2530 2531/2531/2531 2532/2532/2532
f 2533/2533/2533 2534/2534/2534 2535/2535/2535
f 2536/2536/2536 2537/2537/2537 2538/2538/2538
f 2539/2539/2539 2540/2540/2540 2541/2541/2541
f 2542/2542/2542 2543/2543/2543 2544/2544/2544
f 2545/2545/2545 2546/2546/2546 2547/2547/2547
f 2548/2548/2548 2549/2549/2549 2550/2550/2550
f 2551/2551/2551 2552/2552/2552 2553/2553/2553
f 2554/2554/2554 2555/2555/2555 2556/2556/2556
f 2557/2557/2557 2558/2558/2558 2559/2559/2559
f 2560/2560/2560 2561/2561/2561 2562/2562/2562
f 2563/2563/2563 2564/2564/2564 2565/2565/2565
f 2566/2566/2566 2567/2567/2567 2568/2568/2568
f 2569/2569/2569 2570/2570/2570 2571/2571/2571
f 2572/2572/2572 2573/2573/2573 2574/2574/2574
f 2575/2575/2575 2576/2576/2576 2577/2577/2577
f 2578/2578/2578 2579/2579/2579 2580/2580/2580
f 2581/2581/2581 2582/2582/2582 2583/2583/2583
f 2584/2584/2584 2585/2585/2585 2586/2586/2586
f 2587/2587/2587 2588/2588/2588 2589/2589/2589
f 2590/2590/2590 2591/2591/2591 2592/2592/2592
f 2593/2593/2593 2594/2594/2594 2595/2595/2595
f 2596/2596/2596 2597/2597/2597 2598/2598/2598
f 2599/2599/2599 2600/2600/2600 2601/2601/2601
f 2602/2602/2602 2603/2603/2603 2604/2604/2604
f 2605/2605/2605 2606/2606/2606 2607/2607/2607
f 2608/2608/2608 2609/2609/2609 2610/2610/2610
f 2611/2611/2611 2612/2612/2612 2613/2613/2613
f 2614/2614/2614 2615/2615/2615 2616/2616/2616
f 2617/2617/2617 2618/2618/2618 2619/2619/2619
f 2620/2620/2620 2621/2621/2621 2622/2622/2622
f 2623/2623/2623 2624/2624/2624 2625/2625/2625
f 2626/2626/2626 2627/2627/2627 2628/2628/2628
f 2629/2629/2629 2630/2630/2630 2631/2631/2631
f 2632/2632/2632 2633/2633/2633 2634/2634/2634
f 2635/2635/2635 2636/2636/2636 2637/2637/2637
f 2638/2638/2638 2639/2639/2639 2640/2640/2640
f 2641/2641/2641 2642/2642/2642 2643/2643/2643
f 2644/2644/2644 2645/2645/2645 2646/2646/2646
f 2647/2647/2647 2648/2648/2648 2649/2649/2649
f 2650/2650/2650 2651/2651/2651 2652/2652/2652
f 2653/2653/2653 2654/2654/2654 2655/2655/2655
f 2656/2656/2656 2657/2657/2657 2658/2658/2658
f 2659/2659/2659 2660/2660/2660 2661/2661/2661
f 2662/2662/2662 2663/2663/2663 2664/2664/2664
f 2665/2665/2665 2666/2666/2666 2667/2667/2667
f 2668/2668/2668 2669/2669/2669 2670/2670/2670
f 2671/2671/2671 2672/2672/2672 2673/2673/2673
f 2674/2674/2674 2675/2675/2675 2676/2676/2676
f 2677/2677/2677 2678/2678/2678 2679/2679/2679
f 2680/2680/2680 2681/2681/2681 2682/2682/2682
f 2683/2683/2683 2684/2684/2684 2685/2685/2685
f 2686/2686/2686 2687/2687/2687 2688/2688/2688
f 2689/2689/2689 2690/2690/2690 2691/2691/2691
f 2692/2692/2692 2693/2693/2693 2694/2694/2694
f 2695/2695/2695 2696/2696/2696 2697/2697/2697
f 2698/2698/2698 2699/2699/2699 2700/2700/2700
f 2701/2701/2701 2702/2702/2702 2703/2703/2703
f 2704/2704/2704 2705/2705/2705 2706/2706/2706
f 2707/2707/2707 2708/2708/2708 2709/2709/2709
f 2710/2710/2710 2711/2711/2711 2712/2712/2712
f 2713/2713/2713 2714/2714/2714 2715/2715/2715
f 2716/2716/2716 2717/2717/2717 2718/2718/2718
f 2719/2719/2719 2720/2720/2720 2721/2721/2721
f 2722/2722/2722 2723/2723/2723 2724/2724/2724
f 2725/2725/2725 2726/2726/2726 2727/2727/2727
f 2728/2728/2728 2729/2729/2729 2730/2730/2730
f 2731/2731/2731 2732/2732/2732 2733/2733/2733
f 2734/2734/2734 2735/2735/2735 2736/2736/2736
f 2737/2737/2737 2738/2738/2738 2739/2739/2739
f 2740/2740/2740 2741/2741/2741 2742/2742/2742
f 2743/2743/2743 2744/2744/2744 2745/2745/2745
f 2746/2746/2746 2747/2747/2747 2748/2748/2748
f 2749/2749/2749 2750/2750/2750 2751/2751/2751
f 2752/2752/2752 2753/2753/2753 2754/2754/2754
f 2755/2755/2755 2756/2756/2756 2757/2757/2757
f 2758/2758/2758 2759/2759/2759 2760/2760/2760
f 2761/2761/2761 2762/2762/2762 2763/2763/2763
f 2764/2764/2764 2765/2765/2765 2766/2766/2766
f 2767/2767/2767 2768/2768/2768 2769/2769/2769
f 2770/2770/2770 2771/2771/2771 2772/2772/2772
f 2773/2773/2773 2774/2774/2774 2775/2775/2775
f 2776/2776/2776 2777/2777/2777 2778/2778/2778
f 2779/2779/2779 2780/2780/2780 2781/2781/2781
f 2782/2782/2782 2783/2783/2783 2784/2784/2784
f 2785/2785/2785 2786/2786/2786 2787/2787/2787
f 2788/2788/2788 2789/2789/2789 2790/2790/2790
f 2791/2791/2791 2792/2792/2792 2793/2793/2793
f 2794/2794/2794 2795/2795/2795 2796/2796/2796
f 2797/2797/2797 2798/2798/2798 2799/2799/2799
f 2800/2800/2800 2801/2801/2801 2802/2802/2802
f 2803/2803/2803 2804/2804/2804 2805/2805/2805
f 2806/2806/2806 2807/2807/2807 2808/2808/2808
f 2809/2809/2809 2810/2810/2810 2811/2811/2811
f 2812/2812/2812 2813/2813/2813 2814/2814/2814
f 2815/2815/2815 2816/2816/2816 2817/2817/2817
f 2818/2818/2818 2819/2819/2819 2820/2820/2820
f 2821/2821/2821 2822/2822/2822 2823/2823/2823
f 2824/2824/2824 2825/2825/2825 2826/2826/2826
f 2827/2827/2827 2828/2828/2828 2829/2829/2829
f 2830/2830/2830 2831/2831/2831 2832/2832/2832
f 2833/2833/2833 2834/2834/2834 2835/2835/2835
f 2836/2836/2836 2837/2837/2837 2838/2838/2838
f 2839/2839/2839 2840/2840/2840 2841/2841/2841
f 2842/2842/2842 2843/2843/2843 2844/2844/2844
f 2845/2845/2845 2846/2846/2846 2847/2847/2847
f 2848/2848/2848 2849/2849/2849 2850/2850/2850
f 2851/2851/2851 2852/2852/2852 2853/2853/2853
f 2854/2854/2854 2855/2855/2855 2856/2856/2856
f 2857/2857/2857 2858/2858/2858 2859/2859/2859
f 2860/2860/2860 2861/2861/2861 2862/2862/2862
f 2863/2863/2863 2864/2864/2864 2865/2865/2865
f 2866/2866/2866 2867/2867/2867 2868/2868/2868
f 2869/2869/2869 2870/2870/2870 2871/2871/2871
f 2872/2872/2872 2873/2873/2873 2874/2874/2874
f 2875/2875/2875 2876/2876/2876 2877/2877/2877
f 2878/2878/2878 2879/2879/2879 2880/2880/2880
f 2881/2881/2881 2882/2882/2882 2883/2883/2883
f 2884/2884/2884 2885/2885/2885 2886/2886/2886
f 2887/2887/2887 2888/2888/2888 2889/2889/2889
f 2890/2890/2890 2891/2891/2891 2892/2892/2892
f 2893/2893/2893 2894/2894/2894 2895/2895/2895
f 2896/2896/2896 2897/2897/2897 2898/2898/2898
f 2899/2899/2899 2900/2900/2900 2901/2901/2901
f 2902/2902/2902 2903/2903/2903 2904/2904/2904
f 2905/2905/2905 2906/2906/2906 2907/2907/2907
f 2908/2908/2908 2909/2909/2909 2910/2910/2910
f 2911/2911/2911 2912/2912/2912 2913/2913/2913
f 2914/2914/2914 2915/2915/2915 2916/2916/2916
f 2917/2917/2917 2918/2918/2918 2919/2919/2919
f 2920/2920/2920 2921/2921/2921 2922/2922/2922
f 2923/2923/2923 2924/2924/2924 2925/2925/2925
f 2926/2926/2926 2927/2927/2927 2928/2928/2928
f 2929/2929/2929 2930/2930/2930 2931/2931/2931
f 2932/2932/2932 2933/2933/2933 2934/2934/2934
f 2935/2935/2935 2936/2936/2936 2937/2937/2937
f 2938/2938/2938 2939/2939/2939 2940/2940/2940
f 2941/2941/2941 2942/2942/2942 2943/2943/2943
f 2944/2944/2944 2945/2945/2945 2946/2946/2946
f 2947/2947/2947 2948/2948/2948 2949/2949/2949
f 2950/2950/2950 2951/2951/2951 2952/2952/2952
f 2953/2953/2953 2954/2954/2954 2955/2955/2955
f 2956/2956/2956 2957/2957/2957 2958/2958/2958
f 2959/2959/2959 2960/2960/2960 2961/2961/2961
f 2962/2962/2962 2963/2963/2963 2964/2964/2964
f 2965/2965/2965 2966/2966/2966 2967/2967/2967
f 2968/2968/2968 2969/2969/2969 2970/2970/2970
f 2971/2971/2971 2972/2972/2972 2973/2973/2973
f 2974/2974/2974 2975/2975/2975 2976/2976/2976
f 2977/2977/2977 2978/2978/2978 2979/2979/2979
f 2980/2980/2980 2981/2981/2981 2982/2982/2982
f 2983/2983/2983 2984/2984/2984 2985/2985/2985
f 2986/2986/2986 2987/2987/2987 2988/2988/2988
f 2989/2989/2989 2990/2990/2990 2991/2991/2991
f 2992/2992/2992 2993/2993/2993 2994/2994/2994
f 2995/2995/2995 2996/2996/2996 2997/2997/2997
f 2998/2998/2998 2999/2999/2999 3000/3000/3000
f 3001/3001/3001 3002/3002/3002 3003/3003/3003
f 3004/3004/3004 3005/3005/3005 3006/3006/3006
f 3007/3007/3007 3008/3008/3008 3009/3009/3009
f 3010/3010/3010 3011/3011/3011 3012/3012/3012
f 3013/3013/3013 3014/3014/3014 3015/3015/3015
f 3016/3016/3016 3017/3017/3017 3018/3018/3018
f 3019/3019/3019 3020/3020/3020 3021/3021/3021
f 3022/3022/3022 3023/3023/3023 3024/3024/3024
f 3025/3025/3025 3026/3026/3026 3027/3027/3027
f 3028/3028/3028 3029/3029/3029 3030/3030/3030
f 3031/3031/3031 3032/3032/3032 3033/3033/3033
f 3034/3034/3034 3035/3035/3035 3036/3036/3036
f 3037/3037/3037 3038/3038/3038 3039/3039/3039
f 3040/3040/3040 3041/3041/3041 3042/3042/3042
f 3043/3043/3043 3044/3044/3044 3045/3045/3045
f 3046/3046/3046 3047/3047/3047 3048/3048/3048
f 3049/3049/3049 3050/3050/3050 3051/3051/3051
f 3052/3052/3052 3053/3053/3053 3054/3054/3054
f 3055/3055/3055 3056/3056/3056 3057/3057/3057
f 3058/3058/3058 3059/3059/3059 3060/3060/3060
f 3061/3061/3061 3062/3062/3062 3063/3063/3063
f 3064/3064/3064 3065/3065/3065 3066/3066/3066
f 3067/3067/3067 3068/3068/3068 3069/3069/3069
f 3070/3070/3070 3071/3071/3071 3072/3072/3072
f 3073/3073/3073 3074/3074/3074 3075/3075/3075
f 3076/3076/3076 3077/3077/3077 3078/3078/3078
f 3079/3079/3079 3080/3080/3080 3081/3081/3081
f 3082/3082/3082 3083/3083/3083 3084/3084/3084
f 3085/3085/3085 3086/3086/3086 3087/3087/3087
f 3088/3088/3088 3089/3089/3089 3090/3090/3090
f 3091/3091/3091 3092/3092/3092 3093/3093/3093
f 3094/3094/3094 3095/3095/3095 3096/3096/3096
f 3097/3097/3097 3098/3098/3098 3099/3099/3099
f 3100/3100/3100 3101/3101/3101 3102/3102/3102
f 3103/3103/3103 3104/3104/3104 3105/3105/3105
f 3106/3106/3106 3107/3107/3107 3108/3108/3108
f 3109/3109/3109 3110/3110/3110 3111/3111/3111
f 3112/3112/3112 3113/3113/3113 3114/3114/3114
f 3115/3115/3115 3116/3116/3116 3117/3117/3117
f 3118/3118/3118 3119/3119/3119 3120/3120/3120
f 3121/3121/3121 3122/3122/3122 3123/3123/3123
f 3124/3124/3124 3125/3125/3125 3126/3126/3126
f 3127/3127/3127 3128/3128/3128 3129/3129/3129
f 3130/3130/3130 3131/3131/3131 3132/3132/3132
f 3133/3133/3133 3134/3134/3134 3135/3135/3135
f 3136/3136/3136 3137/3137/3137 3138/3138/3138
f 3139/3139/3139 3140/3140/3140 3141/3141/3141
f 3142/3142/3142 3143/3143/3143 3144/3144/3144
f 3145/3145/3145 3146/3146/3146 3147/3147/3147
f 3148/3148/3148 3149/3149/3149 3150/3150/3150
f 3151/3151/3151 3152/3152/3152 3153/3153/3153
f 3154/3154/3154 3155/3155/3155 3156/3156/3156
f 3157/3157/3157 3158/3158/3158 3159/3159/3159
f 3160/3160/3160 3161/3161/3161 3162/3162/3162
f 3163/3163/3163 3164/3164/3164 3165/3165/3165
f 3166/3166/3166 3167/3167/3167 3168/3168/3168
f 3169/3169/3169 3170/3170/3170 3171/3171/3171
f 3172/3172/3172 3173/3173/3173 3174/3174/3174
f 3175/3175/3175 3176/3176/3176 3177/3177/3177
f 3178/3178/3178 3179/3179/3179 3180/3180/3180
f 3181/3181/3181 3182/3182/3182 3183/3183/3183
f 3184/3184/3184 3185/3185/3185 3186/3186/3186
f 3187/3187/3187 3188/3188/3188 3189/3189/3189
f 3190/3190/3190 3191/3191/3191 3192/3192/3192
f 3193/3193/3193 3194/3194/3194 3195/3195/3195
f 3196/3196/3196 3197/3197/3197 3198/3198/3198
f 3199/3199/3199 3200/3200/3200 3201/3201/3201
f 3202/3202/3202 3203/3203/3203 3204/3204/3204
f 3205/3205/3205 3206/3206/3206 3207/3207/3207
f 3208/3208/3208 3209/3209/3209 3210/3210/3210
f 3211/3211/3211 3212/3212/3212 3213/3213/3213
f 3214/3214/3214 3215/3215/3215 3216/3216/3216
f 3217/3217/3217 3218/3218/3218 3219/3219/3219
f 3220/3220/3220 3221/3221/3221 3222/3222/3222
f 3223/3223/3223 3224/3224/3224 3225/3225/3225
f 3226/3226/3226 3227/3227/3227 3228/3228/3228
f 3229/3229/3229 3230/3230/3230 3231/3231/3231
f 3232/3232/3232 3233/3233/3233 3234/3234/3234
f 3235/3235/3235 3236/3236/3236 3237/3237/3237
f 3238/3238/3238 3239/3239/3239 3240/3240/3240
f 3241/3241/3241 3242/3242/3242 3243/3243/3243
f 3244/3244/3244 3245/3245/3245 3246/3246/3246
f 3247/3247/3247 3248/3248/3248 3249/3249/3249
f 3250/3250/3250 3251/3251/3251 3252/3252/3252
f 3253/3253/3253 3254/3254/3254 3255/3255/3255
f 3256/3256/3256 3257/3257/3257 3258/3258/3258
f 3259/3259/3259 3260/3260/3260 3261/3261/3261
f 3262/3262/3262 3263/3263/3263 3264/3264/3264
f 3265/3265/3265 3266/3266/3266 3267/3267/3267
f 3268/3268/3268 3269/3269/3269 3270/3270/3270
f 3271/3271/3271 3272/3272/3272 3273/3273/3273
f 3274/3274/3274 3275/3275/3275 3276/3276/3276
f 3277/3277/3277 3278/3278/3278 3279/3279/3279
f 3280/3280/3280 3281/3281/3281 3282/3282/3282
f 3283/3283/3283 3284/3284/3284 3285/3285/3285
f 3286/3286/3286 3287/3287/3287 3288/3288/3288
f 3289/3289/3289 3290/3290/3290 3291/3291/3291
f 3292/3292/3292 3293/3293/3293 3294/3294/3294
f 3295/3295/3295 3296/3296/3296 3297/3297/3297
f 3298/3298/3298 3299/3299/3299 3300/3300/3300
f 3301/3301/3301 3302/3302/3302 3303/3303/3303
f 3304/3304/3304 3305/3305/3305 3306/3306/3306
f 3307/3307/3307 3308/3308/3308 3309/3309/3309
f 3310/3310/3310 3311/3311/3311 3312/3312/3312
f 3313/3313/3313 3314/3314/3314 3315/3315/3315
f 3316/3316/3316 3317/3317/3317 3318/3318/3318
f 3319/3319/3319 3320/3320/3320 3321/3321/3321
f 3322/3322/3322 3323/3323/3323 3324/3324/3324
f 3325/3325/3325 3326/3326/3326 3327/3327/3327
f 3328/3328/3328 3329/3329/3329 3330/3330/3330
f 3331/3331/3331 3332/3332/3332 3333/3333/3333
f 3334/3334/3334 3335/3335/3335 3336/3336/3336
f 3337/3337/3337 3338/3338/3338 3339/3339/3339
f 3340/3340/3340 3341/3341/3341 3342/3342/3342
f 3343/3343/3343 3344/3344/3344 3345/3345/3345
f 3346/3346/3346 3347/3347/3347 3348/3348/3348
f 3349/3349/3349 3350/3350/3350 3351/3351/3351
f 3352/3352/3352 3353/3353/3353 3354/3354/3354
f 3355/3355/3355 3356/3356/3356 3357/3357/3357
f 3358/3358/3358 3359/3359/3359 3360/3360/3360
f 3361/3361/3361 3362/3362/3362 3363/3363/3363
f 3364/3364/3364 3365/3365/3365 3366/3366/3366
f 3367/3367/3367 3368/3368/3368 3369/3369/3369
f 3370/3370/3370 3371/3371/3371 3372/3372/3372
f 3373/3373/3373 3374/3374/3374 3375/3375/3375
f 3376/3376/3376 3377/3377/3377 3378/3378/3378
f 3379/3379/3379 3380/3380/3380 3381/3381/3381
f 3382/3382/3382 3383/3383/3383 3384/3384/3384
f 3385/3385/3385 3386/3386/3386 3387/3387/3387
f 3388/3388/3388 3389/3389/3389 3390/3390/3390
f 3391/3391/3391 3392/3392/3392 3393/3393/3393
f 3394/3394/3394 3395/3395/3395 3396/3396/3396
f 3397/3397/3397 3398/3398/3398 3399/3399/3399
f 3400/3400/3400 3401/3401/3401 3402/3402/3402
f 3403/3403/3403 3404/3404/3404 3405/3405/3405
f 3406/3406/3406 3407/3407/3407 3408/3408/3408
f 3409/3409/3409 3410/3410/3410 3411/3411/3411
f 3412/3412/3412 3413/3413/3413 3414/3414/3414
f 3415/3415/3415 3416/3416/3416 3417/3417/3417
f 3418/3418/3418 3419/3419/3419 3420/3420/3420
f 3421/3421/3421 3422/3422/3422 3423/3423/3423
f 3424/3424/3424 3425/3425/3425 3426/3426/3426
f 3427/3427/3427 3428/3428/3428 3429/3429/3429
f 3430/3430/3430 3431/3431/3431 3432/3432/3432
f 3433/3433/3433 3434/3434/3434 3435/3435/3435
f 3436/3436/3436 3437/3437/3437 3438/3438/3438
f 3439/3439/3439 3440/3440/3440 3441/3441/3441
f 3442/3442/3442 3443/3443/3443 3444/3444/3444
f 3445/3445/3445 3446/3446/3446 3447/3447/3447
f 3448/3448/3448 3449/3449/3449 3450/3450/3450
f 3451/3451/3451 3452/3452/3452 3453/3453/3453
f 3454/3454/3454 3455/3455/3455 3456/3456/3456
f 3457/3457/3457 3458/3458/3458 3459/3459/3459
f 3460/3460/3460 3461/3461/3461 3462/3462/3462
f 3463/3463/3463 3464/3464/3464 3465/3465/3465
f 3466/3466/3466 3467/3467/3467 3468/3468/3468
f 3469/3469/3469 3470/3470/3470 3471/3471/3471
f 3472/3472/3472 3473/3473/3473 3474/3474/3474
f 3475/3475/3475 3476/3476/3476 3477/3477/3477
f 3478/3478/3478 3479/3479/3479 3480/3480/3480
f 3481/3481/3481 3482/3482/3482 3483/3483/3483
f 3484/3484/3484 3485/3485/3485 3486/3486/3486
f 3487/3487/3487 3488/3488/3488 3489/3489/3489
f 3490/3490/3490 3491/3491/3491 3492/3492/3492
f 3493/3493/3493 3494/3494/3494 3495/3495/3495
f 3496/3496/3496 3497/3497/3497 3498/3498/3498
f 3499/3499/3499 3500/3500/3500 3501/3501/3501
f 3502/3502/3502 3503/3503/3503 3504/3504/3504
f 3505/3505/3505 3506/3506/3506 3507/3507/3507
f 3508/3508/3508 3509/3509/3509 3510/3510/3510
f 3511/3511/3511 3512/3512/3512 3513/3513/3513
f 3514/3514/3514 3515/3515/3515 3516/3516/3516
f 3517/3517/3517 3518/3518/3518 3519/3519/3519
f 3520/3520/3520 3521/3521/3521 3522/3522/3522
f 3523/3523/3523 3524/3524/3524 3525/3525/3525
f 3526/3526/3526 3527/3527/3527 3528/3528/3528
f 3529/3529/3529 3530/3530/3530 3531/3531/3531
f 3532/3532/3532 3533/3533/3533 3534/3534/3534
f 3535/3535/3535 3536/3536/3536 3537/3537/3537
f 3538/3538/3538 3539/3539/3539 3540/3540/3540
f 3541/3541/3541 3542/3542/3542 3543/3543/3543
f 3544/3544/3544 3545/3545/3545 3546/3546/3546
f 3547/3547/3547 3548/3548/3548 3549/3549/3549
f 3550/3550/3550 3551/3551/3551 3552/3552/3552
f 3553/3553/3553 3554/3554/3554 3555/3555/3555
f 3556/3556/3556 3557/3557/3557 3558/3558/3558
f 3559/3559/3559 3560/3560/3560 3561/3561/3561
f 3562/3562/3562 3563/3563/3563 3564/3564/3564
f 3565/3565/3565 3566/3566/3566 3567/3567/3567
f 3568/3568/3568 3569/3569/3569 3570/3570/3570
f 3571/3571/3571 3572/3572/3572 3573/3573/3573
f 3574/3574/3574 3575/3575/3575 3576/3576/3576
f 3577/3577/3577 3578/3578/3578 3579/3579/3579
f 3580/3580/3580 3581/3581/3581 3582/3582/3582
f 3583/3583/3583 3584/3584/3584 3585/3585/3585
f 3586/3586/3586 3587/3587/3587 3588/3588/3588
f 3589/3589/3589 3590/3590/3590 3591/3591/3591
f 3592/3592/3592 3593/3593/3593 3594/3594/3594
f 3595/3595/3595 3596/3596/3596 3597/3597/3597
f 3598/3598/3598 3599/3599/3599 3600/3600/3600
f 3601/3601/3601 3602/3602/3602 3603/3603/3603
f 3604/3604/3604 3605/3605/3605 3606/3606/3606
f 3607/3607/3607 3608/3608/3608 3609/3609/3609
f 3610/3610/3610 3611/3611/3611 3612/3612/3612
f 3613/3613/3613 3614/3614/3614 3615/3615/3615
f 3616/3616/3616 3617/3617/3617 3618/3618/3618
f 3619/3619/3619 3620/3620/3620 3621/3621/3621
f 3622/3622/3622 3623/3623/3623 3624/3624/3624
f 3625/3625/3625 3626/3626/3626 3627/3627/3627
f 3628/3628/3628 3629/3629/3629 3630/3630/3630
f 3631/3631/3631 3632/3632/3632 3633/3633/3633
f 3634/3634/3634 3635/3635/3635 3636/3636/3636
f 3637/3637/3637 3638/3638/3638 3639/3639/3639
f 3640/3640/3640 3641/3641/3641 3642/3642/3642
f 3643/3643/3643 3644/3644/3644 3645/3645/3645
f 3646/3646/3646 3647/3647/3647 3648/3648/3648
f 3649/3649/3649 3650/3650/3650 3651/3651/3651
f 3652/3652/3652 3653/3653/3653 3654/3654/3654
f 3655/3655/3655 3656/3656/3656 3657/3657/3657
f 3658/3658/3658 3659/3659/3659 3660/3660/3660
f 3661/3661/3661 3662/3662/3662 3663/3663/3663
f 3664/3664/3664 3665/3665/3665 3666/3666/3666
f 3667/3667/3667 3668/3668/3668 3669/3669/3669
f 3670/3670/3670 3671/3671/3671 3672/3672/3672
f 3673/3673/3673 3674/3674/3674 3675/3675/3675
f 3676/3676/3676 3677/3677/3677 3678/3678/3678
f 3679/3679/3679 3680/3680/3680 3681/3681/3681
f 3682/3682/3682 3683/3683/3683 3684/3684/3684
f 3685/3685/3685 3686/3686/3686 3687/3687/3687
f 3688/3688/3688 3689/3689/3689 3690/3690/3690
f 3691/3691/3691 3692/3692/3692 3693/3693/3693
f 3694/3694/3694 3695/3695/3695 3696/3696/3696
f 3697/3697/3697 3698/3698/3698 3699/3699/3699
f 3700/3700/3700 3701/3701/3701 3702/3702/3702
f 3703/3703/3703 3704/3704/3704 3705/3705/3705
f 3706/3706/3706 3707/3707/3707 3708/3708/3708
f 3709/3709/3709 3710/3710/3710 3711/3711/3711
f 3712/3712/3712 3713/3713/3713 3714/3714/3714
f 3715/3715/3715 3716/3716/3716 3717/3717/3717
f 3718/3718/3718 3719/3719/3719 3720/3720/3720
f 3721/3721/3721 3722/3722/3722 3723/3723/3723
f 3724/3724/3724 3725/3725/3725 3726/3726/3726
f 3727/3727/3727 3728/3728/3728 3729/3729/3729
f 3730/3730/3730 3731/3731/3731 3732/3732/3732
f 3733/3733/3733 3734/3734/3734 3735/3735/3735
f 3736/3736/3736 3737/3737/3737 3738/3738/3738
f 3739/3739/3739 3740/3740/3740 3741/3741/3741
f 3742/3742/3742 3743/3743/3743 3744/3744/3744
f 3745/3745/3745 3746/3746/3746 3747/3747/3747
f 3748/3748/3748 3749/3749/3749 3750/3750/3750
f 3751/3751/3751 3752/3752/3752 3753/3753/3753
f 3754/3754/3754 3755/3755/3755 3756/3756/3756
f 3757/3757/3757 3758/3758/3758 3759/3759/3759
f 3760/3760/3760 3761/3761/3761 3762/3762/3762
f 3763/3763/3763 3764/3764/3764 3765/3765/3765
f 3766/3766/3766 3767/3767/3767 3768/3768/3768
f 3769/3769/3769 3770/3770/3770 3771/3771/3771
f 3772/3772/3772 3773/3773/3773 3774/3774/3774
f 3775/3775/3775 3776/3776/3776 3777/3777/3777
f 3778/3778/3778 3779/3779/3779 3780/3780/3780
f 3781/3781/3781 3782/3782/3782 3783/3783/3783
f 3784/3784/3784 3785/3785/3785 3786/3786/3786
f 3787/3787/3787 3788/3788/3788 3789/3789/3789
f 3790/3790/3790 3791/3791/3791 3792/3792/3792
f 3793/3793/3793 3794/3794/3794 3795/3795/3795
f 3796/3796/3796 3797/3797/3797 3798/3798/3798
f 3799/3799/3799 3800/3800/3800 3801/3801/3801
f 3802/3802/3802 3803/3803/3803 3804/3804/3804
f 3805/3805/3805 3806/3806/3806 3807/3807/3807
f 3808/3808/3808 3809/3809/3809 3810/3810/3810
f 3811/3811/3811 3812/3812/3812 3813/3813/3813
f 3814/3814/3814 3815/3815/3815 3816/3816/3816
f 3817/3817/3817 3818/3818/3818 3819/3819/3819
f 3820/3820/3820 3821/3821/3821 3822/3822/3822
f 3823/3823/3823 3824/3824/3824 3825/3825/3825
f 3826/3826/3826 3827/3827/3827 3828/3828/3828
f 3829/3829/3829 3830/3830/3830 3831/3831/3831
f 3832/3832/3832 3833/3833/3833 3834/3834/3834
f 3835/3835/3835 3836/3836/3836 3837/3837/3837
f 3838/3838/3838 3839/3839/3839 3840/3840/3840
f 3841/3841/3841 3842/3842/3842 3843/3843/3843
f 3844/3844/3844 3845/3845/3845 3846/3846/3846
f 3847/3847/3847 3848/3848/3848 3849/3849/3849
f 3850/3850/3850 3851/3851/3851 3852/3852/3852
f 3853/3853/3853 3854/3854/3854 3855/3855/3855
f 3856/3856/3856 3857/3857/3857 3858/3858/3858
f 3859/3859/3859 3860/3860/3860 3861/3861/3861
f 3862/3862/3862 3863/3863/3863 3864/3864/3864
f 3865/3865/3865 3866/3866/3866 3867/3867/3867
f 3868/3868/3868 3869/3869/3869 3870/3870/3870
f 3871/3871/3871 3872/3872/3872 3873/3873/3873
f 3874/3874/3874 3875/3875/3875 3876/3876/3876
f 3877/3877/3877 3878/3878/3878 3879/3879/3879
f 3880/3880/3880 3881/3881/3881 3882/3882/3882
f 3883/3883/3883 3884/3884/3884 3885/3885/3885
f 3886/3886/3886 3887/3887/3887 3888/3888/3888
f 3889/3889/3889 3890/3890/3890 3891/3891/3891
f 3892/3892/3892 3893/3893/3893 3894/3894/3894
f 3895/3895/3895 3896/3896/3896 3897/3897/3897
f 3898/3898/3898 3899/3899/3899 3900/3900/3900
f 3901/3901/3901 3902/3902/3902 3903/3903/3903
f 3904/3904/3904 3905/3905/3905 3906/3906/3906
f 3907/3907/3907 3908/3908/3908 3909/3909/3909
f 3910/3910/3910 3911/3911/3911 3912/3912/3912
f 3913/3913/3913 3914/3914/3914 3915/3915/3915
f 3916/3916/3916 3917/3917/3917 3918/3918/3918
f 3919/3919/3919 3920/3920/3920 3921/3921/3921
f 3922/3922/3922 3923/3923/3923 3924/3924/3924
f 3925/3925/3925 3926/3926/3926 3927/3927/3927
f 3928/3928/3928 3929/3929/3929 3930/3930/3930
f 3931/3931/3931 3932/3932/3932 3933/3933/3933
f 3934/3934/3934 3935/3935/3935 3936/3936/3936
f 3937/3937/3937 3938/3938/3938 3939/3939/3939
f 3940/3940/3940 3941/3941/3941 3942/3942/3942
f 3943/3943/3943 3944/3944/3944 3945/3945/3945
f 3946/3946/3946 3947/3947/3947 3948/3948/3948
f 3949/3949/3949 3950/3950/3950 3951/3951/3951
f 3952/3952/3952 3953/3953/3953 3954/3954/3954
f 3955/3955/3955 3956/3956/3956 3957/3957/3957
f 3958/3958/3958 3959/3959/3959 3960/3960/3960
f 3961/3961/3961 3962/3962/3962 3963/3963/3963
f 3964/3964/3964 3965/3965/3965 3966/3966/3966
f 3967/3967/3967 3968/3968/3968 3969/3969/3969
f 3970/3970/3970 3971/3971/3971 3972/3972/3972
f 3973/3973/3973 3974/3974/3974 3975/3975/3975
f 3976/3976/3976 3977/3977/3977 3978/3978/3978
f 3979/3979/3979 3980/3980/3980 3981/3981/3981
f 3982/3982/3982 3983/3983/3983 3984/3984/3984
f 3985/3985/3985 3986/3986/3986 3987/3987/3987
f 3988/3988/3988 3989/3989/3989 3990/3990/3990
f 3991/3991/3991 3992/3992/3992 3993/3993/3993
f 3994/3994/3994 3995/3995/3995 3996/3996/3996
f 3997/3997/3997 3998/3998/3998 3999/3999/3999
f 4000/4000/4000 4001/4001/4001 4002/4002/4002
f 4003/4003/4003 4004/4004/4004 4005/4005/4005
f 4006/4006/4006 4007/4007/4007 4008/4008/4008
f 4009/4009/4009 4010/4010/4010 4011/4011/4011
f 4012/4012/4012 4013/4013/4013 4014/4014/4014
f 4015/4015/4015 4016/4016/4016 4017/4017/4017
f 4018/4018/4018 4019/4019/4019 4020/4020/4020
f 4021/4021/4021 4022/4022/4022 4023/4023/4023
f 4024/4024/4024 4025/4025/4025 4026/4026/4026
f 4027/4027/4027 4028/4028/4028 4029/4029/4029
f 4030/4030/4030 4031/4031/4031 4032/4032/4032
f 4033/4033/4033 4034/4034/4034 4035/4035/4035
f 4036/4036/4036 4037/4037/4037 4038/4038/4038
f 4039/4039/4039 4040/4040/4040 4041/4041/4041
f 4042/4042/4042 4043/4043/4043 4044/4044/4044
f 4045/4045/4045 4046/4046/4046 4047/4047/4047
f 4048/4048/4048 4049/4049/4049 4050/4050/4050
f 4051/4051/4051 4052/4052/4052 4053/4053/4053
f 4054/4054/4054 4055/4055/4055 4056/4056/4056
f 4057/4057/4057 4058/4058/4058 4059/4059/4059
f 4060/4060/4060 4061/4061/4061 4062/4062/4062
f 4063/4063/4063 4064/4064/4064 4065/4065/4065
f 4066/4066/4066 4067/4067/4067 4068/4068/4068
f 4069/4069/4069 4070/4070/4070 4071/4071/4071
f 4072/4072/4072 4073/4073/4073 4074/4074/4074
f 4075/4075/4075 4076/4076/4076 4077/4077/4077
f 4078/4078/4078 4079/4079/4079 4080/4080/4080
f 4081/4081/4081 4082/4082/4082 4083/4083/4083
f 4084/4084/4084 4085/4085/4085 4086/4086/4086
f 4087/4087/4087 4088/4088/4088 4089/4089/4089
f 4090/4090/4090 4091/4091/4091 4092/4092/4092
f 4093/4093/4093 4094/4094/4094 4095/4095/4095
f 4096/4096/4096 4097/4097/4097 4098/4098/4098
f 4099/4099/4099 4100/4100/4100 4101/4101/4101
f 4102/4102/4102 4103/4103/4103 4104/4104/4104
f 4105/4105/4105 4106/4106/4106 4107/4107/4107
f 4108/4108/4108 4109/4109/4109 4110/4110/4110
f 4111/4111/4111 4112/4112/4112 4113/4113/4113
f 4114/4114/4114 4115/4115/4115 4116/4116/4116
f 4117/4117/4117 4118/4118/4118 4119/4119/4119
f 4120/4120/4120 4121/4121/4121 4122/4122/4122
f 4123/4123/4123 4124/4124/4124 4125/4125/4125
f 4126/4126/4126 4127/4127/4127 4128/4128/4128
f 4129/4129/4129 4130/4130/4130 4131/4131/4131
f 4132/4132/4132 4133/4133/4133 4134/4134/4134
f 4135/4135/4135 4136/4136/4136 4137/4137/4137
f 4138/4138/4138 4139/4139/4139 4140/4140/4140
f 4141/4141/4141 4142/4142/4142 4143/4143/4143
f 4144/4144/4144 4145/4145/4145 4146/4146/4146
f 4147/4147/4147 4148/4148/4148 4149/4149/4149
f 4150/4150/4150 4151/4151/4151 4152/4152/4152
f 4153/4153/4153 4154/4154/4154 4155/4155/4155
f 4156/4156/4156 4157/4157/4157 4158/4158/4158
f 4159/4159/4159 4160/4160/4160 4161/4161/4161
f 4162/4162/4162 4163/4163/4163 4164/4164/4164
f 4165/4165/4165 4166/4166/4166 4167/4167/4167
f 4168/4168/4168 4169/4169/4169 4170/4170/4170
f 4171/4171/4171 4172/4172/4172 4173/4173/4173
f 4174/4174/4174 4175/4175/4175 4176/4176/4176
f 4177/4177/4177 4178/4178/4178 4179/4179/4179
f 4180/4180/4180 4181/4181/4181 4182/4182/4182
f 4183/4183/4183 4184/4184/4184 4185/4185/4185
f 4186/4186/4186 4187/4187/4187 4188/4188/4188
f 4189/4189/4189 4190/4190/4190 4191/4191/4191
f 4192/4192/4192 4193/4193/4193 4194/4194/4194
f 4195/4195/4195 4196/4196/4196 4197/4197/4197
f 4198/4198/4198 4199/4199/4199 4200/4200/4200
f 4201/4201/4201 4202/4202/4202 4203/4203/4203
f 4204/4204/4204 4205/4205/4205 4206/4206/4206
f 4207/4207/4207 4208/4208/4208 4209/4209/4209
f 4210/4210/4210 4211/4211/4211 4212/4212/4212
f 4213/4213/4213 4214/4214/4214 4215/4215/4215
f 4216/4216/4216 4217/4217/4217 4218/4218/4218
f 4219/4219/4219 4220/4220/4220 4221/4221/4221
f 4222/4222/4222 4223/4223/4223 4224/4224/4224
f 4225/4225/4225 4226/4226/4226 4227/4227/4227
f 4228/4228/4228 4229/4229/4229 4230/4230/4230
f 4231/4231/4231 4232/4232/4232 4233/4233/4233
f 4234/4234/4234 4235/4235/4235 4236/4236/4236
f 4237/4237/4237 4238/4238/4238 4239/4239/4239
f 4240/4240/4240 4241/4241/4241 4242/4242/4242
f 4243/4243/4243 4244/4244/4244 4245/4245/4245
f 4246/4246/4246 4247/4247/4247 4248/4248/4248
f 4249/4249/4249 4250/4250/4250 4251/4251/4251
f 4252/4252/4252 4253/4253/4253 4254/4254/4254
f 4255/4255/4255 4256/4256/4256 4257/4257/4257
f 4258/4258/4258 4259/4259/4259 4260/4260/4260
f 4261/4261/4261 4262/4262/4262 4263/4263/4263
f 4264/4264/4264 4265/4265/4265 4266/4266/4266
f 4267/4267/4267 4268/4268/4268 4269/4269/4269
f 4270/4270/4270 4271/4271/4271 4272/4272/4272
f 4273/4273/4273 4274/4274/4274 4275/4275/4275
f 4276/4276/4276 4277/4277/4277 4278/4278/4278
f 4279/4279/4279 4280/4280/4280 4281/4281/4281
f 4282/4282/4282 4283/4283/4283 4284/4284/4284
f 4285/4285/4285 4286/4286/4286 4287/4287/4287
f 4288/4288/4288 4289/4289/4289 4290/4290/4290
f 4291/4291/4291 4292/4292/4292 4293/4293/4293
f 4294/4294/4294 4295/4295/4295 4296/4296/4296
f 4297/4297/4297 4298/4298/4298 4299/4299/4299
f 4300/4300/4300 4301/4301/4301 4302/4302/4302
f 4303/4303/4303 4304/4304/4304 4305/4305/4305
f 4306/4306/4306 4307/4307/4307 4308/4308/4308
f 4309/4309/4309 4310/4310/4310 4311/4311/4311
f 4312/4312/4312 4313/4313/4313 4314/4314/4314
f 4315/4315/4315 4316/4316/4316 4317/4317/4317
f 4318/4318/4318 4319/4319/4319 4320/4320/4320
f 4321/4321/4321 4322/4322/4322 4323/4323/4323
f 4324/4324/4324 4325/4325/4325 4326/4326/4326
f 4327/4327/4327 4328/4328/4328 4329/4329/4329
f 4330/4330/4330 4331/4331/4331 4332/4332/4332
f 4333/4333/4333 4334/4334/4334 4335/4335/4335
f 4336/4336/4336 4337/4337/4337 4338/4338/4338
f 4339/4339/4339 4340/4340/4340 4341/4341/4341
f 4342/4342/4342 4343/4343/4343 4344/4344/4344
f 4345/4345/4345 4346/4346/4346 4347/4347/4347
f 4348/4348/4348 4349/4349/4349 4350/4350/4350
f 4351/4351/4351 4352/4352/4352 4353/4353/4353
f 4354/4354/4354 4355/4355/4355 4356/4356/4356
f 4357/4357/4357 4358/4358/4358 4359/4359/4359
f 4360/4360/4360 4361/4361/4361 4362/4362/4362
f 4363/4363/4363 4364/4364/4364 4365/4365/4365
f 4366/4366/4366 4367/4367/4367 4368/4368/4368
f 4369/4369/4369 4370/4370/4370 4371/4371/4371
f 4372/4372/4372 4373/4373/4373 4374/4374/4374
f 4375/4375/4375 4376/4376/4376 4377/4377/4377
f 4378/4378/4378 4379/4379/4379 4380/4380/4380
f 4381/4381/4381 4382/4382/4382 4383/4383/4383
f 4384/4384/4384 4385/4385/4385 4386/4386/4386
f 4387/4387/4387 4388/4388/4388 4389/4389/4389
f 4390/4390/4390 4391/4391/4391 4392/4392/4392
f 4393/4393/4393 4394/4394/4394 4395/4395/4395
f 4396/4396/4396 4397/4397/4397 4398/4398/4398
f 4399/4399/4399 4400/4400/4400 4401/4401/4401
f 4402/4402/4402 4403/4403/4403 4404/4404/4404
f 4405/4405/4405 4406/4406/4406 4407/4407/4407
f 4408/4408/4408 4409/4409/4409 4410/4410/4410
f 4411/4411/4411 4412/4412/4412 4413/4413/4413
f 4414/4414/4414 4415/4415/4415 4416/4416/4416
f 4417/4417/4417 4418/4418/4418 4419/4419/4419
f 4420/4420/4420 4421/4421/4421 4422/4422/4422
f 4423/4423/4423 4424/4424/4424 4425/4425/4425
f 4426/4426/4426 4427/4427/4427 4428/4428/4428
f 4429/4429/4429 4430/4430/4430 4431/4431/4431
f 4432/4432/4432 4433/4433/4433 4434/4434/4434
f 4435/4435/4435 4436/4436/4436 4437/4437/4437
f 4438/4438/4438 4439/4439/4439 4440/4440/4440
f 4441/4441/4441 4442/4442/4442 4443/4443/4443
f 4444/4444/4444 4445/4445/4445 4446/4446/4446
f 4447/4447/4447 4448/4448/4448 4449/4449/4449
f 4450/4450/4450 4451/4451/4451 4452/4452/4452
f 4453/4453/4453 4454/4454/4454 4455/4455/4455
f 4456/4456/4456 4457/4457/4457 4458/4458/4458
f 4459/4459/4459 4460/4460/4460 4461/4461/4461
f 4462/4462/4462 4463/4463/4463 4464/4464/4464
f 4465/4465/4465 4466/4466/4466 4467/4467/4467
f 4468/4468/4468 4469/4469/4469 4470/4470/4470
f 4471/4471/4471 4472/4472/4472 4473/4473/4473
f 4474/4474/4474 4475/4475/4475 4476/4476/4476
f 4477/4477/4477 4478/4478/4478 4479/4479/4479
f 4480/4480/4480 4481/4481/4481 4482/4482/4482
f 4483/4483/4483 4484/4484/4484 4485/4485/4485
f 4486/4486/4486 4487/4487/4487 4488/4488/4488
f 4489/4489/4489 4490/4490/4490 4491/4491/4491
f 4492/4492/4492 4493/4493/4493 4494/4494/4494
f 4495/4495/4495 4496/4496/4496 4497/4497/4497
f 4498/4498/4498 4499/4499/4499 4500/4500/4500
f 4501/4501/4501 4502/4502/4502 4503/4503/4503
f 4504/4504/4504 4505/4505/4505 4506/4506/4506
f 4507/4507/4507 4508/4508/4508 4509/4509/4509
f 4510/4510/4510 4511/4511/4511 4512/4512/4512
f 4513/4513/4513 4514/4514/4514 4515/4515/4515
f 4516/4516/4516 4517/4517/4517 4518/4518/4518
f 4519/4519/4519 4520/4520/4520 4521/4521/4521
f 4522/4522/4522 4523/4523/4523 4524/4524/4524
f 4525/4525/4525 4526/4526/4526 4527/4527/4527
f 4528/4528/4528 4529/4529/4529 4530/4530/4530
f 4531/4531/4531 4532/4532/4532 4533/4533/4533
f 4534/4534/4534 4535/4535/4535 4536/4536/4536
f 4537/4537/4537 4538/4538/4538 4539/4539/4539
f 4540/4540/4540 4541/4541/4541 4542/4542/4542
f 4543/4543/4543 4544/4544/4544 4545/4545/4545
f 4546/4546/4546 4547/4547/4547 4548/4548/4548
f 4549/4549/4549 4550/4550/4550 4551/4551/4551
f 4552/4552/4552 4553/4553/4553 4554/4554/4554
f 4555/4555/4555 4556/4556/4556 4557/4557/4557
f 4558/4558/4558 4559/4559/4559 4560/4560/4560
f 4561/4561/4561 4562/4562/4562 4563/4563/4563
f 4564/4564/4564 4565/4565/4565 4566/4566/4566
f 4567/4567/4567 4568/4568/4568 4569/4569/4569
f 4570/4570/4570 4571/4571/4571 4572/4572/4572
f 4573/4573/4573 4574/4574/4574 4575/4575/4575
f 4576/4576/4576 4577/4577/4577 4578/4578/4578
f 4579/4579/4579 4580/4580/4580 4581/4581/4581
f 4582/4582/4582 4583/4583/4583 4584/4584/4584
f 4585/4585/4585 4586/4586/4586 4587/4587/4587
f 4588/4588/4588 4589/4589/4589 4590/4590/4590
f 4591/4591/4591 4592/4592/4592 4593/4593/4593
f 4594/4594/4594 4595/4595/4595 4596/4596/4596
f 4597/4597/4597 4598/4598/4598 4599/4599/4599
f 4600/4600/4600 4601/4601/4601 4602/4602/4602
f 4603/4603/4603 4604/4604/4604 4605/4605/4605
f 4606/4606/4606 4607/4607/4607 4608/4608/4608
f 4609/4609/4609 4610/4610/4610 4611/4611/4611
f 4612/4612/4612 4613/4613/4613 4614/4614/4614
f 4615/4615/4615 4616/4616/4616 4617/4617/4617
f 4618/4618/4618 4619/4619/4619 4620/4620/4620
f 4621/4621/4621 4622/4622/4622 4623/4623/4623
f 4624/4624/4624 4625/4625/4625 4626/4626/4626
f 4627/4627/4627 4628/4628/4628 4629/4629/4629
f 4630/4630/4630 4631/4631/4631 4632/4632/4632
f 4633/4633/4633 4634/4634/4634 4635/4635/4635
f 4636/4636/4636 4637/4637/4637 4638/4638/4638
f 4639/4639/4639 4640/4640/4640 4641/4641/4641
f 4642/4642/4642 4643/4643/4643 4644/4644/4644
f 4645/4645/4645 4646/4646/4646 4647/4647/4647
f 4648/4648/4648 4649/4649/4649 4650/4650/4650
f 4651/4651/4651 4652/4652/4652 4653/4653/4653
f 4654/4654/4654 4655/4655/4655 4656/4656/4656
f 4657/4657/4657 4658/4658/4658 4659/4659/4659
f 4660/4660/4660 4661/4661/4661 4662/4662/4662
f 4663/4663/4663 4664/4664/4664 4665/4665/4665
f 4666/4666/4666 4667/4667/4667 4668/4668/4668
f 4669/4669/4669 4670/4670/4670 4671/4671/4671
f 4672/4672/4672 4673/4673/4673 4674/4674/4674
f 4675/4675/4675 4676/4676/4676 4677/4677/4677
f 4678/4678/4678 4679/4679/4679 4680/4680/4680
f 4681/4681/4681 4682/4682/4682 4683/4683/4683
f 4684/4684/4684 4685/4685/4685 4686/4686/4686
f 4687/4687/4687 4688/4688/4688 4689/4689/4689
f 4690/4690/4690 4691/4691/4691 4692/4692/4692
f 4693/4693/4693 4694/4694/4694 4695/4695/4695
f 4696/4696/4696 4697/4697/4697 4698/4698/4698
f 4699/4699/4699 4700/4700/4700 4701/4701/4701
f 4702/4702/4702 4703/4703/4703 4704/4704/4704
f 4705/4705/4705 4706/4706/4706 4707/4707/4707
f 4708/4708/4708 4709/4709/4709 4710/4710/4710
f 4711/4711/4711 4712/4712/4712 4713/4713/4713
f 4714/4714/4714 4715/4715/4715 4716/4716/4716
f 4717/4717/4717 4718/4718/4718 4719/4719/4719
f 4720/4720/4720 4721/4721/4721 4722/4722/4722
f 4723/4723/4723 4724/4724/4724 4725/4725/4725
f 4726/4726/4726 4727/4727/4727 4728/4728/4728
f 4729/4729/4729 4730/4730/4730 4731/4731/4731
f 4732/4732/4732 4733/4733/4733 4734/4734/4734
f 4735/4735/4735 4736/4736/4736 4737/4737/4737
f 4738/4738/4738 4739/4739/4739 4740/4740/4740
f 4741/4741/4741 4742/4742/4742 4743/4743/4743
f 4744/4744/4744 4745/4745/4745 4746/4746/4746
f 4747/4747/4747 4748/4748/4748 4749/4749/4749
f 4750/4750/4750 4751/4751/4751 4752/4752/4752
f 4753/4753/4753 4754/4754/4754 4755/4755/4755
f 4756/4756/4756 4757/4757/4757 4758/4758/4758
f 4759/4759/4759 4760/4760/4760 4761/4761/4761
f 4762/4762/4762 4763/4763/4763 4764/4764/4764
f 4765/4765/4765 4766/4766/4766 4767/4767/4767
f 4768/4768/4768 4769/4769/4769 4770/4770/4770
f 4771/4771/4771 4772/4772/4772 4773/4773/4773
f 4774/4774/4774 4775/4775/4775 4776/4776/4776
f 4777/4777/4777 4778/4778/4778 4779/4779/4779
f 4780/4780/4780 4781/4781/4781 4782/4782/4782
f 4783/4783/4783 4784/4784/4784 4785/4785/4785
f 4786/4786/4786 4787/4787/4787 4788/4788/4788
f 4789/4789/4789 4790/4790/4790 4791/4791/4791
f 4792/4792/4792 4793/4793/4793 4794/4794/4794
f 4795/4795/4795 4796/4796/4796 4797/4797/4797
f 4798/4798/4798 4799/4799/4799 4800/4800/4800
f 4801/4801/4801 4802/4802/4802 4803/4803/4803
f 4804/4804/4804 4805/4805/4805 4806/4806/4806
f 4807/4807/4807 4808/4808/4808 4809/4809/4809
f 4810/4810/4810 4811/4811/4811 4812/4812/4812
f 4813/4813/4813 4814/4814/4814 4815/4815/4815
f 4816/4816/4816 4817/4817/4817 4818/4818/4818
f 4819/4819/4819 4820/4820/4820 4821/4821/4821
f 4822/4822/4822 4823/4823/4823 4824/4824/4824
f 4825/4825/4825 4826/4826/4826 4827/4827/4827
f 4828/4828/4828 4829/4829/4829 4830/4830/4830
f 4831/4831/4831 4832/4832/4832 4833/4833/4833
f 4834/4834/4834 4835/4835/4835 4836/4836/4836
f 4837/4837/4837 4838/4838/4838 4839/4839/4839
f 4840/4840/4840 4841/4841/4841 4842/4842/4842
f 4843/4843/4843 4844/4844/4844 4845/4845/4845
f 4846/4846/4846 4847/4847/4847 4848/4848/4848
f 4849/4849/4849 4850/4850/4850 4851/4851/4851
f 4852/4852/4852 4853/4853/4853 4854/4854/4854
f 4855/4855/4855 4856/4856/4856 4857/4857/4857
f 4858/4858/4858 4859/4859/4859 4860/4860/4860
f 4861/4861/4861 4862/4862/4862 4863/4863/4863
f 4864/4864/4864 4865/4865/4865 4866/4866/4866
f 4867/4867/4867 4868/4868/4868 4869/4869/4869
f 4870/4870/4870 4871/4871/4871 4872/4872/4872
f 4873/4873/4873 4874/4874/4874 4875/4875/4875
f 4876/4876/4876 4877/4877/4877 4878/4878/4878
f 4879/4879/4879 4880/4880/4880 4881/4881/4881
f 4882/4882/4882 4883/4883/4883 4884/4884/4884
f 4885/4885/4885 4886/4886/4886 4887/4887/4887
f 4888/4888/4888 4889/4889/4889 4890/4890/4890
f 4891/4891/4891 4892/4892/4892 4893/4893/4893
f 4894/4894/4894 4895/4895/4895 4896/4896/4896
f 4897/4897/4897 4898/4898/4898 4899/4899/4899
f 4900/4900/4900 4901/4901/4901 4902/4902/4902
f 4903/4903/4903 4904/4904/4904 4905/4905/4905
f 4906/4906/4906 4907/4907/4907 4908/4908/4908
f 4909/4909/4909 4910/4910/4910 4911/4911/4911
f 4912/4912/4912 4913/4913/4913 4914/4914/4914
f 4915/4915/4915 4916/4916/4916 4917/4917/4917
f 4918/4918/4918 4919/4919/4919 4920/4920/4920
f 4921/4921/4921 4922/4922/4922 4923/4923/4923
f 4924/4924/4924 4925/4925/4925 4926/4926/4926
f 4927/4927/4927 4928/4928/4928 4929/4929/4929
f 4930/4930/4930 4931/4931/4931 4932/4932/4932
f 4933/4933/4933 4934/4934/4934 4935/4935/4935
f 4936/4936/4936 4937/4937/4937 4938/4938/4938
f 4939/4939/4939 4940/4940/4940 4941/4941/4941
f 4942/4942/4942 4943/4943/4943 4944/4944/4944
f 4945/4945/4945 4946/4946/4946 4947/4947/4947
f 4948/4948/4948 4949/4949/4949 4950/4950/4950
f 4951/4951/4951 4952/4952/4952 4953/4953/4953
f 4954/4954/4954 4955/4955/4955 4956/4956/4956
f 4957/4957/4957 4958/4958/4958 4959/4959/4959
f 4960/4960/4960 4961/4961/4961 4962/4962/4962
f 4963/4963/4963 4964/4964/4964 4965/4965/4965
f 4966/4966/4966 4967/4967/4967 4968/4968/4968
f 4969/4969/4969 4970/4970/4970 4971/4971/4971
f 4972/4972/4972 4973/4973/4973 4974/4974/4974
f 4975/4975/4975 4976/4976/4976 4977/4977/4977
f 4978/4978/4978 4979/4979/4979 4980/4980/4980
f 4981/4981/4981 4982/4982/4982 4983/4983/4983
f 4984/4984/4984 4985/4985/4985 4986/4986/4986
f 4987/4987/4987 4988/4988/4988 4989/4989/4989
f 4990/4990/4990 4991/4991/4991 4992/4992/4992
f 4993/4993/4993 4994/4994/4994 4995/4995/4995
f 4996/4996/4996 4997/4997/4997 4998/4998/4998
f 4999/4999/4999 5000/5000/5000 5001/5001/5001
f 5002/5002/5002 5003/5003/5003 5004/5004/5004
f 5005/5005/5005 5006/5006/5006 5007/5007/5007
f 5008/5008/5008 5009/5009/5009 5010/5010/5010
f 5011/5011/5011 5012/5012/5012 5013/5013/5013
f 5014/5014/5014 5015/5015/5015 5016/5016/5016
f 5017/5017/5017 5018/5018/5018 5019/5019/5019
f 5020/5020/5020 5021/5021/5021 5022/5022/5022
f 5023/5023/5023 5024/5024/5024 5025/5025/5025
f 5026/5026/5026 5027/5027/5027 5028/5028/5028
f 5029/5029/5029 5030/5030/5030 5031/5031/5031
f 5032/5032/5032 5033/5033/5033 5034/5034/5034
f 5035/5035/5035 5036/5036/5036 5037/5037/5037
f 5038/5038/5038 5039/5039/5039 5040/5040/5040
f 5041/5041/5041 5042/5042/5042 5043/5043/5043
f 5044/5044/5044 5045/5045/5045 5046/5046/5046
f 5047/5047/5047 5048/5048/5048 5049/5049/5049
f 5050/5050/5050 5051/5051/5051 5052/5052/5052
f 5053/5053/5053 5054/5054/5054 5055/5055/5055
f 5056/5056/5056 5057/5057/5057 5058/5058/5058
f 5059/5059/5059 5060/5060/5060 5061/5061/5061
f 5062/5062/5062 5063/5063/5063 5064/5064/5064
f 5065/5065/5065 5066/5066/5066 5067/5067/5067
f 5068/5068/5068 5069/5069/5069 5070/5070/5070
f 5071/5071/5071 5072/5072/5072 5073/5073/5073
f 5074/5074/5074 5075/5075/5075 5076/5076/5076
f 5077/5077/5077 5078/5078/5078 5079/5079/5079
f 5080/5080/5080 5081/5081/5081 5082/5082/5082
f 5083/5083/5083 5084/5084/5084 5085/5085/5085
f 5086/5086/5086 5087/5087/5087 5088/5088/5088
f 5089/5089/5089 5090/5090/5090 5091/5091/5091
f 5092/5092/5092 5093/5093/5093 5094/5094/5094
f 5095/5095/5095 5096/5096/5096 5097/5097/5097
f 5098/5098/5098 5099/5099/5099 5100/5100/5100
f 5101/5101/5101 5102/5102/5102 5103/5103/5103
f 5104/5104/5104 5105/5105/5105 5106/5106/5106
f 5107/5107/5107 5108/5108/5108 5109/5109/5109
f 5110/5110/5110 5111/5111/5111 5112/5112/5112
f 5113/5113/5113 5114/5114/5114 5115/5115/5115
f 5116/5116/5116 5117/5117/5117 5118/5118/5118
f 5119/5119/5119 5120/5120/5120 5121/5121/5121
f 5122/5122/5122 5123/5123/5123 5124/5124/5124
f 5125/5125/5125 5126/5126/5126 5127/5127/5127
f 5128/5128/5128 5129/5129/5129 5130/5130/5130
f 5131/5131/5131 5132/5132/5132 5133/5133/5133
f 5134/5134/5134 5135/5135/5135 5136/5136/5136
f 5137/5137/5137 5138/5138/5138 5139/5139/5139
f 5140/5140/5140 5141/5141/5141 5142/5142/5142
f 5143/5143/5143 5144/5144/5144 5145/5145/5145
f 5146/5146/5146 5147/5147/5147 5148/5148/5148
f 5149/5149/5149 5150/5150/5150 5151/5151/5151
f 5152/5152/5152 5153/5153/5153 5154/5154/5154
f 5155/5155/5155 5156/5156/5156 5157/5157/5157
f 5158/5158/5158 5159/5159/5159 5160/5160/5160
f 5161/5161/5161 5162/5162/5162 5163/5163/5163
f 5164/5164/5164 5165/5165/5165 5166/5166/5166
f 5167/5167/5167 5168/5168/5168 5169/5169/5169
f 5170/5170/5170 5171/5171/5171 5172/5172/5172
f 5173/5173/5173 5174/5174/5174 5175/5175/5175
f 5176/5176/5176 5177/5177/5177 5178/5178/5178
f 5179/5179/5179 5180/5180/5180 5181/5181/5181
f 5182/5182/5182 5183/5183/5183 5184/5184/5184
f 5185/5185/5185 5186/5186/5186 5187/5187/5187
f 5188/5188/5188 5189/5189/5189 5190/5190/5190
f 5191/5191/5191 5192/5192/5192 5193/5193/5193
f 5194/5194/5194 5195/5195/5195 5196/5196/5196
f 5197/5197/5197 5198/5198/5198 5199/5199/5199
f 5200/5200/5200 5201/5201/5201 5202/5202/5202
f 5203/5203/5203 5204/5204/5204 5205/5205/5205
f 5206/5206/5206 5207/5207/5207 5208/5208/5208
f 5209/5209/5209 5210/5210/5210 5211/5211/5211
f 5212/5212/5212 5213/5213/5213 5214/5214/5214
f 5215/5215/5215 5216/5216/5216 5217/5217/5217
f 5218/5218/5218 5219/5219/5219 5220/5220/5220
f 5221/5221/5221 5222/5222/5222 5223/5223/5223
f 5224/5224/5224 5225/5225/5225 5226/5226/5226
f 5227/5227/5227 5228/5228/5228 5229/5229/5229
f 5230/5230/5230 5231/5231/5231 5232/5232/5232
f 5233/5233/5233 5234/5234/5234 5235/5235/5235
f 5236/5236/5236 5237/5237/5237 5238/5238/5238
f 5239/5239/5239 5240/5240/5240 5241/5241/5241
f 5242/5242/5242 5243/5243/5243 5244/5244/5244
f 5245/5245/5245 5246/5246/5246 5247/5247/5247
f 5248/5248/5248 5249/5249/5249 5250/5250/5250
f 5251/5251/5251 5252/5252/5252 5253/5253/5253
f 5254/5254/5254 5255/5255/5255 5256/5256/5256
f 5257/5257/5257 5258/5258/5258 5259/5259/5259
f 5260/5260/5260 5261/5261/5261 5262/5262/5262
f 5263/5263/5263 5264/5264/5264 5265/5265/5265
f 5266/5266/5266 5267/5267/5267 5268/5268/5268
f 5269/5269/5269 5270/5270/5270 5271/5271/5271
f 5272/5272/5272 5273/5273/5273 5274/5274/5274
f 5275/5275/5275 5276/5276/5276 5277/5277/5277
f 5278/5278/5278 5279/5279/5279 5280/5280/5280
f 5281/5281/5281 5282/5282/5282 5283/5283/5283
f 5284/5284/5284 5285/5285/5285 5286/5286/5286
f 5287/5287/5287 5288/5288/5288 5289/5289/5289
f 5290/5290/5290 5291/5291/5291 5292/5292/5292
f 5293/5293/5293 5294/5294/5294 5295/5295/5295
f 5296/5296/5296 5297/5297/5297 5298/5298/5298
f 5299/5299/5299 5300/5300/5300 5301/5301/5301
f 5302/5302/5302 5303/5303/5303 5304/5304/5304
f 5305/5305/5305 5306/5306/5306 5307/5307/5307
f 5308/5308/5308 5309/5309/5309 5310/5310/5310
f 5311/5311/5311 5312/5312/5312 5313/5313/5313
f 5314/5314/5314 5315/5315/5315 5316/5316/5316
