mtllib jaro-letter-c.mtl
o C
usemtl plastic
v 3.984249 -19.708738 -2.873884
v 0.418019 -19.708738 -2.873884
v 0.335559 -19.706084 -2.873884
v 4.127126 -19.688327 -2.873884
v 4.060790 -19.703635 -2.873884
v 3.984249 -19.708738 -2.873884
v 4.229182 -19.627093 -2.873884
v 4.183257 -19.662813 -2.873884
v 4.127126 -19.688327 -2.873884
v 4.290415 -19.525038 -2.873884
v 4.264902 -19.581168 -2.873884
v 4.229182 -19.627093 -2.873884
v 4.310827 -19.382160 -2.873884
v 4.305723 -19.458702 -2.873884
v 4.290415 -19.525038 -2.873884
v 4.310520 -16.217826 -2.873884
v 4.310827 -16.247014 -2.873884
v 4.310827 -19.382160 -2.873884
v 4.308071 -16.160675 -2.873884
v 4.309602 -16.189046 -2.873884
v 4.310520 -16.217826 -2.873884
v 4.303172 -16.105156 -2.873884
v 4.305928 -16.132712 -2.873884
v 4.308071 -16.160675 -2.873884
v 4.295825 -16.051271 -2.873884
v 4.299805 -16.078010 -2.873884
v 4.303172 -16.105156 -2.873884
v 4.285006 -15.999223 -2.873884
v 4.291232 -16.024941 -2.873884
v 4.295825 -16.051271 -2.873884
v 4.264595 -15.950236 -2.873884
v 4.276127 -15.974321 -2.873884
v 4.285006 -15.999223 -2.873884
v 4.233570 -15.904515 -2.873884
v 4.250409 -15.926967 -2.873884
v 4.264595 -15.950236 -2.873884
v 4.191932 -15.862060 -2.873884
v 4.214078 -15.882880 -2.873884
v 4.233570 -15.904515 -2.873884
v 4.191932 -6.306088 -2.873884
v 4.167132 -6.332112 -2.873884
v 2.286044 -8.030316 -2.873884
v 4.233570 -6.254652 -2.873884
v 4.214078 -6.280269 -2.873884
v 4.191932 -6.306088 -2.873884
v 4.264595 -6.204033 -2.873884
v 4.250409 -6.229240 -2.873884
v 4.233570 -6.254652 -2.873884
v 4.285006 -6.154229 -2.873884
v 4.276127 -6.179030 -2.873884
v 4.264595 -6.204033 -2.873884
v 4.295825 -6.104835 -2.873884
v 4.291232 -6.129634 -2.873884
v 4.285006 -6.154229 -2.873884
v 4.303172 -6.053399 -2.873884
v 4.299805 -6.079423 -2.873884
v 4.295825 -6.104835 -2.873884
v 4.308071 -5.999513 -2.873884
v 4.305928 -6.026762 -2.873884
v 4.303172 -6.053399 -2.873884
v 4.310520 -5.943179 -2.873884
v 4.309602 -5.971653 -2.873884
v 4.308071 -5.999513 -2.873884
v 4.310827 -2.622190 -2.873884
v 4.310827 -5.914093 -2.873884
v 4.310520 -5.943179 -2.873884
v 4.290415 -2.479311 -2.873884
v 4.305723 -2.545647 -2.873884
v 4.310827 -2.622190 -2.873884
v 4.229182 -2.377256 -2.873884
v 4.264902 -2.423182 -2.873884
v 4.290415 -2.479311 -2.873884
v 4.127126 -2.316022 -2.873884
v 4.183257 -2.341537 -2.873884
v 4.229182 -2.377256 -2.873884
v 3.984249 -2.295612 -2.873884
v 4.060790 -2.300715 -2.873884
v 4.127126 -2.316022 -2.873884
v 0.373421 -2.296020 -2.873884
v 0.418019 -2.295612 -2.873884
v 3.984249 -2.295612 -2.873884
v 0.290960 -2.299286 -2.873884
v 0.331068 -2.297245 -2.873884
v 0.373421 -2.296020 -2.873884
v 0.217480 -2.305817 -2.873884
v 0.253098 -2.302143 -2.873884
v 0.290960 -2.299286 -2.873884
v 0.152981 -2.315615 -2.873884
v 0.184108 -2.310307 -2.873884
v 0.217480 -2.305817 -2.873884
v 0.096238 -2.329698 -2.873884
v 0.124100 -2.321737 -2.873884
v 0.152981 -2.315615 -2.873884
v 0.039904 -2.354192 -2.873884
v 0.068173 -2.340517 -2.873884
v 0.096238 -2.329698 -2.873884
v -0.017248 -2.390115 -2.873884
v 0.011430 -2.370724 -2.873884
v 0.039904 -2.354192 -2.873884
v -0.075215 -2.437469 -2.873884
v -0.046129 -2.412363 -2.873884
v -0.017248 -2.390115 -2.873884
v -2.129287 -4.451025 -2.873884
v -0.104505 -2.465432 -2.873884
v -0.075215 -2.437469 -2.873884
v -4.166724 -6.621950 -2.873884
v -4.136005 -6.589088 -2.873884
v -4.101817 -6.554185 -2.873884
v -4.217752 -6.681551 -2.873884
v -4.193973 -6.652771 -2.873884
v -4.166724 -6.621950 -2.873884
v -4.254900 -6.732987 -2.873884
v -4.238061 -6.708289 -2.873884
v -4.217752 -6.681551 -2.873884
v -4.278169 -6.776259 -2.873884
v -4.268269 -6.755643 -2.873884
v -4.254900 -6.732987 -2.873884
v -4.292456 -6.823612 -2.873884
v -4.285823 -6.797894 -2.873884
v -4.278169 -6.776259 -2.873884
v -4.302662 -6.887294 -2.873884
v -4.298070 -6.853412 -2.873884
v -4.292456 -6.823612 -2.873884
v -4.308785 -6.967307 -2.873884
v -4.306234 -6.925260 -2.873884
v -4.302662 -6.887294 -2.873884
v -4.310826 -7.063647 -2.873884
v -4.310316 -7.013435 -2.873884
v -4.308785 -6.967307 -2.873884
v -4.310316 -14.987852 -2.873884
v -4.310826 -14.940703 -2.873884
v -4.310826 -7.063647 -2.873884
v -4.306234 -15.071130 -2.873884
v -4.308785 -15.031328 -2.873884
v -4.310316 -14.987852 -2.873884
v -4.298070 -15.139711 -2.873884
v -4.302662 -15.107258 -2.873884
v -4.306234 -15.071130 -2.873884
v -4.285823 -15.193596 -2.873884
v -4.292456 -15.168491 -2.873884
v -4.298070 -15.139711 -2.873884
v -4.268269 -15.235847 -2.873884
v -4.278169 -15.215028 -2.873884
v -4.285823 -15.193596 -2.873884
v -4.238061 -15.284834 -2.873884
v -4.254900 -15.259116 -2.873884
v -4.268269 -15.235847 -2.873884
v -4.193973 -15.343618 -2.873884
v -4.217752 -15.313001 -2.873884
v -4.238061 -15.284834 -2.873884
v -4.136005 -15.412199 -2.873884
v -4.166724 -15.376684 -2.873884
v -4.193973 -15.343618 -2.873884
v -1.698204 -17.971344 -2.873884
v -4.101817 -15.450164 -2.873884
v -4.136005 -15.412199 -2.873884
v -0.056335 -19.578719 -2.873884
v -0.104505 -19.538917 -2.873884
v -1.698204 -17.971344 -2.873884
v 0.054702 -19.642402 -2.873884
v -0.003266 -19.613214 -2.873884
v -0.056335 -19.578719 -2.873884
v 0.185333 -19.684857 -2.873884
v 0.117568 -19.666283 -2.873884
v 0.054702 -19.642402 -2.873884
v 0.335559 -19.706084 -2.873884
v 0.257996 -19.698124 -2.873884
v 0.185333 -19.684857 -2.873884
v 4.127126 -19.688327 -2.873884
v 3.984249 -19.708738 -2.873884
v 0.335559 -19.706084 -2.873884
v 4.290415 -19.525038 -2.873884
v 4.229182 -19.627093 -2.873884
v 4.127126 -19.688327 -2.873884
v 4.310520 -16.217826 -2.873884
v 4.310827 -19.382160 -2.873884
v 4.290415 -19.525038 -2.873884
v 4.303172 -16.105156 -2.873884
v 4.308071 -16.160675 -2.873884
v 4.310520 -16.217826 -2.873884
v 4.285006 -15.999223 -2.873884
v 4.295825 -16.051271 -2.873884
v 4.303172 -16.105156 -2.873884
v 4.233570 -15.904515 -2.873884
v 4.264595 -15.950236 -2.873884
v 4.285006 -15.999223 -2.873884
v 4.167132 -15.842057 -2.873884
v 4.191932 -15.862060 -2.873884
v 4.233570 -15.904515 -2.873884
v 4.233570 -6.254652 -2.873884
v 4.191932 -6.306088 -2.873884
v 2.286044 -8.030316 -2.873884
v 4.285006 -6.154229 -2.873884
v 4.264595 -6.204033 -2.873884
v 4.233570 -6.254652 -2.873884
v 4.303172 -6.053399 -2.873884
v 4.295825 -6.104835 -2.873884
v 4.285006 -6.154229 -2.873884
v 4.310520 -5.943179 -2.873884
v 4.308071 -5.999513 -2.873884
v 4.303172 -6.053399 -2.873884
v 4.290415 -2.479311 -2.873884
v 4.310827 -2.622190 -2.873884
v 4.310520 -5.943179 -2.873884
v 4.127126 -2.316022 -2.873884
v 4.229182 -2.377256 -2.873884
v 4.290415 -2.479311 -2.873884
v 0.373421 -2.296020 -2.873884
v 3.984249 -2.295612 -2.873884
v 4.127126 -2.316022 -2.873884
v 0.217480 -2.305817 -2.873884
v 0.290960 -2.299286 -2.873884
v 0.373421 -2.296020 -2.873884
v 0.096238 -2.329698 -2.873884
v 0.152981 -2.315615 -2.873884
v 0.217480 -2.305817 -2.873884
v -0.017248 -2.390115 -2.873884
v 0.039904 -2.354192 -2.873884
v 0.096238 -2.329698 -2.873884
v -2.129287 -4.451025 -2.873884
v -0.075215 -2.437469 -2.873884
v -0.017248 -2.390115 -2.873884
v -4.217752 -6.681551 -2.873884
v -4.166724 -6.621950 -2.873884
v -4.101817 -6.554185 -2.873884
v -4.278169 -6.776259 -2.873884
v -4.254900 -6.732987 -2.873884
v -4.217752 -6.681551 -2.873884
v -4.302662 -6.887294 -2.873884
v -4.292456 -6.823612 -2.873884
v -4.278169 -6.776259 -2.873884
v -4.310826 -7.063647 -2.873884
v -4.308785 -6.967307 -2.873884
v -4.302662 -6.887294 -2.873884
v -4.306234 -15.071130 -2.873884
v -4.310316 -14.987852 -2.873884
v -4.310826 -7.063647 -2.873884
v -4.285823 -15.193596 -2.873884
v -4.298070 -15.139711 -2.873884
v -4.306234 -15.071130 -2.873884
v -4.238061 -15.284834 -2.873884
v -4.268269 -15.235847 -2.873884
v -4.285823 -15.193596 -2.873884
v -4.136005 -15.412199 -2.873884
v -4.193973 -15.343618 -2.873884
v -4.238061 -15.284834 -2.873884
v -0.056335 -19.578719 -2.873884
v -1.698204 -17.971344 -2.873884
v -4.136005 -15.412199 -2.873884
v 0.185333 -19.684857 -2.873884
v 0.054702 -19.642402 -2.873884
v -0.056335 -19.578719 -2.873884
v 4.127126 -19.688327 -2.873884
v 0.335559 -19.706084 -2.873884
v 0.185333 -19.684857 -2.873884
v 4.310520 -16.217826 -2.873884
v 4.290415 -19.525038 -2.873884
v 4.127126 -19.688327 -2.873884
v 4.285006 -15.999223 -2.873884
v 4.303172 -16.105156 -2.873884
v 4.310520 -16.217826 -2.873884
v 4.167132 -15.842057 -2.873884
v 4.233570 -15.904515 -2.873884
v 4.285006 -15.999223 -2.873884
v 4.285006 -6.154229 -2.873884
v 4.233570 -6.254652 -2.873884
v 2.286044 -8.030316 -2.873884
v 4.310520 -5.943179 -2.873884
v 4.303172 -6.053399 -2.873884
v 4.285006 -6.154229 -2.873884
v 4.127126 -2.316022 -2.873884
v 4.290415 -2.479311 -2.873884
v 4.310520 -5.943179 -2.873884
v 0.217480 -2.305817 -2.873884
v 0.373421 -2.296020 -2.873884
v 4.127126 -2.316022 -2.873884
v -0.017248 -2.390115 -2.873884
v 0.096238 -2.329698 -2.873884
v 0.217480 -2.305817 -2.873884
v -4.101817 -6.554185 -2.873884
v -2.129287 -4.451025 -2.873884
v -0.017248 -2.390115 -2.873884
v -4.278169 -6.776259 -2.873884
v -4.217752 -6.681551 -2.873884
v -4.101817 -6.554185 -2.873884
v -4.310826 -7.063647 -2.873884
v -4.302662 -6.887294 -2.873884
v -4.278169 -6.776259 -2.873884
v -4.285823 -15.193596 -2.873884
v -4.306234 -15.071130 -2.873884
v -4.310826 -7.063647 -2.873884
v -4.136005 -15.412199 -2.873884
v -4.238061 -15.284834 -2.873884
v -4.285823 -15.193596 -2.873884
v 0.185333 -19.684857 -2.873884
v -0.056335 -19.578719 -2.873884
v -4.136005 -15.412199 -2.873884
v 4.310520 -16.217826 -2.873884
v 4.127126 -19.688327 -2.873884
v 0.185333 -19.684857 -2.873884
v 4.167132 -15.842057 -2.873884
v 4.285006 -15.999223 -2.873884
v 4.310520 -16.217826 -2.873884
v 4.310520 -5.943179 -2.873884
v 4.285006 -6.154229 -2.873884
v 2.286044 -8.030316 -2.873884
v 0.217480 -2.305817 -2.873884
v 4.127126 -2.316022 -2.873884
v 4.310520 -5.943179 -2.873884
v -4.101817 -6.554185 -2.873884
v -0.017248 -2.390115 -2.873884
v 0.217480 -2.305817 -2.873884
v -4.310826 -7.063647 -2.873884
v -4.278169 -6.776259 -2.873884
v -4.101817 -6.554185 -2.873884
v -4.136005 -15.412199 -2.873884
v -4.285823 -15.193596 -2.873884
v -4.310826 -7.063647 -2.873884
v 4.310520 -16.217826 -2.873884
v 0.185333 -19.684857 -2.873884
v -4.136005 -15.412199 -2.873884
v 2.429739 -14.287547 -2.873884
v 4.167132 -15.842057 -2.873884
v 4.310520 -16.217826 -2.873884
v 0.217480 -2.305817 -2.873884
v 4.310520 -5.943179 -2.873884
v 2.286044 -8.030316 -2.873884
v -4.310826 -7.063647 -2.873884
v -4.101817 -6.554185 -2.873884
v 0.217480 -2.305817 -2.873884
v 2.429739 -14.287547 -2.873884
v 4.310520 -16.217826 -2.873884
v -4.136005 -15.412199 -2.873884
v 0.217480 -2.305817 -2.873884
v 2.286044 -8.030316 -2.873884
v 0.862165 -9.558702 -2.873884
v -4.136005 -15.412199 -2.873884
v -4.310826 -7.063647 -2.873884
v 0.217480 -2.305817 -2.873884
v 0.862165 -12.615469 -2.873884
v 2.429739 -14.287547 -2.873884
v -4.136005 -15.412199 -2.873884
v 0.217480 -2.305817 -2.873884
v 0.862165 -9.558702 -2.873884
v 0.862165 -12.615469 -2.873884
v 0.862165 -12.615469 -2.873884
v -4.136005 -15.412199 -2.873884
v 0.217480 -2.305817 -2.873884
v 0.335559 -19.706084 2.873884
v 0.418019 -19.708738 2.873884
v 3.984249 -19.708738 2.873884
v 3.984249 -19.708738 2.873884
v 4.060790 -19.703635 2.873884
v 4.127126 -19.688327 2.873884
v 4.127126 -19.688327 2.873884
v 4.183257 -19.662813 2.873884
v 4.229182 -19.627093 2.873884
v 4.229182 -19.627093 2.873884
v 4.264902 -19.581168 2.873884
v 4.290415 -19.525038 2.873884
v 4.290415 -19.525038 2.873884
v 4.305723 -19.458702 2.873884
v 4.310827 -19.382160 2.873884
v 4.310827 -19.382160 2.873884
v 4.310827 -16.247014 2.873884
v 4.310520 -16.217826 2.873884
v 4.310520 -16.217826 2.873884
v 4.309602 -16.189046 2.873884
v 4.308071 -16.160675 2.873884
v 4.308071 -16.160675 2.873884
v 4.305928 -16.132712 2.873884
v 4.303172 -16.105156 2.873884
v 4.303172 -16.105156 2.873884
v 4.299805 -16.078010 2.873884
v 4.295825 -16.051271 2.873884
v 4.295825 -16.051271 2.873884
v 4.291232 -16.024941 2.873884
v 4.285006 -15.999223 2.873884
v 4.285006 -15.999223 2.873884
v 4.276127 -15.974321 2.873884
v 4.264595 -15.950236 2.873884
v 4.264595 -15.950236 2.873884
v 4.250409 -15.926967 2.873884
v 4.233570 -15.904515 2.873884
v 4.233570 -15.904515 2.873884
v 4.214078 -15.882880 2.873884
v 4.191932 -15.862060 2.873884
v 2.286044 -8.030316 2.873884
v 4.167132 -6.332112 2.873884
v 4.191932 -6.306088 2.873884
v 4.191932 -6.306088 2.873884
v 4.214078 -6.280269 2.873884
v 4.233570 -6.254652 2.873884
v 4.233570 -6.254652 2.873884
v 4.250409 -6.229240 2.873884
v 4.264595 -6.204033 2.873884
v 4.264595 -6.204033 2.873884
v 4.276127 -6.179030 2.873884
v 4.285006 -6.154229 2.873884
v 4.285006 -6.154229 2.873884
v 4.291232 -6.129634 2.873884
v 4.295825 -6.104835 2.873884
v 4.295825 -6.104835 2.873884
v 4.299805 -6.079423 2.873884
v 4.303172 -6.053399 2.873884
v 4.303172 -6.053399 2.873884
v 4.305928 -6.026762 2.873884
v 4.308071 -5.999513 2.873884
v 4.308071 -5.999513 2.873884
v 4.309602 -5.971653 2.873884
v 4.310520 -5.943179 2.873884
v 4.310520 -5.943179 2.873884
v 4.310827 -5.914093 2.873884
v 4.310827 -2.622190 2.873884
v 4.310827 -2.622190 2.873884
v 4.305723 -2.545647 2.873884
v 4.290415 -2.479311 2.873884
v 4.290415 -2.479311 2.873884
v 4.264902 -2.423182 2.873884
v 4.229182 -2.377256 2.873884
v 4.229182 -2.377256 2.873884
v 4.183257 -2.341537 2.873884
v 4.127126 -2.316022 2.873884
v 4.127126 -2.316022 2.873884
v 4.060790 -2.300715 2.873884
v 3.984249 -2.295612 2.873884
v 3.984249 -2.295612 2.873884
v 0.418019 -2.295612 2.873884
v 0.373421 -2.296020 2.873884
v 0.373421 -2.296020 2.873884
v 0.331068 -2.297245 2.873884
v 0.290960 -2.299286 2.873884
v 0.290960 -2.299286 2.873884
v 0.253098 -2.302143 2.873884
v 0.217480 -2.305817 2.873884
v 0.217480 -2.305817 2.873884
v 0.184108 -2.310307 2.873884
v 0.152981 -2.315615 2.873884
v 0.152981 -2.315615 2.873884
v 0.124100 -2.321737 2.873884
v 0.096238 -2.329698 2.873884
v 0.096238 -2.329698 2.873884
v 0.068173 -2.340517 2.873884
v 0.039904 -2.354192 2.873884
v 0.039904 -2.354192 2.873884
v 0.011430 -2.370724 2.873884
v -0.017248 -2.390115 2.873884
v -0.017248 -2.390115 2.873884
v -0.046129 -2.412363 2.873884
v -0.075215 -2.437469 2.873884
v -0.075215 -2.437469 2.873884
v -0.104505 -2.465432 2.873884
v -2.129287 -4.451025 2.873884
v -4.101817 -6.554185 2.873884
v -4.136005 -6.589088 2.873884
v -4.166724 -6.621950 2.873884
v -4.166724 -6.621950 2.873884
v -4.193973 -6.652771 2.873884
v -4.217752 -6.681551 2.873884
v -4.217752 -6.681551 2.873884
v -4.238061 -6.708289 2.873884
v -4.254900 -6.732987 2.873884
v -4.254900 -6.732987 2.873884
v -4.268269 -6.755643 2.873884
v -4.278169 -6.776259 2.873884
v -4.278169 -6.776259 2.873884
v -4.285823 -6.797894 2.873884
v -4.292456 -6.823612 2.873884
v -4.292456 -6.823612 2.873884
v -4.298070 -6.853412 2.873884
v -4.302662 -6.887294 2.873884
v -4.302662 -6.887294 2.873884
v -4.306234 -6.925260 2.873884
v -4.308785 -6.967307 2.873884
v -4.308785 -6.967307 2.873884
v -4.310316 -7.013435 2.873884
v -4.310826 -7.063647 2.873884
v -4.310826 -7.063647 2.873884
v -4.310826 -14.940703 2.873884
v -4.310316 -14.987852 2.873884
v -4.310316 -14.987852 2.873884
v -4.308785 -15.031328 2.873884
v -4.306234 -15.071130 2.873884
v -4.306234 -15.071130 2.873884
v -4.302662 -15.107258 2.873884
v -4.298070 -15.139711 2.873884
v -4.298070 -15.139711 2.873884
v -4.292456 -15.168491 2.873884
v -4.285823 -15.193596 2.873884
v -4.285823 -15.193596 2.873884
v -4.278169 -15.215028 2.873884
v -4.268269 -15.235847 2.873884
v -4.268269 -15.235847 2.873884
v -4.254900 -15.259116 2.873884
v -4.238061 -15.284834 2.873884
v -4.238061 -15.284834 2.873884
v -4.217752 -15.313001 2.873884
v -4.193973 -15.343618 2.873884
v -4.193973 -15.343618 2.873884
v -4.166724 -15.376684 2.873884
v -4.136005 -15.412199 2.873884
v -4.136005 -15.412199 2.873884
v -4.101817 -15.450164 2.873884
v -1.698204 -17.971344 2.873884
v -1.698204 -17.971344 2.873884
v -0.104505 -19.538917 2.873884
v -0.056335 -19.578719 2.873884
v -0.056335 -19.578719 2.873884
v -0.003266 -19.613214 2.873884
v 0.054702 -19.642402 2.873884
v 0.054702 -19.642402 2.873884
v 0.117568 -19.666283 2.873884
v 0.185333 -19.684857 2.873884
v 0.185333 -19.684857 2.873884
v 0.257996 -19.698124 2.873884
v 0.335559 -19.706084 2.873884
v 0.335559 -19.706084 2.873884
v 3.984249 -19.708738 2.873884
v 4.127126 -19.688327 2.873884
v 4.127126 -19.688327 2.873884
v 4.229182 -19.627093 2.873884
v 4.290415 -19.525038 2.873884
v 4.290415 -19.525038 2.873884
v 4.310827 -19.382160 2.873884
v 4.310520 -16.217826 2.873884
v 4.310520 -16.217826 2.873884
v 4.308071 -16.160675 2.873884
v 4.303172 -16.105156 2.873884
v 4.303172 -16.105156 2.873884
v 4.295825 -16.051271 2.873884
v 4.285006 -15.999223 2.873884
v 4.285006 -15.999223 2.873884
v 4.264595 -15.950236 2.873884
v 4.233570 -15.904515 2.873884
v 4.233570 -15.904515 2.873884
v 4.191932 -15.862060 2.873884
v 4.167132 -15.842057 2.873884
v 2.286044 -8.030316 2.873884
v 4.191932 -6.306088 2.873884
v 4.233570 -6.254652 2.873884
v 4.233570 -6.254652 2.873884
v 4.264595 -6.204033 2.873884
v 4.285006 -6.154229 2.873884
v 4.285006 -6.154229 2.873884
v 4.295825 -6.104835 2.873884
v 4.303172 -6.053399 2.873884
v 4.303172 -6.053399 2.873884
v 4.308071 -5.999513 2.873884
v 4.310520 -5.943179 2.873884
v 4.310520 -5.943179 2.873884
v 4.310827 -2.622190 2.873884
v 4.290415 -2.479311 2.873884
v 4.290415 -2.479311 2.873884
v 4.229182 -2.377256 2.873884
v 4.127126 -2.316022 2.873884
v 4.127126 -2.316022 2.873884
v 3.984249 -2.295612 2.873884
v 0.373421 -2.296020 2.873884
v 0.373421 -2.296020 2.873884
v 0.290960 -2.299286 2.873884
v 0.217480 -2.305817 2.873884
v 0.217480 -2.305817 2.873884
v 0.152981 -2.315615 2.873884
v 0.096238 -2.329698 2.873884
v 0.096238 -2.329698 2.873884
v 0.039904 -2.354192 2.873884
v -0.017248 -2.390115 2.873884
v -0.017248 -2.390115 2.873884
v -0.075215 -2.437469 2.873884
v -2.129287 -4.451025 2.873884
v -4.101817 -6.554185 2.873884
v -4.166724 -6.621950 2.873884
v -4.217752 -6.681551 2.873884
v -4.217752 -6.681551 2.873884
v -4.254900 -6.732987 2.873884
v -4.278169 -6.776259 2.873884
v -4.278169 -6.776259 2.873884
v -4.292456 -6.823612 2.873884
v -4.302662 -6.887294 2.873884
v -4.302662 -6.887294 2.873884
v -4.308785 -6.967307 2.873884
v -4.310826 -7.063647 2.873884
v -4.310826 -7.063647 2.873884
v -4.310316 -14.987852 2.873884
v -4.306234 -15.071130 2.873884
v -4.306234 -15.071130 2.873884
v -4.298070 -15.139711 2.873884
v -4.285823 -15.193596 2.873884
v -4.285823 -15.193596 2.873884
v -4.268269 -15.235847 2.873884
v -4.238061 -15.284834 2.873884
v -4.238061 -15.284834 2.873884
v -4.193973 -15.343618 2.873884
v -4.136005 -15.412199 2.873884
v -4.136005 -15.412199 2.873884
v -1.698204 -17.971344 2.873884
v -0.056335 -19.578719 2.873884
v -0.056335 -19.578719 2.873884
v 0.054702 -19.642402 2.873884
v 0.185333 -19.684857 2.873884
v 0.185333 -19.684857 2.873884
v 0.335559 -19.706084 2.873884
v 4.127126 -19.688327 2.873884
v 4.127126 -19.688327 2.873884
v 4.290415 -19.525038 2.873884
v 4.310520 -16.217826 2.873884
v 4.310520 -16.217826 2.873884
v 4.303172 -16.105156 2.873884
v 4.285006 -15.999223 2.873884
v 4.285006 -15.999223 2.873884
v 4.233570 -15.904515 2.873884
v 4.167132 -15.842057 2.873884
v 2.286044 -8.030316 2.873884
v 4.233570 -6.254652 2.873884
v 4.285006 -6.154229 2.873884
v 4.285006 -6.154229 2.873884
v 4.303172 -6.053399 2.873884
v 4.310520 -5.943179 2.873884
v 4.310520 -5.943179 2.873884
v 4.290415 -2.479311 2.873884
v 4.127126 -2.316022 2.873884
v 4.127126 -2.316022 2.873884
v 0.373421 -2.296020 2.873884
v 0.217480 -2.305817 2.873884
v 0.217480 -2.305817 2.873884
v 0.096238 -2.329698 2.873884
v -0.017248 -2.390115 2.873884
v -0.017248 -2.390115 2.873884
v -2.129287 -4.451025 2.873884
v -4.101817 -6.554185 2.873884
v -4.101817 -6.554185 2.873884
v -4.217752 -6.681551 2.873884
v -4.278169 -6.776259 2.873884
v -4.278169 -6.776259 2.873884
v -4.302662 -6.887294 2.873884
v -4.310826 -7.063647 2.873884
v -4.310826 -7.063647 2.873884
v -4.306234 -15.071130 2.873884
v -4.285823 -15.193596 2.873884
v -4.285823 -15.193596 2.873884
v -4.238061 -15.284834 2.873884
v -4.136005 -15.412199 2.873884
v -4.136005 -15.412199 2.873884
v -0.056335 -19.578719 2.873884
v 0.185333 -19.684857 2.873884
v 0.185333 -19.684857 2.873884
v 4.127126 -19.688327 2.873884
v 4.310520 -16.217826 2.873884
v 4.310520 -16.217826 2.873884
v 4.285006 -15.999223 2.873884
v 4.167132 -15.842057 2.873884
v 2.286044 -8.030316 2.873884
v 4.285006 -6.154229 2.873884
v 4.310520 -5.943179 2.873884
v 4.310520 -5.943179 2.873884
v 4.127126 -2.316022 2.873884
v 0.217480 -2.305817 2.873884
v 0.217480 -2.305817 2.873884
v -0.017248 -2.390115 2.873884
v -4.101817 -6.554185 2.873884
v -4.101817 -6.554185 2.873884
v -4.278169 -6.776259 2.873884
v -4.310826 -7.063647 2.873884
v -4.310826 -7.063647 2.873884
v -4.285823 -15.193596 2.873884
v -4.136005 -15.412199 2.873884
v -4.136005 -15.412199 2.873884
v 0.185333 -19.684857 2.873884
v 4.310520 -16.217826 2.873884
v 4.310520 -16.217826 2.873884
v 4.167132 -15.842057 2.873884
v 2.429739 -14.287547 2.873884
v 2.286044 -8.030316 2.873884
v 4.310520 -5.943179 2.873884
v 0.217480 -2.305817 2.873884
v 0.217480 -2.305817 2.873884
v -4.101817 -6.554185 2.873884
v -4.310826 -7.063647 2.873884
v -4.136005 -15.412199 2.873884
v 4.310520 -16.217826 2.873884
v 2.429739 -14.287547 2.873884
v 0.862165 -9.558702 2.873884
v 2.286044 -8.030316 2.873884
v 0.217480 -2.305817 2.873884
v 0.217480 -2.305817 2.873884
v -4.310826 -7.063647 2.873884
v -4.136005 -15.412199 2.873884
v -4.136005 -15.412199 2.873884
v 2.429739 -14.287547 2.873884
v 0.862165 -12.615469 2.873884
v 0.862165 -12.615469 2.873884
v 0.862165 -9.558702 2.873884
v 0.217480 -2.305817 2.873884
v 0.217480 -2.305817 2.873884
v -4.136005 -15.412199 2.873884
v 0.862165 -12.615469 2.873884
v 3.984249 -19.708738 -2.873884
v 4.060790 -19.703635 -2.873884
v 3.990400 -19.893478 -2.797362
v 4.060790 -19.703635 -2.873884
v 4.087878 -19.886979 -2.797362
v 3.990400 -19.893478 -2.797362
v 3.990400 -19.893478 -2.797362
v 4.087878 -19.886979 -2.797362
v 3.992948 -19.970000 -2.612622
v 4.087878 -19.886979 -2.797362
v 4.099099 -19.962923 -2.612622
v 3.992948 -19.970000 -2.612622
v 3.992948 -19.970000 -2.612622
v 4.099099 -19.962923 -2.612622
v 3.992948 -19.970000 2.612622
v 4.099099 -19.962923 -2.612622
v 4.099099 -19.962923 2.612622
v 3.992948 -19.970000 2.612622
v 3.992948 -19.970000 2.612622
v 4.099099 -19.962923 2.612622
v 3.990400 -19.893478 2.797363
v 4.099099 -19.962923 2.612622
v 4.087878 -19.886979 2.797363
v 3.990400 -19.893478 2.797363
v 3.990400 -19.893478 2.797363
v 4.087878 -19.886979 2.797363
v 3.984249 -19.708738 2.873884
v 4.087878 -19.886979 2.797363
v 4.060790 -19.703635 2.873884
v 3.984249 -19.708738 2.873884
v 4.060790 -19.703635 -2.873884
v 4.127126 -19.688327 -2.873884
v 4.087878 -19.886979 -2.797362
v 4.127126 -19.688327 -2.873884
v 4.186712 -19.864172 -2.797362
v 4.087878 -19.886979 -2.797362
v 4.087878 -19.886979 -2.797362
v 4.186712 -19.864172 -2.797362
v 4.099099 -19.962923 -2.612622
v 4.186712 -19.864172 -2.797362
v 4.211394 -19.937009 -2.612622
v 4.099099 -19.962923 -2.612622
v 4.099099 -19.962923 -2.612622
v 4.211394 -19.937009 -2.612622
v 4.099099 -19.962923 2.612622
v 4.211394 -19.937009 -2.612622
v 4.211394 -19.937009 2.612622
v 4.099099 -19.962923 2.612622
v 4.099099 -19.962923 2.612622
v 4.211394 -19.937009 2.612622
v 4.087878 -19.886979 2.797363
v 4.211394 -19.937009 2.612622
v 4.186712 -19.864172 2.797363
v 4.087878 -19.886979 2.797363
v 4.087878 -19.886979 2.797363
v 4.186712 -19.864172 2.797363
v 4.060790 -19.703635 2.873884
v 4.186712 -19.864172 2.797363
v 4.127126 -19.688327 2.873884
v 4.060790 -19.703635 2.873884
v 4.127126 -19.688327 -2.873884
v 4.183257 -19.662813 -2.873884
v 4.186712 -19.864172 -2.797362
v 4.183257 -19.662813 -2.873884
v 4.279506 -19.821993 -2.797362
v 4.186712 -19.864172 -2.797362
v 4.186712 -19.864172 -2.797362
v 4.279506 -19.821993 -2.797362
v 4.211394 -19.937009 -2.612622
v 4.279506 -19.821993 -2.797362
v 4.319373 -19.887927 -2.612622
v 4.211394 -19.937009 -2.612622
v 4.211394 -19.937009 -2.612622
v 4.319373 -19.887927 -2.612622
v 4.211394 -19.937009 2.612622
v 4.319373 -19.887927 -2.612622
v 4.319373 -19.887927 2.612622
v 4.211394 -19.937009 2.612622
v 4.211394 -19.937009 2.612622
v 4.319373 -19.887927 2.612622
v 4.186712 -19.864172 2.797363
v 4.319373 -19.887927 2.612622
v 4.279506 -19.821993 2.797363
v 4.186712 -19.864172 2.797363
v 4.186712 -19.864172 2.797363
v 4.279506 -19.821993 2.797363
v 4.127126 -19.688327 2.873884
v 4.279506 -19.821993 2.797363
v 4.183257 -19.662813 2.873884
v 4.127126 -19.688327 2.873884
v 4.183257 -19.662813 -2.873884
v 4.229182 -19.627093 -2.873884
v 4.279506 -19.821993 -2.797362
v 4.229182 -19.627093 -2.873884
v 4.360830 -19.758741 -2.797362
v 4.279506 -19.821993 -2.797362
v 4.279506 -19.821993 -2.797362
v 4.360830 -19.758741 -2.797362
v 4.319373 -19.887927 -2.612622
v 4.360830 -19.758741 -2.797362
v 4.415360 -19.813271 -2.612622
v 4.319373 -19.887927 -2.612622
v 4.319373 -19.887927 -2.612622
v 4.415360 -19.813271 -2.612622
v 4.319373 -19.887927 2.612622
v 4.415360 -19.813271 -2.612622
v 4.415360 -19.813271 2.612622
v 4.319373 -19.887927 2.612622
v 4.319373 -19.887927 2.612622
v 4.415360 -19.813271 2.612622
v 4.279506 -19.821993 2.797363
v 4.415360 -19.813271 2.612622
v 4.360830 -19.758741 2.797363
v 4.279506 -19.821993 2.797363
v 4.279506 -19.821993 2.797363
v 4.360830 -19.758741 2.797363
v 4.183257 -19.662813 2.873884
v 4.360830 -19.758741 2.797363
v 4.229182 -19.627093 2.873884
v 4.183257 -19.662813 2.873884
v 4.229182 -19.627093 -2.873884
v 4.264902 -19.581168 -2.873884
v 4.360830 -19.758741 -2.797362
v 4.264902 -19.581168 -2.873884
v 4.424082 -19.677417 -2.797362
v 4.360830 -19.758741 -2.797362
v 4.360830 -19.758741 -2.797362
v 4.424082 -19.677417 -2.797362
v 4.415360 -19.813271 -2.612622
v 4.424082 -19.677417 -2.797362
v 4.490016 -19.717285 -2.612622
v 4.415360 -19.813271 -2.612622
v 4.415360 -19.813271 -2.612622
v 4.490016 -19.717285 -2.612622
v 4.415360 -19.813271 2.612622
v 4.490016 -19.717285 -2.612622
v 4.490016 -19.717285 2.612622
v 4.415360 -19.813271 2.612622
v 4.415360 -19.813271 2.612622
v 4.490016 -19.717285 2.612622
v 4.360830 -19.758741 2.797363
v 4.490016 -19.717285 2.612622
v 4.424082 -19.677417 2.797363
v 4.360830 -19.758741 2.797363
v 4.360830 -19.758741 2.797363
v 4.424082 -19.677417 2.797363
v 4.229182 -19.627093 2.873884
v 4.424082 -19.677417 2.797363
v 4.264902 -19.581168 2.873884
v 4.229182 -19.627093 2.873884
v 4.264902 -19.581168 -2.873884
v 4.290415 -19.525038 -2.873884
v 4.424082 -19.677417 -2.797362
v 4.290415 -19.525038 -2.873884
v 4.466260 -19.584624 -2.797362
v 4.424082 -19.677417 -2.797362
v 4.424082 -19.677417 -2.797362
v 4.466260 -19.584624 -2.797362
v 4.490016 -19.717285 -2.612622
v 4.466260 -19.584624 -2.797362
v 4.539098 -19.609305 -2.612622
v 4.490016 -19.717285 -2.612622
v 4.490016 -19.717285 -2.612622
v 4.539098 -19.609305 -2.612622
v 4.490016 -19.717285 2.612622
v 4.539098 -19.609305 -2.612622
v 4.539098 -19.609305 2.612622
v 4.490016 -19.717285 2.612622
v 4.490016 -19.717285 2.612622
v 4.539098 -19.609305 2.612622
v 4.424082 -19.677417 2.797363
v 4.539098 -19.609305 2.612622
v 4.466260 -19.584624 2.797363
v 4.424082 -19.677417 2.797363
v 4.424082 -19.677417 2.797363
v 4.466260 -19.584624 2.797363
v 4.264902 -19.581168 2.873884
v 4.466260 -19.584624 2.797363
v 4.290415 -19.525038 2.873884
v 4.264902 -19.581168 2.873884
v 4.290415 -19.525038 -2.873884
v 4.305723 -19.458702 -2.873884
v 4.466260 -19.584624 -2.797362
v 4.305723 -19.458702 -2.873884
v 4.489068 -19.485790 -2.797362
v 4.466260 -19.584624 -2.797362
v 4.466260 -19.584624 -2.797362
v 4.489068 -19.485790 -2.797362
v 4.539098 -19.609305 -2.612622
v 4.489068 -19.485790 -2.797362
v 4.565012 -19.497010 -2.612622
v 4.539098 -19.609305 -2.612622
v 4.539098 -19.609305 -2.612622
v 4.565012 -19.497010 -2.612622
v 4.539098 -19.609305 2.612622
v 4.565012 -19.497010 -2.612622
v 4.565012 -19.497010 2.612622
v 4.539098 -19.609305 2.612622
v 4.539098 -19.609305 2.612622
v 4.565012 -19.497010 2.612622
v 4.466260 -19.584624 2.797363
v 4.565012 -19.497010 2.612622
v 4.489068 -19.485790 2.797363
v 4.466260 -19.584624 2.797363
v 4.466260 -19.584624 2.797363
v 4.489068 -19.485790 2.797363
v 4.290415 -19.525038 2.873884
v 4.489068 -19.485790 2.797363
v 4.305723 -19.458702 2.873884
v 4.290415 -19.525038 2.873884
v 4.305723 -19.458702 -2.873884
v 4.310827 -19.382160 -2.873884
v 4.489068 -19.485790 -2.797362
v 4.310827 -19.382160 -2.873884
v 4.495567 -19.388311 -2.797362
v 4.489068 -19.485790 -2.797362
v 4.489068 -19.485790 -2.797362
v 4.495567 -19.388311 -2.797362
v 4.565012 -19.497010 -2.612622
v 4.495567 -19.388311 -2.797362
v 4.572089 -19.390859 -2.612622
v 4.565012 -19.497010 -2.612622
v 4.565012 -19.497010 -2.612622
v 4.572089 -19.390859 -2.612622
v 4.565012 -19.497010 2.612622
v 4.572089 -19.390859 -2.612622
v 4.572089 -19.390859 2.612622
v 4.565012 -19.497010 2.612622
v 4.565012 -19.497010 2.612622
v 4.572089 -19.390859 2.612622
v 4.489068 -19.485790 2.797363
v 4.572089 -19.390859 2.612622
v 4.495567 -19.388311 2.797363
v 4.489068 -19.485790 2.797363
v 4.489068 -19.485790 2.797363
v 4.495567 -19.388311 2.797363
v 4.305723 -19.458702 2.873884
v 4.495567 -19.388311 2.797363
v 4.310827 -19.382160 2.873884
v 4.305723 -19.458702 2.873884
v 4.310827 -19.382160 -2.873884
v 4.310827 -16.247014 -2.873884
v 4.495567 -19.388311 -2.797362
v 4.310827 -16.247014 -2.873884
v 4.495567 -16.246045 -2.797362
v 4.495567 -19.388311 -2.797362
v 4.495567 -19.388311 -2.797362
v 4.495567 -16.246045 -2.797362
v 4.572089 -19.390859 -2.612622
v 4.495567 -16.246045 -2.797362
v 4.572089 -16.245644 -2.612622
v 4.572089 -19.390859 -2.612622
v 4.572089 -19.390859 -2.612622
v 4.572089 -16.245644 -2.612622
v 4.572089 -19.390859 2.612622
v 4.572089 -16.245644 -2.612622
v 4.572089 -16.245644 2.612622
v 4.572089 -19.390859 2.612622
v 4.572089 -19.390859 2.612622
v 4.572089 -16.245644 2.612622
v 4.495567 -19.388311 2.797363
v 4.572089 -16.245644 2.612622
v 4.495567 -16.246045 2.797363
v 4.495567 -19.388311 2.797363
v 4.495567 -19.388311 2.797363
v 4.495567 -16.246045 2.797363
v 4.310827 -19.382160 2.873884
v 4.495567 -16.246045 2.797363
v 4.310827 -16.247014 2.873884
v 4.310827 -19.382160 2.873884
v 4.310827 -16.247014 -2.873884
v 4.310520 -16.217826 -2.873884
v 4.495567 -16.246045 -2.797362
v 4.310520 -16.217826 -2.873884
v 4.495230 -16.213910 -2.797362
v 4.495567 -16.246045 -2.797362
v 4.495567 -16.246045 -2.797362
v 4.495230 -16.213910 -2.797362
v 4.572089 -16.245644 -2.612622
v 4.495230 -16.213910 -2.797362
v 4.571738 -16.212288 -2.612622
v 4.572089 -16.245644 -2.612622
v 4.572089 -16.245644 -2.612622
v 4.571738 -16.212288 -2.612622
v 4.572089 -16.245644 2.612622
v 4.571738 -16.212288 -2.612622
v 4.571738 -16.212288 2.612622
v 4.572089 -16.245644 2.612622
v 4.572089 -16.245644 2.612622
v 4.571738 -16.212288 2.612622
v 4.495567 -16.246045 2.797363
v 4.571738 -16.212288 2.612622
v 4.495230 -16.213910 2.797363
v 4.495567 -16.246045 2.797363
v 4.495567 -16.246045 2.797363
v 4.495230 -16.213910 2.797363
v 4.310827 -16.247014 2.873884
v 4.495230 -16.213910 2.797363
v 4.310520 -16.217826 2.873884
v 4.310827 -16.247014 2.873884
v 4.310520 -16.217826 -2.873884
v 4.309602 -16.189046 -2.873884
v 4.495230 -16.213910 -2.797362
v 4.309602 -16.189046 -2.873884
v 4.494184 -16.181122 -2.797362
v 4.495230 -16.213910 -2.797362
v 4.495230 -16.213910 -2.797362
v 4.494184 -16.181122 -2.797362
v 4.571738 -16.212288 -2.612622
v 4.494184 -16.181122 -2.797362
v 4.570639 -16.177839 -2.612622
v 4.571738 -16.212288 -2.612622
v 4.571738 -16.212288 -2.612622
v 4.570639 -16.177839 -2.612622
v 4.571738 -16.212288 2.612622
v 4.570639 -16.177839 -2.612622
v 4.570639 -16.177839 2.612622
v 4.571738 -16.212288 2.612622
v 4.571738 -16.212288 2.612622
v 4.570639 -16.177839 2.612622
v 4.495230 -16.213910 2.797363
v 4.570639 -16.177839 2.612622
v 4.494184 -16.181122 2.797363
v 4.495230 -16.213910 2.797363
v 4.495230 -16.213910 2.797363
v 4.494184 -16.181122 2.797363
v 4.310520 -16.217826 2.873884
v 4.494184 -16.181122 2.797363
v 4.309602 -16.189046 2.873884
v 4.310520 -16.217826 2.873884
v 4.309602 -16.189046 -2.873884
v 4.308071 -16.160675 -2.873884
v 4.494184 -16.181122 -2.797362
v 4.308071 -16.160675 -2.873884
v 4.492430 -16.148638 -2.797362
v 4.494184 -16.181122 -2.797362
v 4.494184 -16.181122 -2.797362
v 4.492430 -16.148638 -2.797362
v 4.570639 -16.177839 -2.612622
v 4.492430 -16.148638 -2.797362
v 4.568795 -16.143652 -2.612622
v 4.570639 -16.177839 -2.612622
v 4.570639 -16.177839 -2.612622
v 4.568795 -16.143652 -2.612622
v 4.570639 -16.177839 2.612622
v 4.568795 -16.143652 -2.612622
v 4.568795 -16.143652 2.612622
v 4.570639 -16.177839 2.612622
v 4.570639 -16.177839 2.612622
v 4.568795 -16.143652 2.612622
v 4.494184 -16.181122 2.797363
v 4.568795 -16.143652 2.612622
v 4.492430 -16.148638 2.797363
v 4.494184 -16.181122 2.797363
v 4.494184 -16.181122 2.797363
v 4.492430 -16.148638 2.797363
v 4.309602 -16.189046 2.873884
v 4.492430 -16.148638 2.797363
v 4.308071 -16.160675 2.873884
v 4.309602 -16.189046 2.873884
v 4.308071 -16.160675 -2.873884
v 4.305928 -16.132712 -2.873884
v 4.492430 -16.148638 -2.797362
v 4.305928 -16.132712 -2.873884
v 4.489964 -16.116460 -2.797362
v 4.492430 -16.148638 -2.797362
v 4.492430 -16.148638 -2.797362
v 4.489964 -16.116460 -2.797362
v 4.568795 -16.143652 -2.612622
v 4.489964 -16.116460 -2.797362
v 4.566195 -16.109728 -2.612622
v 4.568795 -16.143652 -2.612622
v 4.568795 -16.143652 -2.612622
v 4.566195 -16.109728 -2.612622
v 4.568795 -16.143652 2.612622
v 4.566195 -16.109728 -2.612622
v 4.566195 -16.109728 2.612622
v 4.568795 -16.143652 2.612622
v 4.568795 -16.143652 2.612622
v 4.566195 -16.109728 2.612622
v 4.492430 -16.148638 2.797363
v 4.566195 -16.109728 2.612622
v 4.489964 -16.116460 2.797363
v 4.492430 -16.148638 2.797363
v 4.492430 -16.148638 2.797363
v 4.489964 -16.116460 2.797363
v 4.308071 -16.160675 2.873884
v 4.489964 -16.116460 2.797363
v 4.305928 -16.132712 2.873884
v 4.308071 -16.160675 2.873884
v 4.305928 -16.132712 -2.873884
v 4.303172 -16.105156 -2.873884
v 4.489964 -16.116460 -2.797362
v 4.303172 -16.105156 -2.873884
v 4.486777 -16.084590 -2.797362
v 4.489964 -16.116460 -2.797362
v 4.489964 -16.116460 -2.797362
v 4.486777 -16.084590 -2.797362
v 4.566195 -16.109728 -2.612622
v 4.486777 -16.084590 -2.797362
v 4.562829 -16.076072 -2.612622
v 4.566195 -16.109728 -2.612622
v 4.566195 -16.109728 -2.612622
v 4.562829 -16.076072 -2.612622
v 4.566195 -16.109728 2.612622
v 4.562829 -16.076072 -2.612622
v 4.562829 -16.076072 2.612622
v 4.566195 -16.109728 2.612622
v 4.566195 -16.109728 2.612622
v 4.562829 -16.076072 2.612622
v 4.489964 -16.116460 2.797363
v 4.562829 -16.076072 2.612622
v 4.486777 -16.084590 2.797363
v 4.489964 -16.116460 2.797363
v 4.489964 -16.116460 2.797363
v 4.486777 -16.084590 2.797363
v 4.305928 -16.132712 2.873884
v 4.486777 -16.084590 2.797363
v 4.303172 -16.105156 2.873884
v 4.305928 -16.132712 2.873884
v 4.303172 -16.105156 -2.873884
v 4.299805 -16.078010 -2.873884
v 4.486777 -16.084590 -2.797362
v 4.299805 -16.078010 -2.873884
v 4.482862 -16.053034 -2.797362
v 4.486777 -16.084590 -2.797362
v 4.486777 -16.084590 -2.797362
v 4.482862 -16.053034 -2.797362
v 4.562829 -16.076072 -2.612622
v 4.482862 -16.053034 -2.797362
v 4.558687 -16.042689 -2.612622
v 4.562829 -16.076072 -2.612622
v 4.562829 -16.076072 -2.612622
v 4.558687 -16.042689 -2.612622
v 4.562829 -16.076072 2.612622
v 4.558687 -16.042689 -2.612622
v 4.558687 -16.042689 2.612622
v 4.562829 -16.076072 2.612622
v 4.562829 -16.076072 2.612622
v 4.558687 -16.042689 2.612622
v 4.486777 -16.084590 2.797363
v 4.558687 -16.042689 2.612622
v 4.482862 -16.053034 2.797363
v 4.486777 -16.084590 2.797363
v 4.486777 -16.084590 2.797363
v 4.482862 -16.053034 2.797363
v 4.303172 -16.105156 2.873884
v 4.482862 -16.053034 2.797363
v 4.299805 -16.078010 2.873884
v 4.303172 -16.105156 2.873884
v 4.299805 -16.078010 -2.873884
v 4.295825 -16.051271 -2.873884
v 4.482862 -16.053034 -2.797362
v 4.295825 -16.051271 -2.873884
v 4.478213 -16.021795 -2.797362
v 4.482862 -16.053034 -2.797362
v 4.482862 -16.053034 -2.797362
v 4.478213 -16.021795 -2.797362
v 4.558687 -16.042689 -2.612622
v 4.478213 -16.021795 -2.797362
v 4.553760 -16.009586 -2.612622
v 4.558687 -16.042689 -2.612622
v 4.558687 -16.042689 -2.612622
v 4.553760 -16.009586 -2.612622
v 4.558687 -16.042689 2.612622
v 4.553760 -16.009586 -2.612622
v 4.553760 -16.009586 2.612622
v 4.558687 -16.042689 2.612622
v 4.558687 -16.042689 2.612622
v 4.553760 -16.009586 2.612622
v 4.482862 -16.053034 2.797363
v 4.553760 -16.009586 2.612622
v 4.478213 -16.021795 2.797363
v 4.482862 -16.053034 2.797363
v 4.482862 -16.053034 2.797363
v 4.478213 -16.021795 2.797363
v 4.299805 -16.078010 2.873884
v 4.478213 -16.021795 2.797363
v 4.295825 -16.051271 2.873884
v 4.299805 -16.078010 2.873884
v 4.295825 -16.051271 -2.873884
v 4.291232 -16.024941 -2.873884
v 4.478213 -16.021795 -2.797362
v 4.291232 -16.024941 -2.873884
v 4.472195 -15.987298 -2.797362
v 4.478213 -16.021795 -2.797362
v 4.478213 -16.021795 -2.797362
v 4.472195 -15.987298 -2.797362
v 4.553760 -16.009586 -2.612622
v 4.472195 -15.987298 -2.797362
v 4.547153 -15.971706 -2.612622
v 4.553760 -16.009586 -2.612622
v 4.553760 -16.009586 -2.612622
v 4.547153 -15.971706 -2.612622
v 4.553760 -16.009586 2.612622
v 4.547153 -15.971706 -2.612622
v 4.547153 -15.971706 2.612622
v 4.553760 -16.009586 2.612622
v 4.553760 -16.009586 2.612622
v 4.547153 -15.971706 2.612622
v 4.478213 -16.021795 2.797363
v 4.547153 -15.971706 2.612622
v 4.472195 -15.987298 2.797363
v 4.478213 -16.021795 2.797363
v 4.478213 -16.021795 2.797363
v 4.472195 -15.987298 2.797363
v 4.295825 -16.051271 2.873884
v 4.472195 -15.987298 2.797363
v 4.291232 -16.024941 2.873884
v 4.295825 -16.051271 2.873884
v 4.291232 -16.024941 -2.873884
v 4.285006 -15.999223 -2.873884
v 4.472195 -15.987298 -2.797362
v 4.285006 -15.999223 -2.873884
v 4.462277 -15.946323 -2.797362
v 4.472195 -15.987298 -2.797362
v 4.472195 -15.987298 -2.797362
v 4.462277 -15.946323 -2.797362
v 4.547153 -15.971706 -2.612622
v 4.462277 -15.946323 -2.797362
v 4.535705 -15.924411 -2.612622
v 4.547153 -15.971706 -2.612622
v 4.547153 -15.971706 -2.612622
v 4.535705 -15.924411 -2.612622
v 4.547153 -15.971706 2.612622
v 4.535705 -15.924411 -2.612622
v 4.535705 -15.924411 2.612622
v 4.547153 -15.971706 2.612622
v 4.547153 -15.971706 2.612622
v 4.535705 -15.924411 2.612622
v 4.472195 -15.987298 2.797363
v 4.535705 -15.924411 2.612622
v 4.462277 -15.946323 2.797363
v 4.472195 -15.987298 2.797363
v 4.472195 -15.987298 2.797363
v 4.462277 -15.946323 2.797363
v 4.291232 -16.024941 2.873884
v 4.462277 -15.946323 2.797363
v 4.285006 -15.999223 2.873884
v 4.291232 -16.024941 2.873884
v 4.285006 -15.999223 -2.873884
v 4.276127 -15.974321 -2.873884
v 4.462277 -15.946323 -2.797362
v 4.276127 -15.974321 -2.873884
v 4.446906 -15.903216 -2.797362
v 4.462277 -15.946323 -2.797362
v 4.462277 -15.946323 -2.797362
v 4.446906 -15.903216 -2.797362
v 4.535705 -15.924411 -2.612622
v 4.446906 -15.903216 -2.797362
v 4.517646 -15.873763 -2.612622
v 4.535705 -15.924411 -2.612622
v 4.535705 -15.924411 -2.612622
v 4.517646 -15.873763 -2.612622
v 4.535705 -15.924411 2.612622
v 4.517646 -15.873763 -2.612622
v 4.517646 -15.873763 2.612622
v 4.535705 -15.924411 2.612622
v 4.535705 -15.924411 2.612622
v 4.517646 -15.873763 2.612622
v 4.462277 -15.946323 2.797363
v 4.517646 -15.873763 2.612622
v 4.446906 -15.903216 2.797363
v 4.462277 -15.946323 2.797363
v 4.462277 -15.946323 2.797363
v 4.446906 -15.903216 2.797363
v 4.285006 -15.999223 2.873884
v 4.446906 -15.903216 2.797363
v 4.276127 -15.974321 2.873884
v 4.285006 -15.999223 2.873884
v 4.276127 -15.974321 -2.873884
v 4.264595 -15.950236 -2.873884
v 4.446906 -15.903216 -2.797362
v 4.264595 -15.950236 -2.873884
v 4.427190 -15.862038 -2.797362
v 4.446906 -15.903216 -2.797362
v 4.446906 -15.903216 -2.797362
v 4.427190 -15.862038 -2.797362
v 4.517646 -15.873763 -2.612622
v 4.427190 -15.862038 -2.797362
v 4.494539 -15.825506 -2.612622
v 4.517646 -15.873763 -2.612622
v 4.517646 -15.873763 -2.612622
v 4.494539 -15.825506 -2.612622
v 4.517646 -15.873763 2.612622
v 4.494539 -15.825506 -2.612622
v 4.494539 -15.825506 2.612622
v 4.517646 -15.873763 2.612622
v 4.517646 -15.873763 2.612622
v 4.494539 -15.825506 2.612622
v 4.446906 -15.903216 2.797363
v 4.494539 -15.825506 2.612622
v 4.427190 -15.862038 2.797363
v 4.446906 -15.903216 2.797363
v 4.446906 -15.903216 2.797363
v 4.427190 -15.862038 2.797363
v 4.276127 -15.974321 2.873884
v 4.427190 -15.862038 2.797363
v 4.264595 -15.950236 2.873884
v 4.276127 -15.974321 2.873884
v 4.264595 -15.950236 -2.873884
v 4.250409 -15.926967 -2.873884
v 4.427190 -15.862038 -2.797362
v 4.250409 -15.926967 -2.873884
v 4.403527 -15.823224 -2.797362
v 4.427190 -15.862038 -2.797362
v 4.427190 -15.862038 -2.797362
v 4.403527 -15.823224 -2.797362
v 4.494539 -15.825506 -2.612622
v 4.403527 -15.823224 -2.797362
v 4.466951 -15.780252 -2.612622
v 4.494539 -15.825506 -2.612622
v 4.494539 -15.825506 -2.612622
v 4.466951 -15.780252 -2.612622
v 4.494539 -15.825506 2.612622
v 4.466951 -15.780252 -2.612622
v 4.466951 -15.780252 2.612622
v 4.494539 -15.825506 2.612622
v 4.494539 -15.825506 2.612622
v 4.466951 -15.780252 2.612622
v 4.427190 -15.862038 2.797363
v 4.466951 -15.780252 2.612622
v 4.403527 -15.823224 2.797363
v 4.427190 -15.862038 2.797363
v 4.427190 -15.862038 2.797363
v 4.403527 -15.823224 2.797363
v 4.264595 -15.950236 2.873884
v 4.403527 -15.823224 2.797363
v 4.250409 -15.926967 2.873884
v 4.264595 -15.950236 2.873884
v 4.250409 -15.926967 -2.873884
v 4.233570 -15.904515 -2.873884
v 4.403527 -15.823224 -2.797362
v 4.233570 -15.904515 -2.873884
v 4.376380 -15.787028 -2.797362
v 4.403527 -15.823224 -2.797362
v 4.403527 -15.823224 -2.797362
v 4.376380 -15.787028 -2.797362
v 4.466951 -15.780252 -2.612622
v 4.376380 -15.787028 -2.797362
v 4.435534 -15.738363 -2.612622
v 4.466951 -15.780252 -2.612622
v 4.466951 -15.780252 -2.612622
v 4.435534 -15.738363 -2.612622
v 4.466951 -15.780252 2.612622
v 4.435534 -15.738363 -2.612622
v 4.435534 -15.738363 2.612622
v 4.466951 -15.780252 2.612622
v 4.466951 -15.780252 2.612622
v 4.435534 -15.738363 2.612622
v 4.403527 -15.823224 2.797363
v 4.435534 -15.738363 2.612622
v 4.376380 -15.787028 2.797363
v 4.403527 -15.823224 2.797363
v 4.403527 -15.823224 2.797363
v 4.376380 -15.787028 2.797363
v 4.250409 -15.926967 2.873884
v 4.376380 -15.787028 2.797363
v 4.233570 -15.904515 2.873884
v 4.250409 -15.926967 2.873884
v 4.233570 -15.904515 -2.873884
v 4.214078 -15.882880 -2.873884
v 4.376380 -15.787028 -2.797362
v 4.214078 -15.882880 -2.873884
v 4.346199 -15.753529 -2.797362
v 4.376380 -15.787028 -2.797362
v 4.376380 -15.787028 -2.797362
v 4.346199 -15.753529 -2.797362
v 4.435534 -15.738363 -2.612622
v 4.346199 -15.753529 -2.797362
v 4.400925 -15.699950 -2.612622
v 4.435534 -15.738363 -2.612622
v 4.435534 -15.738363 -2.612622
v 4.400925 -15.699950 -2.612622
v 4.435534 -15.738363 2.612622
v 4.400925 -15.699950 -2.612622
v 4.400925 -15.699950 2.612622
v 4.435534 -15.738363 2.612622
v 4.435534 -15.738363 2.612622
v 4.400925 -15.699950 2.612622
v 4.376380 -15.787028 2.797363
v 4.400925 -15.699950 2.612622
v 4.346199 -15.753529 2.797363
v 4.376380 -15.787028 2.797363
v 4.376380 -15.787028 2.797363
v 4.346199 -15.753529 2.797363
v 4.233570 -15.904515 2.873884
v 4.346199 -15.753529 2.797363
v 4.214078 -15.882880 2.873884
v 4.233570 -15.904515 2.873884
v 4.214078 -15.882880 -2.873884
v 4.191932 -15.862060 -2.873884
v 4.346199 -15.753529 -2.797362
v 4.191932 -15.862060 -2.873884
v 4.313366 -15.722662 -2.797362
v 4.346199 -15.753529 -2.797362
v 4.346199 -15.753529 -2.797362
v 4.313366 -15.722662 -2.797362
v 4.400925 -15.699950 -2.612622
v 4.313366 -15.722662 -2.797362
v 4.363666 -15.664922 -2.612622
v 4.400925 -15.699950 -2.612622
v 4.400925 -15.699950 -2.612622
v 4.363666 -15.664922 -2.612622
v 4.400925 -15.699950 2.612622
v 4.363666 -15.664922 -2.612622
v 4.363666 -15.664922 2.612622
v 4.400925 -15.699950 2.612622
v 4.400925 -15.699950 2.612622
v 4.363666 -15.664922 2.612622
v 4.346199 -15.753529 2.797363
v 4.363666 -15.664922 2.612622
v 4.313366 -15.722662 2.797363
v 4.346199 -15.753529 2.797363
v 4.346199 -15.753529 2.797363
v 4.313366 -15.722662 2.797363
v 4.214078 -15.882880 2.873884
v 4.313366 -15.722662 2.797363
v 4.191932 -15.862060 2.873884
v 4.214078 -15.882880 2.873884
v 4.191932 -15.862060 -2.873884
v 4.167132 -15.842057 -2.873884
v 4.313366 -15.722662 -2.797362
v 4.167132 -15.842057 -2.873884
v 4.286794 -15.701230 -2.797362
v 4.313366 -15.722662 -2.797362
v 4.313366 -15.722662 -2.797362
v 4.286794 -15.701230 -2.797362
v 4.363666 -15.664922 -2.612622
v 4.286794 -15.701230 -2.797362
v 4.336360 -15.642897 -2.612622
v 4.363666 -15.664922 -2.612622
v 4.363666 -15.664922 -2.612622
v 4.336360 -15.642897 -2.612622
v 4.363666 -15.664922 2.612622
v 4.336360 -15.642897 -2.612622
v 4.336360 -15.642897 2.612622
v 4.363666 -15.664922 2.612622
v 4.363666 -15.664922 2.612622
v 4.336360 -15.642897 2.612622
v 4.313366 -15.722662 2.797363
v 4.336360 -15.642897 2.612622
v 4.286794 -15.701230 2.797363
v 4.313366 -15.722662 2.797363
v 4.313366 -15.722662 2.797363
v 4.286794 -15.701230 2.797363
v 4.191932 -15.862060 2.873884
v 4.286794 -15.701230 2.797363
v 4.167132 -15.842057 2.873884
v 4.191932 -15.862060 2.873884
v 4.167132 -15.842057 -2.873884
v 2.429739 -14.287547 -2.873884
v 4.286794 -15.701230 -2.797362
v 2.429739 -14.287547 -2.873884
v 2.558966 -14.155279 -2.797362
v 4.286794 -15.701230 -2.797362
v 4.286794 -15.701230 -2.797362
v 2.558966 -14.155279 -2.797362
v 4.336360 -15.642897 -2.612622
v 2.558966 -14.155279 -2.797362
v 2.612494 -14.100492 -2.612622
v 4.336360 -15.642897 -2.612622
v 4.336360 -15.642897 -2.612622
v 2.612494 -14.100492 -2.612622
v 4.336360 -15.642897 2.612622
v 2.612494 -14.100492 -2.612622
v 2.612494 -14.100492 2.612622
v 4.336360 -15.642897 2.612622
v 4.336360 -15.642897 2.612622
v 2.612494 -14.100492 2.612622
v 4.286794 -15.701230 2.797363
v 2.612494 -14.100492 2.612622
v 2.558966 -14.155279 2.797363
v 4.286794 -15.701230 2.797363
v 4.286794 -15.701230 2.797363
v 2.558966 -14.155279 2.797363
v 4.167132 -15.842057 2.873884
v 2.558966 -14.155279 2.797363
v 2.429739 -14.287547 2.873884
v 4.167132 -15.842057 2.873884
v 2.429739 -14.287547 -2.873884
v 0.862165 -12.615469 -2.873884
v 2.558966 -14.155279 -2.797362
v 0.862165 -12.615469 -2.873884
v 1.046906 -12.542414 -2.797362
v 2.558966 -14.155279 -2.797362
v 2.558966 -14.155279 -2.797362
v 1.046906 -12.542414 -2.797362
v 2.612494 -14.100492 -2.612622
v 1.046906 -12.542414 -2.797362
v 1.123427 -12.512154 -2.612622
v 2.612494 -14.100492 -2.612622
v 2.612494 -14.100492 -2.612622
v 1.123427 -12.512154 -2.612622
v 2.612494 -14.100492 2.612622
v 1.123427 -12.512154 -2.612622
v 1.123427 -12.512154 2.612622
v 2.612494 -14.100492 2.612622
v 2.612494 -14.100492 2.612622
v 1.123427 -12.512154 2.612622
v 2.558966 -14.155279 2.797363
v 1.123427 -12.512154 2.612622
v 1.046906 -12.542414 2.797363
v 2.558966 -14.155279 2.797363
v 2.558966 -14.155279 2.797363
v 1.046906 -12.542414 2.797363
v 2.429739 -14.287547 2.873884
v 1.046906 -12.542414 2.797363
v 0.862165 -12.615469 2.873884
v 2.429739 -14.287547 2.873884
v 0.862165 -12.615469 -2.873884
v 0.862165 -9.558702 -2.873884
v 1.046906 -12.542414 -2.797362
v 0.862165 -9.558702 -2.873884
v 1.046906 -9.631422 -2.797362
v 1.046906 -12.542414 -2.797362
v 1.046906 -12.542414 -2.797362
v 1.046906 -9.631422 -2.797362
v 1.123427 -12.512154 -2.612622
v 1.046906 -9.631422 -2.797362
v 1.123427 -9.661543 -2.612622
v 1.123427 -12.512154 -2.612622
v 1.123427 -12.512154 -2.612622
v 1.123427 -9.661543 -2.612622
v 1.123427 -12.512154 2.612622
v 1.123427 -9.661543 -2.612622
v 1.123427 -9.661543 2.612622
v 1.123427 -12.512154 2.612622
v 1.123427 -12.512154 2.612622
v 1.123427 -9.661543 2.612622
v 1.046906 -12.542414 2.797363
v 1.123427 -9.661543 2.612622
v 1.046906 -9.631422 2.797363
v 1.046906 -12.542414 2.797363
v 1.046906 -12.542414 2.797363
v 1.046906 -9.631422 2.797363
v 0.862165 -12.615469 2.873884
v 1.046906 -9.631422 2.797363
v 0.862165 -9.558702 2.873884
v 0.862165 -12.615469 2.873884
v 0.862165 -9.558702 -2.873884
v 2.286044 -8.030316 -2.873884
v 1.046906 -9.631422 -2.797362
v 2.286044 -8.030316 -2.873884
v 2.415769 -8.162090 -2.797362
v 1.046906 -9.631422 -2.797362
v 1.046906 -9.631422 -2.797362
v 2.415769 -8.162090 -2.797362
v 1.123427 -9.661543 -2.612622
v 2.415769 -8.162090 -2.797362
v 2.469503 -8.216673 -2.612622
v 1.123427 -9.661543 -2.612622
v 1.123427 -9.661543 -2.612622
v 2.469503 -8.216673 -2.612622
v 1.123427 -9.661543 2.612622
v 2.469503 -8.216673 -2.612622
v 2.469503 -8.216673 2.612622
v 1.123427 -9.661543 2.612622
v 1.123427 -9.661543 2.612622
v 2.469503 -8.216673 2.612622
v 1.046906 -9.631422 2.797363
v 2.469503 -8.216673 2.612622
v 2.415769 -8.162090 2.797363
v 1.046906 -9.631422 2.797363
v 1.046906 -9.631422 2.797363
v 2.415769 -8.162090 2.797363
v 0.862165 -9.558702 2.873884
v 2.415769 -8.162090 2.797363
v 2.286044 -8.030316 2.873884
v 0.862165 -9.558702 2.873884
v 2.286044 -8.030316 -2.873884
v 4.167132 -6.332112 -2.873884
v 2.415769 -8.162090 -2.797362
v 4.167132 -6.332112 -2.873884
v 4.296081 -6.464587 -2.797362
v 2.415769 -8.162090 -2.797362
v 2.415769 -8.162090 -2.797362
v 4.296081 -6.464587 -2.797362
v 2.469503 -8.216673 -2.612622
v 4.296081 -6.464587 -2.797362
v 4.349494 -6.519459 -2.612622
v 2.469503 -8.216673 -2.612622
v 2.469503 -8.216673 -2.612622
v 4.349494 -6.519459 -2.612622
v 2.469503 -8.216673 2.612622
v 4.349494 -6.519459 -2.612622
v 4.349494 -6.519459 2.612622
v 2.469503 -8.216673 2.612622
v 2.469503 -8.216673 2.612622
v 4.349494 -6.519459 2.612622
v 2.415769 -8.162090 2.797363
v 4.349494 -6.519459 2.612622
v 4.296081 -6.464587 2.797363
v 2.415769 -8.162090 2.797363
v 2.415769 -8.162090 2.797363
v 4.296081 -6.464587 2.797363
v 2.286044 -8.030316 2.873884
v 4.296081 -6.464587 2.797363
v 4.167132 -6.332112 2.873884
v 2.286044 -8.030316 2.873884
v 4.167132 -6.332112 -2.873884
v 4.191932 -6.306088 -2.873884
v 4.296081 -6.464587 -2.797362
v 4.191932 -6.306088 -2.873884
v 4.329009 -6.430033 -2.797362
v 4.296081 -6.464587 -2.797362
v 4.296081 -6.464587 -2.797362
v 4.329009 -6.430033 -2.797362
v 4.349494 -6.519459 -2.612622
v 4.329009 -6.430033 -2.797362
v 4.385788 -6.481373 -2.612622
v 4.349494 -6.519459 -2.612622
v 4.349494 -6.519459 -2.612622
v 4.385788 -6.481373 -2.612622
v 4.349494 -6.519459 2.612622
v 4.385788 -6.481373 -2.612622
v 4.385788 -6.481373 2.612622
v 4.349494 -6.519459 2.612622
v 4.349494 -6.519459 2.612622
v 4.385788 -6.481373 2.612622
v 4.296081 -6.464587 2.797363
v 4.385788 -6.481373 2.612622
v 4.329009 -6.430033 2.797363
v 4.296081 -6.464587 2.797363
v 4.296081 -6.464587 2.797363
v 4.329009 -6.430033 2.797363
v 4.167132 -6.332112 2.873884
v 4.329009 -6.430033 2.797363
v 4.191932 -6.306088 2.873884
v 4.167132 -6.332112 2.873884
v 4.191932 -6.306088 -2.873884
v 4.214078 -6.280269 -2.873884
v 4.329009 -6.430033 -2.797362
v 4.214078 -6.280269 -2.873884
v 4.357822 -6.396440 -2.797362
v 4.329009 -6.430033 -2.797362
v 4.329009 -6.430033 -2.797362
v 4.357822 -6.396440 -2.797362
v 4.385788 -6.481373 -2.612622
v 4.357822 -6.396440 -2.797362
v 4.417362 -6.444561 -2.612622
v 4.385788 -6.481373 -2.612622
v 4.385788 -6.481373 -2.612622
v 4.417362 -6.444561 -2.612622
v 4.385788 -6.481373 2.612622
v 4.417362 -6.444561 -2.612622
v 4.417362 -6.444561 2.612622
v 4.385788 -6.481373 2.612622
v 4.385788 -6.481373 2.612622
v 4.417362 -6.444561 2.612622
v 4.329009 -6.430033 2.797363
v 4.417362 -6.444561 2.612622
v 4.357822 -6.396440 2.797363
v 4.329009 -6.430033 2.797363
v 4.329009 -6.430033 2.797363
v 4.357822 -6.396440 2.797363
v 4.191932 -6.306088 2.873884
v 4.357822 -6.396440 2.797363
v 4.214078 -6.280269 2.873884
v 4.191932 -6.306088 2.873884
v 4.214078 -6.280269 -2.873884
v 4.233570 -6.254652 -2.873884
v 4.357822 -6.396440 -2.797362
v 4.233570 -6.254652 -2.873884
v 4.384238 -6.361727 -2.797362
v 4.357822 -6.396440 -2.797362
v 4.357822 -6.396440 -2.797362
v 4.384238 -6.361727 -2.797362
v 4.417362 -6.444561 -2.612622
v 4.384238 -6.361727 -2.797362
v 4.446646 -6.406077 -2.612622
v 4.417362 -6.444561 -2.612622
v 4.417362 -6.444561 -2.612622
v 4.446646 -6.406077 -2.612622
v 4.417362 -6.444561 2.612622
v 4.446646 -6.406077 -2.612622
v 4.446646 -6.406077 2.612622
v 4.417362 -6.444561 2.612622
v 4.417362 -6.444561 2.612622
v 4.446646 -6.406077 2.612622
v 4.357822 -6.396440 2.797363
v 4.446646 -6.406077 2.612622
v 4.384238 -6.361727 2.797363
v 4.357822 -6.396440 2.797363
v 4.357822 -6.396440 2.797363
v 4.384238 -6.361727 2.797363
v 4.214078 -6.280269 2.873884
v 4.384238 -6.361727 2.797363
v 4.233570 -6.254652 2.873884
v 4.214078 -6.280269 2.873884
v 4.233570 -6.254652 -2.873884
v 4.250409 -6.229240 -2.873884
v 4.384238 -6.361727 -2.797362
v 4.250409 -6.229240 -2.873884
v 4.408115 -6.325692 -2.797362
v 4.384238 -6.361727 -2.797362
v 4.384238 -6.361727 -2.797362
v 4.408115 -6.325692 -2.797362
v 4.446646 -6.406077 -2.612622
v 4.408115 -6.325692 -2.797362
v 4.473439 -6.365643 -2.612622
v 4.446646 -6.406077 -2.612622
v 4.446646 -6.406077 -2.612622
v 4.473439 -6.365643 -2.612622
v 4.446646 -6.406077 2.612622
v 4.473439 -6.365643 -2.612622
v 4.473439 -6.365643 2.612622
v 4.446646 -6.406077 2.612622
v 4.446646 -6.406077 2.612622
v 4.473439 -6.365643 2.612622
v 4.384238 -6.361727 2.797363
v 4.473439 -6.365643 2.612622
v 4.408115 -6.325692 2.797363
v 4.384238 -6.361727 2.797363
v 4.384238 -6.361727 2.797363
v 4.408115 -6.325692 2.797363
v 4.233570 -6.254652 2.873884
v 4.408115 -6.325692 2.797363
v 4.250409 -6.229240 2.873884
v 4.233570 -6.254652 2.873884
v 4.250409 -6.229240 -2.873884
v 4.264595 -6.204033 -2.873884
v 4.408115 -6.325692 -2.797362
v 4.264595 -6.204033 -2.873884
v 4.429239 -6.288157 -2.797362
v 4.408115 -6.325692 -2.797362
v 4.408115 -6.325692 -2.797362
v 4.429239 -6.288157 -2.797362
v 4.473439 -6.365643 -2.612622
v 4.429239 -6.288157 -2.797362
v 4.497436 -6.323002 -2.612622
v 4.473439 -6.365643 -2.612622
v 4.473439 -6.365643 -2.612622
v 4.497436 -6.323002 -2.612622
v 4.473439 -6.365643 2.612622
v 4.497436 -6.323002 -2.612622
v 4.497436 -6.323002 2.612622
v 4.473439 -6.365643 2.612622
v 4.473439 -6.365643 2.612622
v 4.497436 -6.323002 2.612622
v 4.408115 -6.325692 2.797363
v 4.497436 -6.323002 2.612622
v 4.429239 -6.288157 2.797363
v 4.408115 -6.325692 2.797363
v 4.408115 -6.325692 2.797363
v 4.429239 -6.288157 2.797363
v 4.250409 -6.229240 2.873884
v 4.429239 -6.288157 2.797363
v 4.264595 -6.204033 2.873884
v 4.250409 -6.229240 2.873884
v 4.264595 -6.204033 -2.873884
v 4.276127 -6.179030 -2.873884
v 4.429239 -6.288157 -2.797362
v 4.276127 -6.179030 -2.873884
v 4.447304 -6.248989 -2.797362
v 4.429239 -6.288157 -2.797362
v 4.429239 -6.288157 -2.797362
v 4.447304 -6.248989 -2.797362
v 4.497436 -6.323002 -2.612622
v 4.447304 -6.248989 -2.797362
v 4.518208 -6.277965 -2.612622
v 4.497436 -6.323002 -2.612622
v 4.497436 -6.323002 -2.612622
v 4.518208 -6.277965 -2.612622
v 4.497436 -6.323002 2.612622
v 4.518208 -6.277965 -2.612622
v 4.518208 -6.277965 2.612622
v 4.497436 -6.323002 2.612622
v 4.497436 -6.323002 2.612622
v 4.518208 -6.277965 2.612622
v 4.429239 -6.288157 2.797363
v 4.518208 -6.277965 2.612622
v 4.447304 -6.248989 2.797363
v 4.429239 -6.288157 2.797363
v 4.429239 -6.288157 2.797363
v 4.447304 -6.248989 2.797363
v 4.264595 -6.204033 2.873884
v 4.447304 -6.248989 2.797363
v 4.276127 -6.179030 2.873884
v 4.264595 -6.204033 2.873884
v 4.276127 -6.179030 -2.873884
v 4.285006 -6.154229 -2.873884
v 4.447304 -6.248989 -2.797362
v 4.285006 -6.154229 -2.873884
v 4.461923 -6.208155 -2.797362
v 4.447304 -6.248989 -2.797362
v 4.447304 -6.248989 -2.797362
v 4.461923 -6.208155 -2.797362
v 4.518208 -6.277965 -2.612622
v 4.461923 -6.208155 -2.797362
v 4.535205 -6.230491 -2.612622
v 4.518208 -6.277965 -2.612622
v 4.518208 -6.277965 -2.612622
v 4.535205 -6.230491 -2.612622
v 4.518208 -6.277965 2.612622
v 4.535205 -6.230491 -2.612622
v 4.535205 -6.230491 2.612622
v 4.518208 -6.277965 2.612622
v 4.518208 -6.277965 2.612622
v 4.535205 -6.230491 2.612622
v 4.447304 -6.248989 2.797363
v 4.535205 -6.230491 2.612622
v 4.461923 -6.208155 2.797363
v 4.447304 -6.248989 2.797363
v 4.447304 -6.248989 2.797363
v 4.461923 -6.208155 2.797363
v 4.276127 -6.179030 2.873884
v 4.461923 -6.208155 2.797363
v 4.285006 -6.154229 2.873884
v 4.276127 -6.179030 2.873884
v 4.285006 -6.154229 -2.873884
v 4.291232 -6.129634 -2.873884
v 4.461923 -6.208155 -2.797362
v 4.291232 -6.129634 -2.873884
v 4.471794 -6.169161 -2.797362
v 4.461923 -6.208155 -2.797362
v 4.461923 -6.208155 -2.797362
v 4.471794 -6.169161 -2.797362
v 4.535205 -6.230491 -2.612622
v 4.471794 -6.169161 -2.797362
v 4.546584 -6.185534 -2.612622
v 4.535205 -6.230491 -2.612622
v 4.535205 -6.230491 -2.612622
v 4.546584 -6.185534 -2.612622
v 4.535205 -6.230491 2.612622
v 4.546584 -6.185534 -2.612622
v 4.546584 -6.185534 2.612622
v 4.535205 -6.230491 2.612622
v 4.535205 -6.230491 2.612622
v 4.546584 -6.185534 2.612622
v 4.461923 -6.208155 2.797363
v 4.546584 -6.185534 2.612622
v 4.471794 -6.169161 2.797363
v 4.461923 -6.208155 2.797363
v 4.461923 -6.208155 2.797363
v 4.471794 -6.169161 2.797363
v 4.285006 -6.154229 2.873884
v 4.471794 -6.169161 2.797363
v 4.291232 -6.129634 2.873884
v 4.285006 -6.154229 2.873884
v 4.291232 -6.129634 -2.873884
v 4.295825 -6.104835 -2.873884
v 4.471794 -6.169161 -2.797362
v 4.295825 -6.104835 -2.873884
v 4.477942 -6.135954 -2.797362
v 4.471794 -6.169161 -2.797362
v 4.471794 -6.169161 -2.797362
v 4.477942 -6.135954 -2.797362
v 4.546584 -6.185534 -2.612622
v 4.477942 -6.135954 -2.797362
v 4.553379 -6.148844 -2.612622
v 4.546584 -6.185534 -2.612622
v 4.546584 -6.185534 -2.612622
v 4.553379 -6.148844 -2.612622
v 4.546584 -6.185534 2.612622
v 4.553379 -6.148844 -2.612622
v 4.553379 -6.148844 2.612622
v 4.546584 -6.185534 2.612622
v 4.546584 -6.185534 2.612622
v 4.553379 -6.148844 2.612622
v 4.471794 -6.169161 2.797363
v 4.553379 -6.148844 2.612622
v 4.477942 -6.135954 2.797363
v 4.471794 -6.169161 2.797363
v 4.471794 -6.169161 2.797363
v 4.477942 -6.135954 2.797363
v 4.291232 -6.129634 2.873884
v 4.477942 -6.135954 2.797363
v 4.295825 -6.104835 2.873884
v 4.291232 -6.129634 2.873884
v 4.295825 -6.104835 -2.873884
v 4.299805 -6.079423 -2.873884
v 4.477942 -6.135954 -2.797362
v 4.299805 -6.079423 -2.873884
v 4.482701 -6.105576 -2.797362
v 4.477942 -6.135954 -2.797362
v 4.477942 -6.135954 -2.797362
v 4.482701 -6.105576 -2.797362
v 4.553379 -6.148844 -2.612622
v 4.482701 -6.105576 -2.797362
v 4.558458 -6.116409 -2.612622
v 4.553379 -6.148844 -2.612622
v 4.553379 -6.148844 -2.612622
v 4.558458 -6.116409 -2.612622
v 4.553379 -6.148844 2.612622
v 4.558458 -6.116409 -2.612622
v 4.558458 -6.116409 2.612622
v 4.553379 -6.148844 2.612622
v 4.553379 -6.148844 2.612622
v 4.558458 -6.116409 2.612622
v 4.477942 -6.135954 2.797363
v 4.558458 -6.116409 2.612622
v 4.482701 -6.105576 2.797363
v 4.477942 -6.135954 2.797363
v 4.477942 -6.135954 2.797363
v 4.482701 -6.105576 2.797363
v 4.295825 -6.104835 2.873884
v 4.482701 -6.105576 2.797363
v 4.299805 -6.079423 2.873884
v 4.295825 -6.104835 2.873884
v 4.299805 -6.079423 -2.873884
v 4.303172 -6.053399 -2.873884
v 4.482701 -6.105576 -2.797362
v 4.303172 -6.053399 -2.873884
v 4.486688 -6.074762 -2.797362
v 4.482701 -6.105576 -2.797362
v 4.482701 -6.105576 -2.797362
v 4.486688 -6.074762 -2.797362
v 4.558458 -6.116409 -2.612622
v 4.486688 -6.074762 -2.797362
v 4.562704 -6.083611 -2.612622
v 4.558458 -6.116409 -2.612622
v 4.558458 -6.116409 -2.612622
v 4.562704 -6.083611 -2.612622
v 4.558458 -6.116409 2.612622
v 4.562704 -6.083611 -2.612622
v 4.562704 -6.083611 2.612622
v 4.558458 -6.116409 2.612622
v 4.558458 -6.116409 2.612622
v 4.562704 -6.083611 2.612622
v 4.482701 -6.105576 2.797363
v 4.562704 -6.083611 2.612622
v 4.486688 -6.074762 2.797363
v 4.482701 -6.105576 2.797363
v 4.482701 -6.105576 2.797363
v 4.486688 -6.074762 2.797363
v 4.299805 -6.079423 2.873884
v 4.486688 -6.074762 2.797363
v 4.303172 -6.053399 2.873884
v 4.299805 -6.079423 2.873884
v 4.303172 -6.053399 -2.873884
v 4.305928 -6.026762 -2.873884
v 4.486688 -6.074762 -2.797362
v 4.305928 -6.026762 -2.873884
v 4.489921 -6.043512 -2.797362
v 4.486688 -6.074762 -2.797362
v 4.486688 -6.074762 -2.797362
v 4.489921 -6.043512 -2.797362
v 4.562704 -6.083611 -2.612622
v 4.489921 -6.043512 -2.797362
v 4.566134 -6.050451 -2.612622
v 4.562704 -6.083611 -2.612622
v 4.562704 -6.083611 -2.612622
v 4.566134 -6.050451 -2.612622
v 4.562704 -6.083611 2.612622
v 4.566134 -6.050451 -2.612622
v 4.566134 -6.050451 2.612622
v 4.562704 -6.083611 2.612622
v 4.562704 -6.083611 2.612622
v 4.566134 -6.050451 2.612622
v 4.486688 -6.074762 2.797363
v 4.566134 -6.050451 2.612622
v 4.489921 -6.043512 2.797363
v 4.486688 -6.074762 2.797363
v 4.486688 -6.074762 2.797363
v 4.489921 -6.043512 2.797363
v 4.303172 -6.053399 2.873884
v 4.489921 -6.043512 2.797363
v 4.305928 -6.026762 2.873884
v 4.303172 -6.053399 2.873884
v 4.305928 -6.026762 -2.873884
v 4.308071 -5.999513 -2.873884
v 4.489921 -6.043512 -2.797362
v 4.308071 -5.999513 -2.873884
v 4.492414 -6.011826 -2.797362
v 4.489921 -6.043512 -2.797362
v 4.489921 -6.043512 -2.797362
v 4.492414 -6.011826 -2.797362
v 4.566134 -6.050451 -2.612622
v 4.492414 -6.011826 -2.797362
v 4.568770 -6.016926 -2.612622
v 4.566134 -6.050451 -2.612622
v 4.566134 -6.050451 -2.612622
v 4.568770 -6.016926 -2.612622
v 4.566134 -6.050451 2.612622
v 4.568770 -6.016926 -2.612622
v 4.568770 -6.016926 2.612622
v 4.566134 -6.050451 2.612622
v 4.566134 -6.050451 2.612622
v 4.568770 -6.016926 2.612622
v 4.489921 -6.043512 2.797363
v 4.568770 -6.016926 2.612622
v 4.492414 -6.011826 2.797363
v 4.489921 -6.043512 2.797363
v 4.489921 -6.043512 2.797363
v 4.492414 -6.011826 2.797363
v 4.305928 -6.026762 2.873884
v 4.492414 -6.011826 2.797363
v 4.308071 -5.999513 2.873884
v 4.305928 -6.026762 2.873884
v 4.308071 -5.999513 -2.873884
v 4.309602 -5.971653 -2.873884
v 4.492414 -6.011826 -2.797362
v 4.309602 -5.971653 -2.873884
v 4.494178 -5.979699 -2.797362
v 4.492414 -6.011826 -2.797362
v 4.492414 -6.011826 -2.797362
v 4.494178 -5.979699 -2.797362
v 4.568770 -6.016926 -2.612622
v 4.494178 -5.979699 -2.797362
v 4.570633 -5.983031 -2.612622
v 4.568770 -6.016926 -2.612622
v 4.568770 -6.016926 -2.612622
v 4.570633 -5.983031 -2.612622
v 4.568770 -6.016926 2.612622
v 4.570633 -5.983031 -2.612622
v 4.570633 -5.983031 2.612622
v 4.568770 -6.016926 2.612622
v 4.568770 -6.016926 2.612622
v 4.570633 -5.983031 2.612622
v 4.492414 -6.011826 2.797363
v 4.570633 -5.983031 2.612622
v 4.494178 -5.979699 2.797363
v 4.492414 -6.011826 2.797363
v 4.492414 -6.011826 2.797363
v 4.494178 -5.979699 2.797363
v 4.308071 -5.999513 2.873884
v 4.494178 -5.979699 2.797363
v 4.309602 -5.971653 2.873884
v 4.308071 -5.999513 2.873884
v 4.309602 -5.971653 -2.873884
v 4.310520 -5.943179 -2.873884
v 4.494178 -5.979699 -2.797362
v 4.310520 -5.943179 -2.873884
v 4.495229 -5.947130 -2.797362
v 4.494178 -5.979699 -2.797362
v 4.494178 -5.979699 -2.797362
v 4.495229 -5.947130 -2.797362
v 4.570633 -5.983031 -2.612622
v 4.495229 -5.947130 -2.797362
v 4.571738 -5.948767 -2.612622
v 4.570633 -5.983031 -2.612622
v 4.570633 -5.983031 -2.612622
v 4.571738 -5.948767 -2.612622
v 4.570633 -5.983031 2.612622
v 4.571738 -5.948767 -2.612622
v 4.571738 -5.948767 2.612622
v 4.570633 -5.983031 2.612622
v 4.570633 -5.983031 2.612622
v 4.571738 -5.948767 2.612622
v 4.494178 -5.979699 2.797363
v 4.571738 -5.948767 2.612622
v 4.495229 -5.947130 2.797363
v 4.494178 -5.979699 2.797363
v 4.494178 -5.979699 2.797363
v 4.495229 -5.947130 2.797363
v 4.309602 -5.971653 2.873884
v 4.495229 -5.947130 2.797363
v 4.310520 -5.943179 2.873884
v 4.309602 -5.971653 2.873884
v 4.310520 -5.943179 -2.873884
v 4.310827 -5.914093 -2.873884
v 4.495229 -5.947130 -2.797362
v 4.310827 -5.914093 -2.873884
v 4.495567 -5.915066 -2.797362
v 4.495229 -5.947130 -2.797362
v 4.495229 -5.947130 -2.797362
v 4.495567 -5.915066 -2.797362
v 4.571738 -5.948767 -2.612622
v 4.495567 -5.915066 -2.797362
v 4.572089 -5.915467 -2.612622
v 4.571738 -5.948767 -2.612622
v 4.571738 -5.948767 -2.612622
v 4.572089 -5.915467 -2.612622
v 4.571738 -5.948767 2.612622
v 4.572089 -5.915467 -2.612622
v 4.572089 -5.915467 2.612622
v 4.571738 -5.948767 2.612622
v 4.571738 -5.948767 2.612622
v 4.572089 -5.915467 2.612622
v 4.495229 -5.947130 2.797363
v 4.572089 -5.915467 2.612622
v 4.495567 -5.915066 2.797363
v 4.495229 -5.947130 2.797363
v 4.495229 -5.947130 2.797363
v 4.495567 -5.915066 2.797363
v 4.310520 -5.943179 2.873884
v 4.495567 -5.915066 2.797363
v 4.310827 -5.914093 2.873884
v 4.310520 -5.943179 2.873884
v 4.310827 -5.914093 -2.873884
v 4.310827 -2.622190 -2.873884
v 4.495567 -5.915066 -2.797362
v 4.310827 -2.622190 -2.873884
v 4.495567 -2.616038 -2.797362
v 4.495567 -5.915066 -2.797362
v 4.495567 -5.915066 -2.797362
v 4.495567 -2.616038 -2.797362
v 4.572089 -5.915467 -2.612622
v 4.495567 -2.616038 -2.797362
v 4.572089 -2.613491 -2.612622
v 4.572089 -5.915467 -2.612622
v 4.572089 -5.915467 -2.612622
v 4.572089 -2.613491 -2.612622
v 4.572089 -5.915467 2.612622
v 4.572089 -2.613491 -2.612622
v 4.572089 -2.613491 2.612622
v 4.572089 -5.915467 2.612622
v 4.572089 -5.915467 2.612622
v 4.572089 -2.613491 2.612622
v 4.495567 -5.915066 2.797363
v 4.572089 -2.613491 2.612622
v 4.495567 -2.616038 2.797363
v 4.495567 -5.915066 2.797363
v 4.495567 -5.915066 2.797363
v 4.495567 -2.616038 2.797363
v 4.310827 -5.914093 2.873884
v 4.495567 -2.616038 2.797363
v 4.310827 -2.622190 2.873884
v 4.310827 -5.914093 2.873884
v 4.310827 -2.622190 -2.873884
v 4.305723 -2.545647 -2.873884
v 4.495567 -2.616038 -2.797362
v 4.305723 -2.545647 -2.873884
v 4.489068 -2.518560 -2.797362
v 4.495567 -2.616038 -2.797362
v 4.495567 -2.616038 -2.797362
v 4.489068 -2.518560 -2.797362
v 4.572089 -2.613491 -2.612622
v 4.489068 -2.518560 -2.797362
v 4.565012 -2.507339 -2.612622
v 4.572089 -2.613491 -2.612622
v 4.572089 -2.613491 -2.612622
v 4.565012 -2.507339 -2.612622
v 4.572089 -2.613491 2.612622
v 4.565012 -2.507339 -2.612622
v 4.565012 -2.507339 2.612622
v 4.572089 -2.613491 2.612622
v 4.572089 -2.613491 2.612622
v 4.565012 -2.507339 2.612622
v 4.495567 -2.616038 2.797363
v 4.565012 -2.507339 2.612622
v 4.489068 -2.518560 2.797363
v 4.495567 -2.616038 2.797363
v 4.495567 -2.616038 2.797363
v 4.489068 -2.518560 2.797363
v 4.310827 -2.622190 2.873884
v 4.489068 -2.518560 2.797363
v 4.305723 -2.545647 2.873884
v 4.310827 -2.622190 2.873884
v 4.305723 -2.545647 -2.873884
v 4.290415 -2.479311 -2.873884
v 4.489068 -2.518560 -2.797362
v 4.290415 -2.479311 -2.873884
v 4.466260 -2.419726 -2.797362
v 4.489068 -2.518560 -2.797362
v 4.489068 -2.518560 -2.797362
v 4.466260 -2.419726 -2.797362
v 4.565012 -2.507339 -2.612622
v 4.466260 -2.419726 -2.797362
v 4.539098 -2.395043 -2.612622
v 4.565012 -2.507339 -2.612622
v 4.565012 -2.507339 -2.612622
v 4.539098 -2.395043 -2.612622
v 4.565012 -2.507339 2.612622
v 4.539098 -2.395043 -2.612622
v 4.539098 -2.395043 2.612622
v 4.565012 -2.507339 2.612622
v 4.565012 -2.507339 2.612622
v 4.539098 -2.395043 2.612622
v 4.489068 -2.518560 2.797363
v 4.539098 -2.395043 2.612622
v 4.466260 -2.419726 2.797363
v 4.489068 -2.518560 2.797363
v 4.489068 -2.518560 2.797363
v 4.466260 -2.419726 2.797363
v 4.305723 -2.545647 2.873884
v 4.466260 -2.419726 2.797363
v 4.290415 -2.479311 2.873884
v 4.305723 -2.545647 2.873884
v 4.290415 -2.479311 -2.873884
v 4.264902 -2.423182 -2.873884
v 4.466260 -2.419726 -2.797362
v 4.264902 -2.423182 -2.873884
v 4.424082 -2.326932 -2.797362
v 4.466260 -2.419726 -2.797362
v 4.466260 -2.419726 -2.797362
v 4.424082 -2.326932 -2.797362
v 4.539098 -2.395043 -2.612622
v 4.424082 -2.326932 -2.797362
v 4.490016 -2.287064 -2.612622
v 4.539098 -2.395043 -2.612622
v 4.539098 -2.395043 -2.612622
v 4.490016 -2.287064 -2.612622
v 4.539098 -2.395043 2.612622
v 4.490016 -2.287064 -2.612622
v 4.490016 -2.287064 2.612622
v 4.539098 -2.395043 2.612622
v 4.539098 -2.395043 2.612622
v 4.490016 -2.287064 2.612622
v 4.466260 -2.419726 2.797363
v 4.490016 -2.287064 2.612622
v 4.424082 -2.326932 2.797363
v 4.466260 -2.419726 2.797363
v 4.466260 -2.419726 2.797363
v 4.424082 -2.326932 2.797363
v 4.290415 -2.479311 2.873884
v 4.424082 -2.326932 2.797363
v 4.264902 -2.423182 2.873884
v 4.290415 -2.479311 2.873884
v 4.264902 -2.423182 -2.873884
v 4.229182 -2.377256 -2.873884
v 4.424082 -2.326932 -2.797362
v 4.229182 -2.377256 -2.873884
v 4.360830 -2.245608 -2.797362
v 4.424082 -2.326932 -2.797362
v 4.424082 -2.326932 -2.797362
v 4.360830 -2.245608 -2.797362
v 4.490016 -2.287064 -2.612622
v 4.360830 -2.245608 -2.797362
v 4.415360 -2.191078 -2.612622
v 4.490016 -2.287064 -2.612622
v 4.490016 -2.287064 -2.612622
v 4.415360 -2.191078 -2.612622
v 4.490016 -2.287064 2.612622
v 4.415360 -2.191078 -2.612622
v 4.415360 -2.191078 2.612622
v 4.490016 -2.287064 2.612622
v 4.490016 -2.287064 2.612622
v 4.415360 -2.191078 2.612622
v 4.424082 -2.326932 2.797363
v 4.415360 -2.191078 2.612622
v 4.360830 -2.245608 2.797363
v 4.424082 -2.326932 2.797363
v 4.424082 -2.326932 2.797363
v 4.360830 -2.245608 2.797363
v 4.264902 -2.423182 2.873884
v 4.360830 -2.245608 2.797363
v 4.229182 -2.377256 2.873884
v 4.264902 -2.423182 2.873884
v 4.229182 -2.377256 -2.873884
v 4.183257 -2.341537 -2.873884
v 4.360830 -2.245608 -2.797362
v 4.183257 -2.341537 -2.873884
v 4.279506 -2.182358 -2.797362
v 4.360830 -2.245608 -2.797362
v 4.360830 -2.245608 -2.797362
v 4.279506 -2.182358 -2.797362
v 4.415360 -2.191078 -2.612622
v 4.279506 -2.182358 -2.797362
v 4.319373 -2.116423 -2.612622
v 4.415360 -2.191078 -2.612622
v 4.415360 -2.191078 -2.612622
v 4.319373 -2.116423 -2.612622
v 4.415360 -2.191078 2.612622
v 4.319373 -2.116423 -2.612622
v 4.319373 -2.116423 2.612622
v 4.415360 -2.191078 2.612622
v 4.415360 -2.191078 2.612622
v 4.319373 -2.116423 2.612622
v 4.360830 -2.245608 2.797363
v 4.319373 -2.116423 2.612622
v 4.279506 -2.182358 2.797363
v 4.360830 -2.245608 2.797363
v 4.360830 -2.245608 2.797363
v 4.279506 -2.182358 2.797363
v 4.229182 -2.377256 2.873884
v 4.279506 -2.182358 2.797363
v 4.183257 -2.341537 2.873884
v 4.229182 -2.377256 2.873884
v 4.183257 -2.341537 -2.873884
v 4.127126 -2.316022 -2.873884
v 4.279506 -2.182358 -2.797362
v 4.127126 -2.316022 -2.873884
v 4.186712 -2.140178 -2.797362
v 4.279506 -2.182358 -2.797362
v 4.279506 -2.182358 -2.797362
v 4.186712 -2.140178 -2.797362
v 4.319373 -2.116423 -2.612622
v 4.186712 -2.140178 -2.797362
v 4.211394 -2.067341 -2.612622
v 4.319373 -2.116423 -2.612622
v 4.319373 -2.116423 -2.612622
v 4.211394 -2.067341 -2.612622
v 4.319373 -2.116423 2.612622
v 4.211394 -2.067341 -2.612622
v 4.211394 -2.067341 2.612622
v 4.319373 -2.116423 2.612622
v 4.319373 -2.116423 2.612622
v 4.211394 -2.067341 2.612622
v 4.279506 -2.182358 2.797363
v 4.211394 -2.067341 2.612622
v 4.186712 -2.140178 2.797363
v 4.279506 -2.182358 2.797363
v 4.279506 -2.182358 2.797363
v 4.186712 -2.140178 2.797363
v 4.183257 -2.341537 2.873884
v 4.186712 -2.140178 2.797363
v 4.127126 -2.316022 2.873884
v 4.183257 -2.341537 2.873884
v 4.127126 -2.316022 -2.873884
v 4.060790 -2.300715 -2.873884
v 4.186712 -2.140178 -2.797362
v 4.060790 -2.300715 -2.873884
v 4.087878 -2.117370 -2.797362
v 4.186712 -2.140178 -2.797362
v 4.186712 -2.140178 -2.797362
v 4.087878 -2.117370 -2.797362
v 4.211394 -2.067341 -2.612622
v 4.087878 -2.117370 -2.797362
v 4.099099 -2.041426 -2.612622
v 4.211394 -2.067341 -2.612622
v 4.211394 -2.067341 -2.612622
v 4.099099 -2.041426 -2.612622
v 4.211394 -2.067341 2.612622
v 4.099099 -2.041426 -2.612622
v 4.099099 -2.041426 2.612622
v 4.211394 -2.067341 2.612622
v 4.211394 -2.067341 2.612622
v 4.099099 -2.041426 2.612622
v 4.186712 -2.140178 2.797363
v 4.099099 -2.041426 2.612622
v 4.087878 -2.117370 2.797363
v 4.186712 -2.140178 2.797363
v 4.186712 -2.140178 2.797363
v 4.087878 -2.117370 2.797363
v 4.127126 -2.316022 2.873884
v 4.087878 -2.117370 2.797363
v 4.060790 -2.300715 2.873884
v 4.127126 -2.316022 2.873884
v 4.060790 -2.300715 -2.873884
v 3.984249 -2.295612 -2.873884
v 4.087878 -2.117370 -2.797362
v 3.984249 -2.295612 -2.873884
v 3.990400 -2.110872 -2.797362
v 4.087878 -2.117370 -2.797362
v 4.087878 -2.117370 -2.797362
v 3.990400 -2.110872 -2.797362
v 4.099099 -2.041426 -2.612622
v 3.990400 -2.110872 -2.797362
v 3.992948 -2.034349 -2.612622
v 4.099099 -2.041426 -2.612622
v 4.099099 -2.041426 -2.612622
v 3.992948 -2.034349 -2.612622
v 4.099099 -2.041426 2.612622
v 3.992948 -2.034349 -2.612622
v 3.992948 -2.034349 2.612622
v 4.099099 -2.041426 2.612622
v 4.099099 -2.041426 2.612622
v 3.992948 -2.034349 2.612622
v 4.087878 -2.117370 2.797363
v 3.992948 -2.034349 2.612622
v 3.990400 -2.110872 2.797363
v 4.087878 -2.117370 2.797363
v 4.087878 -2.117370 2.797363
v 3.990400 -2.110872 2.797363
v 4.060790 -2.300715 2.873884
v 3.990400 -2.110872 2.797363
v 3.984249 -2.295612 2.873884
v 4.060790 -2.300715 2.873884
v 3.984249 -2.295612 -2.873884
v 0.418019 -2.295612 -2.873884
v 3.990400 -2.110872 -2.797362
v 0.418019 -2.295612 -2.873884
v 0.417174 -2.110872 -2.797362
v 3.990400 -2.110872 -2.797362
v 3.990400 -2.110872 -2.797362
v 0.417174 -2.110872 -2.797362
v 3.992948 -2.034349 -2.612622
v 0.417174 -2.110872 -2.797362
v 0.416824 -2.034349 -2.612622
v 3.992948 -2.034349 -2.612622
v 3.992948 -2.034349 -2.612622
v 0.416824 -2.034349 -2.612622
v 3.992948 -2.034349 2.612622
v 0.416824 -2.034349 -2.612622
v 0.416824 -2.034349 2.612622
v 3.992948 -2.034349 2.612622
v 3.992948 -2.034349 2.612622
v 0.416824 -2.034349 2.612622
v 3.990400 -2.110872 2.797363
v 0.416824 -2.034349 2.612622
v 0.417174 -2.110872 2.797363
v 3.990400 -2.110872 2.797363
v 3.990400 -2.110872 2.797363
v 0.417174 -2.110872 2.797363
v 3.984249 -2.295612 2.873884
v 0.417174 -2.110872 2.797363
v 0.418019 -2.295612 2.873884
v 3.984249 -2.295612 2.873884
v 0.418019 -2.295612 -2.873884
v 0.373421 -2.296020 -2.873884
v 0.417174 -2.110872 -2.797362
v 0.373421 -2.296020 -2.873884
v 0.369905 -2.111304 -2.797362
v 0.417174 -2.110872 -2.797362
v 0.417174 -2.110872 -2.797362
v 0.369905 -2.111304 -2.797362
v 0.416824 -2.034349 -2.612622
v 0.369905 -2.111304 -2.797362
v 0.368449 -2.034793 -2.612622
v 0.416824 -2.034349 -2.612622
v 0.416824 -2.034349 -2.612622
v 0.368449 -2.034793 -2.612622
v 0.416824 -2.034349 2.612622
v 0.368449 -2.034793 -2.612622
v 0.368449 -2.034793 2.612622
v 0.416824 -2.034349 2.612622
v 0.416824 -2.034349 2.612622
v 0.368449 -2.034793 2.612622
v 0.417174 -2.110872 2.797363
v 0.368449 -2.034793 2.612622
v 0.369905 -2.111304 2.797363
v 0.417174 -2.110872 2.797363
v 0.417174 -2.110872 2.797363
v 0.369905 -2.111304 2.797363
v 0.418019 -2.295612 2.873884
v 0.369905 -2.111304 2.797363
v 0.373421 -2.296020 2.873884
v 0.418019 -2.295612 2.873884
v 0.373421 -2.296020 -2.873884
v 0.331068 -2.297245 -2.873884
v 0.369905 -2.111304 -2.797362
v 0.331068 -2.297245 -2.873884
v 0.323703 -2.112640 -2.797362
v 0.369905 -2.111304 -2.797362
v 0.369905 -2.111304 -2.797362
v 0.323703 -2.112640 -2.797362
v 0.368449 -2.034793 -2.612622
v 0.323703 -2.112640 -2.797362
v 0.320652 -2.036174 -2.612622
v 0.368449 -2.034793 -2.612622
v 0.368449 -2.034793 -2.612622
v 0.320652 -2.036174 -2.612622
v 0.368449 -2.034793 2.612622
v 0.320652 -2.036174 -2.612622
v 0.320652 -2.036174 2.612622
v 0.368449 -2.034793 2.612622
v 0.368449 -2.034793 2.612622
v 0.320652 -2.036174 2.612622
v 0.369905 -2.111304 2.797363
v 0.320652 -2.036174 2.612622
v 0.323703 -2.112640 2.797363
v 0.369905 -2.111304 2.797363
v 0.369905 -2.111304 2.797363
v 0.323703 -2.112640 2.797363
v 0.373421 -2.296020 2.873884
v 0.323703 -2.112640 2.797363
v 0.331068 -2.297245 2.873884
v 0.373421 -2.296020 2.873884
v 0.331068 -2.297245 -2.873884
v 0.290960 -2.299286 -2.873884
v 0.323703 -2.112640 -2.797362
v 0.290960 -2.299286 -2.873884
v 0.279312 -2.114898 -2.797362
v 0.323703 -2.112640 -2.797362
v 0.323703 -2.112640 -2.797362
v 0.279312 -2.114898 -2.797362
v 0.320652 -2.036174 -2.612622
v 0.279312 -2.114898 -2.797362
v 0.274488 -2.038524 -2.612622
v 0.320652 -2.036174 -2.612622
v 0.320652 -2.036174 -2.612622
v 0.274488 -2.038524 -2.612622
v 0.320652 -2.036174 2.612622
v 0.274488 -2.038524 -2.612622
v 0.274488 -2.038524 2.612622
v 0.320652 -2.036174 2.612622
v 0.320652 -2.036174 2.612622
v 0.274488 -2.038524 2.612622
v 0.323703 -2.112640 2.797363
v 0.274488 -2.038524 2.612622
v 0.279312 -2.114898 2.797363
v 0.323703 -2.112640 2.797363
v 0.323703 -2.112640 2.797363
v 0.279312 -2.114898 2.797363
v 0.331068 -2.297245 2.873884
v 0.279312 -2.114898 2.797363
v 0.290960 -2.299286 2.873884
v 0.331068 -2.297245 2.873884
v 0.290960 -2.299286 -2.873884
v 0.253098 -2.302143 -2.873884
v 0.279312 -2.114898 -2.797362
v 0.253098 -2.302143 -2.873884
v 0.236665 -2.118117 -2.797362
v 0.279312 -2.114898 -2.797362
v 0.279312 -2.114898 -2.797362
v 0.236665 -2.118117 -2.797362
v 0.274488 -2.038524 -2.612622
v 0.236665 -2.118117 -2.797362
v 0.229859 -2.041892 -2.612622
v 0.274488 -2.038524 -2.612622
v 0.274488 -2.038524 -2.612622
v 0.229859 -2.041892 -2.612622
v 0.274488 -2.038524 2.612622
v 0.229859 -2.041892 -2.612622
v 0.229859 -2.041892 2.612622
v 0.274488 -2.038524 2.612622
v 0.274488 -2.038524 2.612622
v 0.229859 -2.041892 2.612622
v 0.279312 -2.114898 2.797363
v 0.229859 -2.041892 2.612622
v 0.236665 -2.118117 2.797363
v 0.279312 -2.114898 2.797363
v 0.279312 -2.114898 2.797363
v 0.236665 -2.118117 2.797363
v 0.290960 -2.299286 2.873884
v 0.236665 -2.118117 2.797363
v 0.253098 -2.302143 2.873884
v 0.290960 -2.299286 2.873884
v 0.253098 -2.302143 -2.873884
v 0.217480 -2.305817 -2.873884
v 0.236665 -2.118117 -2.797362
v 0.217480 -2.305817 -2.873884
v 0.195679 -2.122345 -2.797362
v 0.236665 -2.118117 -2.797362
v 0.236665 -2.118117 -2.797362
v 0.195679 -2.122345 -2.797362
v 0.229859 -2.041892 -2.612622
v 0.195679 -2.122345 -2.797362
v 0.186649 -2.046349 -2.612622
v 0.229859 -2.041892 -2.612622
v 0.229859 -2.041892 -2.612622
v 0.186649 -2.046349 -2.612622
v 0.229859 -2.041892 2.612622
v 0.186649 -2.046349 -2.612622
v 0.186649 -2.046349 2.612622
v 0.229859 -2.041892 2.612622
v 0.229859 -2.041892 2.612622
v 0.186649 -2.046349 2.612622
v 0.236665 -2.118117 2.797363
v 0.186649 -2.046349 2.612622
v 0.195679 -2.122345 2.797363
v 0.236665 -2.118117 2.797363
v 0.236665 -2.118117 2.797363
v 0.195679 -2.122345 2.797363
v 0.253098 -2.302143 2.873884
v 0.195679 -2.122345 2.797363
v 0.217480 -2.305817 2.873884
v 0.253098 -2.302143 2.873884
v 0.217480 -2.305817 -2.873884
v 0.184108 -2.310307 -2.873884
v 0.195679 -2.122345 -2.797362
v 0.184108 -2.310307 -2.873884
v 0.156257 -2.127650 -2.797362
v 0.195679 -2.122345 -2.797362
v 0.195679 -2.122345 -2.797362
v 0.156257 -2.127650 -2.797362
v 0.186649 -2.046349 -2.612622
v 0.156257 -2.127650 -2.797362
v 0.144721 -2.051990 -2.612622
v 0.186649 -2.046349 -2.612622
v 0.186649 -2.046349 -2.612622
v 0.144721 -2.051990 -2.612622
v 0.186649 -2.046349 2.612622
v 0.144721 -2.051990 -2.612622
v 0.144721 -2.051990 2.612622
v 0.186649 -2.046349 2.612622
v 0.186649 -2.046349 2.612622
v 0.144721 -2.051990 2.612622
v 0.195679 -2.122345 2.797363
v 0.144721 -2.051990 2.612622
v 0.156257 -2.127650 2.797363
v 0.195679 -2.122345 2.797363
v 0.195679 -2.122345 2.797363
v 0.156257 -2.127650 2.797363
v 0.217480 -2.305817 2.873884
v 0.156257 -2.127650 2.797363
v 0.184108 -2.310307 2.873884
v 0.217480 -2.305817 2.873884
v 0.184108 -2.310307 -2.873884
v 0.152981 -2.315615 -2.873884
v 0.156257 -2.127650 -2.797362
v 0.152981 -2.315615 -2.873884
v 0.118285 -2.134125 -2.797362
v 0.156257 -2.127650 -2.797362
v 0.156257 -2.127650 -2.797362
v 0.118285 -2.134125 -2.797362
v 0.144721 -2.051990 -2.612622
v 0.118285 -2.134125 -2.797362
v 0.103913 -2.058949 -2.612622
v 0.144721 -2.051990 -2.612622
v 0.144721 -2.051990 -2.612622
v 0.103913 -2.058949 -2.612622
v 0.144721 -2.051990 2.612622
v 0.103913 -2.058949 -2.612622
v 0.103913 -2.058949 2.612622
v 0.144721 -2.051990 2.612622
v 0.144721 -2.051990 2.612622
v 0.103913 -2.058949 2.612622
v 0.156257 -2.127650 2.797363
v 0.103913 -2.058949 2.612622
v 0.118285 -2.134125 2.797363
v 0.156257 -2.127650 2.797363
v 0.156257 -2.127650 2.797363
v 0.118285 -2.134125 2.797363
v 0.184108 -2.310307 2.873884
v 0.118285 -2.134125 2.797363
v 0.152981 -2.315615 2.873884
v 0.184108 -2.310307 2.873884
v 0.152981 -2.315615 -2.873884
v 0.124100 -2.321737 -2.873884
v 0.118285 -2.134125 -2.797362
v 0.124100 -2.321737 -2.873884
v 0.079512 -2.142346 -2.797362
v 0.118285 -2.134125 -2.797362
v 0.118285 -2.134125 -2.797362
v 0.079512 -2.142346 -2.797362
v 0.103913 -2.058949 -2.612622
v 0.079512 -2.142346 -2.797362
v 0.061043 -2.068038 -2.612622
v 0.103913 -2.058949 -2.612622
v 0.103913 -2.058949 -2.612622
v 0.061043 -2.068038 -2.612622
v 0.103913 -2.058949 2.612622
v 0.061043 -2.068038 -2.612622
v 0.061043 -2.068038 2.612622
v 0.103913 -2.058949 2.612622
v 0.103913 -2.058949 2.612622
v 0.061043 -2.068038 2.612622
v 0.118285 -2.134125 2.797363
v 0.061043 -2.068038 2.612622
v 0.079512 -2.142346 2.797363
v 0.118285 -2.134125 2.797363
v 0.118285 -2.134125 2.797363
v 0.079512 -2.142346 2.797363
v 0.152981 -2.315615 2.873884
v 0.079512 -2.142346 2.797363
v 0.124100 -2.321737 2.873884
v 0.152981 -2.315615 2.873884
v 0.124100 -2.321737 -2.873884
v 0.096238 -2.329698 -2.873884
v 0.079512 -2.142346 -2.797362
v 0.096238 -2.329698 -2.873884
v 0.037523 -2.154342 -2.797362
v 0.079512 -2.142346 -2.797362
v 0.079512 -2.142346 -2.797362
v 0.037523 -2.154342 -2.797362
v 0.061043 -2.068038 -2.612622
v 0.037523 -2.154342 -2.797362
v 0.013202 -2.081706 -2.612622
v 0.061043 -2.068038 -2.612622
v 0.061043 -2.068038 -2.612622
v 0.013202 -2.081706 -2.612622
v 0.061043 -2.068038 2.612622
v 0.013202 -2.081706 -2.612622
v 0.013202 -2.081706 2.612622
v 0.061043 -2.068038 2.612622
v 0.061043 -2.068038 2.612622
v 0.013202 -2.081706 2.612622
v 0.079512 -2.142346 2.797363
v 0.013202 -2.081706 2.612622
v 0.037523 -2.154342 2.797363
v 0.079512 -2.142346 2.797363
v 0.079512 -2.142346 2.797363
v 0.037523 -2.154342 2.797363
v 0.124100 -2.321737 2.873884
v 0.037523 -2.154342 2.797363
v 0.096238 -2.329698 2.873884
v 0.124100 -2.321737 2.873884
v 0.096238 -2.329698 -2.873884
v 0.068173 -2.340517 -2.873884
v 0.037523 -2.154342 -2.797362
v 0.068173 -2.340517 -2.873884
v -0.005400 -2.170886 -2.797362
v 0.037523 -2.154342 -2.797362
v 0.037523 -2.154342 -2.797362
v -0.005400 -2.170886 -2.797362
v 0.013202 -2.081706 -2.612622
v -0.005400 -2.170886 -2.797362
v -0.035874 -2.100623 -2.612622
v 0.013202 -2.081706 -2.612622
v 0.013202 -2.081706 -2.612622
v -0.035874 -2.100623 -2.612622
v 0.013202 -2.081706 2.612622
v -0.035874 -2.100623 -2.612622
v -0.035874 -2.100623 2.612622
v 0.013202 -2.081706 2.612622
v 0.013202 -2.081706 2.612622
v -0.035874 -2.100623 2.612622
v 0.037523 -2.154342 2.797363
v -0.035874 -2.100623 2.612622
v -0.005400 -2.170886 2.797363
v 0.037523 -2.154342 2.797363
v 0.037523 -2.154342 2.797363
v -0.005400 -2.170886 2.797363
v 0.096238 -2.329698 2.873884
v -0.005400 -2.170886 2.797363
v 0.068173 -2.340517 2.873884
v 0.096238 -2.329698 2.873884
v 0.068173 -2.340517 -2.873884
v 0.039904 -2.354192 -2.873884
v -0.005400 -2.170886 -2.797362
v 0.039904 -2.354192 -2.873884
v -0.046827 -2.190926 -2.797362
v -0.005400 -2.170886 -2.797362
v -0.005400 -2.170886 -2.797362
v -0.046827 -2.190926 -2.797362
v -0.035874 -2.100623 -2.612622
v -0.046827 -2.190926 -2.797362
v -0.082752 -2.123300 -2.612622
v -0.035874 -2.100623 -2.612622
v -0.035874 -2.100623 -2.612622
v -0.082752 -2.123300 -2.612622
v -0.035874 -2.100623 2.612622
v -0.082752 -2.123300 -2.612622
v -0.082752 -2.123300 2.612622
v -0.035874 -2.100623 2.612622
v -0.035874 -2.100623 2.612622
v -0.082752 -2.123300 2.612622
v -0.005400 -2.170886 2.797363
v -0.082752 -2.123300 2.612622
v -0.046827 -2.190926 2.797363
v -0.005400 -2.170886 2.797363
v -0.005400 -2.170886 2.797363
v -0.046827 -2.190926 2.797363
v 0.068173 -2.340517 2.873884
v -0.046827 -2.190926 2.797363
v 0.039904 -2.354192 2.873884
v 0.068173 -2.340517 2.873884
v 0.039904 -2.354192 -2.873884
v 0.011430 -2.370724 -2.873884
v -0.046827 -2.190926 -2.797362
v 0.011430 -2.370724 -2.873884
v -0.086807 -2.214141 -2.797362
v -0.046827 -2.190926 -2.797362
v -0.046827 -2.190926 -2.797362
v -0.086807 -2.214141 -2.797362
v -0.082752 -2.123300 -2.612622
v -0.086807 -2.214141 -2.797362
v -0.127498 -2.149282 -2.612622
v -0.082752 -2.123300 -2.612622
v -0.082752 -2.123300 -2.612622
v -0.127498 -2.149282 -2.612622
v -0.082752 -2.123300 2.612622
v -0.127498 -2.149282 -2.612622
v -0.127498 -2.149282 2.612622
v -0.082752 -2.123300 2.612622
v -0.082752 -2.123300 2.612622
v -0.127498 -2.149282 2.612622
v -0.046827 -2.190926 2.797363
v -0.127498 -2.149282 2.612622
v -0.086807 -2.214141 2.797363
v -0.046827 -2.190926 2.797363
v -0.046827 -2.190926 2.797363
v -0.086807 -2.214141 2.797363
v 0.039904 -2.354192 2.873884
v -0.086807 -2.214141 2.797363
v 0.011430 -2.370724 2.873884
v 0.039904 -2.354192 2.873884
v 0.011430 -2.370724 -2.873884
v -0.017248 -2.390115 -2.873884
v -0.086807 -2.214141 -2.797362
v -0.017248 -2.390115 -2.873884
v -0.125459 -2.240275 -2.797362
v -0.086807 -2.214141 -2.797362
v -0.086807 -2.214141 -2.797362
v -0.125459 -2.240275 -2.797362
v -0.127498 -2.149282 -2.612622
v -0.125459 -2.240275 -2.797362
v -0.170282 -2.178211 -2.612622
v -0.127498 -2.149282 -2.612622
v -0.127498 -2.149282 -2.612622
v -0.170282 -2.178211 -2.612622
v -0.127498 -2.149282 2.612622
v -0.170282 -2.178211 -2.612622
v -0.170282 -2.178211 2.612622
v -0.127498 -2.149282 2.612622
v -0.127498 -2.149282 2.612622
v -0.170282 -2.178211 2.612622
v -0.086807 -2.214141 2.797363
v -0.170282 -2.178211 2.612622
v -0.125459 -2.240275 2.797363
v -0.086807 -2.214141 2.797363
v -0.086807 -2.214141 2.797363
v -0.125459 -2.240275 2.797363
v 0.011430 -2.370724 2.873884
v -0.125459 -2.240275 2.797363
v -0.017248 -2.390115 2.873884
v 0.011430 -2.370724 2.873884
v -0.017248 -2.390115 -2.873884
v -0.046129 -2.412363 -2.873884
v -0.125459 -2.240275 -2.797362
v -0.046129 -2.412363 -2.873884
v -0.162945 -2.269152 -2.797362
v -0.125459 -2.240275 -2.797362
v -0.125459 -2.240275 -2.797362
v -0.162945 -2.269152 -2.797362
v -0.170282 -2.178211 -2.612622
v -0.162945 -2.269152 -2.797362
v -0.211331 -2.209831 -2.612622
v -0.170282 -2.178211 -2.612622
v -0.170282 -2.178211 -2.612622
v -0.211331 -2.209831 -2.612622
v -0.170282 -2.178211 2.612622
v -0.211331 -2.209831 -2.612622
v -0.211331 -2.209831 2.612622
v -0.170282 -2.178211 2.612622
v -0.170282 -2.178211 2.612622
v -0.211331 -2.209831 2.612622
v -0.125459 -2.240275 2.797363
v -0.211331 -2.209831 2.612622
v -0.162945 -2.269152 2.797363
v -0.125459 -2.240275 2.797363
v -0.125459 -2.240275 2.797363
v -0.162945 -2.269152 2.797363
v -0.017248 -2.390115 2.873884
v -0.162945 -2.269152 2.797363
v -0.046129 -2.412363 2.873884
v -0.017248 -2.390115 2.873884
v -0.046129 -2.412363 -2.873884
v -0.075215 -2.437469 -2.873884
v -0.162945 -2.269152 -2.797362
v -0.075215 -2.437469 -2.873884
v -0.199434 -2.300647 -2.797362
v -0.162945 -2.269152 -2.797362
v -0.162945 -2.269152 -2.797362
v -0.199434 -2.300647 -2.797362
v -0.211331 -2.209831 -2.612622
v -0.199434 -2.300647 -2.797362
v -0.250887 -2.243975 -2.612622
v -0.211331 -2.209831 -2.612622
v -0.211331 -2.209831 -2.612622
v -0.250887 -2.243975 -2.612622
v -0.211331 -2.209831 2.612622
v -0.250887 -2.243975 -2.612622
v -0.250887 -2.243975 2.612622
v -0.211331 -2.209831 2.612622
v -0.211331 -2.209831 2.612622
v -0.250887 -2.243975 2.612622
v -0.162945 -2.269152 2.797363
v -0.250887 -2.243975 2.612622
v -0.199434 -2.300647 2.797363
v -0.162945 -2.269152 2.797363
v -0.162945 -2.269152 2.797363
v -0.199434 -2.300647 2.797363
v -0.046129 -2.412363 2.873884
v -0.199434 -2.300647 2.797363
v -0.075215 -2.437469 2.873884
v -0.046129 -2.412363 2.873884
v -0.075215 -2.437469 -2.873884
v -0.104505 -2.465432 -2.873884
v -0.199434 -2.300647 -2.797362
v -0.104505 -2.465432 -2.873884
v -0.232970 -2.332664 -2.797362
v -0.199434 -2.300647 -2.797362
v -0.199434 -2.300647 -2.797362
v -0.232970 -2.332664 -2.797362
v -0.250887 -2.243975 -2.612622
v -0.232970 -2.332664 -2.797362
v -0.286182 -2.277670 -2.612622
v -0.250887 -2.243975 -2.612622
v -0.250887 -2.243975 -2.612622
v -0.286182 -2.277670 -2.612622
v -0.250887 -2.243975 2.612622
v -0.286182 -2.277670 -2.612622
v -0.286182 -2.277670 2.612622
v -0.250887 -2.243975 2.612622
v -0.250887 -2.243975 2.612622
v -0.286182 -2.277670 2.612622
v -0.199434 -2.300647 2.797363
v -0.286182 -2.277670 2.612622
v -0.232970 -2.332664 2.797363
v -0.199434 -2.300647 2.797363
v -0.199434 -2.300647 2.797363
v -0.232970 -2.332664 2.797363
v -0.075215 -2.437469 2.873884
v -0.232970 -2.332664 2.797363
v -0.104505 -2.465432 2.873884
v -0.075215 -2.437469 2.873884
v -0.104505 -2.465432 -2.873884
v -2.129287 -4.451025 -2.873884
v -0.232970 -2.332664 -2.797362
v -2.129287 -4.451025 -2.873884
v -2.261393 -4.321827 -2.797362
v -0.232970 -2.332664 -2.797362
v -0.232970 -2.332664 -2.797362
v -2.261393 -4.321827 -2.797362
v -0.286182 -2.277670 -2.612622
v -2.261393 -4.321827 -2.797362
v -2.316114 -4.268313 -2.612622
v -0.286182 -2.277670 -2.612622
v -0.286182 -2.277670 -2.612622
v -2.316114 -4.268313 -2.612622
v -0.286182 -2.277670 2.612622
v -2.316114 -4.268313 -2.612622
v -2.316114 -4.268313 2.612622
v -0.286182 -2.277670 2.612622
v -0.286182 -2.277670 2.612622
v -2.316114 -4.268313 2.612622
v -0.232970 -2.332664 2.797363
v -2.316114 -4.268313 2.612622
v -2.261393 -4.321827 2.797363
v -0.232970 -2.332664 2.797363
v -0.232970 -2.332664 2.797363
v -2.261393 -4.321827 2.797363
v -0.104505 -2.465432 2.873884
v -2.261393 -4.321827 2.797363
v -2.129287 -4.451025 2.873884
v -0.104505 -2.465432 2.873884
v -2.129287 -4.451025 -2.873884
v -4.101817 -6.554185 -2.873884
v -2.261393 -4.321827 -2.797362
v -4.101817 -6.554185 -2.873884
v -4.235194 -6.426345 -2.797362
v -2.261393 -4.321827 -2.797362
v -2.261393 -4.321827 -2.797362
v -4.235194 -6.426345 -2.797362
v -2.316114 -4.268313 -2.612622
v -4.235194 -6.426345 -2.797362
v -4.290441 -6.373391 -2.612622
v -2.316114 -4.268313 -2.612622
v -2.316114 -4.268313 -2.612622
v -4.290441 -6.373391 -2.612622
v -2.316114 -4.268313 2.612622
v -4.290441 -6.373391 -2.612622
v -4.290441 -6.373391 2.612622
v -2.316114 -4.268313 2.612622
v -2.316114 -4.268313 2.612622
v -4.290441 -6.373391 2.612622
v -2.261393 -4.321827 2.797363
v -4.290441 -6.373391 2.612622
v -4.235194 -6.426345 2.797363
v -2.261393 -4.321827 2.797363
v -2.261393 -4.321827 2.797363
v -4.235194 -6.426345 2.797363
v -2.129287 -4.451025 2.873884
v -4.235194 -6.426345 2.797363
v -4.101817 -6.554185 2.873884
v -2.129287 -4.451025 2.873884
v -4.101817 -6.554185 -2.873884
v -4.136005 -6.589088 -2.873884
v -4.235194 -6.426345 -2.797362
v -4.136005 -6.589088 -2.873884
v -4.269490 -6.461357 -2.797362
v -4.235194 -6.426345 -2.797362
v -4.235194 -6.426345 -2.797362
v -4.269490 -6.461357 -2.797362
v -4.290441 -6.373391 -2.612622
v -4.269490 -6.461357 -2.797362
v -4.324781 -6.408448 -2.612622
v -4.290441 -6.373391 -2.612622
v -4.290441 -6.373391 -2.612622
v -4.324781 -6.408448 -2.612622
v -4.290441 -6.373391 2.612622
v -4.324781 -6.408448 -2.612622
v -4.324781 -6.408448 2.612622
v -4.290441 -6.373391 2.612622
v -4.290441 -6.373391 2.612622
v -4.324781 -6.408448 2.612622
v -4.235194 -6.426345 2.797363
v -4.324781 -6.408448 2.612622
v -4.269490 -6.461357 2.797363
v -4.235194 -6.426345 2.797363
v -4.235194 -6.426345 2.797363
v -4.269490 -6.461357 2.797363
v -4.101817 -6.554185 2.873884
v -4.269490 -6.461357 2.797363
v -4.136005 -6.589088 2.873884
v -4.101817 -6.554185 2.873884
v -4.136005 -6.589088 -2.873884
v -4.166724 -6.621950 -2.873884
v -4.269490 -6.461357 -2.797362
v -4.166724 -6.621950 -2.873884
v -4.303432 -6.497667 -2.797362
v -4.269490 -6.461357 -2.797362
v -4.269490 -6.461357 -2.797362
v -4.303432 -6.497667 -2.797362
v -4.324781 -6.408448 -2.612622
v -4.303432 -6.497667 -2.797362
v -4.360058 -6.446187 -2.612622
v -4.324781 -6.408448 -2.612622
v -4.324781 -6.408448 -2.612622
v -4.360058 -6.446187 -2.612622
v -4.324781 -6.408448 2.612622
v -4.360058 -6.446187 -2.612622
v -4.360058 -6.446187 2.612622
v -4.324781 -6.408448 2.612622
v -4.324781 -6.408448 2.612622
v -4.360058 -6.446187 2.612622
v -4.269490 -6.461357 2.797363
v -4.360058 -6.446187 2.612622
v -4.303432 -6.497667 2.797363
v -4.269490 -6.461357 2.797363
v -4.269490 -6.461357 2.797363
v -4.303432 -6.497667 2.797363
v -4.136005 -6.589088 2.873884
v -4.303432 -6.497667 2.797363
v -4.166724 -6.621950 2.873884
v -4.136005 -6.589088 2.873884
v -4.166724 -6.621950 -2.873884
v -4.193973 -6.652771 -2.873884
v -4.303432 -6.497667 -2.797362
v -4.193973 -6.652771 -2.873884
v -4.334423 -6.532720 -2.797362
v -4.303432 -6.497667 -2.797362
v -4.303432 -6.497667 -2.797362
v -4.334423 -6.532720 -2.797362
v -4.360058 -6.446187 -2.612622
v -4.334423 -6.532720 -2.797362
v -4.392599 -6.482993 -2.612622
v -4.360058 -6.446187 -2.612622
v -4.360058 -6.446187 -2.612622
v -4.392599 -6.482993 -2.612622
v -4.360058 -6.446187 2.612622
v -4.392599 -6.482993 -2.612622
v -4.392599 -6.482993 2.612622
v -4.360058 -6.446187 2.612622
v -4.360058 -6.446187 2.612622
v -4.392599 -6.482993 2.612622
v -4.303432 -6.497667 2.797363
v -4.392599 -6.482993 2.612622
v -4.334423 -6.532720 2.797363
v -4.303432 -6.497667 2.797363
v -4.303432 -6.497667 2.797363
v -4.334423 -6.532720 2.797363
v -4.166724 -6.621950 2.873884
v -4.334423 -6.532720 2.797363
v -4.193973 -6.652771 2.873884
v -4.166724 -6.621950 2.873884
v -4.193973 -6.652771 -2.873884
v -4.217752 -6.681551 -2.873884
v -4.334423 -6.532720 -2.797362
v -4.217752 -6.681551 -2.873884
v -4.362579 -6.566798 -2.797362
v -4.334423 -6.532720 -2.797362
v -4.334423 -6.532720 -2.797362
v -4.362579 -6.566798 -2.797362
v -4.392599 -6.482993 -2.612622
v -4.362579 -6.566798 -2.797362
v -4.422568 -6.519264 -2.612622
v -4.392599 -6.482993 -2.612622
v -4.392599 -6.482993 -2.612622
v -4.422568 -6.519264 -2.612622
v -4.392599 -6.482993 2.612622
v -4.422568 -6.519264 -2.612622
v -4.422568 -6.519264 2.612622
v -4.392599 -6.482993 2.612622
v -4.392599 -6.482993 2.612622
v -4.422568 -6.519264 2.612622
v -4.334423 -6.532720 2.797363
v -4.422568 -6.519264 2.612622
v -4.362579 -6.566798 2.797363
v -4.334423 -6.532720 2.797363
v -4.334423 -6.532720 2.797363
v -4.362579 -6.566798 2.797363
v -4.193973 -6.652771 2.873884
v -4.362579 -6.566798 2.797363
v -4.217752 -6.681551 2.873884
v -4.193973 -6.652771 2.873884
v -4.217752 -6.681551 -2.873884
v -4.238061 -6.708289 -2.873884
v -4.362579 -6.566798 -2.797362
v -4.238061 -6.708289 -2.873884
v -4.388035 -6.600314 -2.797362
v -4.362579 -6.566798 -2.797362
v -4.362579 -6.566798 -2.797362
v -4.388035 -6.600314 -2.797362
v -4.422568 -6.519264 -2.612622
v -4.388035 -6.600314 -2.797362
v -4.450157 -6.555588 -2.612622
v -4.422568 -6.519264 -2.612622
v -4.422568 -6.519264 -2.612622
v -4.450157 -6.555588 -2.612622
v -4.422568 -6.519264 2.612622
v -4.450157 -6.555588 -2.612622
v -4.450157 -6.555588 2.612622
v -4.422568 -6.519264 2.612622
v -4.422568 -6.519264 2.612622
v -4.450157 -6.555588 2.612622
v -4.362579 -6.566798 2.797363
v -4.450157 -6.555588 2.612622
v -4.388035 -6.600314 2.797363
v -4.362579 -6.566798 2.797363
v -4.362579 -6.566798 2.797363
v -4.388035 -6.600314 2.797363
v -4.217752 -6.681551 2.873884
v -4.388035 -6.600314 2.797363
v -4.238061 -6.708289 2.873884
v -4.217752 -6.681551 2.873884
v -4.238061 -6.708289 -2.873884
v -4.254900 -6.732987 -2.873884
v -4.388035 -6.600314 -2.797362
v -4.254900 -6.732987 -2.873884
v -4.410937 -6.633903 -2.797362
v -4.388035 -6.600314 -2.797362
v -4.388035 -6.600314 -2.797362
v -4.410937 -6.633903 -2.797362
v -4.450157 -6.555588 -2.612622
v -4.410937 -6.633903 -2.797362
v -4.475570 -6.592861 -2.612622
v -4.450157 -6.555588 -2.612622
v -4.450157 -6.555588 -2.612622
v -4.475570 -6.592861 -2.612622
v -4.450157 -6.555588 2.612622
v -4.475570 -6.592861 -2.612622
v -4.475570 -6.592861 2.612622
v -4.450157 -6.555588 2.612622
v -4.450157 -6.555588 2.612622
v -4.475570 -6.592861 2.612622
v -4.388035 -6.600314 2.797363
v -4.475570 -6.592861 2.612622
v -4.410937 -6.633903 2.797363
v -4.388035 -6.600314 2.797363
v -4.388035 -6.600314 2.797363
v -4.410937 -6.633903 2.797363
v -4.238061 -6.708289 2.873884
v -4.410937 -6.633903 2.797363
v -4.254900 -6.732987 2.873884
v -4.238061 -6.708289 2.873884
v -4.254900 -6.732987 -2.873884
v -4.268269 -6.755643 -2.873884
v -4.410937 -6.633903 -2.797362
v -4.268269 -6.755643 -2.873884
v -4.431386 -6.668556 -2.797362
v -4.410937 -6.633903 -2.797362
v -4.410937 -6.633903 -2.797362
v -4.431386 -6.668556 -2.797362
v -4.475570 -6.592861 -2.612622
v -4.431386 -6.668556 -2.797362
v -4.498952 -6.632484 -2.612622
v -4.475570 -6.592861 -2.612622
v -4.475570 -6.592861 -2.612622
v -4.498952 -6.632484 -2.612622
v -4.475570 -6.592861 2.612622
v -4.498952 -6.632484 -2.612622
v -4.498952 -6.632484 2.612622
v -4.475570 -6.592861 2.612622
v -4.475570 -6.592861 2.612622
v -4.498952 -6.632484 2.612622
v -4.410937 -6.633903 2.797363
v -4.498952 -6.632484 2.612622
v -4.431386 -6.668556 2.797363
v -4.410937 -6.633903 2.797363
v -4.410937 -6.633903 2.797363
v -4.431386 -6.668556 2.797363
v -4.254900 -6.732987 2.873884
v -4.431386 -6.668556 2.797363
v -4.268269 -6.755643 2.873884
v -4.254900 -6.732987 2.873884
v -4.268269 -6.755643 -2.873884
v -4.278169 -6.776259 -2.873884
v -4.431386 -6.668556 -2.797362
v -4.278169 -6.776259 -2.873884
v -4.449012 -6.705261 -2.797362
v -4.431386 -6.668556 -2.797362
v -4.431386 -6.668556 -2.797362
v -4.449012 -6.705261 -2.797362
v -4.498952 -6.632484 -2.612622
v -4.449012 -6.705261 -2.797362
v -4.519777 -6.675853 -2.612622
v -4.498952 -6.632484 -2.612622
v -4.498952 -6.632484 -2.612622
v -4.519777 -6.675853 -2.612622
v -4.498952 -6.632484 2.612622
v -4.519777 -6.675853 -2.612622
v -4.519777 -6.675853 2.612622
v -4.498952 -6.632484 2.612622
v -4.498952 -6.632484 2.612622
v -4.519777 -6.675853 2.612622
v -4.431386 -6.668556 2.797363
v -4.519777 -6.675853 2.612622
v -4.449012 -6.705261 2.797363
v -4.431386 -6.668556 2.797363
v -4.431386 -6.668556 2.797363
v -4.449012 -6.705261 2.797363
v -4.268269 -6.755643 2.873884
v -4.449012 -6.705261 2.797363
v -4.278169 -6.776259 2.873884
v -4.268269 -6.755643 2.873884
v -4.278169 -6.776259 -2.873884
v -4.285823 -6.797894 -2.873884
v -4.449012 -6.705261 -2.797362
v -4.285823 -6.797894 -2.873884
v -4.462686 -6.743914 -2.797362
v -4.449012 -6.705261 -2.797362
v -4.449012 -6.705261 -2.797362
v -4.462686 -6.743914 -2.797362
v -4.519777 -6.675853 -2.612622
v -4.462686 -6.743914 -2.797362
v -4.535945 -6.721553 -2.612622
v -4.519777 -6.675853 -2.612622
v -4.519777 -6.675853 -2.612622
v -4.535945 -6.721553 -2.612622
v -4.519777 -6.675853 2.612622
v -4.535945 -6.721553 -2.612622
v -4.535945 -6.721553 2.612622
v -4.519777 -6.675853 2.612622
v -4.519777 -6.675853 2.612622
v -4.535945 -6.721553 2.612622
v -4.449012 -6.705261 2.797363
v -4.535945 -6.721553 2.612622
v -4.462686 -6.743914 2.797363
v -4.449012 -6.705261 2.797363
v -4.449012 -6.705261 2.797363
v -4.462686 -6.743914 2.797363
v -4.278169 -6.776259 2.873884
v -4.462686 -6.743914 2.797363
v -4.285823 -6.797894 2.873884
v -4.278169 -6.776259 2.873884
v -4.285823 -6.797894 -2.873884
v -4.292456 -6.823612 -2.873884
v -4.462686 -6.743914 -2.797362
v -4.292456 -6.823612 -2.873884
v -4.472871 -6.783400 -2.797362
v -4.462686 -6.743914 -2.797362
v -4.462686 -6.743914 -2.797362
v -4.472871 -6.783400 -2.797362
v -4.535945 -6.721553 -2.612622
v -4.472871 -6.783400 -2.797362
v -4.547601 -6.766743 -2.612622
v -4.535945 -6.721553 -2.612622
v -4.535945 -6.721553 -2.612622
v -4.547601 -6.766743 -2.612622
v -4.535945 -6.721553 2.612622
v -4.547601 -6.766743 -2.612622
v -4.547601 -6.766743 2.612622
v -4.535945 -6.721553 2.612622
v -4.535945 -6.721553 2.612622
v -4.547601 -6.766743 2.612622
v -4.462686 -6.743914 2.797363
v -4.547601 -6.766743 2.612622
v -4.472871 -6.783400 2.797363
v -4.462686 -6.743914 2.797363
v -4.462686 -6.743914 2.797363
v -4.472871 -6.783400 2.797363
v -4.285823 -6.797894 2.873884
v -4.472871 -6.783400 2.797363
v -4.292456 -6.823612 2.873884
v -4.285823 -6.797894 2.873884
v -4.292456 -6.823612 -2.873884
v -4.298070 -6.853412 -2.873884
v -4.472871 -6.783400 -2.797362
v -4.298070 -6.853412 -2.873884
v -4.480497 -6.823888 -2.797362
v -4.472871 -6.783400 -2.797362
v -4.472871 -6.783400 -2.797362
v -4.480497 -6.823888 -2.797362
v -4.547601 -6.766743 -2.612622
v -4.480497 -6.823888 -2.797362
v -4.556061 -6.811659 -2.612622
v -4.547601 -6.766743 -2.612622
v -4.547601 -6.766743 -2.612622
v -4.556061 -6.811659 -2.612622
v -4.547601 -6.766743 2.612622
v -4.556061 -6.811659 -2.612622
v -4.556061 -6.811659 2.612622
v -4.547601 -6.766743 2.612622
v -4.547601 -6.766743 2.612622
v -4.556061 -6.811659 2.612622
v -4.472871 -6.783400 2.797363
v -4.556061 -6.811659 2.612622
v -4.480497 -6.823888 2.797363
v -4.472871 -6.783400 2.797363
v -4.472871 -6.783400 2.797363
v -4.480497 -6.823888 2.797363
v -4.292456 -6.823612 2.873884
v -4.480497 -6.823888 2.797363
v -4.298070 -6.853412 2.873884
v -4.292456 -6.823612 2.873884
v -4.298070 -6.853412 -2.873884
v -4.302662 -6.887294 -2.873884
v -4.480497 -6.823888 -2.797362
v -4.302662 -6.887294 -2.873884
v -4.486236 -6.866227 -2.797362
v -4.480497 -6.823888 -2.797362
v -4.480497 -6.823888 -2.797362
v -4.486236 -6.866227 -2.797362
v -4.556061 -6.811659 -2.612622
v -4.486236 -6.866227 -2.797362
v -4.562275 -6.857500 -2.612622
v -4.556061 -6.811659 -2.612622
v -4.556061 -6.811659 -2.612622
v -4.562275 -6.857500 -2.612622
v -4.556061 -6.811659 2.612622
v -4.562275 -6.857500 -2.612622
v -4.562275 -6.857500 2.612622
v -4.556061 -6.811659 2.612622
v -4.556061 -6.811659 2.612622
v -4.562275 -6.857500 2.612622
v -4.480497 -6.823888 2.797363
v -4.562275 -6.857500 2.612622
v -4.486236 -6.866227 2.797363
v -4.480497 -6.823888 2.797363
v -4.480497 -6.823888 2.797363
v -4.486236 -6.866227 2.797363
v -4.298070 -6.853412 2.873884
v -4.486236 -6.866227 2.797363
v -4.302662 -6.887294 2.873884
v -4.298070 -6.853412 2.873884
v -4.302662 -6.887294 -2.873884
v -4.306234 -6.925260 -2.873884
v -4.486236 -6.866227 -2.797362
v -4.306234 -6.925260 -2.873884
v -4.490449 -6.911008 -2.797362
v -4.486236 -6.866227 -2.797362
v -4.486236 -6.866227 -2.797362
v -4.490449 -6.911008 -2.797362
v -4.562275 -6.857500 -2.612622
v -4.490449 -6.911008 -2.797362
v -4.566754 -6.905105 -2.612622
v -4.562275 -6.857500 -2.612622
v -4.562275 -6.857500 -2.612622
v -4.566754 -6.905105 -2.612622
v -4.562275 -6.857500 2.612622
v -4.566754 -6.905105 -2.612622
v -4.566754 -6.905105 2.612622
v -4.562275 -6.857500 2.612622
v -4.562275 -6.857500 2.612622
v -4.566754 -6.905105 2.612622
v -4.486236 -6.866227 2.797363
v -4.566754 -6.905105 2.612622
v -4.490449 -6.911008 2.797363
v -4.486236 -6.866227 2.797363
v -4.486236 -6.866227 2.797363
v -4.490449 -6.911008 2.797363
v -4.302662 -6.887294 2.873884
v -4.490449 -6.911008 2.797363
v -4.306234 -6.925260 2.873884
v -4.302662 -6.887294 2.873884
v -4.306234 -6.925260 -2.873884
v -4.308785 -6.967307 -2.873884
v -4.490449 -6.911008 -2.797362
v -4.308785 -6.967307 -2.873884
v -4.493340 -6.958646 -2.797362
v -4.490449 -6.911008 -2.797362
v -4.490449 -6.911008 -2.797362
v -4.493340 -6.958646 -2.797362
v -4.566754 -6.905105 -2.612622
v -4.493340 -6.958646 -2.797362
v -4.569785 -6.955059 -2.612622
v -4.566754 -6.905105 -2.612622
v -4.566754 -6.905105 -2.612622
v -4.569785 -6.955059 -2.612622
v -4.566754 -6.905105 2.612622
v -4.569785 -6.955059 -2.612622
v -4.569785 -6.955059 2.612622
v -4.566754 -6.905105 2.612622
v -4.566754 -6.905105 2.612622
v -4.569785 -6.955059 2.612622
v -4.490449 -6.911008 2.797363
v -4.569785 -6.955059 2.612622
v -4.493340 -6.958646 2.797363
v -4.490449 -6.911008 2.797363
v -4.490449 -6.911008 2.797363
v -4.493340 -6.958646 2.797363
v -4.306234 -6.925260 2.873884
v -4.493340 -6.958646 2.797363
v -4.308785 -6.967307 2.873884
v -4.306234 -6.925260 2.873884
v -4.308785 -6.967307 -2.873884
v -4.310316 -7.013435 -2.873884
v -4.493340 -6.958646 -2.797362
v -4.310316 -7.013435 -2.873884
v -4.495025 -7.009433 -2.797362
v -4.493340 -6.958646 -2.797362
v -4.493340 -6.958646 -2.797362
v -4.495025 -7.009433 -2.797362
v -4.569785 -6.955059 -2.612622
v -4.495025 -7.009433 -2.797362
v -4.571534 -7.007774 -2.612622
v -4.569785 -6.955059 -2.612622
v -4.569785 -6.955059 -2.612622
v -4.571534 -7.007774 -2.612622
v -4.569785 -6.955059 2.612622
v -4.571534 -7.007774 -2.612622
v -4.571534 -7.007774 2.612622
v -4.569785 -6.955059 2.612622
v -4.569785 -6.955059 2.612622
v -4.571534 -7.007774 2.612622
v -4.493340 -6.958646 2.797363
v -4.571534 -7.007774 2.612622
v -4.495025 -7.009433 2.797363
v -4.493340 -6.958646 2.797363
v -4.493340 -6.958646 2.797363
v -4.495025 -7.009433 2.797363
v -4.308785 -6.967307 2.873884
v -4.495025 -7.009433 2.797363
v -4.310316 -7.013435 2.873884
v -4.308785 -6.967307 2.873884
v -4.310316 -7.013435 -2.873884
v -4.310826 -7.063647 -2.873884
v -4.495025 -7.009433 -2.797362
v -4.310826 -7.063647 -2.873884
v -4.495567 -7.062709 -2.797362
v -4.495025 -7.009433 -2.797362
v -4.495025 -7.009433 -2.797362
v -4.495567 -7.062709 -2.797362
v -4.571534 -7.007774 -2.612622
v -4.495567 -7.062709 -2.797362
v -4.572089 -7.062319 -2.612622
v -4.571534 -7.007774 -2.612622
v -4.571534 -7.007774 -2.612622
v -4.572089 -7.062319 -2.612622
v -4.571534 -7.007774 2.612622
v -4.572089 -7.062319 -2.612622
v -4.572089 -7.062319 2.612622
v -4.571534 -7.007774 2.612622
v -4.571534 -7.007774 2.612622
v -4.572089 -7.062319 2.612622
v -4.495025 -7.009433 2.797363
v -4.572089 -7.062319 2.612622
v -4.495567 -7.062709 2.797363
v -4.495025 -7.009433 2.797363
v -4.495025 -7.009433 2.797363
v -4.495567 -7.062709 2.797363
v -4.310316 -7.013435 2.873884
v -4.495567 -7.062709 2.797363
v -4.310826 -7.063647 2.873884
v -4.310316 -7.013435 2.873884
v -4.310826 -7.063647 -2.873884
v -4.310826 -14.940703 -2.873884
v -4.495567 -7.062709 -2.797362
v -4.310826 -14.940703 -2.873884
v -4.495567 -14.941703 -2.797362
v -4.495567 -7.062709 -2.797362
v -4.495567 -7.062709 -2.797362
v -4.495567 -14.941703 -2.797362
v -4.572089 -7.062319 -2.612622
v -4.495567 -14.941703 -2.797362
v -4.572089 -14.942116 -2.612622
v -4.572089 -7.062319 -2.612622
v -4.572089 -7.062319 -2.612622
v -4.572089 -14.942116 -2.612622
v -4.572089 -7.062319 2.612622
v -4.572089 -14.942116 -2.612622
v -4.572089 -14.942116 2.612622
v -4.572089 -7.062319 2.612622
v -4.572089 -7.062319 2.612622
v -4.572089 -14.942116 2.612622
v -4.495567 -7.062709 2.797363
v -4.572089 -14.942116 2.612622
v -4.495567 -14.941703 2.797363
v -4.495567 -7.062709 2.797363
v -4.495567 -7.062709 2.797363
v -4.495567 -14.941703 2.797363
v -4.310826 -7.063647 2.873884
v -4.495567 -14.941703 2.797363
v -4.310826 -14.940703 2.873884
v -4.310826 -7.063647 2.873884
v -4.310826 -14.940703 -2.873884
v -4.310316 -14.987852 -2.873884
v -4.495567 -14.941703 -2.797362
v -4.310316 -14.987852 -2.873884
v -4.495021 -14.992103 -2.797362
v -4.495567 -14.941703 -2.797362
v -4.495567 -14.941703 -2.797362
v -4.495021 -14.992103 -2.797362
v -4.572089 -14.942116 -2.612622
v -4.495021 -14.992103 -2.797362
v -4.571528 -14.993864 -2.612622
v -4.572089 -14.942116 -2.612622
v -4.572089 -14.942116 -2.612622
v -4.571528 -14.993864 -2.612622
v -4.572089 -14.942116 2.612622
v -4.571528 -14.993864 -2.612622
v -4.571528 -14.993864 2.612622
v -4.572089 -14.942116 2.612622
v -4.572089 -14.942116 2.612622
v -4.571528 -14.993864 2.612622
v -4.495567 -14.941703 2.797363
v -4.571528 -14.993864 2.612622
v -4.495021 -14.992103 2.797363
v -4.495567 -14.941703 2.797363
v -4.495567 -14.941703 2.797363
v -4.495021 -14.992103 2.797363
v -4.310826 -14.940703 2.873884
v -4.495021 -14.992103 2.797363
v -4.310316 -14.987852 2.873884
v -4.310826 -14.940703 2.873884
v -4.310316 -14.987852 -2.873884
v -4.308785 -15.031328 -2.873884
v -4.495021 -14.992103 -2.797362
v -4.308785 -15.031328 -2.873884
v -4.493317 -15.040489 -2.797362
v -4.495021 -14.992103 -2.797362
v -4.495021 -14.992103 -2.797362
v -4.493317 -15.040489 -2.797362
v -4.571528 -14.993864 -2.612622
v -4.493317 -15.040489 -2.797362
v -4.569753 -15.044284 -2.612622
v -4.571528 -14.993864 -2.612622
v -4.571528 -14.993864 -2.612622
v -4.569753 -15.044284 -2.612622
v -4.571528 -14.993864 2.612622
v -4.569753 -15.044284 -2.612622
v -4.569753 -15.044284 2.612622
v -4.571528 -14.993864 2.612622
v -4.571528 -14.993864 2.612622
v -4.569753 -15.044284 2.612622
v -4.495021 -14.992103 2.797363
v -4.569753 -15.044284 2.612622
v -4.493317 -15.040489 2.797363
v -4.495021 -14.992103 2.797363
v -4.495021 -14.992103 2.797363
v -4.493317 -15.040489 2.797363
v -4.310316 -14.987852 2.873884
v -4.493317 -15.040489 2.797363
v -4.308785 -15.031328 2.873884
v -4.310316 -14.987852 2.873884
v -4.308785 -15.031328 -2.873884
v -4.306234 -15.071130 -2.873884
v -4.493317 -15.040489 -2.797362
v -4.306234 -15.071130 -2.873884
v -4.490392 -15.086132 -2.797362
v -4.493317 -15.040489 -2.797362
v -4.493317 -15.040489 -2.797362
v -4.490392 -15.086132 -2.797362
v -4.569753 -15.044284 -2.612622
v -4.490392 -15.086132 -2.797362
v -4.566672 -15.092346 -2.612622
v -4.569753 -15.044284 -2.612622
v -4.569753 -15.044284 -2.612622
v -4.566672 -15.092346 -2.612622
v -4.569753 -15.044284 2.612622
v -4.566672 -15.092346 -2.612622
v -4.566672 -15.092346 2.612622
v -4.569753 -15.044284 2.612622
v -4.569753 -15.044284 2.612622
v -4.566672 -15.092346 2.612622
v -4.493317 -15.040489 2.797363
v -4.566672 -15.092346 2.612622
v -4.490392 -15.086132 2.797363
v -4.493317 -15.040489 2.797363
v -4.493317 -15.040489 2.797363
v -4.490392 -15.086132 2.797363
v -4.308785 -15.031328 2.873884
v -4.490392 -15.086132 2.797363
v -4.306234 -15.071130 2.873884
v -4.308785 -15.031328 2.873884
v -4.306234 -15.071130 -2.873884
v -4.302662 -15.107258 -2.873884
v -4.490392 -15.086132 -2.797362
v -4.302662 -15.107258 -2.873884
v -4.486124 -15.129298 -2.797362
v -4.490392 -15.086132 -2.797362
v -4.490392 -15.086132 -2.797362
v -4.486124 -15.129298 -2.797362
v -4.566672 -15.092346 -2.612622
v -4.486124 -15.129298 -2.797362
v -4.562116 -15.138427 -2.612622
v -4.566672 -15.092346 -2.612622
v -4.566672 -15.092346 -2.612622
v -4.562116 -15.138427 -2.612622
v -4.566672 -15.092346 2.612622
v -4.562116 -15.138427 -2.612622
v -4.562116 -15.138427 2.612622
v -4.566672 -15.092346 2.612622
v -4.566672 -15.092346 2.612622
v -4.562116 -15.138427 2.612622
v -4.490392 -15.086132 2.797363
v -4.562116 -15.138427 2.612622
v -4.486124 -15.129298 2.797363
v -4.490392 -15.086132 2.797363
v -4.490392 -15.086132 2.797363
v -4.486124 -15.129298 2.797363
v -4.306234 -15.071130 2.873884
v -4.486124 -15.129298 2.797363
v -4.302662 -15.107258 2.873884
v -4.306234 -15.071130 2.873884
v -4.302662 -15.107258 -2.873884
v -4.298070 -15.139711 -2.873884
v -4.486124 -15.129298 -2.797362
v -4.298070 -15.139711 -2.873884
v -4.480313 -15.170356 -2.797362
v -4.486124 -15.129298 -2.797362
v -4.486124 -15.129298 -2.797362
v -4.480313 -15.170356 -2.797362
v -4.562116 -15.138427 -2.612622
v -4.480313 -15.170356 -2.797362
v -4.555802 -15.183050 -2.612622
v -4.562116 -15.138427 -2.612622
v -4.562116 -15.138427 -2.612622
v -4.555802 -15.183050 -2.612622
v -4.562116 -15.138427 2.612622
v -4.555802 -15.183050 -2.612622
v -4.555802 -15.183050 2.612622
v -4.562116 -15.138427 2.612622
v -4.562116 -15.138427 2.612622
v -4.555802 -15.183050 2.612622
v -4.486124 -15.129298 2.797363
v -4.555802 -15.183050 2.612622
v -4.480313 -15.170356 2.797363
v -4.486124 -15.129298 2.797363
v -4.486124 -15.129298 2.797363
v -4.480313 -15.170356 2.797363
v -4.302662 -15.107258 2.873884
v -4.480313 -15.170356 2.797363
v -4.298070 -15.139711 2.873884
v -4.302662 -15.107258 2.873884
v -4.298070 -15.139711 -2.873884
v -4.292456 -15.168491 -2.873884
v -4.480313 -15.170356 -2.797362
v -4.292456 -15.168491 -2.873884
v -4.472618 -15.209814 -2.797362
v -4.480313 -15.170356 -2.797362
v -4.480313 -15.170356 -2.797362
v -4.472618 -15.209814 -2.797362
v -4.555802 -15.183050 -2.612622
v -4.472618 -15.209814 -2.797362
v -4.547243 -15.226931 -2.612622
v -4.555802 -15.183050 -2.612622
v -4.555802 -15.183050 -2.612622
v -4.547243 -15.226931 -2.612622
v -4.555802 -15.183050 2.612622
v -4.547243 -15.226931 -2.612622
v -4.547243 -15.226931 2.612622
v -4.555802 -15.183050 2.612622
v -4.555802 -15.183050 2.612622
v -4.547243 -15.226931 2.612622
v -4.480313 -15.170356 2.797363
v -4.547243 -15.226931 2.612622
v -4.472618 -15.209814 2.797363
v -4.480313 -15.170356 2.797363
v -4.480313 -15.170356 2.797363
v -4.472618 -15.209814 2.797363
v -4.298070 -15.139711 2.873884
v -4.472618 -15.209814 2.797363
v -4.292456 -15.168491 2.873884
v -4.298070 -15.139711 2.873884
v -4.292456 -15.168491 -2.873884
v -4.285823 -15.193596 -2.873884
v -4.472618 -15.209814 -2.797362
v -4.285823 -15.193596 -2.873884
v -4.462433 -15.248359 -2.797362
v -4.472618 -15.209814 -2.797362
v -4.472618 -15.209814 -2.797362
v -4.462433 -15.248359 -2.797362
v -4.547243 -15.226931 -2.612622
v -4.462433 -15.248359 -2.797362
v -4.535588 -15.271042 -2.612622
v -4.547243 -15.226931 -2.612622
v -4.547243 -15.226931 -2.612622
v -4.535588 -15.271042 -2.612622
v -4.547243 -15.226931 2.612622
v -4.535588 -15.271042 -2.612622
v -4.535588 -15.271042 2.612622
v -4.547243 -15.226931 2.612622
v -4.547243 -15.226931 2.612622
v -4.535588 -15.271042 2.612622
v -4.472618 -15.209814 2.797363
v -4.535588 -15.271042 2.612622
v -4.462433 -15.248359 2.797363
v -4.472618 -15.209814 2.797363
v -4.472618 -15.209814 2.797363
v -4.462433 -15.248359 2.797363
v -4.292456 -15.168491 2.873884
v -4.462433 -15.248359 2.797363
v -4.285823 -15.193596 2.873884
v -4.292456 -15.168491 2.873884
v -4.285823 -15.193596 -2.873884
v -4.278169 -15.215028 -2.873884
v -4.462433 -15.248359 -2.797362
v -4.278169 -15.215028 -2.873884
v -4.449011 -15.285941 -2.797362
v -4.462433 -15.248359 -2.797362
v -4.462433 -15.248359 -2.797362
v -4.449011 -15.285941 -2.797362
v -4.535588 -15.271042 -2.612622
v -4.449011 -15.285941 -2.797362
v -4.519777 -15.315314 -2.612622
v -4.535588 -15.271042 -2.612622
v -4.535588 -15.271042 -2.612622
v -4.519777 -15.315314 -2.612622
v -4.535588 -15.271042 2.612622
v -4.519777 -15.315314 -2.612622
v -4.519777 -15.315314 2.612622
v -4.535588 -15.271042 2.612622
v -4.535588 -15.271042 2.612622
v -4.519777 -15.315314 2.612622
v -4.462433 -15.248359 2.797363
v -4.519777 -15.315314 2.612622
v -4.449011 -15.285941 2.797363
v -4.462433 -15.248359 2.797363
v -4.462433 -15.248359 2.797363
v -4.449011 -15.285941 2.797363
v -4.285823 -15.193596 2.873884
v -4.449011 -15.285941 2.797363
v -4.278169 -15.215028 2.873884
v -4.285823 -15.193596 2.873884
v -4.278169 -15.215028 -2.873884
v -4.268269 -15.235847 -2.873884
v -4.449011 -15.285941 -2.797362
v -4.268269 -15.235847 -2.873884
v -4.432028 -15.321659 -2.797362
v -4.449011 -15.285941 -2.797362
v -4.449011 -15.285941 -2.797362
v -4.432028 -15.321659 -2.797362
v -4.519777 -15.315314 -2.612622
v -4.432028 -15.321659 -2.797362
v -4.499858 -15.357204 -2.612622
v -4.519777 -15.315314 -2.612622
v -4.519777 -15.315314 -2.612622
v -4.499858 -15.357204 -2.612622
v -4.519777 -15.315314 2.612622
v -4.499858 -15.357204 -2.612622
v -4.499858 -15.357204 2.612622
v -4.519777 -15.315314 2.612622
v -4.519777 -15.315314 2.612622
v -4.499858 -15.357204 2.612622
v -4.449011 -15.285941 2.797363
v -4.499858 -15.357204 2.612622
v -4.432028 -15.321659 2.797363
v -4.449011 -15.285941 2.797363
v -4.449011 -15.285941 2.797363
v -4.432028 -15.321659 2.797363
v -4.278169 -15.215028 2.873884
v -4.432028 -15.321659 2.797363
v -4.268269 -15.235847 2.873884
v -4.278169 -15.215028 2.873884
v -4.268269 -15.235847 -2.873884
v -4.254900 -15.259116 -2.873884
v -4.432028 -15.321659 -2.797362
v -4.254900 -15.259116 -2.873884
v -4.412403 -15.355814 -2.797362
v -4.432028 -15.321659 -2.797362
v -4.432028 -15.321659 -2.797362
v -4.412403 -15.355814 -2.797362
v -4.499858 -15.357204 -2.612622
v -4.412403 -15.355814 -2.797362
v -4.477643 -15.395868 -2.612622
v -4.499858 -15.357204 -2.612622
v -4.499858 -15.357204 -2.612622
v -4.477643 -15.395868 -2.612622
v -4.499858 -15.357204 2.612622
v -4.477643 -15.395868 -2.612622
v -4.477643 -15.395868 2.612622
v -4.499858 -15.357204 2.612622
v -4.499858 -15.357204 2.612622
v -4.477643 -15.395868 2.612622
v -4.432028 -15.321659 2.797363
v -4.477643 -15.395868 2.612622
v -4.412403 -15.355814 2.797363
v -4.432028 -15.321659 2.797363
v -4.432028 -15.321659 2.797363
v -4.412403 -15.355814 2.797363
v -4.268269 -15.235847 2.873884
v -4.412403 -15.355814 2.797363
v -4.254900 -15.259116 2.873884
v -4.268269 -15.235847 2.873884
v -4.254900 -15.259116 -2.873884
v -4.238061 -15.284834 -2.873884
v -4.412403 -15.355814 -2.797362
v -4.238061 -15.284834 -2.873884
v -4.390342 -15.389508 -2.797362
v -4.412403 -15.355814 -2.797362
v -4.412403 -15.355814 -2.797362
v -4.390342 -15.389508 -2.797362
v -4.477643 -15.395868 -2.612622
v -4.390342 -15.389508 -2.797362
v -4.453419 -15.432866 -2.612622
v -4.477643 -15.395868 -2.612622
v -4.477643 -15.395868 -2.612622
v -4.453419 -15.432866 -2.612622
v -4.477643 -15.395868 2.612622
v -4.453419 -15.432866 -2.612622
v -4.453419 -15.432866 2.612622
v -4.477643 -15.395868 2.612622
v -4.477643 -15.395868 2.612622
v -4.453419 -15.432866 2.612622
v -4.412403 -15.355814 2.797363
v -4.453419 -15.432866 2.612622
v -4.390342 -15.389508 2.797363
v -4.412403 -15.355814 2.797363
v -4.412403 -15.355814 2.797363
v -4.390342 -15.389508 2.797363
v -4.254900 -15.259116 2.873884
v -4.390342 -15.389508 2.797363
v -4.238061 -15.284834 2.873884
v -4.254900 -15.259116 2.873884
v -4.238061 -15.284834 -2.873884
v -4.217752 -15.313001 -2.873884
v -4.390342 -15.389508 -2.797362
v -4.217752 -15.313001 -2.873884
v -4.365676 -15.423718 -2.797362
v -4.390342 -15.389508 -2.797362
v -4.390342 -15.389508 -2.797362
v -4.365676 -15.423718 -2.797362
v -4.453419 -15.432866 -2.612622
v -4.365676 -15.423718 -2.797362
v -4.426948 -15.469579 -2.612622
v -4.453419 -15.432866 -2.612622
v -4.453419 -15.432866 -2.612622
v -4.426948 -15.469579 -2.612622
v -4.453419 -15.432866 2.612622
v -4.426948 -15.469579 -2.612622
v -4.426948 -15.469579 2.612622
v -4.453419 -15.432866 2.612622
v -4.453419 -15.432866 2.612622
v -4.426948 -15.469579 2.612622
v -4.390342 -15.389508 2.797363
v -4.426948 -15.469579 2.612622
v -4.365676 -15.423718 2.797363
v -4.390342 -15.389508 2.797363
v -4.390342 -15.389508 2.797363
v -4.365676 -15.423718 2.797363
v -4.238061 -15.284834 2.873884
v -4.365676 -15.423718 2.797363
v -4.217752 -15.313001 2.873884
v -4.238061 -15.284834 2.873884
v -4.217752 -15.313001 -2.873884
v -4.193973 -15.343618 -2.873884
v -4.365676 -15.423718 -2.797362
v -4.193973 -15.343618 -2.873884
v -4.338239 -15.459045 -2.797362
v -4.365676 -15.423718 -2.797362
v -4.365676 -15.423718 -2.797362
v -4.338239 -15.459045 -2.797362
v -4.426948 -15.469579 -2.612622
v -4.338239 -15.459045 -2.797362
v -4.397996 -15.506856 -2.612622
v -4.426948 -15.469579 -2.612622
v -4.426948 -15.469579 -2.612622
v -4.397996 -15.506856 -2.612622
v -4.426948 -15.469579 2.612622
v -4.397996 -15.506856 -2.612622
v -4.397996 -15.506856 2.612622
v -4.426948 -15.469579 2.612622
v -4.426948 -15.469579 2.612622
v -4.397996 -15.506856 2.612622
v -4.365676 -15.423718 2.797363
v -4.397996 -15.506856 2.612622
v -4.338239 -15.459045 2.797363
v -4.365676 -15.423718 2.797363
v -4.365676 -15.423718 2.797363
v -4.338239 -15.459045 2.797363
v -4.217752 -15.313001 2.873884
v -4.338239 -15.459045 2.797363
v -4.193973 -15.343618 2.873884
v -4.217752 -15.313001 2.873884
v -4.193973 -15.343618 -2.873884
v -4.166724 -15.376684 -2.873884
v -4.338239 -15.459045 -2.797362
v -4.166724 -15.376684 -2.873884
v -4.307891 -15.495872 -2.797362
v -4.338239 -15.459045 -2.797362
v -4.338239 -15.459045 -2.797362
v -4.307891 -15.495872 -2.797362
v -4.397996 -15.506856 -2.612622
v -4.307891 -15.495872 -2.797362
v -4.366364 -15.545241 -2.612622
v -4.397996 -15.506856 -2.612622
v -4.397996 -15.506856 -2.612622
v -4.366364 -15.545241 -2.612622
v -4.397996 -15.506856 2.612622
v -4.366364 -15.545241 -2.612622
v -4.366364 -15.545241 2.612622
v -4.397996 -15.506856 2.612622
v -4.397996 -15.506856 2.612622
v -4.366364 -15.545241 2.612622
v -4.338239 -15.459045 2.797363
v -4.366364 -15.545241 2.612622
v -4.307891 -15.495872 2.797363
v -4.338239 -15.459045 2.797363
v -4.338239 -15.459045 2.797363
v -4.307891 -15.495872 2.797363
v -4.193973 -15.343618 2.873884
v -4.307891 -15.495872 2.797363
v -4.166724 -15.376684 2.873884
v -4.193973 -15.343618 2.873884
v -4.166724 -15.376684 -2.873884
v -4.136005 -15.412199 -2.873884
v -4.307891 -15.495872 -2.797362
v -4.136005 -15.412199 -2.873884
v -4.274522 -15.534451 -2.797362
v -4.307891 -15.495872 -2.797362
v -4.307891 -15.495872 -2.797362
v -4.274522 -15.534451 -2.797362
v -4.366364 -15.545241 -2.612622
v -4.274522 -15.534451 -2.797362
v -4.331897 -15.585090 -2.612622
v -4.366364 -15.545241 -2.612622
v -4.366364 -15.545241 -2.612622
v -4.331897 -15.585090 -2.612622
v -4.366364 -15.545241 2.612622
v -4.331897 -15.585090 -2.612622
v -4.331897 -15.585090 2.612622
v -4.366364 -15.545241 2.612622
v -4.366364 -15.545241 2.612622
v -4.331897 -15.585090 2.612622
v -4.307891 -15.495872 2.797363
v -4.331897 -15.585090 2.612622
v -4.274522 -15.534451 2.797363
v -4.307891 -15.495872 2.797363
v -4.307891 -15.495872 2.797363
v -4.274522 -15.534451 2.797363
v -4.166724 -15.376684 2.873884
v -4.274522 -15.534451 2.797363
v -4.136005 -15.412199 2.873884
v -4.166724 -15.376684 2.873884
v -4.136005 -15.412199 -2.873884
v -4.101817 -15.450164 -2.873884
v -4.274522 -15.534451 -2.797362
v -4.101817 -15.450164 -2.873884
v -4.237340 -15.575740 -2.797362
v -4.274522 -15.534451 -2.797362
v -4.274522 -15.534451 -2.797362
v -4.237340 -15.575740 -2.797362
v -4.331897 -15.585090 -2.612622
v -4.237340 -15.575740 -2.797362
v -4.293475 -15.627756 -2.612622
v -4.331897 -15.585090 -2.612622
v -4.331897 -15.585090 -2.612622
v -4.293475 -15.627756 -2.612622
v -4.331897 -15.585090 2.612622
v -4.293475 -15.627756 -2.612622
v -4.293475 -15.627756 2.612622
v -4.331897 -15.585090 2.612622
v -4.331897 -15.585090 2.612622
v -4.293475 -15.627756 2.612622
v -4.274522 -15.534451 2.797363
v -4.293475 -15.627756 2.612622
v -4.237340 -15.575740 2.797363
v -4.274522 -15.534451 2.797363
v -4.274522 -15.534451 2.797363
v -4.237340 -15.575740 2.797363
v -4.136005 -15.412199 2.873884
v -4.237340 -15.575740 2.797363
v -4.101817 -15.450164 2.873884
v -4.136005 -15.412199 2.873884
v -4.101817 -15.450164 -2.873884
v -1.698204 -17.971344 -2.873884
v -4.237340 -15.575740 -2.797362
v -1.698204 -17.971344 -2.873884
v -1.829868 -18.100969 -2.797362
v -4.237340 -15.575740 -2.797362
v -4.237340 -15.575740 -2.797362
v -1.829868 -18.100969 -2.797362
v -4.293475 -15.627756 -2.612622
v -1.829868 -18.100969 -2.797362
v -1.884404 -18.154661 -2.612622
v -4.293475 -15.627756 -2.612622
v -4.293475 -15.627756 -2.612622
v -1.884404 -18.154661 -2.612622
v -4.293475 -15.627756 2.612622
v -1.884404 -18.154661 -2.612622
v -1.884404 -18.154661 2.612622
v -4.293475 -15.627756 2.612622
v -4.293475 -15.627756 2.612622
v -1.884404 -18.154661 2.612622
v -4.237340 -15.575740 2.797363
v -1.884404 -18.154661 2.612622
v -1.829868 -18.100969 2.797363
v -4.237340 -15.575740 2.797363
v -4.237340 -15.575740 2.797363
v -1.829868 -18.100969 2.797363
v -4.101817 -15.450164 2.873884
v -1.829868 -18.100969 2.797363
v -1.698204 -17.971344 2.873884
v -4.101817 -15.450164 2.873884
v -1.698204 -17.971344 -2.873884
v -0.104505 -19.538917 -2.873884
v -1.829868 -18.100969 -2.797362
v -0.104505 -19.538917 -2.873884
v -0.228347 -19.676235 -2.797362
v -1.829868 -18.100969 -2.797362
v -1.829868 -18.100969 -2.797362
v -0.228347 -19.676235 -2.797362
v -1.884404 -18.154661 -2.612622
v -0.228347 -19.676235 -2.797362
v -0.279644 -19.733114 -2.612622
v -1.884404 -18.154661 -2.612622
v -1.884404 -18.154661 -2.612622
v -0.279644 -19.733114 -2.612622
v -1.884404 -18.154661 2.612622
v -0.279644 -19.733114 -2.612622
v -0.279644 -19.733114 2.612622
v -1.884404 -18.154661 2.612622
v -1.884404 -18.154661 2.612622
v -0.279644 -19.733114 2.612622
v -1.829868 -18.100969 2.797363
v -0.279644 -19.733114 2.612622
v -0.228347 -19.676235 2.797363
v -1.829868 -18.100969 2.797363
v -1.829868 -18.100969 2.797363
v -0.228347 -19.676235 2.797363
v -1.698204 -17.971344 2.873884
v -0.228347 -19.676235 2.797363
v -0.104505 -19.538917 2.873884
v -1.698204 -17.971344 2.873884
v -0.104505 -19.538917 -2.873884
v -0.056335 -19.578719 -2.873884
v -0.228347 -19.676235 -2.797362
v -0.056335 -19.578719 -2.873884
v -0.165869 -19.727859 -2.797362
v -0.228347 -19.676235 -2.797362
v -0.228347 -19.676235 -2.797362
v -0.165869 -19.727859 -2.797362
v -0.279644 -19.733114 -2.612622
v -0.165869 -19.727859 -2.797362
v -0.211239 -19.789635 -2.612622
v -0.279644 -19.733114 -2.612622
v -0.279644 -19.733114 -2.612622
v -0.211239 -19.789635 -2.612622
v -0.279644 -19.733114 2.612622
v -0.211239 -19.789635 -2.612622
v -0.211239 -19.789635 2.612622
v -0.279644 -19.733114 2.612622
v -0.279644 -19.733114 2.612622
v -0.211239 -19.789635 2.612622
v -0.228347 -19.676235 2.797363
v -0.211239 -19.789635 2.612622
v -0.165869 -19.727859 2.797363
v -0.228347 -19.676235 2.797363
v -0.228347 -19.676235 2.797363
v -0.165869 -19.727859 2.797363
v -0.104505 -19.538917 2.873884
v -0.165869 -19.727859 2.797363
v -0.056335 -19.578719 2.873884
v -0.104505 -19.538917 2.873884
v -0.056335 -19.578719 -2.873884
v -0.003266 -19.613214 -2.873884
v -0.165869 -19.727859 -2.797362
v -0.003266 -19.613214 -2.873884
v -0.095426 -19.773647 -2.797362
v -0.165869 -19.727859 -2.797362
v -0.165869 -19.727859 -2.797362
v -0.095426 -19.773647 -2.797362
v -0.211239 -19.789635 -2.612622
v -0.095426 -19.773647 -2.797362
v -0.133600 -19.840100 -2.612622
v -0.211239 -19.789635 -2.612622
v -0.211239 -19.789635 -2.612622
v -0.133600 -19.840100 -2.612622
v -0.211239 -19.789635 2.612622
v -0.133600 -19.840100 -2.612622
v -0.133600 -19.840100 2.612622
v -0.211239 -19.789635 2.612622
v -0.211239 -19.789635 2.612622
v -0.133600 -19.840100 2.612622
v -0.165869 -19.727859 2.797363
v -0.133600 -19.840100 2.612622
v -0.095426 -19.773647 2.797363
v -0.165869 -19.727859 2.797363
v -0.165869 -19.727859 2.797363
v -0.095426 -19.773647 2.797363
v -0.056335 -19.578719 2.873884
v -0.095426 -19.773647 2.797363
v -0.003266 -19.613214 2.873884
v -0.056335 -19.578719 2.873884
v -0.003266 -19.613214 -2.873884
v 0.054702 -19.642402 -2.873884
v -0.095426 -19.773647 -2.797362
v 0.054702 -19.642402 -2.873884
v -0.019841 -19.811706 -2.797362
v -0.095426 -19.773647 -2.797362
v -0.095426 -19.773647 -2.797362
v -0.019841 -19.811706 -2.797362
v -0.133600 -19.840100 -2.612622
v -0.019841 -19.811706 -2.797362
v -0.050717 -19.881834 -2.612622
v -0.133600 -19.840100 -2.612622
v -0.133600 -19.840100 -2.612622
v -0.050717 -19.881834 -2.612622
v -0.133600 -19.840100 2.612622
v -0.050717 -19.881834 -2.612622
v -0.050717 -19.881834 2.612622
v -0.133600 -19.840100 2.612622
v -0.133600 -19.840100 2.612622
v -0.050717 -19.881834 2.612622
v -0.095426 -19.773647 2.797363
v -0.050717 -19.881834 2.612622
v -0.019841 -19.811706 2.797363
v -0.095426 -19.773647 2.797363
v -0.095426 -19.773647 2.797363
v -0.019841 -19.811706 2.797363
v -0.003266 -19.613214 2.873884
v -0.019841 -19.811706 2.797363
v 0.054702 -19.642402 2.873884
v -0.003266 -19.613214 2.873884
v 0.054702 -19.642402 -2.873884
v 0.117568 -19.666283 -2.873884
v -0.019841 -19.811706 -2.797362
v 0.117568 -19.666283 -2.873884
v 0.060218 -19.842118 -2.797362
v -0.019841 -19.811706 -2.797362
v -0.019841 -19.811706 -2.797362
v 0.060218 -19.842118 -2.797362
v -0.050717 -19.881834 -2.612622
v 0.060218 -19.842118 -2.797362
v 0.036462 -19.914951 -2.612622
v -0.050717 -19.881834 -2.612622
v -0.050717 -19.881834 -2.612622
v 0.036462 -19.914951 -2.612622
v -0.050717 -19.881834 2.612622
v 0.036462 -19.914951 -2.612622
v 0.036462 -19.914951 2.612622
v -0.050717 -19.881834 2.612622
v -0.050717 -19.881834 2.612622
v 0.036462 -19.914951 2.612622
v -0.019841 -19.811706 2.797363
v 0.036462 -19.914951 2.612622
v 0.060218 -19.842118 2.797363
v -0.019841 -19.811706 2.797363
v -0.019841 -19.811706 2.797363
v 0.060218 -19.842118 2.797363
v 0.054702 -19.642402 2.873884
v 0.060218 -19.842118 2.797363
v 0.117568 -19.666283 2.873884
v 0.054702 -19.642402 2.873884
v 0.117568 -19.666283 -2.873884
v 0.185333 -19.684857 -2.873884
v 0.060218 -19.842118 -2.797362
v 0.185333 -19.684857 -2.873884
v 0.144247 -19.865149 -2.797362
v 0.060218 -19.842118 -2.797362
v 0.060218 -19.842118 -2.797362
v 0.144247 -19.865149 -2.797362
v 0.036462 -19.914951 -2.612622
v 0.144247 -19.865149 -2.797362
v 0.127228 -19.939829 -2.612622
v 0.036462 -19.914951 -2.612622
v 0.036462 -19.914951 -2.612622
v 0.127228 -19.939829 -2.612622
v 0.036462 -19.914951 2.612622
v 0.127228 -19.939829 -2.612622
v 0.127228 -19.939829 2.612622
v 0.036462 -19.914951 2.612622
v 0.036462 -19.914951 2.612622
v 0.127228 -19.939829 2.612622
v 0.060218 -19.842118 2.797363
v 0.127228 -19.939829 2.612622
v 0.144247 -19.865149 2.797363
v 0.060218 -19.842118 2.797363
v 0.060218 -19.842118 2.797363
v 0.144247 -19.865149 2.797363
v 0.117568 -19.666283 2.873884
v 0.144247 -19.865149 2.797363
v 0.185333 -19.684857 2.873884
v 0.117568 -19.666283 2.873884
v 0.185333 -19.684857 -2.873884
v 0.257996 -19.698124 -2.873884
v 0.144247 -19.865149 -2.797362
v 0.257996 -19.698124 -2.873884
v 0.231935 -19.881160 -2.797362
v 0.144247 -19.865149 -2.797362
v 0.144247 -19.865149 -2.797362
v 0.231935 -19.881160 -2.797362
v 0.127228 -19.939829 -2.612622
v 0.231935 -19.881160 -2.797362
v 0.221140 -19.956976 -2.612622
v 0.127228 -19.939829 -2.612622
v 0.127228 -19.939829 -2.612622
v 0.221140 -19.956976 -2.612622
v 0.127228 -19.939829 2.612622
v 0.221140 -19.956976 -2.612622
v 0.221140 -19.956976 2.612622
v 0.127228 -19.939829 2.612622
v 0.127228 -19.939829 2.612622
v 0.221140 -19.956976 2.612622
v 0.144247 -19.865149 2.797363
v 0.221140 -19.956976 2.612622
v 0.231935 -19.881160 2.797363
v 0.144247 -19.865149 2.797363
v 0.144247 -19.865149 2.797363
v 0.231935 -19.881160 2.797363
v 0.185333 -19.684857 2.873884
v 0.231935 -19.881160 2.797363
v 0.257996 -19.698124 2.873884
v 0.185333 -19.684857 2.873884
v 0.257996 -19.698124 -2.873884
v 0.335559 -19.706084 -2.873884
v 0.231935 -19.881160 -2.797362
v 0.335559 -19.706084 -2.873884
v 0.323142 -19.890521 -2.797362
v 0.231935 -19.881160 -2.797362
v 0.231935 -19.881160 -2.797362
v 0.323142 -19.890521 -2.797362
v 0.221140 -19.956976 -2.612622
v 0.323142 -19.890521 -2.797362
v 0.317999 -19.966917 -2.612622
v 0.221140 -19.956976 -2.612622
v 0.221140 -19.956976 -2.612622
v 0.317999 -19.966917 -2.612622
v 0.221140 -19.956976 2.612622
v 0.317999 -19.966917 -2.612622
v 0.317999 -19.966917 2.612622
v 0.221140 -19.956976 2.612622
v 0.221140 -19.956976 2.612622
v 0.317999 -19.966917 2.612622
v 0.231935 -19.881160 2.797363
v 0.317999 -19.966917 2.612622
v 0.323142 -19.890521 2.797363
v 0.231935 -19.881160 2.797363
v 0.231935 -19.881160 2.797363
v 0.323142 -19.890521 2.797363
v 0.257996 -19.698124 2.873884
v 0.323142 -19.890521 2.797363
v 0.335559 -19.706084 2.873884
v 0.257996 -19.698124 2.873884
v 0.335559 -19.706084 -2.873884
v 0.418019 -19.708738 -2.873884
v 0.323142 -19.890521 -2.797362
v 0.418019 -19.708738 -2.873884
v 0.415048 -19.893478 -2.797362
v 0.323142 -19.890521 -2.797362
v 0.323142 -19.890521 -2.797362
v 0.415048 -19.893478 -2.797362
v 0.317999 -19.966917 -2.612622
v 0.415048 -19.893478 -2.797362
v 0.413817 -19.970000 -2.612622
v 0.317999 -19.966917 -2.612622
v 0.317999 -19.966917 -2.612622
v 0.413817 -19.970000 -2.612622
v 0.317999 -19.966917 2.612622
v 0.413817 -19.970000 -2.612622
v 0.413817 -19.970000 2.612622
v 0.317999 -19.966917 2.612622
v 0.317999 -19.966917 2.612622
v 0.413817 -19.970000 2.612622
v 0.323142 -19.890521 2.797363
v 0.413817 -19.970000 2.612622
v 0.415048 -19.893478 2.797363
v 0.323142 -19.890521 2.797363
v 0.323142 -19.890521 2.797363
v 0.415048 -19.893478 2.797363
v 0.335559 -19.706084 2.873884
v 0.415048 -19.893478 2.797363
v 0.418019 -19.708738 2.873884
v 0.335559 -19.706084 2.873884
v 0.418019 -19.708738 -2.873884
v 3.984249 -19.708738 -2.873884
v 0.415048 -19.893478 -2.797362
v 3.984249 -19.708738 -2.873884
v 3.990400 -19.893478 -2.797362
v 0.415048 -19.893478 -2.797362
v 0.415048 -19.893478 -2.797362
v 3.990400 -19.893478 -2.797362
v 0.413817 -19.970000 -2.612622
v 3.990400 -19.893478 -2.797362
v 3.992948 -19.970000 -2.612622
v 0.413817 -19.970000 -2.612622
v 0.413817 -19.970000 -2.612622
v 3.992948 -19.970000 -2.612622
v 0.413817 -19.970000 2.612622
v 3.992948 -19.970000 -2.612622
v 3.992948 -19.970000 2.612622
v 0.413817 -19.970000 2.612622
v 0.413817 -19.970000 2.612622
v 3.992948 -19.970000 2.612622
v 0.415048 -19.893478 2.797363
v 3.992948 -19.970000 2.612622
v 3.990400 -19.893478 2.797363
v 0.415048 -19.893478 2.797363
v 0.415048 -19.893478 2.797363
v 3.990400 -19.893478 2.797363
v 0.418019 -19.708738 2.873884
v 3.990400 -19.893478 2.797363
v 3.984249 -19.708738 2.873884
v 0.418019 -19.708738 2.873884
vt 692 0
vt 419 0
vt 412.6875 0.203125
vt 702.9375 1.5625
vt 697.859375 0.390625
vt 692 0
vt 710.75 6.25
vt 707.234375 3.515625
vt 702.9375 1.5625
vt 715.4375 14.0625
vt 713.484375 9.765625
vt 710.75 6.25
vt 717 25
vt 716.609375 19.140625
vt 715.4375 14.0625
vt 716.9765625 267.234375
vt 717 265
vt 717 25
vt 716.7890625 271.609375
vt 716.90625 269.4375
vt 716.9765625 267.234375
vt 716.4140625 275.859375
vt 716.625 273.75
vt 716.7890625 271.609375
vt 715.8515625 279.984375
vt 716.15625 277.9375
vt 716.4140625 275.859375
vt 715.0234375 283.96875
vt 715.5 282
vt 715.8515625 279.984375
vt 713.4609375 287.71875
vt 714.34375 285.875
vt 715.0234375 283.96875
vt 711.0859375 291.21875
vt 712.375 289.5
vt 713.4609375 287.71875
vt 707.8984375 294.46875
vt 709.59375 292.875
vt 711.0859375 291.21875
vt 707.8984375 1025.9921875
vt 706 1024
vt 562 894
vt 711.0859375 1029.9296875
vt 709.59375 1027.96875
vt 707.8984375 1025.9921875
vt 713.4609375 1033.8046875
vt 712.375 1031.875
vt 711.0859375 1029.9296875
vt 715.0234375 1037.6171875
vt 714.34375 1035.71875
vt 713.4609375 1033.8046875
vt 715.8515625 1041.3984375
vt 715.5 1039.5
vt 715.0234375 1037.6171875
vt 716.4140625 1045.3359375
vt 716.15625 1043.34375
vt 715.8515625 1041.3984375
vt 716.7890625 1049.4609375
vt 716.625 1047.375
vt 716.4140625 1045.3359375
vt 716.9765625 1053.7734375
vt 716.90625 1051.59375
vt 716.7890625 1049.4609375
vt 717 1308
vt 717 1056
vt 716.9765625 1053.7734375
vt 715.4375 1318.9375
vt 716.609375 1313.859375
vt 717 1308
vt 710.75 1326.75
vt 713.484375 1323.234375
vt 715.4375 1318.9375
vt 702.9375 1331.4375
vt 707.234375 1329.484375
vt 710.75 1326.75
vt 692 1333
vt 697.859375 1332.609375
vt 702.9375 1331.4375
vt 415.5859375 1332.96875
vt 419 1333
vt 692 1333
vt 409.2734375 1332.71875
vt 412.34375 1332.875
vt 415.5859375 1332.96875
vt 403.6484375 1332.21875
vt 406.375 1332.5
vt 409.2734375 1332.71875
vt 398.7109375 1331.46875
vt 401.09375 1331.875
vt 403.6484375 1332.21875
vt 394.3671875 1330.390625
vt 396.5 1331
vt 398.7109375 1331.46875
vt 390.0546875 1328.515625
vt 392.21875 1329.5625
vt 394.3671875 1330.390625
vt 385.6796875 1325.765625
vt 387.875 1327.25
vt 390.0546875 1328.515625
vt 381.2421875 1322.140625
vt 383.46875 1324.0625
vt 385.6796875 1325.765625
vt 224 1168
vt 379 1320
vt 381.2421875 1322.140625
vt 68.03125 1001.8125
vt 70.3828125 1004.328125
vt 73 1007
vt 64.125 997.25
vt 65.9453125 999.453125
vt 68.03125 1001.8125
vt 61.28125 993.3125
vt 62.5703125 995.203125
vt 64.125 997.25
vt 59.5 990
vt 60.2578125 991.578125
vt 61.28125 993.3125
vt 58.40625 986.375
vt 58.9140625 988.34375
vt 59.5 990
vt 57.625 981.5
vt 57.9765625 984.09375
vt 58.40625 986.375
vt 57.15625 975.375
vt 57.3515625 978.59375
vt 57.625 981.5
vt 57 968
vt 57.0390625 971.84375
vt 57.15625 975.375
vt 57.0390625 361.390625
vt 57 365
vt 57 968
vt 57.3515625 355.015625
vt 57.15625 358.0625
vt 57.0390625 361.390625
vt 57.9765625 349.765625
vt 57.625 352.25
vt 57.3515625 355.015625
vt 58.9140625 345.640625
vt 58.40625 347.5625
vt 57.9765625 349.765625
vt 60.2578125 342.40625
vt 59.5 344
vt 58.9140625 345.640625
vt 62.5703125 338.65625
vt 61.28125 340.625
vt 60.2578125 342.40625
vt 65.9453125 334.15625
vt 64.125 336.5
vt 62.5703125 338.65625
vt 70.3828125 328.90625
vt 68.03125 331.625
vt 65.9453125 334.15625
vt 257 133
vt 73 326
vt 70.3828125 328.90625
vt 382.6875 9.953125
vt 379 13
vt 257 133
vt 391.1875 5.078125
vt 386.75 7.3125
vt 382.6875 9.953125
vt 401.1875 1.828125
vt 396 3.25
vt 391.1875 5.078125
vt 412.6875 0.203125
vt 406.75 0.8125
vt 401.1875 1.828125
vt 702.9375 1.5625
vt 692 0
vt 412.6875 0.203125
vt 715.4375 14.0625
vt 710.75 6.25
vt 702.9375 1.5625
vt 716.9765625 267.234375
vt 717 25
vt 715.4375 14.0625
vt 716.4140625 275.859375
vt 716.7890625 271.609375
vt 716.9765625 267.234375
vt 715.0234375 283.96875
vt 715.8515625 279.984375
vt 716.4140625 275.859375
vt 711.0859375 291.21875
vt 713.4609375 287.71875
vt 715.0234375 283.96875
vt 706 296
vt 707.8984375 294.46875
vt 711.0859375 291.21875
vt 711.0859375 1029.9296875
vt 707.8984375 1025.9921875
vt 562 894
vt 715.0234375 1037.6171875
vt 713.4609375 1033.8046875
vt 711.0859375 1029.9296875
vt 716.4140625 1045.3359375
vt 715.8515625 1041.3984375
vt 715.0234375 1037.6171875
vt 716.9765625 1053.7734375
vt 716.7890625 1049.4609375
vt 716.4140625 1045.3359375
vt 715.4375 1318.9375
vt 717 1308
vt 716.9765625 1053.7734375
vt 702.9375 1331.4375
vt 710.75 1326.75
vt 715.4375 1318.9375
vt 415.5859375 1332.96875
vt 692 1333
vt 702.9375 1331.4375
vt 403.6484375 1332.21875
vt 409.2734375 1332.71875
vt 415.5859375 1332.96875
vt 394.3671875 1330.390625
vt 398.7109375 1331.46875
vt 403.6484375 1332.21875
vt 385.6796875 1325.765625
vt 390.0546875 1328.515625
vt 394.3671875 1330.390625
vt 224 1168
vt 381.2421875 1322.140625
vt 385.6796875 1325.765625
vt 64.125 997.25
vt 68.03125 1001.8125
vt 73 1007
vt 59.5 990
vt 61.28125 993.3125
vt 64.125 997.25
vt 57.625 981.5
vt 58.40625 986.375
vt 59.5 990
vt 57 968
vt 57.15625 975.375
vt 57.625 981.5
vt 57.3515625 355.015625
vt 57.0390625 361.390625
vt 57 968
vt 58.9140625 345.640625
vt 57.9765625 349.765625
vt 57.3515625 355.015625
vt 62.5703125 338.65625
vt 60.2578125 342.40625
vt 58.9140625 345.640625
vt 70.3828125 328.90625
vt 65.9453125 334.15625
vt 62.5703125 338.65625
vt 382.6875 9.953125
vt 257 133
vt 70.3828125 328.90625
vt 401.1875 1.828125
vt 391.1875 5.078125
vt 382.6875 9.953125
vt 702.9375 1.5625
vt 412.6875 0.203125
vt 401.1875 1.828125
vt 716.9765625 267.234375
vt 715.4375 14.0625
vt 702.9375 1.5625
vt 715.0234375 283.96875
vt 716.4140625 275.859375
vt 716.9765625 267.234375
vt 706 296
vt 711.0859375 291.21875
vt 715.0234375 283.96875
vt 715.0234375 1037.6171875
vt 711.0859375 1029.9296875
vt 562 894
vt 716.9765625 1053.7734375
vt 716.4140625 1045.3359375
vt 715.0234375 1037.6171875
vt 702.9375 1331.4375
vt 715.4375 1318.9375
vt 716.9765625 1053.7734375
vt 403.6484375 1332.21875
vt 415.5859375 1332.96875
vt 702.9375 1331.4375
vt 385.6796875 1325.765625
vt 394.3671875 1330.390625
vt 403.6484375 1332.21875
vt 73 1007
vt 224 1168
vt 385.6796875 1325.765625
vt 59.5 990
vt 64.125 997.25
vt 73 1007
vt 57 968
vt 57.625 981.5
vt 59.5 990
vt 58.9140625 345.640625
vt 57.3515625 355.015625
vt 57 968
vt 70.3828125 328.90625
vt 62.5703125 338.65625
vt 58.9140625 345.640625
vt 401.1875 1.828125
vt 382.6875 9.953125
vt 70.3828125 328.90625
vt 716.9765625 267.234375
vt 702.9375 1.5625
vt 401.1875 1.828125
vt 706 296
vt 715.0234375 283.96875
vt 716.9765625 267.234375
vt 716.9765625 1053.7734375
vt 715.0234375 1037.6171875
vt 562 894
vt 403.6484375 1332.21875
vt 702.9375 1331.4375
vt 716.9765625 1053.7734375
vt 73 1007
vt 385.6796875 1325.765625
vt 403.6484375 1332.21875
vt 57 968
vt 59.5 990
vt 73 1007
vt 70.3828125 328.90625
vt 58.9140625 345.640625
vt 57 968
vt 716.9765625 267.234375
vt 401.1875 1.828125
vt 70.3828125 328.90625
vt 573 415
vt 706 296
vt 716.9765625 267.234375
vt 403.6484375 1332.21875
vt 716.9765625 1053.7734375
vt 562 894
vt 57 968
vt 73 1007
vt 403.6484375 1332.21875
vt 573 415
vt 716.9765625 267.234375
vt 70.3828125 328.90625
vt 403.6484375 1332.21875
vt 562 894
vt 453 777
vt 70.3828125 328.90625
vt 57 968
vt 403.6484375 1332.21875
vt 453 543
vt 573 415
vt 70.3828125 328.90625
vt 403.6484375 1332.21875
vt 453 777
vt 453 543
vt 453 543
vt 70.3828125 328.90625
vt 403.6484375 1332.21875
vt 412.6875 0.203125
vt 419 0
vt 692 0
vt 692 0
vt 697.859375 0.390625
vt 702.9375 1.5625
vt 702.9375 1.5625
vt 707.234375 3.515625
vt 710.75 6.25
vt 710.75 6.25
vt 713.484375 9.765625
vt 715.4375 14.0625
vt 715.4375 14.0625
vt 716.609375 19.140625
vt 717 25
vt 717 25
vt 717 265
vt 716.9765625 267.234375
vt 716.9765625 267.234375
vt 716.90625 269.4375
vt 716.7890625 271.609375
vt 716.7890625 271.609375
vt 716.625 273.75
vt 716.4140625 275.859375
vt 716.4140625 275.859375
vt 716.15625 277.9375
vt 715.8515625 279.984375
vt 715.8515625 279.984375
vt 715.5 282
vt 715.0234375 283.96875
vt 715.0234375 283.96875
vt 714.34375 285.875
vt 713.4609375 287.71875
vt 713.4609375 287.71875
vt 712.375 289.5
vt 711.0859375 291.21875
vt 711.0859375 291.21875
vt 709.59375 292.875
vt 707.8984375 294.46875
vt 562 894
vt 706 1024
vt 707.8984375 1025.9921875
vt 707.8984375 1025.9921875
vt 709.59375 1027.96875
vt 711.0859375 1029.9296875
vt 711.0859375 1029.9296875
vt 712.375 1031.875
vt 713.4609375 1033.8046875
vt 713.4609375 1033.8046875
vt 714.34375 1035.71875
vt 715.0234375 1037.6171875
vt 715.0234375 1037.6171875
vt 715.5 1039.5
vt 715.8515625 1041.3984375
vt 715.8515625 1041.3984375
vt 716.15625 1043.34375
vt 716.4140625 1045.3359375
vt 716.4140625 1045.3359375
vt 716.625 1047.375
vt 716.7890625 1049.4609375
vt 716.7890625 1049.4609375
vt 716.90625 1051.59375
vt 716.9765625 1053.7734375
vt 716.9765625 1053.7734375
vt 717 1056
vt 717 1308
vt 717 1308
vt 716.609375 1313.859375
vt 715.4375 1318.9375
vt 715.4375 1318.9375
vt 713.484375 1323.234375
vt 710.75 1326.75
vt 710.75 1326.75
vt 707.234375 1329.484375
vt 702.9375 1331.4375
vt 702.9375 1331.4375
vt 697.859375 1332.609375
vt 692 1333
vt 692 1333
vt 419 1333
vt 415.5859375 1332.96875
vt 415.5859375 1332.96875
vt 412.34375 1332.875
vt 409.2734375 1332.71875
vt 409.2734375 1332.71875
vt 406.375 1332.5
vt 403.6484375 1332.21875
vt 403.6484375 1332.21875
vt 401.09375 1331.875
vt 398.7109375 1331.46875
vt 398.7109375 1331.46875
vt 396.5 1331
vt 394.3671875 1330.390625
vt 394.3671875 1330.390625
vt 392.21875 1329.5625
vt 390.0546875 1328.515625
vt 390.0546875 1328.515625
vt 387.875 1327.25
vt 385.6796875 1325.765625
vt 385.6796875 1325.765625
vt 383.46875 1324.0625
vt 381.2421875 1322.140625
vt 381.2421875 1322.140625
vt 379 1320
vt 224 1168
vt 73 1007
vt 70.3828125 1004.328125
vt 68.03125 1001.8125
vt 68.03125 1001.8125
vt 65.9453125 999.453125
vt 64.125 997.25
vt 64.125 997.25
vt 62.5703125 995.203125
vt 61.28125 993.3125
vt 61.28125 993.3125
vt 60.2578125 991.578125
vt 59.5 990
vt 59.5 990
vt 58.9140625 988.34375
vt 58.40625 986.375
vt 58.40625 986.375
vt 57.9765625 984.09375
vt 57.625 981.5
vt 57.625 981.5
vt 57.3515625 978.59375
vt 57.15625 975.375
vt 57.15625 975.375
vt 57.0390625 971.84375
vt 57 968
vt 57 968
vt 57 365
vt 57.0390625 361.390625
vt 57.0390625 361.390625
vt 57.15625 358.0625
vt 57.3515625 355.015625
vt 57.3515625 355.015625
vt 57.625 352.25
vt 57.9765625 349.765625
vt 57.9765625 349.765625
vt 58.40625 347.5625
vt 58.9140625 345.640625
vt 58.9140625 345.640625
vt 59.5 344
vt 60.2578125 342.40625
vt 60.2578125 342.40625
vt 61.28125 340.625
vt 62.5703125 338.65625
vt 62.5703125 338.65625
vt 64.125 336.5
vt 65.9453125 334.15625
vt 65.9453125 334.15625
vt 68.03125 331.625
vt 70.3828125 328.90625
vt 70.3828125 328.90625
vt 73 326
vt 257 133
vt 257 133
vt 379 13
vt 382.6875 9.953125
vt 382.6875 9.953125
vt 386.75 7.3125
vt 391.1875 5.078125
vt 391.1875 5.078125
vt 396 3.25
vt 401.1875 1.828125
vt 401.1875 1.828125
vt 406.75 0.8125
vt 412.6875 0.203125
vt 412.6875 0.203125
vt 692 0
vt 702.9375 1.5625
vt 702.9375 1.5625
vt 710.75 6.25
vt 715.4375 14.0625
vt 715.4375 14.0625
vt 717 25
vt 716.9765625 267.234375
vt 716.9765625 267.234375
vt 716.7890625 271.609375
vt 716.4140625 275.859375
vt 716.4140625 275.859375
vt 715.8515625 279.984375
vt 715.0234375 283.96875
vt 715.0234375 283.96875
vt 713.4609375 287.71875
vt 711.0859375 291.21875
vt 711.0859375 291.21875
vt 707.8984375 294.46875
vt 706 296
vt 562 894
vt 707.8984375 1025.9921875
vt 711.0859375 1029.9296875
vt 711.0859375 1029.9296875
vt 713.4609375 1033.8046875
vt 715.0234375 1037.6171875
vt 715.0234375 1037.6171875
vt 715.8515625 1041.3984375
vt 716.4140625 1045.3359375
vt 716.4140625 1045.3359375
vt 716.7890625 1049.4609375
vt 716.9765625 1053.7734375
vt 716.9765625 1053.7734375
vt 717 1308
vt 715.4375 1318.9375
vt 715.4375 1318.9375
vt 710.75 1326.75
vt 702.9375 1331.4375
vt 702.9375 1331.4375
vt 692 1333
vt 415.5859375 1332.96875
vt 415.5859375 1332.96875
vt 409.2734375 1332.71875
vt 403.6484375 1332.21875
vt 403.6484375 1332.21875
vt 398.7109375 1331.46875
vt 394.3671875 1330.390625
vt 394.3671875 1330.390625
vt 390.0546875 1328.515625
vt 385.6796875 1325.765625
vt 385.6796875 1325.765625
vt 381.2421875 1322.140625
vt 224 1168
vt 73 1007
vt 68.03125 1001.8125
vt 64.125 997.25
vt 64.125 997.25
vt 61.28125 993.3125
vt 59.5 990
vt 59.5 990
vt 58.40625 986.375
vt 57.625 981.5
vt 57.625 981.5
vt 57.15625 975.375
vt 57 968
vt 57 968
vt 57.0390625 361.390625
vt 57.3515625 355.015625
vt 57.3515625 355.015625
vt 57.9765625 349.765625
vt 58.9140625 345.640625
vt 58.9140625 345.640625
vt 60.2578125 342.40625
vt 62.5703125 338.65625
vt 62.5703125 338.65625
vt 65.9453125 334.15625
vt 70.3828125 328.90625
vt 70.3828125 328.90625
vt 257 133
vt 382.6875 9.953125
vt 382.6875 9.953125
vt 391.1875 5.078125
vt 401.1875 1.828125
vt 401.1875 1.828125
vt 412.6875 0.203125
vt 702.9375 1.5625
vt 702.9375 1.5625
vt 715.4375 14.0625
vt 716.9765625 267.234375
vt 716.9765625 267.234375
vt 716.4140625 275.859375
vt 715.0234375 283.96875
vt 715.0234375 283.96875
vt 711.0859375 291.21875
vt 706 296
vt 562 894
vt 711.0859375 1029.9296875
vt 715.0234375 1037.6171875
vt 715.0234375 1037.6171875
vt 716.4140625 1045.3359375
vt 716.9765625 1053.7734375
vt 716.9765625 1053.7734375
vt 715.4375 1318.9375
vt 702.9375 1331.4375
vt 702.9375 1331.4375
vt 415.5859375 1332.96875
vt 403.6484375 1332.21875
vt 403.6484375 1332.21875
vt 394.3671875 1330.390625
vt 385.6796875 1325.765625
vt 385.6796875 1325.765625
vt 224 1168
vt 73 1007
vt 73 1007
vt 64.125 997.25
vt 59.5 990
vt 59.5 990
vt 57.625 981.5
vt 57 968
vt 57 968
vt 57.3515625 355.015625
vt 58.9140625 345.640625
vt 58.9140625 345.640625
vt 62.5703125 338.65625
vt 70.3828125 328.90625
vt 70.3828125 328.90625
vt 382.6875 9.953125
vt 401.1875 1.828125
vt 401.1875 1.828125
vt 702.9375 1.5625
vt 716.9765625 267.234375
vt 716.9765625 267.234375
vt 715.0234375 283.96875
vt 706 296
vt 562 894
vt 715.0234375 1037.6171875
vt 716.9765625 1053.7734375
vt 716.9765625 1053.7734375
vt 702.9375 1331.4375
vt 403.6484375 1332.21875
vt 403.6484375 1332.21875
vt 385.6796875 1325.765625
vt 73 1007
vt 73 1007
vt 59.5 990
vt 57 968
vt 57 968
vt 58.9140625 345.640625
vt 70.3828125 328.90625
vt 70.3828125 328.90625
vt 401.1875 1.828125
vt 716.9765625 267.234375
vt 716.9765625 267.234375
vt 706 296
vt 573 415
vt 562 894
vt 716.9765625 1053.7734375
vt 403.6484375 1332.21875
vt 403.6484375 1332.21875
vt 73 1007
vt 57 968
vt 70.3828125 328.90625
vt 716.9765625 267.234375
vt 573 415
vt 453 777
vt 562 894
vt 403.6484375 1332.21875
vt 403.6484375 1332.21875
vt 57 968
vt 70.3828125 328.90625
vt 70.3828125 328.90625
vt 573 415
vt 453 543
vt 453 543
vt 453 777
vt 403.6484375 1332.21875
vt 403.6484375 1332.21875
vt 70.3828125 328.90625
vt 453 543
vt 692 21
vt 697.859375 21
vt 692.4708862304688 15.142135620117188
vt 697.859375 21
vt 699.9329833984375 15.142135620117188
vt 692.4708862304688 15.142135620117188
vt 692.4708862304688 15.142135620117188
vt 699.9329833984375 15.142135620117188
vt 692.6659545898438 1
vt 699.9329833984375 15.142135620117188
vt 700.7919311523438 1
vt 692.6659545898438 1
vt 692.6659545898438 1
vt 700.7919311523438 1
vt 692.6659545898438 -399
vt 700.7919311523438 1
vt 700.7919311523438 -399
vt 692.6659545898438 -399
vt 692.6659545898438 -399
vt 700.7919311523438 -399
vt 692.4708862304688 -413.14215087890625
vt 700.7919311523438 -399
vt 699.9329833984375 -413.14215087890625
vt 692.4708862304688 -413.14215087890625
vt 692.4708862304688 -413.14215087890625
vt 699.9329833984375 -413.14215087890625
vt 692 -419
vt 699.9329833984375 -413.14215087890625
vt 697.859375 -419
vt 692 -419
vt 697.859375 21
vt 702.9375 21
vt 699.9329833984375 15.142135620117188
vt 702.9375 21
vt 707.4989013671875 15.142135620117188
vt 699.9329833984375 15.142135620117188
vt 699.9329833984375 15.142135620117188
vt 707.4989013671875 15.142135620117188
vt 700.7919311523438 1
vt 707.4989013671875 15.142135620117188
vt 709.3883056640625 1
vt 700.7919311523438 1
vt 700.7919311523438 1
vt 709.3883056640625 1
vt 700.7919311523438 -399
vt 709.3883056640625 1
vt 709.3883056640625 -399
vt 700.7919311523438 -399
vt 700.7919311523438 -399
vt 709.3883056640625 -399
vt 699.9329833984375 -413.14215087890625
vt 709.3883056640625 -399
vt 707.4989013671875 -413.14215087890625
vt 699.9329833984375 -413.14215087890625
vt 699.9329833984375 -413.14215087890625
vt 707.4989013671875 -413.14215087890625
vt 697.859375 -419
vt 707.4989013671875 -413.14215087890625
vt 702.9375 -419
vt 697.859375 -419
vt 702.9375 21
vt 707.234375 21
vt 707.4989013671875 15.142135620117188
vt 707.234375 21
vt 714.6023559570312 15.142135620117188
vt 707.4989013671875 15.142135620117188
vt 707.4989013671875 15.142135620117188
vt 714.6023559570312 15.142135620117188
vt 709.3883056640625 1
vt 714.6023559570312 15.142135620117188
vt 717.654296875 1
vt 709.3883056640625 1
vt 709.3883056640625 1
vt 717.654296875 1
vt 709.3883056640625 -399
vt 717.654296875 1
vt 717.654296875 -399
vt 709.3883056640625 -399
vt 709.3883056640625 -399
vt 717.654296875 -399
vt 707.4989013671875 -413.14215087890625
vt 717.654296875 -399
vt 714.6023559570312 -413.14215087890625
vt 707.4989013671875 -413.14215087890625
vt 707.4989013671875 -413.14215087890625
vt 714.6023559570312 -413.14215087890625
vt 702.9375 -419
vt 714.6023559570312 -413.14215087890625
vt 707.234375 -419
vt 702.9375 -419
vt 707.234375 21
vt 710.75 21
vt 714.6023559570312 15.142135620117188
vt 710.75 21
vt 720.8278198242188 15.142135620117188
vt 714.6023559570312 15.142135620117188
vt 714.6023559570312 15.142135620117188
vt 720.8278198242188 15.142135620117188
vt 717.654296875 1
vt 720.8278198242188 15.142135620117188
vt 725.002197265625 1
vt 717.654296875 1
vt 717.654296875 1
vt 725.002197265625 1
vt 717.654296875 -399
vt 725.002197265625 1
vt 725.002197265625 -399
vt 717.654296875 -399
vt 717.654296875 -399
vt 725.002197265625 -399
vt 714.6023559570312 -413.14215087890625
vt 725.002197265625 -399
vt 720.8278198242188 -413.14215087890625
vt 714.6023559570312 -413.14215087890625
vt 714.6023559570312 -413.14215087890625
vt 720.8278198242188 -413.14215087890625
vt 707.234375 -419
vt 720.8278198242188 -413.14215087890625
vt 710.75 -419
vt 707.234375 -419
vt 6.25 21
vt 9.765625 21
vt -3.827822208404541 15.142135620117188
vt 9.765625 21
vt 2.3976240158081055 15.142135620117188
vt -3.827822208404541 15.142135620117188
vt -3.827822208404541 15.142135620117188
vt 2.3976240158081055 15.142135620117188
vt -8.002192497253418 1
vt 2.3976240158081055 15.142135620117188
vt -0.6543018817901611 1
vt -8.002192497253418 1
vt -8.002192497253418 1
vt -0.6543018817901611 1
vt -8.002192497253418 -399
vt -0.6543018817901611 1
vt -0.6543018817901611 -399
vt -8.002192497253418 -399
vt -8.002192497253418 -399
vt -0.6543018817901611 -399
vt -3.827822208404541 -413.14215087890625
vt -0.6543018817901611 -399
vt 2.3976240158081055 -413.14215087890625
vt -3.827822208404541 -413.14215087890625
vt -3.827822208404541 -413.14215087890625
vt 2.3976240158081055 -413.14215087890625
vt 6.25 -419
vt 2.3976240158081055 -413.14215087890625
vt 9.765625 -419
vt 6.25 -419
vt 9.765625 21
vt 14.0625 21
vt 2.3976240158081055 15.142135620117188
vt 14.0625 21
vt 9.501090049743652 15.142135620117188
vt 2.3976240158081055 15.142135620117188
vt 2.3976240158081055 15.142135620117188
vt 9.501090049743652 15.142135620117188
vt -0.6543018817901611 1
vt 9.501090049743652 15.142135620117188
vt 7.611691951751709 1
vt -0.6543018817901611 1
vt -0.6543018817901611 1
vt 7.611691951751709 1
vt -0.6543018817901611 -399
vt 7.611691951751709 1
vt 7.611691951751709 -399
vt -0.6543018817901611 -399
vt -0.6543018817901611 -399
vt 7.611691951751709 -399
vt 2.3976240158081055 -413.14215087890625
vt 7.611691951751709 -399
vt 9.501090049743652 -413.14215087890625
vt 2.3976240158081055 -413.14215087890625
vt 2.3976240158081055 -413.14215087890625
vt 9.501090049743652 -413.14215087890625
vt 9.765625 -419
vt 9.501090049743652 -413.14215087890625
vt 14.0625 -419
vt 9.765625 -419
vt 14.0625 21
vt 19.140625 21
vt 9.501090049743652 15.142135620117188
vt 19.140625 21
vt 17.066986083984375 15.142135620117188
vt 9.501090049743652 15.142135620117188
vt 9.501090049743652 15.142135620117188
vt 17.066986083984375 15.142135620117188
vt 7.611691951751709 1
vt 17.066986083984375 15.142135620117188
vt 16.208057403564453 1
vt 7.611691951751709 1
vt 7.611691951751709 1
vt 16.208057403564453 1
vt 7.611691951751709 -399
vt 16.208057403564453 1
vt 16.208057403564453 -399
vt 7.611691951751709 -399
vt 7.611691951751709 -399
vt 16.208057403564453 -399
vt 9.501090049743652 -413.14215087890625
vt 16.208057403564453 -399
vt 17.066986083984375 -413.14215087890625
vt 9.501090049743652 -413.14215087890625
vt 9.501090049743652 -413.14215087890625
vt 17.066986083984375 -413.14215087890625
vt 14.0625 -419
vt 17.066986083984375 -413.14215087890625
vt 19.140625 -419
vt 14.0625 -419
vt 19.140625 21
vt 25 21
vt 17.066986083984375 15.142135620117188
vt 25 21
vt 24.529117584228516 15.142135620117188
vt 17.066986083984375 15.142135620117188
vt 17.066986083984375 15.142135620117188
vt 24.529117584228516 15.142135620117188
vt 16.208057403564453 1
vt 24.529117584228516 15.142135620117188
vt 24.33407211303711 1
vt 16.208057403564453 1
vt 16.208057403564453 1
vt 24.33407211303711 1
vt 16.208057403564453 -399
vt 24.33407211303711 1
vt 24.33407211303711 -399
vt 16.208057403564453 -399
vt 16.208057403564453 -399
vt 24.33407211303711 -399
vt 17.066986083984375 -413.14215087890625
vt 24.33407211303711 -399
vt 24.529117584228516 -413.14215087890625
vt 17.066986083984375 -413.14215087890625
vt 17.066986083984375 -413.14215087890625
vt 24.529117584228516 -413.14215087890625
vt 19.140625 -419
vt 24.529117584228516 -413.14215087890625
vt 25 -419
vt 19.140625 -419
vt 25 21
vt 265 21
vt 24.529117584228516 15.142135620117188
vt 265 21
vt 265.07415771484375 15.142135620117188
vt 24.529117584228516 15.142135620117188
vt 24.529117584228516 15.142135620117188
vt 265.07415771484375 15.142135620117188
vt 24.33407211303711 1
vt 265.07415771484375 15.142135620117188
vt 265.1048889160156 1
vt 24.33407211303711 1
vt 24.33407211303711 1
vt 265.1048889160156 1
vt 24.33407211303711 -399
vt 265.1048889160156 1
vt 265.1048889160156 -399
vt 24.33407211303711 -399
vt 24.33407211303711 -399
vt 265.1048889160156 -399
vt 24.529117584228516 -413.14215087890625
vt 265.1048889160156 -399
vt 265.07415771484375 -413.14215087890625
vt 24.529117584228516 -413.14215087890625
vt 24.529117584228516 -413.14215087890625
vt 265.07415771484375 -413.14215087890625
vt 25 -419
vt 265.07415771484375 -413.14215087890625
vt 265 -419
vt 25 -419
vt 265 21
vt 267.234375 21
vt 265.07415771484375 15.142135620117188
vt 267.234375 21
vt 267.5341491699219 15.142135620117188
vt 265.07415771484375 15.142135620117188
vt 265.07415771484375 15.142135620117188
vt 267.5341491699219 15.142135620117188
vt 265.1048889160156 1
vt 267.5341491699219 15.142135620117188
vt 267.6582946777344 1
vt 265.1048889160156 1
vt 265.1048889160156 1
vt 267.6582946777344 1
vt 265.1048889160156 -399
vt 267.6582946777344 1
vt 267.6582946777344 -399
vt 265.1048889160156 -399
vt 265.1048889160156 -399
vt 267.6582946777344 -399
vt 265.07415771484375 -413.14215087890625
vt 267.6582946777344 -399
vt 267.5341491699219 -413.14215087890625
vt 265.07415771484375 -413.14215087890625
vt 265.07415771484375 -413.14215087890625
vt 267.5341491699219 -413.14215087890625
vt 265 -419
vt 267.5341491699219 -413.14215087890625
vt 267.234375 -419
vt 265 -419
vt 267.234375 21
vt 269.4375 21
vt 267.5341491699219 15.142135620117188
vt 269.4375 21
vt 270.0440979003906 15.142135620117188
vt 267.5341491699219 15.142135620117188
vt 267.5341491699219 15.142135620117188
vt 270.0440979003906 15.142135620117188
vt 267.6582946777344 1
vt 270.0440979003906 15.142135620117188
vt 270.2953796386719 1
vt 267.6582946777344 1
vt 267.6582946777344 1
vt 270.2953796386719 1
vt 267.6582946777344 -399
vt 270.2953796386719 1
vt 270.2953796386719 -399
vt 267.6582946777344 -399
vt 267.6582946777344 -399
vt 270.2953796386719 -399
vt 267.5341491699219 -413.14215087890625
vt 270.2953796386719 -399
vt 270.0440979003906 -413.14215087890625
vt 267.5341491699219 -413.14215087890625
vt 267.5341491699219 -413.14215087890625
vt 270.0440979003906 -413.14215087890625
vt 267.234375 -419
vt 270.0440979003906 -413.14215087890625
vt 269.4375 -419
vt 267.234375 -419
vt 269.4375 21
vt 271.609375 21
vt 270.0440979003906 15.142135620117188
vt 271.609375 21
vt 272.53082275390625 15.142135620117188
vt 270.0440979003906 15.142135620117188
vt 270.0440979003906 15.142135620117188
vt 272.53082275390625 15.142135620117188
vt 270.2953796386719 1
vt 272.53082275390625 15.142135620117188
vt 272.9125061035156 1
vt 270.2953796386719 1
vt 270.2953796386719 1
vt 272.9125061035156 1
vt 270.2953796386719 -399
vt 272.9125061035156 1
vt 272.9125061035156 -399
vt 270.2953796386719 -399
vt 270.2953796386719 -399
vt 272.9125061035156 -399
vt 270.0440979003906 -413.14215087890625
vt 272.9125061035156 -399
vt 272.53082275390625 -413.14215087890625
vt 270.0440979003906 -413.14215087890625
vt 270.0440979003906 -413.14215087890625
vt 272.53082275390625 -413.14215087890625
vt 269.4375 -419
vt 272.53082275390625 -413.14215087890625
vt 271.609375 -419
vt 269.4375 -419
vt 271.609375 21
vt 273.75 21
vt 272.53082275390625 15.142135620117188
vt 273.75 21
vt 274.9941101074219 15.142135620117188
vt 272.53082275390625 15.142135620117188
vt 272.53082275390625 15.142135620117188
vt 274.9941101074219 15.142135620117188
vt 272.9125061035156 1
vt 274.9941101074219 15.142135620117188
vt 275.50946044921875 1
vt 272.9125061035156 1
vt 272.9125061035156 1
vt 275.50946044921875 1
vt 272.9125061035156 -399
vt 275.50946044921875 1
vt 275.50946044921875 -399
vt 272.9125061035156 -399
vt 272.9125061035156 -399
vt 275.50946044921875 -399
vt 272.53082275390625 -413.14215087890625
vt 275.50946044921875 -399
vt 274.9941101074219 -413.14215087890625
vt 272.53082275390625 -413.14215087890625
vt 272.53082275390625 -413.14215087890625
vt 274.9941101074219 -413.14215087890625
vt 271.609375 -419
vt 274.9941101074219 -413.14215087890625
vt 273.75 -419
vt 271.609375 -419
vt 273.75 21
vt 275.859375 21
vt 274.9941101074219 15.142135620117188
vt 275.859375 21
vt 277.4337463378906 15.142135620117188
vt 274.9941101074219 15.142135620117188
vt 274.9941101074219 15.142135620117188
vt 277.4337463378906 15.142135620117188
vt 275.50946044921875 1
vt 277.4337463378906 15.142135620117188
vt 278.08587646484375 1
vt 275.50946044921875 1
vt 275.50946044921875 1
vt 278.08587646484375 1
vt 275.50946044921875 -399
vt 278.08587646484375 1
vt 278.08587646484375 -399
vt 275.50946044921875 -399
vt 275.50946044921875 -399
vt 278.08587646484375 -399
vt 274.9941101074219 -413.14215087890625
vt 278.08587646484375 -399
vt 277.4337463378906 -413.14215087890625
vt 274.9941101074219 -413.14215087890625
vt 274.9941101074219 -413.14215087890625
vt 277.4337463378906 -413.14215087890625
vt 273.75 -419
vt 277.4337463378906 -413.14215087890625
vt 275.859375 -419
vt 273.75 -419
vt 275.859375 21
vt 277.9375 21
vt 277.4337463378906 15.142135620117188
vt 277.9375 21
vt 279.84942626953125 15.142135620117188
vt 277.4337463378906 15.142135620117188
vt 277.4337463378906 15.142135620117188
vt 279.84942626953125 15.142135620117188
vt 278.08587646484375 1
vt 279.84942626953125 15.142135620117188
vt 280.6413879394531 1
vt 278.08587646484375 1
vt 278.08587646484375 1
vt 280.6413879394531 1
vt 278.08587646484375 -399
vt 280.6413879394531 1
vt 280.6413879394531 -399
vt 278.08587646484375 -399
vt 278.08587646484375 -399
vt 280.6413879394531 -399
vt 277.4337463378906 -413.14215087890625
vt 280.6413879394531 -399
vt 279.84942626953125 -413.14215087890625
vt 277.4337463378906 -413.14215087890625
vt 277.4337463378906 -413.14215087890625
vt 279.84942626953125 -413.14215087890625
vt 275.859375 -419
vt 279.84942626953125 -413.14215087890625
vt 277.9375 -419
vt 275.859375 -419
vt 277.9375 21
vt 279.984375 21
vt 279.84942626953125 15.142135620117188
vt 279.984375 21
vt 282.2408142089844 15.142135620117188
vt 279.84942626953125 15.142135620117188
vt 279.84942626953125 15.142135620117188
vt 282.2408142089844 15.142135620117188
vt 280.6413879394531 1
vt 282.2408142089844 15.142135620117188
vt 283.1754455566406 1
vt 280.6413879394531 1
vt 280.6413879394531 1
vt 283.1754455566406 1
vt 280.6413879394531 -399
vt 283.1754455566406 1
vt 283.1754455566406 -399
vt 280.6413879394531 -399
vt 280.6413879394531 -399
vt 283.1754455566406 -399
vt 279.84942626953125 -413.14215087890625
vt 283.1754455566406 -399
vt 282.2408142089844 -413.14215087890625
vt 279.84942626953125 -413.14215087890625
vt 279.84942626953125 -413.14215087890625
vt 282.2408142089844 -413.14215087890625
vt 277.9375 -419
vt 282.2408142089844 -413.14215087890625
vt 279.984375 -419
vt 277.9375 -419
vt 279.984375 21
vt 282 21
vt 282.2408142089844 15.142135620117188
vt 282 21
vt 284.8816223144531 15.142135620117188
vt 282.2408142089844 15.142135620117188
vt 282.2408142089844 15.142135620117188
vt 284.8816223144531 15.142135620117188
vt 283.1754455566406 1
vt 284.8816223144531 15.142135620117188
vt 286.0752258300781 1
vt 283.1754455566406 1
vt 283.1754455566406 1
vt 286.0752258300781 1
vt 283.1754455566406 -399
vt 286.0752258300781 1
vt 286.0752258300781 -399
vt 283.1754455566406 -399
vt 283.1754455566406 -399
vt 286.0752258300781 -399
vt 282.2408142089844 -413.14215087890625
vt 286.0752258300781 -399
vt 284.8816223144531 -413.14215087890625
vt 282.2408142089844 -413.14215087890625
vt 282.2408142089844 -413.14215087890625
vt 284.8816223144531 -413.14215087890625
vt 279.984375 -419
vt 284.8816223144531 -413.14215087890625
vt 282 -419
vt 279.984375 -419
vt 282 21
vt 283.96875 21
vt 284.8816223144531 15.142135620117188
vt 283.96875 21
vt 288.018310546875 15.142135620117188
vt 284.8816223144531 15.142135620117188
vt 284.8816223144531 15.142135620117188
vt 288.018310546875 15.142135620117188
vt 286.0752258300781 1
vt 288.018310546875 15.142135620117188
vt 289.6956787109375 1
vt 286.0752258300781 1
vt 286.0752258300781 1
vt 289.6956787109375 1
vt 286.0752258300781 -399
vt 289.6956787109375 1
vt 289.6956787109375 -399
vt 286.0752258300781 -399
vt 286.0752258300781 -399
vt 289.6956787109375 -399
vt 284.8816223144531 -413.14215087890625
vt 289.6956787109375 -399
vt 288.018310546875 -413.14215087890625
vt 284.8816223144531 -413.14215087890625
vt 284.8816223144531 -413.14215087890625
vt 288.018310546875 -413.14215087890625
vt 282 -419
vt 288.018310546875 -413.14215087890625
vt 283.96875 -419
vt 282 -419
vt 283.96875 21
vt 285.875 21
vt 288.018310546875 15.142135620117188
vt 285.875 21
vt 291.3182373046875 15.142135620117188
vt 288.018310546875 15.142135620117188
vt 288.018310546875 15.142135620117188
vt 291.3182373046875 15.142135620117188
vt 289.6956787109375 1
vt 291.3182373046875 15.142135620117188
vt 293.5729064941406 1
vt 289.6956787109375 1
vt 289.6956787109375 1
vt 293.5729064941406 1
vt 289.6956787109375 -399
vt 293.5729064941406 1
vt 293.5729064941406 -399
vt 289.6956787109375 -399
vt 289.6956787109375 -399
vt 293.5729064941406 -399
vt 288.018310546875 -413.14215087890625
vt 293.5729064941406 -399
vt 291.3182373046875 -413.14215087890625
vt 288.018310546875 -413.14215087890625
vt 288.018310546875 -413.14215087890625
vt 291.3182373046875 -413.14215087890625
vt 283.96875 -419
vt 291.3182373046875 -413.14215087890625
vt 285.875 -419
vt 283.96875 -419
vt 285.875 21
vt 287.71875 21
vt 291.3182373046875 15.142135620117188
vt 287.71875 21
vt 294.4704284667969 15.142135620117188
vt 291.3182373046875 15.142135620117188
vt 291.3182373046875 15.142135620117188
vt 294.4704284667969 15.142135620117188
vt 293.5729064941406 1
vt 294.4704284667969 15.142135620117188
vt 297.2670593261719 1
vt 293.5729064941406 1
vt 293.5729064941406 1
vt 297.2670593261719 1
vt 293.5729064941406 -399
vt 297.2670593261719 1
vt 297.2670593261719 -399
vt 293.5729064941406 -399
vt 293.5729064941406 -399
vt 297.2670593261719 -399
vt 291.3182373046875 -413.14215087890625
vt 297.2670593261719 -399
vt 294.4704284667969 -413.14215087890625
vt 291.3182373046875 -413.14215087890625
vt 291.3182373046875 -413.14215087890625
vt 294.4704284667969 -413.14215087890625
vt 285.875 -419
vt 294.4704284667969 -413.14215087890625
vt 287.71875 -419
vt 285.875 -419
vt 287.71875 21
vt 289.5 21
vt 294.4704284667969 15.142135620117188
vt 289.5 21
vt 297.44171142578125 15.142135620117188
vt 294.4704284667969 15.142135620117188
vt 294.4704284667969 15.142135620117188
vt 297.44171142578125 15.142135620117188
vt 297.2670593261719 1
vt 297.44171142578125 15.142135620117188
vt 300.73126220703125 1
vt 297.2670593261719 1
vt 297.2670593261719 1
vt 300.73126220703125 1
vt 297.2670593261719 -399
vt 300.73126220703125 1
vt 300.73126220703125 -399
vt 297.2670593261719 -399
vt 297.2670593261719 -399
vt 300.73126220703125 -399
vt 294.4704284667969 -413.14215087890625
vt 300.73126220703125 -399
vt 297.44171142578125 -413.14215087890625
vt 294.4704284667969 -413.14215087890625
vt 294.4704284667969 -413.14215087890625
vt 297.44171142578125 -413.14215087890625
vt 287.71875 -419
vt 297.44171142578125 -413.14215087890625
vt 289.5 -419
vt 287.71875 -419
vt 289.5 21
vt 291.21875 21
vt 297.44171142578125 15.142135620117188
vt 291.21875 21
vt 300.2125549316406 15.142135620117188
vt 297.44171142578125 15.142135620117188
vt 297.44171142578125 15.142135620117188
vt 300.2125549316406 15.142135620117188
vt 300.73126220703125 1
vt 300.2125549316406 15.142135620117188
vt 303.93792724609375 1
vt 300.73126220703125 1
vt 300.73126220703125 1
vt 303.93792724609375 1
vt 300.73126220703125 -399
vt 303.93792724609375 1
vt 303.93792724609375 -399
vt 300.73126220703125 -399
vt 300.73126220703125 -399
vt 303.93792724609375 -399
vt 297.44171142578125 -413.14215087890625
vt 303.93792724609375 -399
vt 300.2125549316406 -413.14215087890625
vt 297.44171142578125 -413.14215087890625
vt 297.44171142578125 -413.14215087890625
vt 300.2125549316406 -413.14215087890625
vt 289.5 -419
vt 300.2125549316406 -413.14215087890625
vt 291.21875 -419
vt 289.5 -419
vt 291.21875 21
vt 292.875 21
vt 300.2125549316406 15.142135620117188
vt 292.875 21
vt 302.7769775390625 15.142135620117188
vt 300.2125549316406 15.142135620117188
vt 300.2125549316406 15.142135620117188
vt 302.7769775390625 15.142135620117188
vt 303.93792724609375 1
vt 302.7769775390625 15.142135620117188
vt 306.8785095214844 1
vt 303.93792724609375 1
vt 303.93792724609375 1
vt 306.8785095214844 1
vt 303.93792724609375 -399
vt 306.8785095214844 1
vt 306.8785095214844 -399
vt 303.93792724609375 -399
vt 303.93792724609375 -399
vt 306.8785095214844 -399
vt 300.2125549316406 -413.14215087890625
vt 306.8785095214844 -399
vt 302.7769775390625 -413.14215087890625
vt 300.2125549316406 -413.14215087890625
vt 300.2125549316406 -413.14215087890625
vt 302.7769775390625 -413.14215087890625
vt 291.21875 -419
vt 302.7769775390625 -413.14215087890625
vt 292.875 -419
vt 291.21875 -419
vt 709.59375 21
vt 707.8984375 21
vt 719.7078247070312 15.142135620117188
vt 707.8984375 21
vt 717.1943969726562 15.142135620117188
vt 719.7078247070312 15.142135620117188
vt 719.7078247070312 15.142135620117188
vt 717.1943969726562 15.142135620117188
vt 723.897216796875 1
vt 717.1943969726562 15.142135620117188
vt 721.044921875 1
vt 723.897216796875 1
vt 723.897216796875 1
vt 721.044921875 1
vt 723.897216796875 -399
vt 721.044921875 1
vt 721.044921875 -399
vt 723.897216796875 -399
vt 723.897216796875 -399
vt 721.044921875 -399
vt 719.7078247070312 -413.14215087890625
vt 721.044921875 -399
vt 717.1943969726562 -413.14215087890625
vt 719.7078247070312 -413.14215087890625
vt 719.7078247070312 -413.14215087890625
vt 717.1943969726562 -413.14215087890625
vt 709.59375 -419
vt 717.1943969726562 -413.14215087890625
vt 707.8984375 -419
vt 709.59375 -419
vt 707.8984375 21
vt 706 21
vt 717.1943969726562 15.142135620117188
vt 706 21
vt 715.1602783203125 15.142135620117188
vt 717.1943969726562 15.142135620117188
vt 717.1943969726562 15.142135620117188
vt 715.1602783203125 15.142135620117188
vt 721.044921875 1
vt 715.1602783203125 15.142135620117188
vt 718.95458984375 1
vt 721.044921875 1
vt 721.044921875 1
vt 718.95458984375 1
vt 721.044921875 -399
vt 718.95458984375 1
vt 718.95458984375 -399
vt 721.044921875 -399
vt 721.044921875 -399
vt 718.95458984375 -399
vt 717.1943969726562 -413.14215087890625
vt 718.95458984375 -399
vt 715.1602783203125 -413.14215087890625
vt 717.1943969726562 -413.14215087890625
vt 717.1943969726562 -413.14215087890625
vt 715.1602783203125 -413.14215087890625
vt 707.8984375 -419
vt 715.1602783203125 -413.14215087890625
vt 706 -419
vt 707.8984375 -419
vt 706 21
vt 573 21
vt 715.1602783203125 15.142135620117188
vt 573 21
vt 582.892578125 15.142135620117188
vt 715.1602783203125 15.142135620117188
vt 715.1602783203125 15.142135620117188
vt 582.892578125 15.142135620117188
vt 718.95458984375 1
vt 582.892578125 15.142135620117188
vt 586.990234375 1
vt 718.95458984375 1
vt 718.95458984375 1
vt 586.990234375 1
vt 718.95458984375 -399
vt 586.990234375 1
vt 586.990234375 -399
vt 718.95458984375 -399
vt 718.95458984375 -399
vt 586.990234375 -399
vt 715.1602783203125 -413.14215087890625
vt 586.990234375 -399
vt 582.892578125 -413.14215087890625
vt 715.1602783203125 -413.14215087890625
vt 715.1602783203125 -413.14215087890625
vt 582.892578125 -413.14215087890625
vt 706 -419
vt 582.892578125 -413.14215087890625
vt 573 -419
vt 706 -419
vt 415 21
vt 543 21
vt 425.1253356933594 15.142135620117188
vt 543 21
vt 548.5924682617188 15.142135620117188
vt 425.1253356933594 15.142135620117188
vt 425.1253356933594 15.142135620117188
vt 548.5924682617188 15.142135620117188
vt 429.3193664550781 1
vt 548.5924682617188 15.142135620117188
vt 550.908935546875 1
vt 429.3193664550781 1
vt 429.3193664550781 1
vt 550.908935546875 1
vt 429.3193664550781 -399
vt 550.908935546875 1
vt 550.908935546875 -399
vt 429.3193664550781 -399
vt 429.3193664550781 -399
vt 550.908935546875 -399
vt 425.1253356933594 -413.14215087890625
vt 550.908935546875 -399
vt 548.5924682617188 -413.14215087890625
vt 425.1253356933594 -413.14215087890625
vt 425.1253356933594 -413.14215087890625
vt 548.5924682617188 -413.14215087890625
vt 415 -419
vt 548.5924682617188 -413.14215087890625
vt 543 -419
vt 415 -419
vt 543 21
vt 777 21
vt 548.5924682617188 15.142135620117188
vt 777 21
vt 771.4331665039062 15.142135620117188
vt 548.5924682617188 15.142135620117188
vt 548.5924682617188 15.142135620117188
vt 771.4331665039062 15.142135620117188
vt 550.908935546875 1
vt 771.4331665039062 15.142135620117188
vt 769.1273193359375 1
vt 550.908935546875 1
vt 550.908935546875 1
vt 769.1273193359375 1
vt 550.908935546875 -399
vt 769.1273193359375 1
vt 769.1273193359375 -399
vt 550.908935546875 -399
vt 550.908935546875 -399
vt 769.1273193359375 -399
vt 548.5924682617188 -413.14215087890625
vt 769.1273193359375 -399
vt 771.4331665039062 -413.14215087890625
vt 548.5924682617188 -413.14215087890625
vt 548.5924682617188 -413.14215087890625
vt 771.4331665039062 -413.14215087890625
vt 543 -419
vt 771.4331665039062 -413.14215087890625
vt 777 -419
vt 543 -419
vt 777 21
vt 894 21
vt 771.4331665039062 15.142135620117188
vt 894 21
vt 883.9125366210938 15.142135620117188
vt 771.4331665039062 15.142135620117188
vt 771.4331665039062 15.142135620117188
vt 883.9125366210938 15.142135620117188
vt 769.1273193359375 1
vt 883.9125366210938 15.142135620117188
vt 879.7341918945312 1
vt 769.1273193359375 1
vt 769.1273193359375 1
vt 879.7341918945312 1
vt 769.1273193359375 -399
vt 879.7341918945312 1
vt 879.7341918945312 -399
vt 769.1273193359375 -399
vt 769.1273193359375 -399
vt 879.7341918945312 -399
vt 771.4331665039062 -413.14215087890625
vt 879.7341918945312 -399
vt 883.9125366210938 -413.14215087890625
vt 771.4331665039062 -413.14215087890625
vt 771.4331665039062 -413.14215087890625
vt 883.9125366210938 -413.14215087890625
vt 777 -419
vt 883.9125366210938 -413.14215087890625
vt 894 -419
vt 777 -419
vt 562 21
vt 706 21
vt 571.9306030273438 15.142135620117188
vt 706 21
vt 715.8712768554688 15.142135620117188
vt 571.9306030273438 15.142135620117188
vt 571.9306030273438 15.142135620117188
vt 715.8712768554688 15.142135620117188
vt 576.0440063476562 1
vt 715.8712768554688 15.142135620117188
vt 719.9600830078125 1
vt 576.0440063476562 1
vt 576.0440063476562 1
vt 719.9600830078125 1
vt 576.0440063476562 -399
vt 719.9600830078125 1
vt 719.9600830078125 -399
vt 576.0440063476562 -399
vt 576.0440063476562 -399
vt 719.9600830078125 -399
vt 571.9306030273438 -413.14215087890625
vt 719.9600830078125 -399
vt 715.8712768554688 -413.14215087890625
vt 571.9306030273438 -413.14215087890625
vt 571.9306030273438 -413.14215087890625
vt 715.8712768554688 -413.14215087890625
vt 562 -419
vt 715.8712768554688 -413.14215087890625
vt 706 -419
vt 562 -419
vt 1024 21
vt 1025.9921875 21
vt 1013.8589477539062 15.142135620117188
vt 1025.9921875 21
vt 1016.5040283203125 15.142135620117188
vt 1013.8589477539062 15.142135620117188
vt 1013.8589477539062 15.142135620117188
vt 1016.5040283203125 15.142135620117188
vt 1009.6583862304688 1
vt 1016.5040283203125 15.142135620117188
vt 1012.5739135742188 1
vt 1009.6583862304688 1
vt 1009.6583862304688 1
vt 1012.5739135742188 1
vt 1009.6583862304688 -399
vt 1012.5739135742188 1
vt 1012.5739135742188 -399
vt 1009.6583862304688 -399
vt 1009.6583862304688 -399
vt 1012.5739135742188 -399
vt 1013.8589477539062 -413.14215087890625
vt 1012.5739135742188 -399
vt 1016.5040283203125 -413.14215087890625
vt 1013.8589477539062 -413.14215087890625
vt 1013.8589477539062 -413.14215087890625
vt 1016.5040283203125 -413.14215087890625
vt 1024 -419
vt 1016.5040283203125 -413.14215087890625
vt 1025.9921875 -419
vt 1024 -419
vt 1025.9921875 21
vt 1027.96875 21
vt 1016.5040283203125 15.142135620117188
vt 1027.96875 21
vt 1019.0756225585938 15.142135620117188
vt 1016.5040283203125 15.142135620117188
vt 1016.5040283203125 15.142135620117188
vt 1019.0756225585938 15.142135620117188
vt 1012.5739135742188 1
vt 1019.0756225585938 15.142135620117188
vt 1015.3919677734375 1
vt 1012.5739135742188 1
vt 1012.5739135742188 1
vt 1015.3919677734375 1
vt 1012.5739135742188 -399
vt 1015.3919677734375 1
vt 1015.3919677734375 -399
vt 1012.5739135742188 -399
vt 1012.5739135742188 -399
vt 1015.3919677734375 -399
vt 1016.5040283203125 -413.14215087890625
vt 1015.3919677734375 -399
vt 1019.0756225585938 -413.14215087890625
vt 1016.5040283203125 -413.14215087890625
vt 1016.5040283203125 -413.14215087890625
vt 1019.0756225585938 -413.14215087890625
vt 1025.9921875 -419
vt 1019.0756225585938 -413.14215087890625
vt 1027.96875 -419
vt 1025.9921875 -419
vt 1027.96875 21
vt 1029.9296875 21
vt 1019.0756225585938 15.142135620117188
vt 1029.9296875 21
vt 1021.7330322265625 15.142135620117188
vt 1019.0756225585938 15.142135620117188
vt 1019.0756225585938 15.142135620117188
vt 1021.7330322265625 15.142135620117188
vt 1015.3919677734375 1
vt 1021.7330322265625 15.142135620117188
vt 1018.337890625 1
vt 1015.3919677734375 1
vt 1015.3919677734375 1
vt 1018.337890625 1
vt 1015.3919677734375 -399
vt 1018.337890625 1
vt 1018.337890625 -399
vt 1015.3919677734375 -399
vt 1015.3919677734375 -399
vt 1018.337890625 -399
vt 1019.0756225585938 -413.14215087890625
vt 1018.337890625 -399
vt 1021.7330322265625 -413.14215087890625
vt 1019.0756225585938 -413.14215087890625
vt 1019.0756225585938 -413.14215087890625
vt 1021.7330322265625 -413.14215087890625
vt 1027.96875 -419
vt 1021.7330322265625 -413.14215087890625
vt 1029.9296875 -419
vt 1027.96875 -419
vt 1029.9296875 21
vt 1031.875 21
vt 1021.7330322265625 15.142135620117188
vt 1031.875 21
vt 1024.491455078125 15.142135620117188
vt 1021.7330322265625 15.142135620117188
vt 1021.7330322265625 15.142135620117188
vt 1024.491455078125 15.142135620117188
vt 1018.337890625 1
vt 1024.491455078125 15.142135620117188
vt 1021.4331665039062 1
vt 1018.337890625 1
vt 1018.337890625 1
vt 1021.4331665039062 1
vt 1018.337890625 -399
vt 1021.4331665039062 1
vt 1021.4331665039062 -399
vt 1018.337890625 -399
vt 1018.337890625 -399
vt 1021.4331665039062 -399
vt 1021.7330322265625 -413.14215087890625
vt 1021.4331665039062 -399
vt 1024.491455078125 -413.14215087890625
vt 1021.7330322265625 -413.14215087890625
vt 1021.7330322265625 -413.14215087890625
vt 1024.491455078125 -413.14215087890625
vt 1029.9296875 -419
vt 1024.491455078125 -413.14215087890625
vt 1031.875 -419
vt 1029.9296875 -419
vt 1031.875 21
vt 1033.8046875 21
vt 1024.491455078125 15.142135620117188
vt 1033.8046875 21
vt 1027.3648681640625 15.142135620117188
vt 1024.491455078125 15.142135620117188
vt 1024.491455078125 15.142135620117188
vt 1027.3648681640625 15.142135620117188
vt 1021.4331665039062 1
vt 1027.3648681640625 15.142135620117188
vt 1024.6973876953125 1
vt 1021.4331665039062 1
vt 1021.4331665039062 1
vt 1024.6973876953125 1
vt 1021.4331665039062 -399
vt 1024.6973876953125 1
vt 1024.6973876953125 -399
vt 1021.4331665039062 -399
vt 1021.4331665039062 -399
vt 1024.6973876953125 -399
vt 1024.491455078125 -413.14215087890625
vt 1024.6973876953125 -399
vt 1027.3648681640625 -413.14215087890625
vt 1024.491455078125 -413.14215087890625
vt 1024.491455078125 -413.14215087890625
vt 1027.3648681640625 -413.14215087890625
vt 1031.875 -419
vt 1027.3648681640625 -413.14215087890625
vt 1033.8046875 -419
vt 1031.875 -419
vt 1033.8046875 21
vt 1035.71875 21
vt 1027.3648681640625 15.142135620117188
vt 1035.71875 21
vt 1030.36328125 15.142135620117188
vt 1027.3648681640625 15.142135620117188
vt 1027.3648681640625 15.142135620117188
vt 1030.36328125 15.142135620117188
vt 1024.6973876953125 1
vt 1030.36328125 15.142135620117188
vt 1028.14501953125 1
vt 1024.6973876953125 1
vt 1024.6973876953125 1
vt 1028.14501953125 1
vt 1024.6973876953125 -399
vt 1028.14501953125 1
vt 1028.14501953125 -399
vt 1024.6973876953125 -399
vt 1024.6973876953125 -399
vt 1028.14501953125 -399
vt 1027.3648681640625 -413.14215087890625
vt 1028.14501953125 -399
vt 1030.36328125 -413.14215087890625
vt 1027.3648681640625 -413.14215087890625
vt 1027.3648681640625 -413.14215087890625
vt 1030.36328125 -413.14215087890625
vt 1033.8046875 -419
vt 1030.36328125 -413.14215087890625
vt 1035.71875 -419
vt 1033.8046875 -419
vt 1035.71875 21
vt 1037.6171875 21
vt 1030.36328125 15.142135620117188
vt 1037.6171875 21
vt 1033.4891357421875 15.142135620117188
vt 1030.36328125 15.142135620117188
vt 1030.36328125 15.142135620117188
vt 1033.4891357421875 15.142135620117188
vt 1028.14501953125 1
vt 1033.4891357421875 15.142135620117188
vt 1031.779296875 1
vt 1028.14501953125 1
vt 1028.14501953125 1
vt 1031.779296875 1
vt 1028.14501953125 -399
vt 1031.779296875 1
vt 1031.779296875 -399
vt 1028.14501953125 -399
vt 1028.14501953125 -399
vt 1031.779296875 -399
vt 1030.36328125 -413.14215087890625
vt 1031.779296875 -399
vt 1033.4891357421875 -413.14215087890625
vt 1030.36328125 -413.14215087890625
vt 1030.36328125 -413.14215087890625
vt 1033.4891357421875 -413.14215087890625
vt 1035.71875 -419
vt 1033.4891357421875 -413.14215087890625
vt 1037.6171875 -419
vt 1035.71875 -419
vt 1037.6171875 21
vt 1039.5 21
vt 1033.4891357421875 15.142135620117188
vt 1039.5 21
vt 1036.4742431640625 15.142135620117188
vt 1033.4891357421875 15.142135620117188
vt 1033.4891357421875 15.142135620117188
vt 1036.4742431640625 15.142135620117188
vt 1031.779296875 1
vt 1036.4742431640625 15.142135620117188
vt 1035.2208251953125 1
vt 1031.779296875 1
vt 1031.779296875 1
vt 1035.2208251953125 1
vt 1031.779296875 -399
vt 1035.2208251953125 1
vt 1035.2208251953125 -399
vt 1031.779296875 -399
vt 1031.779296875 -399
vt 1035.2208251953125 -399
vt 1033.4891357421875 -413.14215087890625
vt 1035.2208251953125 -399
vt 1036.4742431640625 -413.14215087890625
vt 1033.4891357421875 -413.14215087890625
vt 1033.4891357421875 -413.14215087890625
vt 1036.4742431640625 -413.14215087890625
vt 1037.6171875 -419
vt 1036.4742431640625 -413.14215087890625
vt 1039.5 -419
vt 1037.6171875 -419
vt 1039.5 21
vt 1041.3984375 21
vt 1036.4742431640625 15.142135620117188
vt 1041.3984375 21
vt 1039.0162353515625 15.142135620117188
vt 1036.4742431640625 15.142135620117188
vt 1036.4742431640625 15.142135620117188
vt 1039.0162353515625 15.142135620117188
vt 1035.2208251953125 1
vt 1039.0162353515625 15.142135620117188
vt 1038.029541015625 1
vt 1035.2208251953125 1
vt 1035.2208251953125 1
vt 1038.029541015625 1
vt 1035.2208251953125 -399
vt 1038.029541015625 1
vt 1038.029541015625 -399
vt 1035.2208251953125 -399
vt 1035.2208251953125 -399
vt 1038.029541015625 -399
vt 1036.4742431640625 -413.14215087890625
vt 1038.029541015625 -399
vt 1039.0162353515625 -413.14215087890625
vt 1036.4742431640625 -413.14215087890625
vt 1036.4742431640625 -413.14215087890625
vt 1039.0162353515625 -413.14215087890625
vt 1039.5 -419
vt 1039.0162353515625 -413.14215087890625
vt 1041.3984375 -419
vt 1039.5 -419
vt 1041.3984375 21
vt 1043.34375 21
vt 1039.0162353515625 15.142135620117188
vt 1043.34375 21
vt 1041.3416748046875 15.142135620117188
vt 1039.0162353515625 15.142135620117188
vt 1039.0162353515625 15.142135620117188
vt 1041.3416748046875 15.142135620117188
vt 1038.029541015625 1
vt 1041.3416748046875 15.142135620117188
vt 1040.512451171875 1
vt 1038.029541015625 1
vt 1038.029541015625 1
vt 1040.512451171875 1
vt 1038.029541015625 -399
vt 1040.512451171875 1
vt 1040.512451171875 -399
vt 1038.029541015625 -399
vt 1038.029541015625 -399
vt 1040.512451171875 -399
vt 1039.0162353515625 -413.14215087890625
vt 1040.512451171875 -399
vt 1041.3416748046875 -413.14215087890625
vt 1039.0162353515625 -413.14215087890625
vt 1039.0162353515625 -413.14215087890625
vt 1041.3416748046875 -413.14215087890625
vt 1041.3984375 -419
vt 1041.3416748046875 -413.14215087890625
vt 1043.34375 -419
vt 1041.3984375 -419
vt 1043.34375 21
vt 1045.3359375 21
vt 1041.3416748046875 15.142135620117188
vt 1045.3359375 21
vt 1043.7005615234375 15.142135620117188
vt 1041.3416748046875 15.142135620117188
vt 1041.3416748046875 15.142135620117188
vt 1043.7005615234375 15.142135620117188
vt 1040.512451171875 1
vt 1043.7005615234375 15.142135620117188
vt 1043.023193359375 1
vt 1040.512451171875 1
vt 1040.512451171875 1
vt 1043.023193359375 1
vt 1040.512451171875 -399
vt 1043.023193359375 1
vt 1043.023193359375 -399
vt 1040.512451171875 -399
vt 1040.512451171875 -399
vt 1043.023193359375 -399
vt 1041.3416748046875 -413.14215087890625
vt 1043.023193359375 -399
vt 1043.7005615234375 -413.14215087890625
vt 1041.3416748046875 -413.14215087890625
vt 1041.3416748046875 -413.14215087890625
vt 1043.7005615234375 -413.14215087890625
vt 1043.34375 -419
vt 1043.7005615234375 -413.14215087890625
vt 1045.3359375 -419
vt 1043.34375 -419
vt 1045.3359375 21
vt 1047.375 21
vt 1043.7005615234375 15.142135620117188
vt 1047.375 21
vt 1046.0927734375 15.142135620117188
vt 1043.7005615234375 15.142135620117188
vt 1043.7005615234375 15.142135620117188
vt 1046.0927734375 15.142135620117188
vt 1043.023193359375 1
vt 1046.0927734375 15.142135620117188
vt 1045.5616455078125 1
vt 1043.023193359375 1
vt 1043.023193359375 1
vt 1045.5616455078125 1
vt 1043.023193359375 -399
vt 1045.5616455078125 1
vt 1045.5616455078125 -399
vt 1043.023193359375 -399
vt 1043.023193359375 -399
vt 1045.5616455078125 -399
vt 1043.7005615234375 -413.14215087890625
vt 1045.5616455078125 -399
vt 1046.0927734375 -413.14215087890625
vt 1043.7005615234375 -413.14215087890625
vt 1043.7005615234375 -413.14215087890625
vt 1046.0927734375 -413.14215087890625
vt 1045.3359375 -419
vt 1046.0927734375 -413.14215087890625
vt 1047.375 -419
vt 1045.3359375 -419
vt 1047.375 21
vt 1049.4609375 21
vt 1046.0927734375 15.142135620117188
vt 1049.4609375 21
vt 1048.5184326171875 15.142135620117188
vt 1046.0927734375 15.142135620117188
vt 1046.0927734375 15.142135620117188
vt 1048.5184326171875 15.142135620117188
vt 1045.5616455078125 1
vt 1048.5184326171875 15.142135620117188
vt 1048.1280517578125 1
vt 1045.5616455078125 1
vt 1045.5616455078125 1
vt 1048.1280517578125 1
vt 1045.5616455078125 -399
vt 1048.1280517578125 1
vt 1048.1280517578125 -399
vt 1045.5616455078125 -399
vt 1045.5616455078125 -399
vt 1048.1280517578125 -399
vt 1046.0927734375 -413.14215087890625
vt 1048.1280517578125 -399
vt 1048.5184326171875 -413.14215087890625
vt 1046.0927734375 -413.14215087890625
vt 1046.0927734375 -413.14215087890625
vt 1048.5184326171875 -413.14215087890625
vt 1047.375 -419
vt 1048.5184326171875 -413.14215087890625
vt 1049.4609375 -419
vt 1047.375 -419
vt 1049.4609375 21
vt 1051.59375 21
vt 1048.5184326171875 15.142135620117188
vt 1051.59375 21
vt 1050.977783203125 15.142135620117188
vt 1048.5184326171875 15.142135620117188
vt 1048.5184326171875 15.142135620117188
vt 1050.977783203125 15.142135620117188
vt 1048.1280517578125 1
vt 1050.977783203125 15.142135620117188
vt 1050.72265625 1
vt 1048.1280517578125 1
vt 1048.1280517578125 1
vt 1050.72265625 1
vt 1048.1280517578125 -399
vt 1050.72265625 1
vt 1050.72265625 -399
vt 1048.1280517578125 -399
vt 1048.1280517578125 -399
vt 1050.72265625 -399
vt 1048.5184326171875 -413.14215087890625
vt 1050.72265625 -399
vt 1050.977783203125 -413.14215087890625
vt 1048.5184326171875 -413.14215087890625
vt 1048.5184326171875 -413.14215087890625
vt 1050.977783203125 -413.14215087890625
vt 1049.4609375 -419
vt 1050.977783203125 -413.14215087890625
vt 1051.59375 -419
vt 1049.4609375 -419
vt 1051.59375 21
vt 1053.7734375 21
vt 1050.977783203125 15.142135620117188
vt 1053.7734375 21
vt 1053.470947265625 15.142135620117188
vt 1050.977783203125 15.142135620117188
vt 1050.977783203125 15.142135620117188
vt 1053.470947265625 15.142135620117188
vt 1050.72265625 1
vt 1053.470947265625 15.142135620117188
vt 1053.345703125 1
vt 1050.72265625 1
vt 1050.72265625 1
vt 1053.345703125 1
vt 1050.72265625 -399
vt 1053.345703125 1
vt 1053.345703125 -399
vt 1050.72265625 -399
vt 1050.72265625 -399
vt 1053.345703125 -399
vt 1050.977783203125 -413.14215087890625
vt 1053.345703125 -399
vt 1053.470947265625 -413.14215087890625
vt 1050.977783203125 -413.14215087890625
vt 1050.977783203125 -413.14215087890625
vt 1053.470947265625 -413.14215087890625
vt 1051.59375 -419
vt 1053.470947265625 -413.14215087890625
vt 1053.7734375 -419
vt 1051.59375 -419
vt 1053.7734375 21
vt 1056 21
vt 1053.470947265625 15.142135620117188
vt 1056 21
vt 1055.925537109375 15.142135620117188
vt 1053.470947265625 15.142135620117188
vt 1053.470947265625 15.142135620117188
vt 1055.925537109375 15.142135620117188
vt 1053.345703125 1
vt 1055.925537109375 15.142135620117188
vt 1055.894775390625 1
vt 1053.345703125 1
vt 1053.345703125 1
vt 1055.894775390625 1
vt 1053.345703125 -399
vt 1055.894775390625 1
vt 1055.894775390625 -399
vt 1053.345703125 -399
vt 1053.345703125 -399
vt 1055.894775390625 -399
vt 1053.470947265625 -413.14215087890625
vt 1055.894775390625 -399
vt 1055.925537109375 -413.14215087890625
vt 1053.470947265625 -413.14215087890625
vt 1053.470947265625 -413.14215087890625
vt 1055.925537109375 -413.14215087890625
vt 1053.7734375 -419
vt 1055.925537109375 -413.14215087890625
vt 1056 -419
vt 1053.7734375 -419
vt 1056 21
vt 1308 21
vt 1055.925537109375 15.142135620117188
vt 1308 21
vt 1308.4708251953125 15.142135620117188
vt 1055.925537109375 15.142135620117188
vt 1055.925537109375 15.142135620117188
vt 1308.4708251953125 15.142135620117188
vt 1055.894775390625 1
vt 1308.4708251953125 15.142135620117188
vt 1308.6658935546875 1
vt 1055.894775390625 1
vt 1055.894775390625 1
vt 1308.6658935546875 1
vt 1055.894775390625 -399
vt 1308.6658935546875 1
vt 1308.6658935546875 -399
vt 1055.894775390625 -399
vt 1055.894775390625 -399
vt 1308.6658935546875 -399
vt 1055.925537109375 -413.14215087890625
vt 1308.6658935546875 -399
vt 1308.4708251953125 -413.14215087890625
vt 1055.925537109375 -413.14215087890625
vt 1055.925537109375 -413.14215087890625
vt 1308.4708251953125 -413.14215087890625
vt 1056 -419
vt 1308.4708251953125 -413.14215087890625
vt 1308 -419
vt 1056 -419
vt 1308 21
vt 1313.859375 21
vt 1308.4708251953125 15.142135620117188
vt 1313.859375 21
vt 1315.9329833984375 15.142135620117188
vt 1308.4708251953125 15.142135620117188
vt 1308.4708251953125 15.142135620117188
vt 1315.9329833984375 15.142135620117188
vt 1308.6658935546875 1
vt 1315.9329833984375 15.142135620117188
vt 1316.7919921875 1
vt 1308.6658935546875 1
vt 1308.6658935546875 1
vt 1316.7919921875 1
vt 1308.6658935546875 -399
vt 1316.7919921875 1
vt 1316.7919921875 -399
vt 1308.6658935546875 -399
vt 1308.6658935546875 -399
vt 1316.7919921875 -399
vt 1308.4708251953125 -413.14215087890625
vt 1316.7919921875 -399
vt 1315.9329833984375 -413.14215087890625
vt 1308.4708251953125 -413.14215087890625
vt 1308.4708251953125 -413.14215087890625
vt 1315.9329833984375 -413.14215087890625
vt 1308 -419
vt 1315.9329833984375 -413.14215087890625
vt 1313.859375 -419
vt 1308 -419
vt 1313.859375 21
vt 1318.9375 21
vt 1315.9329833984375 15.142135620117188
vt 1318.9375 21
vt 1323.4989013671875 15.142135620117188
vt 1315.9329833984375 15.142135620117188
vt 1315.9329833984375 15.142135620117188
vt 1323.4989013671875 15.142135620117188
vt 1316.7919921875 1
vt 1323.4989013671875 15.142135620117188
vt 1325.3883056640625 1
vt 1316.7919921875 1
vt 1316.7919921875 1
vt 1325.3883056640625 1
vt 1316.7919921875 -399
vt 1325.3883056640625 1
vt 1325.3883056640625 -399
vt 1316.7919921875 -399
vt 1316.7919921875 -399
vt 1325.3883056640625 -399
vt 1315.9329833984375 -413.14215087890625
vt 1325.3883056640625 -399
vt 1323.4989013671875 -413.14215087890625
vt 1315.9329833984375 -413.14215087890625
vt 1315.9329833984375 -413.14215087890625
vt 1323.4989013671875 -413.14215087890625
vt 1313.859375 -419
vt 1323.4989013671875 -413.14215087890625
vt 1318.9375 -419
vt 1313.859375 -419
vt 1318.9375 21
vt 1323.234375 21
vt 1323.4989013671875 15.142135620117188
vt 1323.234375 21
vt 1330.6024169921875 15.142135620117188
vt 1323.4989013671875 15.142135620117188
vt 1323.4989013671875 15.142135620117188
vt 1330.6024169921875 15.142135620117188
vt 1325.3883056640625 1
vt 1330.6024169921875 15.142135620117188
vt 1333.654296875 1
vt 1325.3883056640625 1
vt 1325.3883056640625 1
vt 1333.654296875 1
vt 1325.3883056640625 -399
vt 1333.654296875 1
vt 1333.654296875 -399
vt 1325.3883056640625 -399
vt 1325.3883056640625 -399
vt 1333.654296875 -399
vt 1323.4989013671875 -413.14215087890625
vt 1333.654296875 -399
vt 1330.6024169921875 -413.14215087890625
vt 1323.4989013671875 -413.14215087890625
vt 1323.4989013671875 -413.14215087890625
vt 1330.6024169921875 -413.14215087890625
vt 1318.9375 -419
vt 1330.6024169921875 -413.14215087890625
vt 1323.234375 -419
vt 1318.9375 -419
vt 1323.234375 21
vt 1326.75 21
vt 1330.6024169921875 15.142135620117188
vt 1326.75 21
vt 1336.827880859375 15.142135620117188
vt 1330.6024169921875 15.142135620117188
vt 1330.6024169921875 15.142135620117188
vt 1336.827880859375 15.142135620117188
vt 1333.654296875 1
vt 1336.827880859375 15.142135620117188
vt 1341.002197265625 1
vt 1333.654296875 1
vt 1333.654296875 1
vt 1341.002197265625 1
vt 1333.654296875 -399
vt 1341.002197265625 1
vt 1341.002197265625 -399
vt 1333.654296875 -399
vt 1333.654296875 -399
vt 1341.002197265625 -399
vt 1330.6024169921875 -413.14215087890625
vt 1341.002197265625 -399
vt 1336.827880859375 -413.14215087890625
vt 1330.6024169921875 -413.14215087890625
vt 1330.6024169921875 -413.14215087890625
vt 1336.827880859375 -413.14215087890625
vt 1323.234375 -419
vt 1336.827880859375 -413.14215087890625
vt 1326.75 -419
vt 1323.234375 -419
vt 710.75 21
vt 707.234375 21
vt 720.8278198242188 15.142135620117188
vt 707.234375 21
vt 714.6023559570312 15.142135620117188
vt 720.8278198242188 15.142135620117188
vt 720.8278198242188 15.142135620117188
vt 714.6023559570312 15.142135620117188
vt 725.002197265625 1
vt 714.6023559570312 15.142135620117188
vt 717.654296875 1
vt 725.002197265625 1
vt 725.002197265625 1
vt 717.654296875 1
vt 725.002197265625 -399
vt 717.654296875 1
vt 717.654296875 -399
vt 725.002197265625 -399
vt 725.002197265625 -399
vt 717.654296875 -399
vt 720.8278198242188 -413.14215087890625
vt 717.654296875 -399
vt 714.6023559570312 -413.14215087890625
vt 720.8278198242188 -413.14215087890625
vt 720.8278198242188 -413.14215087890625
vt 714.6023559570312 -413.14215087890625
vt 710.75 -419
vt 714.6023559570312 -413.14215087890625
vt 707.234375 -419
vt 710.75 -419
vt 707.234375 21
vt 702.9375 21
vt 714.6023559570312 15.142135620117188
vt 702.9375 21
vt 707.4989013671875 15.142135620117188
vt 714.6023559570312 15.142135620117188
vt 714.6023559570312 15.142135620117188
vt 707.4989013671875 15.142135620117188
vt 717.654296875 1
vt 707.4989013671875 15.142135620117188
vt 709.3883056640625 1
vt 717.654296875 1
vt 717.654296875 1
vt 709.3883056640625 1
vt 717.654296875 -399
vt 709.3883056640625 1
vt 709.3883056640625 -399
vt 717.654296875 -399
vt 717.654296875 -399
vt 709.3883056640625 -399
vt 714.6023559570312 -413.14215087890625
vt 709.3883056640625 -399
vt 707.4989013671875 -413.14215087890625
vt 714.6023559570312 -413.14215087890625
vt 714.6023559570312 -413.14215087890625
vt 707.4989013671875 -413.14215087890625
vt 707.234375 -419
vt 707.4989013671875 -413.14215087890625
vt 702.9375 -419
vt 707.234375 -419
vt 702.9375 21
vt 697.859375 21
vt 707.4989013671875 15.142135620117188
vt 697.859375 21
vt 699.9329833984375 15.142135620117188
vt 707.4989013671875 15.142135620117188
vt 707.4989013671875 15.142135620117188
vt 699.9329833984375 15.142135620117188
vt 709.3883056640625 1
vt 699.9329833984375 15.142135620117188
vt 700.7919311523438 1
vt 709.3883056640625 1
vt 709.3883056640625 1
vt 700.7919311523438 1
vt 709.3883056640625 -399
vt 700.7919311523438 1
vt 700.7919311523438 -399
vt 709.3883056640625 -399
vt 709.3883056640625 -399
vt 700.7919311523438 -399
vt 707.4989013671875 -413.14215087890625
vt 700.7919311523438 -399
vt 699.9329833984375 -413.14215087890625
vt 707.4989013671875 -413.14215087890625
vt 707.4989013671875 -413.14215087890625
vt 699.9329833984375 -413.14215087890625
vt 702.9375 -419
vt 699.9329833984375 -413.14215087890625
vt 697.859375 -419
vt 702.9375 -419
vt 697.859375 21
vt 692 21
vt 699.9329833984375 15.142135620117188
vt 692 21
vt 692.4708862304688 15.142135620117188
vt 699.9329833984375 15.142135620117188
vt 699.9329833984375 15.142135620117188
vt 692.4708862304688 15.142135620117188
vt 700.7919311523438 1
vt 692.4708862304688 15.142135620117188
vt 692.6659545898438 1
vt 700.7919311523438 1
vt 700.7919311523438 1
vt 692.6659545898438 1
vt 700.7919311523438 -399
vt 692.6659545898438 1
vt 692.6659545898438 -399
vt 700.7919311523438 -399
vt 700.7919311523438 -399
vt 692.6659545898438 -399
vt 699.9329833984375 -413.14215087890625
vt 692.6659545898438 -399
vt 692.4708862304688 -413.14215087890625
vt 699.9329833984375 -413.14215087890625
vt 699.9329833984375 -413.14215087890625
vt 692.4708862304688 -413.14215087890625
vt 697.859375 -419
vt 692.4708862304688 -413.14215087890625
vt 692 -419
vt 697.859375 -419
vt 692 21
vt 419 21
vt 692.4708862304688 15.142135620117188
vt 419 21
vt 418.9352722167969 15.142135620117188
vt 692.4708862304688 15.142135620117188
vt 692.4708862304688 15.142135620117188
vt 418.9352722167969 15.142135620117188
vt 692.6659545898438 1
vt 418.9352722167969 15.142135620117188
vt 418.9084777832031 1
vt 692.6659545898438 1
vt 692.6659545898438 1
vt 418.9084777832031 1
vt 692.6659545898438 -399
vt 418.9084777832031 1
vt 418.9084777832031 -399
vt 692.6659545898438 -399
vt 692.6659545898438 -399
vt 418.9084777832031 -399
vt 692.4708862304688 -413.14215087890625
vt 418.9084777832031 -399
vt 418.9352722167969 -413.14215087890625
vt 692.4708862304688 -413.14215087890625
vt 692.4708862304688 -413.14215087890625
vt 418.9352722167969 -413.14215087890625
vt 692 -419
vt 418.9352722167969 -413.14215087890625
vt 419 -419
vt 692 -419
vt 419 21
vt 415.5859375 21
vt 418.9352722167969 15.142135620117188
vt 415.5859375 21
vt 415.3168029785156 15.142135620117188
vt 418.9352722167969 15.142135620117188
vt 418.9352722167969 15.142135620117188
vt 415.3168029785156 15.142135620117188
vt 418.9084777832031 1
vt 415.3168029785156 15.142135620117188
vt 415.205322265625 1
vt 418.9084777832031 1
vt 418.9084777832031 1
vt 415.205322265625 1
vt 418.9084777832031 -399
vt 415.205322265625 1
vt 415.205322265625 -399
vt 418.9084777832031 -399
vt 418.9084777832031 -399
vt 415.205322265625 -399
vt 418.9352722167969 -413.14215087890625
vt 415.205322265625 -399
vt 415.3168029785156 -413.14215087890625
vt 418.9352722167969 -413.14215087890625
vt 418.9352722167969 -413.14215087890625
vt 415.3168029785156 -413.14215087890625
vt 419 -419
vt 415.3168029785156 -413.14215087890625
vt 415.5859375 -419
vt 419 -419
vt 415.5859375 21
vt 412.34375 21
vt 415.3168029785156 15.142135620117188
vt 412.34375 21
vt 411.7799072265625 15.142135620117188
vt 415.3168029785156 15.142135620117188
vt 415.3168029785156 15.142135620117188
vt 411.7799072265625 15.142135620117188
vt 415.205322265625 1
vt 411.7799072265625 15.142135620117188
vt 411.5463562011719 1
vt 415.205322265625 1
vt 415.205322265625 1
vt 411.5463562011719 1
vt 415.205322265625 -399
vt 411.5463562011719 1
vt 411.5463562011719 -399
vt 415.205322265625 -399
vt 415.205322265625 -399
vt 411.5463562011719 -399
vt 415.3168029785156 -413.14215087890625
vt 411.5463562011719 -399
vt 411.7799072265625 -413.14215087890625
vt 415.3168029785156 -413.14215087890625
vt 415.3168029785156 -413.14215087890625
vt 411.7799072265625 -413.14215087890625
vt 415.5859375 -419
vt 411.7799072265625 -413.14215087890625
vt 412.34375 -419
vt 415.5859375 -419
vt 412.34375 21
vt 409.2734375 21
vt 411.7799072265625 15.142135620117188
vt 409.2734375 21
vt 408.38177490234375 15.142135620117188
vt 411.7799072265625 15.142135620117188
vt 411.7799072265625 15.142135620117188
vt 408.38177490234375 15.142135620117188
vt 411.5463562011719 1
vt 408.38177490234375 15.142135620117188
vt 408.0124206542969 1
vt 411.5463562011719 1
vt 411.5463562011719 1
vt 408.0124206542969 1
vt 411.5463562011719 -399
vt 408.0124206542969 1
vt 408.0124206542969 -399
vt 411.5463562011719 -399
vt 411.5463562011719 -399
vt 408.0124206542969 -399
vt 411.7799072265625 -413.14215087890625
vt 408.0124206542969 -399
vt 408.38177490234375 -413.14215087890625
vt 411.7799072265625 -413.14215087890625
vt 411.7799072265625 -413.14215087890625
vt 408.38177490234375 -413.14215087890625
vt 412.34375 -419
vt 408.38177490234375 -413.14215087890625
vt 409.2734375 -419
vt 412.34375 -419
vt 409.2734375 21
vt 406.375 21
vt 408.38177490234375 15.142135620117188
vt 406.375 21
vt 405.1170654296875 15.142135620117188
vt 408.38177490234375 15.142135620117188
vt 408.38177490234375 15.142135620117188
vt 405.1170654296875 15.142135620117188
vt 408.0124206542969 1
vt 405.1170654296875 15.142135620117188
vt 404.59600830078125 1
vt 408.0124206542969 1
vt 408.0124206542969 1
vt 404.59600830078125 1
vt 408.0124206542969 -399
vt 404.59600830078125 1
vt 404.59600830078125 -399
vt 408.0124206542969 -399
vt 408.0124206542969 -399
vt 404.59600830078125 -399
vt 408.38177490234375 -413.14215087890625
vt 404.59600830078125 -399
vt 405.1170654296875 -413.14215087890625
vt 408.38177490234375 -413.14215087890625
vt 408.38177490234375 -413.14215087890625
vt 405.1170654296875 -413.14215087890625
vt 409.2734375 -419
vt 405.1170654296875 -413.14215087890625
vt 406.375 -419
vt 409.2734375 -419
vt 406.375 21
vt 403.6484375 21
vt 405.1170654296875 15.142135620117188
vt 403.6484375 21
vt 401.9795227050781 15.142135620117188
vt 405.1170654296875 15.142135620117188
vt 405.1170654296875 15.142135620117188
vt 401.9795227050781 15.142135620117188
vt 404.59600830078125 1
vt 401.9795227050781 15.142135620117188
vt 401.2882385253906 1
vt 404.59600830078125 1
vt 404.59600830078125 1
vt 401.2882385253906 1
vt 404.59600830078125 -399
vt 401.2882385253906 1
vt 401.2882385253906 -399
vt 404.59600830078125 -399
vt 404.59600830078125 -399
vt 401.2882385253906 -399
vt 405.1170654296875 -413.14215087890625
vt 401.2882385253906 -399
vt 401.9795227050781 -413.14215087890625
vt 405.1170654296875 -413.14215087890625
vt 405.1170654296875 -413.14215087890625
vt 401.9795227050781 -413.14215087890625
vt 406.375 -419
vt 401.9795227050781 -413.14215087890625
vt 403.6484375 -419
vt 406.375 -419
vt 403.6484375 21
vt 401.09375 21
vt 401.9795227050781 15.142135620117188
vt 401.09375 21
vt 398.96173095703125 15.142135620117188
vt 401.9795227050781 15.142135620117188
vt 401.9795227050781 15.142135620117188
vt 398.96173095703125 15.142135620117188
vt 401.2882385253906 1
vt 398.96173095703125 15.142135620117188
vt 398.07861328125 1
vt 401.2882385253906 1
vt 401.2882385253906 1
vt 398.07861328125 1
vt 401.2882385253906 -399
vt 398.07861328125 1
vt 398.07861328125 -399
vt 401.2882385253906 -399
vt 401.2882385253906 -399
vt 398.07861328125 -399
vt 401.9795227050781 -413.14215087890625
vt 398.07861328125 -399
vt 398.96173095703125 -413.14215087890625
vt 401.9795227050781 -413.14215087890625
vt 401.9795227050781 -413.14215087890625
vt 398.96173095703125 -413.14215087890625
vt 403.6484375 -419
vt 398.96173095703125 -413.14215087890625
vt 401.09375 -419
vt 403.6484375 -419
vt 401.09375 21
vt 398.7109375 21
vt 398.96173095703125 15.142135620117188
vt 398.7109375 21
vt 396.0549011230469 15.142135620117188
vt 398.96173095703125 15.142135620117188
vt 398.96173095703125 15.142135620117188
vt 396.0549011230469 15.142135620117188
vt 398.07861328125 1
vt 396.0549011230469 15.142135620117188
vt 394.9547119140625 1
vt 398.07861328125 1
vt 398.07861328125 1
vt 394.9547119140625 1
vt 398.07861328125 -399
vt 394.9547119140625 1
vt 394.9547119140625 -399
vt 398.07861328125 -399
vt 398.07861328125 -399
vt 394.9547119140625 -399
vt 398.96173095703125 -413.14215087890625
vt 394.9547119140625 -399
vt 396.0549011230469 -413.14215087890625
vt 398.96173095703125 -413.14215087890625
vt 398.96173095703125 -413.14215087890625
vt 396.0549011230469 -413.14215087890625
vt 401.09375 -419
vt 396.0549011230469 -413.14215087890625
vt 398.7109375 -419
vt 401.09375 -419
vt 398.7109375 21
vt 396.5 21
vt 396.0549011230469 15.142135620117188
vt 396.5 21
vt 393.0867614746094 15.142135620117188
vt 396.0549011230469 15.142135620117188
vt 396.0549011230469 15.142135620117188
vt 393.0867614746094 15.142135620117188
vt 394.9547119140625 1
vt 393.0867614746094 15.142135620117188
vt 391.6729431152344 1
vt 394.9547119140625 1
vt 394.9547119140625 1
vt 391.6729431152344 1
vt 394.9547119140625 -399
vt 391.6729431152344 1
vt 391.6729431152344 -399
vt 394.9547119140625 -399
vt 394.9547119140625 -399
vt 391.6729431152344 -399
vt 396.0549011230469 -413.14215087890625
vt 391.6729431152344 -399
vt 393.0867614746094 -413.14215087890625
vt 396.0549011230469 -413.14215087890625
vt 396.0549011230469 -413.14215087890625
vt 393.0867614746094 -413.14215087890625
vt 398.7109375 -419
vt 393.0867614746094 -413.14215087890625
vt 396.5 -419
vt 398.7109375 -419
vt 396.5 21
vt 394.3671875 21
vt 393.0867614746094 15.142135620117188
vt 394.3671875 21
vt 389.8724060058594 15.142135620117188
vt 393.0867614746094 15.142135620117188
vt 393.0867614746094 15.142135620117188
vt 389.8724060058594 15.142135620117188
vt 391.6729431152344 1
vt 389.8724060058594 15.142135620117188
vt 388.0106201171875 1
vt 391.6729431152344 1
vt 391.6729431152344 1
vt 388.0106201171875 1
vt 391.6729431152344 -399
vt 388.0106201171875 1
vt 388.0106201171875 -399
vt 391.6729431152344 -399
vt 391.6729431152344 -399
vt 388.0106201171875 -399
vt 393.0867614746094 -413.14215087890625
vt 388.0106201171875 -399
vt 389.8724060058594 -413.14215087890625
vt 393.0867614746094 -413.14215087890625
vt 393.0867614746094 -413.14215087890625
vt 389.8724060058594 -413.14215087890625
vt 396.5 -419
vt 389.8724060058594 -413.14215087890625
vt 394.3671875 -419
vt 396.5 -419
vt 394.3671875 21
vt 392.21875 21
vt 389.8724060058594 15.142135620117188
vt 392.21875 21
vt 386.586669921875 15.142135620117188
vt 389.8724060058594 15.142135620117188
vt 389.8724060058594 15.142135620117188
vt 386.586669921875 15.142135620117188
vt 388.0106201171875 1
vt 386.586669921875 15.142135620117188
vt 384.2537841796875 1
vt 388.0106201171875 1
vt 388.0106201171875 1
vt 384.2537841796875 1
vt 388.0106201171875 -399
vt 384.2537841796875 1
vt 384.2537841796875 -399
vt 388.0106201171875 -399
vt 388.0106201171875 -399
vt 384.2537841796875 -399
vt 389.8724060058594 -413.14215087890625
vt 384.2537841796875 -399
vt 386.586669921875 -413.14215087890625
vt 389.8724060058594 -413.14215087890625
vt 389.8724060058594 -413.14215087890625
vt 386.586669921875 -413.14215087890625
vt 394.3671875 -419
vt 386.586669921875 -413.14215087890625
vt 392.21875 -419
vt 394.3671875 -419
vt 392.21875 21
vt 390.0546875 21
vt 386.586669921875 15.142135620117188
vt 390.0546875 21
vt 383.4153137207031 15.142135620117188
vt 386.586669921875 15.142135620117188
vt 386.586669921875 15.142135620117188
vt 383.4153137207031 15.142135620117188
vt 384.2537841796875 1
vt 383.4153137207031 15.142135620117188
vt 380.6651916503906 1
vt 384.2537841796875 1
vt 384.2537841796875 1
vt 380.6651916503906 1
vt 384.2537841796875 -399
vt 380.6651916503906 1
vt 380.6651916503906 -399
vt 384.2537841796875 -399
vt 384.2537841796875 -399
vt 380.6651916503906 -399
vt 386.586669921875 -413.14215087890625
vt 380.6651916503906 -399
vt 383.4153137207031 -413.14215087890625
vt 386.586669921875 -413.14215087890625
vt 386.586669921875 -413.14215087890625
vt 383.4153137207031 -413.14215087890625
vt 392.21875 -419
vt 383.4153137207031 -413.14215087890625
vt 390.0546875 -419
vt 392.21875 -419
vt 390.0546875 21
vt 387.875 21
vt 383.4153137207031 15.142135620117188
vt 387.875 21
vt 380.3548278808594 15.142135620117188
vt 383.4153137207031 15.142135620117188
vt 383.4153137207031 15.142135620117188
vt 380.3548278808594 15.142135620117188
vt 380.6651916503906 1
vt 380.3548278808594 15.142135620117188
vt 377.2398681640625 1
vt 380.6651916503906 1
vt 380.6651916503906 1
vt 377.2398681640625 1
vt 380.6651916503906 -399
vt 377.2398681640625 1
vt 377.2398681640625 -399
vt 380.6651916503906 -399
vt 380.6651916503906 -399
vt 377.2398681640625 -399
vt 383.4153137207031 -413.14215087890625
vt 377.2398681640625 -399
vt 380.3548278808594 -413.14215087890625
vt 383.4153137207031 -413.14215087890625
vt 383.4153137207031 -413.14215087890625
vt 380.3548278808594 -413.14215087890625
vt 390.0546875 -419
vt 380.3548278808594 -413.14215087890625
vt 387.875 -419
vt 390.0546875 -419
vt 387.875 21
vt 385.6796875 21
vt 380.3548278808594 15.142135620117188
vt 385.6796875 21
vt 377.3959045410156 15.142135620117188
vt 380.3548278808594 15.142135620117188
vt 380.3548278808594 15.142135620117188
vt 377.3959045410156 15.142135620117188
vt 377.2398681640625 1
vt 377.3959045410156 15.142135620117188
vt 373.96466064453125 1
vt 377.2398681640625 1
vt 377.2398681640625 1
vt 373.96466064453125 1
vt 377.2398681640625 -399
vt 373.96466064453125 1
vt 373.96466064453125 -399
vt 377.2398681640625 -399
vt 377.2398681640625 -399
vt 373.96466064453125 -399
vt 380.3548278808594 -413.14215087890625
vt 373.96466064453125 -399
vt 377.3959045410156 -413.14215087890625
vt 380.3548278808594 -413.14215087890625
vt 380.3548278808594 -413.14215087890625
vt 377.3959045410156 -413.14215087890625
vt 387.875 -419
vt 377.3959045410156 -413.14215087890625
vt 385.6796875 -419
vt 387.875 -419
vt 385.6796875 21
vt 383.46875 21
vt 377.3959045410156 15.142135620117188
vt 383.46875 21
vt 374.5263671875 15.142135620117188
vt 377.3959045410156 15.142135620117188
vt 377.3959045410156 15.142135620117188
vt 374.5263671875 15.142135620117188
vt 373.96466064453125 1
vt 374.5263671875 15.142135620117188
vt 370.8222961425781 1
vt 373.96466064453125 1
vt 373.96466064453125 1
vt 370.8222961425781 1
vt 373.96466064453125 -399
vt 370.8222961425781 1
vt 370.8222961425781 -399
vt 373.96466064453125 -399
vt 373.96466064453125 -399
vt 370.8222961425781 -399
vt 377.3959045410156 -413.14215087890625
vt 370.8222961425781 -399
vt 374.5263671875 -413.14215087890625
vt 377.3959045410156 -413.14215087890625
vt 377.3959045410156 -413.14215087890625
vt 374.5263671875 -413.14215087890625
vt 385.6796875 -419
vt 374.5263671875 -413.14215087890625
vt 383.46875 -419
vt 385.6796875 -419
vt 383.46875 21
vt 381.2421875 21
vt 374.5263671875 15.142135620117188
vt 381.2421875 21
vt 371.7330627441406 15.142135620117188
vt 374.5263671875 15.142135620117188
vt 374.5263671875 15.142135620117188
vt 371.7330627441406 15.142135620117188
vt 370.8222961425781 1
vt 371.7330627441406 15.142135620117188
vt 367.79425048828125 1
vt 370.8222961425781 1
vt 370.8222961425781 1
vt 367.79425048828125 1
vt 370.8222961425781 -399
vt 367.79425048828125 1
vt 367.79425048828125 -399
vt 370.8222961425781 -399
vt 370.8222961425781 -399
vt 367.79425048828125 -399
vt 374.5263671875 -413.14215087890625
vt 367.79425048828125 -399
vt 371.7330627441406 -413.14215087890625
vt 374.5263671875 -413.14215087890625
vt 374.5263671875 -413.14215087890625
vt 371.7330627441406 -413.14215087890625
vt 383.46875 -419
vt 371.7330627441406 -413.14215087890625
vt 381.2421875 -419
vt 383.46875 -419
vt 381.2421875 21
vt 379 21
vt 371.7330627441406 15.142135620117188
vt 379 21
vt 369.16583251953125 15.142135620117188
vt 371.7330627441406 15.142135620117188
vt 371.7330627441406 15.142135620117188
vt 369.16583251953125 15.142135620117188
vt 367.79425048828125 1
vt 369.16583251953125 15.142135620117188
vt 365.0923767089844 1
vt 367.79425048828125 1
vt 367.79425048828125 1
vt 365.0923767089844 1
vt 367.79425048828125 -399
vt 365.0923767089844 1
vt 365.0923767089844 -399
vt 367.79425048828125 -399
vt 367.79425048828125 -399
vt 365.0923767089844 -399
vt 371.7330627441406 -413.14215087890625
vt 365.0923767089844 -399
vt 369.16583251953125 -413.14215087890625
vt 371.7330627441406 -413.14215087890625
vt 371.7330627441406 -413.14215087890625
vt 369.16583251953125 -413.14215087890625
vt 381.2421875 -419
vt 369.16583251953125 -413.14215087890625
vt 379 -419
vt 381.2421875 -419
vt 379 21
vt 224 21
vt 369.16583251953125 15.142135620117188
vt 224 21
vt 213.88706970214844 15.142135620117188
vt 369.16583251953125 15.142135620117188
vt 369.16583251953125 15.142135620117188
vt 213.88706970214844 15.142135620117188
vt 365.0923767089844 1
vt 213.88706970214844 15.142135620117188
vt 209.69815063476562 1
vt 365.0923767089844 1
vt 365.0923767089844 1
vt 209.69815063476562 1
vt 365.0923767089844 -399
vt 209.69815063476562 1
vt 209.69815063476562 -399
vt 365.0923767089844 -399
vt 365.0923767089844 -399
vt 209.69815063476562 -399
vt 369.16583251953125 -413.14215087890625
vt 209.69815063476562 -399
vt 213.88706970214844 -413.14215087890625
vt 369.16583251953125 -413.14215087890625
vt 369.16583251953125 -413.14215087890625
vt 213.88706970214844 -413.14215087890625
vt 379 -419
vt 213.88706970214844 -413.14215087890625
vt 224 -419
vt 379 -419
vt 1168 21
vt 1007 21
vt 1177.8902587890625 15.142135620117188
vt 1007 21
vt 1016.7864379882812 15.142135620117188
vt 1177.8902587890625 15.142135620117188
vt 1177.8902587890625 15.142135620117188
vt 1016.7864379882812 15.142135620117188
vt 1181.98681640625 1
vt 1016.7864379882812 15.142135620117188
vt 1020.8401489257812 1
vt 1181.98681640625 1
vt 1181.98681640625 1
vt 1020.8401489257812 1
vt 1181.98681640625 -399
vt 1020.8401489257812 1
vt 1020.8401489257812 -399
vt 1181.98681640625 -399
vt 1181.98681640625 -399
vt 1020.8401489257812 -399
vt 1177.8902587890625 -413.14215087890625
vt 1020.8401489257812 -399
vt 1016.7864379882812 -413.14215087890625
vt 1177.8902587890625 -413.14215087890625
vt 1177.8902587890625 -413.14215087890625
vt 1016.7864379882812 -413.14215087890625
vt 1168 -419
vt 1016.7864379882812 -413.14215087890625
vt 1007 -419
vt 1168 -419
vt 1007 21
vt 1004.328125 21
vt 1016.7864379882812 15.142135620117188
vt 1004.328125 21
vt 1014.106201171875 15.142135620117188
vt 1016.7864379882812 15.142135620117188
vt 1016.7864379882812 15.142135620117188
vt 1014.106201171875 15.142135620117188
vt 1020.8401489257812 1
vt 1014.106201171875 15.142135620117188
vt 1018.1564331054688 1
vt 1020.8401489257812 1
vt 1020.8401489257812 1
vt 1018.1564331054688 1
vt 1020.8401489257812 -399
vt 1018.1564331054688 1
vt 1018.1564331054688 -399
vt 1020.8401489257812 -399
vt 1020.8401489257812 -399
vt 1018.1564331054688 -399
vt 1016.7864379882812 -413.14215087890625
vt 1018.1564331054688 -399
vt 1014.106201171875 -413.14215087890625
vt 1016.7864379882812 -413.14215087890625
vt 1016.7864379882812 -413.14215087890625
vt 1014.106201171875 -413.14215087890625
vt 1007 -419
vt 1014.106201171875 -413.14215087890625
vt 1004.328125 -419
vt 1007 -419
vt 1004.328125 21
vt 1001.8125 21
vt 1014.106201171875 15.142135620117188
vt 1001.8125 21
vt 1011.32666015625 15.142135620117188
vt 1014.106201171875 15.142135620117188
vt 1014.106201171875 15.142135620117188
vt 1011.32666015625 15.142135620117188
vt 1018.1564331054688 1
vt 1011.32666015625 15.142135620117188
vt 1015.2675170898438 1
vt 1018.1564331054688 1
vt 1018.1564331054688 1
vt 1015.2675170898438 1
vt 1018.1564331054688 -399
vt 1015.2675170898438 1
vt 1015.2675170898438 -399
vt 1018.1564331054688 -399
vt 1018.1564331054688 -399
vt 1015.2675170898438 -399
vt 1014.106201171875 -413.14215087890625
vt 1015.2675170898438 -399
vt 1011.32666015625 -413.14215087890625
vt 1014.106201171875 -413.14215087890625
vt 1014.106201171875 -413.14215087890625
vt 1011.32666015625 -413.14215087890625
vt 1004.328125 -419
vt 1011.32666015625 -413.14215087890625
vt 1001.8125 -419
vt 1004.328125 -419
vt 1001.8125 21
vt 999.453125 21
vt 1011.32666015625 15.142135620117188
vt 999.453125 21
vt 1008.6431884765625 15.142135620117188
vt 1011.32666015625 15.142135620117188
vt 1011.32666015625 15.142135620117188
vt 1008.6431884765625 15.142135620117188
vt 1015.2675170898438 1
vt 1008.6431884765625 15.142135620117188
vt 1012.4498901367188 1
vt 1015.2675170898438 1
vt 1015.2675170898438 1
vt 1012.4498901367188 1
vt 1015.2675170898438 -399
vt 1012.4498901367188 1
vt 1012.4498901367188 -399
vt 1015.2675170898438 -399
vt 1015.2675170898438 -399
vt 1012.4498901367188 -399
vt 1011.32666015625 -413.14215087890625
vt 1012.4498901367188 -399
vt 1008.6431884765625 -413.14215087890625
vt 1011.32666015625 -413.14215087890625
vt 1011.32666015625 -413.14215087890625
vt 1008.6431884765625 -413.14215087890625
vt 1001.8125 -419
vt 1008.6431884765625 -413.14215087890625
vt 999.453125 -419
vt 1001.8125 -419
vt 999.453125 21
vt 997.25 21
vt 1008.6431884765625 15.142135620117188
vt 997.25 21
vt 1006.0345458984375 15.142135620117188
vt 1008.6431884765625 15.142135620117188
vt 1008.6431884765625 15.142135620117188
vt 1006.0345458984375 15.142135620117188
vt 1012.4498901367188 1
vt 1006.0345458984375 15.142135620117188
vt 1009.6732788085938 1
vt 1012.4498901367188 1
vt 1012.4498901367188 1
vt 1009.6732788085938 1
vt 1012.4498901367188 -399
vt 1009.6732788085938 1
vt 1009.6732788085938 -399
vt 1012.4498901367188 -399
vt 1012.4498901367188 -399
vt 1009.6732788085938 -399
vt 1008.6431884765625 -413.14215087890625
vt 1009.6732788085938 -399
vt 1006.0345458984375 -413.14215087890625
vt 1008.6431884765625 -413.14215087890625
vt 1008.6431884765625 -413.14215087890625
vt 1006.0345458984375 -413.14215087890625
vt 999.453125 -419
vt 1006.0345458984375 -413.14215087890625
vt 997.25 -419
vt 999.453125 -419
vt 997.25 21
vt 995.203125 21
vt 1006.0345458984375 15.142135620117188
vt 995.203125 21
vt 1003.4688720703125 15.142135620117188
vt 1006.0345458984375 15.142135620117188
vt 1006.0345458984375 15.142135620117188
vt 1003.4688720703125 15.142135620117188
vt 1009.6732788085938 1
vt 1003.4688720703125 15.142135620117188
vt 1006.8926391601562 1
vt 1009.6732788085938 1
vt 1009.6732788085938 1
vt 1006.8926391601562 1
vt 1009.6732788085938 -399
vt 1006.8926391601562 1
vt 1006.8926391601562 -399
vt 1009.6732788085938 -399
vt 1009.6732788085938 -399
vt 1006.8926391601562 -399
vt 1006.0345458984375 -413.14215087890625
vt 1006.8926391601562 -399
vt 1003.4688720703125 -413.14215087890625
vt 1006.0345458984375 -413.14215087890625
vt 1006.0345458984375 -413.14215087890625
vt 1003.4688720703125 -413.14215087890625
vt 997.25 -419
vt 1003.4688720703125 -413.14215087890625
vt 995.203125 -419
vt 997.25 -419
vt 995.203125 21
vt 993.3125 21
vt 1003.4688720703125 15.142135620117188
vt 993.3125 21
vt 1000.8975219726562 15.142135620117188
vt 1003.4688720703125 15.142135620117188
vt 1003.4688720703125 15.142135620117188
vt 1000.8975219726562 15.142135620117188
vt 1006.8926391601562 1
vt 1000.8975219726562 15.142135620117188
vt 1004.0393676757812 1
vt 1006.8926391601562 1
vt 1006.8926391601562 1
vt 1004.0393676757812 1
vt 1006.8926391601562 -399
vt 1004.0393676757812 1
vt 1004.0393676757812 -399
vt 1006.8926391601562 -399
vt 1006.8926391601562 -399
vt 1004.0393676757812 -399
vt 1003.4688720703125 -413.14215087890625
vt 1004.0393676757812 -399
vt 1000.8975219726562 -413.14215087890625
vt 1003.4688720703125 -413.14215087890625
vt 1003.4688720703125 -413.14215087890625
vt 1000.8975219726562 -413.14215087890625
vt 995.203125 -419
vt 1000.8975219726562 -413.14215087890625
vt 993.3125 -419
vt 995.203125 -419
vt 993.3125 21
vt 991.578125 21
vt 1000.8975219726562 15.142135620117188
vt 991.578125 21
vt 998.2447509765625 15.142135620117188
vt 1000.8975219726562 15.142135620117188
vt 1000.8975219726562 15.142135620117188
vt 998.2447509765625 15.142135620117188
vt 1004.0393676757812 1
vt 998.2447509765625 15.142135620117188
vt 1001.0061645507812 1
vt 1004.0393676757812 1
vt 1004.0393676757812 1
vt 1001.0061645507812 1
vt 1004.0393676757812 -399
vt 1001.0061645507812 1
vt 1001.0061645507812 -399
vt 1004.0393676757812 -399
vt 1004.0393676757812 -399
vt 1001.0061645507812 -399
vt 1000.8975219726562 -413.14215087890625
vt 1001.0061645507812 -399
vt 998.2447509765625 -413.14215087890625
vt 1000.8975219726562 -413.14215087890625
vt 1000.8975219726562 -413.14215087890625
vt 998.2447509765625 -413.14215087890625
vt 993.3125 -419
vt 998.2447509765625 -413.14215087890625
vt 991.578125 -419
vt 993.3125 -419
vt 991.578125 21
vt 990 21
vt 998.2447509765625 15.142135620117188
vt 990 21
vt 995.4349365234375 15.142135620117188
vt 998.2447509765625 15.142135620117188
vt 998.2447509765625 15.142135620117188
vt 995.4349365234375 15.142135620117188
vt 1001.0061645507812 1
vt 995.4349365234375 15.142135620117188
vt 997.6861572265625 1
vt 1001.0061645507812 1
vt 1001.0061645507812 1
vt 997.6861572265625 1
vt 1001.0061645507812 -399
vt 997.6861572265625 1
vt 997.6861572265625 -399
vt 1001.0061645507812 -399
vt 1001.0061645507812 -399
vt 997.6861572265625 -399
vt 998.2447509765625 -413.14215087890625
vt 997.6861572265625 -399
vt 995.4349365234375 -413.14215087890625
vt 998.2447509765625 -413.14215087890625
vt 998.2447509765625 -413.14215087890625
vt 995.4349365234375 -413.14215087890625
vt 991.578125 -419
vt 995.4349365234375 -413.14215087890625
vt 990 -419
vt 991.578125 -419
vt 990 21
vt 988.34375 21
vt 995.4349365234375 15.142135620117188
vt 988.34375 21
vt 992.47607421875 15.142135620117188
vt 995.4349365234375 15.142135620117188
vt 995.4349365234375 15.142135620117188
vt 992.47607421875 15.142135620117188
vt 997.6861572265625 1
vt 992.47607421875 15.142135620117188
vt 994.187744140625 1
vt 997.6861572265625 1
vt 997.6861572265625 1
vt 994.187744140625 1
vt 997.6861572265625 -399
vt 994.187744140625 1
vt 994.187744140625 -399
vt 997.6861572265625 -399
vt 997.6861572265625 -399
vt 994.187744140625 -399
vt 995.4349365234375 -413.14215087890625
vt 994.187744140625 -399
vt 992.47607421875 -413.14215087890625
vt 995.4349365234375 -413.14215087890625
vt 995.4349365234375 -413.14215087890625
vt 992.47607421875 -413.14215087890625
vt 990 -419
vt 992.47607421875 -413.14215087890625
vt 988.34375 -419
vt 990 -419
vt 988.34375 21
vt 986.375 21
vt 992.47607421875 15.142135620117188
vt 986.375 21
vt 989.4533081054688 15.142135620117188
vt 992.47607421875 15.142135620117188
vt 992.47607421875 15.142135620117188
vt 989.4533081054688 15.142135620117188
vt 994.187744140625 1
vt 989.4533081054688 15.142135620117188
vt 990.7283935546875 1
vt 994.187744140625 1
vt 994.187744140625 1
vt 990.7283935546875 1
vt 994.187744140625 -399
vt 990.7283935546875 1
vt 990.7283935546875 -399
vt 994.187744140625 -399
vt 994.187744140625 -399
vt 990.7283935546875 -399
vt 992.47607421875 -413.14215087890625
vt 990.7283935546875 -399
vt 989.4533081054688 -413.14215087890625
vt 992.47607421875 -413.14215087890625
vt 992.47607421875 -413.14215087890625
vt 989.4533081054688 -413.14215087890625
vt 988.34375 -419
vt 989.4533081054688 -413.14215087890625
vt 986.375 -419
vt 988.34375 -419
vt 986.375 21
vt 984.09375 21
vt 989.4533081054688 15.142135620117188
vt 984.09375 21
vt 986.3538818359375 15.142135620117188
vt 989.4533081054688 15.142135620117188
vt 989.4533081054688 15.142135620117188
vt 986.3538818359375 15.142135620117188
vt 990.7283935546875 1
vt 986.3538818359375 15.142135620117188
vt 987.2900390625 1
vt 990.7283935546875 1
vt 990.7283935546875 1
vt 987.2900390625 1
vt 990.7283935546875 -399
vt 987.2900390625 1
vt 987.2900390625 -399
vt 990.7283935546875 -399
vt 990.7283935546875 -399
vt 987.2900390625 -399
vt 989.4533081054688 -413.14215087890625
vt 987.2900390625 -399
vt 986.3538818359375 -413.14215087890625
vt 989.4533081054688 -413.14215087890625
vt 989.4533081054688 -413.14215087890625
vt 986.3538818359375 -413.14215087890625
vt 986.375 -419
vt 986.3538818359375 -413.14215087890625
vt 984.09375 -419
vt 986.375 -419
vt 984.09375 21
vt 981.5 21
vt 986.3538818359375 15.142135620117188
vt 981.5 21
vt 983.11279296875 15.142135620117188
vt 986.3538818359375 15.142135620117188
vt 986.3538818359375 15.142135620117188
vt 983.11279296875 15.142135620117188
vt 987.2900390625 1
vt 983.11279296875 15.142135620117188
vt 983.7808227539062 1
vt 987.2900390625 1
vt 987.2900390625 1
vt 983.7808227539062 1
vt 987.2900390625 -399
vt 983.7808227539062 1
vt 983.7808227539062 -399
vt 987.2900390625 -399
vt 987.2900390625 -399
vt 983.7808227539062 -399
vt 986.3538818359375 -413.14215087890625
vt 983.7808227539062 -399
vt 983.11279296875 -413.14215087890625
vt 986.3538818359375 -413.14215087890625
vt 986.3538818359375 -413.14215087890625
vt 983.11279296875 -413.14215087890625
vt 984.09375 -419
vt 983.11279296875 -413.14215087890625
vt 981.5 -419
vt 984.09375 -419
vt 981.5 21
vt 978.59375 21
vt 983.11279296875 15.142135620117188
vt 978.59375 21
vt 979.6846923828125 15.142135620117188
vt 983.11279296875 15.142135620117188
vt 983.11279296875 15.142135620117188
vt 979.6846923828125 15.142135620117188
vt 983.7808227539062 1
vt 979.6846923828125 15.142135620117188
vt 980.1365966796875 1
vt 983.7808227539062 1
vt 983.7808227539062 1
vt 980.1365966796875 1
vt 983.7808227539062 -399
vt 980.1365966796875 1
vt 980.1365966796875 -399
vt 983.7808227539062 -399
vt 983.7808227539062 -399
vt 980.1365966796875 -399
vt 983.11279296875 -413.14215087890625
vt 980.1365966796875 -399
vt 979.6846923828125 -413.14215087890625
vt 983.11279296875 -413.14215087890625
vt 983.11279296875 -413.14215087890625
vt 979.6846923828125 -413.14215087890625
vt 981.5 -419
vt 979.6846923828125 -413.14215087890625
vt 978.59375 -419
vt 981.5 -419
vt 978.59375 21
vt 975.375 21
vt 979.6846923828125 15.142135620117188
vt 975.375 21
vt 976.0379638671875 15.142135620117188
vt 979.6846923828125 15.142135620117188
vt 979.6846923828125 15.142135620117188
vt 976.0379638671875 15.142135620117188
vt 980.1365966796875 1
vt 976.0379638671875 15.142135620117188
vt 976.3125610351562 1
vt 980.1365966796875 1
vt 980.1365966796875 1
vt 976.3125610351562 1
vt 980.1365966796875 -399
vt 976.3125610351562 1
vt 976.3125610351562 -399
vt 980.1365966796875 -399
vt 980.1365966796875 -399
vt 976.3125610351562 -399
vt 979.6846923828125 -413.14215087890625
vt 976.3125610351562 -399
vt 976.0379638671875 -413.14215087890625
vt 979.6846923828125 -413.14215087890625
vt 979.6846923828125 -413.14215087890625
vt 976.0379638671875 -413.14215087890625
vt 978.59375 -419
vt 976.0379638671875 -413.14215087890625
vt 975.375 -419
vt 978.59375 -419
vt 975.375 21
vt 971.84375 21
vt 976.0379638671875 15.142135620117188
vt 971.84375 21
vt 972.1502075195312 15.142135620117188
vt 976.0379638671875 15.142135620117188
vt 976.0379638671875 15.142135620117188
vt 972.1502075195312 15.142135620117188
vt 976.3125610351562 1
vt 972.1502075195312 15.142135620117188
vt 972.277099609375 1
vt 976.3125610351562 1
vt 976.3125610351562 1
vt 972.277099609375 1
vt 976.3125610351562 -399
vt 972.277099609375 1
vt 972.277099609375 -399
vt 976.3125610351562 -399
vt 976.3125610351562 -399
vt 972.277099609375 -399
vt 976.0379638671875 -413.14215087890625
vt 972.277099609375 -399
vt 972.1502075195312 -413.14215087890625
vt 976.0379638671875 -413.14215087890625
vt 976.0379638671875 -413.14215087890625
vt 972.1502075195312 -413.14215087890625
vt 975.375 -419
vt 972.1502075195312 -413.14215087890625
vt 971.84375 -419
vt 975.375 -419
vt 971.84375 21
vt 968 21
vt 972.1502075195312 15.142135620117188
vt 968 21
vt 968.0718383789062 15.142135620117188
vt 972.1502075195312 15.142135620117188
vt 972.1502075195312 15.142135620117188
vt 968.0718383789062 15.142135620117188
vt 972.277099609375 1
vt 968.0718383789062 15.142135620117188
vt 968.1016235351562 1
vt 972.277099609375 1
vt 972.277099609375 1
vt 968.1016235351562 1
vt 972.277099609375 -399
vt 968.1016235351562 1
vt 968.1016235351562 -399
vt 972.277099609375 -399
vt 972.277099609375 -399
vt 968.1016235351562 -399
vt 972.1502075195312 -413.14215087890625
vt 968.1016235351562 -399
vt 968.0718383789062 -413.14215087890625
vt 972.1502075195312 -413.14215087890625
vt 972.1502075195312 -413.14215087890625
vt 968.0718383789062 -413.14215087890625
vt 971.84375 -419
vt 968.0718383789062 -413.14215087890625
vt 968 -419
vt 971.84375 -419
vt 968 21
vt 365 21
vt 968.0718383789062 15.142135620117188
vt 365 21
vt 364.9234619140625 15.142135620117188
vt 968.0718383789062 15.142135620117188
vt 968.0718383789062 15.142135620117188
vt 364.9234619140625 15.142135620117188
vt 968.1016235351562 1
vt 364.9234619140625 15.142135620117188
vt 364.89178466796875 1
vt 968.1016235351562 1
vt 968.1016235351562 1
vt 364.89178466796875 1
vt 968.1016235351562 -399
vt 364.89178466796875 1
vt 364.89178466796875 -399
vt 968.1016235351562 -399
vt 968.1016235351562 -399
vt 364.89178466796875 -399
vt 968.0718383789062 -413.14215087890625
vt 364.89178466796875 -399
vt 364.9234619140625 -413.14215087890625
vt 968.0718383789062 -413.14215087890625
vt 968.0718383789062 -413.14215087890625
vt 364.9234619140625 -413.14215087890625
vt 968 -419
vt 364.9234619140625 -413.14215087890625
vt 365 -419
vt 968 -419
vt 365 21
vt 361.390625 21
vt 364.9234619140625 15.142135620117188
vt 361.390625 21
vt 361.0652160644531 15.142135620117188
vt 364.9234619140625 15.142135620117188
vt 364.9234619140625 15.142135620117188
vt 361.0652160644531 15.142135620117188
vt 364.89178466796875 1
vt 361.0652160644531 15.142135620117188
vt 360.9304504394531 1
vt 364.89178466796875 1
vt 364.89178466796875 1
vt 360.9304504394531 1
vt 364.89178466796875 -399
vt 360.9304504394531 1
vt 360.9304504394531 -399
vt 364.89178466796875 -399
vt 364.89178466796875 -399
vt 360.9304504394531 -399
vt 364.9234619140625 -413.14215087890625
vt 360.9304504394531 -399
vt 361.0652160644531 -413.14215087890625
vt 364.9234619140625 -413.14215087890625
vt 364.9234619140625 -413.14215087890625
vt 361.0652160644531 -413.14215087890625
vt 365 -419
vt 361.0652160644531 -413.14215087890625
vt 361.390625 -419
vt 365 -419
vt 361.390625 21
vt 358.0625 21
vt 361.0652160644531 15.142135620117188
vt 358.0625 21
vt 357.3611755371094 15.142135620117188
vt 361.0652160644531 15.142135620117188
vt 361.0652160644531 15.142135620117188
vt 357.3611755371094 15.142135620117188
vt 360.9304504394531 1
vt 357.3611755371094 15.142135620117188
vt 357.0706787109375 1
vt 360.9304504394531 1
vt 360.9304504394531 1
vt 357.0706787109375 1
vt 360.9304504394531 -399
vt 357.0706787109375 1
vt 357.0706787109375 -399
vt 360.9304504394531 -399
vt 360.9304504394531 -399
vt 357.0706787109375 -399
vt 361.0652160644531 -413.14215087890625
vt 357.0706787109375 -399
vt 357.3611755371094 -413.14215087890625
vt 361.0652160644531 -413.14215087890625
vt 361.0652160644531 -413.14215087890625
vt 357.3611755371094 -413.14215087890625
vt 361.390625 -419
vt 357.3611755371094 -413.14215087890625
vt 358.0625 -419
vt 361.390625 -419
vt 358.0625 21
vt 355.015625 21
vt 357.3611755371094 15.142135620117188
vt 355.015625 21
vt 353.8672180175781 15.142135620117188
vt 357.3611755371094 15.142135620117188
vt 357.3611755371094 15.142135620117188
vt 353.8672180175781 15.142135620117188
vt 357.0706787109375 1
vt 353.8672180175781 15.142135620117188
vt 353.3915100097656 1
vt 357.0706787109375 1
vt 357.0706787109375 1
vt 353.3915100097656 1
vt 357.0706787109375 -399
vt 353.3915100097656 1
vt 353.3915100097656 -399
vt 357.0706787109375 -399
vt 357.0706787109375 -399
vt 353.3915100097656 -399
vt 357.3611755371094 -413.14215087890625
vt 353.3915100097656 -399
vt 353.8672180175781 -413.14215087890625
vt 357.3611755371094 -413.14215087890625
vt 357.3611755371094 -413.14215087890625
vt 353.8672180175781 -413.14215087890625
vt 358.0625 -419
vt 353.8672180175781 -413.14215087890625
vt 355.015625 -419
vt 358.0625 -419
vt 355.015625 21
vt 352.25 21
vt 353.8672180175781 15.142135620117188
vt 352.25 21
vt 350.5627746582031 15.142135620117188
vt 353.8672180175781 15.142135620117188
vt 353.8672180175781 15.142135620117188
vt 350.5627746582031 15.142135620117188
vt 353.3915100097656 1
vt 350.5627746582031 15.142135620117188
vt 349.8639221191406 1
vt 353.3915100097656 1
vt 353.3915100097656 1
vt 349.8639221191406 1
vt 353.3915100097656 -399
vt 349.8639221191406 1
vt 349.8639221191406 -399
vt 353.3915100097656 -399
vt 353.3915100097656 -399
vt 349.8639221191406 -399
vt 353.8672180175781 -413.14215087890625
vt 349.8639221191406 -399
vt 350.5627746582031 -413.14215087890625
vt 353.8672180175781 -413.14215087890625
vt 353.8672180175781 -413.14215087890625
vt 350.5627746582031 -413.14215087890625
vt 355.015625 -419
vt 350.5627746582031 -413.14215087890625
vt 352.25 -419
vt 355.015625 -419
vt 352.25 21
vt 349.765625 21
vt 350.5627746582031 15.142135620117188
vt 349.765625 21
vt 347.419677734375 15.142135620117188
vt 350.5627746582031 15.142135620117188
vt 350.5627746582031 15.142135620117188
vt 347.419677734375 15.142135620117188
vt 349.8639221191406 1
vt 347.419677734375 15.142135620117188
vt 346.4479675292969 1
vt 349.8639221191406 1
vt 349.8639221191406 1
vt 346.4479675292969 1
vt 349.8639221191406 -399
vt 346.4479675292969 1
vt 346.4479675292969 -399
vt 349.8639221191406 -399
vt 349.8639221191406 -399
vt 346.4479675292969 -399
vt 350.5627746582031 -413.14215087890625
vt 346.4479675292969 -399
vt 347.419677734375 -413.14215087890625
vt 350.5627746582031 -413.14215087890625
vt 350.5627746582031 -413.14215087890625
vt 347.419677734375 -413.14215087890625
vt 352.25 -419
vt 347.419677734375 -413.14215087890625
vt 349.765625 -419
vt 352.25 -419
vt 349.765625 21
vt 347.5625 21
vt 347.419677734375 15.142135620117188
vt 347.5625 21
vt 344.39910888671875 15.142135620117188
vt 347.419677734375 15.142135620117188
vt 347.419677734375 15.142135620117188
vt 344.39910888671875 15.142135620117188
vt 346.4479675292969 1
vt 344.39910888671875 15.142135620117188
vt 343.0887756347656 1
vt 346.4479675292969 1
vt 346.4479675292969 1
vt 343.0887756347656 1
vt 346.4479675292969 -399
vt 343.0887756347656 1
vt 343.0887756347656 -399
vt 346.4479675292969 -399
vt 346.4479675292969 -399
vt 343.0887756347656 -399
vt 347.419677734375 -413.14215087890625
vt 343.0887756347656 -399
vt 344.39910888671875 -413.14215087890625
vt 347.419677734375 -413.14215087890625
vt 347.419677734375 -413.14215087890625
vt 344.39910888671875 -413.14215087890625
vt 349.765625 -419
vt 344.39910888671875 -413.14215087890625
vt 347.5625 -419
vt 349.765625 -419
vt 347.5625 21
vt 345.640625 21
vt 344.39910888671875 15.142135620117188
vt 345.640625 21
vt 341.448486328125 15.142135620117188
vt 344.39910888671875 15.142135620117188
vt 344.39910888671875 15.142135620117188
vt 341.448486328125 15.142135620117188
vt 343.0887756347656 1
vt 341.448486328125 15.142135620117188
vt 339.7120361328125 1
vt 343.0887756347656 1
vt 343.0887756347656 1
vt 339.7120361328125 1
vt 343.0887756347656 -399
vt 339.7120361328125 1
vt 339.7120361328125 -399
vt 343.0887756347656 -399
vt 343.0887756347656 -399
vt 339.7120361328125 -399
vt 344.39910888671875 -413.14215087890625
vt 339.7120361328125 -399
vt 341.448486328125 -413.14215087890625
vt 344.39910888671875 -413.14215087890625
vt 344.39910888671875 -413.14215087890625
vt 341.448486328125 -413.14215087890625
vt 347.5625 -419
vt 341.448486328125 -413.14215087890625
vt 345.640625 -419
vt 347.5625 -419
vt 345.640625 21
vt 344 21
vt 341.448486328125 15.142135620117188
vt 344 21
vt 338.5715026855469 15.142135620117188
vt 341.448486328125 15.142135620117188
vt 341.448486328125 15.142135620117188
vt 338.5715026855469 15.142135620117188
vt 339.7120361328125 1
vt 338.5715026855469 15.142135620117188
vt 336.3229675292969 1
vt 339.7120361328125 1
vt 339.7120361328125 1
vt 336.3229675292969 1
vt 339.7120361328125 -399
vt 336.3229675292969 1
vt 336.3229675292969 -399
vt 339.7120361328125 -399
vt 339.7120361328125 -399
vt 336.3229675292969 -399
vt 341.448486328125 -413.14215087890625
vt 336.3229675292969 -399
vt 338.5715026855469 -413.14215087890625
vt 341.448486328125 -413.14215087890625
vt 341.448486328125 -413.14215087890625
vt 338.5715026855469 -413.14215087890625
vt 345.640625 -419
vt 338.5715026855469 -413.14215087890625
vt 344 -419
vt 345.640625 -419
vt 344 21
vt 342.40625 21
vt 338.5715026855469 15.142135620117188
vt 342.40625 21
vt 335.83721923828125 15.142135620117188
vt 338.5715026855469 15.142135620117188
vt 338.5715026855469 15.142135620117188
vt 335.83721923828125 15.142135620117188
vt 336.3229675292969 1
vt 335.83721923828125 15.142135620117188
vt 333.1162109375 1
vt 336.3229675292969 1
vt 336.3229675292969 1
vt 333.1162109375 1
vt 336.3229675292969 -399
vt 333.1162109375 1
vt 333.1162109375 -399
vt 336.3229675292969 -399
vt 336.3229675292969 -399
vt 333.1162109375 -399
vt 338.5715026855469 -413.14215087890625
vt 333.1162109375 -399
vt 335.83721923828125 -413.14215087890625
vt 338.5715026855469 -413.14215087890625
vt 338.5715026855469 -413.14215087890625
vt 335.83721923828125 -413.14215087890625
vt 344 -419
vt 335.83721923828125 -413.14215087890625
vt 342.40625 -419
vt 344 -419
vt 342.40625 21
vt 340.625 21
vt 335.83721923828125 15.142135620117188
vt 340.625 21
vt 333.22259521484375 15.142135620117188
vt 335.83721923828125 15.142135620117188
vt 335.83721923828125 15.142135620117188
vt 333.22259521484375 15.142135620117188
vt 333.1162109375 1
vt 333.22259521484375 15.142135620117188
vt 330.15643310546875 1
vt 333.1162109375 1
vt 333.1162109375 1
vt 330.15643310546875 1
vt 333.1162109375 -399
vt 330.15643310546875 1
vt 330.15643310546875 -399
vt 333.1162109375 -399
vt 333.1162109375 -399
vt 330.15643310546875 -399
vt 335.83721923828125 -413.14215087890625
vt 330.15643310546875 -399
vt 333.22259521484375 -413.14215087890625
vt 335.83721923828125 -413.14215087890625
vt 335.83721923828125 -413.14215087890625
vt 333.22259521484375 -413.14215087890625
vt 342.40625 -419
vt 333.22259521484375 -413.14215087890625
vt 340.625 -419
vt 342.40625 -419
vt 340.625 21
vt 338.65625 21
vt 333.22259521484375 15.142135620117188
vt 338.65625 21
vt 330.6432800292969 15.142135620117188
vt 333.22259521484375 15.142135620117188
vt 333.22259521484375 15.142135620117188
vt 330.6432800292969 15.142135620117188
vt 330.15643310546875 1
vt 330.6432800292969 15.142135620117188
vt 327.3241882324219 1
vt 330.15643310546875 1
vt 330.15643310546875 1
vt 327.3241882324219 1
vt 330.15643310546875 -399
vt 327.3241882324219 1
vt 327.3241882324219 -399
vt 330.15643310546875 -399
vt 330.15643310546875 -399
vt 327.3241882324219 -399
vt 333.22259521484375 -413.14215087890625
vt 327.3241882324219 -399
vt 330.6432800292969 -413.14215087890625
vt 333.22259521484375 -413.14215087890625
vt 333.22259521484375 -413.14215087890625
vt 330.6432800292969 -413.14215087890625
vt 340.625 -419
vt 330.6432800292969 -413.14215087890625
vt 338.65625 -419
vt 340.625 -419
vt 338.65625 21
vt 336.5 21
vt 330.6432800292969 15.142135620117188
vt 336.5 21
vt 328.02447509765625 15.142135620117188
vt 330.6432800292969 15.142135620117188
vt 330.6432800292969 15.142135620117188
vt 328.02447509765625 15.142135620117188
vt 327.3241882324219 1
vt 328.02447509765625 15.142135620117188
vt 324.5137939453125 1
vt 327.3241882324219 1
vt 327.3241882324219 1
vt 324.5137939453125 1
vt 327.3241882324219 -399
vt 324.5137939453125 1
vt 324.5137939453125 -399
vt 327.3241882324219 -399
vt 327.3241882324219 -399
vt 324.5137939453125 -399
vt 330.6432800292969 -413.14215087890625
vt 324.5137939453125 -399
vt 328.02447509765625 -413.14215087890625
vt 330.6432800292969 -413.14215087890625
vt 330.6432800292969 -413.14215087890625
vt 328.02447509765625 -413.14215087890625
vt 338.65625 -419
vt 328.02447509765625 -413.14215087890625
vt 336.5 -419
vt 338.65625 -419
vt 336.5 21
vt 334.15625 21
vt 328.02447509765625 15.142135620117188
vt 334.15625 21
vt 325.3201599121094 15.142135620117188
vt 328.02447509765625 15.142135620117188
vt 328.02447509765625 15.142135620117188
vt 325.3201599121094 15.142135620117188
vt 324.5137939453125 1
vt 325.3201599121094 15.142135620117188
vt 321.6601257324219 1
vt 324.5137939453125 1
vt 324.5137939453125 1
vt 321.6601257324219 1
vt 324.5137939453125 -399
vt 321.6601257324219 1
vt 321.6601257324219 -399
vt 324.5137939453125 -399
vt 324.5137939453125 -399
vt 321.6601257324219 -399
vt 328.02447509765625 -413.14215087890625
vt 321.6601257324219 -399
vt 325.3201599121094 -413.14215087890625
vt 328.02447509765625 -413.14215087890625
vt 328.02447509765625 -413.14215087890625
vt 325.3201599121094 -413.14215087890625
vt 336.5 -419
vt 325.3201599121094 -413.14215087890625
vt 334.15625 -419
vt 336.5 -419
vt 334.15625 21
vt 331.625 21
vt 325.3201599121094 15.142135620117188
vt 331.625 21
vt 322.5010070800781 15.142135620117188
vt 325.3201599121094 15.142135620117188
vt 325.3201599121094 15.142135620117188
vt 322.5010070800781 15.142135620117188
vt 321.6601257324219 1
vt 322.5010070800781 15.142135620117188
vt 318.72174072265625 1
vt 321.6601257324219 1
vt 321.6601257324219 1
vt 318.72174072265625 1
vt 321.6601257324219 -399
vt 318.72174072265625 1
vt 318.72174072265625 -399
vt 321.6601257324219 -399
vt 321.6601257324219 -399
vt 318.72174072265625 -399
vt 325.3201599121094 -413.14215087890625
vt 318.72174072265625 -399
vt 322.5010070800781 -413.14215087890625
vt 325.3201599121094 -413.14215087890625
vt 325.3201599121094 -413.14215087890625
vt 322.5010070800781 -413.14215087890625
vt 334.15625 -419
vt 322.5010070800781 -413.14215087890625
vt 331.625 -419
vt 334.15625 -419
vt 331.625 21
vt 328.90625 21
vt 322.5010070800781 15.142135620117188
vt 328.90625 21
vt 319.54766845703125 15.142135620117188
vt 322.5010070800781 15.142135620117188
vt 322.5010070800781 15.142135620117188
vt 319.54766845703125 15.142135620117188
vt 318.72174072265625 1
vt 319.54766845703125 15.142135620117188
vt 315.67120361328125 1
vt 318.72174072265625 1
vt 318.72174072265625 1
vt 315.67120361328125 1
vt 318.72174072265625 -399
vt 315.67120361328125 1
vt 315.67120361328125 -399
vt 318.72174072265625 -399
vt 318.72174072265625 -399
vt 315.67120361328125 -399
vt 322.5010070800781 -413.14215087890625
vt 315.67120361328125 -399
vt 319.54766845703125 -413.14215087890625
vt 322.5010070800781 -413.14215087890625
vt 322.5010070800781 -413.14215087890625
vt 319.54766845703125 -413.14215087890625
vt 331.625 -419
vt 319.54766845703125 -413.14215087890625
vt 328.90625 -419
vt 331.625 -419
vt 328.90625 21
vt 326 21
vt 319.54766845703125 15.142135620117188
vt 326 21
vt 316.386962890625 15.142135620117188
vt 319.54766845703125 15.142135620117188
vt 319.54766845703125 15.142135620117188
vt 316.386962890625 15.142135620117188
vt 315.67120361328125 1
vt 316.386962890625 15.142135620117188
vt 312.40509033203125 1
vt 315.67120361328125 1
vt 315.67120361328125 1
vt 312.40509033203125 1
vt 315.67120361328125 -399
vt 312.40509033203125 1
vt 312.40509033203125 -399
vt 315.67120361328125 -399
vt 315.67120361328125 -399
vt 312.40509033203125 -399
vt 319.54766845703125 -413.14215087890625
vt 312.40509033203125 -399
vt 316.386962890625 -413.14215087890625
vt 319.54766845703125 -413.14215087890625
vt 319.54766845703125 -413.14215087890625
vt 316.386962890625 -413.14215087890625
vt 328.90625 -419
vt 316.386962890625 -413.14215087890625
vt 326 -419
vt 328.90625 -419
vt 326 21
vt 133 21
vt 316.386962890625 15.142135620117188
vt 133 21
vt 123.07704162597656 15.142135620117188
vt 316.386962890625 15.142135620117188
vt 316.386962890625 15.142135620117188
vt 123.07704162597656 15.142135620117188
vt 312.40509033203125 1
vt 123.07704162597656 15.142135620117188
vt 118.9668197631836 1
vt 312.40509033203125 1
vt 312.40509033203125 1
vt 118.9668197631836 1
vt 312.40509033203125 -399
vt 118.9668197631836 1
vt 118.9668197631836 -399
vt 312.40509033203125 -399
vt 312.40509033203125 -399
vt 118.9668197631836 -399
vt 316.386962890625 -413.14215087890625
vt 118.9668197631836 -399
vt 123.07704162597656 -413.14215087890625
vt 316.386962890625 -413.14215087890625
vt 316.386962890625 -413.14215087890625
vt 123.07704162597656 -413.14215087890625
vt 326 -419
vt 123.07704162597656 -413.14215087890625
vt 133 -419
vt 326 -419
vt 257 21
vt 379 21
vt 246.92098999023438 15.142135620117188
vt 379 21
vt 369.51971435546875 15.142135620117188
vt 246.92098999023438 15.142135620117188
vt 246.92098999023438 15.142135620117188
vt 369.51971435546875 15.142135620117188
vt 242.74612426757812 1
vt 369.51971435546875 15.142135620117188
vt 365.59283447265625 1
vt 242.74612426757812 1
vt 242.74612426757812 1
vt 365.59283447265625 1
vt 242.74612426757812 -399
vt 365.59283447265625 1
vt 365.59283447265625 -399
vt 242.74612426757812 -399
vt 242.74612426757812 -399
vt 365.59283447265625 -399
vt 246.92098999023438 -413.14215087890625
vt 365.59283447265625 -399
vt 369.51971435546875 -413.14215087890625
vt 246.92098999023438 -413.14215087890625
vt 246.92098999023438 -413.14215087890625
vt 369.51971435546875 -413.14215087890625
vt 257 -419
vt 369.51971435546875 -413.14215087890625
vt 379 -419
vt 257 -419
vt 379 21
vt 382.6875 21
vt 369.51971435546875 15.142135620117188
vt 382.6875 21
vt 374.3025207519531 15.142135620117188
vt 369.51971435546875 15.142135620117188
vt 369.51971435546875 15.142135620117188
vt 374.3025207519531 15.142135620117188
vt 365.59283447265625 1
vt 374.3025207519531 15.142135620117188
vt 370.829345703125 1
vt 365.59283447265625 1
vt 365.59283447265625 1
vt 370.829345703125 1
vt 365.59283447265625 -399
vt 370.829345703125 1
vt 370.829345703125 -399
vt 365.59283447265625 -399
vt 365.59283447265625 -399
vt 370.829345703125 -399
vt 369.51971435546875 -413.14215087890625
vt 370.829345703125 -399
vt 374.3025207519531 -413.14215087890625
vt 369.51971435546875 -413.14215087890625
vt 369.51971435546875 -413.14215087890625
vt 374.3025207519531 -413.14215087890625
vt 379 -419
vt 374.3025207519531 -413.14215087890625
vt 382.6875 -419
vt 379 -419
vt 382.6875 21
vt 386.75 21
vt 374.3025207519531 15.142135620117188
vt 386.75 21
vt 379.69500732421875 15.142135620117188
vt 374.3025207519531 15.142135620117188
vt 374.3025207519531 15.142135620117188
vt 379.69500732421875 15.142135620117188
vt 370.829345703125 1
vt 379.69500732421875 15.142135620117188
vt 376.7727355957031 1
vt 370.829345703125 1
vt 370.829345703125 1
vt 376.7727355957031 1
vt 370.829345703125 -399
vt 376.7727355957031 1
vt 376.7727355957031 -399
vt 370.829345703125 -399
vt 370.829345703125 -399
vt 376.7727355957031 -399
vt 374.3025207519531 -413.14215087890625
vt 376.7727355957031 -399
vt 379.69500732421875 -413.14215087890625
vt 374.3025207519531 -413.14215087890625
vt 374.3025207519531 -413.14215087890625
vt 379.69500732421875 -413.14215087890625
vt 382.6875 -419
vt 379.69500732421875 -413.14215087890625
vt 386.75 -419
vt 382.6875 -419
vt 386.75 21
vt 391.1875 21
vt 379.69500732421875 15.142135620117188
vt 391.1875 21
vt 385.4811706542969 15.142135620117188
vt 379.69500732421875 15.142135620117188
vt 379.69500732421875 15.142135620117188
vt 385.4811706542969 15.142135620117188
vt 376.7727355957031 1
vt 385.4811706542969 15.142135620117188
vt 383.1175537109375 1
vt 376.7727355957031 1
vt 376.7727355957031 1
vt 383.1175537109375 1
vt 376.7727355957031 -399
vt 383.1175537109375 1
vt 383.1175537109375 -399
vt 376.7727355957031 -399
vt 376.7727355957031 -399
vt 383.1175537109375 -399
vt 379.69500732421875 -413.14215087890625
vt 383.1175537109375 -399
vt 385.4811706542969 -413.14215087890625
vt 379.69500732421875 -413.14215087890625
vt 379.69500732421875 -413.14215087890625
vt 385.4811706542969 -413.14215087890625
vt 386.75 -419
vt 385.4811706542969 -413.14215087890625
vt 391.1875 -419
vt 386.75 -419
vt 391.1875 21
vt 396 21
vt 385.4811706542969 15.142135620117188
vt 396 21
vt 391.6097717285156 15.142135620117188
vt 385.4811706542969 15.142135620117188
vt 385.4811706542969 15.142135620117188
vt 391.6097717285156 15.142135620117188
vt 383.1175537109375 1
vt 391.6097717285156 15.142135620117188
vt 389.791259765625 1
vt 383.1175537109375 1
vt 383.1175537109375 1
vt 389.791259765625 1
vt 383.1175537109375 -399
vt 389.791259765625 1
vt 389.791259765625 -399
vt 383.1175537109375 -399
vt 383.1175537109375 -399
vt 389.791259765625 -399
vt 385.4811706542969 -413.14215087890625
vt 389.791259765625 -399
vt 391.6097717285156 -413.14215087890625
vt 385.4811706542969 -413.14215087890625
vt 385.4811706542969 -413.14215087890625
vt 391.6097717285156 -413.14215087890625
vt 391.1875 -419
vt 391.6097717285156 -413.14215087890625
vt 396 -419
vt 391.1875 -419
vt 396 21
vt 401.1875 21
vt 391.6097717285156 15.142135620117188
vt 401.1875 21
vt 398.04229736328125 15.142135620117188
vt 391.6097717285156 15.142135620117188
vt 391.6097717285156 15.142135620117188
vt 398.04229736328125 15.142135620117188
vt 389.791259765625 1
vt 398.04229736328125 15.142135620117188
vt 396.739501953125 1
vt 389.791259765625 1
vt 389.791259765625 1
vt 396.739501953125 1
vt 389.791259765625 -399
vt 396.739501953125 1
vt 396.739501953125 -399
vt 389.791259765625 -399
vt 389.791259765625 -399
vt 396.739501953125 -399
vt 391.6097717285156 -413.14215087890625
vt 396.739501953125 -399
vt 398.04229736328125 -413.14215087890625
vt 391.6097717285156 -413.14215087890625
vt 391.6097717285156 -413.14215087890625
vt 398.04229736328125 -413.14215087890625
vt 396 -419
vt 398.04229736328125 -413.14215087890625
vt 401.1875 -419
vt 396 -419
vt 401.1875 21
vt 406.75 21
vt 398.04229736328125 15.142135620117188
vt 406.75 21
vt 404.75494384765625 15.142135620117188
vt 398.04229736328125 15.142135620117188
vt 398.04229736328125 15.142135620117188
vt 404.75494384765625 15.142135620117188
vt 396.739501953125 1
vt 404.75494384765625 15.142135620117188
vt 403.9285583496094 1
vt 396.739501953125 1
vt 396.739501953125 1
vt 403.9285583496094 1
vt 396.739501953125 -399
vt 403.9285583496094 1
vt 403.9285583496094 -399
vt 396.739501953125 -399
vt 396.739501953125 -399
vt 403.9285583496094 -399
vt 398.04229736328125 -413.14215087890625
vt 403.9285583496094 -399
vt 404.75494384765625 -413.14215087890625
vt 398.04229736328125 -413.14215087890625
vt 398.04229736328125 -413.14215087890625
vt 404.75494384765625 -413.14215087890625
vt 401.1875 -419
vt 404.75494384765625 -413.14215087890625
vt 406.75 -419
vt 401.1875 -419
vt 406.75 21
vt 412.6875 21
vt 404.75494384765625 15.142135620117188
vt 412.6875 21
vt 411.73699951171875 15.142135620117188
vt 404.75494384765625 15.142135620117188
vt 404.75494384765625 15.142135620117188
vt 411.73699951171875 15.142135620117188
vt 403.9285583496094 1
vt 411.73699951171875 15.142135620117188
vt 411.3432922363281 1
vt 403.9285583496094 1
vt 403.9285583496094 1
vt 411.3432922363281 1
vt 403.9285583496094 -399
vt 411.3432922363281 1
vt 411.3432922363281 -399
vt 403.9285583496094 -399
vt 403.9285583496094 -399
vt 411.3432922363281 -399
vt 404.75494384765625 -413.14215087890625
vt 411.3432922363281 -399
vt 411.73699951171875 -413.14215087890625
vt 404.75494384765625 -413.14215087890625
vt 404.75494384765625 -413.14215087890625
vt 411.73699951171875 -413.14215087890625
vt 406.75 -419
vt 411.73699951171875 -413.14215087890625
vt 412.6875 -419
vt 406.75 -419
vt 412.6875 21
vt 419 21
vt 411.73699951171875 15.142135620117188
vt 419 21
vt 418.77252197265625 15.142135620117188
vt 411.73699951171875 15.142135620117188
vt 411.73699951171875 15.142135620117188
vt 418.77252197265625 15.142135620117188
vt 411.3432922363281 1
vt 418.77252197265625 15.142135620117188
vt 418.6783142089844 1
vt 411.3432922363281 1
vt 411.3432922363281 1
vt 418.6783142089844 1
vt 411.3432922363281 -399
vt 418.6783142089844 1
vt 418.6783142089844 -399
vt 411.3432922363281 -399
vt 411.3432922363281 -399
vt 418.6783142089844 -399
vt 411.73699951171875 -413.14215087890625
vt 418.6783142089844 -399
vt 418.77252197265625 -413.14215087890625
vt 411.73699951171875 -413.14215087890625
vt 411.73699951171875 -413.14215087890625
vt 418.77252197265625 -413.14215087890625
vt 412.6875 -419
vt 418.77252197265625 -413.14215087890625
vt 419 -419
vt 412.6875 -419
vt 419 21
vt 692 21
vt 418.77252197265625 15.142135620117188
vt 692 21
vt 692.4708862304688 15.142135620117188
vt 418.77252197265625 15.142135620117188
vt 418.77252197265625 15.142135620117188
vt 692.4708862304688 15.142135620117188
vt 418.6783142089844 1
vt 692.4708862304688 15.142135620117188
vt 692.6659545898438 1
vt 418.6783142089844 1
vt 418.6783142089844 1
vt 692.6659545898438 1
vt 418.6783142089844 -399
vt 692.6659545898438 1
vt 692.6659545898438 -399
vt 418.6783142089844 -399
vt 418.6783142089844 -399
vt 692.6659545898438 -399
vt 418.77252197265625 -413.14215087890625
vt 692.6659545898438 -399
vt 692.4708862304688 -413.14215087890625
vt 418.77252197265625 -413.14215087890625
vt 418.77252197265625 -413.14215087890625
vt 692.4708862304688 -413.14215087890625
vt 419 -419
vt 692.4708862304688 -413.14215087890625
vt 692 -419
vt 419 -419
vn 0 0 -1
vn 0 0 -1
vn 0 0 -1
vn 0 0 -1
vn 0 0 -1
vn 0 0 -1
vn 0 0 -1
vn 0 0 -1
vn 0 0 -1
vn 0 0 -1
vn 0 0 -1
vn 0 0 -1
vn 0 0 -1
vn 0 0 -1
vn 0 0 -1
vn 0 0 -1
vn 0 0 -1
vn 0 0 -1
vn 0 0 -1
vn 0 0 -1
vn 0 0 -1
vn 0 0 -1
vn 0 0 -1
vn 0 0 -1
vn 0 0 -1
vn 0 0 -1
vn 0 0 -1
vn 0 0 -1
vn 0 0 -1
vn 0 0 -1
vn 0 0 -1
vn 0 0 -1
vn 0 0 -1
vn 0 0 -1
vn 0 0 -1
vn 0 0 -1
vn 0 0 -1
vn 0 0 -1
vn 0 0 -1
vn 0 0 -1
vn 0 0 -1
vn 0 0 -1
vn 0 0 -1
vn 0 0 -1
vn 0 0 -1
vn 0 0 -1
vn 0 0 -1
vn 0 0 -1
vn 0 0 -1
vn 0 0 -1
vn 0 0 -1
vn 0 0 -1
vn 0 0 -1
vn 0 0 -1
vn 0 0 -1
vn 0 0 -1
vn 0 0 -1
vn 0 0 -1
vn 0 0 -1
vn 0 0 -1
vn 0 0 -1
vn 0 0 -1
vn 0 0 -1
vn 0 0 -1
vn 0 0 -1
vn 0 0 -1
vn 0 0 -1
vn 0 0 -1
vn 0 0 -1
vn 0 0 -1
vn 0 0 -1
vn 0 0 -1
vn 0 0 -1
vn 0 0 -1
vn 0 0 -1
vn 0 0 -1
vn 0 0 -1
vn 0 0 -1
vn 0 0 -1
vn 0 0 -1
vn 0 0 -1
vn 0 0 -1
vn 0 0 -1
vn 0 0 -1
vn 0 0 -1
vn 0 0 -1
vn 0 0 -1
vn 0 0 -1
vn 0 0 -1
vn 0 0 -1
vn 0 0 -1
vn 0 0 -1
vn 0 0 -1
vn 0 0 -1
vn 0 0 -1
vn 0 0 -1
vn 0 0 -1
vn 0 0 -1
vn 0 0 -1
vn 0 0 -1
vn 0 0 -1
vn 0 0 -1
vn 0 0 -1
vn 0 0 -1
vn 0 0 -1
vn 0 0 -1
vn 0 0 -1
vn 0 0 -1
vn 0 0 -1
vn 0 0 -1
vn 0 0 -1
vn 0 0 -1
vn 0 0 -1
vn 0 0 -1
vn 0 0 -1
vn 0 0 -1
vn 0 0 -1
vn 0 0 -1
vn 0 0 -1
vn 0 0 -1
vn 0 0 -1
vn 0 0 -1
vn 0 0 -1
vn 0 0 -1
vn 0 0 -1
vn 0 0 -1
vn 0 0 -1
vn 0 0 -1
vn 0 0 -1
vn 0 0 -1
vn 0 0 -1
vn 0 0 -1
vn 0 0 -1
vn 0 0 -1
vn 0 0 -1
vn 0 0 -1
vn 0 0 -1
vn 0 0 -1
vn 0 0 -1
vn 0 0 -1
vn 0 0 -1
vn 0 0 -1
vn 0 0 -1
vn 0 0 -1
vn 0 0 -1
vn 0 0 -1
vn 0 0 -1
vn 0 0 -1
vn 0 0 -1
vn 0 0 -1
vn 0 0 -1
vn 0 0 -1
vn 0 0 -1
vn 0 0 -1
vn 0 0 -1
vn 0 0 -1
vn 0 0 -1
vn 0 0 -1
vn 0 0 -1
vn 0 0 -1
vn 0 0 -1
vn 0 0 -1
vn 0 0 -1
vn 0 0 -1
vn 0 0 -1
vn 0 0 -1
vn 0 0 -1
vn 0 0 -1
vn 0 0 -1
vn 0 0 -1
vn 0 0 -1
vn 0 0 -1
vn 0 0 -1
vn 0 0 -1
vn 0 0 -1
vn 0 0 -1
vn 0 0 -1
vn 0 0 -1
vn 0 0 -1
vn 0 0 -1
vn 0 0 -1
vn 0 0 -1
vn 0 0 -1
vn 0 0 -1
vn 0 0 -1
vn 0 0 -1
vn 0 0 -1
vn 0 0 -1
vn 0 0 -1
vn 0 0 -1
vn 0 0 -1
vn 0 0 -1
vn 0 0 -1
vn 0 0 -1
vn 0 0 -1
vn 0 0 -1
vn 0 0 -1
vn 0 0 -1
vn 0 0 -1
vn 0 0 -1
vn 0 0 -1
vn 0 0 -1
vn 0 0 -1
vn 0 0 -1
vn 0 0 -1
vn 0 0 -1
vn 0 0 -1
vn 0 0 -1
vn 0 0 -1
vn 0 0 -1
vn 0 0 -1
vn 0 0 -1
vn 0 0 -1
vn 0 0 -1
vn 0 0 -1
vn 0 0 -1
vn 0 0 -1
vn 0 0 -1
vn 0 0 -1
vn 0 0 -1
vn 0 0 -1
vn 0 0 -1
vn 0 0 -1
vn 0 0 -1
vn 0 0 -1
vn 0 0 -1
vn 0 0 -1
vn 0 0 -1
vn 0 0 -1
vn 0 0 -1
vn 0 0 -1
vn 0 0 -1
vn 0 0 -1
vn 0 0 -1
vn 0 0 -1
vn 0 0 -1
vn 0 0 -1
vn 0 0 -1
vn 0 0 -1
vn 0 0 -1
vn 0 0 -1
vn 0 0 -1
vn 0 0 -1
vn 0 0 -1
vn 0 0 -1
vn 0 0 -1
vn 0 0 -1
vn 0 0 -1
vn 0 0 -1
vn 0 0 -1
vn 0 0 -1
vn 0 0 -1
vn 0 0 -1
vn 0 0 -1
vn 0 0 -1
vn 0 0 -1
vn 0 0 -1
vn 0 0 -1
vn 0 0 -1
vn 0 0 -1
vn 0 0 -1
vn 0 0 -1
vn 0 0 -1
vn 0 0 -1
vn 0 0 -1
vn 0 0 -1
vn 0 0 -1
vn 0 0 -1
vn 0 0 -1
vn 0 0 -1
vn 0 0 -1
vn 0 0 -1
vn 0 0 -1
vn 0 0 -1
vn 0 0 -1
vn 0 0 -1
vn 0 0 -1
vn 0 0 -1
vn 0 0 -1
vn 0 0 -1
vn 0 0 -1
vn 0 0 -1
vn 0 0 -1
vn 0 0 -1
vn 0 0 -1
vn 0 0 -1
vn 0 0 -1
vn 0 0 -1
vn 0 0 -1
vn 0 0 -1
vn 0 0 -1
vn 0 0 -1
vn 0 0 -1
vn 0 0 -1
vn 0 0 -1
vn 0 0 -1
vn 0 0 -1
vn 0 0 -1
vn 0 0 -1
vn 0 0 -1
vn 0 0 -1
vn 0 0 -1
vn 0 0 -1
vn 0 0 -1
vn 0 0 -1
vn 0 0 -1
vn 0 0 -1
vn 0 0 -1
vn 0 0 -1
vn 0 0 -1
vn 0 0 -1
vn 0 0 -1
vn 0 0 -1
vn 0 0 -1
vn 0 0 -1
vn 0 0 -1
vn 0 0 -1
vn 0 0 -1
vn 0 0 -1
vn 0 0 -1
vn 0 0 -1
vn 0 0 -1
vn 0 0 -1
vn 0 0 -1
vn 0 0 -1
vn 0 0 -1
vn 0 0 -1
vn 0 0 -1
vn 0 0 -1
vn 0 0 -1
vn 0 0 -1
vn 0 0 -1
vn 0 0 -1
vn 0 0 -1
vn 0 0 -1
vn 0 0 -1
vn 0 0 -1
vn 0 0 -1
vn 0 0 -1
vn 0 0 -1
vn 0 0 -1
vn 0 0 -1
vn 0 0 -1
vn 0 0 -1
vn 0 0 -1
vn 0 0 -1
vn 0 0 -1
vn 0 0 -1
vn 0 0 1
vn 0 0 1
vn 0 0 1
vn 0 0 1
vn 0 0 1
vn 0 0 1
vn 0 0 1
vn 0 0 1
vn 0 0 1
vn 0 0 1
vn 0 0 1
vn 0 0 1
vn 0 0 1
vn 0 0 1
vn 0 0 1
vn 0 0 1
vn 0 0 1
vn 0 0 1
vn 0 0 1
vn 0 0 1
vn 0 0 1
vn 0 0 1
vn 0 0 1
vn 0 0 1
vn 0 0 1
vn 0 0 1
vn 0 0 1
vn 0 0 1
vn 0 0 1
vn 0 0 1
vn 0 0 1
vn 0 0 1
vn 0 0 1
vn 0 0 1
vn 0 0 1
vn 0 0 1
vn 0 0 1
vn 0 0 1
vn 0 0 1
vn 0 0 1
vn 0 0 1
vn 0 0 1
vn 0 0 1
vn 0 0 1
vn 0 0 1
vn 0 0 1
vn 0 0 1
vn 0 0 1
vn 0 0 1
vn 0 0 1
vn 0 0 1
vn 0 0 1
vn 0 0 1
vn 0 0 1
vn 0 0 1
vn 0 0 1
vn 0 0 1
vn 0 0 1
vn 0 0 1
vn 0 0 1
vn 0 0 1
vn 0 0 1
vn 0 0 1
vn 0 0 1
vn 0 0 1
vn 0 0 1
vn 0 0 1
vn 0 0 1
vn 0 0 1
vn 0 0 1
vn 0 0 1
vn 0 0 1
vn 0 0 1
vn 0 0 1
vn 0 0 1
vn 0 0 1
vn 0 0 1
vn 0 0 1
vn 0 0 1
vn 0 0 1
vn 0 0 1
vn 0 0 1
vn 0 0 1
vn 0 0 1
vn 0 0 1
vn 0 0 1
vn 0 0 1
vn 0 0 1
vn 0 0 1
vn 0 0 1
vn 0 0 1
vn 0 0 1
vn 0 0 1
vn 0 0 1
vn 0 0 1
vn 0 0 1
vn 0 0 1
vn 0 0 1
vn 0 0 1
vn 0 0 1
vn 0 0 1
vn 0 0 1
vn 0 0 1
vn 0 0 1
vn 0 0 1
vn 0 0 1
vn 0 0 1
vn 0 0 1
vn 0 0 1
vn 0 0 1
vn 0 0 1
vn 0 0 1
vn 0 0 1
vn 0 0 1
vn 0 0 1
vn 0 0 1
vn 0 0 1
vn 0 0 1
vn 0 0 1
vn 0 0 1
vn 0 0 1
vn 0 0 1
vn 0 0 1
vn 0 0 1
vn 0 0 1
vn 0 0 1
vn 0 0 1
vn 0 0 1
vn 0 0 1
vn 0 0 1
vn 0 0 1
vn 0 0 1
vn 0 0 1
vn 0 0 1
vn 0 0 1
vn 0 0 1
vn 0 0 1
vn 0 0 1
vn 0 0 1
vn 0 0 1
vn 0 0 1
vn 0 0 1
vn 0 0 1
vn 0 0 1
vn 0 0 1
vn 0 0 1
vn 0 0 1
vn 0 0 1
vn 0 0 1
vn 0 0 1
vn 0 0 1
vn 0 0 1
vn 0 0 1
vn 0 0 1
vn 0 0 1
vn 0 0 1
vn 0 0 1
vn 0 0 1
vn 0 0 1
vn 0 0 1
vn 0 0 1
vn 0 0 1
vn 0 0 1
vn 0 0 1
vn 0 0 1
vn 0 0 1
vn 0 0 1
vn 0 0 1
vn 0 0 1
vn 0 0 1
vn 0 0 1
vn 0 0 1
vn 0 0 1
vn 0 0 1
vn 0 0 1
vn 0 0 1
vn 0 0 1
vn 0 0 1
vn 0 0 1
vn 0 0 1
vn 0 0 1
vn 0 0 1
vn 0 0 1
vn 0 0 1
vn 0 0 1
vn 0 0 1
vn 0 0 1
vn 0 0 1
vn 0 0 1
vn 0 0 1
vn 0 0 1
vn 0 0 1
vn 0 0 1
vn 0 0 1
vn 0 0 1
vn 0 0 1
vn 0 0 1
vn 0 0 1
vn 0 0 1
vn 0 0 1
vn 0 0 1
vn 0 0 1
vn 0 0 1
vn 0 0 1
vn 0 0 1
vn 0 0 1
vn 0 0 1
vn 0 0 1
vn 0 0 1
vn 0 0 1
vn 0 0 1
vn 0 0 1
vn 0 0 1
vn 0 0 1
vn 0 0 1
vn 0 0 1
vn 0 0 1
vn 0 0 1
vn 0 0 1
vn 0 0 1
vn 0 0 1
vn 0 0 1
vn 0 0 1
vn 0 0 1
vn 0 0 1
vn 0 0 1
vn 0 0 1
vn 0 0 1
vn 0 0 1
vn 0 0 1
vn 0 0 1
vn 0 0 1
vn 0 0 1
vn 0 0 1
vn 0 0 1
vn 0 0 1
vn 0 0 1
vn 0 0 1
vn 0 0 1
vn 0 0 1
vn 0 0 1
vn 0 0 1
vn 0 0 1
vn 0 0 1
vn 0 0 1
vn 0 0 1
vn 0 0 1
vn 0 0 1
vn 0 0 1
vn 0 0 1
vn 0 0 1
vn 0 0 1
vn 0 0 1
vn 0 0 1
vn 0 0 1
vn 0 0 1
vn 0 0 1
vn 0 0 1
vn 0 0 1
vn 0 0 1
vn 0 0 1
vn 0 0 1
vn 0 0 1
vn 0 0 1
vn 0 0 1
vn 0 0 1
vn 0 0 1
vn 0 0 1
vn 0 0 1
vn 0 0 1
vn 0 0 1
vn 0 0 1
vn 0 0 1
vn 0 0 1
vn 0 0 1
vn 0 0 1
vn 0 0 1
vn 0 0 1
vn 0 0 1
vn 0 0 1
vn 0 0 1
vn 0 0 1
vn 0 0 1
vn 0 0 1
vn 0 0 1
vn 0 0 1
vn 0 0 1
vn 0 0 1
vn 0 0 1
vn 0 0 1
vn 0 0 1
vn 0 0 1
vn 0 0 1
vn 0 0 1
vn 0 0 1
vn 0 0 1
vn 0 0 1
vn 0 0 1
vn 0 0 1
vn 0 0 1
vn 0 0 1
vn 0 0 1
vn 0 0 1
vn 0 0 1
vn 0 0 1
vn 0 0 1
vn 0 0 1
vn 0 0 1
vn 0 0 1
vn 0 0 1
vn 0 0 1
vn 0 0 1
vn 0 0 1
vn 0 0 1
vn 0 0 1
vn 0 0 1
vn 0 0 1
vn 0 0 1
vn 0 0 1
vn 0 0 1
vn 0 0 1
vn 0 0 1
vn 0 0 1
vn 0 0 1
vn 0 0 1
vn 0 0 1
vn 0 0 1
vn 0 0 1
vn 0 0 1
vn 0 0 1
vn 0 0 1
vn 0 0 1
vn 0 0 1
vn 0 0 1
vn 0 0 1
vn 0 0 1
vn 0 0 1
vn 0 0 1
vn 0 0 1
vn 0 0 1
vn 0 0 1
vn 0 0 1
vn 0 0 1
vn 0 0 1
vn 0 0 1
vn 0 0 1
vn 0 0 1
vn 0 0 1
vn 0.025455721858252348 -0.38183583718701075 -0.9238795374205286
vn 0.025455721858252348 -0.38183583718701075 -0.9238795374205286
vn 0.025455721858252348 -0.38183583718701075 -0.9238795374205286
vn 0.025455853271032784 -0.38183588240361055 -0.9238795151118461
vn 0.025455853271032784 -0.38183588240361055 -0.9238795151118461
vn 0.025455853271032784 -0.38183588240361055 -0.9238795151118461
vn 0.061455857756506777 -0.9218332283611236 -0.3826835202053006
vn 0.061455857756506777 -0.9218332283611236 -0.3826835202053006
vn 0.061455857756506777 -0.9218332283611236 -0.3826835202053006
vn 0.061455880023830234 -0.9218332270948514 -0.38268351967962905
vn 0.061455880023830234 -0.9218332270948514 -0.38268351967962905
vn 0.061455880023830234 -0.9218332270948514 -0.38268351967962905
vn 0.06651936360216294 -0.997785134317987 0
vn 0.06651936360216294 -0.997785134317987 0
vn 0.06651936360216294 -0.997785134317987 0
vn 0.06651936360216294 -0.997785134317987 0
vn 0.06651936360216294 -0.997785134317987 0
vn 0.06651936360216294 -0.997785134317987 0
vn 0.06145589314927404 -0.9218333792731694 0.3826831509944412
vn 0.06145589314927404 -0.9218333792731694 0.3826831509944412
vn 0.06145589314927404 -0.9218333792731694 0.3826831509944412
vn 0.06145585974828983 -0.9218333811725782 0.3826831517829479
vn 0.06145585974828983 -0.9218333811725782 0.3826831517829479
vn 0.06145585974828983 -0.9218333811725782 0.3826831517829479
vn 0.02545579398457562 -0.38183499310672914 0.9238798842878868
vn 0.02545579398457562 -0.38183499310672914 0.9238798842878868
vn 0.02545579398457562 -0.38183499310672914 0.9238798842878868
vn 0.025455668688866118 -0.381835045234153 0.9238798661961604
vn 0.025455668688866118 -0.381835045234153 0.9238798661961604
vn 0.025455668688866118 -0.381835045234153 0.9238798661961604
vn 0.08605004998499567 -0.37288353503381977 -0.9238794608596197
vn 0.08605004998499567 -0.37288353503381977 -0.9238794608596197
vn 0.08605004998499567 -0.37288353503381977 -0.9238794608596197
vn 0.08604980954950708 -0.3728834964915508 -0.9238794988096279
vn 0.08604980954950708 -0.3728834964915508 -0.9238794988096279
vn 0.08604980954950708 -0.3728834964915508 -0.9238794988096279
vn 0.20774255916037043 -0.9002201057780453 -0.38268366866965353
vn 0.20774255916037043 -0.9002201057780453 -0.38268366866965353
vn 0.20774255916037043 -0.9002201057780453 -0.38268366866965353
vn 0.20774282528276244 -0.9002200966844798 -0.38268354559468815
vn 0.20774282528276244 -0.9002200966844798 -0.38268354559468815
vn 0.20774282528276244 -0.9002200966844798 -0.38268354559468815
vn 0.22485921830268513 -0.9743912622475149 0
vn 0.22485921830268513 -0.9743912622475149 0
vn 0.22485921830268513 -0.9743912622475149 0
vn 0.22485921830268513 -0.9743912622475149 0
vn 0.22485921830268513 -0.9743912622475149 0
vn 0.22485921830268513 -0.9743912622475149 0
vn 0.20774283620120765 -0.9002201986353097 0.3826832998395435
vn 0.20774283620120765 -0.9002201986353097 0.3826832998395435
vn 0.20774283620120765 -0.9002201986353097 0.3826832998395435
vn 0.20774260640225045 -0.900220295591726 0.38268319650847604
vn 0.20774260640225045 -0.900220295591726 0.38268319650847604
vn 0.20774260640225045 -0.900220295591726 0.38268319650847604
vn 0.08604963322943385 -0.37288273243792874 0.9238798236084085
vn 0.08604963322943385 -0.37288273243792874 0.9238798236084085
vn 0.08604963322943385 -0.37288273243792874 0.9238798236084085
vn 0.08604983199202634 -0.372882602815254 0.9238798574121343
vn 0.08604983199202634 -0.372882602815254 0.9238798574121343
vn 0.08604983199202634 -0.372882602815254 0.9238798574121343
vn 0.15835557642462023 -0.34838225919346794 -0.9238794904610025
vn 0.15835557642462023 -0.34838225919346794 -0.9238794904610025
vn 0.15835557642462023 -0.34838225919346794 -0.9238794904610025
vn 0.15835579017390355 -0.34838224068379525 -0.9238794608034842
vn 0.15835579017390355 -0.34838224068379525 -0.9238794608034842
vn 0.15835579017390355 -0.34838224068379525 -0.9238794608034842
vn 0.3823044901364168 -0.8410686862072199 -0.38268360548003016
vn 0.3823044901364168 -0.8410686862072199 -0.38268360548003016
vn 0.3823044901364168 -0.8410686862072199 -0.38268360548003016
vn 0.3823040948398758 -0.8410687881105454 -0.38268377641980295
vn 0.3823040948398758 -0.8410687881105454 -0.38268377641980295
vn 0.3823040948398758 -0.8410687881105454 -0.38268377641980295
vn 0.41380304758868386 -0.9103664305137341 0
vn 0.41380304758868386 -0.9103664305137341 0
vn 0.41380304758868386 -0.9103664305137341 0
vn 0.41380304758868386 -0.9103664305137341 0
vn 0.41380304758868386 -0.9103664305137341 0
vn 0.41380304758868386 -0.9103664305137341 0
vn 0.3823041878049817 -0.8410689747523831 0.3826832733420007
vn 0.3823041878049817 -0.8410689747523831 0.3826832733420007
vn 0.3823041878049817 -0.8410689747523831 0.3826832733420007
vn 0.3823045182180347 -0.8410687420263201 0.3826834547460079
vn 0.3823045182180347 -0.8410687420263201 0.3826834547460079
vn 0.3823045182180347 -0.8410687420263201 0.3826834547460079
vn 0.15835539745329735 -0.3483813945798714 0.9238798471706113
vn 0.15835539745329735 -0.3483813945798714 0.9238798471706113
vn 0.15835539745329735 -0.3483813945798714 0.9238798471706113
vn 0.15835525267791664 -0.34838155291118433 0.92387981228107
vn 0.15835525267791664 -0.34838155291118433 0.92387981228107
vn 0.15835525267791664 -0.34838155291118433 0.92387981228107
vn 0.23494505210926808 -0.3020722481720438 -0.9238794182000487
vn 0.23494505210926808 -0.3020722481720438 -0.9238794182000487
vn 0.23494505210926808 -0.3020722481720438 -0.9238794182000487
vn 0.23494453584396055 -0.3020724039662242 -0.9238794985489895
vn 0.23494453584396055 -0.3020724039662242 -0.9238794985489895
vn 0.23494453584396055 -0.3020724039662242 -0.9238794985489895
vn 0.5672060229090741 -0.7292669387001431 -0.3826840206940872
vn 0.5672060229090741 -0.7292669387001431 -0.3826840206940872
vn 0.5672060229090741 -0.7292669387001431 -0.3826840206940872
vn 0.567206699648865 -0.7292666081863516 -0.38268364749204586
vn 0.567206699648865 -0.7292666081863516 -0.38268364749204586
vn 0.567206699648865 -0.7292666081863516 -0.38268364749204586
vn 0.6139401596025387 -0.7893525704190804 0
vn 0.6139401596025387 -0.7893525704190804 0
vn 0.6139401596025387 -0.7893525704190804 0
vn 0.6139401596025387 -0.7893525704190804 0
vn 0.6139401596025387 -0.7893525704190804 0
vn 0.6139401596025387 -0.7893525704190804 0
vn 0.5672066749937071 -0.72926663609147 0.38268363085767654
vn 0.5672066749937071 -0.72926663609147 0.38268363085767654
vn 0.5672066749937071 -0.72926663609147 0.38268363085767654
vn 0.5672062606628508 -0.7292671762639743 0.38268321558285706
vn 0.5672062606628508 -0.7292671762639743 0.38268321558285706
vn 0.5672062606628508 -0.7292671762639743 0.38268321558285706
vn 0.23494411713961522 -0.3020718358297385 0.9238797907844604
vn 0.23494411713961522 -0.3020718358297385 0.9238797907844604
vn 0.23494411713961522 -0.3020718358297385 0.9238797907844604
vn 0.23494438934330156 -0.3020713939156365 0.9238798660507586
vn 0.23494438934330156 -0.3020713939156365 0.9238798660507586
vn 0.23494438934330156 -0.3020713939156365 0.9238798660507586
vn 0.30207205253256164 -0.23494491319070193 -0.923879517493801
vn 0.30207205253256164 -0.23494491319070193 -0.923879517493801
vn 0.30207205253256164 -0.23494491319070193 -0.923879517493801
vn 0.3020710926162757 -0.23494551928343754 -0.9238796772168145
vn 0.3020710926162757 -0.23494551928343754 -0.9238796772168145
vn 0.3020710926162757 -0.23494551928343754 -0.9238796772168145
vn 0.7292646791097013 -0.5672090669351201 -0.3826838149041775
vn 0.7292646791097013 -0.5672090669351201 -0.3826838149041775
vn 0.7292646791097013 -0.5672090669351201 -0.3826838149041775
vn 0.7292665870873094 -0.5672074580989035 -0.3826825635366841
vn 0.7292665870873094 -0.5672074580989035 -0.3826825635366841
vn 0.7292665870873094 -0.5672074580989035 -0.3826825635366841
vn 0.7893521820720352 -0.6139406589061491 0
vn 0.7893521820720352 -0.6139406589061491 0
vn 0.7893521820720352 -0.6139406589061491 0
vn 0.7893521820720352 -0.6139406589061491 0
vn 0.7893521820720352 -0.6139406589061491 0
vn 0.7893521820720352 -0.6139406589061491 0
vn 0.7292663495239637 -0.5672072203455057 0.3826833686481773
vn 0.7292663495239637 -0.5672072203455057 0.3826833686481773
vn 0.7292663495239637 -0.5672072203455057 0.3826833686481773
vn 0.7292652400653229 -0.5672095032340446 0.38268209923310387
vn 0.7292652400653229 -0.5672095032340446 0.38268209923310387
vn 0.7292652400653229 -0.5672095032340446 0.38268209923310387
vn 0.3020706462731996 -0.23494514729244614 0.9238799177511232
vn 0.3020706462731996 -0.23494514729244614 0.9238799177511232
vn 0.3020706462731996 -0.23494514729244614 0.9238799177511232
vn 0.30207099645070246 -0.2349440835152784 0.9238800737782179
vn 0.30207099645070246 -0.2349440835152784 0.9238800737782179
vn 0.30207099645070246 -0.2349440835152784 0.9238800737782179
vn 0.3483816997335352 -0.1583553112874427 -0.9238797468706792
vn 0.3483816997335352 -0.1583553112874427 -0.9238797468706792
vn 0.3483816997335352 -0.1583553112874427 -0.9238797468706792
vn 0.34838261999686243 -0.1583543857751534 -0.9238795584868711
vn 0.34838261999686243 -0.1583543857751534 -0.9238795584868711
vn 0.34838261999686243 -0.1583543857751534 -0.9238795584868711
vn 0.8410706054694009 -0.38230157492402084 -0.3826822995984382
vn 0.8410706054694009 -0.38230157492402084 -0.3826822995984382
vn 0.8410706054694009 -0.38230157492402084 -0.3826822995984382
vn 0.8410691803313525 -0.38230351451747846 -0.3826834941362522
vn 0.8410691803313525 -0.38230351451747846 -0.3826834941362522
vn 0.8410691803313525 -0.38230351451747846 -0.3826834941362522
vn 0.910366761196826 -0.413802320085329 0
vn 0.910366761196826 -0.413802320085329 0
vn 0.910366761196826 -0.413802320085329 0
vn 0.910366761196826 -0.413802320085329 0
vn 0.910366761196826 -0.413802320085329 0
vn 0.910366761196826 -0.413802320085329 0
vn 0.8410697480944509 -0.3823037400800122 0.38268202095365184
vn 0.8410697480944509 -0.3823037400800122 0.38268202095365184
vn 0.8410697480944509 -0.3823037400800122 0.38268202095365184
vn 0.8410702513804988 -0.3823014275210167 0.38268322508066316
vn 0.8410702513804988 -0.3823014275210167 0.38268322508066316
vn 0.8410702513804988 -0.3823014275210167 0.38268322508066316
vn 0.3483815247957735 -0.15835389743900485 0.9238800551732076
vn 0.3483815247957735 -0.15835389743900485 0.9238800551732076
vn 0.3483815247957735 -0.15835389743900485 0.9238800551732076
vn 0.34838143145198025 -0.15835520695174465 0.9238798659191244
vn 0.34838143145198025 -0.15835520695174465 0.9238798659191244
vn 0.34838143145198025 -0.15835520695174465 0.9238798659191244
vn 0.3728834125830651 -0.08605002688522348 -0.9238795124330119
vn 0.3728834125830651 -0.08605002688522348 -0.9238795124330119
vn 0.3728834125830651 -0.08605002688522348 -0.9238795124330119
vn 0.3728835214329046 -0.08604983077948958 -0.9238794867657891
vn 0.3728835214329046 -0.08604983077948958 -0.9238794867657891
vn 0.3728835214329046 -0.08604983077948958 -0.9238794867657891
vn 0.9002201778005874 -0.20774262163067744 -0.3826834653322406
vn 0.9002201778005874 -0.20774262163067744 -0.3826834653322406
vn 0.9002201778005874 -0.20774262163067744 -0.3826834653322406
vn 0.9002205072667044 -0.20774192967841748 -0.3826830659304967
vn 0.9002205072667044 -0.20774192967841748 -0.3826830659304967
vn 0.9002205072667044 -0.20774192967841748 -0.3826830659304967
vn 0.9743914930472685 -0.2248582181667262 0
vn 0.9743914930472685 -0.2248582181667262 0
vn 0.9743914930472685 -0.2248582181667262 0
vn 0.9743914930472685 -0.2248582181667262 0
vn 0.9743914930472685 -0.2248582181667262 0
vn 0.9743914930472685 -0.2248582181667262 0
vn 0.9002205072667044 -0.20774192967841748 0.3826830659304967
vn 0.9002205072667044 -0.20774192967841748 0.3826830659304967
vn 0.9002205072667044 -0.20774192967841748 0.3826830659304967
vn 0.9002204911329428 -0.2077426710133057 0.38268270144418687
vn 0.9002204911329428 -0.2077426710133057 0.38268270144418687
vn 0.9002204911329428 -0.2077426710133057 0.38268270144418687
vn 0.37288266058707414 -0.0860496304033928 0.9238798528710022
vn 0.37288266058707414 -0.0860496304033928 0.9238798528710022
vn 0.37288266058707414 -0.0860496304033928 0.9238798528710022
vn 0.37288269960748277 -0.08604985604805931 0.9238798161057229
vn 0.37288269960748277 -0.08604985604805931 0.9238798161057229
vn 0.37288269960748277 -0.08604985604805931 0.9238798161057229
vn 0.381836031874987 -0.02545573409239267 -0.9238794566196291
vn 0.381836031874987 -0.02545573409239267 -0.9238794566196291
vn 0.381836031874987 -0.02545573409239267 -0.9238794566196291
vn 0.3818354534356311 -0.02545682851470365 -0.9238796655309495
vn 0.3818354534356311 -0.02545682851470365 -0.9238796655309495
vn 0.3818354534356311 -0.02545682851470365 -0.9238796655309495
vn 0.9218332383661452 -0.06145827986226131 -0.3826831071261935
vn 0.9218332383661452 -0.06145827986226131 -0.3826831071261935
vn 0.9218332383661452 -0.06145827986226131 -0.3826831071261935
vn 0.9218335378026636 -0.06145712511646378 -0.3826825712710792
vn 0.9218335378026636 -0.06145712511646378 -0.3826825712710792
vn 0.9218335378026636 -0.06145712511646378 -0.3826825712710792
vn 0.99778504576681 -0.06652069184941295 0
vn 0.99778504576681 -0.06652069184941295 0
vn 0.99778504576681 -0.06652069184941295 0
vn 0.99778504576681 -0.06652069184941295 0
vn 0.99778504576681 -0.06652069184941295 0
vn 0.99778504576681 -0.06652069184941295 0
vn 0.9218334657685372 -0.06145712428781072 0.38268274492514054
vn 0.9218334657685372 -0.06145712428781072 0.38268274492514054
vn 0.9218334657685372 -0.06145712428781072 0.38268274492514054
vn 0.9218336147563452 -0.06145830694164178 0.38268219610156545
vn 0.9218336147563452 -0.06145830694164178 0.38268219610156545
vn 0.9218336147563452 -0.06145830694164178 0.38268219610156545
vn 0.38183498332997184 -0.025456799161167807 0.9238798606322514
vn 0.38183498332997184 -0.025456799161167807 0.9238798606322514
vn 0.38183498332997184 -0.025456799161167807 0.9238798606322514
vn 0.3818346514457003 -0.025455644050595062 0.9238800296257681
vn 0.3818346514457003 -0.025455644050595062 0.9238800296257681
vn 0.3818346514457003 -0.025455644050595062 0.9238800296257681
vn 0.3826830685865544 0 -0.9238796831932059
vn 0.3826830685865544 0 -0.9238796831932059
vn 0.3826830685865544 0 -0.9238796831932059
vn 0.3826830685865544 0 -0.9238796831932059
vn 0.3826830685865544 0 -0.9238796831932059
vn 0.3826830685865544 0 -0.9238796831932059
vn 0.9238798779669956 0 -0.3826825983601677
vn 0.9238798779669956 0 -0.3826825983601677
vn 0.9238798779669956 0 -0.3826825983601677
vn 0.9238798779669956 0 -0.3826825983601677
vn 0.9238798779669956 0 -0.3826825983601677
vn 0.9238798779669956 0 -0.3826825983601677
vn 1 0 0
vn 1 0 0
vn 1 0 0
vn 1 0 0
vn 1 0 0
vn 1 0 0
vn 0.9238800305938178 0 0.3826822298852745
vn 0.9238800305938178 0 0.3826822298852745
vn 0.9238800305938178 0 0.3826822298852745
vn 0.9238800305938178 0 0.3826822298852745
vn 0.9238800305938178 0 0.3826822298852745
vn 0.9238800305938178 0 0.3826822298852745
vn 0.3826822298852745 0 0.9238800305938178
vn 0.3826822298852745 0 0.9238800305938178
vn 0.3826822298852745 0 0.9238800305938178
vn 0.3826822298852745 0 0.9238800305938178
vn 0.3826822298852745 0 0.9238800305938178
vn 0.3826822298852745 0 0.9238800305938178
vn 0.3826620265213145 0.004013937416029239 -0.9238796792683673
vn 0.3826620265213145 0.004013937416029239 -0.9238796792683673
vn 0.3826620265213145 0.004013937416029239 -0.9238796792683673
vn 0.3826622943164557 0.004016081781780202 -0.9238795590311478
vn 0.3826622943164557 0.004016081781780202 -0.9238795590311478
vn 0.3826622943164557 0.004016081781780202 -0.9238795590311478
vn 0.9238290057996884 0.00969568346669907 -0.38268258617981654
vn 0.9238290057996884 0.00969568346669907 -0.38268258617981654
vn 0.9238290057996884 0.00969568346669907 -0.38268258617981654
vn 0.9238289462688833 0.009694296728180223 -0.38268276502433496
vn 0.9238289462688833 0.009694296728180223 -0.38268276502433496
vn 0.9238289462688833 0.009694296728180223 -0.38268276502433496
vn 0.9999449466641438 0.010493028201745967 0
vn 0.9999449466641438 0.010493028201745967 0
vn 0.9999449466641438 0.010493028201745967 0
vn 0.9999449466641438 0.010493028201745967 0
vn 0.9999449466641438 0.010493028201745967 0
vn 0.9999449466641438 0.010493028201745967 0
vn 0.9238291620972303 0.009694299910562624 0.3826822439152008
vn 0.9238291620972303 0.009694299910562624 0.3826822439152008
vn 0.9238291620972303 0.009694299910562624 0.3826822439152008
vn 0.9238290672063593 0.009695684416934096 0.3826824379146696
vn 0.9238290672063593 0.009695684416934096 0.3826824379146696
vn 0.9238290672063593 0.009695684416934096 0.3826824379146696
vn 0.3826611845382891 0.0040160691344916675 0.9238800187451076
vn 0.3826611845382891 0.0040160691344916675 0.9238800187451076
vn 0.3826611845382891 0.0040160691344916675 0.9238800187451076
vn 0.3826614843503382 0.004013931767997567 0.9238799038546934
vn 0.3826614843503382 0.004013931767997567 0.9238799038546934
vn 0.3826614843503382 0.004013931767997567 0.9238799038546934
vn 0.3824886344038327 0.01220708421542568 -0.9238795547293212
vn 0.3824886344038327 0.01220708421542568 -0.9238795547293212
vn 0.3824886344038327 0.01220708421542568 -0.9238795547293212
vn 0.38248818752200087 0.012203013409373385 -0.9238797935174604
vn 0.38248818752200087 0.012203013409373385 -0.9238797935174604
vn 0.38248818752200087 0.012203013409373385 -0.9238797935174604
vn 0.9234099605720114 0.02946073631329763 -0.38268277950840024
vn 0.9234099605720114 0.02946073631329763 -0.38268277950840024
vn 0.9234099605720114 0.02946073631329763 -0.38268277950840024
vn 0.9234103375577777 0.02947236166004286 -0.38268097468989876
vn 0.9234103375577777 0.02947236166004286 -0.38268097468989876
vn 0.9234103375577777 0.02947236166004286 -0.38268097468989876
vn 0.9994910457512157 0.03190061853853474 0
vn 0.9994910457512157 0.03190061853853474 0
vn 0.9994910457512157 0.03190061853853474 0
vn 0.9994910457512157 0.03190061853853474 0
vn 0.9994910457512157 0.03190061853853474 0
vn 0.9994910457512157 0.03190061853853474 0
vn 0.923409744755918 0.029472343137148433 0.3826824065459723
vn 0.923409744755918 0.029472343137148433 0.3826824065459723
vn 0.923409744755918 0.029472343137148433 0.3826824065459723
vn 0.92341087956727 0.029460765009209414 0.3826805597647637
vn 0.92341087956727 0.029460765009209414 0.3826805597647637
vn 0.92341087956727 0.029460765009209414 0.3826805597647637
vn 0.38248789101683867 0.012203004144580315 0.9238799163935422
vn 0.38248789101683867 0.012203004144580315 0.9238799163935422
vn 0.38248789101683867 0.012203004144580315 0.9238799163935422
vn 0.38248717732034354 0.012207037752391882 0.9238801585783882
vn 0.38248717732034354 0.012207037752391882 0.9238801585783882
vn 0.38248717732034354 0.012207037752391882 0.9238801585783882
vn 0.38212695390051304 0.020618360312757787 -0.9238797943026616
vn 0.38212695390051304 0.020618360312757787 -0.9238797943026616
vn 0.38212695390051304 0.020618360312757787 -0.9238797943026616
vn 0.3821274889941626 0.020624613139706326 -0.9238794334153421
vn 0.3821274889941626 0.020624613139706326 -0.9238794334153421
vn 0.3821274889941626 0.020624613139706326 -0.9238794334153421
vn 0.9225378135011626 0.04979224928739674 -0.38268095663541446
vn 0.9225378135011626 0.04979224928739674 -0.38268095663541446
vn 0.9225378135011626 0.04979224928739674 -0.38268095663541446
vn 0.9225375403180354 0.049763972458443315 -0.38268529335356594
vn 0.9225375403180354 0.049763972458443315 -0.38268529335356594
vn 0.9225375403180354 0.049763972458443315 -0.38268529335356594
vn 0.9985482712364429 0.05386418114769253 0
vn 0.9985482712364429 0.05386418114769253 0
vn 0.9985482712364429 0.05386418114769253 0
vn 0.9985482712364429 0.05386418114769253 0
vn 0.9985482712364429 0.05386418114769253 0
vn 0.9985482712364429 0.05386418114769253 0
vn 0.9225394507367354 0.04976406948159829 0.3826806752672435
vn 0.9225394507367354 0.04976406948159829 0.3826806752672435
vn 0.9225394507367354 0.04976406948159829 0.3826806752672435
vn 0.9225361171101352 0.049792158398274985 0.38268505796463514
vn 0.9225361171101352 0.049792158398274985 0.38268505796463514
vn 0.9225361171101352 0.049792158398274985 0.38268505796463514
vn 0.38212583299674363 0.020624524430753834 0.9238801203340994
vn 0.38212583299674363 0.020624524430753834 0.9238801203340994
vn 0.38212583299674363 0.020624524430753834 0.9238801203340994
vn 0.38212702581506347 0.020618364702251625 0.92387976446004
vn 0.38212702581506347 0.020618364702251625 0.92387976446004
vn 0.38212702581506347 0.020618364702251625 0.92387976446004
vn 0.38156466859783306 0.029244008779682244 -0.9238794248322233
vn 0.38156466859783306 0.029244008779682244 -0.9238794248322233
vn 0.38156466859783306 0.029244008779682244 -0.9238794248322233
vn 0.38156461463722363 0.029242398024210844 -0.9238794981027236
vn 0.38156461463722363 0.029242398024210844 -0.9238794981027236
vn 0.38156461463722363 0.029242398024210844 -0.9238794981027236
vn 0.921177466392986 0.07059732229339546 -0.3826853714146929
vn 0.921177466392986 0.07059732229339546 -0.3826853714146929
vn 0.921177466392986 0.07059732229339546 -0.3826853714146929
vn 0.9211774377860473 0.0706008293244397 -0.38268479328637334
vn 0.9211774377860473 0.0706008293244397 -0.38268479328637334
vn 0.9211774377860473 0.0706008293244397 -0.38268479328637334
vn 0.9970758814019992 0.07641784298464788 0
vn 0.9970758814019992 0.07641784298464788 0
vn 0.9970758814019992 0.07641784298464788 0
vn 0.9970758814019992 0.07641784298464788 0
vn 0.9970758814019992 0.07641784298464788 0
vn 0.9970758814019992 0.07641784298464788 0
vn 0.9211773461923755 0.07060083144095451 0.3826850133749929
vn 0.9211773461923755 0.07060083144095451 0.3826850133749929
vn 0.9211773461923755 0.07060083144095451 0.3826850133749929
vn 0.9211778538057102 0.07059734235980435 0.38268443515465606
vn 0.9211778538057102 0.07059734235980435 0.38268443515465606
vn 0.9211778538057102 0.07059734235980435 0.38268443515465606
vn 0.3815639709156111 0.029242352372335224 0.9238797654061068
vn 0.3815639709156111 0.029242352372335224 0.9238797654061068
vn 0.3815639709156111 0.029242352372335224 0.9238797654061068
vn 0.3815636312119921 0.02924392725980774 0.9238798558550466
vn 0.3815636312119921 0.02924392725980774 0.9238798558550466
vn 0.3815636312119921 0.02924392725980774 0.9238798558550466
vn 0.3807843047450426 0.03807843121956232 -0.9238795085592555
vn 0.3807843047450426 0.03807843121956232 -0.9238795085592555
vn 0.3807843047450426 0.03807843121956232 -0.9238795085592555
vn 0.3807842721229027 0.03807747726326672 -0.923879561322306
vn 0.3807842721229027 0.03807747726326672 -0.923879561322306
vn 0.3807842721229027 0.03807747726326672 -0.923879561322306
vn 0.9192941430238779 0.09192711356303904 -0.38268483690102256
vn 0.9192941430238779 0.09192711356303904 -0.38268483690102256
vn 0.9192941430238779 0.09192711356303904 -0.38268483690102256
vn 0.9192934090364964 0.09194676632165229 -0.3826818786734599
vn 0.9192934090364964 0.09194676632165229 -0.3826818786734599
vn 0.9192934090364964 0.09194676632165229 -0.3826818786734599
vn 0.9950353232587641 0.09952238676462216 0
vn 0.9950353232587641 0.09952238676462216 0
vn 0.9950353232587641 0.09952238676462216 0
vn 0.9950353232587641 0.09952238676462216 0
vn 0.9950353232587641 0.09952238676462216 0
vn 0.9950353232587641 0.09952238676462216 0
vn 0.9192923703520142 0.0919466520219099 0.38268440129503195
vn 0.9192923703520142 0.0919466520219099 0.38268440129503195
vn 0.9192923703520142 0.0919466520219099 0.38268440129503195
vn 0.9192955478661969 0.09192725255721906 0.382681428750691
vn 0.9192955478661969 0.09192725255721906 0.382681428750691
vn 0.9192955478661969 0.09192725255721906 0.382681428750691
vn 0.3807835568668283 0.038077399032136756 0.9238798593447064
vn 0.3807835568668283 0.038077399032136756 0.9238798593447064
vn 0.3807835568668283 0.038077399032136756 0.9238798593447064
vn 0.38078331849153946 0.03807833408432812 0.923879919054383
vn 0.38078331849153946 0.03807833408432812 0.923879919054383
vn 0.38078331849153946 0.03807833408432812 0.923879919054383
vn 0.3797720058029905 0.04711456948756967 -0.9238795597643528
vn 0.3797720058029905 0.04711456948756967 -0.9238795597643528
vn 0.3797720058029905 0.04711456948756967 -0.9238795597643528
vn 0.3797720045531376 0.047113470371883126 -0.923879616328453
vn 0.3797720045531376 0.047113470371883126 -0.923879616328453
vn 0.3797720045531376 0.047113470371883126 -0.923879616328453
vn 0.9168518738528117 0.113742120028877 -0.3826818150159794
vn 0.9168518738528117 0.113742120028877 -0.3826818150159794
vn 0.9168518738528117 0.113742120028877 -0.3826818150159794
vn 0.916852157553138 0.11373744673807917 -0.3826825242935172
vn 0.916852157553138 0.11373744673807917 -0.3826825242935172
vn 0.916852157553138 0.11373744673807917 -0.3826825242935172
vn 0.9923932195990891 0.12310847937390078 0
vn 0.9923932195990891 0.12310847937390078 0
vn 0.9923932195990891 0.12310847937390078 0
vn 0.9923932195990891 0.12310847937390078 0
vn 0.9923932195990891 0.12310847937390078 0
vn 0.9923932195990891 0.12310847937390078 0
vn 0.9168525958257162 0.11373749405162722 0.3826814601917656
vn 0.9168525958257162 0.11373749405162722 0.3826814601917656
vn 0.9168525958257162 0.11373749405162722 0.3826814601917656
vn 0.9168517214286386 0.11374210840155713 0.3826821836585949
vn 0.9168517214286386 0.11374210840155713 0.3826821836585949
vn 0.9168517214286386 0.11374210840155713 0.3826821836585949
vn 0.3797712639864703 0.047113381522105764 0.9238799252779937
vn 0.3797712639864703 0.047113381522105764 0.9238799252779937
vn 0.3797712639864703 0.047113381522105764 0.9238799252779937
vn 0.37977099447370005 0.047114446794866253 0.9238799817398745
vn 0.37977099447370005 0.047114446794866253 0.9238799817398745
vn 0.37977099447370005 0.047114446794866253 0.9238799817398745
vn 0.3785126811012204 0.05634349220545178 -0.9238796248059917
vn 0.3785126811012204 0.05634349220545178 -0.9238796248059917
vn 0.3785126811012204 0.05634349220545178 -0.9238796248059917
vn 0.3785127084830494 0.05634145038607577 -0.9238797381073033
vn 0.3785127084830494 0.05634145038607577 -0.9238797381073033
vn 0.3785127084830494 0.05634145038607577 -0.9238797381073033
vn 0.9138120429559498 0.13602052653900926 -0.3826825923774483
vn 0.9138120429559498 0.13602052653900926 -0.3826825923774483
vn 0.9138120429559498 0.13602052653900926 -0.3826825923774483
vn 0.9138119239928159 0.1360219123836434 -0.38268238386427533
vn 0.9138119239928159 0.1360219123836434 -0.38268238386427533
vn 0.9138119239928159 0.1360219123836434 -0.38268238386427533
vn 0.9891024341264116 0.14722898765259412 0
vn 0.9891024341264116 0.14722898765259412 0
vn 0.9891024341264116 0.14722898765259412 0
vn 0.9891024341264116 0.14722898765259412 0
vn 0.9891024341264116 0.14722898765259412 0
vn 0.9891024341264116 0.14722898765259412 0
vn 0.9138119840815859 0.1360219273568672 0.38268223505540294
vn 0.9138119840815859 0.1360219273568672 0.38268223505540294
vn 0.9138119840815859 0.1360219273568672 0.38268223505540294
vn 0.9138122784457137 0.1360205410042176 0.3826820249068062
vn 0.9138122784457137 0.1360205410042176 0.3826820249068062
vn 0.9138122784457137 0.1360205410042176 0.3826820249068062
vn 0.3785121163648673 0.05634136156382922 0.923879986114064
vn 0.3785121163648673 0.05634136156382922 0.923879986114064
vn 0.3785121163648673 0.05634136156382922 0.923879986114064
vn 0.37851154777095747 0.056343320716760355 0.9238800995879511
vn 0.37851154777095747 0.056343320716760355 0.9238800995879511
vn 0.37851154777095747 0.056343320716760355 0.9238800995879511
vn 0.37699148314956865 0.06575432464439512 -0.9238797488976841
vn 0.37699148314956865 0.06575432464439512 -0.9238797488976841
vn 0.37699148314956865 0.06575432464439512 -0.9238797488976841
vn 0.37699132524765877 0.06575804838399733 -0.9238795482966067
vn 0.37699132524765877 0.06575804838399733 -0.9238795482966067
vn 0.37699132524765877 0.06575804838399733 -0.9238795482966067
vn 0.9101381165074407 0.15875406324654218 -0.38268231770360267
vn 0.9101381165074407 0.15875406324654218 -0.38268231770360267
vn 0.9101381165074407 0.15875406324654218 -0.38268231770360267
vn 0.9101383064555019 0.15875217274118544 -0.38268265021067227
vn 0.9101383064555019 0.15875217274118544 -0.38268265021067227
vn 0.9101383064555019 0.15875217274118544 -0.38268265021067227
vn 0.9851262558028688 0.1718320695557753 0
vn 0.9851262558028688 0.1718320695557753 0
vn 0.9851262558028688 0.1718320695557753 0
vn 0.9851262558028688 0.1718320695557753 0
vn 0.9851262558028688 0.1718320695557753 0
vn 0.9851262558028688 0.1718320695557753 0
vn 0.91013856712679 0.15875223622729112 0.3826820039160816
vn 0.91013856712679 0.15875223622729112 0.3826820039160816
vn 0.91013856712679 0.15875223622729112 0.3826820039160816
vn 0.9101381165074407 0.15875406324654218 0.38268231770360267
vn 0.9101381165074407 0.15875406324654218 0.38268231770360267
vn 0.9101381165074407 0.15875406324654218 0.38268231770360267
vn 0.3769900445786283 0.06575782501150028 0.9238800867744476
vn 0.3769900445786283 0.06575782501150028 0.9238800867744476
vn 0.3769900445786283 0.06575782501150028 0.9238800867744476
vn 0.37699121263706786 0.06575427954121402 0.9238798624910326
vn 0.37699121263706786 0.06575427954121402 0.9238798624910326
vn 0.37699121263706786 0.06575427954121402 0.9238798624910326
vn 0.37194168830580826 0.09003349457250326 -0.9238795107346455
vn 0.37194168830580826 0.09003349457250326 -0.9238795107346455
vn 0.37194168830580826 0.09003349457250326 -0.9238795107346455
vn 0.3719416893038047 0.09003346501175906 -0.9238795132136052
vn 0.3719416893038047 0.09003346501175906 -0.9238795132136052
vn 0.3719416893038047 0.09003346501175906 -0.9238795132136052
vn 0.8979468994171935 0.21736006565775234 -0.38268259391342363
vn 0.8979468994171935 0.21736006565775234 -0.38268259391342363
vn 0.8979468994171935 0.21736006565775234 -0.38268259391342363
vn 0.8979482344962502 0.21735138403599527 -0.3826843921859169
vn 0.8979482344962502 0.21735138403599527 -0.3826843921859169
vn 0.8979482344962502 0.21735138403599527 -0.3826843921859169
vn 0.9719325830272474 0.23525954613996616 0
vn 0.9719325830272474 0.23525954613996616 0
vn 0.9719325830272474 0.23525954613996616 0
vn 0.9719325830272474 0.23525954613996616 0
vn 0.9719325830272474 0.23525954613996616 0
vn 0.9719325830272474 0.23525954613996616 0
vn 0.8979490547009967 0.21735157429934196 0.3826823595505597
vn 0.8979490547009967 0.21735157429934196 0.3826823595505597
vn 0.8979490547009967 0.21735157429934196 0.3826823595505597
vn 0.8979462616446464 0.21735990607272032 0.3826841810559487
vn 0.8979462616446464 0.21735990607272032 0.3826841810559487
vn 0.8979462616446464 0.21735990607272032 0.3826841810559487
vn 0.3719408543735763 0.09003325628289402 0.9238798696859634
vn 0.3719408543735763 0.09003325628289402 0.9238798696859634
vn 0.3719408543735763 0.09003325628289402 0.9238798696859634
vn 0.37194085287658835 0.09003330062401185 0.9238798659675307
vn 0.37194085287658835 0.09003330062401185 0.9238798659675307
vn 0.37194085287658835 0.09003330062401185 0.9238798659675307
vn 0.36045584720527923 0.1285232030249179 -0.9238795205543524
vn 0.36045584720527923 0.1285232030249179 -0.9238795205543524
vn 0.36045584720527923 0.1285232030249179 -0.9238795205543524
vn 0.360455417570882 0.12852549338171737 -0.9238793695579458
vn 0.360455417570882 0.12852549338171737 -0.9238793695579458
vn 0.360455417570882 0.12852549338171737 -0.9238793695579458
vn 0.8702151021757039 0.31028755937499947 -0.3826843430850492
vn 0.8702151021757039 0.31028755937499947 -0.3826843430850492
vn 0.8702151021757039 0.31028755937499947 -0.3826843430850492
vn 0.8702168956125311 0.3102804683112573 -0.382686014344705
vn 0.8702168956125311 0.3102804683112573 -0.382686014344705
vn 0.8702168956125311 0.3102804683112573 -0.382686014344705
vn 0.9419170658644899 0.33584556128260823 0
vn 0.9419170658644899 0.33584556128260823 0
vn 0.9419170658644899 0.33584556128260823 0
vn 0.9419170658644899 0.33584556128260823 0
vn 0.9419170658644899 0.33584556128260823 0
vn 0.9419170658644899 0.33584556128260823 0
vn 0.8702176220569312 0.3102807405215361 0.38268414171871185
vn 0.8702176220569312 0.3102807405215361 0.38268414171871185
vn 0.8702176220569312 0.3102807405215361 0.38268414171871185
vn 0.8702145275184069 0.3102873583853484 0.38268581280491465
vn 0.8702145275184069 0.3102873583853484 0.38268581280491465
vn 0.8702145275184069 0.3102873583853484 0.38268581280491465
vn 0.3604543883276635 0.12852512578684597 0.9238798222587208
vn 0.3604543883276635 0.12852512578684597 0.9238798222587208
vn 0.3604543883276635 0.12852512578684597 0.9238798222587208
vn 0.3604555086382716 0.12852306508451974 0.9238796718369796
vn 0.3604555086382716 0.12852306508451974 0.9238796718369796
vn 0.3604555086382716 0.12852306508451974 0.9238796718369796
vn 0.34515798241825063 0.16526630592612304 -0.9238793294031941
vn 0.34515798241825063 0.16526630592612304 -0.9238793294031941
vn 0.34515798241825063 0.16526630592612304 -0.9238793294031941
vn 0.3451589359989799 0.16526298292235064 -0.9238795675712604
vn 0.3451589359989799 0.16526298292235064 -0.9238795675712604
vn 0.3451589359989799 0.16526298292235064 -0.9238795675712604
vn 0.8332865704466181 0.39897974704242495 -0.3826861023910799
vn 0.8332865704466181 0.39897974704242495 -0.3826861023910799
vn 0.8332865704466181 0.39897974704242495 -0.3826861023910799
vn 0.8332802147061046 0.398997013100124 -0.38268194014942464
vn 0.8332802147061046 0.398997013100124 -0.38268194014942464
vn 0.8332802147061046 0.398997013100124 -0.38268194014942464
vn 0.9019354006187927 0.4318709681266128 0
vn 0.9019354006187927 0.4318709681266128 0
vn 0.9019354006187927 0.4318709681266128 0
vn 0.9019354006187927 0.4318709681266128 0
vn 0.9019354006187927 0.4318709681266128 0
vn 0.9019354006187927 0.4318709681266128 0
vn 0.8332789100901247 0.398996390452889 0.3826854300918445
vn 0.8332789100901247 0.398996390452889 0.3826854300918445
vn 0.8332789100901247 0.398996390452889 0.3826854300918445
vn 0.8332883592838618 0.39898064144625256 0.38268127473544655
vn 0.8332883592838618 0.39898064144625256 0.38268127473544655
vn 0.8332883592838618 0.39898064144625256 0.38268127473544655
vn 0.3451585216520574 0.1652628054900449 0.9238797541090107
vn 0.3451585216520574 0.1652628054900449 0.9238797541090107
vn 0.3451585216520574 0.1652628054900449 0.9238797541090107
vn 0.3451565515023132 0.16526563518020712 0.9238799839716811
vn 0.3451565515023132 0.16526563518020712 0.9238799839716811
vn 0.3451565515023132 0.16526563518020712 0.9238799839716811
vn 0.3267489973311637 0.1992022397317284 -0.9238796244256836
vn 0.3267489973311637 0.1992022397317284 -0.9238796244256836
vn 0.3267489973311637 0.1992022397317284 -0.9238796244256836
vn 0.3267482292105858 0.19920424059629774 -0.9238794646685241
vn 0.3267482292105858 0.19920424059629774 -0.9238794646685241
vn 0.3267482292105858 0.19920424059629774 -0.9238794646685241
vn 0.7888402988632991 0.4809217185334642 -0.38268170002246027
vn 0.7888402988632991 0.4809217185334642 -0.38268170002246027
vn 0.7888402988632991 0.4809217185334642 -0.38268170002246027
vn 0.788843335554249 0.4809154581278046 -0.38268330782171617
vn 0.788843335554249 0.4809154581278046 -0.38268330782171617
vn 0.788843335554249 0.4809154581278046 -0.38268330782171617
vn 0.8538378349227345 0.5205390971430075 0
vn 0.8538378349227345 0.5205390971430075 0
vn 0.8538378349227345 0.5205390971430075 0
vn 0.8538378349227345 0.5205390971430075 0
vn 0.8538378349227345 0.5205390971430075 0
vn 0.8538378349227345 0.5205390971430075 0
vn 0.78884398502619 0.4809158417908986 0.3826814868824352
vn 0.78884398502619 0.4809158417908986 0.3826814868824352
vn 0.78884398502619 0.4809158417908986 0.3826814868824352
vn 0.7888398066592054 0.4809214409440083 0.3826830634744711
vn 0.7888398066592054 0.4809214409440083 0.3826830634744711
vn 0.7888398066592054 0.4809214409440083 0.3826830634744711
vn 0.32674724558473184 0.19920364445888 0.9238799410838462
vn 0.32674724558473184 0.19920364445888 0.9238799410838462
vn 0.32674724558473184 0.19920364445888 0.9238799410838462
vn 0.3267486374842534 0.19920202976263487 0.9238797969652925
vn 0.3267486374842534 0.19920202976263487 0.9238797969652925
vn 0.3267486374842534 0.19920202976263487 0.9238797969652925
vn 0.30614691913504 0.22961018935128 -0.9238794428117734
vn 0.30614691913504 0.22961018935128 -0.9238794428117734
vn 0.30614691913504 0.22961018935128 -0.9238794428117734
vn 0.30614724232223056 0.2296095749249189 -0.9238794884189667
vn 0.30614724232223056 0.2296095749249189 -0.9238794884189667
vn 0.30614724232223056 0.2296095749249189 -0.9238794884189667
vn 0.7391046618618645 0.5543264549373874 -0.38268326350992604
vn 0.7391046618618645 0.5543264549373874 -0.38268326350992604
vn 0.7391046618618645 0.5543264549373874 -0.38268326350992604
vn 0.7391067364230783 0.5543230338701803 -0.3826842122363885
vn 0.7391067364230783 0.5543230338701803 -0.3826842122363885
vn 0.7391067364230783 0.5543230338701803 -0.3826842122363885
vn 0.8000036477894752 0.5999951362498976 0
vn 0.8000036477894752 0.5999951362498976 0
vn 0.8000036477894752 0.5999951362498976 0
vn 0.8000036477894752 0.5999951362498976 0
vn 0.8000036477894752 0.5999951362498976 0
vn 0.8000036477894752 0.5999951362498976 0
vn 0.7391071408053315 0.5543233222558309 0.38268301349005046
vn 0.7391071408053315 0.5543233222558309 0.38268301349005046
vn 0.7391071408053315 0.5543233222558309 0.38268301349005046
vn 0.7391044499294617 0.5543262959880122 0.3826839030723379
vn 0.7391044499294617 0.5543262959880122 0.3826839030723379
vn 0.7391044499294617 0.5543262959880122 0.3826839030723379
vn 0.3061466233093922 0.22960911811585166 0.9238798070714167
vn 0.3061466233093922 0.22960911811585166 0.9238798070714167
vn 0.3061466233093922 0.22960911811585166 0.9238798070714167
vn 0.30614611377745127 0.22960959278366905 0.9238798579472776
vn 0.30614611377745127 0.22960959278366905 0.9238798579472776
vn 0.30614611377745127 0.22960959278366905 0.9238798579472776
vn 0.28431299373580654 0.2561499182443698 -0.9238795056588202
vn 0.28431299373580654 0.2561499182443698 -0.9238795056588202
vn 0.28431299373580654 0.2561499182443698 -0.9238795056588202
vn 0.2843118538788023 0.2561516997448148 -0.9238793625045646
vn 0.2843118538788023 0.2561516997448148 -0.9238793625045646
vn 0.2843118538788023 0.2561516997448148 -0.9238793625045646
vn 0.6863885739225628 0.6184039907762583 -0.3826842429216913
vn 0.6863885739225628 0.6184039907762583 -0.3826842429216913
vn 0.6863885739225628 0.6184039907762583 -0.3826842429216913
vn 0.6863858782246283 0.6184076145067768 -0.3826832221222188
vn 0.6863858782246283 0.6184076145067768 -0.3826832221222188
vn 0.6863858782246283 0.6184076145067768 -0.3826832221222188
vn 0.7429386501377726 0.6693595163523594 0
vn 0.7429386501377726 0.6693595163523594 0
vn 0.7429386501377726 0.6693595163523594 0
vn 0.7429386501377726 0.6693595163523594 0
vn 0.7429386501377726 0.6693595163523594 0
vn 0.7429386501377726 0.6693595163523594 0
vn 0.6863857029923026 0.6184074389197357 0.3826838201655459
vn 0.6863857029923026 0.6184074389197357 0.3826838201655459
vn 0.6863857029923026 0.6184074389197357 0.3826838201655459
vn 0.6863890247587349 0.6184043845830999 0.38268279791382087
vn 0.6863890247587349 0.6184043845830999 0.38268279791382087
vn 0.6863890247587349 0.6184043845830999 0.38268279791382087
vn 0.2843110337023753 0.25615093775779313 0.9238798261683661
vn 0.2843110337023753 0.25615093775779313 0.9238798261683661
vn 0.2843110337023753 0.25615093775779313 0.9238798261683661
vn 0.28431269453776387 0.25614961916270074 0.9238796806551596
vn 0.28431269453776387 0.25614961916270074 0.9238796806551596
vn 0.28431269453776387 0.25614961916270074 0.9238796806551596
vn 0.262117686119322 0.27882126211108016 -0.9238793332563711
vn 0.262117686119322 0.27882126211108016 -0.9238793332563711
vn 0.262117686119322 0.27882126211108016 -0.9238793332563711
vn 0.26211920423826246 0.2788192634412988 -0.9238795057276418
vn 0.26211920423826246 0.2788192634412988 -0.9238795057276418
vn 0.26211920423826246 0.2788192634412988 -0.9238795057276418
vn 0.6328117179280893 0.6731291932643768 -0.38268318336209844
vn 0.6328117179280893 0.6731291932643768 -0.38268318336209844
vn 0.6328117179280893 0.6731291932643768 -0.38268318336209844
vn 0.6328119661675543 0.6731289056877413 -0.38268327870809554
vn 0.6328119661675543 0.6731289056877413 -0.38268327870809554
vn 0.6328119661675543 0.6731289056877413 -0.38268327870809554
vn 0.6849507056848924 0.7285894116591098 0
vn 0.6849507056848924 0.7285894116591098 0
vn 0.6849507056848924 0.7285894116591098 0
vn 0.6849507056848924 0.7285894116591098 0
vn 0.6849507056848924 0.7285894116591098 0
vn 0.6849507056848924 0.7285894116591098 0
vn 0.6328121380703292 0.6731290175455567 0.38268279769152425
vn 0.6328121380703292 0.6731290175455567 0.38268279769152425
vn 0.6328121380703292 0.6731290175455567 0.38268279769152425
vn 0.6328118289645633 0.6731292441755042 0.3826829101988204
vn 0.6328118289645633 0.6731292441755042 0.3826829101988204
vn 0.6328118289645633 0.6731292441755042 0.3826829101988204
vn 0.2621188417596027 0.2788188708512647 0.9238797270488353
vn 0.2621188417596027 0.2788188708512647 0.9238797270488353
vn 0.2621188417596027 0.2788188708512647 0.9238797270488353
vn 0.26211676551312346 0.27882031191067425 0.9238798812091172
vn 0.26211676551312346 0.27882031191067425 0.9238798812091172
vn 0.26211676551312346 0.27882031191067425 0.9238798812091172
vn 0.24025438348267164 0.29786642917639533 -0.9238795492850054
vn 0.24025438348267164 0.29786642917639533 -0.9238795492850054
vn 0.24025438348267164 0.29786642917639533 -0.9238795492850054
vn 0.24025422946490976 0.297866620258135 -0.9238795277308716
vn 0.24025422946490976 0.297866620258135 -0.9238795277308716
vn 0.24025422946490976 0.297866620258135 -0.9238795277308716
vn 0.5800250317926878 0.7191136659535007 -0.3826832867173696
vn 0.5800250317926878 0.7191136659535007 -0.3826832867173696
vn 0.5800250317926878 0.7191136659535007 -0.3826832867173696
vn 0.5800266747816825 0.7191121436757875 -0.3826836570324345
vn 0.5800266747816825 0.7191121436757875 -0.3826836570324345
vn 0.5800266747816825 0.7191121436757875 -0.3826836570324345
vn 0.6278164350681386 0.77836143523323 0
vn 0.6278164350681386 0.77836143523323 0
vn 0.6278164350681386 0.77836143523323 0
vn 0.6278164350681386 0.77836143523323 0
vn 0.6278164350681386 0.77836143523323 0
vn 0.6278164350681386 0.77836143523323 0
vn 0.580026877615843 0.7191123522697933 0.3826829576244813
vn 0.580026877615843 0.7191123522697933 0.3826829576244813
vn 0.580026877615843 0.7191123522697933 0.3826829576244813
vn 0.5800250317926878 0.7191136659535007 0.3826832867173696
vn 0.5800250317926878 0.7191136659535007 0.3826832867173696
vn 0.5800250317926878 0.7191136659535007 0.3826832867173696
vn 0.24025366638869203 0.29786592025786035 0.9238798998439837
vn 0.24025366638869203 0.29786592025786035 0.9238798998439837
vn 0.24025366638869203 0.29786592025786035 0.9238798998439837
vn 0.2402538736269984 0.29786576953788074 0.9238798945451883
vn 0.2402538736269984 0.29786576953788074 0.9238798945451883
vn 0.2402538736269984 0.29786576953788074 0.9238798945451883
vn 0.25517132449160845 0.28519147154876184 -0.9238795482707961
vn 0.25517132449160845 0.28519147154876184 -0.9238795482707961
vn 0.25517132449160845 0.28519147154876184 -0.9238795482707961
vn 0.2551712987985818 0.2851914463391816 -0.9238795631490128
vn 0.2551712987985818 0.2851914463391816 -0.9238795631490128
vn 0.2551712987985818 0.2851914463391816 -0.9238795631490128
vn 0.6160380849014673 0.6885131011210709 -0.3826836651015806
vn 0.6160380849014673 0.6885131011210709 -0.3826836651015806
vn 0.6160380849014673 0.6885131011210709 -0.3826836651015806
vn 0.6160381444035387 0.6885132798203645 -0.38268324780534785
vn 0.6160381444035387 0.6885132798203645 -0.38268324780534785
vn 0.6160381444035387 0.6885132798203645 -0.38268324780534785
vn 0.6667948315931915 0.7452413384673499 0
vn 0.6667948315931915 0.7452413384673499 0
vn 0.6667948315931915 0.7452413384673499 0
vn 0.6667948315931915 0.7452413384673499 0
vn 0.6667948315931915 0.7452413384673499 0
vn 0.6667948315931915 0.7452413384673499 0
vn 0.6160381373777162 0.688513271967974 0.382683273243225
vn 0.6160381373777162 0.688513271967974 0.382683273243225
vn 0.6160381373777162 0.688513271967974 0.382683273243225
vn 0.6160382774010358 0.6885133548353585 0.38268289874271144
vn 0.6160382774010358 0.6885133548353585 0.38268289874271144
vn 0.6160382774010358 0.6885133548353585 0.38268289874271144
vn 0.25517077040332625 0.28519085928593385 0.923879890305836
vn 0.25517077040332625 0.28519085928593385 0.923879890305836
vn 0.25517077040332625 0.28519085928593385 0.923879890305836
vn 0.25517073065865714 0.28519081837157695 0.9238799139128836
vn 0.25517073065865714 0.28519081837157695 0.9238799139128836
vn 0.25517073065865714 0.28519081837157695 0.9238799139128836
vn 0.27918177452687065 0.2617329024430705 -0.9238795508889422
vn 0.27918177452687065 0.2617329024430705 -0.9238795508889422
vn 0.27918177452687065 0.2617329024430705 -0.9238795508889422
vn 0.27918165794594574 0.2617327856978727 -0.9238796191914748
vn 0.27918165794594574 0.2617327856978727 -0.9238796191914748
vn 0.27918165794594574 0.2617327856978727 -0.9238796191914748
vn 0.6740045504810473 0.6318792064713374 -0.3826833343117963
vn 0.6740045504810473 0.6318792064713374 -0.3826833343117963
vn 0.6740045504810473 0.6318792064713374 -0.3826833343117963
vn 0.674004791959627 0.6318795073633114 -0.3826824121771978
vn 0.674004791959627 0.6318795073633114 -0.3826824121771978
vn 0.674004791959627 0.6318795073633114 -0.3826824121771978
vn 0.7295371688234038 0.6839411665524547 0
vn 0.7295371688234038 0.6839411665524547 0
vn 0.7295371688234038 0.6839411665524547 0
vn 0.7295371688234038 0.6839411665524547 0
vn 0.7295371688234038 0.6839411665524547 0
vn 0.7295371688234038 0.6839411665524547 0
vn 0.6740045990964074 0.6318793749828155 0.38268297044448885
vn 0.6740045990964074 0.6318793749828155 0.38268297044448885
vn 0.6740045990964074 0.6318793749828155 0.38268297044448885
vn 0.6740049161851455 0.6318795716706707 0.3826820871997338
vn 0.6740049161851455 0.6318795716706707 0.3826820871997338
vn 0.6740049161851455 0.6318795716706707 0.3826820871997338
vn 0.2791811487688501 0.2617323064817006 0.9238799088170898
vn 0.2791811487688501 0.2617323064817006 0.9238799088170898
vn 0.2791811487688501 0.2617323064817006 0.9238799088170898
vn 0.27918103001019706 0.2617322174972049 0.9238799699129975
vn 0.27918103001019706 0.2617322174972049 0.9238799699129975
vn 0.27918103001019706 0.2617322174972049 0.9238799699129975
vn 0.3826830940244355 0 -0.9238796726565017
vn 0.3826830940244355 0 -0.9238796726565017
vn 0.3826830940244355 0 -0.9238796726565017
vn 0.3826830940244355 0 -0.9238796726565017
vn 0.3826830940244355 0 -0.9238796726565017
vn 0.3826830940244355 0 -0.9238796726565017
vn 0.9238798779669956 0 -0.3826825983601677
vn 0.9238798779669956 0 -0.3826825983601677
vn 0.9238798779669956 0 -0.3826825983601677
vn 0.9238798779669956 0 -0.3826825983601677
vn 0.9238798779669956 0 -0.3826825983601677
vn 0.9238798779669956 0 -0.3826825983601677
vn 1 0 0
vn 1 0 0
vn 1 0 0
vn 1 0 0
vn 1 0 0
vn 1 0 0
vn 0.9238800305938178 0 0.3826822298852745
vn 0.9238800305938178 0 0.3826822298852745
vn 0.9238800305938178 0 0.3826822298852745
vn 0.9238800305938178 0 0.3826822298852745
vn 0.9238800305938178 0 0.3826822298852745
vn 0.9238800305938178 0 0.3826822298852745
vn 0.3826822298852745 0 0.9238800305938178
vn 0.3826822298852745 0 0.9238800305938178
vn 0.3826822298852745 0 0.9238800305938178
vn 0.3826822298852745 0 0.9238800305938178
vn 0.3826822298852745 0 0.9238800305938178
vn 0.3826822298852745 0 0.9238800305938178
vn 0.2800012456010401 -0.26085587656968096 -0.9238795993639699
vn 0.2800012456010401 -0.26085587656968096 -0.9238795993639699
vn 0.2800012456010401 -0.26085587656968096 -0.9238795993639699
vn 0.28000155127860626 -0.26085609231690643 -0.9238794458059599
vn 0.28000155127860626 -0.26085609231690643 -0.9238794458059599
vn 0.28000155127860626 -0.26085609231690643 -0.9238794458059599
vn 0.6759835024204885 -0.629762304821283 -0.38268230150023247
vn 0.6759835024204885 -0.629762304821283 -0.38268230150023247
vn 0.6759835024204885 -0.629762304821283 -0.38268230150023247
vn 0.6759832386691218 -0.6297621620113644 -0.38268300241476294
vn 0.6759832386691218 -0.6297621620113644 -0.38268300241476294
vn 0.6759832386691218 -0.6297621620113644 -0.38268300241476294
vn 0.7316788511155656 -0.6816495131885636 0
vn 0.7316788511155656 -0.6816495131885636 0
vn 0.7316788511155656 -0.6816495131885636 0
vn 0.7316788511155656 -0.6816495131885636 0
vn 0.7316788511155656 -0.6816495131885636 0
vn 0.7316788511155656 -0.6816495131885636 0
vn 0.67598355117948 -0.6297624735311493 0.3826819377325087
vn 0.67598355117948 -0.6297624735311493 0.3826819377325087
vn 0.67598355117948 -0.6297624735311493 0.3826819377325087
vn 0.6759833882095961 -0.6297621902686189 0.38268269176008823
vn 0.6759833882095961 -0.6297621902686189 0.38268269176008823
vn 0.6759833882095961 -0.6297621902686189 0.38268269176008823
vn 0.2800006901910857 -0.26085529061660584 0.9238799331351676
vn 0.2800006901910857 -0.26085529061660584 0.9238799331351676
vn 0.2800006901910857 -0.26085529061660584 0.9238799331351676
vn 0.2800008958756151 -0.2608555263039183 0.9238798042524572
vn 0.2800008958756151 -0.2608555263039183 0.9238798042524572
vn 0.2800008958756151 -0.2608555263039183 0.9238798042524572
vn 0.2564374163733094 -0.2840537677346193 -0.923879488093306
vn 0.2564374163733094 -0.2840537677346193 -0.923879488093306
vn 0.2564374163733094 -0.2840537677346193 -0.923879488093306
vn 0.2564370637784316 -0.28405344548407874 -0.9238796850398433
vn 0.2564370637784316 -0.28405344548407874 -0.9238796850398433
vn 0.2564370637784316 -0.28405344548407874 -0.9238796850398433
vn 0.6190945627711364 -0.6857664719826091 -0.3826829866243612
vn 0.6190945627711364 -0.6857664719826091 -0.3826829866243612
vn 0.6190945627711364 -0.6857664719826091 -0.3826829866243612
vn 0.6190944339527661 -0.6857663421294119 -0.38268342771950603
vn 0.6190944339527661 -0.6857663421294119 -0.38268342771950603
vn 0.6190944339527661 -0.6857663421294119 -0.38268342771950603
vn 0.6701029974566133 -0.7422681272961018 0
vn 0.6701029974566133 -0.7422681272961018 0
vn 0.6701029974566133 -0.7422681272961018 0
vn 0.6701029974566133 -0.7422681272961018 0
vn 0.6701029974566133 -0.7422681272961018 0
vn 0.6701029974566133 -0.7422681272961018 0
vn 0.6190946704073608 -0.6857665783724999 0.3826826218427947
vn 0.6190946704073608 -0.6857665783724999 0.3826826218427947
vn 0.6190946704073608 -0.6857665783724999 0.3826826218427947
vn 0.6190945668945143 -0.685766416945398 0.382683078580128
vn 0.6190945668945143 -0.685766416945398 0.382683078580128
vn 0.6190945668945143 -0.685766416945398 0.382683078580128
vn 0.2564368580048953 -0.2840532102143599 0.9238798144907668
vn 0.2564368580048953 -0.2840532102143599 0.9238798144907668
vn 0.2564368580048953 -0.2840532102143599 0.9238798144907668
vn 0.25643652781447124 -0.28405276055996614 0.9238800443892705
vn 0.25643652781447124 -0.28405276055996614 0.9238800443892705
vn 0.25643652781447124 -0.28405276055996614 0.9238800443892705
vn 0.2770377988593995 -0.2640007431520607 -0.9238796813537457
vn 0.2770377988593995 -0.2640007431520607 -0.9238796813537457
vn 0.2770377988593995 -0.2640007431520607 -0.9238796813537457
vn 0.2770362757174262 -0.26400175335915255 -0.923879849417613
vn 0.2770362757174262 -0.26400175335915255 -0.923879849417613
vn 0.2770362757174262 -0.26400175335915255 -0.923879849417613
vn 0.668826056324666 -0.6373579027263677 -0.38268343341911326
vn 0.668826056324666 -0.6373579027263677 -0.38268343341911326
vn 0.668826056324666 -0.6373579027263677 -0.38268343341911326
vn 0.668830108192831 -0.6373543848632228 -0.3826822108099474
vn 0.668830108192831 -0.6373543848632228 -0.3826822108099474
vn 0.668830108192831 -0.6373543848632228 -0.3826822108099474
vn 0.7239360677859411 -0.689867066729982 0
vn 0.7239360677859411 -0.689867066729982 0
vn 0.7239360677859411 -0.689867066729982 0
vn 0.7239360677859411 -0.689867066729982 0
vn 0.7239360677859411 -0.689867066729982 0
vn 0.7239360677859411 -0.689867066729982 0
vn 0.6688298390709823 -0.63735417679094 0.38268302770756274
vn 0.6688298390709823 -0.63735417679094 0.38268302770756274
vn 0.6688298390709823 -0.63735417679094 0.38268302770756274
vn 0.668826528495834 -0.6373583751170702 0.38268182142393353
vn 0.668826528495834 -0.6373583751170702 0.38268182142393353
vn 0.668826528495834 -0.6373583751170702 0.38268182142393353
vn 0.2770358984112003 -0.26400140537891803 0.9238800619936849
vn 0.2770358984112003 -0.26400140537891803 0.9238800619936849
vn 0.2770358984112003 -0.26400140537891803 0.9238800619936849
vn 0.27703687398283516 -0.2639998481250926 0.923880214445437
vn 0.27703687398283516 -0.2639998481250926 0.923880214445437
vn 0.27703687398283516 -0.2639998481250926 0.923880214445437
vn 0.2904732793564306 -0.2491411094133292 -0.9238798523510602
vn 0.2904732793564306 -0.2491411094133292 -0.9238798523510602
vn 0.2904732793564306 -0.2491411094133292 -0.9238798523510602
vn 0.2904765267277958 -0.2491384411777052 -0.9238795508872891
vn 0.2904765267277958 -0.2491384411777052 -0.9238795508872891
vn 0.2904765267277958 -0.2491384411777052 -0.9238795508872891
vn 0.7012729102850234 -0.6014738129304958 -0.38268205818828804
vn 0.7012729102850234 -0.6014738129304958 -0.38268205818828804
vn 0.7012729102850234 -0.6014738129304958 -0.38268205818828804
vn 0.7012674842453197 -0.6014791160139461 -0.38268366641303375
vn 0.7012674842453197 -0.6014791160139461 -0.38268366641303375
vn 0.7012674842453197 -0.6014791160139461 -0.38268366641303375
vn 0.7590465132396609 -0.6510363973993415 0
vn 0.7590465132396609 -0.6510363973993415 0
vn 0.7590465132396609 -0.6510363973993415 0
vn 0.7590465132396609 -0.6510363973993415 0
vn 0.7590465132396609 -0.6510363973993415 0
vn 0.7590465132396609 -0.6510363973993415 0
vn 0.7012680727618995 -0.6014796459973598 0.3826817549553437
vn 0.7012680727618995 -0.6014796459973598 0.3826817549553437
vn 0.7012680727618995 -0.6014796459973598 0.3826817549553437
vn 0.7012724640404164 -0.6014734900239268 0.3826833834609496
vn 0.7012724640404164 -0.6014734900239268 0.3826833834609496
vn 0.7012724640404164 -0.6014734900239268 0.3826833834609496
vn 0.2904753999312015 -0.24913747748389717 0.9238801650364452
vn 0.2904753999312015 -0.24913747748389717 0.9238801650364452
vn 0.2904753999312015 -0.24913747748389717 0.9238801650364452
vn 0.2904732793564306 -0.2491411094133292 0.9238798523510602
vn 0.2904732793564306 -0.2491411094133292 0.9238798523510602
vn 0.2904732793564306 -0.2491411094133292 0.9238798523510602
vn 0.30453780341038317 -0.231739908818817 -0.9238795056470434
vn 0.30453780341038317 -0.231739908818817 -0.9238795056470434
vn 0.30453780341038317 -0.231739908818817 -0.9238795056470434
vn 0.3045347628869066 -0.23174272461581194 -0.9238798015873362
vn 0.3045347628869066 -0.23174272461581194 -0.9238798015873362
vn 0.3045347628869066 -0.23174272461581194 -0.9238798015873362
vn 0.7352131186489668 -0.5594772831482371 -0.3826837333981257
vn 0.7352131186489668 -0.5594772831482371 -0.3826837333981257
vn 0.7352131186489668 -0.5594772831482371 -0.3826837333981257
vn 0.7352222844438462 -0.5594671998266915 -0.382680865441758
vn 0.7352222844438462 -0.5594671998266915 -0.382680865441758
vn 0.7352222844438462 -0.5594671998266915 -0.382680865441758
vn 0.7957979607548349 -0.6055622227801585 0
vn 0.7957979607548349 -0.6055622227801585 0
vn 0.7957979607548349 -0.6055622227801585 0
vn 0.7957979607548349 -0.6055622227801585 0
vn 0.7957979607548349 -0.6055622227801585 0
vn 0.7957979607548349 -0.6055622227801585 0
vn 0.7352214944177556 -0.559466592239902 0.3826832715361271
vn 0.7352214944177556 -0.559466592239902 0.3826832715361271
vn 0.7352214944177556 -0.559466592239902 0.3826832715361271
vn 0.7352142432399604 -0.5594781116036647 0.3826803616250637
vn 0.7352142432399604 -0.5594781116036647 0.3826803616250637
vn 0.7352142432399604 -0.5594781116036647 0.3826803616250637
vn 0.30453457868440376 -0.23174255660248427 0.9238799044490886
vn 0.30453457868440376 -0.23174255660248427 0.9238799044490886
vn 0.30453457868440376 -0.23174255660248427 0.9238799044490886
vn 0.3045364569528565 -0.23173889146644297 0.923880204663194
vn 0.3045364569528565 -0.23173889146644297 0.923880204663194
vn 0.3045364569528565 -0.23173889146644297 0.923880204663194
vn 0.3190012825346136 -0.2113863943749258 -0.9238798482564927
vn 0.3190012825346136 -0.2113863943749258 -0.9238798482564927
vn 0.3190012825346136 -0.2113863943749258 -0.9238798482564927
vn 0.319000599026263 -0.2113871407218732 -0.9238799134943441
vn 0.319000599026263 -0.2113871407218732 -0.9238799134943441
vn 0.319000599026263 -0.2113871407218732 -0.9238799134943441
vn 0.7701383379032141 -0.5103355146809174 -0.3826808107901914
vn 0.7701383379032141 -0.5103355146809174 -0.3826808107901914
vn 0.7701383379032141 -0.5103355146809174 -0.3826808107901914
vn 0.7701398343850158 -0.5103336115504529 -0.38268033711609994
vn 0.7701398343850158 -0.5103336115504529 -0.38268033711609994
vn 0.7701398343850158 -0.5103336115504529 -0.38268033711609994
vn 0.8335921747047366 -0.552380381866543 0
vn 0.8335921747047366 -0.552380381866543 0
vn 0.8335921747047366 -0.552380381866543 0
vn 0.8335921747047366 -0.552380381866543 0
vn 0.8335921747047366 -0.552380381866543 0
vn 0.8335921747047366 -0.552380381866543 0
vn 0.770139808035227 -0.5103335940897499 0.3826804134299298
vn 0.770139808035227 -0.5103335940897499 0.3826804134299298
vn 0.770139808035227 -0.5103335940897499 0.3826804134299298
vn 0.7701386678523389 -0.5103356751534128 0.3826799327693254
vn 0.7701386678523389 -0.5103356751534128 0.3826799327693254
vn 0.7701386678523389 -0.5103356751534128 0.3826799327693254
vn 0.31900000393643196 -0.21138672412326617 0.9238802142880811
vn 0.31900000393643196 -0.21138672412326617 0.9238802142880811
vn 0.31900000393643196 -0.21138672412326617 0.9238802142880811
vn 0.31900042243829013 -0.21138581599357203 0.9238802775689738
vn 0.31900042243829013 -0.21138581599357203 0.9238802775689738
vn 0.31900042243829013 -0.21138581599357203 0.9238802775689738
vn 0.3335006245392904 -0.18767850148056445 -0.9238799237530347
vn 0.3335006245392904 -0.18767850148056445 -0.9238799237530347
vn 0.3335006245392904 -0.18767850148056445 -0.9238799237530347
vn 0.3335017554703895 -0.18767709989512477 -0.9238798002300538
vn 0.3335017554703895 -0.18767709989512477 -0.9238798002300538
vn 0.3335017554703895 -0.18767709989512477 -0.9238798002300538
vn 0.8051469185760464 -0.453093967889372 -0.382680409440779
vn 0.8051469185760464 -0.453093967889372 -0.382680409440779
vn 0.8051469185760464 -0.453093967889372 -0.382680409440779
vn 0.8051414943101332 -0.45310189517005073 -0.38268243588301026
vn 0.8051414943101332 -0.45310189517005073 -0.38268243588301026
vn 0.8051414943101332 -0.45310189517005073 -0.38268243588301026
vn 0.8714784813924268 -0.4904337432008015 0
vn 0.8714784813924268 -0.4904337432008015 0
vn 0.8714784813924268 -0.4904337432008015 0
vn 0.8714784813924268 -0.4904337432008015 0
vn 0.8714784813924268 -0.4904337432008015 0
vn 0.8714784813924268 -0.4904337432008015 0
vn 0.8051423016492837 -0.45310236048265734 0.3826801863435547
vn 0.8051423016492837 -0.45310236048265734 0.3826801863435547
vn 0.8051423016492837 -0.45310236048265734 0.3826801863435547
vn 0.8051462783434797 -0.45309358913590925 0.3826822049084379
vn 0.8051462783434797 -0.45309358913590925 0.3826822049084379
vn 0.8051462783434797 -0.45309358913590925 0.3826822049084379
vn 0.333500812887153 -0.1876765696947933 0.923880248187612
vn 0.333500812887153 -0.1876765696947933 0.923880248187612
vn 0.333500812887153 -0.1876765696947933 0.923880248187612
vn 0.3335002135400984 -0.18767826656980607 0.9238801198348527
vn 0.3335002135400984 -0.18767826656980607 0.9238801198348527
vn 0.3335002135400984 -0.18767826656980607 0.9238801198348527
vn 0.3475020276885404 -0.1602764449371256 -0.9238797551362782
vn 0.3475020276885404 -0.1602764449371256 -0.9238797551362782
vn 0.3475020276885404 -0.1602764449371256 -0.9238797551362782
vn 0.347502447700598 -0.1602758352714932 -0.9238797029213914
vn 0.347502447700598 -0.1602758352714932 -0.9238797029213914
vn 0.347502447700598 -0.1602758352714932 -0.9238797029213914
vn 0.83894647150327 -0.3869406924266602 -0.38268226833313024
vn 0.83894647150327 -0.3869406924266602 -0.38268226833313024
vn 0.83894647150327 -0.3869406924266602 -0.38268226833313024
vn 0.8389437383760836 -0.38694546480476927 -0.3826834345860587
vn 0.8389437383760836 -0.38694546480476927 -0.3826834345860587
vn 0.8389437383760836 -0.38694546480476927 -0.3826834345860587
vn 0.9080661566507234 -0.4188267603026147 0
vn 0.9080661566507234 -0.4188267603026147 0
vn 0.9080661566507234 -0.4188267603026147 0
vn 0.9080661566507234 -0.4188267603026147 0
vn 0.9080661566507234 -0.4188267603026147 0
vn 0.9080661566507234 -0.4188267603026147 0
vn 0.8389442695556678 -0.38694570079625856 0.38268203147652413
vn 0.8389442695556678 -0.38694570079625856 0.38268203147652413
vn 0.8389442695556678 -0.38694570079625856 0.38268203147652413
vn 0.8389461173480994 -0.3869405450167338 0.3826831937891997
vn 0.8389461173480994 -0.3869405450167338 0.3826831937891997
vn 0.8389461173480994 -0.3869405450167338 0.3826831937891997
vn 0.34750157625587025 -0.1602754296297748 0.9238801010719284
vn 0.34750157625587025 -0.1602754296297748 0.9238801010719284
vn 0.34750157625587025 -0.1602754296297748 0.9238801010719284
vn 0.3475013975041991 -0.16027615981539137 0.9238800416328193
vn 0.3475013975041991 -0.16027615981539137 0.9238800416328193
vn 0.3475013975041991 -0.16027615981539137 0.9238800416328193
vn 0.360287986718342 -0.12899198862210032 -0.923879663970238
vn 0.360287986718342 -0.12899198862210032 -0.923879663970238
vn 0.360287986718342 -0.12899198862210032 -0.923879663970238
vn 0.3602875698719203 -0.128992718917212 -0.9238797245649084
vn 0.3602875698719203 -0.128992718917212 -0.9238797245649084
vn 0.3602875698719203 -0.128992718917212 -0.9238797245649084
vn 0.869812070681212 -0.31141632772341976 -0.38268372388242716
vn 0.869812070681212 -0.31141632772341976 -0.38268372388242716
vn 0.869812070681212 -0.31141632772341976 -0.38268372388242716
vn 0.869814203240713 -0.3114117334371384 -0.38268261538564863
vn 0.869814203240713 -0.3114117334371384 -0.38268261538564863
vn 0.869814203240713 -0.3114117334371384 -0.38268261538564863
vn 0.9414797702901174 -0.3370694915510269 0
vn 0.9414797702901174 -0.3370694915510269 0
vn 0.9414797702901174 -0.3370694915510269 0
vn 0.9414797702901174 -0.3370694915510269 0
vn 0.9414797702901174 -0.3370694915510269 0
vn 0.9414797702901174 -0.3370694915510269 0
vn 0.869813959252295 -0.31141161223373043 0.3826832685862232
vn 0.869813959252295 -0.31141161223373043 0.3826832685862232
vn 0.869813959252295 -0.31141161223373043 0.3826832685862232
vn 0.8698126732623244 -0.31141650887694117 0.3826822068389734
vn 0.8698126732623244 -0.31141650887694117 0.3826822068389734
vn 0.8698126732623244 -0.31141650887694117 0.3826822068389734
vn 0.3602868600335448 -0.1289924675370341 0.923880036479778
vn 0.3602868600335448 -0.1289924675370341 0.923880036479778
vn 0.3602868600335448 -0.1289924675370341 0.923880036479778
vn 0.36028700795087426 -0.12899164758139223 0.9238800932783674
vn 0.36028700795087426 -0.12899164758139223 0.9238800932783674
vn 0.36028700795087426 -0.12899164758139223 0.9238800932783674
vn 0.3709838691604183 -0.09390047200750629 -0.9238796838222676
vn 0.3709838691604183 -0.09390047200750629 -0.9238796838222676
vn 0.3709838691604183 -0.09390047200750629 -0.9238796838222676
vn 0.37098447230687986 -0.09389908799658325 -0.9238795822944653
vn 0.37098447230687986 -0.09389908799658325 -0.9238795822944653
vn 0.37098447230687986 -0.09389908799658325 -0.9238795822944653
vn 0.8956363121906433 -0.22669261493404624 -0.382682707500494
vn 0.8956363121906433 -0.22669261493404624 -0.382682707500494
vn 0.8956363121906433 -0.22669261493404624 -0.382682707500494
vn 0.8956350085042986 -0.22669640175661732 -0.38268351541725365
vn 0.8956350085042986 -0.22669640175661732 -0.38268351541725365
vn 0.8956350085042986 -0.22669640175661732 -0.38268351541725365
vn 0.9694283857588989 -0.2453744177474411 0
vn 0.9694283857588989 -0.2453744177474411 0
vn 0.9694283857588989 -0.2453744177474411 0
vn 0.9694283857588989 -0.2453744177474411 0
vn 0.9694283857588989 -0.2453744177474411 0
vn 0.9694283857588989 -0.2453744177474411 0
vn 0.8956354596014946 -0.22669649954964038 0.38268240173329027
vn 0.8956354596014946 -0.22669649954964038 0.38268240173329027
vn 0.8956354596014946 -0.22669649954964038 0.38268240173329027
vn 0.8956361254832182 -0.22669255333149696 0.3826831809649538
vn 0.8956361254832182 -0.22669255333149696 0.3826831809649538
vn 0.8956361254832182 -0.22669255333149696 0.3826831809649538
vn 0.37098344413516887 -0.09389882345679033 0.9238800220434679
vn 0.37098344413516887 -0.09389882345679033 0.9238800220434679
vn 0.37098344413516887 -0.09389882345679033 0.9238800220434679
vn 0.37098330406255814 -0.09390033073660843 0.9238799250954548
vn 0.37098330406255814 -0.09390033073660843 0.9238799250954548
vn 0.37098330406255814 -0.09390033073660843 0.9238799250954548
vn 0.3762855477184274 -0.06968250773295612 -0.9238796104981912
vn 0.3762855477184274 -0.06968250773295612 -0.9238796104981912
vn 0.3762855477184274 -0.06968250773295612 -0.9238796104981912
vn 0.37628724158815585 -0.06967747024012626 -0.9238793005360134
vn 0.37628724158815585 -0.06967747024012626 -0.9238793005360134
vn 0.37628724158815585 -0.06967747024012626 -0.9238793005360134
vn 0.9084366057708386 -0.16821606630872918 -0.38268301285943573
vn 0.9084366057708386 -0.16821606630872918 -0.38268301285943573
vn 0.9084366057708386 -0.16821606630872918 -0.38268301285943573
vn 0.9084327137456868 -0.16823120260652705 -0.38268559819544934
vn 0.9084327137456868 -0.16823120260652705 -0.38268559819544934
vn 0.9084327137456868 -0.16823120260652705 -0.38268559819544934
vn 0.9832814374905001 -0.18209232462302138 0
vn 0.9832814374905001 -0.18209232462302138 0
vn 0.9832814374905001 -0.18209232462302138 0
vn 0.9832814374905001 -0.18209232462302138 0
vn 0.9832814374905001 -0.18209232462302138 0
vn 0.9832814374905001 -0.18209232462302138 0
vn 0.9084338432977576 -0.1682314106790373 0.38268282534261494
vn 0.9084338432977576 -0.1682314106790373 0.38268282534261494
vn 0.9084338432977576 -0.1682314106790373 0.38268282534261494
vn 0.9084356583203381 -0.1682158886472647 0.38268534006243926
vn 0.9084356583203381 -0.1682158886472647 0.38268534006243926
vn 0.9084356583203381 -0.1682158886472647 0.38268534006243926
vn 0.3762858132504562 -0.06967720987232527 0.9238799019195356
vn 0.3762858132504562 -0.06967720987232527 0.9238799019195356
vn 0.3762858132504562 -0.06967720987232527 0.9238799019195356
vn 0.37628552213584004 -0.0696825085143885 0.9238796208587461
vn 0.37628552213584004 -0.0696825085143885 0.9238796208587461
vn 0.37628552213584004 -0.0696825085143885 0.9238796208587461
vn 0.3780747608281749 -0.059216528445348825 -0.9238792550888884
vn 0.3780747608281749 -0.059216528445348825 -0.9238792550888884
vn 0.3780747608281749 -0.059216528445348825 -0.9238792550888884
vn 0.37807331337484035 -0.059221559601659 -0.9238795249339152
vn 0.37807331337484035 -0.059221559601659 -0.9238795249339152
vn 0.37807331337484035 -0.059221559601659 -0.9238795249339152
vn 0.9127487127199072 -0.14297333646371008 -0.38268578819782056
vn 0.9127487127199072 -0.14297333646371008 -0.38268578819782056
vn 0.9127487127199072 -0.14297333646371008 -0.38268578819782056
vn 0.9127541007760753 -0.1429487886179068 -0.38268210743269787
vn 0.9127541007760753 -0.1429487886179068 -0.38268210743269787
vn 0.9127541007760753 -0.1429487886179068 -0.38268210743269787
vn 0.9879573350405988 -0.15472654633086752 0
vn 0.9879573350405988 -0.15472654633086752 0
vn 0.9879573350405988 -0.15472654633086752 0
vn 0.9879573350405988 -0.15472654633086752 0
vn 0.9879573350405988 -0.15472654633086752 0
vn 0.9879573350405988 -0.15472654633086752 0
vn 0.9127527868468747 -0.14294856468906555 0.382685324982027
vn 0.9127527868468747 -0.14294856468906555 0.382685324982027
vn 0.9127527868468747 -0.14294856468906555 0.382685324982027
vn 0.9127504112048578 -0.14297361487876764 0.38268163307619135
vn 0.9127504112048578 -0.14297361487876764 0.38268163307619135
vn 0.9127504112048578 -0.14297361487876764 0.38268163307619135
vn 0.37807304268824415 -0.05922152196252865 0.9238796381179178
vn 0.37807304268824415 -0.05922152196252865 0.9238796381179178
vn 0.37807304268824415 -0.05922152196252865 0.9238796381179178
vn 0.378073183654451 -0.059216279218871286 0.9238799164809571
vn 0.378073183654451 -0.059216279218871286 0.9238799164809571
vn 0.378073183654451 -0.059216279218871286 0.9238799164809571
vn 0.37951859514417674 -0.049114171004824396 -0.923879556082014
vn 0.37951859514417674 -0.049114171004824396 -0.923879556082014
vn 0.37951859514417674 -0.049114171004824396 -0.923879556082014
vn 0.37951988613065446 -0.04910936660793627 -0.9238792811524362
vn 0.37951988613065446 -0.04910936660793627 -0.9238792811524362
vn 0.37951988613065446 -0.04910936660793627 -0.9238792811524362
vn 0.9162411677587581 -0.11856039597736585 -0.38268205472658046
vn 0.9162411677587581 -0.11856039597736585 -0.38268205472658046
vn 0.9162411677587581 -0.11856039597736585 -0.38268205472658046
vn 0.9162367546041446 -0.11858334345354396 -0.3826855107890073
vn 0.9162367546041446 -0.11858334345354396 -0.3826855107890073
vn 0.9162367546041446 -0.11858334345354396 -0.3826855107890073
vn 0.9917284408462285 -0.1283538063974298 0
vn 0.9917284408462285 -0.1283538063974298 0
vn 0.9917284408462285 -0.1283538063974298 0
vn 0.9917284408462285 -0.1283538063974298 0
vn 0.9917284408462285 -0.1283538063974298 0
vn 0.9917284408462285 -0.1283538063974298 0
vn 0.9162382676699098 -0.11858354758946318 0.38268182488634145
vn 0.9162382676699098 -0.11858354758946318 0.38268182488634145
vn 0.9162382676699098 -0.11858354758946318 0.38268182488634145
vn 0.9162398586081274 -0.11856021744183981 0.3826852444737091
vn 0.9162398586081274 -0.11856021744183981 0.3826852444737091
vn 0.9162398586081274 -0.11856021744183981 0.3826852444737091
vn 0.37951845607296775 -0.049109184127431246 0.9238798783036293
vn 0.37951845607296775 -0.049109184127431246 0.9238798783036293
vn 0.37951845607296775 -0.049109184127431246 0.9238798783036293
vn 0.3795184470434007 -0.049114152496245775 0.9238796179039459
vn 0.3795184470434007 -0.049114152496245775 0.9238796179039459
vn 0.3795184470434007 -0.049114152496245775 0.9238796179039459
vn 0.3806526980167521 -0.03937786466978637 -0.923879270936747
vn 0.3806526980167521 -0.03937786466978637 -0.923879270936747
vn 0.3806526980167521 -0.03937786466978637 -0.923879270936747
vn 0.3806516839955084 -0.03938211514924486 -0.9238795075537477
vn 0.3806516839955084 -0.03938211514924486 -0.9238795075537477
vn 0.3806516839955084 -0.03938211514924486 -0.9238795075537477
vn 0.9189733944296424 -0.09507671827867772 -0.38268566470645005
vn 0.9189733944296424 -0.09507671827867772 -0.38268566470645005
vn 0.9189733944296424 -0.09507671827867772 -0.38268566470645005
vn 0.9189766196505298 -0.09505740705319346 -0.3826827170124217
vn 0.9189766196505298 -0.09505740705319346 -0.3826827170124217
vn 0.9189766196505298 -0.09505740705319346 -0.3826827170124217
vn 0.9946928067067072 -0.10288935943980325 0
vn 0.9946928067067072 -0.10288935943980325 0
vn 0.9946928067067072 -0.10288935943980325 0
vn 0.9946928067067072 -0.10288935943980325 0
vn 0.9946928067067072 -0.10288935943980325 0
vn 0.9946928067067072 -0.10288935943980325 0
vn 0.918975591478159 -0.0950572937539351 0.38268521420554796
vn 0.918975591478159 -0.0950572937539351 0.38268521420554796
vn 0.918975591478159 -0.0950572937539351 0.38268521420554796
vn 0.9189747782450461 -0.09507687607638787 0.38268230241941337
vn 0.9189747782450461 -0.09507687607638787 0.38268230241941337
vn 0.9189747782450461 -0.09507687607638787 0.38268230241941337
vn 0.3806513622499733 -0.039382082250668415 0.9238796415198471
vn 0.3806513622499733 -0.039382082250668415 0.9238796415198471
vn 0.3806513622499733 -0.039382082250668415 0.9238796415198471
vn 0.38065124191444694 -0.03937771609384603 0.9238798772049435
vn 0.38065124191444694 -0.03937771609384603 0.9238798772049435
vn 0.38065124191444694 -0.03937771609384603 0.9238798772049435
vn 0.3815052592005901 -0.030006031224874965 -0.9238795242305256
vn 0.3815052592005901 -0.030006031224874965 -0.9238795242305256
vn 0.3815052592005901 -0.030006031224874965 -0.9238795242305256
vn 0.3815047644737037 -0.03000814950794314 -0.9238796597214232
vn 0.3815047644737037 -0.03000814950794314 -0.9238796597214232
vn 0.3815047644737037 -0.03000814950794314 -0.9238796597214232
vn 0.9210350099759768 -0.07244616890332532 -0.38268271846241436
vn 0.9210350099759768 -0.07244616890332532 -0.38268271846241436
vn 0.9210350099759768 -0.07244616890332532 -0.38268271846241436
vn 0.9210361972715293 -0.07243785367791022 -0.38268143496926793
vn 0.9210361972715293 -0.07243785367791022 -0.38268143496926793
vn 0.9210361972715293 -0.07243785367791022 -0.38268143496926793
vn 0.996921503377128 -0.07840609736676764 0
vn 0.996921503377128 -0.07840609736676764 0
vn 0.996921503377128 -0.07840609736676764 0
vn 0.996921503377128 -0.07840609736676764 0
vn 0.996921503377128 -0.07840609736676764 0
vn 0.996921503377128 -0.07840609736676764 0
vn 0.9210358403874116 -0.07243782393408249 0.3826822995456539
vn 0.9210358403874116 -0.07243782393408249 0.3826822995456539
vn 0.9210358403874116 -0.07243782393408249 0.3826822995456539
vn 0.921035703730029 -0.07244621191554348 0.3826810405985886
vn 0.921035703730029 -0.07244621191554348 0.3826810405985886
vn 0.921035703730029 -0.07244621191554348 0.3826810405985886
vn 0.3815042181088893 -0.030008108230758453 0.9238798866765832
vn 0.3815042181088893 -0.030008108230758453 0.9238798866765832
vn 0.3815042181088893 -0.030008108230758453 0.9238798866765832
vn 0.38150405257995307 -0.03000593881263127 0.9238800254908888
vn 0.38150405257995307 -0.03000593881263127 0.9238800254908888
vn 0.38150405257995307 -0.03000593881263127 0.9238800254908888
vn 0.38210677228189627 -0.020994876963378935 -0.9238796619244325
vn 0.38210677228189627 -0.020994876963378935 -0.9238796619244325
vn 0.38210677228189627 -0.020994876963378935 -0.9238796619244325
vn 0.3821066671754625 -0.020995289382844964 -0.9238796960231298
vn 0.3821066671754625 -0.020995289382844964 -0.9238796960231298
vn 0.3821066671754625 -0.020995289382844964 -0.9238796960231298
vn 0.9224888662255105 -0.05068720866120721 -0.38268145835421347
vn 0.9224888662255105 -0.05068720866120721 -0.38268145835421347
vn 0.9224888662255105 -0.05068720866120721 -0.38268145835421347
vn 0.9224882627756729 -0.050692364056139576 -0.3826822301433935
vn 0.9224882627756729 -0.050692364056139576 -0.3826822301433935
vn 0.9224882627756729 -0.050692364056139576 -0.3826822301433935
vn 0.9984935619239771 -0.05486899667725421 0
vn 0.9984935619239771 -0.05486899667725421 0
vn 0.9984935619239771 -0.05486899667725421 0
vn 0.9984935619239771 -0.05486899667725421 0
vn 0.9984935619239771 -0.05486899667725421 0
vn 0.9984935619239771 -0.05486899667725421 0
vn 0.9224887129997106 -0.05069239194611445 0.3826811411435363
vn 0.9224887129997106 -0.05069239194611445 0.3826811411435363
vn 0.9224887129997106 -0.05069239194611445 0.3826811411435363
vn 0.9224886717693683 -0.05068719662585729 0.3826819287024124
vn 0.9224886717693683 -0.05068719662585729 0.3826819287024124
vn 0.9224886717693683 -0.05068719662585729 0.3826819287024124
vn 0.3821058795425241 -0.02099524584020377 0.9238800227687268
vn 0.3821058795425241 -0.02099524584020377 0.9238800227687268
vn 0.3821058795425241 -0.02099524584020377 0.9238800227687268
vn 0.3821058829046425 -0.020994826929785066 0.9238800308978715
vn 0.3821058829046425 -0.020994826929785066 0.9238800308978715
vn 0.3821058829046425 -0.020994826929785066 0.9238800308978715
vn 0.3824840841388613 -0.012338197043653182 -0.9238796968621881
vn 0.3824840841388613 -0.012338197043653182 -0.9238796968621881
vn 0.3824840841388613 -0.012338197043653182 -0.9238796968621881
vn 0.38248518164297807 -0.012331889028690968 -0.9238793267177928
vn 0.38248518164297807 -0.012331889028690968 -0.9238793267177928
vn 0.38248518164297807 -0.012331889028690968 -0.9238793267177928
vn 0.9234002121053089 -0.029771791411566627 -0.3826822294280421
vn 0.9234002121053089 -0.029771791411566627 -0.3826822294280421
vn 0.9234002121053089 -0.029771791411566627 -0.3826822294280421
vn 0.923399406625279 -0.02978014630974206 -0.3826835229401094
vn 0.923399406625279 -0.02978014630974206 -0.3826835229401094
vn 0.923399406625279 -0.02978014630974206 -0.3826835229401094
vn 0.9994803560411233 -0.03223380039507432 0
vn 0.9994803560411233 -0.03223380039507432 0
vn 0.9994803560411233 -0.03223380039507432 0
vn 0.9994803560411233 -0.03223380039507432 0
vn 0.9994803560411233 -0.03223380039507432 0
vn 0.9994803560411233 -0.03223380039507432 0
vn 0.923400060764343 -0.029780168612720107 0.38268194279036155
vn 0.923400060764343 -0.029780168612720107 0.38268194279036155
vn 0.923400060764343 -0.029780168612720107 0.38268194279036155
vn 0.9233998034614972 -0.02977177864996305 0.3826832164640699
vn 0.9233998034614972 -0.02977177864996305 0.3826832164640699
vn 0.9233998034614972 -0.02977177864996305 0.3826832164640699
vn 0.3824835043730619 -0.012331834743092122 0.9238800218287929
vn 0.3824835043730619 -0.012331834743092122 0.9238800218287929
vn 0.3824835043730619 -0.012331834743092122 0.9238800218287929
vn 0.38248416045293093 -0.012338199415269346 0.9238796652366613
vn 0.38248416045293093 -0.012338199415269346 0.9238796652366613
vn 0.38248416045293093 -0.012338199415269346 0.9238796652366613
vn 0.3826628391791556 -0.004028029807669209 -0.9238792813388643
vn 0.3826628391791556 -0.004028029807669209 -0.9238792813388643
vn 0.3826628391791556 -0.004028029807669209 -0.9238792813388643
vn 0.3826618423356357 -0.004034429249920675 -0.9238796662990937
vn 0.3826618423356357 -0.004034429249920675 -0.9238796662990937
vn 0.3826618423356357 -0.004034429249920675 -0.9238796662990937
vn 0.9238281188604467 -0.009739981899500814 -0.3826836024124443
vn 0.9238281188604467 -0.009739981899500814 -0.3826836024124443
vn 0.9238281188604467 -0.009739981899500814 -0.3826836024124443
vn 0.9238286405209064 -0.009732894379027924 -0.3826825234058914
vn 0.9238286405209064 -0.009732894379027924 -0.3826825234058914
vn 0.9238286405209064 -0.009732894379027924 -0.3826825234058914
vn 0.999944507409389 -0.01053480430735493 0
vn 0.999944507409389 -0.01053480430735493 0
vn 0.999944507409389 -0.01053480430735493 0
vn 0.999944507409389 -0.01053480430735493 0
vn 0.999944507409389 -0.01053480430735493 0
vn 0.999944507409389 -0.01053480430735493 0
vn 0.9238283545511786 -0.009732890780725905 0.38268321385228327
vn 0.9238283545511786 -0.009732890780725905 0.38268321385228327
vn 0.9238283545511786 -0.009732890780725905 0.38268321385228327
vn 0.9238287224166338 -0.009739988497934523 0.38268214520945515
vn 0.9238287224166338 -0.009739988497934523 0.38268214520945515
vn 0.9238287224166338 -0.009739988497934523 0.38268214520945515
vn 0.3826618423349168 -0.004034429715574375 0.923879666297358
vn 0.3826618423349168 -0.004034429715574375 0.923879666297358
vn 0.3826618423349168 -0.004034429715574375 0.923879666297358
vn 0.38266103896760295 -0.004028010588480548 0.9238800270527194
vn 0.38266103896760295 -0.004028010588480548 0.9238800270527194
vn 0.38266103896760295 -0.004028010588480548 0.9238800270527194
vn 0.3826830940244355 0 -0.9238796726565017
vn 0.3826830940244355 0 -0.9238796726565017
vn 0.3826830940244355 0 -0.9238796726565017
vn 0.3826830940244355 0 -0.9238796726565017
vn 0.3826830940244355 0 -0.9238796726565017
vn 0.3826830940244355 0 -0.9238796726565017
vn 0.9238798885036886 0 -0.38268257292227453
vn 0.9238798885036886 0 -0.38268257292227453
vn 0.9238798885036886 0 -0.38268257292227453
vn 0.9238798779669956 0 -0.3826825983601677
vn 0.9238798779669956 0 -0.3826825983601677
vn 0.9238798779669956 0 -0.3826825983601677
vn 1 0 0
vn 1 0 0
vn 1 0 0
vn 1 0 0
vn 1 0 0
vn 1 0 0
vn 0.9238800305938178 0 0.3826822298852745
vn 0.9238800305938178 0 0.3826822298852745
vn 0.9238800305938178 0 0.3826822298852745
vn 0.9238800305938178 0 0.3826822298852745
vn 0.9238800305938178 0 0.3826822298852745
vn 0.9238800305938178 0 0.3826822298852745
vn 0.3826822298852745 0 0.9238800305938178
vn 0.3826822298852745 0 0.9238800305938178
vn 0.3826822298852745 0 0.9238800305938178
vn 0.3826822298852745 0 0.9238800305938178
vn 0.3826822298852745 0 0.9238800305938178
vn 0.3826822298852745 0 0.9238800305938178
vn 0.3818356126657083 0.025455706020931092 -0.9238796306506486
vn 0.3818356126657083 0.025455706020931092 -0.9238796306506486
vn 0.3818356126657083 0.025455706020931092 -0.9238796306506486
vn 0.3818358989530564 0.025456768808895726 -0.923879483045555
vn 0.3818358989530564 0.025456768808895726 -0.923879483045555
vn 0.3818358989530564 0.025456768808895726 -0.923879483045555
vn 0.9218334537928099 0.06145807716372322 -0.38268262074434134
vn 0.9218334537928099 0.06145807716372322 -0.38268262074434134
vn 0.9218334537928099 0.06145807716372322 -0.38268262074434134
vn 0.9218332550593585 0.06145647023561996 -0.3826833575331516
vn 0.9218332550593585 0.06145647023561996 -0.3826833575331516
vn 0.9218332550593585 0.06145647023561996 -0.3826833575331516
vn 0.9977850915261652 0.06652000547295521 0
vn 0.9977850915261652 0.06652000547295521 0
vn 0.9977850915261652 0.06652000547295521 0
vn 0.9977850915261652 0.06652000547295521 0
vn 0.9977850915261652 0.06652000547295521 0
vn 0.9977850915261652 0.06652000547295521 0
vn 0.9218336838054922 0.06145650453081875 0.3826823192315646
vn 0.9218336838054922 0.06145650453081875 0.3826823192315646
vn 0.9218336838054922 0.06145650453081875 0.3826823192315646
vn 0.9218332700746167 0.06145806193559808 0.3826830657432583
vn 0.9218332700746167 0.06145806193559808 0.3826830657432583
vn 0.9218332700746167 0.06145806193559808 0.3826830657432583
vn 0.3818346877908091 0.025456687568069822 0.9238799858519271
vn 0.3818346877908091 0.025456687568069822 0.9238799858519271
vn 0.3818346877908091 0.025456687568069822 0.9238799858519271
vn 0.38183521887734534 0.02545568138266603 0.9238797940805038
vn 0.38183521887734534 0.02545568138266603 0.9238797940805038
vn 0.38183521887734534 0.02545568138266603 0.9238797940805038
vn 0.37288365724550554 0.08605008048017881 -0.9238794086938896
vn 0.37288365724550554 0.08605008048017881 -0.9238794086938896
vn 0.37288365724550554 0.08605008048017881 -0.9238794086938896
vn 0.37288362659232693 0.0860495959960774 -0.923879466190404
vn 0.37288362659232693 0.0860495959960774 -0.923879466190404
vn 0.37288362659232693 0.0860495959960774 -0.923879466190404
vn 0.9002200594224625 0.2077419810725373 -0.382684091534356
vn 0.9002200594224625 0.2077419810725373 -0.382684091534356
vn 0.9002200594224625 0.2077419810725373 -0.382684091534356
vn 0.9002200277418956 0.20774307644759388 -0.38268357142745213
vn 0.9002200277418956 0.20774307644759388 -0.38268357142745213
vn 0.9002200277418956 0.20774307644759388 -0.38268357142745213
vn 0.9743911972014787 0.22485950016903625 0
vn 0.9743911972014787 0.22485950016903625 0
vn 0.9743911972014787 0.22485950016903625 0
vn 0.9743911972014787 0.22485950016903625 0
vn 0.9743911972014787 0.22485950016903625 0
vn 0.9743911972014787 0.22485950016903625 0
vn 0.9002199781598167 0.20774306385933244 0.3826836948973351
vn 0.9002199781598167 0.20774306385933244 0.3826836948973351
vn 0.9002199781598167 0.20774306385933244 0.3826836948973351
vn 0.900220440084376 0.20774206204018042 0.3826831521161945
vn 0.900220440084376 0.20774206204018042 0.3826831521161945
vn 0.900220440084376 0.20774206204018042 0.3826831521161945
vn 0.37288293879720424 0.08604943899349375 0.9238797584117023
vn 0.37288293879720424 0.08604943899349375 0.9238797584117023
vn 0.37288293879720424 0.08604943899349375 0.9238797584117023
vn 0.3728826282347551 0.08604983843118665 0.923879846552953
vn 0.3728826282347551 0.08604983843118665 0.923879846552953
vn 0.3728826282347551 0.08604983843118665 0.923879846552953
vn 0.34838230374114904 0.15835559802821741 -0.9238794699597644
vn 0.34838230374114904 0.15835559802821741 -0.9238794699597644
vn 0.34838230374114904 0.15835559802821741 -0.9238794699597644
vn 0.34838247727555677 0.1583532114426112 -0.9238798135867878
vn 0.34838247727555677 0.1583532114426112 -0.9238798135867878
vn 0.34838247727555677 0.1583532114426112 -0.9238798135867878
vn 0.8410710241257001 0.38229913178070957 -0.38268382016471725
vn 0.8410710241257001 0.38229913178070957 -0.38268382016471725
vn 0.8410710241257001 0.38229913178070957 -0.38268382016471725
vn 0.8410699443749781 0.38230398643793884 -0.3826813434474318
vn 0.8410699443749781 0.38230398643793884 -0.3826813434474318
vn 0.8410699443749781 0.38230398643793884 -0.3826813434474318
vn 0.9103667060830191 0.41380244133590355 0
vn 0.9103667060830191 0.41380244133590355 0
vn 0.9103667060830191 0.41380244133590355 0
vn 0.9103667060830191 0.41380244133590355 0
vn 0.9103667060830191 0.41380244133590355 0
vn 0.9103667060830191 0.41380244133590355 0
vn 0.8410692265867219 0.3823036276589266 0.3826832794461211
vn 0.8410692265867219 0.3823036276589266 0.3826832794461211
vn 0.8410692265867219 0.3823036276589266 0.3826832794461211
vn 0.841072188436577 0.3822996257921947 0.38268076768718734
vn 0.841072188436577 0.3822996257921947 0.38268076768718734
vn 0.841072188436577 0.3822996257921947 0.38268076768718734
vn 0.348382260542353 0.15835311834617988 0.9238799112706373
vn 0.348382260542353 0.15835311834617988 0.9238799112706373
vn 0.348382260542353 0.15835311834617988 0.9238799112706373
vn 0.3483805599845419 0.1583548013476246 0.9238802640575299
vn 0.3483805599845419 0.1583548013476246 0.9238802640575299
vn 0.3483805599845419 0.1583548013476246 0.9238802640575299
vn 0.30207120766711815 0.23494424945039716 -0.9238799625214947
vn 0.30207120766711815 0.23494424945039716 -0.9238799625214947
vn 0.30207120766711815 0.23494424945039716 -0.9238799625214947
vn 0.30207104036678556 0.23494479484723502 -0.9238798785263799
vn 0.30207104036678556 0.23494479484723502 -0.9238798785263799
vn 0.30207104036678556 0.23494479484723502 -0.9238798785263799
vn 0.7292664183999908 0.5672087772773733 -0.38268092972286516
vn 0.7292664183999908 0.5672087772773733 -0.38268092972286516
vn 0.7292664183999908 0.5672087772773733 -0.38268092972286516
vn 0.7292671890259892 0.5672071646585182 -0.3826818513728822
vn 0.7292671890259892 0.5672071646585182 -0.3826818513728822
vn 0.7292671890259892 0.5672071646585182 -0.3826818513728822
vn 0.7893525704190804 0.6139401596025387 0
vn 0.7893525704190804 0.6139401596025387 0
vn 0.7893525704190804 0.6139401596025387 0
vn 0.7893525704190804 0.6139401596025387 0
vn 0.7893525704190804 0.6139401596025387 0
vn 0.7893525704190804 0.6139401596025387 0
vn 0.7292675937709555 0.5672074529692167 0.3826806527271719
vn 0.7292675937709555 0.5672074529692167 0.3826806527271719
vn 0.7292675937709555 0.5672074529692167 0.3826806527271719
vn 0.7292662010181873 0.5672086280707687 0.38268156513552815
vn 0.7292662010181873 0.5672086280707687 0.38268156513552815
vn 0.7292662010181873 0.5672086280707687 0.38268156513552815
vn 0.3020702360456898 0.23494418416532276 0.9238802968037538
vn 0.3020702360456898 0.23494418416532276 0.9238802968037538
vn 0.3020702360456898 0.23494418416532276 0.9238802968037538
vn 0.30207073424094316 0.234943879574354 0.9238802113724967
vn 0.30207073424094316 0.234943879574354 0.9238802113724967
vn 0.30207073424094316 0.234943879574354 0.9238802113724967
vn 0.23494424945039716 0.30207120766711815 -0.9238799625214947
vn 0.23494424945039716 0.30207120766711815 -0.9238799625214947
vn 0.23494424945039716 0.30207120766711815 -0.9238799625214947
vn 0.23494194307694713 0.30207496701095854 -0.9238793198727618
vn 0.23494194307694713 0.30207496701095854 -0.9238793198727618
vn 0.23494194307694713 0.30207496701095854 -0.9238793198727618
vn 0.5671999532529203 0.729273329277154 -0.3826808386043134
vn 0.5671999532529203 0.729273329277154 -0.3826808386043134
vn 0.5671999532529203 0.729273329277154 -0.3826808386043134
vn 0.5672030472530217 0.72926962679287 -0.38268330852582855
vn 0.5672030472530217 0.72926962679287 -0.38268330852582855
vn 0.5672030472530217 0.72926962679287 -0.38268330852582855
vn 0.6139360661288373 0.7893557542111465 0
vn 0.6139360661288373 0.7893557542111465 0
vn 0.6139360661288373 0.7893557542111465 0
vn 0.6139360661288373 0.7893557542111465 0
vn 0.6139360661288373 0.7893557542111465 0
vn 0.6139360661288373 0.7893557542111465 0
vn 0.5672036509712893 0.729270530726428 0.38268069109746555
vn 0.5672036509712893 0.729270530726428 0.38268069109746555
vn 0.5672036509712893 0.729270530726428 0.38268069109746555
vn 0.567199346726605 0.7292726005470009 0.3826831263125236
vn 0.567199346726605 0.7292726005470009 0.3826831263125236
vn 0.567199346726605 0.7292726005470009 0.3826831263125236
vn 0.23494071748353673 0.3020734125352687 0.9238801397949945
vn 0.23494071748353673 0.3020734125352687 0.9238801397949945
vn 0.23494071748353673 0.3020734125352687 0.9238801397949945
vn 0.23494493711780282 0.30207210458334943 0.923879494390528
vn 0.23494493711780282 0.30207210458334943 0.923879494390528
vn 0.23494493711780282 0.30207210458334943 0.923879494390528
vn 0.15835592013064856 0.34838303620835565 -0.9238791385467167
vn 0.15835592013064856 0.34838303620835565 -0.9238791385467167
vn 0.15835592013064856 0.34838303620835565 -0.9238791385467167
vn 0.15835722893495124 0.3483816896086102 -0.9238794219969905
vn 0.15835722893495124 0.3483816896086102 -0.9238794219969905
vn 0.15835722893495124 0.3483816896086102 -0.9238794219969905
vn 0.38230798494036705 0.8410673923557193 -0.38268295776894284
vn 0.38230798494036705 0.8410673923557193 -0.38268295776894284
vn 0.38230798494036705 0.8410673923557193 -0.38268295776894284
vn 0.3823087492759536 0.8410668327596584 -0.38268342407098427
vn 0.3823087492759536 0.8410668327596584 -0.38268342407098427
vn 0.3823087492759536 0.8410668327596584 -0.38268342407098427
vn 0.4138080255907989 0.9103641677683965 0
vn 0.4138080255907989 0.9103641677683965 0
vn 0.4138080255907989 0.9103641677683965 0
vn 0.4138080255907989 0.9103641677683965 0
vn 0.4138080255907989 0.9103641677683965 0
vn 0.4138080255907989 0.9103641677683965 0
vn 0.38230889840409543 0.8410671310392445 0.38268261952492877
vn 0.38230889840409543 0.8410671310392445 0.38268261952492877
vn 0.38230889840409543 0.8410671310392445 0.38268261952492877
vn 0.3823079122466886 0.841067363560192 0.3826830936786807
vn 0.3823079122466886 0.841067363560192 0.3826830936786807
vn 0.3823079122466886 0.841067363560192 0.3826830936786807
vn 0.15835708430514714 0.3483813714229246 0.9238795667703961
vn 0.15835708430514714 0.3483813714229246 0.9238795667703961
vn 0.15835708430514714 0.3483813714229246 0.9238795667703961
vn 0.1583552397945583 0.34838152754802826 0.9238798240533833
vn 0.1583552397945583 0.34838152754802826 0.9238798240533833
vn 0.1583552397945583 0.34838152754802826 0.9238798240533833
vn 0.0860500333243794 0.37288343800254764 -0.9238795015738109
vn 0.0860500333243794 0.37288343800254764 -0.9238795015738109
vn 0.0860500333243794 0.37288343800254764 -0.9238795015738109
vn 0.08604962914813154 0.3728837280311751 -0.9238794221612697
vn 0.08604962914813154 0.3728837280311751 -0.9238794221612697
vn 0.08604962914813154 0.3728837280311751 -0.9238794221612697
vn 0.2077420385334631 0.9002202885515429 -0.382683521341249
vn 0.2077420385334631 0.9002202885515429 -0.382683521341249
vn 0.2077420385334631 0.9002202885515429 -0.382683521341249
vn 0.2077417056307619 0.9002204453643405 -0.3826833331746369
vn 0.2077417056307619 0.9002204453643405 -0.3826833331746369
vn 0.2077417056307619 0.9002204453643405 -0.3826833331746369
vn 0.22485799180286897 0.9743915452847388 0
vn 0.22485799180286897 0.9743915452847388 0
vn 0.22485799180286897 0.9743915452847388 0
vn 0.22485799180286897 0.9743915452847388 0
vn 0.22485799180286897 0.9743915452847388 0
vn 0.22485799180286897 0.9743915452847388 0
vn 0.20774172532681562 0.9002205257470004 0.3826831333911024
vn 0.20774172532681562 0.9002205257470004 0.3826831333911024
vn 0.20774172532681562 0.9002205257470004 0.3826831333911024
vn 0.20774207936696792 0.9002205102001246 0.3826829777705246
vn 0.20774207936696792 0.9002205102001246 0.3826829777705246
vn 0.20774207936696792 0.9002205102001246 0.3826829777705246
vn 0.08604940945455286 0.3728827909269179 0.9238798208441806
vn 0.08604940945455286 0.3728827909269179 0.9238798208441806
vn 0.08604940945455286 0.3728827909269179 0.9238798208441806
vn 0.08604988558699869 0.37288284747776856 0.9238797536732449
vn 0.08604988558699869 0.37288284747776856 0.9238797536732449
vn 0.08604988558699869 0.37288284747776856 0.9238797536732449
vn 0.025455737235916764 0.3818360827531382 -0.9238794355052583
vn 0.025455737235916764 0.3818360827531382 -0.9238794355052583
vn 0.025455737235916764 0.3818360827531382 -0.9238794355052583
vn 0.02545392280343563 0.3818369437783857 -0.9238791296375835
vn 0.02545392280343563 0.3818369437783857 -0.9238791296375835
vn 0.02545392280343563 0.3818369437783857 -0.9238791296375835
vn 0.06145105992922949 0.9218337700035988 -0.3826829859224555
vn 0.06145105992922949 0.9218337700035988 -0.3826829859224555
vn 0.06145105992922949 0.9218337700035988 -0.3826829859224555
vn 0.0614573178372496 0.9218320923768849 -0.38268602214910563
vn 0.0614573178372496 0.9218320923768849 -0.38268602214910563
vn 0.0614573178372496 0.9218320923768849 -0.38268602214910563
vn 0.0665210033891015 0.9977850249969215 0
vn 0.0665210033891015 0.9977850249969215 0
vn 0.0665210033891015 0.9977850249969215 0
vn 0.0665210033891015 0.9977850249969215 0
vn 0.0665210033891015 0.9977850249969215 0
vn 0.0665210033891015 0.9977850249969215 0
vn 0.06145741132581958 0.9218334090235961 0.3826828355192644
vn 0.06145741132581958 0.9218334090235961 0.3826828355192644
vn 0.06145741132581958 0.9218334090235961 0.3826828355192644
vn 0.06145098397838294 0.9218326158381434 0.3826857783418331
vn 0.06145098397838294 0.9218326158381434 0.3826857783418331
vn 0.06145098397838294 0.9218326158381434 0.3826857783418331
vn 0.02545382304135868 0.38183543617226656 0.92387975547455
vn 0.02545382304135868 0.38183543617226656 0.92387975547455
vn 0.02545382304135868 0.38183543617226656 0.92387975547455
vn 0.025455737525592916 0.38183605729595826 0.9238794460186383
vn 0.025455737525592916 0.38183605729595826 0.9238794460186383
vn 0.025455737525592916 0.38183605729595826 0.9238794460186383
vn 0 0.38268450033849405 -0.9238790901414953
vn 0 0.38268450033849405 -0.9238790901414953
vn 0 0.38268450033849405 -0.9238790901414953
vn 0 0.38268447490064456 -0.9238791006782314
vn 0 0.38268447490064456 -0.9238791006782314
vn 0 0.38268447490064456 -0.9238791006782314
vn 0 0.9238784760140226 -0.3826859829651552
vn 0 0.9238784760140226 -0.3826859829651552
vn 0 0.9238784760140226 -0.3826859829651552
vn 0 0.9238784760140226 -0.3826859829651552
vn 0 0.9238784760140226 -0.3826859829651552
vn 0 0.9238784760140226 -0.3826859829651552
vn 0 1 0
vn 0 1 0
vn 0 1 0
vn 0 1 0
vn 0 1 0
vn 0 1 0
vn 0 0.9238786199132315 0.38268563556426155
vn 0 0.9238786199132315 0.38268563556426155
vn 0 0.9238786199132315 0.38268563556426155
vn 0 0.9238786199132315 0.38268563556426155
vn 0 0.9238786199132315 0.38268563556426155
vn 0 0.9238786199132315 0.38268563556426155
vn 0 0.3826836361998657 0.9238794480801317
vn 0 0.3826836361998657 0.9238794480801317
vn 0 0.3826836361998657 0.9238794480801317
vn 0 0.38268366163773404 0.9238794375434147
vn 0 0.38268366163773404 0.9238794375434147
vn 0 0.38268366163773404 0.9238794375434147
vn -0.0035026862917243847 0.3826684671845483 -0.9238790913379142
vn -0.0035026862917243847 0.3826684671845483 -0.9238790913379142
vn -0.0035026862917243847 0.3826684671845483 -0.9238790913379142
vn -0.0034984539492247243 0.3826676087101362 -0.9238794629517592
vn -0.0034984539492247243 0.3826676087101362 -0.9238794629517592
vn -0.0034984539492247243 0.3826676087101362 -0.9238794629517592
vn -0.008446001442261103 0.9238398665160329 -0.38268598889334304
vn -0.008446001442261103 0.9238398665160329 -0.38268598889334304
vn -0.008446001442261103 0.9238398665160329 -0.38268598889334304
vn -0.008466040512337274 0.9238415138670977 -0.3826815692109988
vn -0.008466040512337274 0.9238415138670977 -0.3826815692109988
vn -0.008466040512337274 0.9238415138670977 -0.3826815692109988
vn -0.009163569432517824 0.9999580136161995 0
vn -0.009163569432517824 0.9999580136161995 0
vn -0.009163569432517824 0.9999580136161995 0
vn -0.009163569432517824 0.9999580136161995 0
vn -0.009163569432517824 0.9999580136161995 0
vn -0.009163569432517824 0.9999580136161995 0
vn -0.008466026561866872 0.9238398470505692 0.38268559339990127
vn -0.008466026561866872 0.9238398470505692 0.38268559339990127
vn -0.008466026561866872 0.9238398470505692 0.38268559339990127
vn -0.008446019859359645 0.9238418701745276 0.38268115143153625
vn -0.008446019859359645 0.9238418701745276 0.38268115143153625
vn -0.008446019859359645 0.9238418701745276 0.38268115143153625
vn -0.0034984541421548086 0.3826676341480589 0.9238794524147307
vn -0.0034984541421548086 0.3826676341480589 0.9238794524147307
vn -0.0034984541421548086 0.3826676341480589 0.9238794524147307
vn -0.003502670035981165 0.3826667134799283 0.9238798177777721
vn -0.003502670035981165 0.3826667134799283 0.9238798177777721
vn -0.003502670035981165 0.3826667134799283 0.9238798177777721
vn -0.01106092584160199 0.3825236756541256 -0.9238794799558998
vn -0.01106092584160199 0.3825236756541256 -0.9238794799558998
vn -0.01106092584160199 0.3825236756541256 -0.9238794799558998
vn -0.011063450893113079 0.38252413085144515 -0.923879261251535
vn -0.011063450893113079 0.38252413085144515 -0.923879261251535
vn -0.011063450893113079 0.38252413085144515 -0.923879261251535
vn -0.02670951148163374 0.9234941465362473 -0.3826815429436084
vn -0.02670951148163374 0.9234941465362473 -0.3826815429436084
vn -0.02670951148163374 0.9234941465362473 -0.3826815429436084
vn -0.026681050137652956 0.9234924136223961 -0.3826877102095559
vn -0.026681050137652956 0.9234924136223961 -0.3826877102095559
vn -0.026681050137652956 0.9234924136223961 -0.3826877102095559
vn -0.028879415705933855 0.9995829026891587 0
vn -0.028879415705933855 0.9995829026891587 0
vn -0.028879415705933855 0.9995829026891587 0
vn -0.028879415705933855 0.9995829026891587 0
vn -0.028879415705933855 0.9995829026891587 0
vn -0.028879415705933855 0.9995829026891587 0
vn -0.026681125697600172 0.9234950727130163 0.3826812880273736
vn -0.026681125697600172 0.9234950727130163 0.3826812880273736
vn -0.026681125697600172 0.9234950727130163 0.3826812880273736
vn -0.02670944041108549 0.9234916927177961 0.3826874694501327
vn -0.02670944041108549 0.9234916927177961 0.3826874694501327
vn -0.02670944041108549 0.9234916927177961 0.3826874694501327
vn -0.011063412100939335 0.38252277112543975 0.9238798246975628
vn -0.011063412100939335 0.38252277112543975 0.9238798246975628
vn -0.011063412100939335 0.38252277112543975 0.9238798246975628
vn -0.011060916698371365 0.3825233537075772 0.9238796133642626
vn -0.011060916698371365 0.3825233537075772 0.9238796133642626
vn -0.011060916698371365 0.3825233537075772 0.9238796133642626
vn -0.019449846869759743 0.3821894834470661 -0.9238792681942852
vn -0.019449846869759743 0.3821894834470661 -0.9238792681942852
vn -0.019449846869759743 0.3821894834470661 -0.9238792681942852
vn -0.019440628798605423 0.3821882050870432 -0.9238799910401021
vn -0.019440628798605423 0.3821882050870432 -0.9238799910401021
vn -0.019440628798605423 0.3821882050870432 -0.9238799910401021
vn -0.04693387050819577 0.9226847837027852 -0.38268786461353105
vn -0.04693387050819577 0.9226847837027852 -0.38268786461353105
vn -0.04693387050819577 0.9226847837027852 -0.38268786461353105
vn -0.046978920079111815 0.9226863858708366 -0.38267847391356363
vn -0.046978920079111815 0.9226863858708366 -0.38267847391356363
vn -0.046978920079111815 0.9226863858708366 -0.38267847391356363
vn -0.05084950407554139 0.9987063271729439 0
vn -0.05084950407554139 0.9987063271729439 0
vn -0.05084950407554139 0.9987063271729439 0
vn -0.05084950407554139 0.9987063271729439 0
vn -0.05084950407554139 0.9987063271729439 0
vn -0.05084950407554139 0.9987063271729439 0
vn -0.04697873528422943 0.9226827192470809 0.3826873371747577
vn -0.04697873528422943 0.9226827192470809 0.3826873371747577
vn -0.04697873528422943 0.9226827192470809 0.3826873371747577
vn -0.04693407934372235 0.9226889007339563 0.3826779124257378
vn -0.04693407934372235 0.9226889007339563 0.3826779124257378
vn -0.04693407934372235 0.9226889007339563 0.3826779124257378
vn -0.019440671846473388 0.3821890436221155 0.9238796432508785
vn -0.019440671846473388 0.3821890436221155 0.9238796432508785
vn -0.019440671846473388 0.3821890436221155 0.9238796432508785
vn -0.019449708674321223 0.38218679416999546 0.9238803835965702
vn -0.019449708674321223 0.38218679416999546 0.9238803835965702
vn -0.019449708674321223 0.38218679416999546 0.9238803835965702
vn -0.02879977239681057 0.38159695445541747 -0.9238800449518552
vn -0.02879977239681057 0.38159695445541747 -0.9238800449518552
vn -0.02879977239681057 0.38159695445541747 -0.9238800449518552
vn -0.02880764343892341 0.3815978419505757 -0.9238794329879625
vn -0.02880764343892341 0.3815978419505757 -0.9238794329879625
vn -0.02880764343892341 0.3815978419505757 -0.9238794329879625
vn -0.06954791991904612 0.9212602178228801 -0.3826783216905202
vn -0.06954791991904612 0.9212602178228801 -0.3826783216905202
vn -0.06954791991904612 0.9212602178228801 -0.3826783216905202
vn -0.06952098061740154 0.9212600058704502 -0.3826837269045716
vn -0.06952098061740154 0.9212600058704502 -0.3826837269045716
vn -0.06952098061740154 0.9212600058704502 -0.3826837269045716
vn -0.07524897831685413 0.9971647763846603 0
vn -0.07524897831685413 0.9971647763846603 0
vn -0.07524897831685413 0.9971647763846603 0
vn -0.07524897831685413 0.9971647763846603 0
vn -0.07524897831685413 0.9971647763846603 0
vn -0.07524897831685413 0.9971647763846603 0
vn -0.06952115953740676 0.9212623318571986 0.3826780948494584
vn -0.06952115953740676 0.9212623318571986 0.3826780948494584
vn -0.06952115953740676 0.9212623318571986 0.3826780948494584
vn -0.06954775626886996 0.9212580755341347 0.38268350873941276
vn -0.06954775626886996 0.9212580755341347 0.38268350873941276
vn -0.06954775626886996 0.9212580755341347 0.38268350873941276
vn -0.028807478249028247 0.381595644334798 0.9238803458357808
vn -0.028807478249028247 0.381595644334798 0.9238803458357808
vn -0.028807478249028247 0.381595644334798 0.9238803458357808
vn -0.028799824576678817 0.38159767005305884 0.9238797477564
vn -0.028799824576678817 0.38159767005305884 0.9238797477564
vn -0.028799824576678817 0.38159767005305884 0.9238797477564
vn -0.0392661918067155 0.3806639350902787 -0.923879394024232
vn -0.0392661918067155 0.3806639350902787 -0.923879394024232
vn -0.0392661918067155 0.3806639350902787 -0.923879394024232
vn -0.039261919129592274 0.3806636393056526 -0.923879697480596
vn -0.039261919129592274 0.3806636393056526 -0.923879697480596
vn -0.039261919129592274 0.3806636393056526 -0.923879697480596
vn -0.0947867430100643 0.919004103724618 -0.38268385213757744
vn -0.0947867430100643 0.919004103724618 -0.38268385213757744
vn -0.0947867430100643 0.919004103724618 -0.38268385213757744
vn -0.09479250202617319 0.9190039817733708 -0.3826827185075225
vn -0.09479250202617319 0.9190039817733708 -0.3826827185075225
vn -0.09479250202617319 0.9190039817733708 -0.3826827185075225
vn -0.10260263062170023 0.9947224236888937 0
vn -0.10260263062170023 0.9947224236888937 0
vn -0.10260263062170023 0.9947224236888937 0
vn -0.10260263062170023 0.9947224236888937 0
vn -0.10260263062170023 0.9947224236888937 0
vn -0.10260263062170023 0.9947224236888937 0
vn -0.09479247250758831 0.919003686500954 0.3826834349087434
vn -0.09479247250758831 0.919003686500954 0.3826834349087434
vn -0.09479247250758831 0.919003686500954 0.3826834349087434
vn -0.0947868064008388 0.9190047238470564 0.38268234722694666
vn -0.0947868064008388 0.9190047238470564 0.38268234722694666
vn -0.0947868064008388 0.9190047238470564 0.38268234722694666
vn -0.039261904316409565 0.38066349114703535 0.9238797591554865
vn -0.039261904316409565 0.38066349114703535 0.9238797591554865
vn -0.039261904316409565 0.38066349114703535 0.9238797591554865
vn -0.039266022979976445 0.38066228443899724 0.9238800813119741
vn -0.039266022979976445 0.38066228443899724 0.9238800813119741
vn -0.039266022979976445 0.38066228443899724 0.9238800813119741
vn -0.05103259514547651 0.3792649493330731 -0.9238797391652765
vn -0.05103259514547651 0.3792649493330731 -0.9238797391652765
vn -0.05103259514547651 0.3792649493330731 -0.9238797391652765
vn -0.051040706314143265 0.37926525636013464 -0.9238791650519211
vn -0.051040706314143265 0.37926525636013464 -0.9238791650519211
vn -0.051040706314143265 0.37926525636013464 -0.9238791650519211
vn -0.12322291865727918 0.9156255225490936 -0.3826826554395705
vn -0.12322291865727918 0.9156255225490936 -0.3826826554395705
vn -0.12322291865727918 0.9156255225490936 -0.3826826554395705
vn -0.12320600465299626 0.9156264674083876 -0.38268584060386
vn -0.12320600465299626 0.9156264674083876 -0.38268584060386
vn -0.12320600465299626 0.9156264674083876 -0.38268584060386
vn -0.1333573771041303 0.9910680148062021 0
vn -0.1333573771041303 0.9910680148062021 0
vn -0.1333573771041303 0.9910680148062021 0
vn -0.1333573771041303 0.9910680148062021 0
vn -0.1333573771041303 0.9910680148062021 0
vn -0.1333573771041303 0.9910680148062021 0
vn -0.12320620438523025 0.915627887266993 0.3826823790821413
vn -0.12320620438523025 0.915627887266993 0.3826823790821413
vn -0.12320620438523025 0.915627887266993 0.3826823790821413
vn -0.12322276134631391 0.9156243241492706 0.3826855734312187
vn -0.12322276134631391 0.9156243241492706 0.3826855734312187
vn -0.12322276134631391 0.9156243241492706 0.3826855734312187
vn -0.051040425868721005 0.37926316240542485 0.9238800401401559
vn -0.051040425868721005 0.37926316240542485 0.9238800401401559
vn -0.051040425868721005 0.37926316240542485 0.9238800401401559
vn -0.051032676016138416 0.3792655671129349 0.9238794810910868
vn -0.051032676016138416 0.3792655671129349 0.9238794810910868
vn -0.051032676016138416 0.3792655671129349 0.9238794810910868
vn -0.06431649463195857 0.3772409761238315 -0.9238791232901608
vn -0.06431649463195857 0.3772409761238315 -0.9238791232901608
vn -0.06431649463195857 0.3772409761238315 -0.9238791232901608
vn -0.06431841285865807 0.37724096642471694 -0.9238789937098306
vn -0.06431841285865807 0.37724096642471694 -0.9238789937098306
vn -0.06431841285865807 0.37724096642471694 -0.9238789937098306
vn -0.15527769728239857 0.9107361917582492 -0.3826858055224379
vn -0.15527769728239857 0.9107361917582492 -0.3826858055224379
vn -0.15527769728239857 0.9107361917582492 -0.3826858055224379
vn -0.15527117457940104 0.9107368112989256 -0.382686977685155
vn -0.15527117457940104 0.9107368112989256 -0.382686977685155
vn -0.15527117457940104 0.9107368112989256 -0.382686977685155
vn -0.16806457607686728 0.9857759878735648 0
vn -0.16806457607686728 0.9857759878735648 0
vn -0.16806457607686728 0.9857759878735648 0
vn -0.16806457607686728 0.9857759878735648 0
vn -0.16806457607686728 0.9857759878735648 0
vn -0.16806457607686728 0.9857759878735648 0
vn -0.15527128062800608 0.9107374175540686 0.38268549185863493
vn -0.15527128062800608 0.9107374175540686 0.38268549185863493
vn -0.15527128062800608 0.9107374175540686 0.38268549185863493
vn -0.15527763656156882 0.9107358275837222 0.382686696841223
vn -0.15527763656156882 0.9107358275837222 0.382686696841223
vn -0.15527763656156882 0.9107358275837222 0.382686696841223
vn -0.06431822578488407 0.3772398589923144 0.9238794589227229
vn -0.06431822578488407 0.3772398589923144 0.9238794589227229
vn -0.06431822578488407 0.3772398589923144 0.9238794589227229
vn -0.06431640726208115 0.3772404814326658 0.9238793313660333
vn -0.06431640726208115 0.3772404814326658 0.9238793313660333
vn -0.06431640726208115 0.3772404814326658 0.9238793313660333
vn -0.07937034337290894 0.3743634279494418 -0.9238789814725787
vn -0.07937034337290894 0.3743634279494418 -0.9238789814725787
vn -0.07937034337290894 0.3743634279494418 -0.9238789814725787
vn -0.07936845885262984 0.3743635196046156 -0.9238791062301402
vn -0.07936845885262984 0.3743635196046156 -0.9238791062301402
vn -0.07936845885262984 0.3743635196046156 -0.9238791062301402
vn -0.1916115743392594 0.9037895857132056 -0.382687064499942
vn -0.1916115743392594 0.9037895857132056 -0.382687064499942
vn -0.1916115743392594 0.9037895857132056 -0.382687064499942
vn -0.19162124455811325 0.9037883310214899 -0.3826851856858188
vn -0.19162124455811325 0.9037883310214899 -0.3826851856858188
vn -0.19162124455811325 0.9037883310214899 -0.3826851856858188
vn -0.20740950324810686 0.978254209274038 0
vn -0.20740950324810686 0.978254209274038 0
vn -0.20740950324810686 0.978254209274038 0
vn -0.20740950324810686 0.978254209274038 0
vn -0.20740950324810686 0.978254209274038 0
vn -0.20740950324810686 0.978254209274038 0
vn -0.19162111369783916 0.9037877503046152 0.3826866226882281
vn -0.19162111369783916 0.9037877503046152 0.3826866226882281
vn -0.19162111369783916 0.9037877503046152 0.3826866226882281
vn -0.191611766242665 0.9037905308421795 0.3826847363004927
vn -0.191611766242665 0.9037905308421795 0.3826847363004927
vn -0.191611766242665 0.9037905308421795 0.3826847363004927
vn -0.07936832884763478 0.37436290777995124 0.9238793653147978
vn -0.07936832884763478 0.37436290777995124 0.9238793653147978
vn -0.07936832884763478 0.37436290777995124 0.9238793653147978
vn -0.07937008773348393 0.37436222491536747 0.9238794909129625
vn -0.07937008773348393 0.37436222491536747 0.9238794909129625
vn -0.07937008773348393 0.37436222491536747 0.9238794909129625
vn -0.10513148941335734 0.3679602352984919 -0.9238791236805861
vn -0.10513148941335734 0.3679602352984919 -0.9238791236805861
vn -0.10513148941335734 0.3679602352984919 -0.9238791236805861
vn -0.10512570419586088 0.3679609045425354 -0.9238795154377889
vn -0.10512570419586088 0.3679609045425354 -0.9238795154377889
vn -0.10512570419586088 0.3679609045425354 -0.9238795154377889
vn -0.2537956580893695 0.8883353629536219 -0.38268531048505205
vn -0.2537956580893695 0.8883353629536219 -0.38268531048505205
vn -0.2537956580893695 0.8883353629536219 -0.38268531048505205
vn -0.2538113541169565 0.8883323484335496 -0.3826818982495144
vn -0.2538113541169565 0.8883323484335496 -0.3826818982495144
vn -0.2538113541169565 0.8883323484335496 -0.3826818982495144
vn -0.2747232298038967 0.9615233470936185 0
vn -0.2747232298038967 0.9615233470936185 0
vn -0.2747232298038967 0.9615233470936185 0
vn -0.2747232298038967 0.9615233470936185 0
vn -0.2747232298038967 0.9615233470936185 0
vn -0.2747232298038967 0.9615233470936185 0
vn -0.2538110248612712 0.8883312109398536 0.38268475711609495
vn -0.2538110248612712 0.8883312109398536 0.38268475711609495
vn -0.2538110248612712 0.8883312109398536 0.38268475711609495
vn -0.2537961042555515 0.8883369692385701 0.38268128586166433
vn -0.2537961042555515 0.8883369692385701 0.38268128586166433
vn -0.2537961042555515 0.8883369692385701 0.38268128586166433
vn -0.10512567123952148 0.367960833898202 0.9238795473238814
vn -0.10512567123952148 0.367960833898202 0.9238795473238814
vn -0.10512567123952148 0.367960833898202 0.9238795473238814
vn -0.10513093805051964 0.36795829807797953 0.9238799579708256
vn -0.10513093805051964 0.36795829807797953 0.9238799579708256
vn -0.10513093805051964 0.36795829807797953 0.9238799579708256
vn -0.13763625724264483 0.3570752391149629 -0.9238796102865506
vn -0.13763625724264483 0.3570752391149629 -0.9238796102865506
vn -0.13763625724264483 0.3570752391149629 -0.9238796102865506
vn -0.13763399192956033 0.35707565547416076 -0.9238797868409244
vn -0.13763399192956033 0.35707565547416076 -0.9238797868409244
vn -0.13763399192956033 0.35707565547416076 -0.9238797868409244
vn -0.33227860140309323 0.862058857520062 -0.38268192695868164
vn -0.33227860140309323 0.862058857520062 -0.38268192695868164
vn -0.33227860140309323 0.862058857520062 -0.38268192695868164
vn -0.33229025519717204 0.862055582082852 -0.38267918639611637
vn -0.33229025519717204 0.862055582082852 -0.38267918639611637
vn -0.33229025519717204 0.862055582082852 -0.38267918639611637
vn -0.3596677246198563 0.9330804509080528 0
vn -0.3596677246198563 0.9330804509080528 0
vn -0.3596677246198563 0.9330804509080528 0
vn -0.3596677246198563 0.9330804509080528 0
vn -0.3596677246198563 0.9330804509080528 0
vn -0.3596677246198563 0.9330804509080528 0
vn -0.3322899392404285 0.862054718804235 0.38268140543661616
vn -0.3322899392404285 0.862054718804235 0.38268140543661616
vn -0.3322899392404285 0.862054718804235 0.38268140543661616
vn -0.3322790839033095 0.8620601239097591 0.3826786552253315
vn -0.3322790839033095 0.8620601239097591 0.3826786552253315
vn -0.3322790839033095 0.8620601239097591 0.3826786552253315
vn -0.1376338171999251 0.3570751892332494 0.9238799930710789
vn -0.1376338171999251 0.3570751892332494 0.9238799930710789
vn -0.1376338171999251 0.3570751892332494 0.9238799930710789
vn -0.13763578420606185 0.35707396747508374 0.9238801722396608
vn -0.13763578420606185 0.35707396747508374 0.9238801722396608
vn -0.13763578420606185 0.35707396747508374 0.9238801722396608
vn -0.16664917658158288 0.3444911815068555 -0.923879796190333
vn -0.16664917658158288 0.3444911815068555 -0.923879796190333
vn -0.16664917658158288 0.3444911815068555 -0.923879796190333
vn -0.16665125206908105 0.3444905941963417 -0.9238796408050451
vn -0.16665125206908105 0.3444905941963417 -0.9238796408050451
vn -0.16665125206908105 0.3444905941963417 -0.9238796408050451
vn -0.40233273974831213 0.8316760386465035 -0.38267915185946105
vn -0.40233273974831213 0.8316760386465035 -0.38267915185946105
vn -0.40233273974831213 0.8316760386465035 -0.38267915185946105
vn -0.402320852458814 0.8316804573214172 -0.38268204633409636
vn -0.402320852458814 0.8316804573214172 -0.38268204633409636
vn -0.402320852458814 0.8316804573214172 -0.38268204633409636
vn -0.43546867416022544 0.9002038845867837 0
vn -0.43546867416022544 0.9002038845867837 0
vn -0.43546867416022544 0.9002038845867837 0
vn -0.43546867416022544 0.9002038845867837 0
vn -0.43546867416022544 0.9002038845867837 0
vn -0.43546867416022544 0.9002038845867837 0
vn -0.40232141613024647 0.8316815844913805 0.38267900405020894
vn -0.40232141613024647 0.8316815844913805 0.38267900405020894
vn -0.40232141613024647 0.8316815844913805 0.38267900405020894
vn -0.4023322815408529 0.8316750042729968 0.3826818815904962
vn -0.4023322815408529 0.8316750042729968 0.3826818815904962
vn -0.4023322815408529 0.8316750042729968 0.3826818815904962
vn -0.166650745966684 0.34448955222528227 0.9238801206197546
vn -0.166650745966684 0.34448955222528227 0.9238801206197546
vn -0.166650745966684 0.34448955222528227 0.9238801206197546
vn -0.16664898124656527 0.34449082053034147 0.9238799660236248
vn -0.16664898124656527 0.34449082053034147 0.9238799660236248
vn -0.16664898124656527 0.34449082053034147 0.9238799660236248
vn -0.19215883287744043 0.3309402163170255 -0.9238796221214215
vn -0.19215883287744043 0.3309402163170255 -0.9238796221214215
vn -0.19215883287744043 0.3309402163170255 -0.9238796221214215
vn -0.19216272724531547 0.33093888410725264 -0.9238792893249035
vn -0.19216272724531547 0.33093888410725264 -0.9238792893249035
vn -0.19216272724531547 0.33093888410725264 -0.9238792893249035
vn -0.46392145363437703 0.7989563874881966 -0.3826820818245573
vn -0.46392145363437703 0.7989563874881966 -0.3826820818245573
vn -0.46392145363437703 0.7989563874881966 -0.3826820818245573
vn -0.4639114328046879 0.7989610241652463 -0.38268454943716
vn -0.4639114328046879 0.7989610241652463 -0.38268454943716
vn -0.4639114328046879 0.7989610241652463 -0.38268454943716
vn -0.5021343828568832 0.8647896053682289 0
vn -0.5021343828568832 0.8647896053682289 0
vn -0.5021343828568832 0.8647896053682289 0
vn -0.5021343828568832 0.8647896053682289 0
vn -0.5021343828568832 0.8647896053682289 0
vn -0.5021343828568832 0.8647896053682289 0
vn -0.4639120219761887 0.7989619577210723 0.38268188614105525
vn -0.4639120219761887 0.7989619577210723 0.38268188614105525
vn -0.4639120219761887 0.7989619577210723 0.38268188614105525
vn -0.46392100999603975 0.7989555588725527 0.38268434960277836
vn -0.46392100999603975 0.7989555588725527 0.38268434960277836
vn -0.46392100999603975 0.7989555588725527 0.38268434960277836
vn -0.19216198914505728 0.33093758892749187 0.923879906785873
vn -0.19216198914505728 0.33093758892749187 0.923879906785873
vn -0.19216198914505728 0.33093758892749187 0.923879906785873
vn -0.19215884533315405 0.3309402419077436 0.9238796103639656
vn -0.19215884533315405 0.3309402419077436 0.9238796103639656
vn -0.19215884533315405 0.3309402419077436 0.9238796103639656
vn -0.21435318722989605 0.317017075970574 -0.9238792587061648
vn -0.21435318722989605 0.317017075970574 -0.9238792587061648
vn -0.21435318722989605 0.317017075970574 -0.9238792587061648
vn -0.21434611180752045 0.31702008989363295 -0.9238798660847799
vn -0.21434611180752045 0.31702008989363295 -0.9238798660847799
vn -0.21434611180752045 0.31702008989363295 -0.9238798660847799
vn -0.5174780502259836 0.7653553506939772 -0.38268479810205885
vn -0.5174780502259836 0.7653553506939772 -0.38268479810205885
vn -0.5174780502259836 0.7653553506939772 -0.38268479810205885
vn -0.517502065298699 0.7653422293913497 -0.38267856527621164
vn -0.517502065298699 0.7653422293913497 -0.38267856527621164
vn -0.517502065298699 0.7653422293913497 -0.38267856527621164
vn -0.5601389553957095 0.8283986664934967 0
vn -0.5601389553957095 0.8283986664934967 0
vn -0.5601389553957095 0.8283986664934967 0
vn -0.5601389553957095 0.8283986664934967 0
vn -0.5601389553957095 0.8283986664934967 0
vn -0.5601389553957095 0.8283986664934967 0
vn -0.5175007687384765 0.7653403438448458 0.3826840896072622
vn -0.5175007687384765 0.7653403438448458 0.3826840896072622
vn -0.5175007687384765 0.7653403438448458 0.3826840896072622
vn -0.5174796476302969 0.7653577172483452 0.3826779049498755
vn -0.5174796476302969 0.7653577172483452 0.3826779049498755
vn -0.5174796476302969 0.7653577172483452 0.3826779049498755
vn -0.2143462999782424 0.3170203797166714 0.9238797229780157
vn -0.2143462999782424 0.3170203797166714 0.9238797229780157
vn -0.2143462999782424 0.3170203797166714 0.9238797229780157
vn -0.21435178994968843 0.3170150246815579 0.9238802867642084
vn -0.21435178994968843 0.3170150246815579 0.9238802867642084
vn -0.21435178994968843 0.3170150246815579 0.9238802867642084
vn -0.2335326537930194 0.30316394766647164 -0.9238799275055556
vn -0.2335326537930194 0.30316394766647164 -0.9238799275055556
vn -0.2335326537930194 0.30316394766647164 -0.9238799275055556
vn -0.2335414151591299 0.30315956605428707 -0.923879150601012
vn -0.2335414151591299 0.30315956605428707 -0.923879150601012
vn -0.2335414151591299 0.30315956605428707 -0.923879150601012
vn -0.5638187644220595 0.7318918260251633 -0.3826783974607586
vn -0.5638187644220595 0.7318918260251633 -0.3826783974607586
vn -0.5638187644220595 0.7318918260251633 -0.3826783974607586
vn -0.5637852530176469 0.7319129084227888 -0.38268744814002226
vn -0.5637852530176469 0.7319129084227888 -0.38268744814002226
vn -0.5637852530176469 0.7319129084227888 -0.38268744814002226
vn -0.6102378363706762 0.7922182673112479 0
vn -0.6102378363706762 0.7922182673112479 0
vn -0.6102378363706762 0.7922182673112479 0
vn -0.6102378363706762 0.7922182673112479 0
vn -0.6102378363706762 0.7922182673112479 0
vn -0.6102378363706762 0.7922182673112479 0
vn -0.5637875282804068 0.7319158424041289 0.38267848462295806
vn -0.5637875282804068 0.7319158424041289 0.38267848462295806
vn -0.5637875282804068 0.7319158424041289 0.38267848462295806
vn -0.5638164816038529 0.7318888226326491 0.382687504861665
vn -0.5638164816038529 0.7318888226326491 0.382687504861665
vn -0.5638164816038529 0.7318888226326491 0.382687504861665
vn -0.2335399128587717 0.3031576026278399 0.9238801746281052
vn -0.2335399128587717 0.3031576026278399 0.9238801746281052
vn -0.2335399128587717 0.3031576026278399 0.9238801746281052
vn -0.2335334055574272 0.3031649205048899 0.9238794182489477
vn -0.2335334055574272 0.3031649205048899 0.9238794182489477
vn -0.2335334055574272 0.3031649205048899 0.9238794182489477
vn -0.25005080961864035 0.28969302386405005 -0.9238790746269586
vn -0.25005080961864035 0.28969302386405005 -0.9238790746269586
vn -0.25005080961864035 0.28969302386405005 -0.9238790746269586
vn -0.25004717165052603 0.2896950480065395 -0.9238794245517437
vn -0.25004717165052603 0.2896950480065395 -0.9238794245517437
vn -0.25004717165052603 0.2896950480065395 -0.9238794245517437
vn -0.6036657073149444 0.6993839715489576 -0.3826875672821822
vn -0.6036657073149444 0.6993839715489576 -0.3826875672821822
vn -0.6036657073149444 0.6993839715489576 -0.3826875672821822
vn -0.6036864627275488 0.6993692642579296 -0.3826817044631505
vn -0.6036864627275488 0.6993692642579296 -0.3826817044631505
vn -0.6036864627275488 0.6993692642579296 -0.3826817044631505
vn -0.6534249845184227 0.7569912744590249 0
vn -0.6534249845184227 0.7569912744590249 0
vn -0.6534249845184227 0.7569912744590249 0
vn -0.6534249845184227 0.7569912744590249 0
vn -0.6534249845184227 0.7569912744590249 0
vn -0.6534249845184227 0.7569912744590249 0
vn -0.6036850143630805 0.6993676342498715 0.38268696815698483
vn -0.6036850143630805 0.6993676342498715 0.38268696815698483
vn -0.6036850143630805 0.6993676342498715 0.38268696815698483
vn -0.6036674822189849 0.6993859827729663 0.3826810917880363
vn -0.6036674822189849 0.6993859827729663 0.3826810917880363
vn -0.6036674822189849 0.6993859827729663 0.3826810917880363
vn -0.2500470921512077 0.2896949998805169 0.923879461158734
vn -0.2500470921512077 0.2896949998805169 0.923879461158734
vn -0.2500470921512077 0.2896949998805169 0.923879461158734
vn -0.25004965191116274 0.2896916880692267 0.9238798068161833
vn -0.25004965191116274 0.2896916880692267 0.9238798068161833
vn -0.25004965191116274 0.2896916880692267 0.9238798068161833
vn -0.26425669043760935 0.2767944084686849 -0.9238794602108179
vn -0.26425669043760935 0.2767944084686849 -0.9238794602108179
vn -0.26425669043760935 0.2767944084686849 -0.9238794602108179
vn -0.2642555556114415 0.2767951212755974 -0.9238795712464453
vn -0.2642555556114415 0.2767951212755974 -0.9238795712464453
vn -0.2642555556114415 0.2767951212755974 -0.9238795712464453
vn -0.6379700200781785 0.6682432186741808 -0.3826816616685723
vn -0.6379700200781785 0.6682432186741808 -0.3826816616685723
vn -0.6379700200781785 0.6682432186741808 -0.3826816616685723
vn -0.637969445096134 0.6682436579706713 -0.3826818531178443
vn -0.637969445096134 0.6682436579706713 -0.3826818531178443
vn -0.637969445096134 0.6682436579706713 -0.3826818531178443
vn -0.6905326933340702 0.7233011816918281 0
vn -0.6905326933340702 0.7233011816918281 0
vn -0.6905326933340702 0.7233011816918281 0
vn -0.6905326933340702 0.7233011816918281 0
vn -0.6905326933340702 0.7233011816918281 0
vn -0.6905326933340702 0.7233011816918281 0
vn -0.6379695632453893 0.6682438356742695 0.38268134584250024
vn -0.6379695632453893 0.6682438356742695 0.38268134584250024
vn -0.6379695632453893 0.6682438356742695 0.38268134584250024
vn -0.637970031047179 0.6682432897683315 0.3826815192366351
vn -0.637970031047179 0.6682432897683315 0.3826815192366351
vn -0.637970031047179 0.6682432897683315 0.3826815192366351
vn -0.2642551398253719 0.2767947055581654 0.9238798147220457
vn -0.2642551398253719 0.2767947055581654 0.9238798147220457
vn -0.2642551398253719 0.2767947055581654 0.9238798147220457
vn -0.26425591212798305 0.2767936001930861 0.9238799249889337
vn -0.26425591212798305 0.2767936001930861 0.9238799249889337
vn -0.26425591212798305 0.2767936001930861 0.9238799249889337
vn -0.26794091121364894 0.27322921416225104 -0.9238795725776591
vn -0.26794091121364894 0.27322921416225104 -0.9238795725776591
vn -0.26794091121364894 0.27322921416225104 -0.9238795725776591
vn -0.2679402832211964 0.27322864573213396 -0.9238799228139603
vn -0.2679402832211964 0.27322864573213396 -0.9238799228139603
vn -0.2679402832211964 0.27322864573213396 -0.9238799228139603
vn -0.6468670913803222 0.6596344061916609 -0.38268187343711074
vn -0.6468670913803222 0.6596344061916609 -0.38268187343711074
vn -0.6468670913803222 0.6596344061916609 -0.38268187343711074
vn -0.6468678276755633 0.6596349044835766 -0.38267976991897606
vn -0.6468678276755633 0.6596349044835766 -0.38267976991897606
vn -0.6468678276755633 0.6596349044835766 -0.38267976991897606
vn -0.7001635328345139 0.713982511892758 0
vn -0.7001635328345139 0.713982511892758 0
vn -0.7001635328345139 0.713982511892758 0
vn -0.7001635328345139 0.713982511892758 0
vn -0.7001635328345139 0.713982511892758 0
vn -0.7001635328345139 0.713982511892758 0
vn -0.6468672839005792 0.659634420168505 0.3826815239177969
vn -0.6468672839005792 0.659634420168505 0.3826815239177969
vn -0.6468672839005792 0.659634420168505 0.3826815239177969
vn -0.6468678070941091 0.6596351219144886 0.3826794299176741
vn -0.6468678070941091 0.6596351219144886 0.3826794299176741
vn -0.6468678070941091 0.6596351219144886 0.3826794299176741
vn -0.2679402555584418 0.27322864791393087 0.9238799301913652
vn -0.2679402555584418 0.27322864791393087 0.9238799301913652
vn -0.2679402555584418 0.27322864791393087 0.9238799301913652
vn -0.26793971709941805 0.273227990205803 0.9238802808636958
vn -0.26793971709941805 0.273227990205803 0.9238802808636958
vn -0.26793971709941805 0.273227990205803 0.9238802808636958
vn -0.2791270588595733 0.26178997519878794 -0.9238799131368872
vn -0.2791270588595733 0.26178997519878794 -0.9238799131368872
vn -0.2791270588595733 0.26178997519878794 -0.9238799131368872
vn -0.27912790118845593 0.2617906680276185 -0.923879462328166
vn -0.27912790118845593 0.2617906680276185 -0.923879462328166
vn -0.27912790118845593 0.2617906680276185 -0.923879462328166
vn -0.67387513531062 0.6320192647359681 -0.3826799589901459
vn -0.67387513531062 0.6320192647359681 -0.3826799589901459
vn -0.67387513531062 0.6320192647359681 -0.3826799589901459
vn -0.6738735301790046 0.6320181957856612 -0.38268455092925274
vn -0.6738735301790046 0.6320181957856612 -0.38268455092925274
vn -0.6738735301790046 0.6320181957856612 -0.38268455092925274
vn -0.7293958047245335 0.6840919236844198 0
vn -0.7293958047245335 0.6840919236844198 0
vn -0.7293958047245335 0.6840919236844198 0
vn -0.7293958047245335 0.6840919236844198 0
vn -0.7293958047245335 0.6840919236844198 0
vn -0.7293958047245335 0.6840919236844198 0
vn -0.6738749776074653 0.6320196421633819 0.38267961335065753
vn -0.6738749776074653 0.6320196421633819 0.38267961335065753
vn -0.6738749776074653 0.6320196421633819 0.38267961335065753
vn -0.6738738358648573 0.6320180837630661 0.382684197652902
vn -0.6738738358648573 0.6320180837630661 0.382684197652902
vn -0.6738738358648573 0.6320180837630661 0.382684197652902
vn -0.27912649241763526 0.2617893193621704 0.9238802701099961
vn -0.27912649241763526 0.2617893193621704 0.9238802701099961
vn -0.27912649241763526 0.2617893193621704 0.9238802701099961
vn -0.27912724359476626 0.2617901297638783 0.9238798135263049
vn -0.27912724359476626 0.2617901297638783 0.9238798135263049
vn -0.27912724359476626 0.2617901297638783 0.9238798135263049
vn -0.2733814764149307 0.26778594127717176 -0.9238794607563758
vn -0.2733814764149307 0.26778594127717176 -0.9238794607563758
vn -0.2733814764149307 0.26778594127717176 -0.9238794607563758
vn -0.27338173768023444 0.2677857556500094 -0.9238794372502772
vn -0.27338173768023444 0.2677857556500094 -0.9238794372502772
vn -0.27338173768023444 0.2677857556500094 -0.9238794372502772
vn -0.6600011551964358 0.646491285692944 -0.38268458639257275
vn -0.6600011551964358 0.646491285692944 -0.38268458639257275
vn -0.6600011551964358 0.646491285692944 -0.38268458639257275
vn -0.6600028279499696 0.6464898589266834 -0.3826841117723598
vn -0.6600028279499696 0.6464898589266834 -0.3826841117723598
vn -0.6600028279499696 0.6464898589266834 -0.3826841117723598
vn -0.7143821538524617 0.6997557704350266 0
vn -0.7143821538524617 0.6997557704350266 0
vn -0.7143821538524617 0.6997557704350266 0
vn -0.7143821538524617 0.6997557704350266 0
vn -0.7143821538524617 0.6997557704350266 0
vn -0.7143821538524617 0.6997557704350266 0
vn -0.6600028232733799 0.6464897947411983 0.3826842282700593
vn -0.6600028232733799 0.6464897947411983 0.3826842282700593
vn -0.6600028232733799 0.6464897947411983 0.3826842282700593
vn -0.660001406319573 0.6464915365560259 0.3826837294916187
vn -0.660001406319573 0.6464915365560259 0.3826837294916187
vn -0.660001406319573 0.6464915365560259 0.3826837294916187
vn -0.2733810887027979 0.2677851065359664 0.9238798174314634
vn -0.2733810887027979 0.2677851065359664 0.9238798174314634
vn -0.2733810887027979 0.2677851065359664 0.9238798174314634
vn -0.2733809014354056 0.26778539627876374 0.9238797888633512
vn -0.2733809014354056 0.26778539627876374 0.9238797888633512
vn -0.2733809014354056 0.26778539627876374 0.9238797888633512
vn -0.27956071489723894 0.2613284885295733 -0.923879444391417
vn -0.27956071489723894 0.2613284885295733 -0.923879444391417
vn -0.27956071489723894 0.2613284885295733 -0.923879444391417
vn -0.27955859603771693 0.2613299461374819 -0.9238796732438707
vn -0.27955859603771693 0.2613299461374819 -0.9238796732438707
vn -0.27955859603771693 0.2613299461374819 -0.9238796732438707
vn -0.6749145365992412 0.6309066989743056 -0.38268408051077385
vn -0.6749145365992412 0.6309066989743056 -0.38268408051077385
vn -0.6749145365992412 0.6309066989743056 -0.38268408051077385
vn -0.6749201479632562 0.6309017597600708 -0.3826823270088417
vn -0.6749201479632562 0.6309017597600708 -0.3826823270088417
vn -0.6749201479632562 0.6309017597600708 -0.3826823270088417
vn -0.7305279496566967 0.6828827972429697 0
vn -0.7305279496566967 0.6828827972429697 0
vn -0.7305279496566967 0.6828827972429697 0
vn -0.7305279496566967 0.6828827972429697 0
vn -0.7305279496566967 0.6828827972429697 0
vn -0.7305279496566967 0.6828827972429697 0
vn -0.6749197768235407 0.630901329896956 0.3826836902543853
vn -0.6749197768235407 0.630901329896956 0.3826836902543853
vn -0.6749197768235407 0.630901329896956 0.3826836902543853
vn -0.6749151863011544 0.6309072894594908 0.3826819611726635
vn -0.6749151863011544 0.6309072894594908 0.3826819611726635
vn -0.6749151863011544 0.6309072894594908 0.3826819611726635
vn -0.2795583607039387 0.26132974040488127 0.9238798026477492
vn -0.2795583607039387 0.26132974040488127 0.9238798026477492
vn -0.2795583607039387 0.26132974040488127 0.9238798026477492
vn -0.2795596690624549 0.26132753228133243 0.9238800313381818
vn -0.2795596690624549 0.26132753228133243 0.9238800313381818
vn -0.2795596690624549 0.26132753228133243 0.9238800313381818
vn -0.28670078291154916 0.25347387591887327 -0.923879675771996
vn -0.28670078291154916 0.25347387591887327 -0.923879675771996
vn -0.28670078291154916 0.25347387591887327 -0.923879675771996
vn -0.2867034413419604 0.2534718844888219 -0.9238793971598037
vn -0.2867034413419604 0.2534718844888219 -0.9238793971598037
vn -0.2867034413419604 0.2534718844888219 -0.9238793971598037
vn -0.6921630537244482 0.6119350822360364 -0.38268232541838404
vn -0.6921630537244482 0.6119350822360364 -0.38268232541838404
vn -0.6921630537244482 0.6119350822360364 -0.38268232541838404
vn -0.6921547596862403 0.6119428824941209 -0.38268485364392135
vn -0.6921547596862403 0.6119428824941209 -0.38268485364392135
vn -0.6921547596862403 0.6119428824941209 -0.38268485364392135
vn -0.7491833708192648 0.6623626475639189 0
vn -0.7491833708192648 0.6623626475639189 0
vn -0.7491833708192648 0.6623626475639189 0
vn -0.7491833708192648 0.6623626475639189 0
vn -0.7491833708192648 0.6623626475639189 0
vn -0.7491833708192648 0.6623626475639189 0
vn -0.6921556082065501 0.6119436697809589 0.38268205999658966
vn -0.6921556082065501 0.6119436697809589 0.38268205999658966
vn -0.6921556082065501 0.6119436697809589 0.38268205999658966
vn -0.6921623978440992 0.6119344263822599 0.38268456046582455
vn -0.6921623978440992 0.6119344263822599 0.38268456046582455
vn -0.6921623978440992 0.6119344263822599 0.38268456046582455
vn -0.28670229974461225 0.25347089295891323 0.9238800234574627
vn -0.28670229974461225 0.25347089295891323 0.9238800234574627
vn -0.28670229974461225 0.25347089295891323 0.9238800234574627
vn -0.28670066637611735 0.25347375907355735 0.9238797439930212
vn -0.28670066637611735 0.25347375907355735 0.9238797439930212
vn -0.28670066637611735 0.25347375907355735 0.9238797439930212
vn -0.2950122086870477 0.2437512302087268 -0.9238793939131459
vn -0.2950122086870477 0.2437512302087268 -0.9238793939131459
vn -0.2950122086870477 0.2437512302087268 -0.9238793939131459
vn -0.29501187385961836 0.2437514926443767 -0.9238794315902237
vn -0.29501187385961836 0.2437514926443767 -0.9238794315902237
vn -0.29501187385961836 0.2437514926443767 -0.9238794315902237
vn -0.7122207769760476 0.588467410037364 -0.3826848209265062
vn -0.7122207769760476 0.588467410037364 -0.3826848209265062
vn -0.7122207769760476 0.588467410037364 -0.3826848209265062
vn -0.7122203265344237 0.5884678490790197 -0.38268498412076607
vn -0.7122203265344237 0.5884678490790197 -0.38268498412076607
vn -0.7122203265344237 0.5884678490790197 -0.38268498412076607
vn -0.7709022340933671 0.6369534876816793 0
vn -0.7709022340933671 0.6369534876816793 0
vn -0.7709022340933671 0.6369534876816793 0
vn -0.7709022340933671 0.6369534876816793 0
vn -0.7709022340933671 0.6369534876816793 0
vn -0.7709022340933671 0.6369534876816793 0
vn -0.7122204777868476 0.5884680051204179 0.3826844626721479
vn -0.7122204777868476 0.5884680051204179 0.3826844626721479
vn -0.7122204777868476 0.5884680051204179 0.3826844626721479
vn -0.7122208088542396 0.5884674959811426 0.3826846294387807
vn -0.7122208088542396 0.5884674959811426 0.3826846294387807
vn -0.7122208088542396 0.5884674959811426 0.3826846294387807
vn -0.2950112827495102 0.2437510198858345 0.9238797450724331
vn -0.2950112827495102 0.2437510198858345 0.9238797450724331
vn -0.2950112827495102 0.2437510198858345 0.9238797450724331
vn -0.29501149892629946 0.2437506685047883 0.9238797687495528
vn -0.29501149892629946 0.2437506685047883 0.9238797687495528
vn -0.29501149892629946 0.2437506685047883 0.9238797687495528
vn -0.30474549314989013 0.23146699204172874 -0.9238794380220747
vn -0.30474549314989013 0.23146699204172874 -0.9238794380220747
vn -0.30474549314989013 0.23146699204172874 -0.9238794380220747
vn -0.30474489468336485 0.23146757134884927 -0.923879490289881
vn -0.30474489468336485 0.23146757134884927 -0.923879490289881
vn -0.30474489468336485 0.23146757134884927 -0.923879490289881
vn -0.7357185552492631 0.5588116698611885 -0.3826848900713051
vn -0.7357185552492631 0.5588116698611885 -0.3826848900713051
vn -0.7357185552492631 0.5588116698611885 -0.3826848900713051
vn -0.7357249941404902 0.5588045185110425 -0.38268295374711636
vn -0.7357249941404902 0.5588045185110425 -0.38268295374711636
vn -0.7357249941404902 0.5588045185110425 -0.38268295374711636
vn -0.7963428330000032 0.6048455111262123 0
vn -0.7963428330000032 0.6048455111262123 0
vn -0.7963428330000032 0.6048455111262123 0
vn -0.7963428330000032 0.6048455111262123 0
vn -0.7963428330000032 0.6048455111262123 0
vn -0.7963428330000032 0.6048455111262123 0
vn -0.7357245190132934 0.5588041025772937 0.382684474555009
vn -0.7357245190132934 0.5588041025772937 0.382684474555009
vn -0.7357245190132934 0.5588041025772937 0.382684474555009
vn -0.7357193285108298 0.5588122646932634 0.38268253485619064
vn -0.7357193285108298 0.5588122646932634 0.38268253485619064
vn -0.7357193285108298 0.5588122646932634 0.38268253485619064
vn -0.30474432760031617 0.23146713857797438 0.9238797857697483
vn -0.30474432760031617 0.23146713857797438 0.9238797857697483
vn -0.30474432760031617 0.23146713857797438 0.9238797857697483
vn -0.30474468989130815 0.2314663672594486 0.9238798595113786
vn -0.30474468989130815 0.2314663672594486 0.9238798595113786
vn -0.30474468989130815 0.2314663672594486 0.9238798595113786
vn -0.316183593660895 0.2155797161773552 -0.9238794948869539
vn -0.316183593660895 0.2155797161773552 -0.9238794948869539
vn -0.316183593660895 0.2155797161773552 -0.9238794948869539
vn -0.316184135528726 0.21557910892930376 -0.9238794511369974
vn -0.316184135528726 0.21557910892930376 -0.9238794511369974
vn -0.316184135528726 0.21557910892930376 -0.9238794511369974
vn -0.7633358369270032 0.5204538194969607 -0.38268292597655384
vn -0.7633358369270032 0.5204538194969607 -0.38268292597655384
vn -0.7633358369270032 0.5204538194969607 -0.38268292597655384
vn -0.7633325539134241 0.5204578693687174 -0.382683966672481
vn -0.7633325539134241 0.5204578693687174 -0.382683966672481
vn -0.7633325539134241 0.5204578693687174 -0.382683966672481
vn -0.8262253831632801 0.5633396987756953 0
vn -0.8262253831632801 0.5633396987756953 0
vn -0.8262253831632801 0.5633396987756953 0
vn -0.8262253831632801 0.5633396987756953 0
vn -0.8262253831632801 0.5633396987756953 0
vn -0.8262253831632801 0.5633396987756953 0
vn -0.7633329777111735 0.5204582314729179 0.38268262885931453
vn -0.7633329777111735 0.5204582314729179 0.38268262885931453
vn -0.7633329777111735 0.5204582314729179 0.38268262885931453
vn -0.7633355671468275 0.5204536789048632 0.38268365531209275
vn -0.7633355671468275 0.5204536789048632 0.38268365531209275
vn -0.7633355671468275 0.5204536789048632 0.38268365531209275
vn -0.31618335281786286 0.21557856713492465 0.9238798454306207
vn -0.31618335281786286 0.21557856713492465 0.9238798454306207
vn -0.31618335281786286 0.21557856713492465 0.9238798454306207
vn -0.3161830233763888 0.21557932599235918 0.923879781104255
vn -0.3161830233763888 0.21557932599235918 0.923879781104255
vn -0.3161830233763888 0.21557932599235918 0.923879781104255
vn -0.329580664537542 0.19448228174675006 -0.9238794443267856
vn -0.329580664537542 0.19448228174675006 -0.9238794443267856
vn -0.329580664537542 0.19448228174675006 -0.9238794443267856
vn -0.3295794445120328 0.19448375806501667 -0.9238795687772556
vn -0.3295794445120328 0.19448375806501667 -0.9238795687772556
vn -0.3295794445120328 0.19448375806501667 -0.9238795687772556
vn -0.7956751433135039 0.46952532825733984 -0.3826839850815192
vn -0.7956751433135039 0.46952532825733984 -0.3826839850815192
vn -0.7956751433135039 0.46952532825733984 -0.3826839850815192
vn -0.7956757154036723 0.46952451482826857 -0.3826837936105122
vn -0.7956757154036723 0.46952451482826857 -0.3826837936105122
vn -0.7956757154036723 0.46952451482826857 -0.3826837936105122
vn -0.8612333562013621 0.508209706879097 0
vn -0.8612333562013621 0.508209706879097 0
vn -0.8612333562013621 0.508209706879097 0
vn -0.8612333562013621 0.508209706879097 0
vn -0.8612333562013621 0.508209706879097 0
vn -0.8612333562013621 0.508209706879097 0
vn -0.7956757933806099 0.46952452029957414 0.3826836247680216
vn -0.7956757933806099 0.46952452029957414 0.3826836247680216
vn -0.7956757933806099 0.46952452029957414 0.3826836247680216
vn -0.7956753368019088 0.46952545612598706 0.38268342589515514
vn -0.7956753368019088 0.46952545612598706 0.38268342589515514
vn -0.7956753368019088 0.46952545612598706 0.38268342589515514
vn -0.3295789138011517 0.19448344852243002 0.9238798232608375
vn -0.3295789138011517 0.19448344852243002 0.9238798232608375
vn -0.3295789138011517 0.19448344852243002 0.9238798232608375
vn -0.3295796287258014 0.19448167508882647 0.9238799415419771
vn -0.3295796287258014 0.19448167508882647 0.9238799415419771
vn -0.3295796287258014 0.19448167508882647 0.9238799415419771
vn -0.3449711859325657 0.16565446842312237 -0.9238795797980014
vn -0.3449711859325657 0.16565446842312237 -0.9238795797980014
vn -0.3449711859325657 0.16565446842312237 -0.9238795797980014
vn -0.3449719811044561 0.16565328667393422 -0.9238794947756932
vn -0.3449719811044561 0.16565328667393422 -0.9238794947756932
vn -0.3449719811044561 0.16565328667393422 -0.9238794947756932
vn -0.8328357339773022 0.39992225174302076 -0.38268372420483254
vn -0.8328357339773022 0.39992225174302076 -0.38268372420483254
vn -0.8328357339773022 0.39992225174302076 -0.38268372420483254
vn -0.8328370317519025 0.39992003987535246 -0.38268321134951444
vn -0.8328370317519025 0.39992003987535246 -0.38268321134951444
vn -0.8328370317519025 0.39992003987535246 -0.38268321134951444
vn -0.9014562177431497 0.4328702894542603 0
vn -0.9014562177431497 0.4328702894542603 0
vn -0.9014562177431497 0.4328702894542603 0
vn -0.9014562177431497 0.4328702894542603 0
vn -0.9014562177431497 0.4328702894542603 0
vn -0.9014562177431497 0.4328702894542603 0
vn -0.832836985422762 0.39992001644779485 0.38268333665881205
vn -0.832836985422762 0.39992001644779485 0.38268333665881205
vn -0.832836985422762 0.39992001644779485 0.38268333665881205
vn -0.8328360506805307 0.3999224395269715 0.3826828387185035
vn -0.8328360506805307 0.3999224395269715 0.3826828387185035
vn -0.8328360506805307 0.3999224395269715 0.3826828387185035
vn -0.3449710588956269 0.1656528553389004 0.9238799164623611
vn -0.3449710588956269 0.1656528553389004 0.9238799164623611
vn -0.3449710588956269 0.1656528553389004 0.9238799164623611
vn -0.34497065181939196 0.16565421622158524 0.9238798244530054
vn -0.34497065181939196 0.16565421622158524 0.9238798244530054
vn -0.34497065181939196 0.16565421622158524 0.9238798244530054
vn -0.36077249043897114 0.12763178346332557 -0.9238795040439166
vn -0.36077249043897114 0.12763178346332557 -0.9238795040439166
vn -0.36077249043897114 0.12763178346332557 -0.9238795040439166
vn -0.36077248632213327 0.12763187141386315 -0.9238794935013662
vn -0.36077248632213327 0.12763187141386315 -0.9238794935013662
vn -0.36077248632213327 0.12763187141386315 -0.9238794935013662
vn -0.8709817038936619 0.3081305660645948 -0.38268319239183446
vn -0.8709817038936619 0.3081305660645948 -0.38268319239183446
vn -0.8709817038936619 0.3081305660645948 -0.38268319239183446
vn -0.8709808998212429 0.30813237367176055 -0.38268356698711864
vn -0.8709808998212429 0.30813237367176055 -0.38268356698711864
vn -0.8709808998212429 0.30813237367176055 -0.38268356698711864
vn -0.9427429858691877 0.3335201082310461 0
vn -0.9427429858691877 0.3335201082310461 0
vn -0.9427429858691877 0.3335201082310461 0
vn -0.9427429858691877 0.3335201082310461 0
vn -0.9427429858691877 0.3335201082310461 0
vn -0.9427429858691877 0.3335201082310461 0
vn -0.8709811737156579 0.3081325054315597 0.38268283751608856
vn -0.8709811737156579 0.3081325054315597 0.38268283751608856
vn -0.8709811737156579 0.3081325054315597 0.38268283751608856
vn -0.8709816840268331 0.30813055903622993 0.38268324326759096
vn -0.8709816840268331 0.30813055903622993 0.38268324326759096
vn -0.8709816840268331 0.30813055903622993 0.38268324326759096
vn -0.36077167954106715 0.1276316024435404 0.923879845704414
vn -0.36077167954106715 0.1276316024435404 0.923879845704414
vn -0.36077167954106715 0.1276316024435404 0.923879845704414
vn -0.360771710267388 0.1276314984623003 0.9238798480706307
vn -0.360771710267388 0.1276314984623003 0.9238798480706307
vn -0.360771710267388 0.1276314984623003 0.9238798480706307
vn -0.37055524913167215 0.09557971288524743 -0.9238794974593483
vn -0.37055524913167215 0.09557971288524743 -0.9238794974593483
vn -0.37055524913167215 0.09557971288524743 -0.9238794974593483
vn -0.3705551958642407 0.0955797666739107 -0.9238795132594806
vn -0.3705551958642407 0.0955797666739107 -0.9238795132594806
vn -0.3705551958642407 0.0955797666739107 -0.9238795132594806
vn -0.8945991986943339 0.23074993475678277 -0.3826836046987069
vn -0.8945991986943339 0.23074993475678277 -0.3826836046987069
vn -0.8945991986943339 0.23074993475678277 -0.3826836046987069
vn -0.8945996127921388 0.23074872695417528 -0.3826833649391921
vn -0.8945996127921388 0.23074872695417528 -0.3826833649391921
vn -0.8945996127921388 0.23074872695417528 -0.3826833649391921
vn -0.9683076180795853 0.2497605989123183 0
vn -0.9683076180795853 0.2497605989123183 0
vn -0.9683076180795853 0.2497605989123183 0
vn -0.9683076180795853 0.2497605989123183 0
vn -0.9683076180795853 0.2497605989123183 0
vn -0.9683076180795853 0.2497605989123183 0
vn -0.8945996655057815 0.23074872517674347 0.3826832427821365
vn -0.8945996655057815 0.23074872517674347 0.3826832427821365
vn -0.8945996655057815 0.23074872517674347 0.3826832427821365
vn -0.8945994513347562 0.2307499831286009 0.3826829849336179
vn -0.8945994513347562 0.2307499831286009 0.3826829849336179
vn -0.8945994513347562 0.2307499831286009 0.3826829849336179
vn -0.37055438664592105 0.09557955688259387 0.9238798595291448
vn -0.37055438664592105 0.09557955688259387 0.9238798595291448
vn -0.37055438664592105 0.09557955688259387 0.9238798595291448
vn -0.3705544139393515 0.0955795115319756 0.9238798532738836
vn -0.3705544139393515 0.0955795115319756 0.9238798532738836
vn -0.3705544139393515 0.0955795115319756 0.9238798532738836
vn -0.3760704768900352 0.07083519685153938 -0.9238795220691416
vn -0.3760704768900352 0.07083519685153938 -0.9238795220691416
vn -0.3760704768900352 0.07083519685153938 -0.9238795220691416
vn -0.3760702867781441 0.07083579076994047 -0.9238795539184756
vn -0.3760702867781441 0.07083579076994047 -0.9238795539184756
vn -0.3760702867781441 0.07083579076994047 -0.9238795539184756
vn -0.9079141503288498 0.17101275707019994 -0.38268333194939563
vn -0.9079141503288498 0.17101275707019994 -0.38268333194939563
vn -0.9079141503288498 0.17101275707019994 -0.38268333194939563
vn -0.9079139306312178 0.1710135056545034 -0.3826835186541603
vn -0.9079139306312178 0.1710135056545034 -0.3826835186541603
vn -0.9079139306312178 0.1710135056545034 -0.3826835186541603
vn -0.9827189966845885 0.1851036832568052 0
vn -0.9827189966845885 0.1851036832568052 0
vn -0.9827189966845885 0.1851036832568052 0
vn -0.9827189966845885 0.1851036832568052 0
vn -0.9827189966845885 0.1851036832568052 0
vn -0.9827189966845885 0.1851036832568052 0
vn -0.9079141439207993 0.17101353072356026 0.38268300142288003
vn -0.9079141439207993 0.17101353072356026 0.38268300142288003
vn -0.9079141439207993 0.17101353072356026 0.38268300142288003
vn -0.9079142206150187 0.17101277398331008 0.38268315763769467
vn -0.9079142206150187 0.17101277398331008 0.38268315763769467
vn -0.9079142206150187 0.17101277398331008 0.38268315763769467
vn -0.37606952173003944 0.07083565105712868 0.9238798760472339
vn -0.37606952173003944 0.07083565105712868 0.9238798760472339
vn -0.37606952173003944 0.07083565105712868 0.9238798760472339
vn -0.3760695434787171 0.0708350162408145 0.9238799158667066
vn -0.3760695434787171 0.0708350162408145 0.9238799158667066
vn -0.3760695434787171 0.0708350162408145 0.9238799158667066
vn -0.37921583050752194 0.051399733055604524 -0.9238795491482117
vn -0.37921583050752194 0.051399733055604524 -0.9238795491482117
vn -0.37921583050752194 0.051399733055604524 -0.9238795491482117
vn -0.3792158047004645 0.05139974849829247 -0.9238795588818335
vn -0.3792158047004645 0.05139974849829247 -0.9238795588818335
vn -0.3792158047004645 0.05139974849829247 -0.9238795588818335
vn -0.9155080424182472 0.1240899875190005 -0.38268354977062075
vn -0.9155080424182472 0.1240899875190005 -0.38268354977062075
vn -0.9155080424182472 0.1240899875190005 -0.38268354977062075
vn -0.91550825199462 0.12408902993536726 -0.38268335890061234
vn -0.91550825199462 0.12408902993536726 -0.38268335890061234
vn -0.91550825199462 0.12408902993536726 -0.38268335890061234
vn -0.9909389595263758 0.1343129870592701 0
vn -0.9909389595263758 0.1343129870592701 0
vn -0.9909389595263758 0.1343129870592701 0
vn -0.9909389595263758 0.1343129870592701 0
vn -0.9909389595263758 0.1343129870592701 0
vn -0.9909389595263758 0.1343129870592701 0
vn -0.9155083234422972 0.12408903899116593 0.3826831850370787
vn -0.9155083234422972 0.12408903899116593 0.3826831850370787
vn -0.9155083234422972 0.12408903899116593 0.3826831850370787
vn -0.9155082760027863 0.12409001666610638 0.38268298150585617
vn -0.9155082760027863 0.12409001666610638 0.38268298150585617
vn -0.9155082760027863 0.12409001666610638 0.38268298150585617
vn -0.37921496711875036 0.051399636317140805 0.9238799089165165
vn -0.37921496711875036 0.051399636317140805 0.9238799089165165
vn -0.37921496711875036 0.051399636317140805 0.9238799089165165
vn -0.37921499292582517 0.05139962087445536 0.9238798991829126
vn -0.37921499292582517 0.05139962087445536 0.9238798991829126
vn -0.37921499292582517 0.05139962087445536 0.9238798991829126
vn -0.38100075303829095 0.035846847647622714 -0.9238795536746027
vn -0.38100075303829095 0.035846847647622714 -0.9238795536746027
vn -0.38100075303829095 0.035846847647622714 -0.9238795536746027
vn -0.38100088141861504 0.03584644617913128 -0.9238795163085743
vn -0.38100088141861504 0.03584644617913128 -0.9238795163085743
vn -0.38100088141861504 0.03584644617913128 -0.9238795163085743
vn -0.9198174414367887 0.0865409740908771 -0.38268333414467093
vn -0.9198174414367887 0.0865409740908771 -0.38268333414467093
vn -0.9198174414367887 0.0865409740908771 -0.38268333414467093
vn -0.9198171657005687 0.08654241414982947 -0.3826836712425704
vn -0.9198171657005687 0.08654241414982947 -0.3826836712425704
vn -0.9198171657005687 0.08654241414982947 -0.3826836712425704
vn -0.995603032627126 0.0936728425087526 0
vn -0.995603032627126 0.0936728425087526 0
vn -0.995603032627126 0.0936728425087526 0
vn -0.995603032627126 0.0936728425087526 0
vn -0.995603032627126 0.0936728425087526 0
vn -0.995603032627126 0.0936728425087526 0
vn -0.9198174399931199 0.08654244171941497 0.3826830057184995
vn -0.9198174399931199 0.08654244171941497 0.3826830057184995
vn -0.9198174399931199 0.08654244171941497 0.3826830057184995
vn -0.9198174519271703 0.0865409750778641 0.3826833087067951
vn -0.9198174519271703 0.0865409750778641 0.3826833087067951
vn -0.9198174519271703 0.0865409750778641 0.3826833087067951
vn -0.380999971438241 0.03584635900049693 0.9238798949595489
vn -0.380999971438241 0.03584635900049693 0.9238798949595489
vn -0.380999971438241 0.03584635900049693 0.9238798949595489
vn -0.3810000122476653 0.03584677354332266 0.9238798620458251
vn -0.3810000122476653 0.03584677354332266 0.9238798620458251
vn -0.3810000122476653 0.03584677354332266 0.9238798620458251
vn -0.38198089907868704 0.02317845281292127 -0.9238795116595221
vn -0.38198089907868704 0.02317845281292127 -0.9238795116595221
vn -0.38198089907868704 0.02317845281292127 -0.9238795116595221
vn -0.3819807719406197 0.02317893661953867 -0.9238795520871946
vn -0.3819807719406197 0.02317893661953867 -0.9238795520871946
vn -0.3819807719406197 0.02317893661953867 -0.9238795520871946
vn -0.9221832045242883 0.05595890737806784 -0.3826836003519973
vn -0.9221832045242883 0.05595890737806784 -0.3826836003519973
vn -0.9221832045242883 0.05595890737806784 -0.3826836003519973
vn -0.9221833941720623 0.05595758555741942 -0.38268333662687587
vn -0.9221833941720623 0.05595758555741942 -0.38268333662687587
vn -0.9221833941720623 0.05595758555741942 -0.38268333662687587
vn -0.9981640700964682 0.06056805402563853 0
vn -0.9981640700964682 0.06056805402563853 0
vn -0.9981640700964682 0.06056805402563853 0
vn -0.9981640700964682 0.06056805402563853 0
vn -0.9981640700964682 0.06056805402563853 0
vn -0.9981640700964682 0.06056805402563853 0
vn -0.9221834344474464 0.05595758810982072 0.38268323919874525
vn -0.9221834344474464 0.05595758810982072 0.38268323919874525
vn -0.9221834344474464 0.05595758810982072 0.38268323919874525
vn -0.9221834709917008 0.05595892025596715 0.38268295634047456
vn -0.9221834709917008 0.05595892025596715 0.38268295634047456
vn -0.9221834709917008 0.05595892025596715 0.38268295634047456
vn -0.38198003083198345 0.02317889029306451 0.9238798596627049
vn -0.38198003083198345 0.02317889029306451 0.9238798596627049
vn -0.38198003083198345 0.02317889029306451 0.9238798596627049
vn -0.3819799378223014 0.02317839461084462 0.9238799105536036
vn -0.3819799378223014 0.02317839461084462 0.9238799105536036
vn -0.3819799378223014 0.02317839461084462 0.9238799105536036
vn -0.3824728120979604 0.012692682410819264 -0.923879561316894
vn -0.3824728120979604 0.012692682410819264 -0.923879561316894
vn -0.3824728120979604 0.012692682410819264 -0.923879561316894
vn -0.3824728382956725 0.012692526760329172 -0.9238795526098034
vn -0.3824728382956725 0.012692526760329172 -0.9238795526098034
vn -0.3824728382956725 0.012692526760329172 -0.9238795526098034
vn -0.9233712785204908 0.03064247483752798 -0.38268331651545184
vn -0.9233712785204908 0.03064247483752798 -0.38268331651545184
vn -0.9233712785204908 0.03064247483752798 -0.38268331651545184
vn -0.9233712664612073 0.03064252845404542 -0.38268334131990783
vn -0.9233712664612073 0.03064252845404542 -0.38268334131990783
vn -0.9233712664612073 0.03064252845404542 -0.38268334131990783
vn -0.9994498159860843 0.03316723270612897 0
vn -0.9994498159860843 0.03316723270612897 0
vn -0.9994498159860843 0.03316723270612897 0
vn -0.9994498159860843 0.03316723270612897 0
vn -0.9994498159860843 0.03316723270612897 0
vn -0.9994498159860843 0.03316723270612897 0
vn -0.9233714190285609 0.03064253317097522 0.3826829728143749
vn -0.9233714190285609 0.03064253317097522 0.3826829728143749
vn -0.9233714190285609 0.03064253317097522 0.3826829728143749
vn -0.923371409973325 0.030642480716409966 0.3826829988638355
vn -0.923371409973325 0.030642480716409966 0.3826829988638355
vn -0.923371409973325 0.030642480716409966 0.3826829988638355
vn -0.3824719742271117 0.01269249789592624 0.9238799107178255
vn -0.3824719742271117 0.01269249789592624 0.9238799107178255
vn -0.3824719742271117 0.01269249789592624 0.9238799107178255
vn -0.38247199890573086 0.012692655119405134 0.9238798983412696
vn -0.38247199890573086 0.012692655119405134 0.9238798983412696
vn -0.38247199890573086 0.012692655119405134 0.9238798983412696
vn -0.3826636779730932 0.0038888585917040037 -0.9238795302088679
vn -0.3826636779730932 0.0038888585917040037 -0.9238795302088679
vn -0.3826636779730932 0.0038888585917040037 -0.9238795302088679
vn -0.38266367799492146 0.0038888439235948724 -0.9238795302615689
vn -0.38266367799492146 0.0038888439235948724 -0.9238795302615689
vn -0.38266367799492146 0.0038888439235948724 -0.9238795302615689
vn -0.9238318397451379 0.009388500088950218 -0.3826834043164053
vn -0.9238318397451379 0.009388500088950218 -0.3826834043164053
vn -0.9238318397451379 0.009388500088950218 -0.3826834043164053
vn -0.923831816467552 0.009388754103452029 -0.382683454278661
vn -0.923831816467552 0.009388754103452029 -0.382683454278661
vn -0.923831816467552 0.009388754103452029 -0.382683454278661
vn -0.9999483623518618 0.010162314196558265 0
vn -0.9999483623518618 0.010162314196558265 0
vn -0.9999483623518618 0.010162314196558265 0
vn -0.9999483623518618 0.010162314196558265 0
vn -0.9999483623518618 0.010162314196558265 0
vn -0.9999483623518618 0.010162314196558265 0
vn -0.9238319901601184 0.00938875591404954 0.38268303492470274
vn -0.9238319901601184 0.00938875591404954 0.38268303492470274
vn -0.9238319901601184 0.00938875591404954 0.38268303492470274
vn -0.9238319625589135 0.009388501988226204 0.3826831077862768
vn -0.9238319625589135 0.009388501988226204 0.3826831077862768
vn -0.9238319625589135 0.009388501988226204 0.3826831077862768
vn -0.3826628138621377 0.0038888353102285917 0.9238798882143938
vn -0.3826628138621377 0.0038888353102285917 0.9238798882143938
vn -0.3826628138621377 0.0038888353102285917 0.9238798882143938
vn -0.38266283927865347 0.0038888499339883474 0.9238798776255441
vn -0.38266283927865347 0.0038888499339883474 0.9238798776255441
vn -0.38266283927865347 0.0038888499339883474 0.9238798776255441
vn -0.3826834159879129 0 -0.9238795392949354
vn -0.3826834159879129 0 -0.9238795392949354
vn -0.3826834159879129 0 -0.9238795392949354
vn -0.38268346249921037 0 -0.9238795200293247
vn -0.38268346249921037 0 -0.9238795200293247
vn -0.38268346249921037 0 -0.9238795200293247
vn -0.9238795200293247 0 -0.38268346249921037
vn -0.9238795200293247 0 -0.38268346249921037
vn -0.9238795200293247 0 -0.38268346249921037
vn -0.9238795392949354 0 -0.3826834159879129
vn -0.9238795392949354 0 -0.3826834159879129
vn -0.9238795392949354 0 -0.3826834159879129
vn -1 0 0
vn -1 0 0
vn -1 0 0
vn -1 0 0
vn -1 0 0
vn -1 0 0
vn -0.9238796726565017 0 0.3826830940244355
vn -0.9238796726565017 0 0.3826830940244355
vn -0.9238796726565017 0 0.3826830940244355
vn -0.9238796831932059 0 0.3826830685865544
vn -0.9238796831932059 0 0.3826830685865544
vn -0.9238796831932059 0 0.3826830685865544
vn -0.3826825983601677 0 0.9238798779669956
vn -0.3826825983601677 0 0.9238798779669956
vn -0.3826825983601677 0 0.9238798779669956
vn -0.38268257292227453 0 0.9238798885036886
vn -0.38268257292227453 0 0.9238798885036886
vn -0.38268257292227453 0 0.9238798885036886
vn -0.3826610049470818 -0.004141352964153445 -0.9238795400313374
vn -0.3826610049470818 -0.004141352964153445 -0.9238795400313374
vn -0.3826610049470818 -0.004141352964153445 -0.9238795400313374
vn -0.38266105149381585 -0.00414133032796653 -0.9238795208536457
vn -0.38266105149381585 -0.00414133032796653 -0.9238795208536457
vn -0.38266105149381585 -0.00414133032796653 -0.9238795208536457
vn -0.9238254360937953 -0.00999805510246678 -0.38268342336750966
vn -0.9238254360937953 -0.00999805510246678 -0.38268342336750966
vn -0.9238254360937953 -0.00999805510246678 -0.38268342336750966
vn -0.9238254825686306 -0.009998531797518048 -0.3826832987193597
vn -0.9238254825686306 -0.009998531797518048 -0.3826832987193597
vn -0.9238254825686306 -0.009998531797518048 -0.3826832987193597
vn -0.9999414368519705 -0.010822331838236075 0
vn -0.9999414368519705 -0.010822331838236075 0
vn -0.9999414368519705 -0.010822331838236075 0
vn -0.9999414368519705 -0.010822331838236075 0
vn -0.9999414368519705 -0.010822331838236075 0
vn -0.9999414368519705 -0.010822331838236075 0
vn -0.9238255755835889 -0.009998533090439316 0.38268307414058655
vn -0.9238255755835889 -0.009998533090439316 0.38268307414058655
vn -0.9238255755835889 -0.009998533090439316 0.38268307414058655
vn -0.9238256308585597 -0.009998057137738998 0.38268295313778283
vn -0.9238256308585597 -0.009998057137738998 0.38268295313778283
vn -0.9238256308585597 -0.009998057137738998 0.38268295313778283
vn -0.3826601873621119 -0.004141321016208799 0.923879878809055
vn -0.3826601873621119 -0.004141321016208799 0.923879878809055
vn -0.3826601873621119 -0.004141321016208799 0.923879878809055
vn -0.3826601408153977 -0.004141343652395935 0.9238798979866879
vn -0.3826601408153977 -0.004141343652395935 0.9238798979866879
vn -0.3826601408153977 -0.004141343652395935 0.9238798979866879
vn -0.3824463990631757 -0.013466422121825142 -0.9238795415631017
vn -0.3824463990631757 -0.013466422121825142 -0.9238795415631017
vn -0.3824463990631757 -0.013466422121825142 -0.9238795415631017
vn -0.38244639877058956 -0.013466478922198457 -0.9238795408562986
vn -0.38244639877058956 -0.013466478922198457 -0.9238795408562986
vn -0.38244639877058956 -0.013466478922198457 -0.9238795408562986
vn -0.9233073991203424 -0.03251095791819825 -0.382683268963865
vn -0.9233073991203424 -0.03251095791819825 -0.382683268963865
vn -0.9233073991203424 -0.03251095791819825 -0.382683268963865
vn -0.9233073717094321 -0.03251052691810468 -0.3826833717141726
vn -0.9233073717094321 -0.03251052691810468 -0.3826833717141726
vn -0.9233073717094321 -0.03251052691810468 -0.3826833717141726
vn -0.9993806703801871 -0.03518914137127915 0
vn -0.9993806703801871 -0.03518914137127915 0
vn -0.9993806703801871 -0.03518914137127915 0
vn -0.9993806703801871 -0.03518914137127915 0
vn -0.9993806703801871 -0.03518914137127915 0
vn -0.9993806703801871 -0.03518914137127915 0
vn -0.9233075558141395 -0.032510534554978425 0.3826829268721944
vn -0.9233075558141395 -0.032510534554978425 0.3826829268721944
vn -0.9233075558141395 -0.032510534554978425 0.3826829268721944
vn -0.923307492041843 -0.03251096281662213 0.3826830443541211
vn -0.923307492041843 -0.03251096281662213 0.3826830443541211
vn -0.923307492041843 -0.03251096281662213 0.3826830443541211
vn -0.382445534711427 -0.01346644819588405 0.9238798989870265
vn -0.382445534711427 -0.01346644819588405 0.9238798989870265
vn -0.382445534711427 -0.01346644819588405 0.9238798989870265
vn -0.38244560694134655 -0.013466393692405432 0.9238798698814615
vn -0.38244560694134655 -0.013466393692405432 0.9238798698814615
vn -0.38244560694134655 -0.013466393692405432 0.9238798698814615
vn -0.38189958457009116 -0.024480740785761904 -0.9238795379462477
vn -0.38189958457009116 -0.024480740785761904 -0.9238795379462477
vn -0.38189958457009116 -0.024480740785761904 -0.9238795379462477
vn -0.3818996048863675 -0.024480818456540255 -0.923879527490102
vn -0.3818996048863675 -0.024480818456540255 -0.923879527490102
vn -0.3818996048863675 -0.024480818456540255 -0.923879527490102
vn -0.9219871996179474 -0.059101922092631154 -0.38268337636434047
vn -0.9219871996179474 -0.059101922092631154 -0.38268337636434047
vn -0.9219871996179474 -0.059101922092631154 -0.38268337636434047
vn -0.9219871843121643 -0.05910162308826167 -0.3826834594184342
vn -0.9219871843121643 -0.05910162308826167 -0.3826834594184342
vn -0.9219871843121643 -0.05910162308826167 -0.3826834594184342
vn -0.9979517494533932 -0.06397113226223197 0
vn -0.9979517494533932 -0.06397113226223197 0
vn -0.9979517494533932 -0.06397113226223197 0
vn -0.9979517494533932 -0.06397113226223197 0
vn -0.9979517494533932 -0.06397113226223197 0
vn -0.9979517494533932 -0.06397113226223197 0
vn -0.9219873684443302 -0.05910163087975379 0.38268301459099574
vn -0.9219873684443302 -0.05910163087975379 0.38268301459099574
vn -0.9219873684443302 -0.05910163087975379 0.38268301459099574
vn -0.9219873115192759 -0.05910193280004166 0.38268310511016435
vn -0.9219873115192759 -0.05910193280004166 0.38268310511016435
vn -0.9219873115192759 -0.05910193280004166 0.38268310511016435
vn -0.3818987199631233 -0.024480763115731025 0.9238798947524508
vn -0.3818987199631233 -0.024480763115731025 0.9238798947524508
vn -0.3818987199631233 -0.024480763115731025 0.9238798947524508
vn -0.38189874168991067 -0.024480690002670072 0.9238798877087087
vn -0.38189874168991067 -0.024480690002670072 0.9238798877087087
vn -0.38189874168991067 -0.024480690002670072 0.9238798877087087
vn -0.38082663105376197 -0.03765234810752791 -0.9238795255671767
vn -0.38082663105376197 -0.03765234810752791 -0.9238795255671767
vn -0.38082663105376197 -0.03765234810752791 -0.9238795255671767
vn -0.38082661131117734 -0.037652260473903174 -0.9238795372766142
vn -0.38082661131117734 -0.037652260473903174 -0.9238795372766142
vn -0.38082661131117734 -0.037652260473903174 -0.9238795372766142
vn -0.9193967727427104 -0.0909006014062587 -0.38268349184968714
vn -0.9193967727427104 -0.0909006014062587 -0.38268349184968714
vn -0.9193967727427104 -0.0909006014062587 -0.38268349184968714
vn -0.9193967612349322 -0.0909011143585496 -0.38268339765279996
vn -0.9193967612349322 -0.0909011143585496 -0.38268339765279996
vn -0.9193967612349322 -0.0909011143585496 -0.38268339765279996
vn -0.9951478689200525 -0.09839064479857022 0
vn -0.9951478689200525 -0.09839064479857022 0
vn -0.9951478689200525 -0.09839064479857022 0
vn -0.9951478689200525 -0.09839064479857022 0
vn -0.9951478689200525 -0.09839064479857022 0
vn -0.9951478689200525 -0.09839064479857022 0
vn -0.9193968734253093 -0.09090112111516761 0.3826831265103958
vn -0.9193968734253093 -0.09090112111516761 0.3826831265103958
vn -0.9193968734253093 -0.09090112111516761 0.3826831265103958
vn -0.9193969761522837 -0.09090061284608568 0.38268300044063003
vn -0.9193969761522837 -0.09090061284608568 0.38268300044063003
vn -0.9193969761522837 -0.09090061284608568 0.38268300044063003
vn -0.3808257941334232 -0.03765218395199661 0.9238798772385363
vn -0.3808257941334232 -0.03765218395199661 0.9238798772385363
vn -0.3808257941334232 -0.03765218395199661 0.9238798772385363
vn -0.3808257929582556 -0.03765226579219566 0.9238798743875903
vn -0.3808257929582556 -0.03765226579219566 0.9238798743875903
vn -0.3808257929582556 -0.03765226579219566 0.9238798743875903
vn -0.3789084619081839 -0.0536191174696754 -0.9238795201410991
vn -0.3789084619081839 -0.0536191174696754 -0.9238795201410991
vn -0.3789084619081839 -0.0536191174696754 -0.9238795201410991
vn -0.37890841408105447 -0.05361918569950876 -0.9238795357964704
vn -0.37890841408105447 -0.05361918569950876 -0.9238795357964704
vn -0.37890841408105447 -0.05361918569950876 -0.9238795357964704
vn -0.9147658907914831 -0.12944817491781915 -0.382683335219748
vn -0.9147658907914831 -0.12944817491781915 -0.382683335219748
vn -0.9147658907914831 -0.12944817491781915 -0.382683335219748
vn -0.9147658784398549 -0.12944827747807147 -0.38268333005256555
vn -0.9147658784398549 -0.12944827747807147 -0.38268333005256555
vn -0.9147658784398549 -0.12944827747807147 -0.38268333005256555
vn -0.9901354088710137 -0.14011378269046454 0
vn -0.9901354088710137 -0.14011378269046454 0
vn -0.9901354088710137 -0.14011378269046454 0
vn -0.9901354088710137 -0.14011378269046454 0
vn -0.9901354088710137 -0.14011378269046454 0
vn -0.9901354088710137 -0.14011378269046454 0
vn -0.9147660108911035 -0.12944829425309878 0.38268300776666403
vn -0.9147660108911035 -0.12944829425309878 0.38268300776666403
vn -0.9147660108911035 -0.12944829425309878 0.38268300776666403
vn -0.9147660336754977 -0.12944819316918169 0.38268298749595936
vn -0.9147660336754977 -0.12944819316918169 0.38268298749595936
vn -0.9147660336754977 -0.12944819316918169 0.38268298749595936
vn -0.37890755127785103 -0.05361905924682945 0.9238798969942509
vn -0.37890755127785103 -0.05361905924682945 0.9238798969942509
vn -0.37890755127785103 -0.05361905924682945 0.9238798969942509
vn -0.3789075989535833 -0.05361899844615221 0.9238798809698489
vn -0.3789075989535833 -0.05361899844615221 0.9238798809698489
vn -0.3789075989535833 -0.05361899844615221 0.9238798809698489
vn -0.37560628674675517 -0.07325654993749532 -0.9238795350301735
vn -0.37560628674675517 -0.07325654993749532 -0.9238795350301735
vn -0.37560628674675517 -0.07325654993749532 -0.9238795350301735
vn -0.375606278962545 -0.07325665853993964 -0.9238795295835238
vn -0.375606278962545 -0.07325665853993964 -0.9238795295835238
vn -0.375606278962545 -0.07325665853993964 -0.9238795295835238
vn -0.90679381274735 -0.17685721423944975 -0.38268329847876204
vn -0.90679381274735 -0.17685721423944975 -0.38268329847876204
vn -0.90679381274735 -0.17685721423944975 -0.38268329847876204
vn -0.9067939197950973 -0.17685629962052868 -0.38268346751222027
vn -0.9067939197950973 -0.17685629962052868 -0.38268346751222027
vn -0.9067939197950973 -0.17685629962052868 -0.38268346751222027
vn -0.9815066844088421 -0.19142786751348884 0
vn -0.9815066844088421 -0.19142786751348884 0
vn -0.9815066844088421 -0.19142786751348884 0
vn -0.9815066844088421 -0.19142786751348884 0
vn -0.9815066844088421 -0.19142786751348884 0
vn -0.9815066844088421 -0.19142786751348884 0
vn -0.9067941331999028 -0.17685632454429664 0.3826829503164723
vn -0.9067941331999028 -0.17685632454429664 0.3826829503164723
vn -0.9067941331999028 -0.17685632454429664 0.3826829503164723
vn -0.906793870270324 -0.17685724363577146 0.3826831485886518
vn -0.906793870270324 -0.17685724363577146 0.3826831485886518
vn -0.906793870270324 -0.17685724363577146 0.3826831485886518
vn -0.3756054426316801 -0.07325649426326132 0.923879882622041
vn -0.3756054426316801 -0.07325649426326132 0.923879882622041
vn -0.3756054426316801 -0.07325649426326132 0.923879882622041
vn -0.3756054710995999 -0.07325638969487465 0.9238798793397983
vn -0.3756054710995999 -0.07325638969487465 0.9238798793397983
vn -0.3756054710995999 -0.07325638969487465 0.9238798793397983
vn -0.3699858526132634 -0.0977604846657285 -0.9238795140622822
vn -0.3699858526132634 -0.0977604846657285 -0.9238795140622822
vn -0.3699858526132634 -0.0977604846657285 -0.9238795140622822
vn -0.3699858509963381 -0.09776052894197602 -0.9238795100247112
vn -0.3699858509963381 -0.09776052894197602 -0.9238795100247112
vn -0.3699858509963381 -0.09776052894197602 -0.9238795100247112
vn -0.893224699384756 -0.23601476404176117 -0.38268350835033893
vn -0.893224699384756 -0.23601476404176117 -0.38268350835033893
vn -0.893224699384756 -0.23601476404176117 -0.38268350835033893
vn -0.893224584859979 -0.2360154358317836 -0.38268336134571007
vn -0.893224584859979 -0.2360154358317836 -0.38268336134571007
vn -0.893224584859979 -0.2360154358317836 -0.38268336134571007
vn -0.9668192883907085 -0.2554612761177005 0
vn -0.9668192883907085 -0.2554612761177005 0
vn -0.9668192883907085 -0.2554612761177005 0
vn -0.9668192883907085 -0.2554612761177005 0
vn -0.9668192883907085 -0.2554612761177005 0
vn -0.9668192883907085 -0.2554612761177005 0
vn -0.8932246650773082 -0.2360154561794045 0.382683161560524
vn -0.8932246650773082 -0.2360154561794045 0.382683161560524
vn -0.8932246650773082 -0.2360154561794045 0.382683161560524
vn -0.8932249024297512 -0.23601480024660237 0.38268301209214656
vn -0.8932249024297512 -0.23601480024660237 0.38268301209214656
vn -0.8932249024297512 -0.23601480024660237 0.38268301209214656
vn -0.36998499087738435 -0.09776030652067941 0.923879878011446
vn -0.36998499087738435 -0.09776030652067941 0.923879878011446
vn -0.36998499087738435 -0.09776030652067941 0.923879878011446
vn -0.3699850179475314 -0.0977602685458594 0.9238798711890015
vn -0.3699850179475314 -0.0977602685458594 0.9238798711890015
vn -0.3699850179475314 -0.0977602685458594 0.9238798711890015
vn -0.3603890846771261 -0.1287103895134252 -0.9238795069038417
vn -0.3603890846771261 -0.1287103895134252 -0.9238795069038417
vn -0.3603890846771261 -0.1287103895134252 -0.9238795069038417
vn -0.3603891982793809 -0.12870974676099006 -0.9238795521345122
vn -0.3603891982793809 -0.12870974676099006 -0.9238795521345122
vn -0.3603891982793809 -0.12870974676099006 -0.9238795521345122
vn -0.8700565886265781 -0.31073287809767 -0.3826834345207799
vn -0.8700565886265781 -0.31073287809767 -0.3826834345207799
vn -0.8700565886265781 -0.31073287809767 -0.3826834345207799
vn -0.8700562671086285 -0.31073412140427353 -0.3826831559660199
vn -0.8700562671086285 -0.31073412140427353 -0.3826831559660199
vn -0.8700562671086285 -0.31073412140427353 -0.3826831559660199
vn -0.9417420046427765 -0.3363361364638132 0
vn -0.9417420046427765 -0.3363361364638132 0
vn -0.9417420046427765 -0.3363361364638132 0
vn -0.9417420046427765 -0.3363361364638132 0
vn -0.9417420046427765 -0.3363361364638132 0
vn -0.9417420046427765 -0.3363361364638132 0
vn -0.8700563113612513 -0.3107341159214136 0.38268305980666417
vn -0.8700563113612513 -0.3107341159214136 0.38268305980666417
vn -0.8700563113612513 -0.3107341159214136 0.38268305980666417
vn -0.8700568533122945 -0.3107329257961249 0.3826827940089394
vn -0.8700568533122945 -0.3107329257961249 0.3826827940089394
vn -0.8700568533122945 -0.3107329257961249 0.3826827940089394
vn -0.36038846320250556 -0.12870948210477837 0.9238798757451404
vn -0.36038846320250556 -0.12870948210477837 0.9238798757451404
vn -0.36038846320250556 -0.12870948210477837 0.9238798757451404
vn -0.3603881570840495 -0.12871006035892082 0.923879914597111
vn -0.3603881570840495 -0.12871006035892082 0.923879914597111
vn -0.3603881570840495 -0.12871006035892082 0.923879914597111
vn -0.3456035852913737 -0.16433110835457448 -0.9238795639371538
vn -0.3456035852913737 -0.16433110835457448 -0.9238795639371538
vn -0.3456035852913737 -0.16433110835457448 -0.9238795639371538
vn -0.3456031641443386 -0.16433238799310404 -0.9238794938680612
vn -0.3456031641443386 -0.16433238799310404 -0.9238794938680612
vn -0.3456031641443386 -0.16433238799310404 -0.9238794938680612
vn -0.8343598067921966 -0.39673345431569224 -0.3826830007152485
vn -0.8343598067921966 -0.39673345431569224 -0.3826830007152485
vn -0.8343598067921966 -0.39673345431569224 -0.3826830007152485
vn -0.834361363086556 -0.3967293447209764 -0.3826838679976057
vn -0.834361363086556 -0.3967293447209764 -0.3826838679976057
vn -0.834361363086556 -0.3967293447209764 -0.3826838679976057
vn -0.9031063922053177 -0.4294168654790992 0
vn -0.9031063922053177 -0.4294168654790992 0
vn -0.9031063922053177 -0.4294168654790992 0
vn -0.9031063922053177 -0.4294168654790992 0
vn -0.9031063922053177 -0.4294168654790992 0
vn -0.9031063922053177 -0.4294168654790992 0
vn -0.8343617725377162 -0.39672957943960957 0.38268273194042995
vn -0.8343617725377162 -0.39672957943960957 0.38268273194042995
vn -0.8343617725377162 -0.39672957943960957 0.38268273194042995
vn -0.8343595736305562 -0.3967333674083699 0.382683599172805
vn -0.8343595736305562 -0.3967333674083699 0.382683599172805
vn -0.8343595736305562 -0.3967333674083699 0.382683599172805
vn -0.34560226733923016 -0.1643319694599054 0.9238799037880475
vn -0.34560226733923016 -0.1643319694599054 0.9238799037880475
vn -0.34560226733923016 -0.1643319694599054 0.9238799037880475
vn -0.3456030257874613 -0.16433084333857806 0.9238798203739398
vn -0.3456030257874613 -0.16433084333857806 0.9238798203739398
vn -0.3456030257874613 -0.16433084333857806 0.9238798203739398
vn -0.3318136985819106 -0.19064735194195184 -0.9238794600113774
vn -0.3318136985819106 -0.19064735194195184 -0.9238794600113774
vn -0.3318136985819106 -0.19064735194195184 -0.9238794600113774
vn -0.3318141343219304 -0.19064616826067682 -0.9238795477721703
vn -0.3318141343219304 -0.19064616826067682 -0.9238795477721703
vn -0.3318141343219304 -0.19064616826067682 -0.9238795477721703
vn -0.8010700784393718 -0.4602604418371418 -0.38268401470275404
vn -0.8010700784393718 -0.4602604418371418 -0.38268401470275404
vn -0.8010700784393718 -0.4602604418371418 -0.38268401470275404
vn -0.8010677089484445 -0.46026542726800995 -0.38268297864144224
vn -0.8010677089484445 -0.46026542726800995 -0.38268297864144224
vn -0.8010677089484445 -0.46026542726800995 -0.38268297864144224
vn -0.867069288997443 -0.4981875631501343 0
vn -0.867069288997443 -0.4981875631501343 0
vn -0.867069288997443 -0.4981875631501343 0
vn -0.867069288997443 -0.4981875631501343 0
vn -0.867069288997443 -0.4981875631501343 0
vn -0.867069288997443 -0.4981875631501343 0
vn -0.8010674866092219 -0.4602652874950325 0.3826836121715946
vn -0.8010674866092219 -0.4602652874950325 0.3826836121715946
vn -0.8010674866092219 -0.4602652874950325 0.3826836121715946
vn -0.8010705669461745 -0.4602607763675641 0.38268258976606395
vn -0.8010705669461745 -0.4602607763675641 0.38268258976606395
vn -0.8010705669461745 -0.4602607763675641 0.38268258976606395
vn -0.3318135790134087 -0.19064583181709782 0.9238798166390904
vn -0.3318135790134087 -0.19064583181709782 0.9238798166390904
vn -0.3318135790134087 -0.19064583181709782 0.9238798166390904
vn -0.33181276418607847 -0.1906468094535575 0.9238799075466317
vn -0.33181276418607847 -0.1906468094535575 0.9238799075466317
vn -0.33181276418607847 -0.1906468094535575 0.9238799075466317
vn -0.3201599997333649 -0.20962856593214566 -0.9238795586633379
vn -0.3201599997333649 -0.20962856593214566 -0.9238795586633379
vn -0.3201599997333649 -0.20962856593214566 -0.9238795586633379
vn -0.3201597941280202 -0.20962910434538168 -0.9238795077472262
vn -0.3201597941280202 -0.20962910434538168 -0.9238795077472262
vn -0.3201597941280202 -0.20962910434538168 -0.9238795077472262
vn -0.7729341512962494 -0.5060895167320261 -0.38268289589932175
vn -0.7729341512962494 -0.5060895167320261 -0.38268289589932175
vn -0.7729341512962494 -0.5060895167320261 -0.38268289589932175
vn -0.77293646924954 -0.5060852804625213 -0.3826838164898353
vn -0.77293646924954 -0.5060852804625213 -0.3826838164898353
vn -0.77293646924954 -0.5060852804625213 -0.3826838164898353
vn -0.836620563020521 -0.547782834279449 0
vn -0.836620563020521 -0.547782834279449 0
vn -0.836620563020521 -0.547782834279449 0
vn -0.836620563020521 -0.547782834279449 0
vn -0.836620563020521 -0.547782834279449 0
vn -0.836620563020521 -0.547782834279449 0
vn -0.7729368820602817 -0.5060855755905608 0.38268259240537844
vn -0.7729368820602817 -0.5060855755905608 0.38268259240537844
vn -0.7729368820602817 -0.5060855755905608 0.38268259240537844
vn -0.7729339729540058 -0.5060893382269368 0.382683492179317
vn -0.7729339729540058 -0.5060893382269368 0.382683492179317
vn -0.7729339729540058 -0.5060893382269368 0.382683492179317
vn -0.3201590092826557 -0.20962859116809412 0.9238798961661783
vn -0.3201590092826557 -0.20962859116809412 0.9238798961661783
vn -0.3201590092826557 -0.20962859116809412 0.9238798961661783
vn -0.32015937688577245 -0.20962816556585023 0.9238798653470106
vn -0.32015937688577245 -0.20962816556585023 0.9238798653470106
vn -0.32015937688577245 -0.20962816556585023 0.9238798653470106
vn -0.3104113953598219 -0.22381112103311326 -0.9238795093152945
vn -0.3104113953598219 -0.22381112103311326 -0.9238795093152945
vn -0.3104113953598219 -0.22381112103311326 -0.9238795093152945
vn -0.31041129903913434 -0.22381133956563365 -0.923879488737938
vn -0.31041129903913434 -0.22381133956563365 -0.923879488737938
vn -0.31041129903913434 -0.22381133956563365 -0.923879488737938
vn -0.7493988073806954 -0.5403281304827646 -0.38268386287560135
vn -0.7493988073806954 -0.5403281304827646 -0.38268386287560135
vn -0.7493988073806954 -0.5403281304827646 -0.38268386287560135
vn -0.7493976491861719 -0.5403300622726985 -0.3826834033488013
vn -0.7493976491861719 -0.5403300622726985 -0.3826834033488013
vn -0.7493976491861719 -0.5403300622726985 -0.3826834033488013
vn -0.8111421447768886 -0.5848490582763634 0
vn -0.8111421447768886 -0.5848490582763634 0
vn -0.8111421447768886 -0.5848490582763634 0
vn -0.8111421447768886 -0.5848490582763634 0
vn -0.8111421447768886 -0.5848490582763634 0
vn -0.8111421447768886 -0.5848490582763634 0
vn -0.7493976235458569 -0.5403300437855403 0.38268347966242067
vn -0.7493976235458569 -0.5403300437855403 0.38268347966242067
vn -0.7493976235458569 -0.5403300437855403 0.38268347966242067
vn -0.7493990788081313 -0.5403283330965952 0.3826830452666789
vn -0.7493990788081313 -0.5403283330965952 0.3826830452666789
vn -0.7493990788081313 -0.5403283330965952 0.3826830452666789
vn -0.3104105594429533 -0.22381082196309068 0.9238798626220395
vn -0.3104105594429533 -0.22381082196309068 0.9238798626220395
vn -0.3104105594429533 -0.22381082196309068 0.9238798626220395
vn -0.3104107344853249 -0.2238106255286437 0.9238798513966837
vn -0.3104107344853249 -0.2238106255286437 0.9238798513966837
vn -0.3104107344853249 -0.2238106255286437 0.9238798513966837
vn -0.30223476365559454 -0.23473567855878932 -0.9238794882719237
vn -0.30223476365559454 -0.23473567855878932 -0.9238794882719237
vn -0.30223476365559454 -0.23473567855878932 -0.9238794882719237
vn -0.30223485652443827 -0.2347355173347418 -0.9238794988542841
vn -0.30223485652443827 -0.2347355173347418 -0.9238794988542841
vn -0.30223485652443827 -0.2347355173347418 -0.9238794988542841
vn -0.7296593726142345 -0.5667015268167354 -0.38268339323752043
vn -0.7296593726142345 -0.5667015268167354 -0.38268339323752043
vn -0.7296593726142345 -0.5667015268167354 -0.38268339323752043
vn -0.7296597972135933 -0.5667008768872183 -0.3826835461128109
vn -0.7296597972135933 -0.5667008768872183 -0.3826835461128109
vn -0.7296597972135933 -0.5667008768872183 -0.3826835461128109
vn -0.7897781083299689 -0.6133926471704204 0
vn -0.7897781083299689 -0.6133926471704204 0
vn -0.7897781083299689 -0.6133926471704204 0
vn -0.7897781083299689 -0.6133926471704204 0
vn -0.7897781083299689 -0.6133926471704204 0
vn -0.7897781083299689 -0.6133926471704204 0
vn -0.7296599204843176 -0.5667010588555256 0.3826830416034205
vn -0.7296599204843176 -0.5667010588555256 0.3826830416034205
vn -0.7296599204843176 -0.5667010588555256 0.3826830416034205
vn -0.7296594257686697 -0.5667015814117223 0.3826832110406576
vn -0.7296594257686697 -0.5667015814117223 0.3826832110406576
vn -0.7296594257686697 -0.5667015814117223 0.3826832110406576
vn -0.3022341979051847 -0.23473499348883062 0.9238798474089627
vn -0.3022341979051847 -0.23473499348883062 0.9238798474089627
vn -0.3022341979051847 -0.23473499348883062 0.9238798474089627
vn -0.3022340790135045 -0.23473514274711543 0.9238798483798367
vn -0.3022340790135045 -0.23473514274711543 0.9238798483798367
vn -0.3022340790135045 -0.23473514274711543 0.9238798483798367
vn -0.2953260231144145 -0.24337051711635777 -0.9238795005139692
vn -0.2953260231144145 -0.24337051711635777 -0.9238795005139692
vn -0.2953260231144145 -0.24337051711635777 -0.9238795005139692
vn -0.29532625446384353 -0.2433700940583582 -0.9238795380039451
vn -0.29532625446384353 -0.2433700940583582 -0.9238795380039451
vn -0.29532625446384353 -0.2433700940583582 -0.9238795380039451
vn -0.7129806290714616 -0.5875473627224838 -0.38268357572113926
vn -0.7129806290714616 -0.5875473627224838 -0.38268357572113926
vn -0.7129806290714616 -0.5875473627224838 -0.38268357572113926
vn -0.7129790809428899 -0.5875496290110795 -0.382682980529282
vn -0.7129790809428899 -0.5875496290110795 -0.382682980529282
vn -0.7129790809428899 -0.5875496290110795 -0.382682980529282
vn -0.7717228342980935 -0.6359590136344614 0
vn -0.7717228342980935 -0.6359590136344614 0
vn -0.7717228342980935 -0.6359590136344614 0
vn -0.7717228342980935 -0.6359590136344614 0
vn -0.7717228342980935 -0.6359590136344614 0
vn -0.7717228342980935 -0.6359590136344614 0
vn -0.7129790115553083 -0.5875495613445421 0.38268321369698427
vn -0.7129790115553083 -0.5875495613445421 0.38268321369698427
vn -0.7129790115553083 -0.5875495613445421 0.38268321369698427
vn -0.7129809359270773 -0.5875476084195894 0.38268262678748494
vn -0.7129809359270773 -0.5875476084195894 0.38268262678748494
vn -0.7129809359270773 -0.5875476084195894 0.38268262678748494
vn -0.29532563829956987 -0.2433695953995999 0.9238798663235317
vn -0.29532563829956987 -0.2433695953995999 0.9238798663235317
vn -0.29532563829956987 -0.2433695953995999 0.9238798663235317
vn -0.2953252741802272 -0.24336988807337157 0.9238799056205997
vn -0.2953252741802272 -0.24336988807337157 0.9238799056205997
vn -0.2953252741802272 -0.24336988807337157 0.9238799056205997
vn -0.2894365134447121 -0.25034594042701996 -0.9238795456100757
vn -0.2894365134447121 -0.25034594042701996 -0.9238795456100757
vn -0.2894365134447121 -0.25034594042701996 -0.9238795456100757
vn -0.28943642288986154 -0.2503460586434518 -0.9238795419460323
vn -0.28943642288986154 -0.2503460586434518 -0.9238795419460323
vn -0.28943642288986154 -0.2503460586434518 -0.9238795419460323
vn -0.6987615035197589 -0.6043890548142344 -0.3826829387620547
vn -0.6987615035197589 -0.6043890548142344 -0.3826829387620547
vn -0.6987615035197589 -0.6043890548142344 -0.3826829387620547
vn -0.6987637191676282 -0.6043859046562945 -0.38268386826180195
vn -0.6987637191676282 -0.6043859046562945 -0.38268386826180195
vn -0.6987637191676282 -0.6043859046562945 -0.38268386826180195
vn -0.7563365789393319 -0.6541826804175939 0
vn -0.7563365789393319 -0.6541826804175939 0
vn -0.7563365789393319 -0.6541826804175939 0
vn -0.7563365789393319 -0.6541826804175939 0
vn -0.7563365789393319 -0.6541826804175939 0
vn -0.7563365789393319 -0.6541826804175939 0
vn -0.6987640858521198 -0.6043862701175623 0.3826826215241977
vn -0.6987640858521198 -0.6043862701175623 0.3826826215241977
vn -0.6987640858521198 -0.6043862701175623 0.3826826215241977
vn -0.6987613361161267 -0.6043888858695644 0.38268351125512584
vn -0.6987613361161267 -0.6043888858695644 0.38268351125512584
vn -0.6987613361161267 -0.6043888858695644 0.38268351125512584
vn -0.28943576756317874 -0.25034549267992234 0.9238799006093598
vn -0.28943576756317874 -0.25034549267992234 0.9238799006093598
vn -0.28943576756317874 -0.25034549267992234 0.9238799006093598
vn -0.28943589920278795 -0.2503454140244714 0.9238798806823264
vn -0.28943589920278795 -0.2503454140244714 0.9238798806823264
vn -0.28943589920278795 -0.2503454140244714 0.9238798806823264
vn -0.28437029681979703 -0.25608616496918946 -0.9238795432295237
vn -0.28437029681979703 -0.25608616496918946 -0.9238795432295237
vn -0.28437029681979703 -0.25608616496918946 -0.9238795432295237
vn -0.28437012208181545 -0.256086526267603 -0.9238794968670783
vn -0.28437012208181545 -0.256086526267603 -0.9238794968670783
vn -0.28437012208181545 -0.256086526267603 -0.9238794968670783
vn -0.6865299141842555 -0.6182473119780187 -0.3826838619044619
vn -0.6865299141842555 -0.6182473119780187 -0.3826838619044619
vn -0.6865299141842555 -0.6182473119780187 -0.3826838619044619
vn -0.6865305130164004 -0.618246480021657 -0.3826841316781617
vn -0.6865305130164004 -0.618246480021657 -0.3826841316781617
vn -0.6865305130164004 -0.618246480021657 -0.3826841316781617
vn -0.7430955292585665 -0.6691853513010659 0
vn -0.7430955292585665 -0.6691853513010659 0
vn -0.7430955292585665 -0.6691853513010659 0
vn -0.7430955292585665 -0.6691853513010659 0
vn -0.7430955292585665 -0.6691853513010659 0
vn -0.7430955292585665 -0.6691853513010659 0
vn -0.6865306882500729 -0.6182466556114308 0.3826835336360346
vn -0.6865306882500729 -0.6182466556114308 0.3826835336360346
vn -0.6865306882500729 -0.6182466556114308 0.3826835336360346
vn -0.686529937673602 -0.6182473331311032 0.38268378559086963
vn -0.686529937673602 -0.6182473331311032 0.38268378559086963
vn -0.686529937673602 -0.6182473331311032 0.38268378559086963
vn -0.28436944367745776 -0.25608590676678716 0.92387987739641
vn -0.28436944367745776 -0.25608590676678716 0.92387987739641
vn -0.28436944367745776 -0.25608590676678716 0.92387987739641
vn -0.28436976235539957 -0.2560856601104374 0.9238798476770317
vn -0.28436976235539957 -0.2560856601104374 0.9238798476770317
vn -0.28436976235539957 -0.2560856601104374 0.9238798476770317
vn -0.2769791153991459 -0.2640629678388438 -0.9238794935752433
vn -0.2769791153991459 -0.2640629678388438 -0.9238794935752433
vn -0.2769791153991459 -0.2640629678388438 -0.9238794935752433
vn -0.27697908788318104 -0.2640629700185834 -0.9238795012015181
vn -0.27697908788318104 -0.2640629700185834 -0.9238795012015181
vn -0.27697908788318104 -0.2640629700185834 -0.9238795012015181
vn -0.6686863350723152 -0.6375040457270971 -0.38268417392039944
vn -0.6686863350723152 -0.6375040457270971 -0.38268417392039944
vn -0.6686863350723152 -0.6375040457270971 -0.38268417392039944
vn -0.6686865635317416 -0.6375042746509402 -0.3826833933604761
vn -0.6686865635317416 -0.6375042746509402 -0.3826833933604761
vn -0.6686865635317416 -0.6375042746509402 -0.3826833933604761
vn -0.7237810609976081 -0.690029691927222 0
vn -0.7237810609976081 -0.690029691927222 0
vn -0.7237810609976081 -0.690029691927222 0
vn -0.7237810609976081 -0.690029691927222 0
vn -0.7237810609976081 -0.690029691927222 0
vn -0.7237810609976081 -0.690029691927222 0
vn -0.66868638331399 -0.6375042137079401 0.38268380978959216
vn -0.66868638331399 -0.6375042137079401 0.38268380978959216
vn -0.66868638331399 -0.6375042137079401 0.38268380978959216
vn -0.6686866955439114 -0.6375043464614387 0.3826830430595774
vn -0.6686866955439114 -0.6375043464614387 0.3826830430595774
vn -0.6686866955439114 -0.6375043464614387 0.3826830430595774
vn -0.2769784874635353 -0.2640623996051914 0.9238798442422913
vn -0.2769784874635353 -0.2640623996051914 0.9238798442422913
vn -0.2769784874635353 -0.2640623996051914 0.9238798442422913
vn -0.2769784896432652 -0.2640623718809539 0.9238798515129228
vn -0.2769784896432652 -0.2640623718809539 0.9238798515129228
vn -0.2769784896432652 -0.2640623718809539 0.9238798515129228
vn -0.26835259765079916 -0.2728251215734696 -0.9238795031672095
vn -0.26835259765079916 -0.2728251215734696 -0.9238795031672095
vn -0.26835259765079916 -0.2728251215734696 -0.9238795031672095
vn -0.2683525954688718 -0.27282514915749906 -0.9238794956553091
vn -0.2683525954688718 -0.27282514915749906 -0.9238794956553091
vn -0.2683525954688718 -0.27282514915749906 -0.9238794956553091
vn -0.6478603375894605 -0.6586580168364932 -0.3826834198596645
vn -0.6478603375894605 -0.6586580168364932 -0.3826834198596645
vn -0.6478603375894605 -0.6586580168364932 -0.3826834198596645
vn -0.6478602223774528 -0.6586577824818186 -0.3826840182672524
vn -0.6478602223774528 -0.6586577824818186 -0.3826840182672524
vn -0.6478602223774528 -0.6586577824818186 -0.3826840182672524
vn -0.7012389949891136 -0.7129262738226568 0
vn -0.7012389949891136 -0.7129262738226568 0
vn -0.7012389949891136 -0.7129262738226568 0
vn -0.7012389949891136 -0.7129262738226568 0
vn -0.7012389949891136 -0.7129262738226568 0
vn -0.7012389949891136 -0.7129262738226568 0
vn -0.6478604773832053 -0.6586580973686669 0.3826830445884601
vn -0.6478604773832053 -0.6586580973686669 0.3826830445884601
vn -0.6478604773832053 -0.6586580973686669 0.3826830445884601
vn -0.6478602421281603 -0.6586579813756391 0.3826836425035826
vn -0.6478602421281603 -0.6586579813756391 0.3826836425035826
vn -0.6478602421281603 -0.6586579813756391 0.3826836425035826
vn -0.2683519973189788 -0.27282455097254843 0.9238798460414333
vn -0.2683519973189788 -0.27282455097254843 0.9238798460414333
vn -0.2683519973189788 -0.27282455097254843 0.9238798460414333
vn -0.26835199950089644 -0.2728245233885094 0.9238798535533197
vn -0.26835199950089644 -0.2728245233885094 0.9238798535533197
vn -0.26835199950089644 -0.2728245233885094 0.9238798535533197
vn -0.24375633652861506 -0.2950076729508505 -0.9238794950112664
vn -0.24375633652861506 -0.2950076729508505 -0.9238794950112664
vn -0.24375633652861506 -0.2950076729508505 -0.9238794950112664
vn -0.24375648255107427 -0.2950074011123177 -0.9238795432865066
vn -0.24375648255107427 -0.2950074011123177 -0.9238795432865066
vn -0.24375648255107427 -0.2950074011123177 -0.9238795432865066
vn -0.5884801007847501 -0.7122107572940736 -0.38268395338055716
vn -0.5884801007847501 -0.7122107572940736 -0.38268395338055716
vn -0.5884801007847501 -0.7122107572940736 -0.38268395338055716
vn -0.5884794024286362 -0.7122115526073105 -0.3826835471377354
vn -0.5884794024286362 -0.7122115526073105 -0.3826835471377354
vn -0.5884794024286362 -0.7122115526073105 -0.3826835471377354
vn -0.6369655660520469 -0.7708922542508747 0
vn -0.6369655660520469 -0.7708922542508747 0
vn -0.6369655660520469 -0.7708922542508747 0
vn -0.6369655660520469 -0.7708922542508747 0
vn -0.6369655660520469 -0.7708922542508747 0
vn -0.6369655660520469 -0.7708922542508747 0
vn -0.588479389005587 -0.7122115363619659 0.3826835980134753
vn -0.588479389005587 -0.7122115363619659 0.3826835980134753
vn -0.588479389005587 -0.7122115363619659 0.3826835980134753
vn -0.5884803312102374 -0.7122109860389783 0.3826831733223657
vn -0.5884803312102374 -0.7122109860389783 0.3826831733223657
vn -0.5884803312102374 -0.7122109860389783 0.3826831733223657
vn -0.24375600979254144 -0.2950068100020451 0.9238798567684198
vn -0.24375600979254144 -0.2950068100020451 0.9238798567684198
vn -0.24375600979254144 -0.2950068100020451 0.9238798567684198
vn -0.24375570748161143 -0.29500692402210793 0.9238799001218467
vn -0.24375570748161143 -0.29500692402210793 0.9238799001218467
vn -0.24375570748161143 -0.29500692402210793 0.9238799001218467
vn -0.20855799014223333 -0.3208584440801804 -0.9238795503799604
vn -0.20855799014223333 -0.3208584440801804 -0.9238795503799604
vn -0.20855799014223333 -0.3208584440801804 -0.9238795503799604
vn -0.20855799963270344 -0.3208584884832268 -0.9238795328166244
vn -0.20855799963270344 -0.3208584884832268 -0.9238795328166244
vn -0.20855799963270344 -0.3208584884832268 -0.9238795328166244
vn -0.5035035024220833 -0.7746208921663411 -0.3826835461162615
vn -0.5035035024220833 -0.7746208921663411 -0.3826835461162615
vn -0.5035035024220833 -0.7746208921663411 -0.3826835461162615
vn -0.5035033221680423 -0.7746210687647259 -0.3826834258124311
vn -0.5035033221680423 -0.7746210687647259 -0.3826834258124311
vn -0.5035033221680423 -0.7746210687647259 -0.3826834258124311
vn -0.5449880384304516 -0.83844381920778 0
vn -0.5449880384304516 -0.83844381920778 0
vn -0.5449880384304516 -0.83844381920778 0
vn -0.5449880384304516 -0.83844381920778 0
vn -0.5449880384304516 -0.83844381920778 0
vn -0.5449880384304516 -0.83844381920778 0
vn -0.5035033661065009 -0.7746211638721718 0.3826831754869093
vn -0.5035033661065009 -0.7746211638721718 0.3826831754869093
vn -0.5035033661065009 -0.7746211638721718 0.3826831754869093
vn -0.50350361354626 -0.7746210585416383 0.3826830631340901
vn -0.50350361354626 -0.7746210585416383 0.3826830631340901
vn -0.50350361354626 -0.7746210585416383 0.3826830631340901
vn -0.20855751100599176 -0.3208577550897129 0.9238798978231831
vn -0.20855751100599176 -0.3208577550897129 0.9238798978231831
vn -0.20855751100599176 -0.3208577550897129 0.9238798978231831
vn -0.20855755099677367 -0.3208577707642672 0.92387988335195
vn -0.20855755099677367 -0.3208577707642672 0.92387988335195
vn -0.20855755099677367 -0.3208577707642672 0.92387988335195
vn -0.17210335562954673 -0.3417996969543834 -0.9238795387619219
vn -0.17210335562954673 -0.3417996969543834 -0.9238795387619219
vn -0.17210335562954673 -0.3417996969543834 -0.9238795387619219
vn -0.17210352345287933 -0.3417995557091999 -0.9238795597544616
vn -0.17210352345287933 -0.3417995557091999 -0.9238795597544616
vn -0.17210352345287933 -0.3417995557091999 -0.9238795597544616
vn -0.4154947438899868 -0.8251772599997053 -0.3826834297159635
vn -0.4154947438899868 -0.8251772599997053 -0.3826834297159635
vn -0.4154947438899868 -0.8251772599997053 -0.3826834297159635
vn -0.41549387511132363 -0.8251779066912738 -0.38268297852606836
vn -0.41549387511132363 -0.8251779066912738 -0.38268297852606836
vn -0.41549387511132363 -0.8251779066912738 -0.38268297852606836
vn -0.4497272383471363 -0.8931659482361931 0
vn -0.4497272383471363 -0.8931659482361931 0
vn -0.4497272383471363 -0.8931659482361931 0
vn -0.4497272383471363 -0.8931659482361931 0
vn -0.4497272383471363 -0.8931659482361931 0
vn -0.4497272383471363 -0.8931659482361931 0
vn -0.4154938409766458 -0.8251778980871415 0.38268303414047594
vn -0.4154938409766458 -0.8251778980871415 0.38268303414047594
vn -0.4154938409766458 -0.8251778980871415 0.38268303414047594
vn -0.4154948682837759 -0.8251775683194053 0.38268262982832246
vn -0.4154948682837759 -0.8251775683194053 0.38268262982832246
vn -0.4154948682837759 -0.8251775683194053 0.38268262982832246
vn -0.17210314892204776 -0.3417988066755393 0.9238799066362969
vn -0.17210314892204776 -0.3417988066755393 0.9238799066362969
vn -0.17210314892204776 -0.3417988066755393 0.9238799066362969
vn -0.17210295743846996 -0.3417988707120022 0.9238799186154726
vn -0.17210295743846996 -0.3417988707120022 0.9238799186154726
vn -0.17210295743846996 -0.3417988707120022 0.9238799186154726
vn -0.13589532714755892 -0.35774153579969686 -0.9238795666227998
vn -0.13589532714755892 -0.35774153579969686 -0.9238795666227998
vn -0.13589532714755892 -0.35774153579969686 -0.9238795666227998
vn -0.13589512117422753 -0.35774172157109185 -0.9238795249860198
vn -0.13589512117422753 -0.35774172157109185 -0.9238795249860198
vn -0.13589512117422753 -0.35774172157109185 -0.9238795249860198
vn -0.32807987533587674 -0.8636650339145873 -0.3826830341064393
vn -0.32807987533587674 -0.8636650339145873 -0.3826830341064393
vn -0.32807987533587674 -0.8636650339145873 -0.3826830341064393
vn -0.328081368595523 -0.8636641481202119 -0.38268375302889107
vn -0.328081368595523 -0.8636641481202119 -0.38268375302889107
vn -0.328081368595523 -0.8636641481202119 -0.38268375302889107
vn -0.3551127679556118 -0.9348234710547784 0
vn -0.3551127679556118 -0.9348234710547784 0
vn -0.3551127679556118 -0.9348234710547784 0
vn -0.3551127679556118 -0.9348234710547784 0
vn -0.3551127679556118 -0.9348234710547784 0
vn -0.3551127679556118 -0.9348234710547784 0
vn -0.32808152370999905 -0.8636645218136826 0.38268277667079365
vn -0.32808152370999905 -0.8636645218136826 0.38268277667079365
vn -0.32808152370999905 -0.8636645218136826 0.38268277667079365
vn -0.3280798204301619 -0.8636648674705109 0.38268345681993843
vn -0.3280798204301619 -0.8636648674705109 0.38268345681993843
vn -0.3280798204301619 -0.8636648674705109 0.38268345681993843
vn -0.13589478903554872 -0.35774084594949057 0.9238799128957869
vn -0.13589478903554872 -0.35774084594949057 0.9238799128957869
vn -0.13589478903554872 -0.35774084594949057 0.9238799128957869
vn -0.13589507441247214 -0.3577408518853697 0.9238798686207847
vn -0.13589507441247214 -0.3577408518853697 0.9238798686207847
vn -0.13589507441247214 -0.3577408518853697 0.9238798686207847
vn -0.10116092154483632 -0.3690706207618402 -0.9238795077512377
vn -0.10116092154483632 -0.3690706207618402 -0.9238795077512377
vn -0.10116092154483632 -0.3690706207618402 -0.9238795077512377
vn -0.10116077920710304 -0.369070677532801 -0.923879500657792
vn -0.10116077920710304 -0.369070677532801 -0.923879500657792
vn -0.10116077920710304 -0.369070677532801 -0.923879500657792
vn -0.2442236353759242 -0.8910151574364914 -0.3826836881057146
vn -0.2442236353759242 -0.8910151574364914 -0.3826836881057146
vn -0.2442236353759242 -0.8910151574364914 -0.3826836881057146
vn -0.24422327687968462 -0.8910153330822684 -0.3826835079310879
vn -0.24422327687968462 -0.8910153330822684 -0.3826835079310879
vn -0.24422327687968462 -0.8910153330822684 -0.3826835079310879
vn -0.26434538091922904 -0.9644280790119436 0
vn -0.26434538091922904 -0.9644280790119436 0
vn -0.26434538091922904 -0.9644280790119436 0
vn -0.26434538091922904 -0.9644280790119436 0
vn -0.26434538091922904 -0.9644280790119436 0
vn -0.26434538091922904 -0.9644280790119436 0
vn -0.24422329741901247 -0.8910154132569957 0.3826833081495059
vn -0.24422329741901247 -0.8910154132569957 0.3826833081495059
vn -0.24422329741901247 -0.8910154132569957 0.3826833081495059
vn -0.24422368863793167 -0.8910153674749817 0.3826831650745904
vn -0.24422368863793167 -0.8910153674749817 0.3826831650745904
vn -0.24422368863793167 -0.8910153674749817 0.3826831650745904
vn -0.10116054318481175 -0.36906979220564323 0.9238798801704889
vn -0.10116054318481175 -0.36906979220564323 0.9238798801704889
vn -0.10116054318481175 -0.36906979220564323 0.9238798801704889
vn -0.10116070430750955 -0.3690698118287787 0.9238798546892765
vn -0.10116070430750955 -0.3690698118287787 0.9238798546892765
vn -0.10116070430750955 -0.3690698118287787 0.9238798546892765
vn -0.06873565971207485 -0.3764598997937201 -0.923879512128745
vn -0.06873565971207485 -0.3764598997937201 -0.923879512128745
vn -0.06873565971207485 -0.3764598997937201 -0.923879512128745
vn -0.06873582137883469 -0.3764597980855353 -0.923879541544662
vn -0.06873582137883469 -0.3764597980855353 -0.923879541544662
vn -0.06873582137883469 -0.3764597980855353 -0.923879541544662
vn -0.16594295444242407 -0.9088543785238834 -0.38268349129389595
vn -0.16594295444242407 -0.9088543785238834 -0.38268349129389595
vn -0.16594295444242407 -0.9088543785238834 -0.38268349129389595
vn -0.1659430105131756 -0.9088543591690755 -0.38268351294665576
vn -0.1659430105131756 -0.9088543591690755 -0.38268351294665576
vn -0.1659430105131756 -0.9088543591690755 -0.38268351294665576
vn -0.17961543282147027 -0.9837369040004323 0
vn -0.17961543282147027 -0.9837369040004323 0
vn -0.17961543282147027 -0.9837369040004323 0
vn -0.17961543282147027 -0.9837369040004323 0
vn -0.17961543282147027 -0.9837369040004323 0
vn -0.17961543282147027 -0.9837369040004323 0
vn -0.1659430297357574 -0.9088545020463825 0.38268316528446844
vn -0.1659430297357574 -0.9088545020463825 0.38268316528446844
vn -0.1659430297357574 -0.9088545020463825 0.38268316528446844
vn -0.16594300075410343 -0.9088545065411109 0.38268316717702316
vn -0.16594300075410343 -0.9088545065411109 0.38268316717702316
vn -0.16594300075410343 -0.9088545065411109 0.38268316717702316
vn -0.06873568161154564 -0.3764590330493155 0.9238798636776162
vn -0.06873568161154564 -0.3764590330493155 0.9238798636776162
vn -0.06873568161154564 -0.3764590330493155 0.9238798636776162
vn -0.06873548656891268 -0.37645896617385244 0.9238799054387152
vn -0.06873548656891268 -0.37645896617385244 0.9238799054387152
vn -0.06873548656891268 -0.37645896617385244 0.9238799054387152
vn -0.039070178658972665 -0.38068378785889323 -0.9238795239645488
vn -0.039070178658972665 -0.38068378785889323 -0.9238795239645488
vn -0.039070178658972665 -0.38068378785889323 -0.9238795239645488
vn -0.03907012614125849 -0.38068381411796576 -0.923879515365453
vn -0.03907012614125849 -0.38068381411796576 -0.923879515365453
vn -0.03907012614125849 -0.38068381411796576 -0.923879515365453
vn -0.09432363035686715 -0.9190519119723062 -0.38268346692318683
vn -0.09432363035686715 -0.9190519119723062 -0.38268346692318683
vn -0.09432363035686715 -0.9190519119723062 -0.38268346692318683
vn -0.09432334264691765 -0.9190519864789951 -0.38268335890253374
vn -0.09432334264691765 -0.9190519864789951 -0.38268335890253374
vn -0.09432334264691765 -0.9190519864789951 -0.38268335890253374
vn -0.10209485437999556 -0.994774668308923 0
vn -0.10209485437999556 -0.994774668308923 0
vn -0.10209485437999556 -0.994774668308923 0
vn -0.10209485437999556 -0.994774668308923 0
vn -0.10209485437999556 -0.994774668308923 0
vn -0.10209485437999556 -0.994774668308923 0
vn -0.09432335347014857 -0.919052078945505 0.38268313416727756
vn -0.09432335347014857 -0.919052078945505 0.38268313416727756
vn -0.09432335347014857 -0.919052078945505 0.38268313416727756
vn -0.09432364059354832 -0.9190521049420464 0.382683000963948
vn -0.09432364059354832 -0.9190521049420464 0.382683000963948
vn -0.09432364059354832 -0.9190521049420464 0.382683000963948
vn -0.039070037259605055 -0.3806829251667422 0.9238798854153205
vn -0.039070037259605055 -0.3806829251667422 0.9238798854153205
vn -0.039070037259605055 -0.3806829251667422 0.9238798854153205
vn -0.0390700893340589 -0.38068292439103885 0.923879883532765
vn -0.0390700893340589 -0.38068292439103885 0.923879883532765
vn -0.0390700893340589 -0.38068292439103885 0.923879883532765
vn -0.012307701090464833 -0.3824854614156858 -0.9238795334346886
vn -0.012307701090464833 -0.3824854614156858 -0.9238795334346886
vn -0.012307701090464833 -0.3824854614156858 -0.9238795334346886
vn -0.012307715311613994 -0.3824854402830161 -0.9238795419941475
vn -0.012307715311613994 -0.3824854402830161 -0.9238795419941475
vn -0.012307715311613994 -0.3824854402830161 -0.9238795419941475
vn -0.029713452231430574 -0.9234016056323224 -0.3826834010930436
vn -0.029713452231430574 -0.9234016056323224 -0.3826834010930436
vn -0.029713452231430574 -0.9234016056323224 -0.3826834010930436
vn -0.029713511444573355 -0.9234015934656605 -0.3826834258531616
vn -0.029713511444573355 -0.9234015934656605 -0.3826834258531616
vn -0.029713511444573355 -0.9234015934656605 -0.3826834258531616
vn -0.03216167129346625 -0.9994826796396278 0
vn -0.03216167129346625 -0.9994826796396278 0
vn -0.03216167129346625 -0.9994826796396278 0
vn -0.03216167129346625 -0.9994826796396278 0
vn -0.03216167129346625 -0.9994826796396278 0
vn -0.03216167129346625 -0.9994826796396278 0
vn -0.029713514665781558 -0.9234017566143228 0.3826830319308522
vn -0.029713514665781558 -0.9234017566143228 0.3826830319308522
vn -0.029713514665781558 -0.9234017566143228 0.3826830319308522
vn -0.029713456974762808 -0.9234017581986178 0.3826830325874276
vn -0.029713456974762808 -0.9234017581986178 0.3826830325874276
vn -0.029713456974762808 -0.9234017581986178 0.3826830325874276
vn -0.01230768805594424 -0.3824845972724882 0.9238798913625192
vn -0.01230768805594424 -0.3824845972724882 0.9238798913625192
vn -0.01230768805594424 -0.3824845972724882 0.9238798913625192
vn -0.012307673947926994 -0.38248462278065903 0.9238798809901255
vn -0.012307673947926994 -0.38248462278065903 0.9238798809901255
vn -0.012307673947926994 -0.38248462278065903 0.9238798809901255
vn 0 -0.38268346249921037 -0.9238795200293247
vn 0 -0.38268346249921037 -0.9238795200293247
vn 0 -0.38268346249921037 -0.9238795200293247
vn 0 -0.3826834159879129 -0.9238795392949354
vn 0 -0.3826834159879129 -0.9238795392949354
vn 0 -0.3826834159879129 -0.9238795392949354
vn 0 -0.9238795392949354 -0.3826834159879129
vn 0 -0.9238795392949354 -0.3826834159879129
vn 0 -0.9238795392949354 -0.3826834159879129
vn 0 -0.9238795305660377 -0.3826834370613369
vn 0 -0.9238795305660377 -0.3826834370613369
vn 0 -0.9238795305660377 -0.3826834370613369
vn 0 -1 0
vn 0 -1 0
vn 0 -1 0
vn 0 -1 0
vn 0 -1 0
vn 0 -1 0
vn 0 -0.9238796831932059 0.3826830685865544
vn 0 -0.9238796831932059 0.3826830685865544
vn 0 -0.9238796831932059 0.3826830685865544
vn 0 -0.9238796831932059 0.3826830685865544
vn 0 -0.9238796831932059 0.3826830685865544
vn 0 -0.9238796831932059 0.3826830685865544
vn 0 -0.38268257292227453 0.9238798885036886
vn 0 -0.38268257292227453 0.9238798885036886
vn 0 -0.38268257292227453 0.9238798885036886
vn 0 -0.3826825983601677 0.9238798779669956
vn 0 -0.3826825983601677 0.9238798779669956
vn 0 -0.3826825983601677 0.9238798779669956
f 1/1/1 2/2/2 3/3/3
f 4/4/4 5/5/5 6/6/6
f 7/7/7 8/8/8 9/9/9
f 10/10/10 11/11/11 12/12/12
f 13/13/13 14/14/14 15/15/15
f 16/16/16 17/17/17 18/18/18
f 19/19/19 20/20/20 21/21/21
f 22/22/22 23/23/23 24/24/24
f 25/25/25 26/26/26 27/27/27
f 28/28/28 29/29/29 30/30/30
f 31/31/31 32/32/32 33/33/33
f 34/34/34 35/35/35 36/36/36
f 37/37/37 38/38/38 39/39/39
f 40/40/40 41/41/41 42/42/42
f 43/43/43 44/44/44 45/45/45
f 46/46/46 47/47/47 48/48/48
f 49/49/49 50/50/50 51/51/51
f 52/52/52 53/53/53 54/54/54
f 55/55/55 56/56/56 57/57/57
f 58/58/58 59/59/59 60/60/60
f 61/61/61 62/62/62 63/63/63
f 64/64/64 65/65/65 66/66/66
f 67/67/67 68/68/68 69/69/69
f 70/70/70 71/71/71 72/72/72
f 73/73/73 74/74/74 75/75/75
f 76/76/76 77/77/77 78/78/78
f 79/79/79 80/80/80 81/81/81
f 82/82/82 83/83/83 84/84/84
f 85/85/85 86/86/86 87/87/87
f 88/88/88 89/89/89 90/90/90
f 91/91/91 92/92/92 93/93/93
f 94/94/94 95/95/95 96/96/96
f 97/97/97 98/98/98 99/99/99
f 100/100/100 101/101/101 102/102/102
f 103/103/103 104/104/104 105/105/105
f 106/106/106 107/107/107 108/108/108
f 109/109/109 110/110/110 111/111/111
f 112/112/112 113/113/113 114/114/114
f 115/115/115 116/116/116 117/117/117
f 118/118/118 119/119/119 120/120/120
f 121/121/121 122/122/122 123/123/123
f 124/124/124 125/125/125 126/126/126
f 127/127/127 128/128/128 129/129/129
f 130/130/130 131/131/131 132/132/132
f 133/133/133 134/134/134 135/135/135
f 136/136/136 137/137/137 138/138/138
f 139/139/139 140/140/140 141/141/141
f 142/142/142 143/143/143 144/144/144
f 145/145/145 146/146/146 147/147/147
f 148/148/148 149/149/149 150/150/150
f 151/151/151 152/152/152 153/153/153
f 154/154/154 155/155/155 156/156/156
f 157/157/157 158/158/158 159/159/159
f 160/160/160 161/161/161 162/162/162
f 163/163/163 164/164/164 165/165/165
f 166/166/166 167/167/167 168/168/168
f 169/169/169 170/170/170 171/171/171
f 172/172/172 173/173/173 174/174/174
f 175/175/175 176/176/176 177/177/177
f 178/178/178 179/179/179 180/180/180
f 181/181/181 182/182/182 183/183/183
f 184/184/184 185/185/185 186/186/186
f 187/187/187 188/188/188 189/189/189
f 190/190/190 191/191/191 192/192/192
f 193/193/193 194/194/194 195/195/195
f 196/196/196 197/197/197 198/198/198
f 199/199/199 200/200/200 201/201/201
f 202/202/202 203/203/203 204/204/204
f 205/205/205 206/206/206 207/207/207
f 208/208/208 209/209/209 210/210/210
f 211/211/211 212/212/212 213/213/213
f 214/214/214 215/215/215 216/216/216
f 217/217/217 218/218/218 219/219/219
f 220/220/220 221/221/221 222/222/222
f 223/223/223 224/224/224 225/225/225
f 226/226/226 227/227/227 228/228/228
f 229/229/229 230/230/230 231/231/231
f 232/232/232 233/233/233 234/234/234
f 235/235/235 236/236/236 237/237/237
f 238/238/238 239/239/239 240/240/240
f 241/241/241 242/242/242 243/243/243
f 244/244/244 245/245/245 246/246/246
f 247/247/247 248/248/248 249/249/249
f 250/250/250 251/251/251 252/252/252
f 253/253/253 254/254/254 255/255/255
f 256/256/256 257/257/257 258/258/258
f 259/259/259 260/260/260 261/261/261
f 262/262/262 263/263/263 264/264/264
f 265/265/265 266/266/266 267/267/267
f 268/268/268 269/269/269 270/270/270
f 271/271/271 272/272/272 273/273/273
f 274/274/274 275/275/275 276/276/276
f 277/277/277 278/278/278 279/279/279
f 280/280/280 281/281/281 282/282/282
f 283/283/283 284/284/284 285/285/285
f 286/286/286 287/287/287 288/288/288
f 289/289/289 290/290/290 291/291/291
f 292/292/292 293/293/293 294/294/294
f 295/295/295 296/296/296 297/297/297
f 298/298/298 299/299/299 300/300/300
f 301/301/301 302/302/302 303/303/303
f 304/304/304 305/305/305 306/306/306
f 307/307/307 308/308/308 309/309/309
f 310/310/310 311/311/311 312/312/312
f 313/313/313 314/314/314 315/315/315
f 316/316/316 317/317/317 318/318/318
f 319/319/319 320/320/320 321/321/321
f 322/322/322 323/323/323 324/324/324
f 325/325/325 326/326/326 327/327/327
f 328/328/328 329/329/329 330/330/330
f 331/331/331 332/332/332 333/333/333
f 334/334/334 335/335/335 336/336/336
f 337/337/337 338/338/338 339/339/339
f 340/340/340 341/341/341 342/342/342
f 343/343/343 344/344/344 345/345/345
f 346/346/346 347/347/347 348/348/348
f 349/349/349 350/350/350 351/351/351
f 352/352/352 353/353/353 354/354/354
f 355/355/355 356/356/356 357/357/357
f 358/358/358 359/359/359 360/360/360
f 361/361/361 362/362/362 363/363/363
f 364/364/364 365/365/365 366/366/366
f 367/367/367 368/368/368 369/369/369
f 370/370/370 371/371/371 372/372/372
f 373/373/373 374/374/374 375/375/375
f 376/376/376 377/377/377 378/378/378
f 379/379/379 380/380/380 381/381/381
f 382/382/382 383/383/383 384/384/384
f 385/385/385 386/386/386 387/387/387
f 388/388/388 389/389/389 390/390/390
f 391/391/391 392/392/392 393/393/393
f 394/394/394 395/395/395 396/396/396
f 397/397/397 398/398/398 399/399/399
f 400/400/400 401/401/401 402/402/402
f 403/403/403 404/404/404 405/405/405
f 406/406/406 407/407/407 408/408/408
f 409/409/409 410/410/410 411/411/411
f 412/412/412 413/413/413 414/414/414
f 415/415/415 416/416/416 417/417/417
f 418/418/418 419/419/419 420/420/420
f 421/421/421 422/422/422 423/423/423
f 424/424/424 425/425/425 426/426/426
f 427/427/427 428/428/428 429/429/429
f 430/430/430 431/431/431 432/432/432
f 433/433/433 434/434/434 435/435/435
f 436/436/436 437/437/437 438/438/438
f 439/439/439 440/440/440 441/441/441
f 442/442/442 443/443/443 444/444/444
f 445/445/445 446/446/446 447/447/447
f 448/448/448 449/449/449 450/450/450
f 451/451/451 452/452/452 453/453/453
f 454/454/454 455/455/455 456/456/456
f 457/457/457 458/458/458 459/459/459
f 460/460/460 461/461/461 462/462/462
f 463/463/463 464/464/464 465/465/465
f 466/466/466 467/467/467 468/468/468
f 469/469/469 470/470/470 471/471/471
f 472/472/472 473/473/473 474/474/474
f 475/475/475 476/476/476 477/477/477
f 478/478/478 479/479/479 480/480/480
f 481/481/481 482/482/482 483/483/483
f 484/484/484 485/485/485 486/486/486
f 487/487/487 488/488/488 489/489/489
f 490/490/490 491/491/491 492/492/492
f 493/493/493 494/494/494 495/495/495
f 496/496/496 497/497/497 498/498/498
f 499/499/499 500/500/500 501/501/501
f 502/502/502 503/503/503 504/504/504
f 505/505/505 506/506/506 507/507/507
f 508/508/508 509/509/509 510/510/510
f 511/511/511 512/512/512 513/513/513
f 514/514/514 515/515/515 516/516/516
f 517/517/517 518/518/518 519/519/519
f 520/520/520 521/521/521 522/522/522
f 523/523/523 524/524/524 525/525/525
f 526/526/526 527/527/527 528/528/528
f 529/529/529 530/530/530 531/531/531
f 532/532/532 533/533/533 534/534/534
f 535/535/535 536/536/536 537/537/537
f 538/538/538 539/539/539 540/540/540
f 541/541/541 542/542/542 543/543/543
f 544/544/544 545/545/545 546/546/546
f 547/547/547 548/548/548 549/549/549
f 550/550/550 551/551/551 552/552/552
f 553/553/553 554/554/554 555/555/555
f 556/556/556 557/557/557 558/558/558
f 559/559/559 560/560/560 561/561/561
f 562/562/562 563/563/563 564/564/564
f 565/565/565 566/566/566 567/567/567
f 568/568/568 569/569/569 570/570/570
f 571/571/571 572/572/572 573/573/573
f 574/574/574 575/575/575 576/576/576
f 577/577/577 578/578/578 579/579/579
f 580/580/580 581/581/581 582/582/582
f 583/583/583 584/584/584 585/585/585
f 586/586/586 587/587/587 588/588/588
f 589/589/589 590/590/590 591/591/591
f 592/592/592 593/593/593 594/594/594
f 595/595/595 596/596/596 597/597/597
f 598/598/598 599/599/599 600/600/600
f 601/601/601 602/602/602 603/603/603
f 604/604/604 605/605/605 606/606/606
f 607/607/607 608/608/608 609/609/609
f 610/610/610 611/611/611 612/612/612
f 613/613/613 614/614/614 615/615/615
f 616/616/616 617/617/617 618/618/618
f 619/619/619 620/620/620 621/621/621
f 622/622/622 623/623/623 624/624/624
f 625/625/625 626/626/626 627/627/627
f 628/628/628 629/629/629 630/630/630
f 631/631/631 632/632/632 633/633/633
f 634/634/634 635/635/635 636/636/636
f 637/637/637 638/638/638 639/639/639
f 640/640/640 641/641/641 642/642/642
f 643/643/643 644/644/644 645/645/645
f 646/646/646 647/647/647 648/648/648
f 649/649/649 650/650/650 651/651/651
f 652/652/652 653/653/653 654/654/654
f 655/655/655 656/656/656 657/657/657
f 658/658/658 659/659/659 660/660/660
f 661/661/661 662/662/662 663/663/663
f 664/664/664 665/665/665 666/666/666
f 667/667/667 668/668/668 669/669/669
f 670/670/670 671/671/671 672/672/672
f 673/673/673 674/674/674 675/675/675
f 676/676/676 677/677/677 678/678/678
f 679/679/679 680/680/680 681/681/681
f 682/682/682 683/683/683 684/684/684
f 685/685/685 686/686/686 687/687/687
f 688/688/688 689/689/689 690/690/690
f 691/691/691 692/692/692 693/693/693
f 694/694/694 695/695/695 696/696/696
f 697/697/697 698/698/698 699/699/699
f 700/700/700 701/701/701 702/702/702
f 703/703/703 704/704/704 705/705/705
f 706/706/706 707/707/707 708/708/708
f 709/709/709 710/710/710 711/711/711
f 712/712/712 713/713/713 714/714/714
f 715/715/715 716/716/716 717/717/717
f 718/718/718 719/719/719 720/720/720
f 721/721/721 722/722/722 723/723/723
f 724/724/724 725/725/725 726/726/726
f 727/727/727 728/728/728 729/729/729
f 730/730/730 731/731/731 732/732/732
f 733/733/733 734/734/734 735/735/735
f 736/736/736 737/737/737 738/738/738
f 739/739/739 740/740/740 741/741/741
f 742/742/742 743/743/743 744/744/744
f 745/745/745 746/746/746 747/747/747
f 748/748/748 749/749/749 750/750/750
f 751/751/751 752/752/752 753/753/753
f 754/754/754 755/755/755 756/756/756
f 757/757/757 758/758/758 759/759/759
f 760/760/760 761/761/761 762/762/762
f 763/763/763 764/764/764 765/765/765
f 766/766/766 767/767/767 768/768/768
f 769/769/769 770/770/770 771/771/771
f 772/772/772 773/773/773 774/774/774
f 775/775/775 776/776/776 777/777/777
f 778/778/778 779/779/779 780/780/780
f 781/781/781 782/782/782 783/783/783
f 784/784/784 785/785/785 786/786/786
f 787/787/787 788/788/788 789/789/789
f 790/790/790 791/791/791 792/792/792
f 793/793/793 794/794/794 795/795/795
f 796/796/796 797/797/797 798/798/798
f 799/799/799 800/800/800 801/801/801
f 802/802/802 803/803/803 804/804/804
f 805/805/805 806/806/806 807/807/807
f 808/808/808 809/809/809 810/810/810
f 811/811/811 812/812/812 813/813/813
f 814/814/814 815/815/815 816/816/816
f 817/817/817 818/818/818 819/819/819
f 820/820/820 821/821/821 822/822/822
f 823/823/823 824/824/824 825/825/825
f 826/826/826 827/827/827 828/828/828
f 829/829/829 830/830/830 831/831/831
f 832/832/832 833/833/833 834/834/834
f 835/835/835 836/836/836 837/837/837
f 838/838/838 839/839/839 840/840/840
f 841/841/841 842/842/842 843/843/843
f 844/844/844 845/845/845 846/846/846
f 847/847/847 848/848/848 849/849/849
f 850/850/850 851/851/851 852/852/852
f 853/853/853 854/854/854 855/855/855
f 856/856/856 857/857/857 858/858/858
f 859/859/859 860/860/860 861/861/861
f 862/862/862 863/863/863 864/864/864
f 865/865/865 866/866/866 867/867/867
f 868/868/868 869/869/869 870/870/870
f 871/871/871 872/872/872 873/873/873
f 874/874/874 875/875/875 876/876/876
f 877/877/877 878/878/878 879/879/879
f 880/880/880 881/881/881 882/882/882
f 883/883/883 884/884/884 885/885/885
f 886/886/886 887/887/887 888/888/888
f 889/889/889 890/890/890 891/891/891
f 892/892/892 893/893/893 894/894/894
f 895/895/895 896/896/896 897/897/897
f 898/898/898 899/899/899 900/900/900
f 901/901/901 902/902/902 903/903/903
f 904/904/904 905/905/905 906/906/906
f 907/907/907 908/908/908 909/909/909
f 910/910/910 911/911/911 912/912/912
f 913/913/913 914/914/914 915/915/915
f 916/916/916 917/917/917 918/918/918
f 919/919/919 920/920/920 921/921/921
f 922/922/922 923/923/923 924/924/924
f 925/925/925 926/926/926 927/927/927
f 928/928/928 929/929/929 930/930/930
f 931/931/931 932/932/932 933/933/933
f 934/934/934 935/935/935 936/936/936
f 937/937/937 938/938/938 939/939/939
f 940/940/940 941/941/941 942/942/942
f 943/943/943 944/944/944 945/945/945
f 946/946/946 947/947/947 948/948/948
f 949/949/949 950/950/950 951/951/951
f 952/952/952 953/953/953 954/954/954
f 955/955/955 956/956/956 957/957/957
f 958/958/958 959/959/959 960/960/960
f 961/961/961 962/962/962 963/963/963
f 964/964/964 965/965/965 966/966/966
f 967/967/967 968/968/968 969/969/969
f 970/970/970 971/971/971 972/972/972
f 973/973/973 974/974/974 975/975/975
f 976/976/976 977/977/977 978/978/978
f 979/979/979 980/980/980 981/981/981
f 982/982/982 983/983/983 984/984/984
f 985/985/985 986/986/986 987/987/987
f 988/988/988 989/989/989 990/990/990
f 991/991/991 992/992/992 993/993/993
f 994/994/994 995/995/995 996/996/996
f 997/997/997 998/998/998 999/999/999
f 1000/1000/1000 1001/1001/1001 1002/1002/1002
f 1003/1003/1003 1004/1004/1004 1005/1005/1005
f 1006/1006/1006 1007/1007/1007 1008/1008/1008
f 1009/1009/1009 1010/1010/1010 1011/1011/1011
f 1012/1012/1012 1013/1013/1013 1014/1014/1014
f 1015/1015/1015 1016/1016/1016 1017/1017/1017
f 1018/1018/1018 1019/1019/1019 1020/1020/1020
f 1021/1021/1021 1022/1022/1022 1023/1023/1023
f 1024/1024/1024 1025/1025/1025 1026/1026/1026
f 1027/1027/1027 1028/1028/1028 1029/1029/1029
f 1030/1030/1030 1031/1031/1031 1032/1032/1032
f 1033/1033/1033 1034/1034/1034 1035/1035/1035
f 1036/1036/1036 1037/1037/1037 1038/1038/1038
f 1039/1039/1039 1040/1040/1040 1041/1041/1041
f 1042/1042/1042 1043/1043/1043 1044/1044/1044
f 1045/1045/1045 1046/1046/1046 1047/1047/1047
f 1048/1048/1048 1049/1049/1049 1050/1050/1050
f 1051/1051/1051 1052/1052/1052 1053/1053/1053
f 1054/1054/1054 1055/1055/1055 1056/1056/1056
f 1057/1057/1057 1058/1058/1058 1059/1059/1059
f 1060/1060/1060 1061/1061/1061 1062/1062/1062
f 1063/1063/1063 1064/1064/1064 1065/1065/1065
f 1066/1066/1066 1067/1067/1067 1068/1068/1068
f 1069/1069/1069 1070/1070/1070 1071/1071/1071
f 1072/1072/1072 1073/1073/1073 1074/1074/1074
f 1075/1075/1075 1076/1076/1076 1077/1077/1077
f 1078/1078/1078 1079/1079/1079 1080/1080/1080
f 1081/1081/1081 1082/1082/1082 1083/1083/1083
f 1084/1084/1084 1085/1085/1085 1086/1086/1086
f 1087/1087/1087 1088/1088/1088 1089/1089/1089
f 1090/1090/1090 1091/1091/1091 1092/1092/1092
f 1093/1093/1093 1094/1094/1094 1095/1095/1095
f 1096/1096/1096 1097/1097/1097 1098/1098/1098
f 1099/1099/1099 1100/1100/1100 1101/1101/1101
f 1102/1102/1102 1103/1103/1103 1104/1104/1104
f 1105/1105/1105 1106/1106/1106 1107/1107/1107
f 1108/1108/1108 1109/1109/1109 1110/1110/1110
f 1111/1111/1111 1112/1112/1112 1113/1113/1113
f 1114/1114/1114 1115/1115/1115 1116/1116/1116
f 1117/1117/1117 1118/1118/1118 1119/1119/1119
f 1120/1120/1120 1121/1121/1121 1122/1122/1122
f 1123/1123/1123 1124/1124/1124 1125/1125/1125
f 1126/1126/1126 1127/1127/1127 1128/1128/1128
f 1129/1129/1129 1130/1130/1130 1131/1131/1131
f 1132/1132/1132 1133/1133/1133 1134/1134/1134
f 1135/1135/1135 1136/1136/1136 1137/1137/1137
f 1138/1138/1138 1139/1139/1139 1140/1140/1140
f 1141/1141/1141 1142/1142/1142 1143/1143/1143
f 1144/1144/1144 1145/1145/1145 1146/1146/1146
f 1147/1147/1147 1148/1148/1148 1149/1149/1149
f 1150/1150/1150 1151/1151/1151 1152/1152/1152
f 1153/1153/1153 1154/1154/1154 1155/1155/1155
f 1156/1156/1156 1157/1157/1157 1158/1158/1158
f 1159/1159/1159 1160/1160/1160 1161/1161/1161
f 1162/1162/1162 1163/1163/1163 1164/1164/1164
f 1165/1165/1165 1166/1166/1166 1167/1167/1167
f 1168/1168/1168 1169/1169/1169 1170/1170/1170
f 1171/1171/1171 1172/1172/1172 1173/1173/1173
f 1174/1174/1174 1175/1175/1175 1176/1176/1176
f 1177/1177/1177 1178/1178/1178 1179/1179/1179
f 1180/1180/1180 1181/1181/1181 1182/1182/1182
f 1183/1183/1183 1184/1184/1184 1185/1185/1185
f 1186/1186/1186 1187/1187/1187 1188/1188/1188
f 1189/1189/1189 1190/1190/1190 1191/1191/1191
f 1192/1192/1192 1193/1193/1193 1194/1194/1194
f 1195/1195/1195 1196/1196/1196 1197/1197/1197
f 1198/1198/1198 1199/1199/1199 1200/1200/1200
f 1201/1201/1201 1202/1202/1202 1203/1203/1203
f 1204/1204/1204 1205/1205/1205 1206/1206/1206
f 1207/1207/1207 1208/1208/1208 1209/1209/1209
f 1210/1210/1210 1211/1211/1211 1212/1212/1212
f 1213/1213/1213 1214/1214/1214 1215/1215/1215
f 1216/1216/1216 1217/1217/1217 1218/1218/1218
f 1219/1219/1219 1220/1220/1220 1221/1221/1221
f 1222/1222/1222 1223/1223/1223 1224/1224/1224
f 1225/1225/1225 1226/1226/1226 1227/1227/1227
f 1228/1228/1228 1229/1229/1229 1230/1230/1230
f 1231/1231/1231 1232/1232/1232 1233/1233/1233
f 1234/1234/1234 1235/1235/1235 1236/1236/1236
f 1237/1237/1237 1238/1238/1238 1239/1239/1239
f 1240/1240/1240 1241/1241/1241 1242/1242/1242
f 1243/1243/1243 1244/1244/1244 1245/1245/1245
f 1246/1246/1246 1247/1247/1247 1248/1248/1248
f 1249/1249/1249 1250/1250/1250 1251/1251/1251
f 1252/1252/1252 1253/1253/1253 1254/1254/1254
f 1255/1255/1255 1256/1256/1256 1257/1257/1257
f 1258/1258/1258 1259/1259/1259 1260/1260/1260
f 1261/1261/1261 1262/1262/1262 1263/1263/1263
f 1264/1264/1264 1265/1265/1265 1266/1266/1266
f 1267/1267/1267 1268/1268/1268 1269/1269/1269
f 1270/1270/1270 1271/1271/1271 1272/1272/1272
f 1273/1273/1273 1274/1274/1274 1275/1275/1275
f 1276/1276/1276 1277/1277/1277 1278/1278/1278
f 1279/1279/1279 1280/1280/1280 1281/1281/1281
f 1282/1282/1282 1283/1283/1283 1284/1284/1284
f 1285/1285/1285 1286/1286/1286 1287/1287/1287
f 1288/1288/1288 1289/1289/1289 1290/1290/1290
f 1291/1291/1291 1292/1292/1292 1293/1293/1293
f 1294/1294/1294 1295/1295/1295 1296/1296/1296
f 1297/1297/1297 1298/1298/1298 1299/1299/1299
f 1300/1300/1300 1301/1301/1301 1302/1302/1302
f 1303/1303/1303 1304/1304/1304 1305/1305/1305
f 1306/1306/1306 1307/1307/1307 1308/1308/1308
f 1309/1309/1309 1310/1310/1310 1311/1311/1311
f 1312/1312/1312 1313/1313/1313 1314/1314/1314
f 1315/1315/1315 1316/1316/1316 1317/1317/1317
f 1318/1318/1318 1319/1319/1319 1320/1320/1320
f 1321/1321/1321 1322/1322/1322 1323/1323/1323
f 1324/1324/1324 1325/1325/1325 1326/1326/1326
f 1327/1327/1327 1328/1328/1328 1329/1329/1329
f 1330/1330/1330 1331/1331/1331 1332/1332/1332
f 1333/1333/1333 1334/1334/1334 1335/1335/1335
f 1336/1336/1336 1337/1337/1337 1338/1338/1338
f 1339/1339/1339 1340/1340/1340 1341/1341/1341
f 1342/1342/1342 1343/1343/1343 1344/1344/1344
f 1345/1345/1345 1346/1346/1346 1347/1347/1347
f 1348/1348/1348 1349/1349/1349 1350/1350/1350
f 1351/1351/1351 1352/1352/1352 1353/1353/1353
f 1354/1354/1354 1355/1355/1355 1356/1356/1356
f 1357/1357/1357 1358/1358/1358 1359/1359/1359
f 1360/1360/1360 1361/1361/1361 1362/1362/1362
f 1363/1363/1363 1364/1364/1364 1365/1365/1365
f 1366/1366/1366 1367/1367/1367 1368/1368/1368
f 1369/1369/1369 1370/1370/1370 1371/1371/1371
f 1372/1372/1372 1373/1373/1373 1374/1374/1374
f 1375/1375/1375 1376/1376/1376 1377/1377/1377
f 1378/1378/1378 1379/1379/1379 1380/1380/1380
f 1381/1381/1381 1382/1382/1382 1383/1383/1383
f 1384/1384/1384 1385/1385/1385 1386/1386/1386
f 1387/1387/1387 1388/1388/1388 1389/1389/1389
f 1390/1390/1390 1391/1391/1391 1392/1392/1392
f 1393/1393/1393 1394/1394/1394 1395/1395/1395
f 1396/1396/1396 1397/1397/1397 1398/1398/1398
f 1399/1399/1399 1400/1400/1400 1401/1401/1401
f 1402/1402/1402 1403/1403/1403 1404/1404/1404
f 1405/1405/1405 1406/1406/1406 1407/1407/1407
f 1408/1408/1408 1409/1409/1409 1410/1410/1410
f 1411/1411/1411 1412/1412/1412 1413/1413/1413
f 1414/1414/1414 1415/1415/1415 1416/1416/1416
f 1417/1417/1417 1418/1418/1418 1419/1419/1419
f 1420/1420/1420 1421/1421/1421 1422/1422/1422
f 1423/1423/1423 1424/1424/1424 1425/1425/1425
f 1426/1426/1426 1427/1427/1427 1428/1428/1428
f 1429/1429/1429 1430/1430/1430 1431/1431/1431
f 1432/1432/1432 1433/1433/1433 1434/1434/1434
f 1435/1435/1435 1436/1436/1436 1437/1437/1437
f 1438/1438/1438 1439/1439/1439 1440/1440/1440
f 1441/1441/1441 1442/1442/1442 1443/1443/1443
f 1444/1444/1444 1445/1445/1445 1446/1446/1446
f 1447/1447/1447 1448/1448/1448 1449/1449/1449
f 1450/1450/1450 1451/1451/1451 1452/1452/1452
f 1453/1453/1453 1454/1454/1454 1455/1455/1455
f 1456/1456/1456 1457/1457/1457 1458/1458/1458
f 1459/1459/1459 1460/1460/1460 1461/1461/1461
f 1462/1462/1462 1463/1463/1463 1464/1464/1464
f 1465/1465/1465 1466/1466/1466 1467/1467/1467
f 1468/1468/1468 1469/1469/1469 1470/1470/1470
f 1471/1471/1471 1472/1472/1472 1473/1473/1473
f 1474/1474/1474 1475/1475/1475 1476/1476/1476
f 1477/1477/1477 1478/1478/1478 1479/1479/1479
f 1480/1480/1480 1481/1481/1481 1482/1482/1482
f 1483/1483/1483 1484/1484/1484 1485/1485/1485
f 1486/1486/1486 1487/1487/1487 1488/1488/1488
f 1489/1489/1489 1490/1490/1490 1491/1491/1491
f 1492/1492/1492 1493/1493/1493 1494/1494/1494
f 1495/1495/1495 1496/1496/1496 1497/1497/1497
f 1498/1498/1498 1499/1499/1499 1500/1500/1500
f 1501/1501/1501 1502/1502/1502 1503/1503/1503
f 1504/1504/1504 1505/1505/1505 1506/1506/1506
f 1507/1507/1507 1508/1508/1508 1509/1509/1509
f 1510/1510/1510 1511/1511/1511 1512/1512/1512
f 1513/1513/1513 1514/1514/1514 1515/1515/1515
f 1516/1516/1516 1517/1517/1517 1518/1518/1518
f 1519/1519/1519 1520/1520/1520 1521/1521/1521
f 1522/1522/1522 1523/1523/1523 1524/1524/1524
f 1525/1525/1525 1526/1526/1526 1527/1527/1527
f 1528/1528/1528 1529/1529/1529 1530/1530/1530
f 1531/1531/1531 1532/1532/1532 1533/1533/1533
f 1534/1534/1534 1535/1535/1535 1536/1536/1536
f 1537/1537/1537 1538/1538/1538 1539/1539/1539
f 1540/1540/1540 1541/1541/1541 1542/1542/1542
f 1543/1543/1543 1544/1544/1544 1545/1545/1545
f 1546/1546/1546 1547/1547/1547 1548/1548/1548
f 1549/1549/1549 1550/1550/1550 1551/1551/1551
f 1552/1552/1552 1553/1553/1553 1554/1554/1554
f 1555/1555/1555 1556/1556/1556 1557/1557/1557
f 1558/1558/1558 1559/1559/1559 1560/1560/1560
f 1561/1561/1561 1562/1562/1562 1563/1563/1563
f 1564/1564/1564 1565/1565/1565 1566/1566/1566
f 1567/1567/1567 1568/1568/1568 1569/1569/1569
f 1570/1570/1570 1571/1571/1571 1572/1572/1572
f 1573/1573/1573 1574/1574/1574 1575/1575/1575
f 1576/1576/1576 1577/1577/1577 1578/1578/1578
f 1579/1579/1579 1580/1580/1580 1581/1581/1581
f 1582/1582/1582 1583/1583/1583 1584/1584/1584
f 1585/1585/1585 1586/1586/1586 1587/1587/1587
f 1588/1588/1588 1589/1589/1589 1590/1590/1590
f 1591/1591/1591 1592/1592/1592 1593/1593/1593
f 1594/1594/1594 1595/1595/1595 1596/1596/1596
f 1597/1597/1597 1598/1598/1598 1599/1599/1599
f 1600/1600/1600 1601/1601/1601 1602/1602/1602
f 1603/1603/1603 1604/1604/1604 1605/1605/1605
f 1606/1606/1606 1607/1607/1607 1608/1608/1608
f 1609/1609/1609 1610/1610/1610 1611/1611/1611
f 1612/1612/1612 1613/1613/1613 1614/1614/1614
f 1615/1615/1615 1616/1616/1616 1617/1617/1617
f 1618/1618/1618 1619/1619/1619 1620/1620/1620
f 1621/1621/1621 1622/1622/1622 1623/1623/1623
f 1624/1624/1624 1625/1625/1625 1626/1626/1626
f 1627/1627/1627 1628/1628/1628 1629/1629/1629
f 1630/1630/1630 1631/1631/1631 1632/1632/1632
f 1633/1633/1633 1634/1634/1634 1635/1635/1635
f 1636/1636/1636 1637/1637/1637 1638/1638/1638
f 1639/1639/1639 1640/1640/1640 1641/1641/1641
f 1642/1642/1642 1643/1643/1643 1644/1644/1644
f 1645/1645/1645 1646/1646/1646 1647/1647/1647
f 1648/1648/1648 1649/1649/1649 1650/1650/1650
f 1651/1651/1651 1652/1652/1652 1653/1653/1653
f 1654/1654/1654 1655/1655/1655 1656/1656/1656
f 1657/1657/1657 1658/1658/1658 1659/1659/1659
f 1660/1660/1660 1661/1661/1661 1662/1662/1662
f 1663/1663/1663 1664/1664/1664 1665/1665/1665
f 1666/1666/1666 1667/1667/1667 1668/1668/1668
f 1669/1669/1669 1670/1670/1670 1671/1671/1671
f 1672/1672/1672 1673/1673/1673 1674/1674/1674
f 1675/1675/1675 1676/1676/1676 1677/1677/1677
f 1678/1678/1678 1679/1679/1679 1680/1680/1680
f 1681/1681/1681 1682/1682/1682 1683/1683/1683
f 1684/1684/1684 1685/1685/1685 1686/1686/1686
f 1687/1687/1687 1688/1688/1688 1689/1689/1689
f 1690/1690/1690 1691/1691/1691 1692/1692/1692
f 1693/1693/1693 1694/1694/1694 1695/1695/1695
f 1696/1696/1696 1697/1697/1697 1698/1698/1698
f 1699/1699/1699 1700/1700/1700 1701/1701/1701
f 1702/1702/1702 1703/1703/1703 1704/1704/1704
f 1705/1705/1705 1706/1706/1706 1707/1707/1707
f 1708/1708/1708 1709/1709/1709 1710/1710/1710
f 1711/1711/1711 1712/1712/1712 1713/1713/1713
f 1714/1714/1714 1715/1715/1715 1716/1716/1716
f 1717/1717/1717 1718/1718/1718 1719/1719/1719
f 1720/1720/1720 1721/1721/1721 1722/1722/1722
f 1723/1723/1723 1724/1724/1724 1725/1725/1725
f 1726/1726/1726 1727/1727/1727 1728/1728/1728
f 1729/1729/1729 1730/1730/1730 1731/1731/1731
f 1732/1732/1732 1733/1733/1733 1734/1734/1734
f 1735/1735/1735 1736/1736/1736 1737/1737/1737
f 1738/1738/1738 1739/1739/1739 1740/1740/1740
f 1741/1741/1741 1742/1742/1742 1743/1743/1743
f 1744/1744/1744 1745/1745/1745 1746/1746/1746
f 1747/1747/1747 1748/1748/1748 1749/1749/1749
f 1750/1750/1750 1751/1751/1751 1752/1752/1752
f 1753/1753/1753 1754/1754/1754 1755/1755/1755
f 1756/1756/1756 1757/1757/1757 1758/1758/1758
f 1759/1759/1759 1760/1760/1760 1761/1761/1761
f 1762/1762/1762 1763/1763/1763 1764/1764/1764
f 1765/1765/1765 1766/1766/1766 1767/1767/1767
f 1768/1768/1768 1769/1769/1769 1770/1770/1770
f 1771/1771/1771 1772/1772/1772 1773/1773/1773
f 1774/1774/1774 1775/1775/1775 1776/1776/1776
f 1777/1777/1777 1778/1778/1778 1779/1779/1779
f 1780/1780/1780 1781/1781/1781 1782/1782/1782
f 1783/1783/1783 1784/1784/1784 1785/1785/1785
f 1786/1786/1786 1787/1787/1787 1788/1788/1788
f 1789/1789/1789 1790/1790/1790 1791/1791/1791
f 1792/1792/1792 1793/1793/1793 1794/1794/1794
f 1795/1795/1795 1796/1796/1796 1797/1797/1797
f 1798/1798/1798 1799/1799/1799 1800/1800/1800
f 1801/1801/1801 1802/1802/1802 1803/1803/1803
f 1804/1804/1804 1805/1805/1805 1806/1806/1806
f 1807/1807/1807 1808/1808/1808 1809/1809/1809
f 1810/1810/1810 1811/1811/1811 1812/1812/1812
f 1813/1813/1813 1814/1814/1814 1815/1815/1815
f 1816/1816/1816 1817/1817/1817 1818/1818/1818
f 1819/1819/1819 1820/1820/1820 1821/1821/1821
f 1822/1822/1822 1823/1823/1823 1824/1824/1824
f 1825/1825/1825 1826/1826/1826 1827/1827/1827
f 1828/1828/1828 1829/1829/1829 1830/1830/1830
f 1831/1831/1831 1832/1832/1832 1833/1833/1833
f 1834/1834/1834 1835/1835/1835 1836/1836/1836
f 1837/1837/1837 1838/1838/1838 1839/1839/1839
f 1840/1840/1840 1841/1841/1841 1842/1842/1842
f 1843/1843/1843 1844/1844/1844 1845/1845/1845
f 1846/1846/1846 1847/1847/1847 1848/1848/1848
f 1849/1849/1849 1850/1850/1850 1851/1851/1851
f 1852/1852/1852 1853/1853/1853 1854/1854/1854
f 1855/1855/1855 1856/1856/1856 1857/1857/1857
f 1858/1858/1858 1859/1859/1859 1860/1860/1860
f 1861/1861/1861 1862/1862/1862 1863/1863/1863
f 1864/1864/1864 1865/1865/1865 1866/1866/1866
f 1867/1867/1867 1868/1868/1868 1869/1869/1869
f 1870/1870/1870 1871/1871/1871 1872/1872/1872
f 1873/1873/1873 1874/1874/1874 1875/1875/1875
f 1876/1876/1876 1877/1877/1877 1878/1878/1878
f 1879/1879/1879 1880/1880/1880 1881/1881/1881
f 1882/1882/1882 1883/1883/1883 1884/1884/1884
f 1885/1885/1885 1886/1886/1886 1887/1887/1887
f 1888/1888/1888 1889/1889/1889 1890/1890/1890
f 1891/1891/1891 1892/1892/1892 1893/1893/1893
f 1894/1894/1894 1895/1895/1895 1896/1896/1896
f 1897/1897/1897 1898/1898/1898 1899/1899/1899
f 1900/1900/1900 1901/1901/1901 1902/1902/1902
f 1903/1903/1903 1904/1904/1904 1905/1905/1905
f 1906/1906/1906 1907/1907/1907 1908/1908/1908
f 1909/1909/1909 1910/1910/1910 1911/1911/1911
f 1912/1912/1912 1913/1913/1913 1914/1914/1914
f 1915/1915/1915 1916/1916/1916 1917/1917/1917
f 1918/1918/1918 1919/1919/1919 1920/1920/1920
f 1921/1921/1921 1922/1922/1922 1923/1923/1923
f 1924/1924/1924 1925/1925/1925 1926/1926/1926
f 1927/1927/1927 1928/1928/1928 1929/1929/1929
f 1930/1930/1930 1931/1931/1931 1932/1932/1932
f 1933/1933/1933 1934/1934/1934 1935/1935/1935
f 1936/1936/1936 1937/1937/1937 1938/1938/1938
f 1939/1939/1939 1940/1940/1940 1941/1941/1941
f 1942/1942/1942 1943/1943/1943 1944/1944/1944
f 1945/1945/1945 1946/1946/1946 1947/1947/1947
f 1948/1948/1948 1949/1949/1949 1950/1950/1950
f 1951/1951/1951 1952/1952/1952 1953/1953/1953
f 1954/1954/1954 1955/1955/1955 1956/1956/1956
f 1957/1957/1957 1958/1958/1958 1959/1959/1959
f 1960/1960/1960 1961/1961/1961 1962/1962/1962
f 1963/1963/1963 1964/1964/1964 1965/1965/1965
f 1966/1966/1966 1967/1967/1967 1968/1968/1968
f 1969/1969/1969 1970/1970/1970 1971/1971/1971
f 1972/1972/1972 1973/1973/1973 1974/1974/1974
f 1975/1975/1975 1976/1976/1976 1977/1977/1977
f 1978/1978/1978 1979/1979/1979 1980/1980/1980
f 1981/1981/1981 1982/1982/1982 1983/1983/1983
f 1984/1984/1984 1985/1985/1985 1986/1986/1986
f 1987/1987/1987 1988/1988/1988 1989/1989/1989
f 1990/1990/1990 1991/1991/1991 1992/1992/1992
f 1993/1993/1993 1994/1994/1994 1995/1995/1995
f 1996/1996/1996 1997/1997/1997 1998/1998/1998
f 1999/1999/1999 2000/2000/2000 2001/2001/2001
f 2002/2002/2002 2003/2003/2003 2004/2004/2004
f 2005/2005/2005 2006/2006/2006 2007/2007/2007
f 2008/2008/2008 2009/2009/2009 2010/2010/2010
f 2011/2011/2011 2012/2012/2012 2013/2013/2013
f 2014/2014/2014 2015/2015/2015 2016/2016/2016
f 2017/2017/2017 2018/2018/2018 2019/2019/2019
f 2020/2020/2020 2021/2021/2021 2022/2022/2022
f 2023/2023/2023 2024/2024/2024 2025/2025/2025
f 2026/2026/2026 2027/2027/2027 2028/2028/2028
f 2029/2029/2029 2030/2030/2030 2031/2031/2031
f 2032/2032/2032 2033/2033/2033 2034/2034/2034
f 2035/2035/2035 2036/2036/2036 2037/2037/2037
f 2038/2038/2038 2039/2039/2039 2040/2040/2040
f 2041/2041/2041 2042/2042/2042 2043/2043/2043
f 2044/2044/2044 2045/2045/2045 2046/2046/2046
f 2047/2047/2047 2048/2048/2048 2049/2049/2049
f 2050/2050/2050 2051/2051/2051 2052/2052/2052
f 2053/2053/2053 2054/2054/2054 2055/2055/2055
f 2056/2056/2056 2057/2057/2057 2058/2058/2058
f 2059/2059/2059 2060/2060/2060 2061/2061/2061
f 2062/2062/2062 2063/2063/2063 2064/2064/2064
f 2065/2065/2065 2066/2066/2066 2067/2067/2067
f 2068/2068/2068 2069/2069/2069 2070/2070/2070
f 2071/2071/2071 2072/2072/2072 2073/2073/2073
f 2074/2074/2074 2075/2075/2075 2076/2076/2076
f 2077/2077/2077 2078/2078/2078 2079/2079/2079
f 2080/2080/2080 2081/2081/2081 2082/2082/2082
f 2083/2083/2083 2084/2084/2084 2085/2085/2085
f 2086/2086/2086 2087/2087/2087 2088/2088/2088
f 2089/2089/2089 2090/2090/2090 2091/2091/2091
f 2092/2092/2092 2093/2093/2093 2094/2094/2094
f 2095/2095/2095 2096/2096/2096 2097/2097/2097
f 2098/2098/2098 2099/2099/2099 2100/2100/2100
f 2101/2101/2101 2102/2102/2102 2103/2103/2103
f 2104/2104/2104 2105/2105/2105 2106/2106/2106
f 2107/2107/2107 2108/2108/2108 2109/2109/2109
f 2110/2110/2110 2111/2111/2111 2112/2112/2112
f 2113/2113/2113 2114/2114/2114 2115/2115/2115
f 2116/2116/2116 2117/2117/2117 2118/2118/2118
f 2119/2119/2119 2120/2120/2120 2121/2121/2121
f 2122/2122/2122 2123/2123/2123 2124/2124/2124
f 2125/2125/2125 2126/2126/2126 2127/2127/2127
f 2128/2128/2128 2129/2129/2129 2130/2130/2130
f 2131/2131/2131 2132/2132/2132 2133/2133/2133
f 2134/2134/2134 2135/2135/2135 2136/2136/2136
f 2137/2137/2137 2138/2138/2138 2139/2139/2139
f 2140/2140/2140 2141/2141/2141 2142/2142/2142
f 2143/2143/2143 2144/2144/2144 2145/2145/2145
f 2146/2146/2146 2147/2147/2147 2148/2148/2148
f 2149/2149/2149 2150/2150/2150 2151/2151/2151
f 2152/2152/2152 2153/2153/2153 2154/2154/2154
f 2155/2155/2155 2156/2156/2156 2157/2157/2157
f 2158/2158/2158 2159/2159/2159 2160/2160/2160
f 2161/2161/2161 2162/2162/2162 2163/2163/2163
f 2164/2164/2164 2165/2165/2165 2166/2166/2166
f 2167/2167/2167 2168/2168/2168 2169/2169/2169
f 2170/2170/2170 2171/2171/2171 2172/2172/2172
f 2173/2173/2173 2174/2174/2174 2175/2175/2175
f 2176/2176/2176 2177/2177/2177 2178/2178/2178
f 2179/2179/2179 2180/2180/2180 2181/2181/2181
f 2182/2182/2182 2183/2183/2183 2184/2184/2184
f 2185/2185/2185 2186/2186/2186 2187/2187/2187
f 2188/2188/2188 2189/2189/2189 2190/2190/2190
f 2191/2191/2191 2192/2192/2192 2193/2193/2193
f 2194/2194/2194 2195/2195/2195 2196/2196/2196
f 2197/2197/2197 2198/2198/2198 2199/2199/2199
f 2200/2200/2200 2201/2201/2201 2202/2202/2202
f 2203/2203/2203 2204/2204/2204 2205/2205/2205
f 2206/2206/2206 2207/2207/2207 2208/2208/2208
f 2209/2209/2209 2210/2210/2210 2211/2211/2211
f 2212/2212/2212 2213/2213/2213 2214/2214/2214
f 2215/2215/2215 2216/2216/2216 2217/2217/2217
f 2218/2218/2218 2219/2219/2219 2220/2220/2220
f 2221/2221/2221 2222/2222/2222 2223/2223/2223
f 2224/2224/2224 2225/2225/2225 2226/2226/2226
f 2227/2227/2227 2228/2228/2228 2229/2229/2229
f 2230/2230/2230 2231/2231/2231 2232/2232/2232
f 2233/2233/2233 2234/2234/2234 2235/2235/2235
f 2236/2236/2236 2237/2237/2237 2238/2238/2238
f 2239/2239/2239 2240/2240/2240 2241/2241/2241
f 2242/2242/2242 2243/2243/2243 2244/2244/2244
f 2245/2245/2245 2246/2246/2246 2247/2247/2247
f 2248/2248/2248 2249/2249/2249 2250/2250/2250
f 2251/2251/2251 2252/2252/2252 2253/2253/2253
f 2254/2254/2254 2255/2255/2255 2256/2256/2256
f 2257/2257/2257 2258/2258/2258 2259/2259/2259
f 2260/2260/2260 2261/2261/2261 2262/2262/2262
f 2263/2263/2263 2264/2264/2264 2265/2265/2265
f 2266/2266/2266 2267/2267/2267 2268/2268/2268
f 2269/2269/2269 2270/2270/2270 2271/2271/2271
f 2272/2272/2272 2273/2273/2273 2274/2274/2274
f 2275/2275/2275 2276/2276/2276 2277/2277/2277
f 2278/2278/2278 2279/2279/2279 2280/2280/2280
f 2281/2281/2281 2282/2282/2282 2283/2283/2283
f 2284/2284/2284 2285/2285/2285 2286/2286/2286
f 2287/2287/2287 2288/2288/2288 2289/2289/2289
f 2290/2290/2290 2291/2291/2291 2292/2292/2292
f 2293/2293/2293 2294/2294/2294 2295/2295/2295
f 2296/2296/2296 2297/2297/2297 2298/2298/2298
f 2299/2299/2299 2300/2300/2300 2301/2301/2301
f 2302/2302/2302 2303/2303/2303 2304/2304/2304
f 2305/2305/2305 2306/2306/2306 2307/2307/2307
f 2308/2308/2308 2309/2309/2309 2310/2310/2310
f 2311/2311/2311 2312/2312/2312 2313/2313/2313
f 2314/2314/2314 2315/2315/2315 2316/2316/2316
f 2317/2317/2317 2318/2318/2318 2319/2319/2319
f 2320/2320/2320 2321/2321/2321 2322/2322/2322
f 2323/2323/2323 2324/2324/2324 2325/2325/2325
f 2326/2326/2326 2327/2327/2327 2328/2328/2328
f 2329/2329/2329 2330/2330/2330 2331/2331/2331
f 2332/2332/2332 2333/2333/2333 2334/2334/2334
f 2335/2335/2335 2336/2336/2336 2337/2337/2337
f 2338/2338/2338 2339/2339/2339 2340/2340/2340
f 2341/2341/2341 2342/2342/2342 2343/2343/2343
f 2344/2344/2344 2345/2345/2345 2346/2346/2346
f 2347/2347/2347 2348/2348/2348 2349/2349/2349
f 2350/2350/2350 2351/2351/2351 2352/2352/2352
f 2353/2353/2353 2354/2354/2354 2355/2355/2355
f 2356/2356/2356 2357/2357/2357 2358/2358/2358
f 2359/2359/2359 2360/2360/2360 2361/2361/2361
f 2362/2362/2362 2363/2363/2363 2364/2364/2364
f 2365/2365/2365 2366/2366/2366 2367/2367/2367
f 2368/2368/2368 2369/2369/2369 2370/2370/2370
f 2371/2371/2371 2372/2372/2372 2373/2373/2373
f 2374/2374/2374 2375/2375/2375 2376/2376/2376
f 2377/2377/2377 2378/2378/2378 2379/2379/2379
f 2380/2380/2380 2381/2381/2381 2382/2382/2382
f 2383/2383/2383 2384/2384/2384 2385/2385/2385
f 2386/2386/2386 2387/2387/2387 2388/2388/2388
f 2389/2389/2389 2390/2390/2390 2391/2391/2391
f 2392/2392/2392 2393/2393/2393 2394/2394/2394
f 2395/2395/2395 2396/2396/2396 2397/2397/2397
f 2398/2398/2398 2399/2399/2399 2400/2400/2400
f 2401/2401/2401 2402/2402/2402 2403/2403/2403
f 2404/2404/2404 2405/2405/2405 2406/2406/2406
f 2407/2407/2407 2408/2408/2408 2409/2409/2409
f 2410/2410/2410 2411/2411/2411 2412/2412/2412
f 2413/2413/2413 2414/2414/2414 2415/2415/2415
f 2416/2416/2416 2417/2417/2417 2418/2418/2418
f 2419/2419/2419 2420/2420/2420 2421/2421/2421
f 2422/2422/2422 2423/2423/2423 2424/2424/2424
f 2425/2425/2425 2426/2426/2426 2427/2427/2427
f 2428/2428/2428 2429/2429/2429 2430/2430/2430
f 2431/2431/2431 2432/2432/2432 2433/2433/2433
f 2434/2434/2434 2435/2435/2435 2436/2436/2436
f 2437/2437/2437 2438/2438/2438 2439/2439/2439
f 2440/2440/2440 2441/2441/2441 2442/2442/2442
f 2443/2443/2443 2444/2444/2444 2445/2445/2445
f 2446/2446/2446 2447/2447/2447 2448/2448/2448
f 2449/2449/2449 2450/2450/2450 2451/2451/2451
f 2452/2452/2452 2453/2453/2453 2454/2454/2454
f 2455/2455/2455 2456/2456/2456 2457/2457/2457
f 2458/2458/2458 2459/2459/2459 2460/2460/2460
f 2461/2461/2461 2462/2462/2462 2463/2463/2463
f 2464/2464/2464 2465/2465/2465 2466/2466/2466
f 2467/2467/2467 2468/2468/2468 2469/2469/2469
f 2470/2470/2470 2471/2471/2471 2472/2472/2472
f 2473/2473/2473 2474/2474/2474 2475/2475/2475
f 2476/2476/2476 2477/2477/2477 2478/2478/2478
f 2479/2479/2479 2480/2480/2480 2481/2481/2481
f 2482/2482/2482 2483/2483/2483 2484/2484/2484
f 2485/2485/2485 2486/2486/2486 2487/2487/2487
f 2488/2488/2488 2489/2489/2489 2490/2490/2490
f 2491/2491/2491 2492/2492/2492 2493/2493/2493
f 2494/2494/2494 2495/2495/2495 2496/2496/2496
f 2497/2497/2497 2498/2498/2498 2499/2499/2499
f 2500/2500/2500 2501/2501/2501 2502/2502/2502
f 2503/2503/2503 2504/2504/2504 2505/2505/2505
f 2506/2506/2506 2507/2507/2507 2508/2508/2508
f 2509/2509/2509 2510/2510/2510 2511/2511/2511
f 2512/2512/2512 2513/2513/2513 2514/2514/2514
f 2515/2515/2515 2516/2516/2516 2517/2517/2517
f 2518/2518/2518 2519/2519/2519 2520/2520/2520
f 2521/2521/2521 2522/2522/2522 2523/2523/2523
f 2524/2524/2524 2525/2525/2525 2526/2526/2526
f 2527/2527/2527 2528/2528/2528 2529/2529/2529
f 2530/2530/2530 2531/2531/2531 2532/2532/2532
f 2533/2533/2533 2534/2534/2534 2535/2535/2535
f 2536/2536/2536 2537/2537/2537 2538/2538/2538
f 2539/2539/2539 2540/2540/2540 2541/2541/2541
f 2542/2542/2542 2543/2543/2543 2544/2544/2544
f 2545/2545/2545 2546/2546/2546 2547/2547/2547
f 2548/2548/2548 2549/2549/2549 2550/2550/2550
f 2551/2551/2551 2552/2552/2552 2553/2553/2553
f 2554/2554/2554 2555/2555/2555 2556/2556/2556
f 2557/2557/2557 2558/2558/2558 2559/2559/2559
f 2560/2560/2560 2561/2561/2561 2562/2562/2562
f 2563/2563/2563 2564/2564/2564 2565/2565/2565
f 2566/2566/2566 2567/2567/2567 2568/2568/2568
f 2569/2569/2569 2570/2570/2570 2571/2571/2571
f 2572/2572/2572 2573/2573/2573 2574/2574/2574
f 2575/2575/2575 2576/2576/2576 2577/2577/2577
f 2578/2578/2578 2579/2579/2579 2580/2580/2580
f 2581/2581/2581 2582/2582/2582 2583/2583/2583
f 2584/2584/2584 2585/2585/2585 2586/2586/2586
f 2587/2587/2587 2588/2588/2588 2589/2589/2589
f 2590/2590/2590 2591/2591/2591 2592/2592/2592
f 2593/2593/2593 2594/2594/2594 2595/2595/2595
f 2596/2596/2596 2597/2597/2597 2598/2598/2598
f 2599/2599/2599 2600/2600/2600 2601/2601/2601
f 2602/2602/2602 2603/2603/2603 2604/2604/2604
f 2605/2605/2605 2606/2606/2606 2607/2607/2607
f 2608/2608/2608 2609/2609/2609 2610/2610/2610
f 2611/2611/2611 2612/2612/2612 2613/2613/2613
f 2614/2614/2614 2615/2615/2615 2616/2616/2616
f 2617/2617/2617 2618/2618/2618 2619/2619/2619
f 2620/2620/2620 2621/2621/2621 2622/2622/2622
f 2623/2623/2623 2624/2624/2624 2625/2625/2625
f 2626/2626/2626 2627/2627/2627 2628/2628/2628
f 2629/2629/2629 2630/2630/2630 2631/2631/2631
f 2632/2632/2632 2633/2633/2633 2634/2634/2634
f 2635/2635/2635 2636/2636/2636 2637/2637/2637
f 2638/2638/2638 2639/2639/2639 2640/2640/2640
f 2641/2641/2641 2642/2642/2642 2643/2643/2643
f 2644/2644/2644 2645/2645/2645 2646/2646/2646
f 2647/2647/2647 2648/2648/2648 2649/2649/2649
f 2650/2650/2650 2651/2651/2651 2652/2652/2652
f 2653/2653/2653 2654/2654/2654 2655/2655/2655
f 2656/2656/2656 2657/2657/2657 2658/2658/2658
f 2659/2659/2659 2660/2660/2660 2661/2661/2661
f 2662/2662/2662 2663/2663/2663 2664/2664/2664
f 2665/2665/2665 2666/2666/2666 2667/2667/2667
f 2668/2668/2668 2669/2669/2669 2670/2670/2670
f 2671/2671/2671 2672/2672/2672 2673/2673/2673
f 2674/2674/2674 2675/2675/2675 2676/2676/2676
f 2677/2677/2677 2678/2678/2678 2679/2679/2679
f 2680/2680/2680 2681/2681/2681 2682/2682/2682
f 2683/2683/2683 2684/2684/2684 2685/2685/2685
f 2686/2686/2686 2687/2687/2687 2688/2688/2688
f 2689/2689/2689 2690/2690/2690 2691/2691/2691
f 2692/2692/2692 2693/2693/2693 2694/2694/2694
f 2695/2695/2695 2696/2696/2696 2697/2697/2697
f 2698/2698/2698 2699/2699/2699 2700/2700/2700
f 2701/2701/2701 2702/2702/2702 2703/2703/2703
f 2704/2704/2704 2705/2705/2705 2706/2706/2706
f 2707/2707/2707 2708/2708/2708 2709/2709/2709
f 2710/2710/2710 2711/2711/2711 2712/2712/2712
f 2713/2713/2713 2714/2714/2714 2715/2715/2715
f 2716/2716/2716 2717/2717/2717 2718/2718/2718
f 2719/2719/2719 2720/2720/2720 2721/2721/2721
f 2722/2722/2722 2723/2723/2723 2724/2724/2724
f 2725/2725/2725 2726/2726/2726 2727/2727/2727
f 2728/2728/2728 2729/2729/2729 2730/2730/2730
f 2731/2731/2731 2732/2732/2732 2733/2733/2733
f 2734/2734/2734 2735/2735/2735 2736/2736/2736
f 2737/2737/2737 2738/2738/2738 2739/2739/2739
f 2740/2740/2740 2741/2741/2741 2742/2742/2742
f 2743/2743/2743 2744/2744/2744 2745/2745/2745
f 2746/2746/2746 2747/2747/2747 2748/2748/2748
f 2749/2749/2749 2750/2750/2750 2751/2751/2751
f 2752/2752/2752 2753/2753/2753 2754/2754/2754
f 2755/2755/2755 2756/2756/2756 2757/2757/2757
f 2758/2758/2758 2759/2759/2759 2760/2760/2760
f 2761/2761/2761 2762/2762/2762 2763/2763/2763
f 2764/2764/2764 2765/2765/2765 2766/2766/2766
f 2767/2767/2767 2768/2768/2768 2769/2769/2769
f 2770/2770/2770 2771/2771/2771 2772/2772/2772
f 2773/2773/2773 2774/2774/2774 2775/2775/2775
f 2776/2776/2776 2777/2777/2777 2778/2778/2778
f 2779/2779/2779 2780/2780/2780 2781/2781/2781
f 2782/2782/2782 2783/2783/2783 2784/2784/2784
f 2785/2785/2785 2786/2786/2786 2787/2787/2787
f 2788/2788/2788 2789/2789/2789 2790/2790/2790
f 2791/2791/2791 2792/2792/2792 2793/2793/2793
f 2794/2794/2794 2795/2795/2795 2796/2796/2796
f 2797/2797/2797 2798/2798/2798 2799/2799/2799
f 2800/2800/2800 2801/2801/2801 2802/2802/2802
f 2803/2803/2803 2804/2804/2804 2805/2805/2805
f 2806/2806/2806 2807/2807/2807 2808/2808/2808
f 2809/2809/2809 2810/2810/2810 2811/2811/2811
f 2812/2812/2812 2813/2813/2813 2814/2814/2814
f 2815/2815/2815 2816/2816/2816 2817/2817/2817
f 2818/2818/2818 2819/2819/2819 2820/2820/2820
f 2821/2821/2821 2822/2822/2822 2823/2823/2823
f 2824/2824/2824 2825/2825/2825 2826/2826/2826
f 2827/2827/2827 2828/2828/2828 2829/2829/2829
f 2830/2830/2830 2831/2831/2831 2832/2832/2832
f 2833/2833/2833 2834/2834/2834 2835/2835/2835
f 2836/2836/2836 2837/2837/2837 2838/2838/2838
f 2839/2839/2839 2840/2840/2840 2841/2841/2841
f 2842/2842/2842 2843/2843/2843 2844/2844/2844
f 2845/2845/2845 2846/2846/2846 2847/2847/2847
f 2848/2848/2848 2849/2849/2849 2850/2850/2850
f 2851/2851/2851 2852/2852/2852 2853/2853/2853
f 2854/2854/2854 2855/2855/2855 2856/2856/2856
f 2857/2857/2857 2858/2858/2858 2859/2859/2859
f 2860/2860/2860 2861/2861/2861 2862/2862/2862
f 2863/2863/2863 2864/2864/2864 2865/2865/2865
f 2866/2866/2866 2867/2867/2867 2868/2868/2868
f 2869/2869/2869 2870/2870/2870 2871/2871/2871
f 2872/2872/2872 2873/2873/2873 2874/2874/2874
f 2875/2875/2875 2876/2876/2876 2877/2877/2877
f 2878/2878/2878 2879/2879/2879 2880/2880/2880
f 2881/2881/2881 2882/2882/2882 2883/2883/2883
f 2884/2884/2884 2885/2885/2885 2886/2886/2886
f 2887/2887/2887 2888/2888/2888 2889/2889/2889
f 2890/2890/2890 2891/2891/2891 2892/2892/2892
f 2893/2893/2893 2894/2894/2894 2895/2895/2895
f 2896/2896/2896 2897/2897/2897 2898/2898/2898
f 2899/2899/2899 2900/2900/2900 2901/2901/2901
f 2902/2902/2902 2903/2903/2903 2904/2904/2904
f 2905/2905/2905 2906/2906/2906 2907/2907/2907
f 2908/2908/2908 2909/2909/2909 2910/2910/2910
f 2911/2911/2911 2912/2912/2912 2913/2913/2913
f 2914/2914/2914 2915/2915/2915 2916/2916/2916
f 2917/2917/2917 2918/2918/2918 2919/2919/2919
f 2920/2920/2920 2921/2921/2921 2922/2922/2922
f 2923/2923/2923 2924/2924/2924 2925/2925/2925
f 2926/2926/2926 2927/2927/2927 2928/2928/2928
f 2929/2929/2929 2930/2930/2930 2931/2931/2931
f 2932/2932/2932 2933/2933/2933 2934/2934/2934
f 2935/2935/2935 2936/2936/2936 2937/2937/2937
f 2938/2938/2938 2939/2939/2939 2940/2940/2940
f 2941/2941/2941 2942/2942/2942 2943/2943/2943
f 2944/2944/2944 2945/2945/2945 2946/2946/2946
f 2947/2947/2947 2948/2948/2948 2949/2949/2949
f 2950/2950/2950 2951/2951/2951 2952/2952/2952
f 2953/2953/2953 2954/2954/2954 2955/2955/2955
f 2956/2956/2956 2957/2957/2957 2958/2958/2958
f 2959/2959/2959 2960/2960/2960 2961/2961/2961
f 2962/2962/2962 2963/2963/2963 2964/2964/2964
f 2965/2965/2965 2966/2966/2966 2967/2967/2967
f 2968/2968/2968 2969/2969/2969 2970/2970/2970
f 2971/2971/2971 2972/2972/2972 2973/2973/2973
f 2974/2974/2974 2975/2975/2975 2976/2976/2976
f 2977/2977/2977 2978/2978/2978 2979/2979/2979
f 2980/2980/2980 2981/2981/2981 2982/2982/2982
f 2983/2983/2983 2984/2984/2984 2985/2985/2985
f 2986/2986/2986 2987/2987/2987 2988/2988/2988
f 2989/2989/2989 2990/2990/2990 2991/2991/2991
f 2992/2992/2992 2993/2993/2993 2994/2994/2994
f 2995/2995/2995 2996/2996/2996 2997/2997/2997
f 2998/2998/2998 2999/2999/2999 3000/3000/3000
f 3001/3001/3001 3002/3002/3002 3003/3003/3003
f 3004/3004/3004 3005/3005/3005 3006/3006/3006
f 3007/3007/3007 3008/3008/3008 3009/3009/3009
f 3010/3010/3010 3011/3011/3011 3012/3012/3012
f 3013/3013/3013 3014/3014/3014 3015/3015/3015
f 3016/3016/3016 3017/3017/3017 3018/3018/3018
f 3019/3019/3019 3020/3020/3020 3021/3021/3021
f 3022/3022/3022 3023/3023/3023 3024/3024/3024
f 3025/3025/3025 3026/3026/3026 3027/3027/3027
f 3028/3028/3028 3029/3029/3029 3030/3030/3030
f 3031/3031/3031 3032/3032/3032 3033/3033/3033
f 3034/3034/3034 3035/3035/3035 3036/3036/3036
f 3037/3037/3037 3038/3038/3038 3039/3039/3039
f 3040/3040/3040 3041/3041/3041 3042/3042/3042
f 3043/3043/3043 3044/3044/3044 3045/3045/3045
f 3046/3046/3046 3047/3047/3047 3048/3048/3048
f 3049/3049/3049 3050/3050/3050 3051/3051/3051
f 3052/3052/3052 3053/3053/3053 3054/3054/3054
f 3055/3055/3055 3056/3056/3056 3057/3057/3057
f 3058/3058/3058 3059/3059/3059 3060/3060/3060
f 3061/3061/3061 3062/3062/3062 3063/3063/3063
f 3064/3064/3064 3065/3065/3065 3066/3066/3066
f 3067/3067/3067 3068/3068/3068 3069/3069/3069
f 3070/3070/3070 3071/3071/3071 3072/3072/3072
f 3073/3073/3073 3074/3074/3074 3075/3075/3075
f 3076/3076/3076 3077/3077/3077 3078/3078/3078
f 3079/3079/3079 3080/3080/3080 3081/3081/3081
f 3082/3082/3082 3083/3083/3083 3084/3084/3084
f 3085/3085/3085 3086/3086/3086 3087/3087/3087
f 3088/3088/3088 3089/3089/3089 3090/3090/3090
f 3091/3091/3091 3092/3092/3092 3093/3093/3093
f 3094/3094/3094 3095/3095/3095 3096/3096/3096
f 3097/3097/3097 3098/3098/3098 3099/3099/3099
f 3100/3100/3100 3101/3101/3101 3102/3102/3102
f 3103/3103/3103 3104/3104/3104 3105/3105/3105
f 3106/3106/3106 3107/3107/3107 3108/3108/3108
f 3109/3109/3109 3110/3110/3110 3111/3111/3111
f 3112/3112/3112 3113/3113/3113 3114/3114/3114
f 3115/3115/3115 3116/3116/3116 3117/3117/3117
f 3118/3118/3118 3119/3119/3119 3120/3120/3120
f 3121/3121/3121 3122/3122/3122 3123/3123/3123
f 3124/3124/3124 3125/3125/3125 3126/3126/3126
f 3127/3127/3127 3128/3128/3128 3129/3129/3129
f 3130/3130/3130 3131/3131/3131 3132/3132/3132
f 3133/3133/3133 3134/3134/3134 3135/3135/3135
f 3136/3136/3136 3137/3137/3137 3138/3138/3138
f 3139/3139/3139 3140/3140/3140 3141/3141/3141
f 3142/3142/3142 3143/3143/3143 3144/3144/3144
f 3145/3145/3145 3146/3146/3146 3147/3147/3147
f 3148/3148/3148 3149/3149/3149 3150/3150/3150
f 3151/3151/3151 3152/3152/3152 3153/3153/3153
f 3154/3154/3154 3155/3155/3155 3156/3156/3156
f 3157/3157/3157 3158/3158/3158 3159/3159/3159
f 3160/3160/3160 3161/3161/3161 3162/3162/3162
f 3163/3163/3163 3164/3164/3164 3165/3165/3165
f 3166/3166/3166 3167/3167/3167 3168/3168/3168
f 3169/3169/3169 3170/3170/3170 3171/3171/3171
f 3172/3172/3172 3173/3173/3173 3174/3174/3174
f 3175/3175/3175 3176/3176/3176 3177/3177/3177
f 3178/3178/3178 3179/3179/3179 3180/3180/3180
f 3181/3181/3181 3182/3182/3182 3183/3183/3183
f 3184/3184/3184 3185/3185/3185 3186/3186/3186
f 3187/3187/3187 3188/3188/3188 3189/3189/3189
f 3190/3190/3190 3191/3191/3191 3192/3192/3192
f 3193/3193/3193 3194/3194/3194 3195/3195/3195
f 3196/3196/3196 3197/3197/3197 3198/3198/3198
f 3199/3199/3199 3200/3200/3200 3201/3201/3201
f 3202/3202/3202 3203/3203/3203 3204/3204/3204
f 3205/3205/3205 3206/3206/3206 3207/3207/3207
f 3208/3208/3208 3209/3209/3209 3210/3210/3210
f 3211/3211/3211 3212/3212/3212 3213/3213/3213
f 3214/3214/3214 3215/3215/3215 3216/3216/3216
f 3217/3217/3217 3218/3218/3218 3219/3219/3219
f 3220/3220/3220 3221/3221/3221 3222/3222/3222
f 3223/3223/3223 3224/3224/3224 3225/3225/3225
f 3226/3226/3226 3227/3227/3227 3228/3228/3228
f 3229/3229/3229 3230/3230/3230 3231/3231/3231
f 3232/3232/3232 3233/3233/3233 3234/3234/3234
f 3235/3235/3235 3236/3236/3236 3237/3237/3237
f 3238/3238/3238 3239/3239/3239 3240/3240/3240
f 3241/3241/3241 3242/3242/3242 3243/3243/3243
f 3244/3244/3244 3245/3245/3245 3246/3246/3246
f 3247/3247/3247 3248/3248/3248 3249/3249/3249
f 3250/3250/3250 3251/3251/3251 3252/3252/3252
f 3253/3253/3253 3254/3254/3254 3255/3255/3255
f 3256/3256/3256 3257/3257/3257 3258/3258/3258
f 3259/3259/3259 3260/3260/3260 3261/3261/3261
f 3262/3262/3262 3263/3263/3263 3264/3264/3264
f 3265/3265/3265 3266/3266/3266 3267/3267/3267
f 3268/3268/3268 3269/3269/3269 3270/3270/3270
f 3271/3271/3271 3272/3272/3272 3273/3273/3273
f 3274/3274/3274 3275/3275/3275 3276/3276/3276
f 3277/3277/3277 3278/3278/3278 3279/3279/3279
f 3280/3280/3280 3281/3281/3281 3282/3282/3282
f 3283/3283/3283 3284/3284/3284 3285/3285/3285
f 3286/3286/3286 3287/3287/3287 3288/3288/3288
f 3289/3289/3289 3290/3290/3290 3291/3291/3291
f 3292/3292/3292 3293/3293/3293 3294/3294/3294
f 3295/3295/3295 3296/3296/3296 3297/3297/3297
f 3298/3298/3298 3299/3299/3299 3300/3300/3300
f 3301/3301/3301 3302/3302/3302 3303/3303/3303
f 3304/3304/3304 3305/3305/3305 3306/3306/3306
f 3307/3307/3307 3308/3308/3308 3309/3309/3309
f 3310/3310/3310 3311/3311/3311 3312/3312/3312
f 3313/3313/3313 3314/3314/3314 3315/3315/3315
f 3316/3316/3316 3317/3317/3317 3318/3318/3318
f 3319/3319/3319 3320/3320/3320 3321/3321/3321
f 3322/3322/3322 3323/3323/3323 3324/3324/3324
f 3325/3325/3325 3326/3326/3326 3327/3327/3327
f 3328/3328/3328 3329/3329/3329 3330/3330/3330
f 3331/3331/3331 3332/3332/3332 3333/3333/3333
f 3334/3334/3334 3335/3335/3335 3336/3336/3336
f 3337/3337/3337 3338/3338/3338 3339/3339/3339
f 3340/3340/3340 3341/3341/3341 3342/3342/3342
f 3343/3343/3343 3344/3344/3344 3345/3345/3345
f 3346/3346/3346 3347/3347/3347 3348/3348/3348
f 3349/3349/3349 3350/3350/3350 3351/3351/3351
f 3352/3352/3352 3353/3353/3353 3354/3354/3354
f 3355/3355/3355 3356/3356/3356 3357/3357/3357
f 3358/3358/3358 3359/3359/3359 3360/3360/3360
f 3361/3361/3361 3362/3362/3362 3363/3363/3363
f 3364/3364/3364 3365/3365/3365 3366/3366/3366
f 3367/3367/3367 3368/3368/3368 3369/3369/3369
f 3370/3370/3370 3371/3371/3371 3372/3372/3372
f 3373/3373/3373 3374/3374/3374 3375/3375/3375
f 3376/3376/3376 3377/3377/3377 3378/3378/3378
f 3379/3379/3379 3380/3380/3380 3381/3381/3381
f 3382/3382/3382 3383/3383/3383 3384/3384/3384
f 3385/3385/3385 3386/3386/3386 3387/3387/3387
f 3388/3388/3388 3389/3389/3389 3390/3390/3390
f 3391/3391/3391 3392/3392/3392 3393/3393/3393
f 3394/3394/3394 3395/3395/3395 3396/3396/3396
f 3397/3397/3397 3398/3398/3398 3399/3399/3399
f 3400/3400/3400 3401/3401/3401 3402/3402/3402
f 3403/3403/3403 3404/3404/3404 3405/3405/3405
f 3406/3406/3406 3407/3407/3407 3408/3408/3408
f 3409/3409/3409 3410/3410/3410 3411/3411/3411
f 3412/3412/3412 3413/3413/3413 3414/3414/3414
f 3415/3415/3415 3416/3416/3416 3417/3417/3417
f 3418/3418/3418 3419/3419/3419 3420/3420/3420
f 3421/3421/3421 3422/3422/3422 3423/3423/3423
f 3424/3424/3424 3425/3425/3425 3426/3426/3426
f 3427/3427/3427 3428/3428/3428 3429/3429/3429
f 3430/3430/3430 3431/3431/3431 3432/3432/3432
f 3433/3433/3433 3434/3434/3434 3435/3435/3435
f 3436/3436/3436 3437/3437/3437 3438/3438/3438
f 3439/3439/3439 3440/3440/3440 3441/3441/3441
f 3442/3442/3442 3443/3443/3443 3444/3444/3444
f 3445/3445/3445 3446/3446/3446 3447/3447/3447
f 3448/3448/3448 3449/3449/3449 3450/3450/3450
f 3451/3451/3451 3452/3452/3452 3453/3453/3453
f 3454/3454/3454 3455/3455/3455 3456/3456/3456
f 3457/3457/3457 3458/3458/3458 3459/3459/3459
f 3460/3460/3460 3461/3461/3461 3462/3462/3462
f 3463/3463/3463 3464/3464/3464 3465/3465/3465
f 3466/3466/3466 3467/3467/3467 3468/3468/3468
f 3469/3469/3469 3470/3470/3470 3471/3471/3471
f 3472/3472/3472 3473/3473/3473 3474/3474/3474
f 3475/3475/3475 3476/3476/3476 3477/3477/3477
f 3478/3478/3478 3479/3479/3479 3480/3480/3480
f 3481/3481/3481 3482/3482/3482 3483/3483/3483
f 3484/3484/3484 3485/3485/3485 3486/3486/3486
f 3487/3487/3487 3488/3488/3488 3489/3489/3489
f 3490/3490/3490 3491/3491/3491 3492/3492/3492
f 3493/3493/3493 3494/3494/3494 3495/3495/3495
f 3496/3496/3496 3497/3497/3497 3498/3498/3498
f 3499/3499/3499 3500/3500/3500 3501/3501/3501
f 3502/3502/3502 3503/3503/3503 3504/3504/3504
f 3505/3505/3505 3506/3506/3506 3507/3507/3507
f 3508/3508/3508 3509/3509/3509 3510/3510/3510
f 3511/3511/3511 3512/3512/3512 3513/3513/3513
f 3514/3514/3514 3515/3515/3515 3516/3516/3516
f 3517/3517/3517 3518/3518/3518 3519/3519/3519
f 3520/3520/3520 3521/3521/3521 3522/3522/3522
f 3523/3523/3523 3524/3524/3524 3525/3525/3525
f 3526/3526/3526 3527/3527/3527 3528/3528/3528
f 3529/3529/3529 3530/3530/3530 3531/3531/3531
f 3532/3532/3532 3533/3533/3533 3534/3534/3534
f 3535/3535/3535 3536/3536/3536 3537/3537/3537
f 3538/3538/3538 3539/3539/3539 3540/3540/3540
f 3541/3541/3541 3542/3542/3542 3543/3543/3543
f 3544/3544/3544 3545/3545/3545 3546/3546/3546
f 3547/3547/3547 3548/3548/3548 3549/3549/3549
f 3550/3550/3550 3551/3551/3551 3552/3552/3552
f 3553/3553/3553 3554/3554/3554 3555/3555/3555
f 3556/3556/3556 3557/3557/3557 3558/3558/3558
f 3559/3559/3559 3560/3560/3560 3561/3561/3561
f 3562/3562/3562 3563/3563/3563 3564/3564/3564
f 3565/3565/3565 3566/3566/3566 3567/3567/3567
f 3568/3568/3568 3569/3569/3569 3570/3570/3570
f 3571/3571/3571 3572/3572/3572 3573/3573/3573
f 3574/3574/3574 3575/3575/3575 3576/3576/3576
f 3577/3577/3577 3578/3578/3578 3579/3579/3579
f 3580/3580/3580 3581/3581/3581 3582/3582/3582
f 3583/3583/3583 3584/3584/3584 3585/3585/3585
f 3586/3586/3586 3587/3587/3587 3588/3588/3588
f 3589/3589/3589 3590/3590/3590 3591/3591/3591
f 3592/3592/3592 3593/3593/3593 3594/3594/3594
f 3595/3595/3595 3596/3596/3596 3597/3597/3597
f 3598/3598/3598 3599/3599/3599 3600/3600/3600
f 3601/3601/3601 3602/3602/3602 3603/3603/3603
f 3604/3604/3604 3605/3605/3605 3606/3606/3606
f 3607/3607/3607 3608/3608/3608 3609/3609/3609
f 3610/3610/3610 3611/3611/3611 3612/3612/3612
f 3613/3613/3613 3614/3614/3614 3615/3615/3615
f 3616/3616/3616 3617/3617/3617 3618/3618/3618
f 3619/3619/3619 3620/3620/3620 3621/3621/3621
f 3622/3622/3622 3623/3623/3623 3624/3624/3624
f 3625/3625/3625 3626/3626/3626 3627/3627/3627
f 3628/3628/3628 3629/3629/3629 3630/3630/3630
f 3631/3631/3631 3632/3632/3632 3633/3633/3633
f 3634/3634/3634 3635/3635/3635 3636/3636/3636
f 3637/3637/3637 3638/3638/3638 3639/3639/3639
f 3640/3640/3640 3641/3641/3641 3642/3642/3642
f 3643/3643/3643 3644/3644/3644 3645/3645/3645
f 3646/3646/3646 3647/3647/3647 3648/3648/3648
f 3649/3649/3649 3650/3650/3650 3651/3651/3651
f 3652/3652/3652 3653/3653/3653 3654/3654/3654
f 3655/3655/3655 3656/3656/3656 3657/3657/3657
f 3658/3658/3658 3659/3659/3659 3660/3660/3660
f 3661/3661/3661 3662/3662/3662 3663/3663/3663
f 3664/3664/3664 3665/3665/3665 3666/3666/3666
f 3667/3667/3667 3668/3668/3668 3669/3669/3669
f 3670/3670/3670 3671/3671/3671 3672/3672/3672
f 3673/3673/3673 3674/3674/3674 3675/3675/3675
f 3676/3676/3676 3677/3677/3677 3678/3678/3678
f 3679/3679/3679 3680/3680/3680 3681/3681/3681
f 3682/3682/3682 3683/3683/3683 3684/3684/3684
f 3685/3685/3685 3686/3686/3686 3687/3687/3687
f 3688/3688/3688 3689/3689/3689 3690/3690/3690
f 3691/3691/3691 3692/3692/3692 3693/3693/3693
f 3694/3694/3694 3695/3695/3695 3696/3696/3696
f 3697/3697/3697 3698/3698/3698 3699/3699/3699
f 3700/3700/3700 3701/3701/3701 3702/3702/3702
f 3703/3703/3703 3704/3704/3704 3705/3705/3705
f 3706/3706/3706 3707/3707/3707 3708/3708/3708
f 3709/3709/3709 3710/3710/3710 3711/3711/3711
f 3712/3712/3712 3713/3713/3713 3714/3714/3714
f 3715/3715/3715 3716/3716/3716 3717/3717/3717
f 3718/3718/3718 3719/3719/3719 3720/3720/3720
f 3721/3721/3721 3722/3722/3722 3723/3723/3723
f 3724/3724/3724 3725/3725/3725 3726/3726/3726
f 3727/3727/3727 3728/3728/3728 3729/3729/3729
f 3730/3730/3730 3731/3731/3731 3732/3732/3732
f 3733/3733/3733 3734/3734/3734 3735/3735/3735
f 3736/3736/3736 3737/3737/3737 3738/3738/3738
f 3739/3739/3739 3740/3740/3740 3741/3741/3741
f 3742/3742/3742 3743/3743/3743 3744/3744/3744
f 3745/3745/3745 3746/3746/3746 3747/3747/3747
f 3748/3748/3748 3749/3749/3749 3750/3750/3750
f 3751/3751/3751 3752/3752/3752 3753/3753/3753
f 3754/3754/3754 3755/3755/3755 3756/3756/3756
f 3757/3757/3757 3758/3758/3758 3759/3759/3759
f 3760/3760/3760 3761/3761/3761 3762/3762/3762
f 3763/3763/3763 3764/3764/3764 3765/3765/3765
f 3766/3766/3766 3767/3767/3767 3768/3768/3768
f 3769/3769/3769 3770/3770/3770 3771/3771/3771
f 3772/3772/3772 3773/3773/3773 3774/3774/3774
f 3775/3775/3775 3776/3776/3776 3777/3777/3777
f 3778/3778/3778 3779/3779/3779 3780/3780/3780
f 3781/3781/3781 3782/3782/3782 3783/3783/3783
f 3784/3784/3784 3785/3785/3785 3786/3786/3786
f 3787/3787/3787 3788/3788/3788 3789/3789/3789
f 3790/3790/3790 3791/3791/3791 3792/3792/3792
f 3793/3793/3793 3794/3794/3794 3795/3795/3795
f 3796/3796/3796 3797/3797/3797 3798/3798/3798
f 3799/3799/3799 3800/3800/3800 3801/3801/3801
f 3802/3802/3802 3803/3803/3803 3804/3804/3804
f 3805/3805/3805 3806/3806/3806 3807/3807/3807
f 3808/3808/3808 3809/3809/3809 3810/3810/3810
f 3811/3811/3811 3812/3812/3812 3813/3813/3813
f 3814/3814/3814 3815/3815/3815 3816/3816/3816
f 3817/3817/3817 3818/3818/3818 3819/3819/3819
f 3820/3820/3820 3821/3821/3821 3822/3822/3822
f 3823/3823/3823 3824/3824/3824 3825/3825/3825
f 3826/3826/3826 3827/3827/3827 3828/3828/3828
f 3829/3829/3829 3830/3830/3830 3831/3831/3831
f 3832/3832/3832 3833/3833/3833 3834/3834/3834
f 3835/3835/3835 3836/3836/3836 3837/3837/3837
f 3838/3838/3838 3839/3839/3839 3840/3840/3840
f 3841/3841/3841 3842/3842/3842 3843/3843/3843
f 3844/3844/3844 3845/3845/3845 3846/3846/3846
f 3847/3847/3847 3848/3848/3848 3849/3849/3849
f 3850/3850/3850 3851/3851/3851 3852/3852/3852
f 3853/3853/3853 3854/3854/3854 3855/3855/3855
f 3856/3856/3856 3857/3857/3857 3858/3858/3858
f 3859/3859/3859 3860/3860/3860 3861/3861/3861
f 3862/3862/3862 3863/3863/3863 3864/3864/3864
f 3865/3865/3865 3866/3866/3866 3867/3867/3867
f 3868/3868/3868 3869/3869/3869 3870/3870/3870
f 3871/3871/3871 3872/3872/3872 3873/3873/3873
f 3874/3874/3874 3875/3875/3875 3876/3876/3876
f 3877/3877/3877 3878/3878/3878 3879/3879/3879
f 3880/3880/3880 3881/3881/3881 3882/3882/3882
f 3883/3883/3883 3884/3884/3884 3885/3885/3885
f 3886/3886/3886 3887/3887/3887 3888/3888/3888
f 3889/3889/3889 3890/3890/3890 3891/3891/3891
f 3892/3892/3892 3893/3893/3893 3894/3894/3894
f 3895/3895/3895 3896/3896/3896 3897/3897/3897
f 3898/3898/3898 3899/3899/3899 3900/3900/3900
f 3901/3901/3901 3902/3902/3902 3903/3903/3903
f 3904/3904/3904 3905/3905/3905 3906/3906/3906
f 3907/3907/3907 3908/3908/3908 3909/3909/3909
f 3910/3910/3910 3911/3911/3911 3912/3912/3912
f 3913/3913/3913 3914/3914/3914 3915/3915/3915
f 3916/3916/3916 3917/3917/3917 3918/3918/3918
f 3919/3919/3919 3920/3920/3920 3921/3921/3921
f 3922/3922/3922 3923/3923/3923 3924/3924/3924
f 3925/3925/3925 3926/3926/3926 3927/3927/3927
f 3928/3928/3928 3929/3929/3929 3930/3930/3930
f 3931/3931/3931 3932/3932/3932 3933/3933/3933
f 3934/3934/3934 3935/3935/3935 3936/3936/3936
f 3937/3937/3937 3938/3938/3938 3939/3939/3939
f 3940/3940/3940 3941/3941/3941 3942/3942/3942
f 3943/3943/3943 3944/3944/3944 3945/3945/3945
f 3946/3946/3946 3947/3947/3947 3948/3948/3948
f 3949/3949/3949 3950/3950/3950 3951/3951/3951
f 3952/3952/3952 3953/3953/3953 3954/3954/3954
f 3955/3955/3955 3956/3956/3956 3957/3957/3957
f 3958/3958/3958 3959/3959/3959 3960/3960/3960
f 3961/3961/3961 3962/3962/3962 3963/3963/3963
f 3964/3964/3964 3965/3965/3965 3966/3966/3966
f 3967/3967/3967 3968/3968/3968 3969/3969/3969
f 3970/3970/3970 3971/3971/3971 3972/3972/3972
f 3973/3973/3973 3974/3974/3974 3975/3975/3975
f 3976/3976/3976 3977/3977/3977 3978/3978/3978
f 3979/3979/3979 3980/3980/3980 3981/3981/3981
f 3982/3982/3982 3983/3983/3983 3984/3984/3984
f 3985/3985/3985 3986/3986/3986 3987/3987/3987
f 3988/3988/3988 3989/3989/3989 3990/3990/3990
f 3991/3991/3991 3992/3992/3992 3993/3993/3993
f 3994/3994/3994 3995/3995/3995 3996/3996/3996
f 3997/3997/3997 3998/3998/3998 3999/3999/3999
f 4000/4000/4000 4001/4001/4001 4002/4002/4002
f 4003/4003/4003 4004/4004/4004 4005/4005/4005
f 4006/4006/4006 4007/4007/4007 4008/4008/4008
f 4009/4009/4009 4010/4010/4010 4011/4011/4011
f 4012/4012/4012 4013/4013/4013 4014/4014/4014
f 4015/4015/4015 4016/4016/4016 4017/4017/4017
f 4018/4018/4018 4019/4019/4019 4020/4020/4020
f 4021/4021/4021 4022/4022/4022 4023/4023/4023
f 4024/4024/4024 4025/4025/4025 4026/4026/4026
f 4027/4027/4027 4028/4028/4028 4029/4029/4029
f 4030/4030/4030 4031/4031/4031 4032/4032/4032
f 4033/4033/4033 4034/4034/4034 4035/4035/4035
f 4036/4036/4036 4037/4037/4037 4038/4038/4038
f 4039/4039/4039 4040/4040/4040 4041/4041/4041
f 4042/4042/4042 4043/4043/4043 4044/4044/4044
f 4045/4045/4045 4046/4046/4046 4047/4047/4047
f 4048/4048/4048 4049/4049/4049 4050/4050/4050
f 4051/4051/4051 4052/4052/4052 4053/4053/4053
f 4054/4054/4054 4055/4055/4055 4056/4056/4056
f 4057/4057/4057 4058/4058/4058 4059/4059/4059
f 4060/4060/4060 4061/4061/4061 4062/4062/4062
f 4063/4063/4063 4064/4064/4064 4065/4065/4065
f 4066/4066/4066 4067/4067/4067 4068/4068/4068
f 4069/4069/4069 4070/4070/4070 4071/4071/4071
f 4072/4072/4072 4073/4073/4073 4074/4074/4074
f 4075/4075/4075 4076/4076/4076 4077/4077/4077
f 4078/4078/4078 4079/4079/4079 4080/4080/4080
f 4081/4081/4081 4082/4082/4082 4083/4083/4083
f 4084/4084/4084 4085/4085/4085 4086/4086/4086
f 4087/4087/4087 4088/4088/4088 4089/4089/4089
f 4090/4090/4090 4091/4091/4091 4092/4092/4092
f 4093/4093/4093 4094/4094/4094 4095/4095/4095
f 4096/4096/4096 4097/4097/4097 4098/4098/4098
f 4099/4099/4099 4100/4100/4100 4101/4101/4101
f 4102/4102/4102 4103/4103/4103 4104/4104/4104
f 4105/4105/4105 4106/4106/4106 4107/4107/4107
f 4108/4108/4108 4109/4109/4109 4110/4110/4110
f 4111/4111/4111 4112/4112/4112 4113/4113/4113
f 4114/4114/4114 4115/4115/4115 4116/4116/4116
f 4117/4117/4117 4118/4118/4118 4119/4119/4119
f 4120/4120/4120 4121/4121/4121 4122/4122/4122
f 4123/4123/4123 4124/4124/4124 4125/4125/4125
f 4126/4126/4126 4127/4127/4127 4128/4128/4128
f 4129/4129/4129 4130/4130/4130 4131/4131/4131
f 4132/4132/4132 4133/4133/4133 4134/4134/4134
f 4135/4135/4135 4136/4136/4136 4137/4137/4137
f 4138/4138/4138 4139/4139/4139 4140/4140/4140
f 4141/4141/4141 4142/4142/4142 4143/4143/4143
f 4144/4144/4144 4145/4145/4145 4146/4146/4146
f 4147/4147/4147 4148/4148/4148 4149/4149/4149
f 4150/4150/4150 4151/4151/4151 4152/4152/4152
f 4153/4153/4153 4154/4154/4154 4155/4155/4155
f 4156/4156/4156 4157/4157/4157 4158/4158/4158
f 4159/4159/4159 4160/4160/4160 4161/4161/4161
f 4162/4162/4162 4163/4163/4163 4164/4164/4164
f 4165/4165/4165 4166/4166/4166 4167/4167/4167
f 4168/4168/4168 4169/4169/4169 4170/4170/4170
f 4171/4171/4171 4172/4172/4172 4173/4173/4173
f 4174/4174/4174 4175/4175/4175 4176/4176/4176
f 4177/4177/4177 4178/4178/4178 4179/4179/4179
f 4180/4180/4180 4181/4181/4181 4182/4182/4182
f 4183/4183/4183 4184/4184/4184 4185/4185/4185
f 4186/4186/4186 4187/4187/4187 4188/4188/4188
f 4189/4189/4189 4190/4190/4190 4191/4191/4191
f 4192/4192/4192 4193/4193/4193 4194/4194/4194
f 4195/4195/4195 4196/4196/4196 4197/4197/4197
f 4198/4198/4198 4199/4199/4199 4200/4200/4200
f 4201/4201/4201 4202/4202/4202 4203/4203/4203
f 4204/4204/4204 4205/4205/4205 4206/4206/4206
f 4207/4207/4207 4208/4208/4208 4209/4209/4209
f 4210/4210/4210 4211/4211/4211 4212/4212/4212
f 4213/4213/4213 4214/4214/4214 4215/4215/4215
f 4216/4216/4216 4217/4217/4217 4218/4218/4218
f 4219/4219/4219 4220/4220/4220 4221/4221/4221
f 4222/4222/4222 4223/4223/4223 4224/4224/4224
f 4225/4225/4225 4226/4226/4226 4227/4227/4227
f 4228/4228/4228 4229/4229/4229 4230/4230/4230
f 4231/4231/4231 4232/4232/4232 4233/4233/4233
f 4234/4234/4234 4235/4235/4235 4236/4236/4236
