mtllib jaro-letter-u.mtl
o U
usemtl plastic
v 5.564884 -19.708738 -2.873884
v -2.547306 -19.708738 -2.873884
v -2.621195 -19.705268 -2.873884
v 5.707763 -19.688327 -2.873884
v 5.641427 -19.703635 -2.873884
v 5.564884 -19.708738 -2.873884
v 5.809818 -19.627093 -2.873884
v 5.763892 -19.662813 -2.873884
v 5.707763 -19.688327 -2.873884
v 5.871051 -19.525038 -2.873884
v 5.845537 -19.581168 -2.873884
v 5.809818 -19.627093 -2.873884
v 5.891462 -19.382160 -2.873884
v 5.886359 -19.458702 -2.873884
v 5.871051 -19.525038 -2.873884
v 5.886359 -2.545647 -2.873884
v 5.891462 -2.622190 -2.873884
v 5.891462 -19.382160 -2.873884
v 5.845537 -2.423182 -2.873884
v 5.871051 -2.479311 -2.873884
v 5.886359 -2.545647 -2.873884
v 5.763892 -2.341537 -2.873884
v 5.809818 -2.377256 -2.873884
v 5.845537 -2.423182 -2.873884
v 5.641427 -2.300715 -2.873884
v 5.707763 -2.316022 -2.873884
v 5.763892 -2.341537 -2.873884
v 1.018923 -2.295612 -2.873884
v 5.564884 -2.295612 -2.873884
v 5.641427 -2.300715 -2.873884
v 0.876045 -2.316022 -2.873884
v 0.942381 -2.300715 -2.873884
v 1.018923 -2.295612 -2.873884
v 0.773990 -2.377256 -2.873884
v 0.819914 -2.341537 -2.873884
v 0.876045 -2.316022 -2.873884
v 0.712756 -2.479311 -2.873884
v 0.738270 -2.423182 -2.873884
v 0.773990 -2.377256 -2.873884
v 0.692345 -2.622190 -2.873884
v 0.697448 -2.545647 -2.873884
v 0.712756 -2.479311 -2.873884
v -0.684384 -2.545647 -2.873884
v -0.679282 -2.622190 -2.873884
v -0.679282 -14.352862 -2.873884
v -0.725207 -2.423182 -2.873884
v -0.699693 -2.479311 -2.873884
v -0.684384 -2.545647 -2.873884
v -0.806851 -2.341537 -2.873884
v -0.760926 -2.377256 -2.873884
v -0.725207 -2.423182 -2.873884
v -0.929318 -2.300715 -2.873884
v -0.862982 -2.316022 -2.873884
v -0.806851 -2.341537 -2.873884
v -5.564885 -2.295612 -2.873884
v -1.005859 -2.295612 -2.873884
v -0.929318 -2.300715 -2.873884
v -5.707763 -2.316022 -2.873884
v -5.641427 -2.300715 -2.873884
v -5.564885 -2.295612 -2.873884
v -5.809818 -2.377256 -2.873884
v -5.763893 -2.341537 -2.873884
v -5.707763 -2.316022 -2.873884
v -5.871051 -2.479311 -2.873884
v -5.845537 -2.423182 -2.873884
v -5.809818 -2.377256 -2.873884
v -5.891462 -2.622190 -2.873884
v -5.886360 -2.545647 -2.873884
v -5.871051 -2.479311 -2.873884
v -5.888197 -16.428264 -2.873884
v -5.891462 -16.351519 -2.873884
v -5.891462 -2.622190 -2.873884
v -5.862071 -16.571958 -2.873884
v -5.878400 -16.501744 -2.873884
v -5.888197 -16.428264 -2.873884
v -5.809818 -16.702590 -2.873884
v -5.839210 -16.638907 -2.873884
v -5.862071 -16.571958 -2.873884
v -5.731439 -16.820158 -2.873884
v -5.773894 -16.763007 -2.873884
v -5.809818 -16.702590 -2.873884
v -3.069831 -19.486665 -2.873884
v -5.682453 -16.874043 -2.873884
v -5.731439 -16.820158 -2.873884
v -2.953896 -19.583822 -2.873884
v -3.013088 -19.538713 -2.873884
v -3.069831 -19.486665 -2.873884
v -2.828163 -19.653220 -2.873884
v -2.892254 -19.621991 -2.873884
v -2.953896 -19.583822 -2.873884
v -2.692634 -19.694858 -2.873884
v -2.761623 -19.677509 -2.873884
v -2.828163 -19.653220 -2.873884
v 5.564884 -19.708738 -2.873884
v -2.621195 -19.705268 -2.873884
v -2.692634 -19.694858 -2.873884
v 5.809818 -19.627093 -2.873884
v 5.707763 -19.688327 -2.873884
v 5.564884 -19.708738 -2.873884
v 5.891462 -19.382160 -2.873884
v 5.871051 -19.525038 -2.873884
v 5.809818 -19.627093 -2.873884
v 5.845537 -2.423182 -2.873884
v 5.886359 -2.545647 -2.873884
v 5.891462 -19.382160 -2.873884
v 5.641427 -2.300715 -2.873884
v 5.763892 -2.341537 -2.873884
v 5.845537 -2.423182 -2.873884
v 0.876045 -2.316022 -2.873884
v 1.018923 -2.295612 -2.873884
v 5.641427 -2.300715 -2.873884
v 0.712756 -2.479311 -2.873884
v 0.773990 -2.377256 -2.873884
v 0.876045 -2.316022 -2.873884
v 0.692345 -14.849261 -2.873884
v 0.692345 -2.622190 -2.873884
v 0.712756 -2.479311 -2.873884
v -0.725207 -2.423182 -2.873884
v -0.684384 -2.545647 -2.873884
v -0.679282 -14.352862 -2.873884
v -0.929318 -2.300715 -2.873884
v -0.806851 -2.341537 -2.873884
v -0.725207 -2.423182 -2.873884
v -5.707763 -2.316022 -2.873884
v -5.564885 -2.295612 -2.873884
v -0.929318 -2.300715 -2.873884
v -5.871051 -2.479311 -2.873884
v -5.809818 -2.377256 -2.873884
v -5.707763 -2.316022 -2.873884
v -5.888197 -16.428264 -2.873884
v -5.891462 -2.622190 -2.873884
v -5.871051 -2.479311 -2.873884
v -5.809818 -16.702590 -2.873884
v -5.862071 -16.571958 -2.873884
v -5.888197 -16.428264 -2.873884
v -3.069831 -19.486665 -2.873884
v -5.731439 -16.820158 -2.873884
v -5.809818 -16.702590 -2.873884
v -2.828163 -19.653220 -2.873884
v -2.953896 -19.583822 -2.873884
v -3.069831 -19.486665 -2.873884
v 5.564884 -19.708738 -2.873884
v -2.692634 -19.694858 -2.873884
v -2.828163 -19.653220 -2.873884
v 5.891462 -19.382160 -2.873884
v 5.809818 -19.627093 -2.873884
v 5.564884 -19.708738 -2.873884
v 5.641427 -2.300715 -2.873884
v 5.845537 -2.423182 -2.873884
v 5.891462 -19.382160 -2.873884
v 0.712756 -2.479311 -2.873884
v 0.876045 -2.316022 -2.873884
v 5.641427 -2.300715 -2.873884
v -0.929318 -2.300715 -2.873884
v -0.725207 -2.423182 -2.873884
v -0.679282 -14.352862 -2.873884
v -5.871051 -2.479311 -2.873884
v -5.707763 -2.316022 -2.873884
v -0.929318 -2.300715 -2.873884
v -5.809818 -16.702590 -2.873884
v -5.888197 -16.428264 -2.873884
v -5.871051 -2.479311 -2.873884
v -2.828163 -19.653220 -2.873884
v -3.069831 -19.486665 -2.873884
v -5.809818 -16.702590 -2.873884
v 5.891462 -19.382160 -2.873884
v 5.564884 -19.708738 -2.873884
v -2.828163 -19.653220 -2.873884
v 0.712756 -2.479311 -2.873884
v 5.641427 -2.300715 -2.873884
v 5.891462 -19.382160 -2.873884
v -5.871051 -2.479311 -2.873884
v -0.929318 -2.300715 -2.873884
v -0.679282 -14.352862 -2.873884
v -2.828163 -19.653220 -2.873884
v -5.809818 -16.702590 -2.873884
v -5.871051 -2.479311 -2.873884
v 0.692345 -14.849261 -2.873884
v 0.712756 -2.479311 -2.873884
v 5.891462 -19.382160 -2.873884
v -5.871051 -2.479311 -2.873884
v -0.679282 -14.352862 -2.873884
v -0.671730 -14.469206 -2.873884
v 0.692345 -14.849261 -2.873884
v 5.891462 -19.382160 -2.873884
v -2.828163 -19.653220 -2.873884
v -5.871051 -2.479311 -2.873884
v -0.671730 -14.469206 -2.873884
v -0.649073 -14.570037 -2.873884
v -0.195946 -14.849261 -2.873884
v 0.692345 -14.849261 -2.873884
v -2.828163 -19.653220 -2.873884
v -2.828163 -19.653220 -2.873884
v -5.871051 -2.479311 -2.873884
v -0.649073 -14.570037 -2.873884
v -0.309228 -14.841505 -2.873884
v -0.195946 -14.849261 -2.873884
v -2.828163 -19.653220 -2.873884
v -2.828163 -19.653220 -2.873884
v -0.649073 -14.570037 -2.873884
v -0.611313 -14.655355 -2.873884
v -0.407406 -14.818236 -2.873884
v -0.309228 -14.841505 -2.873884
v -2.828163 -19.653220 -2.873884
v -2.828163 -19.653220 -2.873884
v -0.611313 -14.655355 -2.873884
v -0.558448 -14.725161 -2.873884
v -0.490479 -14.779455 -2.873884
v -0.407406 -14.818236 -2.873884
v -2.828163 -19.653220 -2.873884
v -2.828163 -19.653220 -2.873884
v -0.558448 -14.725161 -2.873884
v -0.490479 -14.779455 -2.873884
v -2.621195 -19.705268 2.873884
v -2.547306 -19.708738 2.873884
v 5.564884 -19.708738 2.873884
v 5.564884 -19.708738 2.873884
v 5.641427 -19.703635 2.873884
v 5.707763 -19.688327 2.873884
v 5.707763 -19.688327 2.873884
v 5.763892 -19.662813 2.873884
v 5.809818 -19.627093 2.873884
v 5.809818 -19.627093 2.873884
v 5.845537 -19.581168 2.873884
v 5.871051 -19.525038 2.873884
v 5.871051 -19.525038 2.873884
v 5.886359 -19.458702 2.873884
v 5.891462 -19.382160 2.873884
v 5.891462 -19.382160 2.873884
v 5.891462 -2.622190 2.873884
v 5.886359 -2.545647 2.873884
v 5.886359 -2.545647 2.873884
v 5.871051 -2.479311 2.873884
v 5.845537 -2.423182 2.873884
v 5.845537 -2.423182 2.873884
v 5.809818 -2.377256 2.873884
v 5.763892 -2.341537 2.873884
v 5.763892 -2.341537 2.873884
v 5.707763 -2.316022 2.873884
v 5.641427 -2.300715 2.873884
v 5.641427 -2.300715 2.873884
v 5.564884 -2.295612 2.873884
v 1.018923 -2.295612 2.873884
v 1.018923 -2.295612 2.873884
v 0.942381 -2.300715 2.873884
v 0.876045 -2.316022 2.873884
v 0.876045 -2.316022 2.873884
v 0.819914 -2.341537 2.873884
v 0.773990 -2.377256 2.873884
v 0.773990 -2.377256 2.873884
v 0.738270 -2.423182 2.873884
v 0.712756 -2.479311 2.873884
v 0.712756 -2.479311 2.873884
v 0.697448 -2.545647 2.873884
v 0.692345 -2.622190 2.873884
v -0.679282 -14.352862 2.873884
v -0.679282 -2.622190 2.873884
v -0.684384 -2.545647 2.873884
v -0.684384 -2.545647 2.873884
v -0.699693 -2.479311 2.873884
v -0.725207 -2.423182 2.873884
v -0.725207 -2.423182 2.873884
v -0.760926 -2.377256 2.873884
v -0.806851 -2.341537 2.873884
v -0.806851 -2.341537 2.873884
v -0.862982 -2.316022 2.873884
v -0.929318 -2.300715 2.873884
v -0.929318 -2.300715 2.873884
v -1.005859 -2.295612 2.873884
v -5.564885 -2.295612 2.873884
v -5.564885 -2.295612 2.873884
v -5.641427 -2.300715 2.873884
v -5.707763 -2.316022 2.873884
v -5.707763 -2.316022 2.873884
v -5.763893 -2.341537 2.873884
v -5.809818 -2.377256 2.873884
v -5.809818 -2.377256 2.873884
v -5.845537 -2.423182 2.873884
v -5.871051 -2.479311 2.873884
v -5.871051 -2.479311 2.873884
v -5.886360 -2.545647 2.873884
v -5.891462 -2.622190 2.873884
v -5.891462 -2.622190 2.873884
v -5.891462 -16.351519 2.873884
v -5.888197 -16.428264 2.873884
v -5.888197 -16.428264 2.873884
v -5.878400 -16.501744 2.873884
v -5.862071 -16.571958 2.873884
v -5.862071 -16.571958 2.873884
v -5.839210 -16.638907 2.873884
v -5.809818 -16.702590 2.873884
v -5.809818 -16.702590 2.873884
v -5.773894 -16.763007 2.873884
v -5.731439 -16.820158 2.873884
v -5.731439 -16.820158 2.873884
v -5.682453 -16.874043 2.873884
v -3.069831 -19.486665 2.873884
v -3.069831 -19.486665 2.873884
v -3.013088 -19.538713 2.873884
v -2.953896 -19.583822 2.873884
v -2.953896 -19.583822 2.873884
v -2.892254 -19.621991 2.873884
v -2.828163 -19.653220 2.873884
v -2.828163 -19.653220 2.873884
v -2.761623 -19.677509 2.873884
v -2.692634 -19.694858 2.873884
v -2.692634 -19.694858 2.873884
v -2.621195 -19.705268 2.873884
v 5.564884 -19.708738 2.873884
v 5.564884 -19.708738 2.873884
v 5.707763 -19.688327 2.873884
v 5.809818 -19.627093 2.873884
v 5.809818 -19.627093 2.873884
v 5.871051 -19.525038 2.873884
v 5.891462 -19.382160 2.873884
v 5.891462 -19.382160 2.873884
v 5.886359 -2.545647 2.873884
v 5.845537 -2.423182 2.873884
v 5.845537 -2.423182 2.873884
v 5.763892 -2.341537 2.873884
v 5.641427 -2.300715 2.873884
v 5.641427 -2.300715 2.873884
v 1.018923 -2.295612 2.873884
v 0.876045 -2.316022 2.873884
v 0.876045 -2.316022 2.873884
v 0.773990 -2.377256 2.873884
v 0.712756 -2.479311 2.873884
v 0.712756 -2.479311 2.873884
v 0.692345 -2.622190 2.873884
v 0.692345 -14.849261 2.873884
v -0.679282 -14.352862 2.873884
v -0.684384 -2.545647 2.873884
v -0.725207 -2.423182 2.873884
v -0.725207 -2.423182 2.873884
v -0.806851 -2.341537 2.873884
v -0.929318 -2.300715 2.873884
v -0.929318 -2.300715 2.873884
v -5.564885 -2.295612 2.873884
v -5.707763 -2.316022 2.873884
v -5.707763 -2.316022 2.873884
v -5.809818 -2.377256 2.873884
v -5.871051 -2.479311 2.873884
v -5.871051 -2.479311 2.873884
v -5.891462 -2.622190 2.873884
v -5.888197 -16.428264 2.873884
v -5.888197 -16.428264 2.873884
v -5.862071 -16.571958 2.873884
v -5.809818 -16.702590 2.873884
v -5.809818 -16.702590 2.873884
v -5.731439 -16.820158 2.873884
v -3.069831 -19.486665 2.873884
v -3.069831 -19.486665 2.873884
v -2.953896 -19.583822 2.873884
v -2.828163 -19.653220 2.873884
v -2.828163 -19.653220 2.873884
v -2.692634 -19.694858 2.873884
v 5.564884 -19.708738 2.873884
v 5.564884 -19.708738 2.873884
v 5.809818 -19.627093 2.873884
v 5.891462 -19.382160 2.873884
v 5.891462 -19.382160 2.873884
v 5.845537 -2.423182 2.873884
v 5.641427 -2.300715 2.873884
v 5.641427 -2.300715 2.873884
v 0.876045 -2.316022 2.873884
v 0.712756 -2.479311 2.873884
v -0.679282 -14.352862 2.873884
v -0.725207 -2.423182 2.873884
v -0.929318 -2.300715 2.873884
v -0.929318 -2.300715 2.873884
v -5.707763 -2.316022 2.873884
v -5.871051 -2.479311 2.873884
v -5.871051 -2.479311 2.873884
v -5.888197 -16.428264 2.873884
v -5.809818 -16.702590 2.873884
v -5.809818 -16.702590 2.873884
v -3.069831 -19.486665 2.873884
v -2.828163 -19.653220 2.873884
v -2.828163 -19.653220 2.873884
v 5.564884 -19.708738 2.873884
v 5.891462 -19.382160 2.873884
v 5.891462 -19.382160 2.873884
v 5.641427 -2.300715 2.873884
v 0.712756 -2.479311 2.873884
v -0.679282 -14.352862 2.873884
v -0.929318 -2.300715 2.873884
v -5.871051 -2.479311 2.873884
v -5.871051 -2.479311 2.873884
v -5.809818 -16.702590 2.873884
v -2.828163 -19.653220 2.873884
v 5.891462 -19.382160 2.873884
v 0.712756 -2.479311 2.873884
v 0.692345 -14.849261 2.873884
v -0.671730 -14.469206 2.873884
v -0.679282 -14.352862 2.873884
v -5.871051 -2.479311 2.873884
v -2.828163 -19.653220 2.873884
v 5.891462 -19.382160 2.873884
v 0.692345 -14.849261 2.873884
v -0.649073 -14.570037 2.873884
v -0.671730 -14.469206 2.873884
v -5.871051 -2.479311 2.873884
v -2.828163 -19.653220 2.873884
v 0.692345 -14.849261 2.873884
v -0.195946 -14.849261 2.873884
v -0.649073 -14.570037 2.873884
v -5.871051 -2.479311 2.873884
v -2.828163 -19.653220 2.873884
v -2.828163 -19.653220 2.873884
v -0.195946 -14.849261 2.873884
v -0.309228 -14.841505 2.873884
v -0.611313 -14.655355 2.873884
v -0.649073 -14.570037 2.873884
v -2.828163 -19.653220 2.873884
v -2.828163 -19.653220 2.873884
v -0.309228 -14.841505 2.873884
v -0.407406 -14.818236 2.873884
v -0.558448 -14.725161 2.873884
v -0.611313 -14.655355 2.873884
v -2.828163 -19.653220 2.873884
v -2.828163 -19.653220 2.873884
v -0.407406 -14.818236 2.873884
v -0.490479 -14.779455 2.873884
v -0.490479 -14.779455 2.873884
v -0.558448 -14.725161 2.873884
v -2.828163 -19.653220 2.873884
v 5.564884 -19.708738 -2.873884
v 5.641427 -19.703635 -2.873884
v 5.571035 -19.893478 -2.797362
v 5.641427 -19.703635 -2.873884
v 5.668514 -19.886979 -2.797362
v 5.571035 -19.893478 -2.797362
v 5.571035 -19.893478 -2.797362
v 5.668514 -19.886979 -2.797362
v 5.573584 -19.970000 -2.612622
v 5.668514 -19.886979 -2.797362
v 5.679735 -19.962923 -2.612622
v 5.573584 -19.970000 -2.612622
v 5.573584 -19.970000 -2.612622
v 5.679735 -19.962923 -2.612622
v 5.573584 -19.970000 2.612622
v 5.679735 -19.962923 -2.612622
v 5.679735 -19.962923 2.612622
v 5.573584 -19.970000 2.612622
v 5.573584 -19.970000 2.612622
v 5.679735 -19.962923 2.612622
v 5.571035 -19.893478 2.797363
v 5.679735 -19.962923 2.612622
v 5.668514 -19.886979 2.797363
v 5.571035 -19.893478 2.797363
v 5.571035 -19.893478 2.797363
v 5.668514 -19.886979 2.797363
v 5.564884 -19.708738 2.873884
v 5.668514 -19.886979 2.797363
v 5.641427 -19.703635 2.873884
v 5.564884 -19.708738 2.873884
v 5.641427 -19.703635 -2.873884
v 5.707763 -19.688327 -2.873884
v 5.668514 -19.886979 -2.797362
v 5.707763 -19.688327 -2.873884
v 5.767348 -19.864172 -2.797362
v 5.668514 -19.886979 -2.797362
v 5.668514 -19.886979 -2.797362
v 5.767348 -19.864172 -2.797362
v 5.679735 -19.962923 -2.612622
v 5.767348 -19.864172 -2.797362
v 5.792030 -19.937009 -2.612622
v 5.679735 -19.962923 -2.612622
v 5.679735 -19.962923 -2.612622
v 5.792030 -19.937009 -2.612622
v 5.679735 -19.962923 2.612622
v 5.792030 -19.937009 -2.612622
v 5.792030 -19.937009 2.612622
v 5.679735 -19.962923 2.612622
v 5.679735 -19.962923 2.612622
v 5.792030 -19.937009 2.612622
v 5.668514 -19.886979 2.797363
v 5.792030 -19.937009 2.612622
v 5.767348 -19.864172 2.797363
v 5.668514 -19.886979 2.797363
v 5.668514 -19.886979 2.797363
v 5.767348 -19.864172 2.797363
v 5.641427 -19.703635 2.873884
v 5.767348 -19.864172 2.797363
v 5.707763 -19.688327 2.873884
v 5.641427 -19.703635 2.873884
v 5.707763 -19.688327 -2.873884
v 5.763892 -19.662813 -2.873884
v 5.767348 -19.864172 -2.797362
v 5.763892 -19.662813 -2.873884
v 5.860142 -19.821993 -2.797362
v 5.767348 -19.864172 -2.797362
v 5.767348 -19.864172 -2.797362
v 5.860142 -19.821993 -2.797362
v 5.792030 -19.937009 -2.612622
v 5.860142 -19.821993 -2.797362
v 5.900010 -19.887927 -2.612622
v 5.792030 -19.937009 -2.612622
v 5.792030 -19.937009 -2.612622
v 5.900010 -19.887927 -2.612622
v 5.792030 -19.937009 2.612622
v 5.900010 -19.887927 -2.612622
v 5.900010 -19.887927 2.612622
v 5.792030 -19.937009 2.612622
v 5.792030 -19.937009 2.612622
v 5.900010 -19.887927 2.612622
v 5.767348 -19.864172 2.797363
v 5.900010 -19.887927 2.612622
v 5.860142 -19.821993 2.797363
v 5.767348 -19.864172 2.797363
v 5.767348 -19.864172 2.797363
v 5.860142 -19.821993 2.797363
v 5.707763 -19.688327 2.873884
v 5.860142 -19.821993 2.797363
v 5.763892 -19.662813 2.873884
v 5.707763 -19.688327 2.873884
v 5.763892 -19.662813 -2.873884
v 5.809818 -19.627093 -2.873884
v 5.860142 -19.821993 -2.797362
v 5.809818 -19.627093 -2.873884
v 5.941466 -19.758741 -2.797362
v 5.860142 -19.821993 -2.797362
v 5.860142 -19.821993 -2.797362
v 5.941466 -19.758741 -2.797362
v 5.900010 -19.887927 -2.612622
v 5.941466 -19.758741 -2.797362
v 5.995996 -19.813271 -2.612622
v 5.900010 -19.887927 -2.612622
v 5.900010 -19.887927 -2.612622
v 5.995996 -19.813271 -2.612622
v 5.900010 -19.887927 2.612622
v 5.995996 -19.813271 -2.612622
v 5.995996 -19.813271 2.612622
v 5.900010 -19.887927 2.612622
v 5.900010 -19.887927 2.612622
v 5.995996 -19.813271 2.612622
v 5.860142 -19.821993 2.797363
v 5.995996 -19.813271 2.612622
v 5.941466 -19.758741 2.797363
v 5.860142 -19.821993 2.797363
v 5.860142 -19.821993 2.797363
v 5.941466 -19.758741 2.797363
v 5.763892 -19.662813 2.873884
v 5.941466 -19.758741 2.797363
v 5.809818 -19.627093 2.873884
v 5.763892 -19.662813 2.873884
v 5.809818 -19.627093 -2.873884
v 5.845537 -19.581168 -2.873884
v 5.941466 -19.758741 -2.797362
v 5.845537 -19.581168 -2.873884
v 6.004718 -19.677417 -2.797362
v 5.941466 -19.758741 -2.797362
v 5.941466 -19.758741 -2.797362
v 6.004718 -19.677417 -2.797362
v 5.995996 -19.813271 -2.612622
v 6.004718 -19.677417 -2.797362
v 6.070653 -19.717285 -2.612622
v 5.995996 -19.813271 -2.612622
v 5.995996 -19.813271 -2.612622
v 6.070653 -19.717285 -2.612622
v 5.995996 -19.813271 2.612622
v 6.070653 -19.717285 -2.612622
v 6.070653 -19.717285 2.612622
v 5.995996 -19.813271 2.612622
v 5.995996 -19.813271 2.612622
v 6.070653 -19.717285 2.612622
v 5.941466 -19.758741 2.797363
v 6.070653 -19.717285 2.612622
v 6.004718 -19.677417 2.797363
v 5.941466 -19.758741 2.797363
v 5.941466 -19.758741 2.797363
v 6.004718 -19.677417 2.797363
v 5.809818 -19.627093 2.873884
v 6.004718 -19.677417 2.797363
v 5.845537 -19.581168 2.873884
v 5.809818 -19.627093 2.873884
v 5.845537 -19.581168 -2.873884
v 5.871051 -19.525038 -2.873884
v 6.004718 -19.677417 -2.797362
v 5.871051 -19.525038 -2.873884
v 6.046895 -19.584624 -2.797362
v 6.004718 -19.677417 -2.797362
v 6.004718 -19.677417 -2.797362
v 6.046895 -19.584624 -2.797362
v 6.070653 -19.717285 -2.612622
v 6.046895 -19.584624 -2.797362
v 6.119733 -19.609305 -2.612622
v 6.070653 -19.717285 -2.612622
v 6.070653 -19.717285 -2.612622
v 6.119733 -19.609305 -2.612622
v 6.070653 -19.717285 2.612622
v 6.119733 -19.609305 -2.612622
v 6.119733 -19.609305 2.612622
v 6.070653 -19.717285 2.612622
v 6.070653 -19.717285 2.612622
v 6.119733 -19.609305 2.612622
v 6.004718 -19.677417 2.797363
v 6.119733 -19.609305 2.612622
v 6.046895 -19.584624 2.797363
v 6.004718 -19.677417 2.797363
v 6.004718 -19.677417 2.797363
v 6.046895 -19.584624 2.797363
v 5.845537 -19.581168 2.873884
v 6.046895 -19.584624 2.797363
v 5.871051 -19.525038 2.873884
v 5.845537 -19.581168 2.873884
v 5.871051 -19.525038 -2.873884
v 5.886359 -19.458702 -2.873884
v 6.046895 -19.584624 -2.797362
v 5.886359 -19.458702 -2.873884
v 6.069704 -19.485790 -2.797362
v 6.046895 -19.584624 -2.797362
v 6.046895 -19.584624 -2.797362
v 6.069704 -19.485790 -2.797362
v 6.119733 -19.609305 -2.612622
v 6.069704 -19.485790 -2.797362
v 6.145648 -19.497010 -2.612622
v 6.119733 -19.609305 -2.612622
v 6.119733 -19.609305 -2.612622
v 6.145648 -19.497010 -2.612622
v 6.119733 -19.609305 2.612622
v 6.145648 -19.497010 -2.612622
v 6.145648 -19.497010 2.612622
v 6.119733 -19.609305 2.612622
v 6.119733 -19.609305 2.612622
v 6.145648 -19.497010 2.612622
v 6.046895 -19.584624 2.797363
v 6.145648 -19.497010 2.612622
v 6.069704 -19.485790 2.797363
v 6.046895 -19.584624 2.797363
v 6.046895 -19.584624 2.797363
v 6.069704 -19.485790 2.797363
v 5.871051 -19.525038 2.873884
v 6.069704 -19.485790 2.797363
v 5.886359 -19.458702 2.873884
v 5.871051 -19.525038 2.873884
v 5.886359 -19.458702 -2.873884
v 5.891462 -19.382160 -2.873884
v 6.069704 -19.485790 -2.797362
v 5.891462 -19.382160 -2.873884
v 6.076203 -19.388311 -2.797362
v 6.069704 -19.485790 -2.797362
v 6.069704 -19.485790 -2.797362
v 6.076203 -19.388311 -2.797362
v 6.145648 -19.497010 -2.612622
v 6.076203 -19.388311 -2.797362
v 6.152724 -19.390859 -2.612622
v 6.145648 -19.497010 -2.612622
v 6.145648 -19.497010 -2.612622
v 6.152724 -19.390859 -2.612622
v 6.145648 -19.497010 2.612622
v 6.152724 -19.390859 -2.612622
v 6.152724 -19.390859 2.612622
v 6.145648 -19.497010 2.612622
v 6.145648 -19.497010 2.612622
v 6.152724 -19.390859 2.612622
v 6.069704 -19.485790 2.797363
v 6.152724 -19.390859 2.612622
v 6.076203 -19.388311 2.797363
v 6.069704 -19.485790 2.797363
v 6.069704 -19.485790 2.797363
v 6.076203 -19.388311 2.797363
v 5.886359 -19.458702 2.873884
v 6.076203 -19.388311 2.797363
v 5.891462 -19.382160 2.873884
v 5.886359 -19.458702 2.873884
v 5.891462 -19.382160 -2.873884
v 5.891462 -2.622190 -2.873884
v 6.076203 -19.388311 -2.797362
v 5.891462 -2.622190 -2.873884
v 6.076203 -2.616038 -2.797362
v 6.076203 -19.388311 -2.797362
v 6.076203 -19.388311 -2.797362
v 6.076203 -2.616038 -2.797362
v 6.152724 -19.390859 -2.612622
v 6.076203 -2.616038 -2.797362
v 6.152724 -2.613491 -2.612622
v 6.152724 -19.390859 -2.612622
v 6.152724 -19.390859 -2.612622
v 6.152724 -2.613491 -2.612622
v 6.152724 -19.390859 2.612622
v 6.152724 -2.613491 -2.612622
v 6.152724 -2.613491 2.612622
v 6.152724 -19.390859 2.612622
v 6.152724 -19.390859 2.612622
v 6.152724 -2.613491 2.612622
v 6.076203 -19.388311 2.797363
v 6.152724 -2.613491 2.612622
v 6.076203 -2.616038 2.797363
v 6.076203 -19.388311 2.797363
v 6.076203 -19.388311 2.797363
v 6.076203 -2.616038 2.797363
v 5.891462 -19.382160 2.873884
v 6.076203 -2.616038 2.797363
v 5.891462 -2.622190 2.873884
v 5.891462 -19.382160 2.873884
v 5.891462 -2.622190 -2.873884
v 5.886359 -2.545647 -2.873884
v 6.076203 -2.616038 -2.797362
v 5.886359 -2.545647 -2.873884
v 6.069704 -2.518560 -2.797362
v 6.076203 -2.616038 -2.797362
v 6.076203 -2.616038 -2.797362
v 6.069704 -2.518560 -2.797362
v 6.152724 -2.613491 -2.612622
v 6.069704 -2.518560 -2.797362
v 6.145648 -2.507339 -2.612622
v 6.152724 -2.613491 -2.612622
v 6.152724 -2.613491 -2.612622
v 6.145648 -2.507339 -2.612622
v 6.152724 -2.613491 2.612622
v 6.145648 -2.507339 -2.612622
v 6.145648 -2.507339 2.612622
v 6.152724 -2.613491 2.612622
v 6.152724 -2.613491 2.612622
v 6.145648 -2.507339 2.612622
v 6.076203 -2.616038 2.797363
v 6.145648 -2.507339 2.612622
v 6.069704 -2.518560 2.797363
v 6.076203 -2.616038 2.797363
v 6.076203 -2.616038 2.797363
v 6.069704 -2.518560 2.797363
v 5.891462 -2.622190 2.873884
v 6.069704 -2.518560 2.797363
v 5.886359 -2.545647 2.873884
v 5.891462 -2.622190 2.873884
v 5.886359 -2.545647 -2.873884
v 5.871051 -2.479311 -2.873884
v 6.069704 -2.518560 -2.797362
v 5.871051 -2.479311 -2.873884
v 6.046895 -2.419726 -2.797362
v 6.069704 -2.518560 -2.797362
v 6.069704 -2.518560 -2.797362
v 6.046895 -2.419726 -2.797362
v 6.145648 -2.507339 -2.612622
v 6.046895 -2.419726 -2.797362
v 6.119733 -2.395043 -2.612622
v 6.145648 -2.507339 -2.612622
v 6.145648 -2.507339 -2.612622
v 6.119733 -2.395043 -2.612622
v 6.145648 -2.507339 2.612622
v 6.119733 -2.395043 -2.612622
v 6.119733 -2.395043 2.612622
v 6.145648 -2.507339 2.612622
v 6.145648 -2.507339 2.612622
v 6.119733 -2.395043 2.612622
v 6.069704 -2.518560 2.797363
v 6.119733 -2.395043 2.612622
v 6.046895 -2.419726 2.797363
v 6.069704 -2.518560 2.797363
v 6.069704 -2.518560 2.797363
v 6.046895 -2.419726 2.797363
v 5.886359 -2.545647 2.873884
v 6.046895 -2.419726 2.797363
v 5.871051 -2.479311 2.873884
v 5.886359 -2.545647 2.873884
v 5.871051 -2.479311 -2.873884
v 5.845537 -2.423182 -2.873884
v 6.046895 -2.419726 -2.797362
v 5.845537 -2.423182 -2.873884
v 6.004718 -2.326932 -2.797362
v 6.046895 -2.419726 -2.797362
v 6.046895 -2.419726 -2.797362
v 6.004718 -2.326932 -2.797362
v 6.119733 -2.395043 -2.612622
v 6.004718 -2.326932 -2.797362
v 6.070653 -2.287064 -2.612622
v 6.119733 -2.395043 -2.612622
v 6.119733 -2.395043 -2.612622
v 6.070653 -2.287064 -2.612622
v 6.119733 -2.395043 2.612622
v 6.070653 -2.287064 -2.612622
v 6.070653 -2.287064 2.612622
v 6.119733 -2.395043 2.612622
v 6.119733 -2.395043 2.612622
v 6.070653 -2.287064 2.612622
v 6.046895 -2.419726 2.797363
v 6.070653 -2.287064 2.612622
v 6.004718 -2.326932 2.797363
v 6.046895 -2.419726 2.797363
v 6.046895 -2.419726 2.797363
v 6.004718 -2.326932 2.797363
v 5.871051 -2.479311 2.873884
v 6.004718 -2.326932 2.797363
v 5.845537 -2.423182 2.873884
v 5.871051 -2.479311 2.873884
v 5.845537 -2.423182 -2.873884
v 5.809818 -2.377256 -2.873884
v 6.004718 -2.326932 -2.797362
v 5.809818 -2.377256 -2.873884
v 5.941466 -2.245608 -2.797362
v 6.004718 -2.326932 -2.797362
v 6.004718 -2.326932 -2.797362
v 5.941466 -2.245608 -2.797362
v 6.070653 -2.287064 -2.612622
v 5.941466 -2.245608 -2.797362
v 5.995996 -2.191078 -2.612622
v 6.070653 -2.287064 -2.612622
v 6.070653 -2.287064 -2.612622
v 5.995996 -2.191078 -2.612622
v 6.070653 -2.287064 2.612622
v 5.995996 -2.191078 -2.612622
v 5.995996 -2.191078 2.612622
v 6.070653 -2.287064 2.612622
v 6.070653 -2.287064 2.612622
v 5.995996 -2.191078 2.612622
v 6.004718 -2.326932 2.797363
v 5.995996 -2.191078 2.612622
v 5.941466 -2.245608 2.797363
v 6.004718 -2.326932 2.797363
v 6.004718 -2.326932 2.797363
v 5.941466 -2.245608 2.797363
v 5.845537 -2.423182 2.873884
v 5.941466 -2.245608 2.797363
v 5.809818 -2.377256 2.873884
v 5.845537 -2.423182 2.873884
v 5.809818 -2.377256 -2.873884
v 5.763892 -2.341537 -2.873884
v 5.941466 -2.245608 -2.797362
v 5.763892 -2.341537 -2.873884
v 5.860142 -2.182358 -2.797362
v 5.941466 -2.245608 -2.797362
v 5.941466 -2.245608 -2.797362
v 5.860142 -2.182358 -2.797362
v 5.995996 -2.191078 -2.612622
v 5.860142 -2.182358 -2.797362
v 5.900010 -2.116423 -2.612622
v 5.995996 -2.191078 -2.612622
v 5.995996 -2.191078 -2.612622
v 5.900010 -2.116423 -2.612622
v 5.995996 -2.191078 2.612622
v 5.900010 -2.116423 -2.612622
v 5.900010 -2.116423 2.612622
v 5.995996 -2.191078 2.612622
v 5.995996 -2.191078 2.612622
v 5.900010 -2.116423 2.612622
v 5.941466 -2.245608 2.797363
v 5.900010 -2.116423 2.612622
v 5.860142 -2.182358 2.797363
v 5.941466 -2.245608 2.797363
v 5.941466 -2.245608 2.797363
v 5.860142 -2.182358 2.797363
v 5.809818 -2.377256 2.873884
v 5.860142 -2.182358 2.797363
v 5.763892 -2.341537 2.873884
v 5.809818 -2.377256 2.873884
v 5.763892 -2.341537 -2.873884
v 5.707763 -2.316022 -2.873884
v 5.860142 -2.182358 -2.797362
v 5.707763 -2.316022 -2.873884
v 5.767348 -2.140178 -2.797362
v 5.860142 -2.182358 -2.797362
v 5.860142 -2.182358 -2.797362
v 5.767348 -2.140178 -2.797362
v 5.900010 -2.116423 -2.612622
v 5.767348 -2.140178 -2.797362
v 5.792030 -2.067341 -2.612622
v 5.900010 -2.116423 -2.612622
v 5.900010 -2.116423 -2.612622
v 5.792030 -2.067341 -2.612622
v 5.900010 -2.116423 2.612622
v 5.792030 -2.067341 -2.612622
v 5.792030 -2.067341 2.612622
v 5.900010 -2.116423 2.612622
v 5.900010 -2.116423 2.612622
v 5.792030 -2.067341 2.612622
v 5.860142 -2.182358 2.797363
v 5.792030 -2.067341 2.612622
v 5.767348 -2.140178 2.797363
v 5.860142 -2.182358 2.797363
v 5.860142 -2.182358 2.797363
v 5.767348 -2.140178 2.797363
v 5.763892 -2.341537 2.873884
v 5.767348 -2.140178 2.797363
v 5.707763 -2.316022 2.873884
v 5.763892 -2.341537 2.873884
v 5.707763 -2.316022 -2.873884
v 5.641427 -2.300715 -2.873884
v 5.767348 -2.140178 -2.797362
v 5.641427 -2.300715 -2.873884
v 5.668514 -2.117370 -2.797362
v 5.767348 -2.140178 -2.797362
v 5.767348 -2.140178 -2.797362
v 5.668514 -2.117370 -2.797362
v 5.792030 -2.067341 -2.612622
v 5.668514 -2.117370 -2.797362
v 5.679735 -2.041426 -2.612622
v 5.792030 -2.067341 -2.612622
v 5.792030 -2.067341 -2.612622
v 5.679735 -2.041426 -2.612622
v 5.792030 -2.067341 2.612622
v 5.679735 -2.041426 -2.612622
v 5.679735 -2.041426 2.612622
v 5.792030 -2.067341 2.612622
v 5.792030 -2.067341 2.612622
v 5.679735 -2.041426 2.612622
v 5.767348 -2.140178 2.797363
v 5.679735 -2.041426 2.612622
v 5.668514 -2.117370 2.797363
v 5.767348 -2.140178 2.797363
v 5.767348 -2.140178 2.797363
v 5.668514 -2.117370 2.797363
v 5.707763 -2.316022 2.873884
v 5.668514 -2.117370 2.797363
v 5.641427 -2.300715 2.873884
v 5.707763 -2.316022 2.873884
v 5.641427 -2.300715 -2.873884
v 5.564884 -2.295612 -2.873884
v 5.668514 -2.117370 -2.797362
v 5.564884 -2.295612 -2.873884
v 5.571035 -2.110872 -2.797362
v 5.668514 -2.117370 -2.797362
v 5.668514 -2.117370 -2.797362
v 5.571035 -2.110872 -2.797362
v 5.679735 -2.041426 -2.612622
v 5.571035 -2.110872 -2.797362
v 5.573584 -2.034349 -2.612622
v 5.679735 -2.041426 -2.612622
v 5.679735 -2.041426 -2.612622
v 5.573584 -2.034349 -2.612622
v 5.679735 -2.041426 2.612622
v 5.573584 -2.034349 -2.612622
v 5.573584 -2.034349 2.612622
v 5.679735 -2.041426 2.612622
v 5.679735 -2.041426 2.612622
v 5.573584 -2.034349 2.612622
v 5.668514 -2.117370 2.797363
v 5.573584 -2.034349 2.612622
v 5.571035 -2.110872 2.797363
v 5.668514 -2.117370 2.797363
v 5.668514 -2.117370 2.797363
v 5.571035 -2.110872 2.797363
v 5.641427 -2.300715 2.873884
v 5.571035 -2.110872 2.797363
v 5.564884 -2.295612 2.873884
v 5.641427 -2.300715 2.873884
v 5.564884 -2.295612 -2.873884
v 1.018923 -2.295612 -2.873884
v 5.571035 -2.110872 -2.797362
v 1.018923 -2.295612 -2.873884
v 1.012772 -2.110872 -2.797362
v 5.571035 -2.110872 -2.797362
v 5.571035 -2.110872 -2.797362
v 1.012772 -2.110872 -2.797362
v 5.573584 -2.034349 -2.612622
v 1.012772 -2.110872 -2.797362
v 1.010223 -2.034349 -2.612622
v 5.573584 -2.034349 -2.612622
v 5.573584 -2.034349 -2.612622
v 1.010223 -2.034349 -2.612622
v 5.573584 -2.034349 2.612622
v 1.010223 -2.034349 -2.612622
v 1.010223 -2.034349 2.612622
v 5.573584 -2.034349 2.612622
v 5.573584 -2.034349 2.612622
v 1.010223 -2.034349 2.612622
v 5.571035 -2.110872 2.797363
v 1.010223 -2.034349 2.612622
v 1.012772 -2.110872 2.797363
v 5.571035 -2.110872 2.797363
v 5.571035 -2.110872 2.797363
v 1.012772 -2.110872 2.797363
v 5.564884 -2.295612 2.873884
v 1.012772 -2.110872 2.797363
v 1.018923 -2.295612 2.873884
v 5.564884 -2.295612 2.873884
v 1.018923 -2.295612 -2.873884
v 0.942381 -2.300715 -2.873884
v 1.012772 -2.110872 -2.797362
v 0.942381 -2.300715 -2.873884
v 0.915293 -2.117370 -2.797362
v 1.012772 -2.110872 -2.797362
v 1.012772 -2.110872 -2.797362
v 0.915293 -2.117370 -2.797362
v 1.010223 -2.034349 -2.612622
v 0.915293 -2.117370 -2.797362
v 0.904073 -2.041426 -2.612622
v 1.010223 -2.034349 -2.612622
v 1.010223 -2.034349 -2.612622
v 0.904073 -2.041426 -2.612622
v 1.010223 -2.034349 2.612622
v 0.904073 -2.041426 -2.612622
v 0.904073 -2.041426 2.612622
v 1.010223 -2.034349 2.612622
v 1.010223 -2.034349 2.612622
v 0.904073 -2.041426 2.612622
v 1.012772 -2.110872 2.797363
v 0.904073 -2.041426 2.612622
v 0.915293 -2.117370 2.797363
v 1.012772 -2.110872 2.797363
v 1.012772 -2.110872 2.797363
v 0.915293 -2.117370 2.797363
v 1.018923 -2.295612 2.873884
v 0.915293 -2.117370 2.797363
v 0.942381 -2.300715 2.873884
v 1.018923 -2.295612 2.873884
v 0.942381 -2.300715 -2.873884
v 0.876045 -2.316022 -2.873884
v 0.915293 -2.117370 -2.797362
v 0.876045 -2.316022 -2.873884
v 0.816459 -2.140178 -2.797362
v 0.915293 -2.117370 -2.797362
v 0.915293 -2.117370 -2.797362
v 0.816459 -2.140178 -2.797362
v 0.904073 -2.041426 -2.612622
v 0.816459 -2.140178 -2.797362
v 0.791777 -2.067341 -2.612622
v 0.904073 -2.041426 -2.612622
v 0.904073 -2.041426 -2.612622
v 0.791777 -2.067341 -2.612622
v 0.904073 -2.041426 2.612622
v 0.791777 -2.067341 -2.612622
v 0.791777 -2.067341 2.612622
v 0.904073 -2.041426 2.612622
v 0.904073 -2.041426 2.612622
v 0.791777 -2.067341 2.612622
v 0.915293 -2.117370 2.797363
v 0.791777 -2.067341 2.612622
v 0.816459 -2.140178 2.797363
v 0.915293 -2.117370 2.797363
v 0.915293 -2.117370 2.797363
v 0.816459 -2.140178 2.797363
v 0.942381 -2.300715 2.873884
v 0.816459 -2.140178 2.797363
v 0.876045 -2.316022 2.873884
v 0.942381 -2.300715 2.873884
v 0.876045 -2.316022 -2.873884
v 0.819914 -2.341537 -2.873884
v 0.816459 -2.140178 -2.797362
v 0.819914 -2.341537 -2.873884
v 0.723665 -2.182358 -2.797362
v 0.816459 -2.140178 -2.797362
v 0.816459 -2.140178 -2.797362
v 0.723665 -2.182358 -2.797362
v 0.791777 -2.067341 -2.612622
v 0.723665 -2.182358 -2.797362
v 0.683798 -2.116423 -2.612622
v 0.791777 -2.067341 -2.612622
v 0.791777 -2.067341 -2.612622
v 0.683798 -2.116423 -2.612622
v 0.791777 -2.067341 2.612622
v 0.683798 -2.116423 -2.612622
v 0.683798 -2.116423 2.612622
v 0.791777 -2.067341 2.612622
v 0.791777 -2.067341 2.612622
v 0.683798 -2.116423 2.612622
v 0.816459 -2.140178 2.797363
v 0.683798 -2.116423 2.612622
v 0.723665 -2.182358 2.797363
v 0.816459 -2.140178 2.797363
v 0.816459 -2.140178 2.797363
v 0.723665 -2.182358 2.797363
v 0.876045 -2.316022 2.873884
v 0.723665 -2.182358 2.797363
v 0.819914 -2.341537 2.873884
v 0.876045 -2.316022 2.873884
v 0.819914 -2.341537 -2.873884
v 0.773990 -2.377256 -2.873884
v 0.723665 -2.182358 -2.797362
v 0.773990 -2.377256 -2.873884
v 0.642341 -2.245608 -2.797362
v 0.723665 -2.182358 -2.797362
v 0.723665 -2.182358 -2.797362
v 0.642341 -2.245608 -2.797362
v 0.683798 -2.116423 -2.612622
v 0.642341 -2.245608 -2.797362
v 0.587811 -2.191078 -2.612622
v 0.683798 -2.116423 -2.612622
v 0.683798 -2.116423 -2.612622
v 0.587811 -2.191078 -2.612622
v 0.683798 -2.116423 2.612622
v 0.587811 -2.191078 -2.612622
v 0.587811 -2.191078 2.612622
v 0.683798 -2.116423 2.612622
v 0.683798 -2.116423 2.612622
v 0.587811 -2.191078 2.612622
v 0.723665 -2.182358 2.797363
v 0.587811 -2.191078 2.612622
v 0.642341 -2.245608 2.797363
v 0.723665 -2.182358 2.797363
v 0.723665 -2.182358 2.797363
v 0.642341 -2.245608 2.797363
v 0.819914 -2.341537 2.873884
v 0.642341 -2.245608 2.797363
v 0.773990 -2.377256 2.873884
v 0.819914 -2.341537 2.873884
v 0.773990 -2.377256 -2.873884
v 0.738270 -2.423182 -2.873884
v 0.642341 -2.245608 -2.797362
v 0.738270 -2.423182 -2.873884
v 0.579089 -2.326932 -2.797362
v 0.642341 -2.245608 -2.797362
v 0.642341 -2.245608 -2.797362
v 0.579089 -2.326932 -2.797362
v 0.587811 -2.191078 -2.612622
v 0.579089 -2.326932 -2.797362
v 0.513155 -2.287064 -2.612622
v 0.587811 -2.191078 -2.612622
v 0.587811 -2.191078 -2.612622
v 0.513155 -2.287064 -2.612622
v 0.587811 -2.191078 2.612622
v 0.513155 -2.287064 -2.612622
v 0.513155 -2.287064 2.612622
v 0.587811 -2.191078 2.612622
v 0.587811 -2.191078 2.612622
v 0.513155 -2.287064 2.612622
v 0.642341 -2.245608 2.797363
v 0.513155 -2.287064 2.612622
v 0.579089 -2.326932 2.797363
v 0.642341 -2.245608 2.797363
v 0.642341 -2.245608 2.797363
v 0.579089 -2.326932 2.797363
v 0.773990 -2.377256 2.873884
v 0.579089 -2.326932 2.797363
v 0.738270 -2.423182 2.873884
v 0.773990 -2.377256 2.873884
v 0.738270 -2.423182 -2.873884
v 0.712756 -2.479311 -2.873884
v 0.579089 -2.326932 -2.797362
v 0.712756 -2.479311 -2.873884
v 0.536911 -2.419726 -2.797362
v 0.579089 -2.326932 -2.797362
v 0.579089 -2.326932 -2.797362
v 0.536911 -2.419726 -2.797362
v 0.513155 -2.287064 -2.612622
v 0.536911 -2.419726 -2.797362
v 0.464074 -2.395043 -2.612622
v 0.513155 -2.287064 -2.612622
v 0.513155 -2.287064 -2.612622
v 0.464074 -2.395043 -2.612622
v 0.513155 -2.287064 2.612622
v 0.464074 -2.395043 -2.612622
v 0.464074 -2.395043 2.612622
v 0.513155 -2.287064 2.612622
v 0.513155 -2.287064 2.612622
v 0.464074 -2.395043 2.612622
v 0.579089 -2.326932 2.797363
v 0.464074 -2.395043 2.612622
v 0.536911 -2.419726 2.797363
v 0.579089 -2.326932 2.797363
v 0.579089 -2.326932 2.797363
v 0.536911 -2.419726 2.797363
v 0.738270 -2.423182 2.873884
v 0.536911 -2.419726 2.797363
v 0.712756 -2.479311 2.873884
v 0.738270 -2.423182 2.873884
v 0.712756 -2.479311 -2.873884
v 0.697448 -2.545647 -2.873884
v 0.536911 -2.419726 -2.797362
v 0.697448 -2.545647 -2.873884
v 0.514103 -2.518560 -2.797362
v 0.536911 -2.419726 -2.797362
v 0.536911 -2.419726 -2.797362
v 0.514103 -2.518560 -2.797362
v 0.464074 -2.395043 -2.612622
v 0.514103 -2.518560 -2.797362
v 0.438159 -2.507339 -2.612622
v 0.464074 -2.395043 -2.612622
v 0.464074 -2.395043 -2.612622
v 0.438159 -2.507339 -2.612622
v 0.464074 -2.395043 2.612622
v 0.438159 -2.507339 -2.612622
v 0.438159 -2.507339 2.612622
v 0.464074 -2.395043 2.612622
v 0.464074 -2.395043 2.612622
v 0.438159 -2.507339 2.612622
v 0.536911 -2.419726 2.797363
v 0.438159 -2.507339 2.612622
v 0.514103 -2.518560 2.797363
v 0.536911 -2.419726 2.797363
v 0.536911 -2.419726 2.797363
v 0.514103 -2.518560 2.797363
v 0.712756 -2.479311 2.873884
v 0.514103 -2.518560 2.797363
v 0.697448 -2.545647 2.873884
v 0.712756 -2.479311 2.873884
v 0.697448 -2.545647 -2.873884
v 0.692345 -2.622190 -2.873884
v 0.514103 -2.518560 -2.797362
v 0.692345 -2.622190 -2.873884
v 0.507604 -2.616038 -2.797362
v 0.514103 -2.518560 -2.797362
v 0.514103 -2.518560 -2.797362
v 0.507604 -2.616038 -2.797362
v 0.438159 -2.507339 -2.612622
v 0.507604 -2.616038 -2.797362
v 0.431082 -2.613491 -2.612622
v 0.438159 -2.507339 -2.612622
v 0.438159 -2.507339 -2.612622
v 0.431082 -2.613491 -2.612622
v 0.438159 -2.507339 2.612622
v 0.431082 -2.613491 -2.612622
v 0.431082 -2.613491 2.612622
v 0.438159 -2.507339 2.612622
v 0.438159 -2.507339 2.612622
v 0.431082 -2.613491 2.612622
v 0.514103 -2.518560 2.797363
v 0.431082 -2.613491 2.612622
v 0.507604 -2.616038 2.797363
v 0.514103 -2.518560 2.797363
v 0.514103 -2.518560 2.797363
v 0.507604 -2.616038 2.797363
v 0.697448 -2.545647 2.873884
v 0.507604 -2.616038 2.797363
v 0.692345 -2.622190 2.873884
v 0.697448 -2.545647 2.873884
v 0.692345 -2.622190 -2.873884
v 0.692345 -14.849261 -2.873884
v 0.507604 -2.616038 -2.797362
v 0.692345 -14.849261 -2.873884
v 0.507604 -14.664520 -2.797362
v 0.507604 -2.616038 -2.797362
v 0.507604 -2.616038 -2.797362
v 0.507604 -14.664520 -2.797362
v 0.431082 -2.613491 -2.612622
v 0.507604 -14.664520 -2.797362
v 0.431082 -14.587999 -2.612622
v 0.431082 -2.613491 -2.612622
v 0.431082 -2.613491 -2.612622
v 0.431082 -14.587999 -2.612622
v 0.431082 -2.613491 2.612622
v 0.431082 -14.587999 -2.612622
v 0.431082 -14.587999 2.612622
v 0.431082 -2.613491 2.612622
v 0.431082 -2.613491 2.612622
v 0.431082 -14.587999 2.612622
v 0.507604 -2.616038 2.797363
v 0.431082 -14.587999 2.612622
v 0.507604 -14.664520 2.797363
v 0.507604 -2.616038 2.797363
v 0.507604 -2.616038 2.797363
v 0.507604 -14.664520 2.797363
v 0.692345 -2.622190 2.873884
v 0.507604 -14.664520 2.797363
v 0.692345 -14.849261 2.873884
v 0.692345 -2.622190 2.873884
v 0.692345 -14.849261 -2.873884
v -0.195946 -14.849261 -2.873884
v 0.507604 -14.664520 -2.797362
v -0.195946 -14.849261 -2.873884
v -0.189630 -14.664520 -2.797362
v 0.507604 -14.664520 -2.797362
v 0.507604 -14.664520 -2.797362
v -0.189630 -14.664520 -2.797362
v 0.431082 -14.587999 -2.612622
v -0.189630 -14.664520 -2.797362
v -0.187013 -14.587999 -2.612622
v 0.431082 -14.587999 -2.612622
v 0.431082 -14.587999 -2.612622
v -0.187013 -14.587999 -2.612622
v 0.431082 -14.587999 2.612622
v -0.187013 -14.587999 -2.612622
v -0.187013 -14.587999 2.612622
v 0.431082 -14.587999 2.612622
v 0.431082 -14.587999 2.612622
v -0.187013 -14.587999 2.612622
v 0.507604 -14.664520 2.797363
v -0.187013 -14.587999 2.612622
v -0.189630 -14.664520 2.797363
v 0.507604 -14.664520 2.797363
v 0.507604 -14.664520 2.797363
v -0.189630 -14.664520 2.797363
v 0.692345 -14.849261 2.873884
v -0.189630 -14.664520 2.797363
v -0.195946 -14.849261 2.873884
v 0.692345 -14.849261 2.873884
v -0.195946 -14.849261 -2.873884
v -0.309228 -14.841505 -2.873884
v -0.189630 -14.664520 -2.797362
v -0.309228 -14.841505 -2.873884
v -0.281429 -14.658235 -2.797362
v -0.189630 -14.664520 -2.797362
v -0.189630 -14.664520 -2.797362
v -0.281429 -14.658235 -2.797362
v -0.187013 -14.587999 -2.612622
v -0.281429 -14.658235 -2.797362
v -0.269914 -14.582323 -2.612622
v -0.187013 -14.587999 -2.612622
v -0.187013 -14.587999 -2.612622
v -0.269914 -14.582323 -2.612622
v -0.187013 -14.587999 2.612622
v -0.269914 -14.582323 -2.612622
v -0.269914 -14.582323 2.612622
v -0.187013 -14.587999 2.612622
v -0.187013 -14.587999 2.612622
v -0.269914 -14.582323 2.612622
v -0.189630 -14.664520 2.797363
v -0.269914 -14.582323 2.612622
v -0.281429 -14.658235 2.797363
v -0.189630 -14.664520 2.797363
v -0.189630 -14.664520 2.797363
v -0.281429 -14.658235 2.797363
v -0.195946 -14.849261 2.873884
v -0.281429 -14.658235 2.797363
v -0.309228 -14.841505 2.873884
v -0.195946 -14.849261 2.873884
v -0.309228 -14.841505 -2.873884
v -0.407406 -14.818236 -2.873884
v -0.281429 -14.658235 -2.797362
v -0.407406 -14.818236 -2.873884
v -0.346398 -14.642837 -2.797362
v -0.281429 -14.658235 -2.797362
v -0.281429 -14.658235 -2.797362
v -0.346398 -14.642837 -2.797362
v -0.269914 -14.582323 -2.612622
v -0.346398 -14.642837 -2.797362
v -0.321127 -14.570185 -2.612622
v -0.269914 -14.582323 -2.612622
v -0.269914 -14.582323 -2.612622
v -0.321127 -14.570185 -2.612622
v -0.269914 -14.582323 2.612622
v -0.321127 -14.570185 -2.612622
v -0.321127 -14.570185 2.612622
v -0.269914 -14.582323 2.612622
v -0.269914 -14.582323 2.612622
v -0.321127 -14.570185 2.612622
v -0.281429 -14.658235 2.797363
v -0.321127 -14.570185 2.612622
v -0.346398 -14.642837 2.797363
v -0.281429 -14.658235 2.797363
v -0.281429 -14.658235 2.797363
v -0.346398 -14.642837 2.797363
v -0.309228 -14.841505 2.873884
v -0.346398 -14.642837 2.797363
v -0.407406 -14.818236 2.873884
v -0.309228 -14.841505 2.873884
v -0.407406 -14.818236 -2.873884
v -0.490479 -14.779455 -2.873884
v -0.346398 -14.642837 -2.797362
v -0.490479 -14.779455 -2.873884
v -0.392382 -14.621370 -2.797362
v -0.346398 -14.642837 -2.797362
v -0.346398 -14.642837 -2.797362
v -0.392382 -14.621370 -2.797362
v -0.321127 -14.570185 -2.612622
v -0.392382 -14.621370 -2.797362
v -0.351749 -14.555890 -2.612622
v -0.321127 -14.570185 -2.612622
v -0.321127 -14.570185 -2.612622
v -0.351749 -14.555890 -2.612622
v -0.321127 -14.570185 2.612622
v -0.351749 -14.555890 -2.612622
v -0.351749 -14.555890 2.612622
v -0.321127 -14.570185 2.612622
v -0.321127 -14.570185 2.612622
v -0.351749 -14.555890 2.612622
v -0.346398 -14.642837 2.797363
v -0.351749 -14.555890 2.612622
v -0.392382 -14.621370 2.797363
v -0.346398 -14.642837 2.797363
v -0.346398 -14.642837 2.797363
v -0.392382 -14.621370 2.797363
v -0.407406 -14.818236 2.873884
v -0.392382 -14.621370 2.797363
v -0.490479 -14.779455 2.873884
v -0.407406 -14.818236 2.873884
v -0.490479 -14.779455 -2.873884
v -0.558448 -14.725161 -2.873884
v -0.392382 -14.621370 -2.797362
v -0.558448 -14.725161 -2.873884
v -0.425111 -14.595227 -2.797362
v -0.392382 -14.621370 -2.797362
v -0.392382 -14.621370 -2.797362
v -0.425111 -14.595227 -2.797362
v -0.351749 -14.555890 -2.612622
v -0.425111 -14.595227 -2.797362
v -0.369881 -14.541406 -2.612622
v -0.351749 -14.555890 -2.612622
v -0.351749 -14.555890 -2.612622
v -0.369881 -14.541406 -2.612622
v -0.351749 -14.555890 2.612622
v -0.369881 -14.541406 -2.612622
v -0.369881 -14.541406 2.612622
v -0.351749 -14.555890 2.612622
v -0.351749 -14.555890 2.612622
v -0.369881 -14.541406 2.612622
v -0.392382 -14.621370 2.797363
v -0.369881 -14.541406 2.612622
v -0.425111 -14.595227 2.797363
v -0.392382 -14.621370 2.797363
v -0.392382 -14.621370 2.797363
v -0.425111 -14.595227 2.797363
v -0.490479 -14.779455 2.873884
v -0.425111 -14.595227 2.797363
v -0.558448 -14.725161 2.873884
v -0.490479 -14.779455 2.873884
v -0.558448 -14.725161 -2.873884
v -0.611313 -14.655355 -2.873884
v -0.425111 -14.595227 -2.797362
v -0.611313 -14.655355 -2.873884
v -0.451072 -14.560946 -2.797362
v -0.425111 -14.595227 -2.797362
v -0.425111 -14.595227 -2.797362
v -0.451072 -14.560946 -2.797362
v -0.369881 -14.541406 -2.612622
v -0.451072 -14.560946 -2.797362
v -0.384697 -14.521841 -2.612622
v -0.369881 -14.541406 -2.612622
v -0.369881 -14.541406 -2.612622
v -0.384697 -14.521841 -2.612622
v -0.369881 -14.541406 2.612622
v -0.384697 -14.521841 -2.612622
v -0.384697 -14.521841 2.612622
v -0.369881 -14.541406 2.612622
v -0.369881 -14.541406 2.612622
v -0.384697 -14.521841 2.612622
v -0.425111 -14.595227 2.797363
v -0.384697 -14.521841 2.612622
v -0.451072 -14.560946 2.797363
v -0.425111 -14.595227 2.797363
v -0.425111 -14.595227 2.797363
v -0.451072 -14.560946 2.797363
v -0.558448 -14.725161 2.873884
v -0.451072 -14.560946 2.797363
v -0.611313 -14.655355 2.873884
v -0.558448 -14.725161 2.873884
v -0.611313 -14.655355 -2.873884
v -0.649073 -14.570037 -2.873884
v -0.451072 -14.560946 -2.797362
v -0.649073 -14.570037 -2.873884
v -0.472802 -14.511848 -2.797362
v -0.451072 -14.560946 -2.797362
v -0.451072 -14.560946 -2.797362
v -0.472802 -14.511848 -2.797362
v -0.384697 -14.521841 -2.612622
v -0.472802 -14.511848 -2.797362
v -0.399788 -14.487745 -2.612622
v -0.384697 -14.521841 -2.612622
v -0.384697 -14.521841 -2.612622
v -0.399788 -14.487745 -2.612622
v -0.384697 -14.521841 2.612622
v -0.399788 -14.487745 -2.612622
v -0.399788 -14.487745 2.612622
v -0.384697 -14.521841 2.612622
v -0.384697 -14.521841 2.612622
v -0.399788 -14.487745 2.612622
v -0.451072 -14.560946 2.797363
v -0.399788 -14.487745 2.612622
v -0.472802 -14.511848 2.797363
v -0.451072 -14.560946 2.797363
v -0.451072 -14.560946 2.797363
v -0.472802 -14.511848 2.797363
v -0.611313 -14.655355 2.873884
v -0.472802 -14.511848 2.797363
v -0.649073 -14.570037 2.873884
v -0.611313 -14.655355 2.873884
v -0.649073 -14.570037 -2.873884
v -0.671730 -14.469206 -2.873884
v -0.472802 -14.511848 -2.797362
v -0.671730 -14.469206 -2.873884
v -0.488314 -14.442811 -2.797362
v -0.472802 -14.511848 -2.797362
v -0.472802 -14.511848 -2.797362
v -0.488314 -14.442811 -2.797362
v -0.399788 -14.487745 -2.612622
v -0.488314 -14.442811 -2.797362
v -0.412340 -14.431879 -2.612622
v -0.399788 -14.487745 -2.612622
v -0.399788 -14.487745 -2.612622
v -0.412340 -14.431879 -2.612622
v -0.399788 -14.487745 2.612622
v -0.412340 -14.431879 -2.612622
v -0.412340 -14.431879 2.612622
v -0.399788 -14.487745 2.612622
v -0.399788 -14.487745 2.612622
v -0.412340 -14.431879 2.612622
v -0.472802 -14.511848 2.797363
v -0.412340 -14.431879 2.612622
v -0.488314 -14.442811 2.797363
v -0.472802 -14.511848 2.797363
v -0.472802 -14.511848 2.797363
v -0.488314 -14.442811 2.797363
v -0.649073 -14.570037 2.873884
v -0.488314 -14.442811 2.797363
v -0.671730 -14.469206 2.873884
v -0.649073 -14.570037 2.873884
v -0.671730 -14.469206 -2.873884
v -0.679282 -14.352862 -2.873884
v -0.488314 -14.442811 -2.797362
v -0.679282 -14.352862 -2.873884
v -0.494541 -14.346873 -2.797362
v -0.488314 -14.442811 -2.797362
v -0.488314 -14.442811 -2.797362
v -0.494541 -14.346873 -2.797362
v -0.412340 -14.431879 -2.612622
v -0.494541 -14.346873 -2.797362
v -0.418020 -14.344392 -2.612622
v -0.412340 -14.431879 -2.612622
v -0.412340 -14.431879 -2.612622
v -0.418020 -14.344392 -2.612622
v -0.412340 -14.431879 2.612622
v -0.418020 -14.344392 -2.612622
v -0.418020 -14.344392 2.612622
v -0.412340 -14.431879 2.612622
v -0.412340 -14.431879 2.612622
v -0.418020 -14.344392 2.612622
v -0.488314 -14.442811 2.797363
v -0.418020 -14.344392 2.612622
v -0.494541 -14.346873 2.797363
v -0.488314 -14.442811 2.797363
v -0.488314 -14.442811 2.797363
v -0.494541 -14.346873 2.797363
v -0.671730 -14.469206 2.873884
v -0.494541 -14.346873 2.797363
v -0.679282 -14.352862 2.873884
v -0.671730 -14.469206 2.873884
v -0.679282 -14.352862 -2.873884
v -0.679282 -2.622190 -2.873884
v -0.494541 -14.346873 -2.797362
v -0.679282 -2.622190 -2.873884
v -0.494541 -2.616038 -2.797362
v -0.494541 -14.346873 -2.797362
v -0.494541 -14.346873 -2.797362
v -0.494541 -2.616038 -2.797362
v -0.418020 -14.344392 -2.612622
v -0.494541 -2.616038 -2.797362
v -0.418020 -2.613491 -2.612622
v -0.418020 -14.344392 -2.612622
v -0.418020 -14.344392 -2.612622
v -0.418020 -2.613491 -2.612622
v -0.418020 -14.344392 2.612622
v -0.418020 -2.613491 -2.612622
v -0.418020 -2.613491 2.612622
v -0.418020 -14.344392 2.612622
v -0.418020 -14.344392 2.612622
v -0.418020 -2.613491 2.612622
v -0.494541 -14.346873 2.797363
v -0.418020 -2.613491 2.612622
v -0.494541 -2.616038 2.797363
v -0.494541 -14.346873 2.797363
v -0.494541 -14.346873 2.797363
v -0.494541 -2.616038 2.797363
v -0.679282 -14.352862 2.873884
v -0.494541 -2.616038 2.797363
v -0.679282 -2.622190 2.873884
v -0.679282 -14.352862 2.873884
v -0.679282 -2.622190 -2.873884
v -0.684384 -2.545647 -2.873884
v -0.494541 -2.616038 -2.797362
v -0.684384 -2.545647 -2.873884
v -0.501040 -2.518560 -2.797362
v -0.494541 -2.616038 -2.797362
v -0.494541 -2.616038 -2.797362
v -0.501040 -2.518560 -2.797362
v -0.418020 -2.613491 -2.612622
v -0.501040 -2.518560 -2.797362
v -0.425096 -2.507339 -2.612622
v -0.418020 -2.613491 -2.612622
v -0.418020 -2.613491 -2.612622
v -0.425096 -2.507339 -2.612622
v -0.418020 -2.613491 2.612622
v -0.425096 -2.507339 -2.612622
v -0.425096 -2.507339 2.612622
v -0.418020 -2.613491 2.612622
v -0.418020 -2.613491 2.612622
v -0.425096 -2.507339 2.612622
v -0.494541 -2.616038 2.797363
v -0.425096 -2.507339 2.612622
v -0.501040 -2.518560 2.797363
v -0.494541 -2.616038 2.797363
v -0.494541 -2.616038 2.797363
v -0.501040 -2.518560 2.797363
v -0.679282 -2.622190 2.873884
v -0.501040 -2.518560 2.797363
v -0.684384 -2.545647 2.873884
v -0.679282 -2.622190 2.873884
v -0.684384 -2.545647 -2.873884
v -0.699693 -2.479311 -2.873884
v -0.501040 -2.518560 -2.797362
v -0.699693 -2.479311 -2.873884
v -0.523848 -2.419726 -2.797362
v -0.501040 -2.518560 -2.797362
v -0.501040 -2.518560 -2.797362
v -0.523848 -2.419726 -2.797362
v -0.425096 -2.507339 -2.612622
v -0.523848 -2.419726 -2.797362
v -0.451011 -2.395043 -2.612622
v -0.425096 -2.507339 -2.612622
v -0.425096 -2.507339 -2.612622
v -0.451011 -2.395043 -2.612622
v -0.425096 -2.507339 2.612622
v -0.451011 -2.395043 -2.612622
v -0.451011 -2.395043 2.612622
v -0.425096 -2.507339 2.612622
v -0.425096 -2.507339 2.612622
v -0.451011 -2.395043 2.612622
v -0.501040 -2.518560 2.797363
v -0.451011 -2.395043 2.612622
v -0.523848 -2.419726 2.797363
v -0.501040 -2.518560 2.797363
v -0.501040 -2.518560 2.797363
v -0.523848 -2.419726 2.797363
v -0.684384 -2.545647 2.873884
v -0.523848 -2.419726 2.797363
v -0.699693 -2.479311 2.873884
v -0.684384 -2.545647 2.873884
v -0.699693 -2.479311 -2.873884
v -0.725207 -2.423182 -2.873884
v -0.523848 -2.419726 -2.797362
v -0.725207 -2.423182 -2.873884
v -0.566027 -2.326932 -2.797362
v -0.523848 -2.419726 -2.797362
v -0.523848 -2.419726 -2.797362
v -0.566027 -2.326932 -2.797362
v -0.451011 -2.395043 -2.612622
v -0.566027 -2.326932 -2.797362
v -0.500092 -2.287064 -2.612622
v -0.451011 -2.395043 -2.612622
v -0.451011 -2.395043 -2.612622
v -0.500092 -2.287064 -2.612622
v -0.451011 -2.395043 2.612622
v -0.500092 -2.287064 -2.612622
v -0.500092 -2.287064 2.612622
v -0.451011 -2.395043 2.612622
v -0.451011 -2.395043 2.612622
v -0.500092 -2.287064 2.612622
v -0.523848 -2.419726 2.797363
v -0.500092 -2.287064 2.612622
v -0.566027 -2.326932 2.797363
v -0.523848 -2.419726 2.797363
v -0.523848 -2.419726 2.797363
v -0.566027 -2.326932 2.797363
v -0.699693 -2.479311 2.873884
v -0.566027 -2.326932 2.797363
v -0.725207 -2.423182 2.873884
v -0.699693 -2.479311 2.873884
v -0.725207 -2.423182 -2.873884
v -0.760926 -2.377256 -2.873884
v -0.566027 -2.326932 -2.797362
v -0.760926 -2.377256 -2.873884
v -0.629279 -2.245608 -2.797362
v -0.566027 -2.326932 -2.797362
v -0.566027 -2.326932 -2.797362
v -0.629279 -2.245608 -2.797362
v -0.500092 -2.287064 -2.612622
v -0.629279 -2.245608 -2.797362
v -0.574748 -2.191078 -2.612622
v -0.500092 -2.287064 -2.612622
v -0.500092 -2.287064 -2.612622
v -0.574748 -2.191078 -2.612622
v -0.500092 -2.287064 2.612622
v -0.574748 -2.191078 -2.612622
v -0.574748 -2.191078 2.612622
v -0.500092 -2.287064 2.612622
v -0.500092 -2.287064 2.612622
v -0.574748 -2.191078 2.612622
v -0.566027 -2.326932 2.797363
v -0.574748 -2.191078 2.612622
v -0.629279 -2.245608 2.797363
v -0.566027 -2.326932 2.797363
v -0.566027 -2.326932 2.797363
v -0.629279 -2.245608 2.797363
v -0.725207 -2.423182 2.873884
v -0.629279 -2.245608 2.797363
v -0.760926 -2.377256 2.873884
v -0.725207 -2.423182 2.873884
v -0.760926 -2.377256 -2.873884
v -0.806851 -2.341537 -2.873884
v -0.629279 -2.245608 -2.797362
v -0.806851 -2.341537 -2.873884
v -0.710602 -2.182358 -2.797362
v -0.629279 -2.245608 -2.797362
v -0.629279 -2.245608 -2.797362
v -0.710602 -2.182358 -2.797362
v -0.574748 -2.191078 -2.612622
v -0.710602 -2.182358 -2.797362
v -0.670735 -2.116423 -2.612622
v -0.574748 -2.191078 -2.612622
v -0.574748 -2.191078 -2.612622
v -0.670735 -2.116423 -2.612622
v -0.574748 -2.191078 2.612622
v -0.670735 -2.116423 -2.612622
v -0.670735 -2.116423 2.612622
v -0.574748 -2.191078 2.612622
v -0.574748 -2.191078 2.612622
v -0.670735 -2.116423 2.612622
v -0.629279 -2.245608 2.797363
v -0.670735 -2.116423 2.612622
v -0.710602 -2.182358 2.797363
v -0.629279 -2.245608 2.797363
v -0.629279 -2.245608 2.797363
v -0.710602 -2.182358 2.797363
v -0.760926 -2.377256 2.873884
v -0.710602 -2.182358 2.797363
v -0.806851 -2.341537 2.873884
v -0.760926 -2.377256 2.873884
v -0.806851 -2.341537 -2.873884
v -0.862982 -2.316022 -2.873884
v -0.710602 -2.182358 -2.797362
v -0.862982 -2.316022 -2.873884
v -0.803396 -2.140178 -2.797362
v -0.710602 -2.182358 -2.797362
v -0.710602 -2.182358 -2.797362
v -0.803396 -2.140178 -2.797362
v -0.670735 -2.116423 -2.612622
v -0.803396 -2.140178 -2.797362
v -0.778714 -2.067341 -2.612622
v -0.670735 -2.116423 -2.612622
v -0.670735 -2.116423 -2.612622
v -0.778714 -2.067341 -2.612622
v -0.670735 -2.116423 2.612622
v -0.778714 -2.067341 -2.612622
v -0.778714 -2.067341 2.612622
v -0.670735 -2.116423 2.612622
v -0.670735 -2.116423 2.612622
v -0.778714 -2.067341 2.612622
v -0.710602 -2.182358 2.797363
v -0.778714 -2.067341 2.612622
v -0.803396 -2.140178 2.797363
v -0.710602 -2.182358 2.797363
v -0.710602 -2.182358 2.797363
v -0.803396 -2.140178 2.797363
v -0.806851 -2.341537 2.873884
v -0.803396 -2.140178 2.797363
v -0.862982 -2.316022 2.873884
v -0.806851 -2.341537 2.873884
v -0.862982 -2.316022 -2.873884
v -0.929318 -2.300715 -2.873884
v -0.803396 -2.140178 -2.797362
v -0.929318 -2.300715 -2.873884
v -0.902230 -2.117370 -2.797362
v -0.803396 -2.140178 -2.797362
v -0.803396 -2.140178 -2.797362
v -0.902230 -2.117370 -2.797362
v -0.778714 -2.067341 -2.612622
v -0.902230 -2.117370 -2.797362
v -0.891009 -2.041426 -2.612622
v -0.778714 -2.067341 -2.612622
v -0.778714 -2.067341 -2.612622
v -0.891009 -2.041426 -2.612622
v -0.778714 -2.067341 2.612622
v -0.891009 -2.041426 -2.612622
v -0.891009 -2.041426 2.612622
v -0.778714 -2.067341 2.612622
v -0.778714 -2.067341 2.612622
v -0.891009 -2.041426 2.612622
v -0.803396 -2.140178 2.797363
v -0.891009 -2.041426 2.612622
v -0.902230 -2.117370 2.797363
v -0.803396 -2.140178 2.797363
v -0.803396 -2.140178 2.797363
v -0.902230 -2.117370 2.797363
v -0.862982 -2.316022 2.873884
v -0.902230 -2.117370 2.797363
v -0.929318 -2.300715 2.873884
v -0.862982 -2.316022 2.873884
v -0.929318 -2.300715 -2.873884
v -1.005859 -2.295612 -2.873884
v -0.902230 -2.117370 -2.797362
v -1.005859 -2.295612 -2.873884
v -0.999708 -2.110872 -2.797362
v -0.902230 -2.117370 -2.797362
v -0.902230 -2.117370 -2.797362
v -0.999708 -2.110872 -2.797362
v -0.891009 -2.041426 -2.612622
v -0.999708 -2.110872 -2.797362
v -0.997160 -2.034349 -2.612622
v -0.891009 -2.041426 -2.612622
v -0.891009 -2.041426 -2.612622
v -0.997160 -2.034349 -2.612622
v -0.891009 -2.041426 2.612622
v -0.997160 -2.034349 -2.612622
v -0.997160 -2.034349 2.612622
v -0.891009 -2.041426 2.612622
v -0.891009 -2.041426 2.612622
v -0.997160 -2.034349 2.612622
v -0.902230 -2.117370 2.797363
v -0.997160 -2.034349 2.612622
v -0.999708 -2.110872 2.797363
v -0.902230 -2.117370 2.797363
v -0.902230 -2.117370 2.797363
v -0.999708 -2.110872 2.797363
v -0.929318 -2.300715 2.873884
v -0.999708 -2.110872 2.797363
v -1.005859 -2.295612 2.873884
v -0.929318 -2.300715 2.873884
v -1.005859 -2.295612 -2.873884
v -5.564885 -2.295612 -2.873884
v -0.999708 -2.110872 -2.797362
v -5.564885 -2.295612 -2.873884
v -5.571036 -2.110872 -2.797362
v -0.999708 -2.110872 -2.797362
v -0.999708 -2.110872 -2.797362
v -5.571036 -2.110872 -2.797362
v -0.997160 -2.034349 -2.612622
v -5.571036 -2.110872 -2.797362
v -5.573584 -2.034349 -2.612622
v -0.997160 -2.034349 -2.612622
v -0.997160 -2.034349 -2.612622
v -5.573584 -2.034349 -2.612622
v -0.997160 -2.034349 2.612622
v -5.573584 -2.034349 -2.612622
v -5.573584 -2.034349 2.612622
v -0.997160 -2.034349 2.612622
v -0.997160 -2.034349 2.612622
v -5.573584 -2.034349 2.612622
v -0.999708 -2.110872 2.797363
v -5.573584 -2.034349 2.612622
v -5.571036 -2.110872 2.797363
v -0.999708 -2.110872 2.797363
v -0.999708 -2.110872 2.797363
v -5.571036 -2.110872 2.797363
v -1.005859 -2.295612 2.873884
v -5.571036 -2.110872 2.797363
v -5.564885 -2.295612 2.873884
v -1.005859 -2.295612 2.873884
v -5.564885 -2.295612 -2.873884
v -5.641427 -2.300715 -2.873884
v -5.571036 -2.110872 -2.797362
v -5.641427 -2.300715 -2.873884
v -5.668515 -2.117370 -2.797362
v -5.571036 -2.110872 -2.797362
v -5.571036 -2.110872 -2.797362
v -5.668515 -2.117370 -2.797362
v -5.573584 -2.034349 -2.612622
v -5.668515 -2.117370 -2.797362
v -5.679735 -2.041426 -2.612622
v -5.573584 -2.034349 -2.612622
v -5.573584 -2.034349 -2.612622
v -5.679735 -2.041426 -2.612622
v -5.573584 -2.034349 2.612622
v -5.679735 -2.041426 -2.612622
v -5.679735 -2.041426 2.612622
v -5.573584 -2.034349 2.612622
v -5.573584 -2.034349 2.612622
v -5.679735 -2.041426 2.612622
v -5.571036 -2.110872 2.797363
v -5.679735 -2.041426 2.612622
v -5.668515 -2.117370 2.797363
v -5.571036 -2.110872 2.797363
v -5.571036 -2.110872 2.797363
v -5.668515 -2.117370 2.797363
v -5.564885 -2.295612 2.873884
v -5.668515 -2.117370 2.797363
v -5.641427 -2.300715 2.873884
v -5.564885 -2.295612 2.873884
v -5.641427 -2.300715 -2.873884
v -5.707763 -2.316022 -2.873884
v -5.668515 -2.117370 -2.797362
v -5.707763 -2.316022 -2.873884
v -5.767349 -2.140178 -2.797362
v -5.668515 -2.117370 -2.797362
v -5.668515 -2.117370 -2.797362
v -5.767349 -2.140178 -2.797362
v -5.679735 -2.041426 -2.612622
v -5.767349 -2.140178 -2.797362
v -5.792030 -2.067341 -2.612622
v -5.679735 -2.041426 -2.612622
v -5.679735 -2.041426 -2.612622
v -5.792030 -2.067341 -2.612622
v -5.679735 -2.041426 2.612622
v -5.792030 -2.067341 -2.612622
v -5.792030 -2.067341 2.612622
v -5.679735 -2.041426 2.612622
v -5.679735 -2.041426 2.612622
v -5.792030 -2.067341 2.612622
v -5.668515 -2.117370 2.797363
v -5.792030 -2.067341 2.612622
v -5.767349 -2.140178 2.797363
v -5.668515 -2.117370 2.797363
v -5.668515 -2.117370 2.797363
v -5.767349 -2.140178 2.797363
v -5.641427 -2.300715 2.873884
v -5.767349 -2.140178 2.797363
v -5.707763 -2.316022 2.873884
v -5.641427 -2.300715 2.873884
v -5.707763 -2.316022 -2.873884
v -5.763893 -2.341537 -2.873884
v -5.767349 -2.140178 -2.797362
v -5.763893 -2.341537 -2.873884
v -5.860142 -2.182358 -2.797362
v -5.767349 -2.140178 -2.797362
v -5.767349 -2.140178 -2.797362
v -5.860142 -2.182358 -2.797362
v -5.792030 -2.067341 -2.612622
v -5.860142 -2.182358 -2.797362
v -5.900010 -2.116423 -2.612622
v -5.792030 -2.067341 -2.612622
v -5.792030 -2.067341 -2.612622
v -5.900010 -2.116423 -2.612622
v -5.792030 -2.067341 2.612622
v -5.900010 -2.116423 -2.612622
v -5.900010 -2.116423 2.612622
v -5.792030 -2.067341 2.612622
v -5.792030 -2.067341 2.612622
v -5.900010 -2.116423 2.612622
v -5.767349 -2.140178 2.797363
v -5.900010 -2.116423 2.612622
v -5.860142 -2.182358 2.797363
v -5.767349 -2.140178 2.797363
v -5.767349 -2.140178 2.797363
v -5.860142 -2.182358 2.797363
v -5.707763 -2.316022 2.873884
v -5.860142 -2.182358 2.797363
v -5.763893 -2.341537 2.873884
v -5.707763 -2.316022 2.873884
v -5.763893 -2.341537 -2.873884
v -5.809818 -2.377256 -2.873884
v -5.860142 -2.182358 -2.797362
v -5.809818 -2.377256 -2.873884
v -5.941466 -2.245608 -2.797362
v -5.860142 -2.182358 -2.797362
v -5.860142 -2.182358 -2.797362
v -5.941466 -2.245608 -2.797362
v -5.900010 -2.116423 -2.612622
v -5.941466 -2.245608 -2.797362
v -5.995996 -2.191078 -2.612622
v -5.900010 -2.116423 -2.612622
v -5.900010 -2.116423 -2.612622
v -5.995996 -2.191078 -2.612622
v -5.900010 -2.116423 2.612622
v -5.995996 -2.191078 -2.612622
v -5.995996 -2.191078 2.612622
v -5.900010 -2.116423 2.612622
v -5.900010 -2.116423 2.612622
v -5.995996 -2.191078 2.612622
v -5.860142 -2.182358 2.797363
v -5.995996 -2.191078 2.612622
v -5.941466 -2.245608 2.797363
v -5.860142 -2.182358 2.797363
v -5.860142 -2.182358 2.797363
v -5.941466 -2.245608 2.797363
v -5.763893 -2.341537 2.873884
v -5.941466 -2.245608 2.797363
v -5.809818 -2.377256 2.873884
v -5.763893 -2.341537 2.873884
v -5.809818 -2.377256 -2.873884
v -5.845537 -2.423182 -2.873884
v -5.941466 -2.245608 -2.797362
v -5.845537 -2.423182 -2.873884
v -6.004718 -2.326932 -2.797362
v -5.941466 -2.245608 -2.797362
v -5.941466 -2.245608 -2.797362
v -6.004718 -2.326932 -2.797362
v -5.995996 -2.191078 -2.612622
v -6.004718 -2.326932 -2.797362
v -6.070652 -2.287064 -2.612622
v -5.995996 -2.191078 -2.612622
v -5.995996 -2.191078 -2.612622
v -6.070652 -2.287064 -2.612622
v -5.995996 -2.191078 2.612622
v -6.070652 -2.287064 -2.612622
v -6.070652 -2.287064 2.612622
v -5.995996 -2.191078 2.612622
v -5.995996 -2.191078 2.612622
v -6.070652 -2.287064 2.612622
v -5.941466 -2.245608 2.797363
v -6.070652 -2.287064 2.612622
v -6.004718 -2.326932 2.797363
v -5.941466 -2.245608 2.797363
v -5.941466 -2.245608 2.797363
v -6.004718 -2.326932 2.797363
v -5.809818 -2.377256 2.873884
v -6.004718 -2.326932 2.797363
v -5.845537 -2.423182 2.873884
v -5.809818 -2.377256 2.873884
v -5.845537 -2.423182 -2.873884
v -5.871051 -2.479311 -2.873884
v -6.004718 -2.326932 -2.797362
v -5.871051 -2.479311 -2.873884
v -6.046896 -2.419726 -2.797362
v -6.004718 -2.326932 -2.797362
v -6.004718 -2.326932 -2.797362
v -6.046896 -2.419726 -2.797362
v -6.070652 -2.287064 -2.612622
v -6.046896 -2.419726 -2.797362
v -6.119734 -2.395043 -2.612622
v -6.070652 -2.287064 -2.612622
v -6.070652 -2.287064 -2.612622
v -6.119734 -2.395043 -2.612622
v -6.070652 -2.287064 2.612622
v -6.119734 -2.395043 -2.612622
v -6.119734 -2.395043 2.612622
v -6.070652 -2.287064 2.612622
v -6.070652 -2.287064 2.612622
v -6.119734 -2.395043 2.612622
v -6.004718 -2.326932 2.797363
v -6.119734 -2.395043 2.612622
v -6.046896 -2.419726 2.797363
v -6.004718 -2.326932 2.797363
v -6.004718 -2.326932 2.797363
v -6.046896 -2.419726 2.797363
v -5.845537 -2.423182 2.873884
v -6.046896 -2.419726 2.797363
v -5.871051 -2.479311 2.873884
v -5.845537 -2.423182 2.873884
v -5.871051 -2.479311 -2.873884
v -5.886360 -2.545647 -2.873884
v -6.046896 -2.419726 -2.797362
v -5.886360 -2.545647 -2.873884
v -6.069705 -2.518560 -2.797362
v -6.046896 -2.419726 -2.797362
v -6.046896 -2.419726 -2.797362
v -6.069705 -2.518560 -2.797362
v -6.119734 -2.395043 -2.612622
v -6.069705 -2.518560 -2.797362
v -6.145648 -2.507339 -2.612622
v -6.119734 -2.395043 -2.612622
v -6.119734 -2.395043 -2.612622
v -6.145648 -2.507339 -2.612622
v -6.119734 -2.395043 2.612622
v -6.145648 -2.507339 -2.612622
v -6.145648 -2.507339 2.612622
v -6.119734 -2.395043 2.612622
v -6.119734 -2.395043 2.612622
v -6.145648 -2.507339 2.612622
v -6.046896 -2.419726 2.797363
v -6.145648 -2.507339 2.612622
v -6.069705 -2.518560 2.797363
v -6.046896 -2.419726 2.797363
v -6.046896 -2.419726 2.797363
v -6.069705 -2.518560 2.797363
v -5.871051 -2.479311 2.873884
v -6.069705 -2.518560 2.797363
v -5.886360 -2.545647 2.873884
v -5.871051 -2.479311 2.873884
v -5.886360 -2.545647 -2.873884
v -5.891462 -2.622190 -2.873884
v -6.069705 -2.518560 -2.797362
v -5.891462 -2.622190 -2.873884
v -6.076203 -2.616038 -2.797362
v -6.069705 -2.518560 -2.797362
v -6.069705 -2.518560 -2.797362
v -6.076203 -2.616038 -2.797362
v -6.145648 -2.507339 -2.612622
v -6.076203 -2.616038 -2.797362
v -6.152724 -2.613491 -2.612622
v -6.145648 -2.507339 -2.612622
v -6.145648 -2.507339 -2.612622
v -6.152724 -2.613491 -2.612622
v -6.145648 -2.507339 2.612622
v -6.152724 -2.613491 -2.612622
v -6.152724 -2.613491 2.612622
v -6.145648 -2.507339 2.612622
v -6.145648 -2.507339 2.612622
v -6.152724 -2.613491 2.612622
v -6.069705 -2.518560 2.797363
v -6.152724 -2.613491 2.612622
v -6.076203 -2.616038 2.797363
v -6.069705 -2.518560 2.797363
v -6.069705 -2.518560 2.797363
v -6.076203 -2.616038 2.797363
v -5.886360 -2.545647 2.873884
v -6.076203 -2.616038 2.797363
v -5.891462 -2.622190 2.873884
v -5.886360 -2.545647 2.873884
v -5.891462 -2.622190 -2.873884
v -5.891462 -16.351519 -2.873884
v -6.076203 -2.616038 -2.797362
v -5.891462 -16.351519 -2.873884
v -6.076203 -16.355447 -2.797362
v -6.076203 -2.616038 -2.797362
v -6.076203 -2.616038 -2.797362
v -6.076203 -16.355447 -2.797362
v -6.152724 -2.613491 -2.612622
v -6.076203 -16.355447 -2.797362
v -6.152724 -16.357075 -2.612622
v -6.152724 -2.613491 -2.612622
v -6.152724 -2.613491 -2.612622
v -6.152724 -16.357075 -2.612622
v -6.152724 -2.613491 2.612622
v -6.152724 -16.357075 -2.612622
v -6.152724 -16.357075 2.612622
v -6.152724 -2.613491 2.612622
v -6.152724 -2.613491 2.612622
v -6.152724 -16.357075 2.612622
v -6.076203 -2.616038 2.797363
v -6.152724 -16.357075 2.612622
v -6.076203 -16.355447 2.797363
v -6.076203 -2.616038 2.797363
v -6.076203 -2.616038 2.797363
v -6.076203 -16.355447 2.797363
v -5.891462 -2.622190 2.873884
v -6.076203 -16.355447 2.797363
v -5.891462 -16.351519 2.873884
v -5.891462 -2.622190 2.873884
v -5.891462 -16.351519 -2.873884
v -5.888197 -16.428264 -2.873884
v -6.076203 -16.355447 -2.797362
v -5.888197 -16.428264 -2.873884
v -6.072416 -16.444432 -2.797362
v -6.076203 -16.355447 -2.797362
v -6.076203 -16.355447 -2.797362
v -6.072416 -16.444432 -2.797362
v -6.152724 -16.357075 -2.612622
v -6.072416 -16.444432 -2.797362
v -6.148722 -16.451129 -2.612622
v -6.152724 -16.357075 -2.612622
v -6.152724 -16.357075 -2.612622
v -6.148722 -16.451129 -2.612622
v -6.152724 -16.357075 2.612622
v -6.148722 -16.451129 -2.612622
v -6.148722 -16.451129 2.612622
v -6.152724 -16.357075 2.612622
v -6.152724 -16.357075 2.612622
v -6.148722 -16.451129 2.612622
v -6.076203 -16.355447 2.797363
v -6.148722 -16.451129 2.612622
v -6.072416 -16.444432 2.797363
v -6.076203 -16.355447 2.797363
v -6.076203 -16.355447 2.797363
v -6.072416 -16.444432 2.797363
v -5.891462 -16.351519 2.873884
v -6.072416 -16.444432 2.797363
v -5.888197 -16.428264 2.873884
v -5.891462 -16.351519 2.873884
v -5.888197 -16.428264 -2.873884
v -5.878400 -16.501744 -2.873884
v -6.072416 -16.444432 -2.797362
v -5.878400 -16.501744 -2.873884
v -6.060347 -16.534952 -2.797362
v -6.072416 -16.444432 -2.797362
v -6.072416 -16.444432 -2.797362
v -6.060347 -16.534952 -2.797362
v -6.148722 -16.451129 -2.612622
v -6.060347 -16.534952 -2.797362
v -6.135712 -16.548707 -2.612622
v -6.148722 -16.451129 -2.612622
v -6.148722 -16.451129 -2.612622
v -6.135712 -16.548707 -2.612622
v -6.148722 -16.451129 2.612622
v -6.135712 -16.548707 -2.612622
v -6.135712 -16.548707 2.612622
v -6.148722 -16.451129 2.612622
v -6.148722 -16.451129 2.612622
v -6.135712 -16.548707 2.612622
v -6.072416 -16.444432 2.797363
v -6.135712 -16.548707 2.612622
v -6.060347 -16.534952 2.797363
v -6.072416 -16.444432 2.797363
v -6.072416 -16.444432 2.797363
v -6.060347 -16.534952 2.797363
v -5.888197 -16.428264 2.873884
v -6.060347 -16.534952 2.797363
v -5.878400 -16.501744 2.873884
v -5.888197 -16.428264 2.873884
v -5.878400 -16.501744 -2.873884
v -5.862071 -16.571958 -2.873884
v -6.060347 -16.534952 -2.797362
v -5.862071 -16.571958 -2.873884
v -6.039903 -16.622859 -2.797362
v -6.060347 -16.534952 -2.797362
v -6.060347 -16.534952 -2.797362
v -6.039903 -16.622859 -2.797362
v -6.135712 -16.548707 -2.612622
v -6.039903 -16.622859 -2.797362
v -6.113564 -16.643943 -2.612622
v -6.135712 -16.548707 -2.612622
v -6.135712 -16.548707 -2.612622
v -6.113564 -16.643943 -2.612622
v -6.135712 -16.548707 2.612622
v -6.113564 -16.643943 -2.612622
v -6.113564 -16.643943 2.612622
v -6.135712 -16.548707 2.612622
v -6.135712 -16.548707 2.612622
v -6.113564 -16.643943 2.612622
v -6.060347 -16.534952 2.797363
v -6.113564 -16.643943 2.612622
v -6.039903 -16.622859 2.797363
v -6.060347 -16.534952 2.797363
v -6.060347 -16.534952 2.797363
v -6.039903 -16.622859 2.797363
v -5.878400 -16.501744 2.873884
v -6.039903 -16.622859 2.797363
v -5.862071 -16.571958 2.873884
v -5.878400 -16.501744 2.873884
v -5.862071 -16.571958 -2.873884
v -5.839210 -16.638907 -2.873884
v -6.039903 -16.622859 -2.797362
v -5.839210 -16.638907 -2.873884
v -6.010951 -16.707648 -2.797362
v -6.039903 -16.622859 -2.797362
v -6.039903 -16.622859 -2.797362
v -6.010951 -16.707648 -2.797362
v -6.113564 -16.643943 -2.612622
v -6.010951 -16.707648 -2.797362
v -6.082089 -16.736121 -2.612622
v -6.113564 -16.643943 -2.612622
v -6.113564 -16.643943 -2.612622
v -6.082089 -16.736121 -2.612622
v -6.113564 -16.643943 2.612622
v -6.082089 -16.736121 -2.612622
v -6.082089 -16.736121 2.612622
v -6.113564 -16.643943 2.612622
v -6.113564 -16.643943 2.612622
v -6.082089 -16.736121 2.612622
v -6.039903 -16.622859 2.797363
v -6.082089 -16.736121 2.612622
v -6.010951 -16.707648 2.797363
v -6.039903 -16.622859 2.797363
v -6.039903 -16.622859 2.797363
v -6.010951 -16.707648 2.797363
v -5.862071 -16.571958 2.873884
v -6.010951 -16.707648 2.797363
v -5.839210 -16.638907 2.873884
v -5.862071 -16.571958 2.873884
v -5.839210 -16.638907 -2.873884
v -5.809818 -16.702590 -2.873884
v -6.010951 -16.707648 -2.797362
v -5.809818 -16.702590 -2.873884
v -5.973525 -16.788739 -2.797362
v -6.010951 -16.707648 -2.797362
v -6.010951 -16.707648 -2.797362
v -5.973525 -16.788739 -2.797362
v -6.082089 -16.736121 -2.612622
v -5.973525 -16.788739 -2.797362
v -6.041334 -16.824423 -2.612622
v -6.082089 -16.736121 -2.612622
v -6.082089 -16.736121 -2.612622
v -6.041334 -16.824423 -2.612622
v -6.082089 -16.736121 2.612622
v -6.041334 -16.824423 -2.612622
v -6.041334 -16.824423 2.612622
v -6.082089 -16.736121 2.612622
v -6.082089 -16.736121 2.612622
v -6.041334 -16.824423 2.612622
v -6.010951 -16.707648 2.797363
v -6.041334 -16.824423 2.612622
v -5.973525 -16.788739 2.797363
v -6.010951 -16.707648 2.797363
v -6.010951 -16.707648 2.797363
v -5.973525 -16.788739 2.797363
v -5.839210 -16.638907 2.873884
v -5.973525 -16.788739 2.797363
v -5.809818 -16.702590 2.873884
v -5.839210 -16.638907 2.873884
v -5.809818 -16.702590 -2.873884
v -5.773894 -16.763007 -2.873884
v -5.973525 -16.788739 -2.797362
v -5.773894 -16.763007 -2.873884
v -5.927844 -16.865566 -2.797362
v -5.973525 -16.788739 -2.797362
v -5.973525 -16.788739 -2.797362
v -5.927844 -16.865566 -2.797362
v -6.041334 -16.824423 -2.612622
v -5.927844 -16.865566 -2.797362
v -5.991611 -16.908048 -2.612622
v -6.041334 -16.824423 -2.612622
v -6.041334 -16.824423 -2.612622
v -5.991611 -16.908048 -2.612622
v -6.041334 -16.824423 2.612622
v -5.991611 -16.908048 -2.612622
v -5.991611 -16.908048 2.612622
v -6.041334 -16.824423 2.612622
v -6.041334 -16.824423 2.612622
v -5.991611 -16.908048 2.612622
v -5.973525 -16.788739 2.797363
v -5.991611 -16.908048 2.612622
v -5.927844 -16.865566 2.797363
v -5.973525 -16.788739 2.797363
v -5.973525 -16.788739 2.797363
v -5.927844 -16.865566 2.797363
v -5.809818 -16.702590 2.873884
v -5.927844 -16.865566 2.797363
v -5.773894 -16.763007 2.873884
v -5.809818 -16.702590 2.873884
v -5.773894 -16.763007 -2.873884
v -5.731439 -16.820158 -2.873884
v -5.927844 -16.865566 -2.797362
v -5.731439 -16.820158 -2.873884
v -5.874287 -16.937662 -2.797362
v -5.927844 -16.865566 -2.797362
v -5.927844 -16.865566 -2.797362
v -5.874287 -16.937662 -2.797362
v -5.991611 -16.908048 -2.612622
v -5.874287 -16.937662 -2.797362
v -5.933455 -16.986334 -2.612622
v -5.991611 -16.908048 -2.612622
v -5.991611 -16.908048 -2.612622
v -5.933455 -16.986334 -2.612622
v -5.991611 -16.908048 2.612622
v -5.933455 -16.986334 -2.612622
v -5.933455 -16.986334 2.612622
v -5.991611 -16.908048 2.612622
v -5.991611 -16.908048 2.612622
v -5.933455 -16.986334 2.612622
v -5.927844 -16.865566 2.797363
v -5.933455 -16.986334 2.612622
v -5.874287 -16.937662 2.797363
v -5.927844 -16.865566 2.797363
v -5.927844 -16.865566 2.797363
v -5.874287 -16.937662 2.797363
v -5.773894 -16.763007 2.873884
v -5.874287 -16.937662 2.797363
v -5.731439 -16.820158 2.873884
v -5.773894 -16.763007 2.873884
v -5.731439 -16.820158 -2.873884
v -5.682453 -16.874043 -2.873884
v -5.874287 -16.937662 -2.797362
v -5.682453 -16.874043 -2.873884
v -5.816192 -17.001565 -2.797362
v -5.874287 -16.937662 -2.797362
v -5.874287 -16.937662 -2.797362
v -5.816192 -17.001565 -2.797362
v -5.933455 -16.986334 -2.612622
v -5.816192 -17.001565 -2.797362
v -5.871589 -17.054387 -2.612622
v -5.933455 -16.986334 -2.612622
v -5.933455 -16.986334 -2.612622
v -5.871589 -17.054387 -2.612622
v -5.933455 -16.986334 2.612622
v -5.871589 -17.054387 -2.612622
v -5.871589 -17.054387 2.612622
v -5.933455 -16.986334 2.612622
v -5.933455 -16.986334 2.612622
v -5.871589 -17.054387 2.612622
v -5.874287 -16.937662 2.797363
v -5.871589 -17.054387 2.612622
v -5.816192 -17.001565 2.797363
v -5.874287 -16.937662 2.797363
v -5.874287 -16.937662 2.797363
v -5.816192 -17.001565 2.797363
v -5.731439 -16.820158 2.873884
v -5.816192 -17.001565 2.797363
v -5.682453 -16.874043 2.873884
v -5.731439 -16.820158 2.873884
v -5.682453 -16.874043 -2.873884
v -3.069831 -19.486665 -2.873884
v -5.816192 -17.001565 -2.797362
v -3.069831 -19.486665 -2.873884
v -3.197645 -19.620113 -2.797362
v -5.816192 -17.001565 -2.797362
v -5.816192 -17.001565 -2.797362
v -3.197645 -19.620113 -2.797362
v -5.871589 -17.054387 -2.612622
v -3.197645 -19.620113 -2.797362
v -3.250587 -19.675389 -2.612622
v -5.871589 -17.054387 -2.612622
v -5.871589 -17.054387 -2.612622
v -3.250587 -19.675389 -2.612622
v -5.871589 -17.054387 2.612622
v -3.250587 -19.675389 -2.612622
v -3.250587 -19.675389 2.612622
v -5.871589 -17.054387 2.612622
v -5.871589 -17.054387 2.612622
v -3.250587 -19.675389 2.612622
v -5.816192 -17.001565 2.797363
v -3.250587 -19.675389 2.612622
v -3.197645 -19.620113 2.797363
v -5.816192 -17.001565 2.797363
v -5.816192 -17.001565 2.797363
v -3.197645 -19.620113 2.797363
v -5.682453 -16.874043 2.873884
v -3.197645 -19.620113 2.797363
v -3.069831 -19.486665 2.873884
v -5.682453 -16.874043 2.873884
v -3.069831 -19.486665 -2.873884
v -3.013088 -19.538713 -2.873884
v -3.197645 -19.620113 -2.797362
v -3.013088 -19.538713 -2.873884
v -3.131761 -19.680546 -2.797362
v -3.197645 -19.620113 -2.797362
v -3.197645 -19.620113 -2.797362
v -3.131761 -19.680546 -2.797362
v -3.250587 -19.675389 -2.612622
v -3.131761 -19.680546 -2.797362
v -3.180917 -19.739295 -2.612622
v -3.250587 -19.675389 -2.612622
v -3.250587 -19.675389 -2.612622
v -3.180917 -19.739295 -2.612622
v -3.250587 -19.675389 2.612622
v -3.180917 -19.739295 -2.612622
v -3.180917 -19.739295 2.612622
v -3.250587 -19.675389 2.612622
v -3.250587 -19.675389 2.612622
v -3.180917 -19.739295 2.612622
v -3.197645 -19.620113 2.797363
v -3.180917 -19.739295 2.612622
v -3.131761 -19.680546 2.797363
v -3.197645 -19.620113 2.797363
v -3.197645 -19.620113 2.797363
v -3.131761 -19.680546 2.797363
v -3.069831 -19.486665 2.873884
v -3.131761 -19.680546 2.797363
v -3.013088 -19.538713 2.873884
v -3.069831 -19.486665 2.873884
v -3.013088 -19.538713 -2.873884
v -2.953896 -19.583822 -2.873884
v -3.131761 -19.680546 -2.797362
v -2.953896 -19.583822 -2.873884
v -3.058757 -19.736180 -2.797362
v -3.131761 -19.680546 -2.797362
v -3.131761 -19.680546 -2.797362
v -3.058757 -19.736180 -2.797362
v -3.180917 -19.739295 -2.612622
v -3.058757 -19.736180 -2.797362
v -3.102192 -19.799289 -2.612622
v -3.180917 -19.739295 -2.612622
v -3.180917 -19.739295 -2.612622
v -3.102192 -19.799289 -2.612622
v -3.180917 -19.739295 2.612622
v -3.102192 -19.799289 -2.612622
v -3.102192 -19.799289 2.612622
v -3.180917 -19.739295 2.612622
v -3.180917 -19.739295 2.612622
v -3.102192 -19.799289 2.612622
v -3.131761 -19.680546 2.797363
v -3.102192 -19.799289 2.612622
v -3.058757 -19.736180 2.797363
v -3.131761 -19.680546 2.797363
v -3.131761 -19.680546 2.797363
v -3.058757 -19.736180 2.797363
v -3.013088 -19.538713 2.873884
v -3.058757 -19.736180 2.797363
v -2.953896 -19.583822 2.873884
v -3.013088 -19.538713 2.873884
v -2.953896 -19.583822 -2.873884
v -2.892254 -19.621991 -2.873884
v -3.058757 -19.736180 -2.797362
v -2.892254 -19.621991 -2.873884
v -2.981571 -19.783974 -2.797362
v -3.058757 -19.736180 -2.797362
v -3.058757 -19.736180 -2.797362
v -2.981571 -19.783974 -2.797362
v -3.102192 -19.799289 -2.612622
v -2.981571 -19.783974 -2.797362
v -3.018567 -19.851070 -2.612622
v -3.102192 -19.799289 -2.612622
v -3.102192 -19.799289 -2.612622
v -3.018567 -19.851070 -2.612622
v -3.102192 -19.799289 2.612622
v -3.018567 -19.851070 -2.612622
v -3.018567 -19.851070 2.612622
v -3.102192 -19.799289 2.612622
v -3.102192 -19.799289 2.612622
v -3.018567 -19.851070 2.612622
v -3.058757 -19.736180 2.797363
v -3.018567 -19.851070 2.612622
v -2.981571 -19.783974 2.797363
v -3.058757 -19.736180 2.797363
v -3.058757 -19.736180 2.797363
v -2.981571 -19.783974 2.797363
v -2.953896 -19.583822 2.873884
v -2.981571 -19.783974 2.797363
v -2.892254 -19.621991 2.873884
v -2.953896 -19.583822 2.873884
v -2.892254 -19.621991 -2.873884
v -2.828163 -19.653220 -2.873884
v -2.981571 -19.783974 -2.797362
v -2.828163 -19.653220 -2.873884
v -2.900491 -19.823481 -2.797362
v -2.981571 -19.783974 -2.797362
v -2.981571 -19.783974 -2.797362
v -2.900491 -19.823481 -2.797362
v -3.018567 -19.851070 -2.612622
v -2.900491 -19.823481 -2.797362
v -2.930450 -19.894006 -2.612622
v -3.018567 -19.851070 -2.612622
v -3.018567 -19.851070 -2.612622
v -2.930450 -19.894006 -2.612622
v -3.018567 -19.851070 2.612622
v -2.930450 -19.894006 -2.612622
v -2.930450 -19.894006 2.612622
v -3.018567 -19.851070 2.612622
v -3.018567 -19.851070 2.612622
v -2.930450 -19.894006 2.612622
v -2.981571 -19.783974 2.797363
v -2.930450 -19.894006 2.612622
v -2.900491 -19.823481 2.797363
v -2.981571 -19.783974 2.797363
v -2.981571 -19.783974 2.797363
v -2.900491 -19.823481 2.797363
v -2.892254 -19.621991 2.873884
v -2.900491 -19.823481 2.797363
v -2.828163 -19.653220 2.873884
v -2.892254 -19.621991 2.873884
v -2.828163 -19.653220 -2.873884
v -2.761623 -19.677509 -2.873884
v -2.900491 -19.823481 -2.797362
v -2.761623 -19.677509 -2.873884
v -2.815971 -19.854334 -2.797362
v -2.900491 -19.823481 -2.797362
v -2.900491 -19.823481 -2.797362
v -2.815971 -19.854334 -2.797362
v -2.930450 -19.894006 -2.612622
v -2.815971 -19.854334 -2.797362
v -2.838482 -19.927577 -2.612622
v -2.930450 -19.894006 -2.612622
v -2.930450 -19.894006 -2.612622
v -2.838482 -19.927577 -2.612622
v -2.930450 -19.894006 2.612622
v -2.838482 -19.927577 -2.612622
v -2.838482 -19.927577 2.612622
v -2.930450 -19.894006 2.612622
v -2.930450 -19.894006 2.612622
v -2.838482 -19.927577 2.612622
v -2.900491 -19.823481 2.797363
v -2.838482 -19.927577 2.612622
v -2.815971 -19.854334 2.797363
v -2.900491 -19.823481 2.797363
v -2.900491 -19.823481 2.797363
v -2.815971 -19.854334 2.797363
v -2.828163 -19.653220 2.873884
v -2.815971 -19.854334 2.797363
v -2.761623 -19.677509 2.873884
v -2.828163 -19.653220 2.873884
v -2.761623 -19.677509 -2.873884
v -2.692634 -19.694858 -2.873884
v -2.815971 -19.854334 -2.797362
v -2.692634 -19.694858 -2.873884
v -2.728573 -19.876313 -2.797362
v -2.815971 -19.854334 -2.797362
v -2.815971 -19.854334 -2.797362
v -2.728573 -19.876313 -2.797362
v -2.838482 -19.927577 -2.612622
v -2.728573 -19.876313 -2.797362
v -2.743459 -19.951473 -2.612622
v -2.838482 -19.927577 -2.612622
v -2.838482 -19.927577 -2.612622
v -2.743459 -19.951473 -2.612622
v -2.838482 -19.927577 2.612622
v -2.743459 -19.951473 -2.612622
v -2.743459 -19.951473 2.612622
v -2.838482 -19.927577 2.612622
v -2.838482 -19.927577 2.612622
v -2.743459 -19.951473 2.612622
v -2.815971 -19.854334 2.797363
v -2.743459 -19.951473 2.612622
v -2.728573 -19.876313 2.797363
v -2.815971 -19.854334 2.797363
v -2.815971 -19.854334 2.797363
v -2.728573 -19.876313 2.797363
v -2.761623 -19.677509 2.873884
v -2.728573 -19.876313 2.797363
v -2.692634 -19.694858 2.873884
v -2.761623 -19.677509 2.873884
v -2.692634 -19.694858 -2.873884
v -2.621195 -19.705268 -2.873884
v -2.728573 -19.876313 -2.797362
v -2.621195 -19.705268 -2.873884
v -2.638889 -19.889381 -2.797362
v -2.728573 -19.876313 -2.797362
v -2.728573 -19.876313 -2.797362
v -2.638889 -19.889381 -2.797362
v -2.743459 -19.951473 -2.612622
v -2.638889 -19.889381 -2.797362
v -2.646218 -19.965643 -2.612622
v -2.743459 -19.951473 -2.612622
v -2.743459 -19.951473 -2.612622
v -2.646218 -19.965643 -2.612622
v -2.743459 -19.951473 2.612622
v -2.646218 -19.965643 -2.612622
v -2.646218 -19.965643 2.612622
v -2.743459 -19.951473 2.612622
v -2.743459 -19.951473 2.612622
v -2.646218 -19.965643 2.612622
v -2.728573 -19.876313 2.797363
v -2.646218 -19.965643 2.612622
v -2.638889 -19.889381 2.797363
v -2.728573 -19.876313 2.797363
v -2.728573 -19.876313 2.797363
v -2.638889 -19.889381 2.797363
v -2.692634 -19.694858 2.873884
v -2.638889 -19.889381 2.797363
v -2.621195 -19.705268 2.873884
v -2.692634 -19.694858 2.873884
v -2.621195 -19.705268 -2.873884
v -2.547306 -19.708738 -2.873884
v -2.638889 -19.889381 -2.797362
v -2.547306 -19.708738 -2.873884
v -2.551642 -19.893478 -2.797362
v -2.638889 -19.889381 -2.797362
v -2.638889 -19.889381 -2.797362
v -2.551642 -19.893478 -2.797362
v -2.646218 -19.965643 -2.612622
v -2.551642 -19.893478 -2.797362
v -2.553438 -19.970000 -2.612622
v -2.646218 -19.965643 -2.612622
v -2.646218 -19.965643 -2.612622
v -2.553438 -19.970000 -2.612622
v -2.646218 -19.965643 2.612622
v -2.553438 -19.970000 -2.612622
v -2.553438 -19.970000 2.612622
v -2.646218 -19.965643 2.612622
v -2.646218 -19.965643 2.612622
v -2.553438 -19.970000 2.612622
v -2.638889 -19.889381 2.797363
v -2.553438 -19.970000 2.612622
v -2.551642 -19.893478 2.797363
v -2.638889 -19.889381 2.797363
v -2.638889 -19.889381 2.797363
v -2.551642 -19.893478 2.797363
v -2.621195 -19.705268 2.873884
v -2.551642 -19.893478 2.797363
v -2.547306 -19.708738 2.873884
v -2.621195 -19.705268 2.873884
v -2.547306 -19.708738 -2.873884
v 5.564884 -19.708738 -2.873884
v -2.551642 -19.893478 -2.797362
v 5.564884 -19.708738 -2.873884
v 5.571035 -19.893478 -2.797362
v -2.551642 -19.893478 -2.797362
v -2.551642 -19.893478 -2.797362
v 5.571035 -19.893478 -2.797362
v -2.553438 -19.970000 -2.612622
v 5.571035 -19.893478 -2.797362
v 5.573584 -19.970000 -2.612622
v -2.553438 -19.970000 -2.612622
v -2.553438 -19.970000 -2.612622
v 5.573584 -19.970000 -2.612622
v -2.553438 -19.970000 2.612622
v 5.573584 -19.970000 -2.612622
v 5.573584 -19.970000 2.612622
v -2.553438 -19.970000 2.612622
v -2.553438 -19.970000 2.612622
v 5.573584 -19.970000 2.612622
v -2.551642 -19.893478 2.797363
v 5.573584 -19.970000 2.612622
v 5.571035 -19.893478 2.797363
v -2.551642 -19.893478 2.797363
v -2.551642 -19.893478 2.797363
v 5.571035 -19.893478 2.797363
v -2.547306 -19.708738 2.873884
v 5.571035 -19.893478 2.797363
v 5.564884 -19.708738 2.873884
v -2.547306 -19.708738 2.873884
vt 935 0
vt 314 0
vt 308.34375 0.265625
vt 945.9375 1.5625
vt 940.859375 0.390625
vt 935 0
vt 953.75 6.25
vt 950.234375 3.515625
vt 945.9375 1.5625
vt 958.4375 14.0625
vt 956.484375 9.765625
vt 953.75 6.25
vt 960 25
vt 959.609375 19.140625
vt 958.4375 14.0625
vt 959.609375 1313.859375
vt 960 1308
vt 960 25
vt 956.484375 1323.234375
vt 958.4375 1318.9375
vt 959.609375 1313.859375
vt 950.234375 1329.484375
vt 953.75 1326.75
vt 956.484375 1323.234375
vt 940.859375 1332.609375
vt 945.9375 1331.4375
vt 950.234375 1329.484375
vt 587 1333
vt 935 1333
vt 940.859375 1332.609375
vt 576.0625 1331.4375
vt 581.140625 1332.609375
vt 587 1333
vt 568.25 1326.75
vt 571.765625 1329.484375
vt 576.0625 1331.4375
vt 563.5625 1318.9375
vt 565.515625 1323.234375
vt 568.25 1326.75
vt 562 1308
vt 562.390625 1313.859375
vt 563.5625 1318.9375
vt 456.609375 1313.859375
vt 457 1308
vt 457 410
vt 453.484375 1323.234375
vt 455.4375 1318.9375
vt 456.609375 1313.859375
vt 447.234375 1329.484375
vt 450.75 1326.75
vt 453.484375 1323.234375
vt 437.859375 1332.609375
vt 442.9375 1331.4375
vt 447.234375 1329.484375
vt 83 1333
vt 432 1333
vt 437.859375 1332.609375
vt 72.0625 1331.4375
vt 77.140625 1332.609375
vt 83 1333
vt 64.25 1326.75
vt 67.765625 1329.484375
vt 72.0625 1331.4375
vt 59.5625 1318.9375
vt 61.515625 1323.234375
vt 64.25 1326.75
vt 58 1308
vt 58.390625 1313.859375
vt 59.5625 1318.9375
vt 58.25 251.125
vt 58 257
vt 58 1308
vt 60.25 240.125
vt 59 245.5
vt 58.25 251.125
vt 64.25 230.125
vt 62 235
vt 60.25 240.125
vt 70.25 221.125
vt 67 225.5
vt 64.25 230.125
vt 274 17
vt 74 217
vt 70.25 221.125
vt 282.875 9.5625
vt 278.34375 13.015625
vt 274 17
vt 292.5 4.25
vt 287.59375 6.640625
vt 282.875 9.5625
vt 302.875 1.0625
vt 297.59375 2.390625
vt 292.5 4.25
vt 935 0
vt 308.34375 0.265625
vt 302.875 1.0625
vt 953.75 6.25
vt 945.9375 1.5625
vt 935 0
vt 960 25
vt 958.4375 14.0625
vt 953.75 6.25
vt 956.484375 1323.234375
vt 959.609375 1313.859375
vt 960 25
vt 940.859375 1332.609375
vt 950.234375 1329.484375
vt 956.484375 1323.234375
vt 576.0625 1331.4375
vt 587 1333
vt 940.859375 1332.609375
vt 563.5625 1318.9375
vt 568.25 1326.75
vt 576.0625 1331.4375
vt 562 372
vt 562 1308
vt 563.5625 1318.9375
vt 453.484375 1323.234375
vt 456.609375 1313.859375
vt 457 410
vt 437.859375 1332.609375
vt 447.234375 1329.484375
vt 453.484375 1323.234375
vt 72.0625 1331.4375
vt 83 1333
vt 437.859375 1332.609375
vt 59.5625 1318.9375
vt 64.25 1326.75
vt 72.0625 1331.4375
vt 58.25 251.125
vt 58 1308
vt 59.5625 1318.9375
vt 64.25 230.125
vt 60.25 240.125
vt 58.25 251.125
vt 274 17
vt 70.25 221.125
vt 64.25 230.125
vt 292.5 4.25
vt 282.875 9.5625
vt 274 17
vt 935 0
vt 302.875 1.0625
vt 292.5 4.25
vt 960 25
vt 953.75 6.25
vt 935 0
vt 940.859375 1332.609375
vt 956.484375 1323.234375
vt 960 25
vt 563.5625 1318.9375
vt 576.0625 1331.4375
vt 940.859375 1332.609375
vt 437.859375 1332.609375
vt 453.484375 1323.234375
vt 457 410
vt 59.5625 1318.9375
vt 72.0625 1331.4375
vt 437.859375 1332.609375
vt 64.25 230.125
vt 58.25 251.125
vt 59.5625 1318.9375
vt 292.5 4.25
vt 274 17
vt 64.25 230.125
vt 960 25
vt 935 0
vt 292.5 4.25
vt 563.5625 1318.9375
vt 940.859375 1332.609375
vt 960 25
vt 59.5625 1318.9375
vt 437.859375 1332.609375
vt 457 410
vt 292.5 4.25
vt 64.25 230.125
vt 59.5625 1318.9375
vt 562 372
vt 563.5625 1318.9375
vt 960 25
vt 59.5625 1318.9375
vt 457 410
vt 457.578125 401.09375
vt 562 372
vt 960 25
vt 292.5 4.25
vt 59.5625 1318.9375
vt 457.578125 401.09375
vt 459.3125 393.375
vt 494 372
vt 562 372
vt 292.5 4.25
vt 292.5 4.25
vt 59.5625 1318.9375
vt 459.3125 393.375
vt 485.328125 372.59375
vt 494 372
vt 292.5 4.25
vt 292.5 4.25
vt 459.3125 393.375
vt 462.203125 386.84375
vt 477.8125 374.375
vt 485.328125 372.59375
vt 292.5 4.25
vt 292.5 4.25
vt 462.203125 386.84375
vt 466.25 381.5
vt 471.453125 377.34375
vt 477.8125 374.375
vt 292.5 4.25
vt 292.5 4.25
vt 466.25 381.5
vt 471.453125 377.34375
vt 308.34375 0.265625
vt 314 0
vt 935 0
vt 935 0
vt 940.859375 0.390625
vt 945.9375 1.5625
vt 945.9375 1.5625
vt 950.234375 3.515625
vt 953.75 6.25
vt 953.75 6.25
vt 956.484375 9.765625
vt 958.4375 14.0625
vt 958.4375 14.0625
vt 959.609375 19.140625
vt 960 25
vt 960 25
vt 960 1308
vt 959.609375 1313.859375
vt 959.609375 1313.859375
vt 958.4375 1318.9375
vt 956.484375 1323.234375
vt 956.484375 1323.234375
vt 953.75 1326.75
vt 950.234375 1329.484375
vt 950.234375 1329.484375
vt 945.9375 1331.4375
vt 940.859375 1332.609375
vt 940.859375 1332.609375
vt 935 1333
vt 587 1333
vt 587 1333
vt 581.140625 1332.609375
vt 576.0625 1331.4375
vt 576.0625 1331.4375
vt 571.765625 1329.484375
vt 568.25 1326.75
vt 568.25 1326.75
vt 565.515625 1323.234375
vt 563.5625 1318.9375
vt 563.5625 1318.9375
vt 562.390625 1313.859375
vt 562 1308
vt 457 410
vt 457 1308
vt 456.609375 1313.859375
vt 456.609375 1313.859375
vt 455.4375 1318.9375
vt 453.484375 1323.234375
vt 453.484375 1323.234375
vt 450.75 1326.75
vt 447.234375 1329.484375
vt 447.234375 1329.484375
vt 442.9375 1331.4375
vt 437.859375 1332.609375
vt 437.859375 1332.609375
vt 432 1333
vt 83 1333
vt 83 1333
vt 77.140625 1332.609375
vt 72.0625 1331.4375
vt 72.0625 1331.4375
vt 67.765625 1329.484375
vt 64.25 1326.75
vt 64.25 1326.75
vt 61.515625 1323.234375
vt 59.5625 1318.9375
vt 59.5625 1318.9375
vt 58.390625 1313.859375
vt 58 1308
vt 58 1308
vt 58 257
vt 58.25 251.125
vt 58.25 251.125
vt 59 245.5
vt 60.25 240.125
vt 60.25 240.125
vt 62 235
vt 64.25 230.125
vt 64.25 230.125
vt 67 225.5
vt 70.25 221.125
vt 70.25 221.125
vt 74 217
vt 274 17
vt 274 17
vt 278.34375 13.015625
vt 282.875 9.5625
vt 282.875 9.5625
vt 287.59375 6.640625
vt 292.5 4.25
vt 292.5 4.25
vt 297.59375 2.390625
vt 302.875 1.0625
vt 302.875 1.0625
vt 308.34375 0.265625
vt 935 0
vt 935 0
vt 945.9375 1.5625
vt 953.75 6.25
vt 953.75 6.25
vt 958.4375 14.0625
vt 960 25
vt 960 25
vt 959.609375 1313.859375
vt 956.484375 1323.234375
vt 956.484375 1323.234375
vt 950.234375 1329.484375
vt 940.859375 1332.609375
vt 940.859375 1332.609375
vt 587 1333
vt 576.0625 1331.4375
vt 576.0625 1331.4375
vt 568.25 1326.75
vt 563.5625 1318.9375
vt 563.5625 1318.9375
vt 562 1308
vt 562 372
vt 457 410
vt 456.609375 1313.859375
vt 453.484375 1323.234375
vt 453.484375 1323.234375
vt 447.234375 1329.484375
vt 437.859375 1332.609375
vt 437.859375 1332.609375
vt 83 1333
vt 72.0625 1331.4375
vt 72.0625 1331.4375
vt 64.25 1326.75
vt 59.5625 1318.9375
vt 59.5625 1318.9375
vt 58 1308
vt 58.25 251.125
vt 58.25 251.125
vt 60.25 240.125
vt 64.25 230.125
vt 64.25 230.125
vt 70.25 221.125
vt 274 17
vt 274 17
vt 282.875 9.5625
vt 292.5 4.25
vt 292.5 4.25
vt 302.875 1.0625
vt 935 0
vt 935 0
vt 953.75 6.25
vt 960 25
vt 960 25
vt 956.484375 1323.234375
vt 940.859375 1332.609375
vt 940.859375 1332.609375
vt 576.0625 1331.4375
vt 563.5625 1318.9375
vt 457 410
vt 453.484375 1323.234375
vt 437.859375 1332.609375
vt 437.859375 1332.609375
vt 72.0625 1331.4375
vt 59.5625 1318.9375
vt 59.5625 1318.9375
vt 58.25 251.125
vt 64.25 230.125
vt 64.25 230.125
vt 274 17
vt 292.5 4.25
vt 292.5 4.25
vt 935 0
vt 960 25
vt 960 25
vt 940.859375 1332.609375
vt 563.5625 1318.9375
vt 457 410
vt 437.859375 1332.609375
vt 59.5625 1318.9375
vt 59.5625 1318.9375
vt 64.25 230.125
vt 292.5 4.25
vt 960 25
vt 563.5625 1318.9375
vt 562 372
vt 457.578125 401.09375
vt 457 410
vt 59.5625 1318.9375
vt 292.5 4.25
vt 960 25
vt 562 372
vt 459.3125 393.375
vt 457.578125 401.09375
vt 59.5625 1318.9375
vt 292.5 4.25
vt 562 372
vt 494 372
vt 459.3125 393.375
vt 59.5625 1318.9375
vt 292.5 4.25
vt 292.5 4.25
vt 494 372
vt 485.328125 372.59375
vt 462.203125 386.84375
vt 459.3125 393.375
vt 292.5 4.25
vt 292.5 4.25
vt 485.328125 372.59375
vt 477.8125 374.375
vt 466.25 381.5
vt 462.203125 386.84375
vt 292.5 4.25
vt 292.5 4.25
vt 477.8125 374.375
vt 471.453125 377.34375
vt 471.453125 377.34375
vt 466.25 381.5
vt 292.5 4.25
vt 935 21
vt 940.859375 21
vt 935.4708862304688 15.142135620117188
vt 940.859375 21
vt 942.9329833984375 15.142135620117188
vt 935.4708862304688 15.142135620117188
vt 935.4708862304688 15.142135620117188
vt 942.9329833984375 15.142135620117188
vt 935.6659545898438 1
vt 942.9329833984375 15.142135620117188
vt 943.7919311523438 1
vt 935.6659545898438 1
vt 935.6659545898438 1
vt 943.7919311523438 1
vt 935.6659545898438 -399
vt 943.7919311523438 1
vt 943.7919311523438 -399
vt 935.6659545898438 -399
vt 935.6659545898438 -399
vt 943.7919311523438 -399
vt 935.4708862304688 -413.14215087890625
vt 943.7919311523438 -399
vt 942.9329833984375 -413.14215087890625
vt 935.4708862304688 -413.14215087890625
vt 935.4708862304688 -413.14215087890625
vt 942.9329833984375 -413.14215087890625
vt 935 -419
vt 942.9329833984375 -413.14215087890625
vt 940.859375 -419
vt 935 -419
vt 940.859375 21
vt 945.9375 21
vt 942.9329833984375 15.142135620117188
vt 945.9375 21
vt 950.4989013671875 15.142135620117188
vt 942.9329833984375 15.142135620117188
vt 942.9329833984375 15.142135620117188
vt 950.4989013671875 15.142135620117188
vt 943.7919311523438 1
vt 950.4989013671875 15.142135620117188
vt 952.3883056640625 1
vt 943.7919311523438 1
vt 943.7919311523438 1
vt 952.3883056640625 1
vt 943.7919311523438 -399
vt 952.3883056640625 1
vt 952.3883056640625 -399
vt 943.7919311523438 -399
vt 943.7919311523438 -399
vt 952.3883056640625 -399
vt 942.9329833984375 -413.14215087890625
vt 952.3883056640625 -399
vt 950.4989013671875 -413.14215087890625
vt 942.9329833984375 -413.14215087890625
vt 942.9329833984375 -413.14215087890625
vt 950.4989013671875 -413.14215087890625
vt 940.859375 -419
vt 950.4989013671875 -413.14215087890625
vt 945.9375 -419
vt 940.859375 -419
vt 945.9375 21
vt 950.234375 21
vt 950.4989013671875 15.142135620117188
vt 950.234375 21
vt 957.6023559570312 15.142135620117188
vt 950.4989013671875 15.142135620117188
vt 950.4989013671875 15.142135620117188
vt 957.6023559570312 15.142135620117188
vt 952.3883056640625 1
vt 957.6023559570312 15.142135620117188
vt 960.654296875 1
vt 952.3883056640625 1
vt 952.3883056640625 1
vt 960.654296875 1
vt 952.3883056640625 -399
vt 960.654296875 1
vt 960.654296875 -399
vt 952.3883056640625 -399
vt 952.3883056640625 -399
vt 960.654296875 -399
vt 950.4989013671875 -413.14215087890625
vt 960.654296875 -399
vt 957.6023559570312 -413.14215087890625
vt 950.4989013671875 -413.14215087890625
vt 950.4989013671875 -413.14215087890625
vt 957.6023559570312 -413.14215087890625
vt 945.9375 -419
vt 957.6023559570312 -413.14215087890625
vt 950.234375 -419
vt 945.9375 -419
vt 950.234375 21
vt 953.75 21
vt 957.6023559570312 15.142135620117188
vt 953.75 21
vt 963.8278198242188 15.142135620117188
vt 957.6023559570312 15.142135620117188
vt 957.6023559570312 15.142135620117188
vt 963.8278198242188 15.142135620117188
vt 960.654296875 1
vt 963.8278198242188 15.142135620117188
vt 968.002197265625 1
vt 960.654296875 1
vt 960.654296875 1
vt 968.002197265625 1
vt 960.654296875 -399
vt 968.002197265625 1
vt 968.002197265625 -399
vt 960.654296875 -399
vt 960.654296875 -399
vt 968.002197265625 -399
vt 957.6023559570312 -413.14215087890625
vt 968.002197265625 -399
vt 963.8278198242188 -413.14215087890625
vt 957.6023559570312 -413.14215087890625
vt 957.6023559570312 -413.14215087890625
vt 963.8278198242188 -413.14215087890625
vt 950.234375 -419
vt 963.8278198242188 -413.14215087890625
vt 953.75 -419
vt 950.234375 -419
vt 6.25 21
vt 9.765625 21
vt -3.827822208404541 15.142135620117188
vt 9.765625 21
vt 2.3976240158081055 15.142135620117188
vt -3.827822208404541 15.142135620117188
vt -3.827822208404541 15.142135620117188
vt 2.3976240158081055 15.142135620117188
vt -8.002192497253418 1
vt 2.3976240158081055 15.142135620117188
vt -0.6543018817901611 1
vt -8.002192497253418 1
vt -8.002192497253418 1
vt -0.6543018817901611 1
vt -8.002192497253418 -399
vt -0.6543018817901611 1
vt -0.6543018817901611 -399
vt -8.002192497253418 -399
vt -8.002192497253418 -399
vt -0.6543018817901611 -399
vt -3.827822208404541 -413.14215087890625
vt -0.6543018817901611 -399
vt 2.3976240158081055 -413.14215087890625
vt -3.827822208404541 -413.14215087890625
vt -3.827822208404541 -413.14215087890625
vt 2.3976240158081055 -413.14215087890625
vt 6.25 -419
vt 2.3976240158081055 -413.14215087890625
vt 9.765625 -419
vt 6.25 -419
vt 9.765625 21
vt 14.0625 21
vt 2.3976240158081055 15.142135620117188
vt 14.0625 21
vt 9.501090049743652 15.142135620117188
vt 2.3976240158081055 15.142135620117188
vt 2.3976240158081055 15.142135620117188
vt 9.501090049743652 15.142135620117188
vt -0.6543018817901611 1
vt 9.501090049743652 15.142135620117188
vt 7.611691951751709 1
vt -0.6543018817901611 1
vt -0.6543018817901611 1
vt 7.611691951751709 1
vt -0.6543018817901611 -399
vt 7.611691951751709 1
vt 7.611691951751709 -399
vt -0.6543018817901611 -399
vt -0.6543018817901611 -399
vt 7.611691951751709 -399
vt 2.3976240158081055 -413.14215087890625
vt 7.611691951751709 -399
vt 9.501090049743652 -413.14215087890625
vt 2.3976240158081055 -413.14215087890625
vt 2.3976240158081055 -413.14215087890625
vt 9.501090049743652 -413.14215087890625
vt 9.765625 -419
vt 9.501090049743652 -413.14215087890625
vt 14.0625 -419
vt 9.765625 -419
vt 14.0625 21
vt 19.140625 21
vt 9.501090049743652 15.142135620117188
vt 19.140625 21
vt 17.066986083984375 15.142135620117188
vt 9.501090049743652 15.142135620117188
vt 9.501090049743652 15.142135620117188
vt 17.066986083984375 15.142135620117188
vt 7.611691951751709 1
vt 17.066986083984375 15.142135620117188
vt 16.208057403564453 1
vt 7.611691951751709 1
vt 7.611691951751709 1
vt 16.208057403564453 1
vt 7.611691951751709 -399
vt 16.208057403564453 1
vt 16.208057403564453 -399
vt 7.611691951751709 -399
vt 7.611691951751709 -399
vt 16.208057403564453 -399
vt 9.501090049743652 -413.14215087890625
vt 16.208057403564453 -399
vt 17.066986083984375 -413.14215087890625
vt 9.501090049743652 -413.14215087890625
vt 9.501090049743652 -413.14215087890625
vt 17.066986083984375 -413.14215087890625
vt 14.0625 -419
vt 17.066986083984375 -413.14215087890625
vt 19.140625 -419
vt 14.0625 -419
vt 19.140625 21
vt 25 21
vt 17.066986083984375 15.142135620117188
vt 25 21
vt 24.529117584228516 15.142135620117188
vt 17.066986083984375 15.142135620117188
vt 17.066986083984375 15.142135620117188
vt 24.529117584228516 15.142135620117188
vt 16.208057403564453 1
vt 24.529117584228516 15.142135620117188
vt 24.33407211303711 1
vt 16.208057403564453 1
vt 16.208057403564453 1
vt 24.33407211303711 1
vt 16.208057403564453 -399
vt 24.33407211303711 1
vt 24.33407211303711 -399
vt 16.208057403564453 -399
vt 16.208057403564453 -399
vt 24.33407211303711 -399
vt 17.066986083984375 -413.14215087890625
vt 24.33407211303711 -399
vt 24.529117584228516 -413.14215087890625
vt 17.066986083984375 -413.14215087890625
vt 17.066986083984375 -413.14215087890625
vt 24.529117584228516 -413.14215087890625
vt 19.140625 -419
vt 24.529117584228516 -413.14215087890625
vt 25 -419
vt 19.140625 -419
vt 25 21
vt 1308 21
vt 24.529117584228516 15.142135620117188
vt 1308 21
vt 1308.4708251953125 15.142135620117188
vt 24.529117584228516 15.142135620117188
vt 24.529117584228516 15.142135620117188
vt 1308.4708251953125 15.142135620117188
vt 24.33407211303711 1
vt 1308.4708251953125 15.142135620117188
vt 1308.6658935546875 1
vt 24.33407211303711 1
vt 24.33407211303711 1
vt 1308.6658935546875 1
vt 24.33407211303711 -399
vt 1308.6658935546875 1
vt 1308.6658935546875 -399
vt 24.33407211303711 -399
vt 24.33407211303711 -399
vt 1308.6658935546875 -399
vt 24.529117584228516 -413.14215087890625
vt 1308.6658935546875 -399
vt 1308.4708251953125 -413.14215087890625
vt 24.529117584228516 -413.14215087890625
vt 24.529117584228516 -413.14215087890625
vt 1308.4708251953125 -413.14215087890625
vt 25 -419
vt 1308.4708251953125 -413.14215087890625
vt 1308 -419
vt 25 -419
vt 1308 21
vt 1313.859375 21
vt 1308.4708251953125 15.142135620117188
vt 1313.859375 21
vt 1315.9329833984375 15.142135620117188
vt 1308.4708251953125 15.142135620117188
vt 1308.4708251953125 15.142135620117188
vt 1315.9329833984375 15.142135620117188
vt 1308.6658935546875 1
vt 1315.9329833984375 15.142135620117188
vt 1316.7919921875 1
vt 1308.6658935546875 1
vt 1308.6658935546875 1
vt 1316.7919921875 1
vt 1308.6658935546875 -399
vt 1316.7919921875 1
vt 1316.7919921875 -399
vt 1308.6658935546875 -399
vt 1308.6658935546875 -399
vt 1316.7919921875 -399
vt 1308.4708251953125 -413.14215087890625
vt 1316.7919921875 -399
vt 1315.9329833984375 -413.14215087890625
vt 1308.4708251953125 -413.14215087890625
vt 1308.4708251953125 -413.14215087890625
vt 1315.9329833984375 -413.14215087890625
vt 1308 -419
vt 1315.9329833984375 -413.14215087890625
vt 1313.859375 -419
vt 1308 -419
vt 1313.859375 21
vt 1318.9375 21
vt 1315.9329833984375 15.142135620117188
vt 1318.9375 21
vt 1323.4989013671875 15.142135620117188
vt 1315.9329833984375 15.142135620117188
vt 1315.9329833984375 15.142135620117188
vt 1323.4989013671875 15.142135620117188
vt 1316.7919921875 1
vt 1323.4989013671875 15.142135620117188
vt 1325.3883056640625 1
vt 1316.7919921875 1
vt 1316.7919921875 1
vt 1325.3883056640625 1
vt 1316.7919921875 -399
vt 1325.3883056640625 1
vt 1325.3883056640625 -399
vt 1316.7919921875 -399
vt 1316.7919921875 -399
vt 1325.3883056640625 -399
vt 1315.9329833984375 -413.14215087890625
vt 1325.3883056640625 -399
vt 1323.4989013671875 -413.14215087890625
vt 1315.9329833984375 -413.14215087890625
vt 1315.9329833984375 -413.14215087890625
vt 1323.4989013671875 -413.14215087890625
vt 1313.859375 -419
vt 1323.4989013671875 -413.14215087890625
vt 1318.9375 -419
vt 1313.859375 -419
vt 1318.9375 21
vt 1323.234375 21
vt 1323.4989013671875 15.142135620117188
vt 1323.234375 21
vt 1330.6024169921875 15.142135620117188
vt 1323.4989013671875 15.142135620117188
vt 1323.4989013671875 15.142135620117188
vt 1330.6024169921875 15.142135620117188
vt 1325.3883056640625 1
vt 1330.6024169921875 15.142135620117188
vt 1333.654296875 1
vt 1325.3883056640625 1
vt 1325.3883056640625 1
vt 1333.654296875 1
vt 1325.3883056640625 -399
vt 1333.654296875 1
vt 1333.654296875 -399
vt 1325.3883056640625 -399
vt 1325.3883056640625 -399
vt 1333.654296875 -399
vt 1323.4989013671875 -413.14215087890625
vt 1333.654296875 -399
vt 1330.6024169921875 -413.14215087890625
vt 1323.4989013671875 -413.14215087890625
vt 1323.4989013671875 -413.14215087890625
vt 1330.6024169921875 -413.14215087890625
vt 1318.9375 -419
vt 1330.6024169921875 -413.14215087890625
vt 1323.234375 -419
vt 1318.9375 -419
vt 1323.234375 21
vt 1326.75 21
vt 1330.6024169921875 15.142135620117188
vt 1326.75 21
vt 1336.827880859375 15.142135620117188
vt 1330.6024169921875 15.142135620117188
vt 1330.6024169921875 15.142135620117188
vt 1336.827880859375 15.142135620117188
vt 1333.654296875 1
vt 1336.827880859375 15.142135620117188
vt 1341.002197265625 1
vt 1333.654296875 1
vt 1333.654296875 1
vt 1341.002197265625 1
vt 1333.654296875 -399
vt 1341.002197265625 1
vt 1341.002197265625 -399
vt 1333.654296875 -399
vt 1333.654296875 -399
vt 1341.002197265625 -399
vt 1330.6024169921875 -413.14215087890625
vt 1341.002197265625 -399
vt 1336.827880859375 -413.14215087890625
vt 1330.6024169921875 -413.14215087890625
vt 1330.6024169921875 -413.14215087890625
vt 1336.827880859375 -413.14215087890625
vt 1323.234375 -419
vt 1336.827880859375 -413.14215087890625
vt 1326.75 -419
vt 1323.234375 -419
vt 953.75 21
vt 950.234375 21
vt 963.8278198242188 15.142135620117188
vt 950.234375 21
vt 957.6023559570312 15.142135620117188
vt 963.8278198242188 15.142135620117188
vt 963.8278198242188 15.142135620117188
vt 957.6023559570312 15.142135620117188
vt 968.002197265625 1
vt 957.6023559570312 15.142135620117188
vt 960.654296875 1
vt 968.002197265625 1
vt 968.002197265625 1
vt 960.654296875 1
vt 968.002197265625 -399
vt 960.654296875 1
vt 960.654296875 -399
vt 968.002197265625 -399
vt 968.002197265625 -399
vt 960.654296875 -399
vt 963.8278198242188 -413.14215087890625
vt 960.654296875 -399
vt 957.6023559570312 -413.14215087890625
vt 963.8278198242188 -413.14215087890625
vt 963.8278198242188 -413.14215087890625
vt 957.6023559570312 -413.14215087890625
vt 953.75 -419
vt 957.6023559570312 -413.14215087890625
vt 950.234375 -419
vt 953.75 -419
vt 950.234375 21
vt 945.9375 21
vt 957.6023559570312 15.142135620117188
vt 945.9375 21
vt 950.4989013671875 15.142135620117188
vt 957.6023559570312 15.142135620117188
vt 957.6023559570312 15.142135620117188
vt 950.4989013671875 15.142135620117188
vt 960.654296875 1
vt 950.4989013671875 15.142135620117188
vt 952.3883056640625 1
vt 960.654296875 1
vt 960.654296875 1
vt 952.3883056640625 1
vt 960.654296875 -399
vt 952.3883056640625 1
vt 952.3883056640625 -399
vt 960.654296875 -399
vt 960.654296875 -399
vt 952.3883056640625 -399
vt 957.6023559570312 -413.14215087890625
vt 952.3883056640625 -399
vt 950.4989013671875 -413.14215087890625
vt 957.6023559570312 -413.14215087890625
vt 957.6023559570312 -413.14215087890625
vt 950.4989013671875 -413.14215087890625
vt 950.234375 -419
vt 950.4989013671875 -413.14215087890625
vt 945.9375 -419
vt 950.234375 -419
vt 945.9375 21
vt 940.859375 21
vt 950.4989013671875 15.142135620117188
vt 940.859375 21
vt 942.9329833984375 15.142135620117188
vt 950.4989013671875 15.142135620117188
vt 950.4989013671875 15.142135620117188
vt 942.9329833984375 15.142135620117188
vt 952.3883056640625 1
vt 942.9329833984375 15.142135620117188
vt 943.7919311523438 1
vt 952.3883056640625 1
vt 952.3883056640625 1
vt 943.7919311523438 1
vt 952.3883056640625 -399
vt 943.7919311523438 1
vt 943.7919311523438 -399
vt 952.3883056640625 -399
vt 952.3883056640625 -399
vt 943.7919311523438 -399
vt 950.4989013671875 -413.14215087890625
vt 943.7919311523438 -399
vt 942.9329833984375 -413.14215087890625
vt 950.4989013671875 -413.14215087890625
vt 950.4989013671875 -413.14215087890625
vt 942.9329833984375 -413.14215087890625
vt 945.9375 -419
vt 942.9329833984375 -413.14215087890625
vt 940.859375 -419
vt 945.9375 -419
vt 940.859375 21
vt 935 21
vt 942.9329833984375 15.142135620117188
vt 935 21
vt 935.4708862304688 15.142135620117188
vt 942.9329833984375 15.142135620117188
vt 942.9329833984375 15.142135620117188
vt 935.4708862304688 15.142135620117188
vt 943.7919311523438 1
vt 935.4708862304688 15.142135620117188
vt 935.6659545898438 1
vt 943.7919311523438 1
vt 943.7919311523438 1
vt 935.6659545898438 1
vt 943.7919311523438 -399
vt 935.6659545898438 1
vt 935.6659545898438 -399
vt 943.7919311523438 -399
vt 943.7919311523438 -399
vt 935.6659545898438 -399
vt 942.9329833984375 -413.14215087890625
vt 935.6659545898438 -399
vt 935.4708862304688 -413.14215087890625
vt 942.9329833984375 -413.14215087890625
vt 942.9329833984375 -413.14215087890625
vt 935.4708862304688 -413.14215087890625
vt 940.859375 -419
vt 935.4708862304688 -413.14215087890625
vt 935 -419
vt 940.859375 -419
vt 935 21
vt 587 21
vt 935.4708862304688 15.142135620117188
vt 587 21
vt 586.5291137695312 15.142135620117188
vt 935.4708862304688 15.142135620117188
vt 935.4708862304688 15.142135620117188
vt 586.5291137695312 15.142135620117188
vt 935.6659545898438 1
vt 586.5291137695312 15.142135620117188
vt 586.3340454101562 1
vt 935.6659545898438 1
vt 935.6659545898438 1
vt 586.3340454101562 1
vt 935.6659545898438 -399
vt 586.3340454101562 1
vt 586.3340454101562 -399
vt 935.6659545898438 -399
vt 935.6659545898438 -399
vt 586.3340454101562 -399
vt 935.4708862304688 -413.14215087890625
vt 586.3340454101562 -399
vt 586.5291137695312 -413.14215087890625
vt 935.4708862304688 -413.14215087890625
vt 935.4708862304688 -413.14215087890625
vt 586.5291137695312 -413.14215087890625
vt 935 -419
vt 586.5291137695312 -413.14215087890625
vt 587 -419
vt 935 -419
vt 587 21
vt 581.140625 21
vt 586.5291137695312 15.142135620117188
vt 581.140625 21
vt 579.0670166015625 15.142135620117188
vt 586.5291137695312 15.142135620117188
vt 586.5291137695312 15.142135620117188
vt 579.0670166015625 15.142135620117188
vt 586.3340454101562 1
vt 579.0670166015625 15.142135620117188
vt 578.2080688476562 1
vt 586.3340454101562 1
vt 586.3340454101562 1
vt 578.2080688476562 1
vt 586.3340454101562 -399
vt 578.2080688476562 1
vt 578.2080688476562 -399
vt 586.3340454101562 -399
vt 586.3340454101562 -399
vt 578.2080688476562 -399
vt 586.5291137695312 -413.14215087890625
vt 578.2080688476562 -399
vt 579.0670166015625 -413.14215087890625
vt 586.5291137695312 -413.14215087890625
vt 586.5291137695312 -413.14215087890625
vt 579.0670166015625 -413.14215087890625
vt 587 -419
vt 579.0670166015625 -413.14215087890625
vt 581.140625 -419
vt 587 -419
vt 581.140625 21
vt 576.0625 21
vt 579.0670166015625 15.142135620117188
vt 576.0625 21
vt 571.5010986328125 15.142135620117188
vt 579.0670166015625 15.142135620117188
vt 579.0670166015625 15.142135620117188
vt 571.5010986328125 15.142135620117188
vt 578.2080688476562 1
vt 571.5010986328125 15.142135620117188
vt 569.6116943359375 1
vt 578.2080688476562 1
vt 578.2080688476562 1
vt 569.6116943359375 1
vt 578.2080688476562 -399
vt 569.6116943359375 1
vt 569.6116943359375 -399
vt 578.2080688476562 -399
vt 578.2080688476562 -399
vt 569.6116943359375 -399
vt 579.0670166015625 -413.14215087890625
vt 569.6116943359375 -399
vt 571.5010986328125 -413.14215087890625
vt 579.0670166015625 -413.14215087890625
vt 579.0670166015625 -413.14215087890625
vt 571.5010986328125 -413.14215087890625
vt 581.140625 -419
vt 571.5010986328125 -413.14215087890625
vt 576.0625 -419
vt 581.140625 -419
vt 576.0625 21
vt 571.765625 21
vt 571.5010986328125 15.142135620117188
vt 571.765625 21
vt 564.3976440429688 15.142135620117188
vt 571.5010986328125 15.142135620117188
vt 571.5010986328125 15.142135620117188
vt 564.3976440429688 15.142135620117188
vt 569.6116943359375 1
vt 564.3976440429688 15.142135620117188
vt 561.345703125 1
vt 569.6116943359375 1
vt 569.6116943359375 1
vt 561.345703125 1
vt 569.6116943359375 -399
vt 561.345703125 1
vt 561.345703125 -399
vt 569.6116943359375 -399
vt 569.6116943359375 -399
vt 561.345703125 -399
vt 571.5010986328125 -413.14215087890625
vt 561.345703125 -399
vt 564.3976440429688 -413.14215087890625
vt 571.5010986328125 -413.14215087890625
vt 571.5010986328125 -413.14215087890625
vt 564.3976440429688 -413.14215087890625
vt 576.0625 -419
vt 564.3976440429688 -413.14215087890625
vt 571.765625 -419
vt 576.0625 -419
vt 571.765625 21
vt 568.25 21
vt 564.3976440429688 15.142135620117188
vt 568.25 21
vt 558.1721801757812 15.142135620117188
vt 564.3976440429688 15.142135620117188
vt 564.3976440429688 15.142135620117188
vt 558.1721801757812 15.142135620117188
vt 561.345703125 1
vt 558.1721801757812 15.142135620117188
vt 553.997802734375 1
vt 561.345703125 1
vt 561.345703125 1
vt 553.997802734375 1
vt 561.345703125 -399
vt 553.997802734375 1
vt 553.997802734375 -399
vt 561.345703125 -399
vt 561.345703125 -399
vt 553.997802734375 -399
vt 564.3976440429688 -413.14215087890625
vt 553.997802734375 -399
vt 558.1721801757812 -413.14215087890625
vt 564.3976440429688 -413.14215087890625
vt 564.3976440429688 -413.14215087890625
vt 558.1721801757812 -413.14215087890625
vt 571.765625 -419
vt 558.1721801757812 -413.14215087890625
vt 568.25 -419
vt 571.765625 -419
vt 1326.75 21
vt 1323.234375 21
vt 1336.827880859375 15.142135620117188
vt 1323.234375 21
vt 1330.6024169921875 15.142135620117188
vt 1336.827880859375 15.142135620117188
vt 1336.827880859375 15.142135620117188
vt 1330.6024169921875 15.142135620117188
vt 1341.002197265625 1
vt 1330.6024169921875 15.142135620117188
vt 1333.654296875 1
vt 1341.002197265625 1
vt 1341.002197265625 1
vt 1333.654296875 1
vt 1341.002197265625 -399
vt 1333.654296875 1
vt 1333.654296875 -399
vt 1341.002197265625 -399
vt 1341.002197265625 -399
vt 1333.654296875 -399
vt 1336.827880859375 -413.14215087890625
vt 1333.654296875 -399
vt 1330.6024169921875 -413.14215087890625
vt 1336.827880859375 -413.14215087890625
vt 1336.827880859375 -413.14215087890625
vt 1330.6024169921875 -413.14215087890625
vt 1326.75 -419
vt 1330.6024169921875 -413.14215087890625
vt 1323.234375 -419
vt 1326.75 -419
vt 1323.234375 21
vt 1318.9375 21
vt 1330.6024169921875 15.142135620117188
vt 1318.9375 21
vt 1323.4989013671875 15.142135620117188
vt 1330.6024169921875 15.142135620117188
vt 1330.6024169921875 15.142135620117188
vt 1323.4989013671875 15.142135620117188
vt 1333.654296875 1
vt 1323.4989013671875 15.142135620117188
vt 1325.3883056640625 1
vt 1333.654296875 1
vt 1333.654296875 1
vt 1325.3883056640625 1
vt 1333.654296875 -399
vt 1325.3883056640625 1
vt 1325.3883056640625 -399
vt 1333.654296875 -399
vt 1333.654296875 -399
vt 1325.3883056640625 -399
vt 1330.6024169921875 -413.14215087890625
vt 1325.3883056640625 -399
vt 1323.4989013671875 -413.14215087890625
vt 1330.6024169921875 -413.14215087890625
vt 1330.6024169921875 -413.14215087890625
vt 1323.4989013671875 -413.14215087890625
vt 1323.234375 -419
vt 1323.4989013671875 -413.14215087890625
vt 1318.9375 -419
vt 1323.234375 -419
vt 1318.9375 21
vt 1313.859375 21
vt 1323.4989013671875 15.142135620117188
vt 1313.859375 21
vt 1315.9329833984375 15.142135620117188
vt 1323.4989013671875 15.142135620117188
vt 1323.4989013671875 15.142135620117188
vt 1315.9329833984375 15.142135620117188
vt 1325.3883056640625 1
vt 1315.9329833984375 15.142135620117188
vt 1316.7919921875 1
vt 1325.3883056640625 1
vt 1325.3883056640625 1
vt 1316.7919921875 1
vt 1325.3883056640625 -399
vt 1316.7919921875 1
vt 1316.7919921875 -399
vt 1325.3883056640625 -399
vt 1325.3883056640625 -399
vt 1316.7919921875 -399
vt 1323.4989013671875 -413.14215087890625
vt 1316.7919921875 -399
vt 1315.9329833984375 -413.14215087890625
vt 1323.4989013671875 -413.14215087890625
vt 1323.4989013671875 -413.14215087890625
vt 1315.9329833984375 -413.14215087890625
vt 1318.9375 -419
vt 1315.9329833984375 -413.14215087890625
vt 1313.859375 -419
vt 1318.9375 -419
vt 1313.859375 21
vt 1308 21
vt 1315.9329833984375 15.142135620117188
vt 1308 21
vt 1308.4708251953125 15.142135620117188
vt 1315.9329833984375 15.142135620117188
vt 1315.9329833984375 15.142135620117188
vt 1308.4708251953125 15.142135620117188
vt 1316.7919921875 1
vt 1308.4708251953125 15.142135620117188
vt 1308.6658935546875 1
vt 1316.7919921875 1
vt 1316.7919921875 1
vt 1308.6658935546875 1
vt 1316.7919921875 -399
vt 1308.6658935546875 1
vt 1308.6658935546875 -399
vt 1316.7919921875 -399
vt 1316.7919921875 -399
vt 1308.6658935546875 -399
vt 1315.9329833984375 -413.14215087890625
vt 1308.6658935546875 -399
vt 1308.4708251953125 -413.14215087890625
vt 1315.9329833984375 -413.14215087890625
vt 1315.9329833984375 -413.14215087890625
vt 1308.4708251953125 -413.14215087890625
vt 1313.859375 -419
vt 1308.4708251953125 -413.14215087890625
vt 1308 -419
vt 1313.859375 -419
vt 1308 21
vt 372 21
vt 1308.4708251953125 15.142135620117188
vt 372 21
vt 386.14215087890625 15.142135620117188
vt 1308.4708251953125 15.142135620117188
vt 1308.4708251953125 15.142135620117188
vt 386.14215087890625 15.142135620117188
vt 1308.6658935546875 1
vt 386.14215087890625 15.142135620117188
vt 392 1
vt 1308.6658935546875 1
vt 1308.6658935546875 1
vt 392 1
vt 1308.6658935546875 -399
vt 392 1
vt 392 -399
vt 1308.6658935546875 -399
vt 1308.6658935546875 -399
vt 392 -399
vt 1308.4708251953125 -413.14215087890625
vt 392 -399
vt 386.14215087890625 -413.14215087890625
vt 1308.4708251953125 -413.14215087890625
vt 1308.4708251953125 -413.14215087890625
vt 386.14215087890625 -413.14215087890625
vt 1308 -419
vt 386.14215087890625 -413.14215087890625
vt 372 -419
vt 1308 -419
vt 562 21
vt 494 21
vt 547.8578491210938 15.142135620117188
vt 494 21
vt 494.48358154296875 15.142135620117188
vt 547.8578491210938 15.142135620117188
vt 547.8578491210938 15.142135620117188
vt 494.48358154296875 15.142135620117188
vt 542 1
vt 494.48358154296875 15.142135620117188
vt 494.68389892578125 1
vt 542 1
vt 542 1
vt 494.68389892578125 1
vt 542 -399
vt 494.68389892578125 1
vt 494.68389892578125 -399
vt 542 -399
vt 542 -399
vt 494.68389892578125 -399
vt 547.8578491210938 -413.14215087890625
vt 494.68389892578125 -399
vt 494.48358154296875 -413.14215087890625
vt 547.8578491210938 -413.14215087890625
vt 547.8578491210938 -413.14215087890625
vt 494.48358154296875 -413.14215087890625
vt 562 -419
vt 494.48358154296875 -413.14215087890625
vt 494 -419
vt 562 -419
vt 494 21
vt 485.328125 21
vt 494.48358154296875 15.142135620117188
vt 485.328125 21
vt 487.4561767578125 15.142135620117188
vt 494.48358154296875 15.142135620117188
vt 494.48358154296875 15.142135620117188
vt 487.4561767578125 15.142135620117188
vt 494.68389892578125 1
vt 487.4561767578125 15.142135620117188
vt 488.3376770019531 1
vt 494.68389892578125 1
vt 494.68389892578125 1
vt 488.3376770019531 1
vt 494.68389892578125 -399
vt 488.3376770019531 1
vt 488.3376770019531 -399
vt 494.68389892578125 -399
vt 494.68389892578125 -399
vt 488.3376770019531 -399
vt 494.48358154296875 -413.14215087890625
vt 488.3376770019531 -399
vt 487.4561767578125 -413.14215087890625
vt 494.48358154296875 -413.14215087890625
vt 494.48358154296875 -413.14215087890625
vt 487.4561767578125 -413.14215087890625
vt 494 -419
vt 487.4561767578125 -413.14215087890625
vt 485.328125 -419
vt 494 -419
vt 485.328125 21
vt 477.8125 21
vt 487.4561767578125 15.142135620117188
vt 477.8125 21
vt 482.4827575683594 15.142135620117188
vt 487.4561767578125 15.142135620117188
vt 487.4561767578125 15.142135620117188
vt 482.4827575683594 15.142135620117188
vt 488.3376770019531 1
vt 482.4827575683594 15.142135620117188
vt 484.4172668457031 1
vt 488.3376770019531 1
vt 488.3376770019531 1
vt 484.4172668457031 1
vt 488.3376770019531 -399
vt 484.4172668457031 1
vt 484.4172668457031 -399
vt 488.3376770019531 -399
vt 488.3376770019531 -399
vt 484.4172668457031 -399
vt 487.4561767578125 -413.14215087890625
vt 484.4172668457031 -399
vt 482.4827575683594 -413.14215087890625
vt 487.4561767578125 -413.14215087890625
vt 487.4561767578125 -413.14215087890625
vt 482.4827575683594 -413.14215087890625
vt 485.328125 -419
vt 482.4827575683594 -413.14215087890625
vt 477.8125 -419
vt 485.328125 -419
vt 477.8125 21
vt 471.453125 21
vt 482.4827575683594 15.142135620117188
vt 471.453125 21
vt 478.9626159667969 15.142135620117188
vt 482.4827575683594 15.142135620117188
vt 482.4827575683594 15.142135620117188
vt 478.9626159667969 15.142135620117188
vt 484.4172668457031 1
vt 478.9626159667969 15.142135620117188
vt 482.0731506347656 1
vt 484.4172668457031 1
vt 484.4172668457031 1
vt 482.0731506347656 1
vt 484.4172668457031 -399
vt 482.0731506347656 1
vt 482.0731506347656 -399
vt 484.4172668457031 -399
vt 484.4172668457031 -399
vt 482.0731506347656 -399
vt 482.4827575683594 -413.14215087890625
vt 482.0731506347656 -399
vt 478.9626159667969 -413.14215087890625
vt 482.4827575683594 -413.14215087890625
vt 482.4827575683594 -413.14215087890625
vt 478.9626159667969 -413.14215087890625
vt 477.8125 -419
vt 478.9626159667969 -413.14215087890625
vt 471.453125 -419
vt 477.8125 -419
vt 471.453125 21
vt 466.25 21
vt 478.9626159667969 15.142135620117188
vt 466.25 21
vt 476.4571533203125 15.142135620117188
vt 478.9626159667969 15.142135620117188
vt 478.9626159667969 15.142135620117188
vt 476.4571533203125 15.142135620117188
vt 482.0731506347656 1
vt 476.4571533203125 15.142135620117188
vt 480.6850891113281 1
vt 482.0731506347656 1
vt 482.0731506347656 1
vt 480.6850891113281 1
vt 482.0731506347656 -399
vt 480.6850891113281 1
vt 480.6850891113281 -399
vt 482.0731506347656 -399
vt 482.0731506347656 -399
vt 480.6850891113281 -399
vt 478.9626159667969 -413.14215087890625
vt 480.6850891113281 -399
vt 476.4571533203125 -413.14215087890625
vt 478.9626159667969 -413.14215087890625
vt 478.9626159667969 -413.14215087890625
vt 476.4571533203125 -413.14215087890625
vt 471.453125 -419
vt 476.4571533203125 -413.14215087890625
vt 466.25 -419
vt 471.453125 -419
vt 381.5 21
vt 386.84375 21
vt 391.4466857910156 15.142135620117188
vt 386.84375 21
vt 394.0708923339844 15.142135620117188
vt 391.4466857910156 15.142135620117188
vt 391.4466857910156 15.142135620117188
vt 394.0708923339844 15.142135620117188
vt 395.5667724609375 1
vt 394.0708923339844 15.142135620117188
vt 397.0644836425781 1
vt 395.5667724609375 1
vt 395.5667724609375 1
vt 397.0644836425781 1
vt 395.5667724609375 -399
vt 397.0644836425781 1
vt 397.0644836425781 -399
vt 395.5667724609375 -399
vt 395.5667724609375 -399
vt 397.0644836425781 -399
vt 391.4466857910156 -413.14215087890625
vt 397.0644836425781 -399
vt 394.0708923339844 -413.14215087890625
vt 391.4466857910156 -413.14215087890625
vt 391.4466857910156 -413.14215087890625
vt 394.0708923339844 -413.14215087890625
vt 381.5 -419
vt 394.0708923339844 -413.14215087890625
vt 386.84375 -419
vt 381.5 -419
vt 386.84375 21
vt 393.375 21
vt 394.0708923339844 15.142135620117188
vt 393.375 21
vt 397.8294677734375 15.142135620117188
vt 394.0708923339844 15.142135620117188
vt 394.0708923339844 15.142135620117188
vt 397.8294677734375 15.142135620117188
vt 397.0644836425781 1
vt 397.8294677734375 15.142135620117188
vt 399.674560546875 1
vt 397.0644836425781 1
vt 397.0644836425781 1
vt 399.674560546875 1
vt 397.0644836425781 -399
vt 399.674560546875 1
vt 399.674560546875 -399
vt 397.0644836425781 -399
vt 397.0644836425781 -399
vt 399.674560546875 -399
vt 394.0708923339844 -413.14215087890625
vt 399.674560546875 -399
vt 397.8294677734375 -413.14215087890625
vt 394.0708923339844 -413.14215087890625
vt 394.0708923339844 -413.14215087890625
vt 397.8294677734375 -413.14215087890625
vt 386.84375 -419
vt 397.8294677734375 -413.14215087890625
vt 393.375 -419
vt 386.84375 -419
vt 393.375 21
vt 401.09375 21
vt 397.8294677734375 15.142135620117188
vt 401.09375 21
vt 403.1142883300781 15.142135620117188
vt 397.8294677734375 15.142135620117188
vt 397.8294677734375 15.142135620117188
vt 403.1142883300781 15.142135620117188
vt 399.674560546875 1
vt 403.1142883300781 15.142135620117188
vt 403.9512023925781 1
vt 399.674560546875 1
vt 399.674560546875 1
vt 403.9512023925781 1
vt 399.674560546875 -399
vt 403.9512023925781 1
vt 403.9512023925781 -399
vt 399.674560546875 -399
vt 399.674560546875 -399
vt 403.9512023925781 -399
vt 397.8294677734375 -413.14215087890625
vt 403.9512023925781 -399
vt 403.1142883300781 -413.14215087890625
vt 397.8294677734375 -413.14215087890625
vt 397.8294677734375 -413.14215087890625
vt 403.1142883300781 -413.14215087890625
vt 393.375 -419
vt 403.1142883300781 -413.14215087890625
vt 401.09375 -419
vt 393.375 -419
vt 401.09375 21
vt 410 21
vt 403.1142883300781 15.142135620117188
vt 410 21
vt 410.4585266113281 15.142135620117188
vt 403.1142883300781 15.142135620117188
vt 403.1142883300781 15.142135620117188
vt 410.4585266113281 15.142135620117188
vt 403.9512023925781 1
vt 410.4585266113281 15.142135620117188
vt 410.6484375 1
vt 403.9512023925781 1
vt 403.9512023925781 1
vt 410.6484375 1
vt 403.9512023925781 -399
vt 410.6484375 1
vt 410.6484375 -399
vt 403.9512023925781 -399
vt 403.9512023925781 -399
vt 410.6484375 -399
vt 403.1142883300781 -413.14215087890625
vt 410.6484375 -399
vt 410.4585266113281 -413.14215087890625
vt 403.1142883300781 -413.14215087890625
vt 403.1142883300781 -413.14215087890625
vt 410.4585266113281 -413.14215087890625
vt 401.09375 -419
vt 410.4585266113281 -413.14215087890625
vt 410 -419
vt 401.09375 -419
vt 410 21
vt 1308 21
vt 410.4585266113281 15.142135620117188
vt 1308 21
vt 1308.4708251953125 15.142135620117188
vt 410.4585266113281 15.142135620117188
vt 410.4585266113281 15.142135620117188
vt 1308.4708251953125 15.142135620117188
vt 410.6484375 1
vt 1308.4708251953125 15.142135620117188
vt 1308.6658935546875 1
vt 410.6484375 1
vt 410.6484375 1
vt 1308.6658935546875 1
vt 410.6484375 -399
vt 1308.6658935546875 1
vt 1308.6658935546875 -399
vt 410.6484375 -399
vt 410.6484375 -399
vt 1308.6658935546875 -399
vt 410.4585266113281 -413.14215087890625
vt 1308.6658935546875 -399
vt 1308.4708251953125 -413.14215087890625
vt 410.4585266113281 -413.14215087890625
vt 410.4585266113281 -413.14215087890625
vt 1308.4708251953125 -413.14215087890625
vt 410 -419
vt 1308.4708251953125 -413.14215087890625
vt 1308 -419
vt 410 -419
vt 1308 21
vt 1313.859375 21
vt 1308.4708251953125 15.142135620117188
vt 1313.859375 21
vt 1315.9329833984375 15.142135620117188
vt 1308.4708251953125 15.142135620117188
vt 1308.4708251953125 15.142135620117188
vt 1315.9329833984375 15.142135620117188
vt 1308.6658935546875 1
vt 1315.9329833984375 15.142135620117188
vt 1316.7919921875 1
vt 1308.6658935546875 1
vt 1308.6658935546875 1
vt 1316.7919921875 1
vt 1308.6658935546875 -399
vt 1316.7919921875 1
vt 1316.7919921875 -399
vt 1308.6658935546875 -399
vt 1308.6658935546875 -399
vt 1316.7919921875 -399
vt 1308.4708251953125 -413.14215087890625
vt 1316.7919921875 -399
vt 1315.9329833984375 -413.14215087890625
vt 1308.4708251953125 -413.14215087890625
vt 1308.4708251953125 -413.14215087890625
vt 1315.9329833984375 -413.14215087890625
vt 1308 -419
vt 1315.9329833984375 -413.14215087890625
vt 1313.859375 -419
vt 1308 -419
vt 1313.859375 21
vt 1318.9375 21
vt 1315.9329833984375 15.142135620117188
vt 1318.9375 21
vt 1323.4989013671875 15.142135620117188
vt 1315.9329833984375 15.142135620117188
vt 1315.9329833984375 15.142135620117188
vt 1323.4989013671875 15.142135620117188
vt 1316.7919921875 1
vt 1323.4989013671875 15.142135620117188
vt 1325.3883056640625 1
vt 1316.7919921875 1
vt 1316.7919921875 1
vt 1325.3883056640625 1
vt 1316.7919921875 -399
vt 1325.3883056640625 1
vt 1325.3883056640625 -399
vt 1316.7919921875 -399
vt 1316.7919921875 -399
vt 1325.3883056640625 -399
vt 1315.9329833984375 -413.14215087890625
vt 1325.3883056640625 -399
vt 1323.4989013671875 -413.14215087890625
vt 1315.9329833984375 -413.14215087890625
vt 1315.9329833984375 -413.14215087890625
vt 1323.4989013671875 -413.14215087890625
vt 1313.859375 -419
vt 1323.4989013671875 -413.14215087890625
vt 1318.9375 -419
vt 1313.859375 -419
vt 1318.9375 21
vt 1323.234375 21
vt 1323.4989013671875 15.142135620117188
vt 1323.234375 21
vt 1330.6024169921875 15.142135620117188
vt 1323.4989013671875 15.142135620117188
vt 1323.4989013671875 15.142135620117188
vt 1330.6024169921875 15.142135620117188
vt 1325.3883056640625 1
vt 1330.6024169921875 15.142135620117188
vt 1333.654296875 1
vt 1325.3883056640625 1
vt 1325.3883056640625 1
vt 1333.654296875 1
vt 1325.3883056640625 -399
vt 1333.654296875 1
vt 1333.654296875 -399
vt 1325.3883056640625 -399
vt 1325.3883056640625 -399
vt 1333.654296875 -399
vt 1323.4989013671875 -413.14215087890625
vt 1333.654296875 -399
vt 1330.6024169921875 -413.14215087890625
vt 1323.4989013671875 -413.14215087890625
vt 1323.4989013671875 -413.14215087890625
vt 1330.6024169921875 -413.14215087890625
vt 1318.9375 -419
vt 1330.6024169921875 -413.14215087890625
vt 1323.234375 -419
vt 1318.9375 -419
vt 1323.234375 21
vt 1326.75 21
vt 1330.6024169921875 15.142135620117188
vt 1326.75 21
vt 1336.827880859375 15.142135620117188
vt 1330.6024169921875 15.142135620117188
vt 1330.6024169921875 15.142135620117188
vt 1336.827880859375 15.142135620117188
vt 1333.654296875 1
vt 1336.827880859375 15.142135620117188
vt 1341.002197265625 1
vt 1333.654296875 1
vt 1333.654296875 1
vt 1341.002197265625 1
vt 1333.654296875 -399
vt 1341.002197265625 1
vt 1341.002197265625 -399
vt 1333.654296875 -399
vt 1333.654296875 -399
vt 1341.002197265625 -399
vt 1330.6024169921875 -413.14215087890625
vt 1341.002197265625 -399
vt 1336.827880859375 -413.14215087890625
vt 1330.6024169921875 -413.14215087890625
vt 1330.6024169921875 -413.14215087890625
vt 1336.827880859375 -413.14215087890625
vt 1323.234375 -419
vt 1336.827880859375 -413.14215087890625
vt 1326.75 -419
vt 1323.234375 -419
vt 450.75 21
vt 447.234375 21
vt 460.82781982421875 15.142135620117188
vt 447.234375 21
vt 454.6023864746094 15.142135620117188
vt 460.82781982421875 15.142135620117188
vt 460.82781982421875 15.142135620117188
vt 454.6023864746094 15.142135620117188
vt 465.002197265625 1
vt 454.6023864746094 15.142135620117188
vt 457.654296875 1
vt 465.002197265625 1
vt 465.002197265625 1
vt 457.654296875 1
vt 465.002197265625 -399
vt 457.654296875 1
vt 457.654296875 -399
vt 465.002197265625 -399
vt 465.002197265625 -399
vt 457.654296875 -399
vt 460.82781982421875 -413.14215087890625
vt 457.654296875 -399
vt 454.6023864746094 -413.14215087890625
vt 460.82781982421875 -413.14215087890625
vt 460.82781982421875 -413.14215087890625
vt 454.6023864746094 -413.14215087890625
vt 450.75 -419
vt 454.6023864746094 -413.14215087890625
vt 447.234375 -419
vt 450.75 -419
vt 447.234375 21
vt 442.9375 21
vt 454.6023864746094 15.142135620117188
vt 442.9375 21
vt 447.4989013671875 15.142135620117188
vt 454.6023864746094 15.142135620117188
vt 454.6023864746094 15.142135620117188
vt 447.4989013671875 15.142135620117188
vt 457.654296875 1
vt 447.4989013671875 15.142135620117188
vt 449.3883056640625 1
vt 457.654296875 1
vt 457.654296875 1
vt 449.3883056640625 1
vt 457.654296875 -399
vt 449.3883056640625 1
vt 449.3883056640625 -399
vt 457.654296875 -399
vt 457.654296875 -399
vt 449.3883056640625 -399
vt 454.6023864746094 -413.14215087890625
vt 449.3883056640625 -399
vt 447.4989013671875 -413.14215087890625
vt 454.6023864746094 -413.14215087890625
vt 454.6023864746094 -413.14215087890625
vt 447.4989013671875 -413.14215087890625
vt 447.234375 -419
vt 447.4989013671875 -413.14215087890625
vt 442.9375 -419
vt 447.234375 -419
vt 442.9375 21
vt 437.859375 21
vt 447.4989013671875 15.142135620117188
vt 437.859375 21
vt 439.9330139160156 15.142135620117188
vt 447.4989013671875 15.142135620117188
vt 447.4989013671875 15.142135620117188
vt 439.9330139160156 15.142135620117188
vt 449.3883056640625 1
vt 439.9330139160156 15.142135620117188
vt 440.79193115234375 1
vt 449.3883056640625 1
vt 449.3883056640625 1
vt 440.79193115234375 1
vt 449.3883056640625 -399
vt 440.79193115234375 1
vt 440.79193115234375 -399
vt 449.3883056640625 -399
vt 449.3883056640625 -399
vt 440.79193115234375 -399
vt 447.4989013671875 -413.14215087890625
vt 440.79193115234375 -399
vt 439.9330139160156 -413.14215087890625
vt 447.4989013671875 -413.14215087890625
vt 447.4989013671875 -413.14215087890625
vt 439.9330139160156 -413.14215087890625
vt 442.9375 -419
vt 439.9330139160156 -413.14215087890625
vt 437.859375 -419
vt 442.9375 -419
vt 437.859375 21
vt 432 21
vt 439.9330139160156 15.142135620117188
vt 432 21
vt 432.47088623046875 15.142135620117188
vt 439.9330139160156 15.142135620117188
vt 439.9330139160156 15.142135620117188
vt 432.47088623046875 15.142135620117188
vt 440.79193115234375 1
vt 432.47088623046875 15.142135620117188
vt 432.6659240722656 1
vt 440.79193115234375 1
vt 440.79193115234375 1
vt 432.6659240722656 1
vt 440.79193115234375 -399
vt 432.6659240722656 1
vt 432.6659240722656 -399
vt 440.79193115234375 -399
vt 440.79193115234375 -399
vt 432.6659240722656 -399
vt 439.9330139160156 -413.14215087890625
vt 432.6659240722656 -399
vt 432.47088623046875 -413.14215087890625
vt 439.9330139160156 -413.14215087890625
vt 439.9330139160156 -413.14215087890625
vt 432.47088623046875 -413.14215087890625
vt 437.859375 -419
vt 432.47088623046875 -413.14215087890625
vt 432 -419
vt 437.859375 -419
vt 432 21
vt 83 21
vt 432.47088623046875 15.142135620117188
vt 83 21
vt 82.52912139892578 15.142135620117188
vt 432.47088623046875 15.142135620117188
vt 432.47088623046875 15.142135620117188
vt 82.52912139892578 15.142135620117188
vt 432.6659240722656 1
vt 82.52912139892578 15.142135620117188
vt 82.33407592773438 1
vt 432.6659240722656 1
vt 432.6659240722656 1
vt 82.33407592773438 1
vt 432.6659240722656 -399
vt 82.33407592773438 1
vt 82.33407592773438 -399
vt 432.6659240722656 -399
vt 432.6659240722656 -399
vt 82.33407592773438 -399
vt 432.47088623046875 -413.14215087890625
vt 82.33407592773438 -399
vt 82.52912139892578 -413.14215087890625
vt 432.47088623046875 -413.14215087890625
vt 432.47088623046875 -413.14215087890625
vt 82.52912139892578 -413.14215087890625
vt 432 -419
vt 82.52912139892578 -413.14215087890625
vt 83 -419
vt 432 -419
vt 83 21
vt 77.140625 21
vt 82.52912139892578 15.142135620117188
vt 77.140625 21
vt 75.06698608398438 15.142135620117188
vt 82.52912139892578 15.142135620117188
vt 82.52912139892578 15.142135620117188
vt 75.06698608398438 15.142135620117188
vt 82.33407592773438 1
vt 75.06698608398438 15.142135620117188
vt 74.20806121826172 1
vt 82.33407592773438 1
vt 82.33407592773438 1
vt 74.20806121826172 1
vt 82.33407592773438 -399
vt 74.20806121826172 1
vt 74.20806121826172 -399
vt 82.33407592773438 -399
vt 82.33407592773438 -399
vt 74.20806121826172 -399
vt 82.52912139892578 -413.14215087890625
vt 74.20806121826172 -399
vt 75.06698608398438 -413.14215087890625
vt 82.52912139892578 -413.14215087890625
vt 82.52912139892578 -413.14215087890625
vt 75.06698608398438 -413.14215087890625
vt 83 -419
vt 75.06698608398438 -413.14215087890625
vt 77.140625 -419
vt 83 -419
vt 77.140625 21
vt 72.0625 21
vt 75.06698608398438 15.142135620117188
vt 72.0625 21
vt 67.50109100341797 15.142135620117188
vt 75.06698608398438 15.142135620117188
vt 75.06698608398438 15.142135620117188
vt 67.50109100341797 15.142135620117188
vt 74.20806121826172 1
vt 67.50109100341797 15.142135620117188
vt 65.6116943359375 1
vt 74.20806121826172 1
vt 74.20806121826172 1
vt 65.6116943359375 1
vt 74.20806121826172 -399
vt 65.6116943359375 1
vt 65.6116943359375 -399
vt 74.20806121826172 -399
vt 74.20806121826172 -399
vt 65.6116943359375 -399
vt 75.06698608398438 -413.14215087890625
vt 65.6116943359375 -399
vt 67.50109100341797 -413.14215087890625
vt 75.06698608398438 -413.14215087890625
vt 75.06698608398438 -413.14215087890625
vt 67.50109100341797 -413.14215087890625
vt 77.140625 -419
vt 67.50109100341797 -413.14215087890625
vt 72.0625 -419
vt 77.140625 -419
vt 72.0625 21
vt 67.765625 21
vt 67.50109100341797 15.142135620117188
vt 67.765625 21
vt 60.39762496948242 15.142135620117188
vt 67.50109100341797 15.142135620117188
vt 67.50109100341797 15.142135620117188
vt 60.39762496948242 15.142135620117188
vt 65.6116943359375 1
vt 60.39762496948242 15.142135620117188
vt 57.345699310302734 1
vt 65.6116943359375 1
vt 65.6116943359375 1
vt 57.345699310302734 1
vt 65.6116943359375 -399
vt 57.345699310302734 1
vt 57.345699310302734 -399
vt 65.6116943359375 -399
vt 65.6116943359375 -399
vt 57.345699310302734 -399
vt 67.50109100341797 -413.14215087890625
vt 57.345699310302734 -399
vt 60.39762496948242 -413.14215087890625
vt 67.50109100341797 -413.14215087890625
vt 67.50109100341797 -413.14215087890625
vt 60.39762496948242 -413.14215087890625
vt 72.0625 -419
vt 60.39762496948242 -413.14215087890625
vt 67.765625 -419
vt 72.0625 -419
vt 67.765625 21
vt 64.25 21
vt 60.39762496948242 15.142135620117188
vt 64.25 21
vt 54.172176361083984 15.142135620117188
vt 60.39762496948242 15.142135620117188
vt 60.39762496948242 15.142135620117188
vt 54.172176361083984 15.142135620117188
vt 57.345699310302734 1
vt 54.172176361083984 15.142135620117188
vt 49.997806549072266 1
vt 57.345699310302734 1
vt 57.345699310302734 1
vt 49.997806549072266 1
vt 57.345699310302734 -399
vt 49.997806549072266 1
vt 49.997806549072266 -399
vt 57.345699310302734 -399
vt 57.345699310302734 -399
vt 49.997806549072266 -399
vt 60.39762496948242 -413.14215087890625
vt 49.997806549072266 -399
vt 54.172176361083984 -413.14215087890625
vt 60.39762496948242 -413.14215087890625
vt 60.39762496948242 -413.14215087890625
vt 54.172176361083984 -413.14215087890625
vt 67.765625 -419
vt 54.172176361083984 -413.14215087890625
vt 64.25 -419
vt 67.765625 -419
vt 1326.75 21
vt 1323.234375 21
vt 1336.827880859375 15.142135620117188
vt 1323.234375 21
vt 1330.6024169921875 15.142135620117188
vt 1336.827880859375 15.142135620117188
vt 1336.827880859375 15.142135620117188
vt 1330.6024169921875 15.142135620117188
vt 1341.002197265625 1
vt 1330.6024169921875 15.142135620117188
vt 1333.654296875 1
vt 1341.002197265625 1
vt 1341.002197265625 1
vt 1333.654296875 1
vt 1341.002197265625 -399
vt 1333.654296875 1
vt 1333.654296875 -399
vt 1341.002197265625 -399
vt 1341.002197265625 -399
vt 1333.654296875 -399
vt 1336.827880859375 -413.14215087890625
vt 1333.654296875 -399
vt 1330.6024169921875 -413.14215087890625
vt 1336.827880859375 -413.14215087890625
vt 1336.827880859375 -413.14215087890625
vt 1330.6024169921875 -413.14215087890625
vt 1326.75 -419
vt 1330.6024169921875 -413.14215087890625
vt 1323.234375 -419
vt 1326.75 -419
vt 1323.234375 21
vt 1318.9375 21
vt 1330.6024169921875 15.142135620117188
vt 1318.9375 21
vt 1323.4989013671875 15.142135620117188
vt 1330.6024169921875 15.142135620117188
vt 1330.6024169921875 15.142135620117188
vt 1323.4989013671875 15.142135620117188
vt 1333.654296875 1
vt 1323.4989013671875 15.142135620117188
vt 1325.3883056640625 1
vt 1333.654296875 1
vt 1333.654296875 1
vt 1325.3883056640625 1
vt 1333.654296875 -399
vt 1325.3883056640625 1
vt 1325.3883056640625 -399
vt 1333.654296875 -399
vt 1333.654296875 -399
vt 1325.3883056640625 -399
vt 1330.6024169921875 -413.14215087890625
vt 1325.3883056640625 -399
vt 1323.4989013671875 -413.14215087890625
vt 1330.6024169921875 -413.14215087890625
vt 1330.6024169921875 -413.14215087890625
vt 1323.4989013671875 -413.14215087890625
vt 1323.234375 -419
vt 1323.4989013671875 -413.14215087890625
vt 1318.9375 -419
vt 1323.234375 -419
vt 1318.9375 21
vt 1313.859375 21
vt 1323.4989013671875 15.142135620117188
vt 1313.859375 21
vt 1315.9329833984375 15.142135620117188
vt 1323.4989013671875 15.142135620117188
vt 1323.4989013671875 15.142135620117188
vt 1315.9329833984375 15.142135620117188
vt 1325.3883056640625 1
vt 1315.9329833984375 15.142135620117188
vt 1316.7919921875 1
vt 1325.3883056640625 1
vt 1325.3883056640625 1
vt 1316.7919921875 1
vt 1325.3883056640625 -399
vt 1316.7919921875 1
vt 1316.7919921875 -399
vt 1325.3883056640625 -399
vt 1325.3883056640625 -399
vt 1316.7919921875 -399
vt 1323.4989013671875 -413.14215087890625
vt 1316.7919921875 -399
vt 1315.9329833984375 -413.14215087890625
vt 1323.4989013671875 -413.14215087890625
vt 1323.4989013671875 -413.14215087890625
vt 1315.9329833984375 -413.14215087890625
vt 1318.9375 -419
vt 1315.9329833984375 -413.14215087890625
vt 1313.859375 -419
vt 1318.9375 -419
vt 1313.859375 21
vt 1308 21
vt 1315.9329833984375 15.142135620117188
vt 1308 21
vt 1308.4708251953125 15.142135620117188
vt 1315.9329833984375 15.142135620117188
vt 1315.9329833984375 15.142135620117188
vt 1308.4708251953125 15.142135620117188
vt 1316.7919921875 1
vt 1308.4708251953125 15.142135620117188
vt 1308.6658935546875 1
vt 1316.7919921875 1
vt 1316.7919921875 1
vt 1308.6658935546875 1
vt 1316.7919921875 -399
vt 1308.6658935546875 1
vt 1308.6658935546875 -399
vt 1316.7919921875 -399
vt 1316.7919921875 -399
vt 1308.6658935546875 -399
vt 1315.9329833984375 -413.14215087890625
vt 1308.6658935546875 -399
vt 1308.4708251953125 -413.14215087890625
vt 1315.9329833984375 -413.14215087890625
vt 1315.9329833984375 -413.14215087890625
vt 1308.4708251953125 -413.14215087890625
vt 1313.859375 -419
vt 1308.4708251953125 -413.14215087890625
vt 1308 -419
vt 1313.859375 -419
vt 1308 21
vt 257 21
vt 1308.4708251953125 15.142135620117188
vt 257 21
vt 256.6992492675781 15.142135620117188
vt 1308.4708251953125 15.142135620117188
vt 1308.4708251953125 15.142135620117188
vt 256.6992492675781 15.142135620117188
vt 1308.6658935546875 1
vt 256.6992492675781 15.142135620117188
vt 256.57464599609375 1
vt 1308.6658935546875 1
vt 1308.6658935546875 1
vt 256.57464599609375 1
vt 1308.6658935546875 -399
vt 256.57464599609375 1
vt 256.57464599609375 -399
vt 1308.6658935546875 -399
vt 1308.6658935546875 -399
vt 256.57464599609375 -399
vt 1308.4708251953125 -413.14215087890625
vt 256.57464599609375 -399
vt 256.6992492675781 -413.14215087890625
vt 1308.4708251953125 -413.14215087890625
vt 1308.4708251953125 -413.14215087890625
vt 256.6992492675781 -413.14215087890625
vt 1308 -419
vt 256.6992492675781 -413.14215087890625
vt 257 -419
vt 1308 -419
vt 257 21
vt 251.125 21
vt 256.6992492675781 15.142135620117188
vt 251.125 21
vt 249.8873291015625 15.142135620117188
vt 256.6992492675781 15.142135620117188
vt 256.6992492675781 15.142135620117188
vt 249.8873291015625 15.142135620117188
vt 256.57464599609375 1
vt 249.8873291015625 15.142135620117188
vt 249.37466430664062 1
vt 256.57464599609375 1
vt 256.57464599609375 1
vt 249.37466430664062 1
vt 256.57464599609375 -399
vt 249.37466430664062 1
vt 249.37466430664062 -399
vt 256.57464599609375 -399
vt 256.57464599609375 -399
vt 249.37466430664062 -399
vt 256.6992492675781 -413.14215087890625
vt 249.37466430664062 -399
vt 249.8873291015625 -413.14215087890625
vt 256.6992492675781 -413.14215087890625
vt 256.6992492675781 -413.14215087890625
vt 249.8873291015625 -413.14215087890625
vt 257 -419
vt 249.8873291015625 -413.14215087890625
vt 251.125 -419
vt 257 -419
vt 251.125 21
vt 245.5 21
vt 249.8873291015625 15.142135620117188
vt 245.5 21
vt 242.95791625976562 15.142135620117188
vt 249.8873291015625 15.142135620117188
vt 249.8873291015625 15.142135620117188
vt 242.95791625976562 15.142135620117188
vt 249.37466430664062 1
vt 242.95791625976562 15.142135620117188
vt 241.90496826171875 1
vt 249.37466430664062 1
vt 249.37466430664062 1
vt 241.90496826171875 1
vt 249.37466430664062 -399
vt 241.90496826171875 1
vt 241.90496826171875 -399
vt 249.37466430664062 -399
vt 249.37466430664062 -399
vt 241.90496826171875 -399
vt 249.8873291015625 -413.14215087890625
vt 241.90496826171875 -399
vt 242.95791625976562 -413.14215087890625
vt 249.8873291015625 -413.14215087890625
vt 249.8873291015625 -413.14215087890625
vt 242.95791625976562 -413.14215087890625
vt 251.125 -419
vt 242.95791625976562 -413.14215087890625
vt 245.5 -419
vt 251.125 -419
vt 245.5 21
vt 240.125 21
vt 242.95791625976562 15.142135620117188
vt 240.125 21
vt 236.22850036621094 15.142135620117188
vt 242.95791625976562 15.142135620117188
vt 242.95791625976562 15.142135620117188
vt 236.22850036621094 15.142135620117188
vt 241.90496826171875 1
vt 236.22850036621094 15.142135620117188
vt 234.614501953125 1
vt 241.90496826171875 1
vt 241.90496826171875 1
vt 234.614501953125 1
vt 241.90496826171875 -399
vt 234.614501953125 1
vt 234.614501953125 -399
vt 241.90496826171875 -399
vt 241.90496826171875 -399
vt 234.614501953125 -399
vt 242.95791625976562 -413.14215087890625
vt 234.614501953125 -399
vt 236.22850036621094 -413.14215087890625
vt 242.95791625976562 -413.14215087890625
vt 242.95791625976562 -413.14215087890625
vt 236.22850036621094 -413.14215087890625
vt 245.5 -419
vt 236.22850036621094 -413.14215087890625
vt 240.125 -419
vt 245.5 -419
vt 240.125 21
vt 235 21
vt 236.22850036621094 15.142135620117188
vt 235 21
vt 229.73779296875 15.142135620117188
vt 236.22850036621094 15.142135620117188
vt 236.22850036621094 15.142135620117188
vt 229.73779296875 15.142135620117188
vt 234.614501953125 1
vt 229.73779296875 15.142135620117188
vt 227.55812072753906 1
vt 234.614501953125 1
vt 234.614501953125 1
vt 227.55812072753906 1
vt 234.614501953125 -399
vt 227.55812072753906 1
vt 227.55812072753906 -399
vt 234.614501953125 -399
vt 234.614501953125 -399
vt 227.55812072753906 -399
vt 236.22850036621094 -413.14215087890625
vt 227.55812072753906 -399
vt 229.73779296875 -413.14215087890625
vt 236.22850036621094 -413.14215087890625
vt 236.22850036621094 -413.14215087890625
vt 229.73779296875 -413.14215087890625
vt 240.125 -419
vt 229.73779296875 -413.14215087890625
vt 235 -419
vt 240.125 -419
vt 235 21
vt 230.125 21
vt 229.73779296875 15.142135620117188
vt 230.125 21
vt 223.53013610839844 15.142135620117188
vt 229.73779296875 15.142135620117188
vt 229.73779296875 15.142135620117188
vt 223.53013610839844 15.142135620117188
vt 227.55812072753906 1
vt 223.53013610839844 15.142135620117188
vt 220.7984619140625 1
vt 227.55812072753906 1
vt 227.55812072753906 1
vt 220.7984619140625 1
vt 227.55812072753906 -399
vt 220.7984619140625 1
vt 220.7984619140625 -399
vt 227.55812072753906 -399
vt 227.55812072753906 -399
vt 220.7984619140625 -399
vt 229.73779296875 -413.14215087890625
vt 220.7984619140625 -399
vt 223.53013610839844 -413.14215087890625
vt 229.73779296875 -413.14215087890625
vt 229.73779296875 -413.14215087890625
vt 223.53013610839844 -413.14215087890625
vt 235 -419
vt 223.53013610839844 -413.14215087890625
vt 230.125 -419
vt 235 -419
vt 230.125 21
vt 225.5 21
vt 223.53013610839844 15.142135620117188
vt 225.5 21
vt 217.64891052246094 15.142135620117188
vt 223.53013610839844 15.142135620117188
vt 223.53013610839844 15.142135620117188
vt 217.64891052246094 15.142135620117188
vt 220.7984619140625 1
vt 217.64891052246094 15.142135620117188
vt 214.39688110351562 1
vt 220.7984619140625 1
vt 220.7984619140625 1
vt 214.39688110351562 1
vt 220.7984619140625 -399
vt 214.39688110351562 1
vt 214.39688110351562 -399
vt 220.7984619140625 -399
vt 220.7984619140625 -399
vt 214.39688110351562 -399
vt 223.53013610839844 -413.14215087890625
vt 214.39688110351562 -399
vt 217.64891052246094 -413.14215087890625
vt 223.53013610839844 -413.14215087890625
vt 223.53013610839844 -413.14215087890625
vt 217.64891052246094 -413.14215087890625
vt 230.125 -419
vt 217.64891052246094 -413.14215087890625
vt 225.5 -419
vt 230.125 -419
vt 225.5 21
vt 221.125 21
vt 217.64891052246094 15.142135620117188
vt 221.125 21
vt 212.12985229492188 15.142135620117188
vt 217.64891052246094 15.142135620117188
vt 217.64891052246094 15.142135620117188
vt 212.12985229492188 15.142135620117188
vt 214.39688110351562 1
vt 212.12985229492188 15.142135620117188
vt 208.40394592285156 1
vt 214.39688110351562 1
vt 214.39688110351562 1
vt 208.40394592285156 1
vt 214.39688110351562 -399
vt 208.40394592285156 1
vt 208.40394592285156 -399
vt 214.39688110351562 -399
vt 214.39688110351562 -399
vt 208.40394592285156 -399
vt 217.64891052246094 -413.14215087890625
vt 208.40394592285156 -399
vt 212.12985229492188 -413.14215087890625
vt 217.64891052246094 -413.14215087890625
vt 217.64891052246094 -413.14215087890625
vt 212.12985229492188 -413.14215087890625
vt 225.5 -419
vt 212.12985229492188 -413.14215087890625
vt 221.125 -419
vt 225.5 -419
vt 221.125 21
vt 217 21
vt 212.12985229492188 15.142135620117188
vt 217 21
vt 207.2379608154297 15.142135620117188
vt 212.12985229492188 15.142135620117188
vt 212.12985229492188 15.142135620117188
vt 207.2379608154297 15.142135620117188
vt 208.40394592285156 1
vt 207.2379608154297 15.142135620117188
vt 203.19439697265625 1
vt 208.40394592285156 1
vt 208.40394592285156 1
vt 203.19439697265625 1
vt 208.40394592285156 -399
vt 203.19439697265625 1
vt 203.19439697265625 -399
vt 208.40394592285156 -399
vt 208.40394592285156 -399
vt 203.19439697265625 -399
vt 212.12985229492188 -413.14215087890625
vt 203.19439697265625 -399
vt 207.2379608154297 -413.14215087890625
vt 212.12985229492188 -413.14215087890625
vt 212.12985229492188 -413.14215087890625
vt 207.2379608154297 -413.14215087890625
vt 221.125 -419
vt 207.2379608154297 -413.14215087890625
vt 217 -419
vt 221.125 -419
vt 217 21
vt 17 21
vt 207.2379608154297 15.142135620117188
vt 17 21
vt 6.7843403816223145 15.142135620117188
vt 207.2379608154297 15.142135620117188
vt 207.2379608154297 15.142135620117188
vt 6.7843403816223145 15.142135620117188
vt 203.19439697265625 1
vt 6.7843403816223145 15.142135620117188
vt 2.5528757572174072 1
vt 203.19439697265625 1
vt 203.19439697265625 1
vt 2.5528757572174072 1
vt 203.19439697265625 -399
vt 2.5528757572174072 1
vt 2.5528757572174072 -399
vt 203.19439697265625 -399
vt 203.19439697265625 -399
vt 2.5528757572174072 -399
vt 207.2379608154297 -413.14215087890625
vt 2.5528757572174072 -399
vt 6.7843403816223145 -413.14215087890625
vt 207.2379608154297 -413.14215087890625
vt 207.2379608154297 -413.14215087890625
vt 6.7843403816223145 -413.14215087890625
vt 217 -419
vt 6.7843403816223145 -413.14215087890625
vt 17 -419
vt 217 -419
vt 274 21
vt 278.34375 21
vt 264.2156677246094 15.142135620117188
vt 278.34375 21
vt 269.2591552734375 15.142135620117188
vt 264.2156677246094 15.142135620117188
vt 264.2156677246094 15.142135620117188
vt 269.2591552734375 15.142135620117188
vt 260.162841796875 1
vt 269.2591552734375 15.142135620117188
vt 265.4962158203125 1
vt 260.162841796875 1
vt 260.162841796875 1
vt 265.4962158203125 1
vt 260.162841796875 -399
vt 265.4962158203125 1
vt 265.4962158203125 -399
vt 260.162841796875 -399
vt 260.162841796875 -399
vt 265.4962158203125 -399
vt 264.2156677246094 -413.14215087890625
vt 265.4962158203125 -399
vt 269.2591552734375 -413.14215087890625
vt 264.2156677246094 -413.14215087890625
vt 264.2156677246094 -413.14215087890625
vt 269.2591552734375 -413.14215087890625
vt 274 -419
vt 269.2591552734375 -413.14215087890625
vt 278.34375 -419
vt 274 -419
vt 278.34375 21
vt 282.875 21
vt 269.2591552734375 15.142135620117188
vt 282.875 21
vt 274.8476867675781 15.142135620117188
vt 269.2591552734375 15.142135620117188
vt 269.2591552734375 15.142135620117188
vt 274.8476867675781 15.142135620117188
vt 265.4962158203125 1
vt 274.8476867675781 15.142135620117188
vt 271.5226745605469 1
vt 265.4962158203125 1
vt 265.4962158203125 1
vt 271.5226745605469 1
vt 265.4962158203125 -399
vt 271.5226745605469 1
vt 271.5226745605469 -399
vt 265.4962158203125 -399
vt 265.4962158203125 -399
vt 271.5226745605469 -399
vt 269.2591552734375 -413.14215087890625
vt 271.5226745605469 -399
vt 274.8476867675781 -413.14215087890625
vt 269.2591552734375 -413.14215087890625
vt 269.2591552734375 -413.14215087890625
vt 274.8476867675781 -413.14215087890625
vt 278.34375 -419
vt 274.8476867675781 -413.14215087890625
vt 282.875 -419
vt 278.34375 -419
vt 282.875 21
vt 287.59375 21
vt 274.8476867675781 15.142135620117188
vt 287.59375 21
vt 280.75640869140625 15.142135620117188
vt 274.8476867675781 15.142135620117188
vt 274.8476867675781 15.142135620117188
vt 280.75640869140625 15.142135620117188
vt 271.5226745605469 1
vt 280.75640869140625 15.142135620117188
vt 277.9242858886719 1
vt 271.5226745605469 1
vt 271.5226745605469 1
vt 277.9242858886719 1
vt 271.5226745605469 -399
vt 277.9242858886719 1
vt 277.9242858886719 -399
vt 271.5226745605469 -399
vt 271.5226745605469 -399
vt 277.9242858886719 -399
vt 274.8476867675781 -413.14215087890625
vt 277.9242858886719 -399
vt 280.75640869140625 -413.14215087890625
vt 274.8476867675781 -413.14215087890625
vt 274.8476867675781 -413.14215087890625
vt 280.75640869140625 -413.14215087890625
vt 282.875 -419
vt 280.75640869140625 -413.14215087890625
vt 287.59375 -419
vt 282.875 -419
vt 287.59375 21
vt 292.5 21
vt 280.75640869140625 15.142135620117188
vt 292.5 21
vt 286.9632263183594 15.142135620117188
vt 280.75640869140625 15.142135620117188
vt 280.75640869140625 15.142135620117188
vt 286.9632263183594 15.142135620117188
vt 277.9242858886719 1
vt 286.9632263183594 15.142135620117188
vt 284.6697998046875 1
vt 277.9242858886719 1
vt 277.9242858886719 1
vt 284.6697998046875 1
vt 277.9242858886719 -399
vt 284.6697998046875 1
vt 284.6697998046875 -399
vt 277.9242858886719 -399
vt 277.9242858886719 -399
vt 284.6697998046875 -399
vt 280.75640869140625 -413.14215087890625
vt 284.6697998046875 -399
vt 286.9632263183594 -413.14215087890625
vt 280.75640869140625 -413.14215087890625
vt 280.75640869140625 -413.14215087890625
vt 286.9632263183594 -413.14215087890625
vt 287.59375 -419
vt 286.9632263183594 -413.14215087890625
vt 292.5 -419
vt 287.59375 -419
vt 292.5 21
vt 297.59375 21
vt 286.9632263183594 15.142135620117188
vt 297.59375 21
vt 293.4333801269531 15.142135620117188
vt 286.9632263183594 15.142135620117188
vt 286.9632263183594 15.142135620117188
vt 293.4333801269531 15.142135620117188
vt 284.6697998046875 1
vt 293.4333801269531 15.142135620117188
vt 291.7101135253906 1
vt 284.6697998046875 1
vt 284.6697998046875 1
vt 291.7101135253906 1
vt 284.6697998046875 -399
vt 291.7101135253906 1
vt 291.7101135253906 -399
vt 284.6697998046875 -399
vt 284.6697998046875 -399
vt 291.7101135253906 -399
vt 286.9632263183594 -413.14215087890625
vt 291.7101135253906 -399
vt 293.4333801269531 -413.14215087890625
vt 286.9632263183594 -413.14215087890625
vt 286.9632263183594 -413.14215087890625
vt 293.4333801269531 -413.14215087890625
vt 292.5 -419
vt 293.4333801269531 -413.14215087890625
vt 297.59375 -419
vt 292.5 -419
vt 297.59375 21
vt 302.875 21
vt 293.4333801269531 15.142135620117188
vt 302.875 21
vt 300.123779296875 15.142135620117188
vt 293.4333801269531 15.142135620117188
vt 293.4333801269531 15.142135620117188
vt 300.123779296875 15.142135620117188
vt 291.7101135253906 1
vt 300.123779296875 15.142135620117188
vt 298.98419189453125 1
vt 291.7101135253906 1
vt 291.7101135253906 1
vt 298.98419189453125 1
vt 291.7101135253906 -399
vt 298.98419189453125 1
vt 298.98419189453125 -399
vt 291.7101135253906 -399
vt 291.7101135253906 -399
vt 298.98419189453125 -399
vt 293.4333801269531 -413.14215087890625
vt 298.98419189453125 -399
vt 300.123779296875 -413.14215087890625
vt 293.4333801269531 -413.14215087890625
vt 293.4333801269531 -413.14215087890625
vt 300.123779296875 -413.14215087890625
vt 297.59375 -419
vt 300.123779296875 -413.14215087890625
vt 302.875 -419
vt 297.59375 -419
vt 302.875 21
vt 308.34375 21
vt 300.123779296875 15.142135620117188
vt 308.34375 21
vt 306.9892272949219 15.142135620117188
vt 300.123779296875 15.142135620117188
vt 300.123779296875 15.142135620117188
vt 306.9892272949219 15.142135620117188
vt 298.98419189453125 1
vt 306.9892272949219 15.142135620117188
vt 306.42816162109375 1
vt 298.98419189453125 1
vt 298.98419189453125 1
vt 306.42816162109375 1
vt 298.98419189453125 -399
vt 306.42816162109375 1
vt 306.42816162109375 -399
vt 298.98419189453125 -399
vt 298.98419189453125 -399
vt 306.42816162109375 -399
vt 300.123779296875 -413.14215087890625
vt 306.42816162109375 -399
vt 306.9892272949219 -413.14215087890625
vt 300.123779296875 -413.14215087890625
vt 300.123779296875 -413.14215087890625
vt 306.9892272949219 -413.14215087890625
vt 302.875 -419
vt 306.9892272949219 -413.14215087890625
vt 308.34375 -419
vt 302.875 -419
vt 308.34375 21
vt 314 21
vt 306.9892272949219 15.142135620117188
vt 314 21
vt 313.6681213378906 15.142135620117188
vt 306.9892272949219 15.142135620117188
vt 306.9892272949219 15.142135620117188
vt 313.6681213378906 15.142135620117188
vt 306.42816162109375 1
vt 313.6681213378906 15.142135620117188
vt 313.5306396484375 1
vt 306.42816162109375 1
vt 306.42816162109375 1
vt 313.5306396484375 1
vt 306.42816162109375 -399
vt 313.5306396484375 1
vt 313.5306396484375 -399
vt 306.42816162109375 -399
vt 306.42816162109375 -399
vt 313.5306396484375 -399
vt 306.9892272949219 -413.14215087890625
vt 313.5306396484375 -399
vt 313.6681213378906 -413.14215087890625
vt 306.9892272949219 -413.14215087890625
vt 306.9892272949219 -413.14215087890625
vt 313.6681213378906 -413.14215087890625
vt 308.34375 -419
vt 313.6681213378906 -413.14215087890625
vt 314 -419
vt 308.34375 -419
vt 314 21
vt 935 21
vt 313.6681213378906 15.142135620117188
vt 935 21
vt 935.4708862304688 15.142135620117188
vt 313.6681213378906 15.142135620117188
vt 313.6681213378906 15.142135620117188
vt 935.4708862304688 15.142135620117188
vt 313.5306396484375 1
vt 935.4708862304688 15.142135620117188
vt 935.6659545898438 1
vt 313.5306396484375 1
vt 313.5306396484375 1
vt 935.6659545898438 1
vt 313.5306396484375 -399
vt 935.6659545898438 1
vt 935.6659545898438 -399
vt 313.5306396484375 -399
vt 313.5306396484375 -399
vt 935.6659545898438 -399
vt 313.6681213378906 -413.14215087890625
vt 935.6659545898438 -399
vt 935.4708862304688 -413.14215087890625
vt 313.6681213378906 -413.14215087890625
vt 313.6681213378906 -413.14215087890625
vt 935.4708862304688 -413.14215087890625
vt 314 -419
vt 935.4708862304688 -413.14215087890625
vt 935 -419
vt 314 -419
vn 0 0 -1
vn 0 0 -1
vn 0 0 -1
vn 0 0 -1
vn 0 0 -1
vn 0 0 -1
vn 0 0 -1
vn 0 0 -1
vn 0 0 -1
vn 0 0 -1
vn 0 0 -1
vn 0 0 -1
vn 0 0 -1
vn 0 0 -1
vn 0 0 -1
vn 0 0 -1
vn 0 0 -1
vn 0 0 -1
vn 0 0 -1
vn 0 0 -1
vn 0 0 -1
vn 0 0 -1
vn 0 0 -1
vn 0 0 -1
vn 0 0 -1
vn 0 0 -1
vn 0 0 -1
vn 0 0 -1
vn 0 0 -1
vn 0 0 -1
vn 0 0 -1
vn 0 0 -1
vn 0 0 -1
vn 0 0 -1
vn 0 0 -1
vn 0 0 -1
vn 0 0 -1
vn 0 0 -1
vn 0 0 -1
vn 0 0 -1
vn 0 0 -1
vn 0 0 -1
vn 0 0 -1
vn 0 0 -1
vn 0 0 -1
vn 0 0 -1
vn 0 0 -1
vn 0 0 -1
vn 0 0 -1
vn 0 0 -1
vn 0 0 -1
vn 0 0 -1
vn 0 0 -1
vn 0 0 -1
vn 0 0 -1
vn 0 0 -1
vn 0 0 -1
vn 0 0 -1
vn 0 0 -1
vn 0 0 -1
vn 0 0 -1
vn 0 0 -1
vn 0 0 -1
vn 0 0 -1
vn 0 0 -1
vn 0 0 -1
vn 0 0 -1
vn 0 0 -1
vn 0 0 -1
vn 0 0 -1
vn 0 0 -1
vn 0 0 -1
vn 0 0 -1
vn 0 0 -1
vn 0 0 -1
vn 0 0 -1
vn 0 0 -1
vn 0 0 -1
vn 0 0 -1
vn 0 0 -1
vn 0 0 -1
vn 0 0 -1
vn 0 0 -1
vn 0 0 -1
vn 0 0 -1
vn 0 0 -1
vn 0 0 -1
vn 0 0 -1
vn 0 0 -1
vn 0 0 -1
vn 0 0 -1
vn 0 0 -1
vn 0 0 -1
vn 0 0 -1
vn 0 0 -1
vn 0 0 -1
vn 0 0 -1
vn 0 0 -1
vn 0 0 -1
vn 0 0 -1
vn 0 0 -1
vn 0 0 -1
vn 0 0 -1
vn 0 0 -1
vn 0 0 -1
vn 0 0 -1
vn 0 0 -1
vn 0 0 -1
vn 0 0 -1
vn 0 0 -1
vn 0 0 -1
vn 0 0 -1
vn 0 0 -1
vn 0 0 -1
vn 0 0 -1
vn 0 0 -1
vn 0 0 -1
vn 0 0 -1
vn 0 0 -1
vn 0 0 -1
vn 0 0 -1
vn 0 0 -1
vn 0 0 -1
vn 0 0 -1
vn 0 0 -1
vn 0 0 -1
vn 0 0 -1
vn 0 0 -1
vn 0 0 -1
vn 0 0 -1
vn 0 0 -1
vn 0 0 -1
vn 0 0 -1
vn 0 0 -1
vn 0 0 -1
vn 0 0 -1
vn 0 0 -1
vn 0 0 -1
vn 0 0 -1
vn 0 0 -1
vn 0 0 -1
vn 0 0 -1
vn 0 0 -1
vn 0 0 -1
vn 0 0 -1
vn 0 0 -1
vn 0 0 -1
vn 0 0 -1
vn 0 0 -1
vn 0 0 -1
vn 0 0 -1
vn 0 0 -1
vn 0 0 -1
vn 0 0 -1
vn 0 0 -1
vn 0 0 -1
vn 0 0 -1
vn 0 0 -1
vn 0 0 -1
vn 0 0 -1
vn 0 0 -1
vn 0 0 -1
vn 0 0 -1
vn 0 0 -1
vn 0 0 -1
vn 0 0 -1
vn 0 0 -1
vn 0 0 -1
vn 0 0 -1
vn 0 0 -1
vn 0 0 -1
vn 0 0 -1
vn 0 0 -1
vn 0 0 -1
vn 0 0 -1
vn 0 0 -1
vn 0 0 -1
vn 0 0 -1
vn 0 0 -1
vn 0 0 -1
vn 0 0 -1
vn 0 0 -1
vn 0 0 -1
vn 0 0 -1
vn 0 0 -1
vn 0 0 -1
vn 0 0 -1
vn 0 0 -1
vn 0 0 -1
vn 0 0 -1
vn 0 0 -1
vn 0 0 -1
vn 0 0 -1
vn 0 0 -1
vn 0 0 -1
vn 0 0 -1
vn 0 0 -1
vn 0 0 -1
vn 0 0 -1
vn 0 0 -1
vn 0 0 -1
vn 0 0 -1
vn 0 0 -1
vn 0 0 -1
vn 0 0 -1
vn 0 0 -1
vn 0 0 -1
vn 0 0 -1
vn 0 0 -1
vn 0 0 -1
vn 0 0 -1
vn 0 0 -1
vn 0 0 -1
vn 0 0 1
vn 0 0 1
vn 0 0 1
vn 0 0 1
vn 0 0 1
vn 0 0 1
vn 0 0 1
vn 0 0 1
vn 0 0 1
vn 0 0 1
vn 0 0 1
vn 0 0 1
vn 0 0 1
vn 0 0 1
vn 0 0 1
vn 0 0 1
vn 0 0 1
vn 0 0 1
vn 0 0 1
vn 0 0 1
vn 0 0 1
vn 0 0 1
vn 0 0 1
vn 0 0 1
vn 0 0 1
vn 0 0 1
vn 0 0 1
vn 0 0 1
vn 0 0 1
vn 0 0 1
vn 0 0 1
vn 0 0 1
vn 0 0 1
vn 0 0 1
vn 0 0 1
vn 0 0 1
vn 0 0 1
vn 0 0 1
vn 0 0 1
vn 0 0 1
vn 0 0 1
vn 0 0 1
vn 0 0 1
vn 0 0 1
vn 0 0 1
vn 0 0 1
vn 0 0 1
vn 0 0 1
vn 0 0 1
vn 0 0 1
vn 0 0 1
vn 0 0 1
vn 0 0 1
vn 0 0 1
vn 0 0 1
vn 0 0 1
vn 0 0 1
vn 0 0 1
vn 0 0 1
vn 0 0 1
vn 0 0 1
vn 0 0 1
vn 0 0 1
vn 0 0 1
vn 0 0 1
vn 0 0 1
vn 0 0 1
vn 0 0 1
vn 0 0 1
vn 0 0 1
vn 0 0 1
vn 0 0 1
vn 0 0 1
vn 0 0 1
vn 0 0 1
vn 0 0 1
vn 0 0 1
vn 0 0 1
vn 0 0 1
vn 0 0 1
vn 0 0 1
vn 0 0 1
vn 0 0 1
vn 0 0 1
vn 0 0 1
vn 0 0 1
vn 0 0 1
vn 0 0 1
vn 0 0 1
vn 0 0 1
vn 0 0 1
vn 0 0 1
vn 0 0 1
vn 0 0 1
vn 0 0 1
vn 0 0 1
vn 0 0 1
vn 0 0 1
vn 0 0 1
vn 0 0 1
vn 0 0 1
vn 0 0 1
vn 0 0 1
vn 0 0 1
vn 0 0 1
vn 0 0 1
vn 0 0 1
vn 0 0 1
vn 0 0 1
vn 0 0 1
vn 0 0 1
vn 0 0 1
vn 0 0 1
vn 0 0 1
vn 0 0 1
vn 0 0 1
vn 0 0 1
vn 0 0 1
vn 0 0 1
vn 0 0 1
vn 0 0 1
vn 0 0 1
vn 0 0 1
vn 0 0 1
vn 0 0 1
vn 0 0 1
vn 0 0 1
vn 0 0 1
vn 0 0 1
vn 0 0 1
vn 0 0 1
vn 0 0 1
vn 0 0 1
vn 0 0 1
vn 0 0 1
vn 0 0 1
vn 0 0 1
vn 0 0 1
vn 0 0 1
vn 0 0 1
vn 0 0 1
vn 0 0 1
vn 0 0 1
vn 0 0 1
vn 0 0 1
vn 0 0 1
vn 0 0 1
vn 0 0 1
vn 0 0 1
vn 0 0 1
vn 0 0 1
vn 0 0 1
vn 0 0 1
vn 0 0 1
vn 0 0 1
vn 0 0 1
vn 0 0 1
vn 0 0 1
vn 0 0 1
vn 0 0 1
vn 0 0 1
vn 0 0 1
vn 0 0 1
vn 0 0 1
vn 0 0 1
vn 0 0 1
vn 0 0 1
vn 0 0 1
vn 0 0 1
vn 0 0 1
vn 0 0 1
vn 0 0 1
vn 0 0 1
vn 0 0 1
vn 0 0 1
vn 0 0 1
vn 0 0 1
vn 0 0 1
vn 0 0 1
vn 0 0 1
vn 0 0 1
vn 0 0 1
vn 0 0 1
vn 0 0 1
vn 0 0 1
vn 0 0 1
vn 0 0 1
vn 0 0 1
vn 0 0 1
vn 0 0 1
vn 0 0 1
vn 0 0 1
vn 0 0 1
vn 0 0 1
vn 0 0 1
vn 0 0 1
vn 0 0 1
vn 0 0 1
vn 0 0 1
vn 0 0 1
vn 0 0 1
vn 0 0 1
vn 0 0 1
vn 0 0 1
vn 0 0 1
vn 0 0 1
vn 0 0 1
vn 0 0 1
vn 0 0 1
vn 0 0 1
vn 0 0 1
vn 0 0 1
vn 0 0 1
vn 0.025455721858252348 -0.38183583718701075 -0.9238795374205286
vn 0.025455721858252348 -0.38183583718701075 -0.9238795374205286
vn 0.025455721858252348 -0.38183583718701075 -0.9238795374205286
vn 0.025455853271032784 -0.38183588240361055 -0.9238795151118461
vn 0.025455853271032784 -0.38183588240361055 -0.9238795151118461
vn 0.025455853271032784 -0.38183588240361055 -0.9238795151118461
vn 0.061455857756506777 -0.9218332283611236 -0.3826835202053006
vn 0.061455857756506777 -0.9218332283611236 -0.3826835202053006
vn 0.061455857756506777 -0.9218332283611236 -0.3826835202053006
vn 0.061455880023830234 -0.9218332270948514 -0.38268351967962905
vn 0.061455880023830234 -0.9218332270948514 -0.38268351967962905
vn 0.061455880023830234 -0.9218332270948514 -0.38268351967962905
vn 0.06651936360216294 -0.997785134317987 0
vn 0.06651936360216294 -0.997785134317987 0
vn 0.06651936360216294 -0.997785134317987 0
vn 0.06651936360216294 -0.997785134317987 0
vn 0.06651936360216294 -0.997785134317987 0
vn 0.06651936360216294 -0.997785134317987 0
vn 0.06145589314927404 -0.9218333792731694 0.3826831509944412
vn 0.06145589314927404 -0.9218333792731694 0.3826831509944412
vn 0.06145589314927404 -0.9218333792731694 0.3826831509944412
vn 0.06145585974828983 -0.9218333811725782 0.3826831517829479
vn 0.06145585974828983 -0.9218333811725782 0.3826831517829479
vn 0.06145585974828983 -0.9218333811725782 0.3826831517829479
vn 0.02545579398457562 -0.38183499310672914 0.9238798842878868
vn 0.02545579398457562 -0.38183499310672914 0.9238798842878868
vn 0.02545579398457562 -0.38183499310672914 0.9238798842878868
vn 0.025455668688866118 -0.381835045234153 0.9238798661961604
vn 0.025455668688866118 -0.381835045234153 0.9238798661961604
vn 0.025455668688866118 -0.381835045234153 0.9238798661961604
vn 0.08605004998499567 -0.37288353503381977 -0.9238794608596197
vn 0.08605004998499567 -0.37288353503381977 -0.9238794608596197
vn 0.08605004998499567 -0.37288353503381977 -0.9238794608596197
vn 0.08604980954950708 -0.3728834964915508 -0.9238794988096279
vn 0.08604980954950708 -0.3728834964915508 -0.9238794988096279
vn 0.08604980954950708 -0.3728834964915508 -0.9238794988096279
vn 0.20774255916037043 -0.9002201057780453 -0.38268366866965353
vn 0.20774255916037043 -0.9002201057780453 -0.38268366866965353
vn 0.20774255916037043 -0.9002201057780453 -0.38268366866965353
vn 0.20774282528276244 -0.9002200966844798 -0.38268354559468815
vn 0.20774282528276244 -0.9002200966844798 -0.38268354559468815
vn 0.20774282528276244 -0.9002200966844798 -0.38268354559468815
vn 0.22485921830268513 -0.9743912622475149 0
vn 0.22485921830268513 -0.9743912622475149 0
vn 0.22485921830268513 -0.9743912622475149 0
vn 0.22485921830268513 -0.9743912622475149 0
vn 0.22485921830268513 -0.9743912622475149 0
vn 0.22485921830268513 -0.9743912622475149 0
vn 0.20774283620120765 -0.9002201986353097 0.3826832998395435
vn 0.20774283620120765 -0.9002201986353097 0.3826832998395435
vn 0.20774283620120765 -0.9002201986353097 0.3826832998395435
vn 0.20774260640225045 -0.900220295591726 0.38268319650847604
vn 0.20774260640225045 -0.900220295591726 0.38268319650847604
vn 0.20774260640225045 -0.900220295591726 0.38268319650847604
vn 0.08604963322943385 -0.37288273243792874 0.9238798236084085
vn 0.08604963322943385 -0.37288273243792874 0.9238798236084085
vn 0.08604963322943385 -0.37288273243792874 0.9238798236084085
vn 0.08604983199202634 -0.372882602815254 0.9238798574121343
vn 0.08604983199202634 -0.372882602815254 0.9238798574121343
vn 0.08604983199202634 -0.372882602815254 0.9238798574121343
vn 0.15835557642462023 -0.34838225919346794 -0.9238794904610025
vn 0.15835557642462023 -0.34838225919346794 -0.9238794904610025
vn 0.15835557642462023 -0.34838225919346794 -0.9238794904610025
vn 0.15835579017390355 -0.34838224068379525 -0.9238794608034842
vn 0.15835579017390355 -0.34838224068379525 -0.9238794608034842
vn 0.15835579017390355 -0.34838224068379525 -0.9238794608034842
vn 0.3823044901364168 -0.8410686862072199 -0.38268360548003016
vn 0.3823044901364168 -0.8410686862072199 -0.38268360548003016
vn 0.3823044901364168 -0.8410686862072199 -0.38268360548003016
vn 0.3823040948398758 -0.8410687881105454 -0.38268377641980295
vn 0.3823040948398758 -0.8410687881105454 -0.38268377641980295
vn 0.3823040948398758 -0.8410687881105454 -0.38268377641980295
vn 0.41380304758868386 -0.9103664305137341 0
vn 0.41380304758868386 -0.9103664305137341 0
vn 0.41380304758868386 -0.9103664305137341 0
vn 0.41380304758868386 -0.9103664305137341 0
vn 0.41380304758868386 -0.9103664305137341 0
vn 0.41380304758868386 -0.9103664305137341 0
vn 0.3823041878049817 -0.8410689747523831 0.3826832733420007
vn 0.3823041878049817 -0.8410689747523831 0.3826832733420007
vn 0.3823041878049817 -0.8410689747523831 0.3826832733420007
vn 0.3823045182180347 -0.8410687420263201 0.3826834547460079
vn 0.3823045182180347 -0.8410687420263201 0.3826834547460079
vn 0.3823045182180347 -0.8410687420263201 0.3826834547460079
vn 0.15835539745329735 -0.3483813945798714 0.9238798471706113
vn 0.15835539745329735 -0.3483813945798714 0.9238798471706113
vn 0.15835539745329735 -0.3483813945798714 0.9238798471706113
vn 0.15835525267791664 -0.34838155291118433 0.92387981228107
vn 0.15835525267791664 -0.34838155291118433 0.92387981228107
vn 0.15835525267791664 -0.34838155291118433 0.92387981228107
vn 0.23494505210926808 -0.3020722481720438 -0.9238794182000487
vn 0.23494505210926808 -0.3020722481720438 -0.9238794182000487
vn 0.23494505210926808 -0.3020722481720438 -0.9238794182000487
vn 0.23494453584396055 -0.3020724039662242 -0.9238794985489895
vn 0.23494453584396055 -0.3020724039662242 -0.9238794985489895
vn 0.23494453584396055 -0.3020724039662242 -0.9238794985489895
vn 0.5672060229090741 -0.7292669387001431 -0.3826840206940872
vn 0.5672060229090741 -0.7292669387001431 -0.3826840206940872
vn 0.5672060229090741 -0.7292669387001431 -0.3826840206940872
vn 0.567206699648865 -0.7292666081863516 -0.38268364749204586
vn 0.567206699648865 -0.7292666081863516 -0.38268364749204586
vn 0.567206699648865 -0.7292666081863516 -0.38268364749204586
vn 0.6139401596025387 -0.7893525704190804 0
vn 0.6139401596025387 -0.7893525704190804 0
vn 0.6139401596025387 -0.7893525704190804 0
vn 0.6139401596025387 -0.7893525704190804 0
vn 0.6139401596025387 -0.7893525704190804 0
vn 0.6139401596025387 -0.7893525704190804 0
vn 0.5672066749937071 -0.72926663609147 0.38268363085767654
vn 0.5672066749937071 -0.72926663609147 0.38268363085767654
vn 0.5672066749937071 -0.72926663609147 0.38268363085767654
vn 0.5672062606628508 -0.7292671762639743 0.38268321558285706
vn 0.5672062606628508 -0.7292671762639743 0.38268321558285706
vn 0.5672062606628508 -0.7292671762639743 0.38268321558285706
vn 0.23494411713961522 -0.3020718358297385 0.9238797907844604
vn 0.23494411713961522 -0.3020718358297385 0.9238797907844604
vn 0.23494411713961522 -0.3020718358297385 0.9238797907844604
vn 0.23494438934330156 -0.3020713939156365 0.9238798660507586
vn 0.23494438934330156 -0.3020713939156365 0.9238798660507586
vn 0.23494438934330156 -0.3020713939156365 0.9238798660507586
vn 0.30207205253256164 -0.23494491319070193 -0.923879517493801
vn 0.30207205253256164 -0.23494491319070193 -0.923879517493801
vn 0.30207205253256164 -0.23494491319070193 -0.923879517493801
vn 0.3020710926162757 -0.23494551928343754 -0.9238796772168145
vn 0.3020710926162757 -0.23494551928343754 -0.9238796772168145
vn 0.3020710926162757 -0.23494551928343754 -0.9238796772168145
vn 0.7292646791097013 -0.5672090669351201 -0.3826838149041775
vn 0.7292646791097013 -0.5672090669351201 -0.3826838149041775
vn 0.7292646791097013 -0.5672090669351201 -0.3826838149041775
vn 0.7292665870873094 -0.5672074580989035 -0.3826825635366841
vn 0.7292665870873094 -0.5672074580989035 -0.3826825635366841
vn 0.7292665870873094 -0.5672074580989035 -0.3826825635366841
vn 0.7893521820720352 -0.6139406589061491 0
vn 0.7893521820720352 -0.6139406589061491 0
vn 0.7893521820720352 -0.6139406589061491 0
vn 0.7893521820720352 -0.6139406589061491 0
vn 0.7893521820720352 -0.6139406589061491 0
vn 0.7893521820720352 -0.6139406589061491 0
vn 0.7292663495239637 -0.5672072203455057 0.3826833686481773
vn 0.7292663495239637 -0.5672072203455057 0.3826833686481773
vn 0.7292663495239637 -0.5672072203455057 0.3826833686481773
vn 0.7292652400653229 -0.5672095032340446 0.38268209923310387
vn 0.7292652400653229 -0.5672095032340446 0.38268209923310387
vn 0.7292652400653229 -0.5672095032340446 0.38268209923310387
vn 0.3020706462731996 -0.23494514729244614 0.9238799177511232
vn 0.3020706462731996 -0.23494514729244614 0.9238799177511232
vn 0.3020706462731996 -0.23494514729244614 0.9238799177511232
vn 0.30207099645070246 -0.2349440835152784 0.9238800737782179
vn 0.30207099645070246 -0.2349440835152784 0.9238800737782179
vn 0.30207099645070246 -0.2349440835152784 0.9238800737782179
vn 0.3483816997335352 -0.1583553112874427 -0.9238797468706792
vn 0.3483816997335352 -0.1583553112874427 -0.9238797468706792
vn 0.3483816997335352 -0.1583553112874427 -0.9238797468706792
vn 0.34838261999686243 -0.1583543857751534 -0.9238795584868711
vn 0.34838261999686243 -0.1583543857751534 -0.9238795584868711
vn 0.34838261999686243 -0.1583543857751534 -0.9238795584868711
vn 0.8410706054694009 -0.38230157492402084 -0.3826822995984382
vn 0.8410706054694009 -0.38230157492402084 -0.3826822995984382
vn 0.8410706054694009 -0.38230157492402084 -0.3826822995984382
vn 0.8410691803313525 -0.38230351451747846 -0.3826834941362522
vn 0.8410691803313525 -0.38230351451747846 -0.3826834941362522
vn 0.8410691803313525 -0.38230351451747846 -0.3826834941362522
vn 0.910366761196826 -0.413802320085329 0
vn 0.910366761196826 -0.413802320085329 0
vn 0.910366761196826 -0.413802320085329 0
vn 0.910366761196826 -0.413802320085329 0
vn 0.910366761196826 -0.413802320085329 0
vn 0.910366761196826 -0.413802320085329 0
vn 0.8410697480944509 -0.3823037400800122 0.38268202095365184
vn 0.8410697480944509 -0.3823037400800122 0.38268202095365184
vn 0.8410697480944509 -0.3823037400800122 0.38268202095365184
vn 0.8410702513804988 -0.3823014275210167 0.38268322508066316
vn 0.8410702513804988 -0.3823014275210167 0.38268322508066316
vn 0.8410702513804988 -0.3823014275210167 0.38268322508066316
vn 0.3483815247957735 -0.15835389743900485 0.9238800551732076
vn 0.3483815247957735 -0.15835389743900485 0.9238800551732076
vn 0.3483815247957735 -0.15835389743900485 0.9238800551732076
vn 0.34838143145198025 -0.15835520695174465 0.9238798659191244
vn 0.34838143145198025 -0.15835520695174465 0.9238798659191244
vn 0.34838143145198025 -0.15835520695174465 0.9238798659191244
vn 0.3728834125830651 -0.08605002688522348 -0.9238795124330119
vn 0.3728834125830651 -0.08605002688522348 -0.9238795124330119
vn 0.3728834125830651 -0.08605002688522348 -0.9238795124330119
vn 0.3728835214329046 -0.08604983077948958 -0.9238794867657891
vn 0.3728835214329046 -0.08604983077948958 -0.9238794867657891
vn 0.3728835214329046 -0.08604983077948958 -0.9238794867657891
vn 0.9002201778005874 -0.20774262163067744 -0.3826834653322406
vn 0.9002201778005874 -0.20774262163067744 -0.3826834653322406
vn 0.9002201778005874 -0.20774262163067744 -0.3826834653322406
vn 0.9002205072667044 -0.20774192967841748 -0.3826830659304967
vn 0.9002205072667044 -0.20774192967841748 -0.3826830659304967
vn 0.9002205072667044 -0.20774192967841748 -0.3826830659304967
vn 0.9743914930472685 -0.2248582181667262 0
vn 0.9743914930472685 -0.2248582181667262 0
vn 0.9743914930472685 -0.2248582181667262 0
vn 0.9743914930472685 -0.2248582181667262 0
vn 0.9743914930472685 -0.2248582181667262 0
vn 0.9743914930472685 -0.2248582181667262 0
vn 0.9002205072667044 -0.20774192967841748 0.3826830659304967
vn 0.9002205072667044 -0.20774192967841748 0.3826830659304967
vn 0.9002205072667044 -0.20774192967841748 0.3826830659304967
vn 0.9002204911329428 -0.2077426710133057 0.38268270144418687
vn 0.9002204911329428 -0.2077426710133057 0.38268270144418687
vn 0.9002204911329428 -0.2077426710133057 0.38268270144418687
vn 0.37288266058707414 -0.0860496304033928 0.9238798528710022
vn 0.37288266058707414 -0.0860496304033928 0.9238798528710022
vn 0.37288266058707414 -0.0860496304033928 0.9238798528710022
vn 0.37288269960748277 -0.08604985604805931 0.9238798161057229
vn 0.37288269960748277 -0.08604985604805931 0.9238798161057229
vn 0.37288269960748277 -0.08604985604805931 0.9238798161057229
vn 0.381836031874987 -0.02545573409239267 -0.9238794566196291
vn 0.381836031874987 -0.02545573409239267 -0.9238794566196291
vn 0.381836031874987 -0.02545573409239267 -0.9238794566196291
vn 0.3818354534356311 -0.02545682851470365 -0.9238796655309495
vn 0.3818354534356311 -0.02545682851470365 -0.9238796655309495
vn 0.3818354534356311 -0.02545682851470365 -0.9238796655309495
vn 0.9218332383661452 -0.06145827986226131 -0.3826831071261935
vn 0.9218332383661452 -0.06145827986226131 -0.3826831071261935
vn 0.9218332383661452 -0.06145827986226131 -0.3826831071261935
vn 0.9218335378026636 -0.06145712511646378 -0.3826825712710792
vn 0.9218335378026636 -0.06145712511646378 -0.3826825712710792
vn 0.9218335378026636 -0.06145712511646378 -0.3826825712710792
vn 0.99778504576681 -0.06652069184941295 0
vn 0.99778504576681 -0.06652069184941295 0
vn 0.99778504576681 -0.06652069184941295 0
vn 0.99778504576681 -0.06652069184941295 0
vn 0.99778504576681 -0.06652069184941295 0
vn 0.99778504576681 -0.06652069184941295 0
vn 0.9218334657685372 -0.06145712428781072 0.38268274492514054
vn 0.9218334657685372 -0.06145712428781072 0.38268274492514054
vn 0.9218334657685372 -0.06145712428781072 0.38268274492514054
vn 0.9218336147563452 -0.06145830694164178 0.38268219610156545
vn 0.9218336147563452 -0.06145830694164178 0.38268219610156545
vn 0.9218336147563452 -0.06145830694164178 0.38268219610156545
vn 0.38183498332997184 -0.025456799161167807 0.9238798606322514
vn 0.38183498332997184 -0.025456799161167807 0.9238798606322514
vn 0.38183498332997184 -0.025456799161167807 0.9238798606322514
vn 0.3818346514457003 -0.025455644050595062 0.9238800296257681
vn 0.3818346514457003 -0.025455644050595062 0.9238800296257681
vn 0.3818346514457003 -0.025455644050595062 0.9238800296257681
vn 0.3826830940244355 0 -0.9238796726565017
vn 0.3826830940244355 0 -0.9238796726565017
vn 0.3826830940244355 0 -0.9238796726565017
vn 0.3826830685865544 0 -0.9238796831932059
vn 0.3826830685865544 0 -0.9238796831932059
vn 0.3826830685865544 0 -0.9238796831932059
vn 0.9238798779669956 0 -0.3826825983601677
vn 0.9238798779669956 0 -0.3826825983601677
vn 0.9238798779669956 0 -0.3826825983601677
vn 0.9238798885036886 0 -0.38268257292227453
vn 0.9238798885036886 0 -0.38268257292227453
vn 0.9238798885036886 0 -0.38268257292227453
vn 1 0 0
vn 1 0 0
vn 1 0 0
vn 1 0 0
vn 1 0 0
vn 1 0 0
vn 0.9238800411305023 0 0.3826822044473736
vn 0.9238800411305023 0 0.3826822044473736
vn 0.9238800411305023 0 0.3826822044473736
vn 0.9238800305938178 0 0.3826822298852745
vn 0.9238800305938178 0 0.3826822298852745
vn 0.9238800305938178 0 0.3826822298852745
vn 0.3826822298852745 0 0.9238800305938178
vn 0.3826822298852745 0 0.9238800305938178
vn 0.3826822298852745 0 0.9238800305938178
vn 0.3826822553231745 0 0.923880020057133
vn 0.3826822553231745 0 0.923880020057133
vn 0.3826822553231745 0 0.923880020057133
vn 0.3818356126657083 0.025455706020931092 -0.9238796306506486
vn 0.3818356126657083 0.025455706020931092 -0.9238796306506486
vn 0.3818356126657083 0.025455706020931092 -0.9238796306506486
vn 0.3818358989530564 0.025456768808895726 -0.923879483045555
vn 0.3818358989530564 0.025456768808895726 -0.923879483045555
vn 0.3818358989530564 0.025456768808895726 -0.923879483045555
vn 0.9218334537928099 0.06145807716372322 -0.38268262074434134
vn 0.9218334537928099 0.06145807716372322 -0.38268262074434134
vn 0.9218334537928099 0.06145807716372322 -0.38268262074434134
vn 0.9218332550593585 0.06145647023561996 -0.3826833575331516
vn 0.9218332550593585 0.06145647023561996 -0.3826833575331516
vn 0.9218332550593585 0.06145647023561996 -0.3826833575331516
vn 0.9977850915261652 0.06652000547295521 0
vn 0.9977850915261652 0.06652000547295521 0
vn 0.9977850915261652 0.06652000547295521 0
vn 0.9977850915261652 0.06652000547295521 0
vn 0.9977850915261652 0.06652000547295521 0
vn 0.9977850915261652 0.06652000547295521 0
vn 0.9218336838054922 0.06145650453081875 0.3826823192315646
vn 0.9218336838054922 0.06145650453081875 0.3826823192315646
vn 0.9218336838054922 0.06145650453081875 0.3826823192315646
vn 0.9218332700746167 0.06145806193559808 0.3826830657432583
vn 0.9218332700746167 0.06145806193559808 0.3826830657432583
vn 0.9218332700746167 0.06145806193559808 0.3826830657432583
vn 0.3818346877908091 0.025456687568069822 0.9238799858519271
vn 0.3818346877908091 0.025456687568069822 0.9238799858519271
vn 0.3818346877908091 0.025456687568069822 0.9238799858519271
vn 0.38183521887734534 0.02545568138266603 0.9238797940805038
vn 0.38183521887734534 0.02545568138266603 0.9238797940805038
vn 0.38183521887734534 0.02545568138266603 0.9238797940805038
vn 0.37288365724550554 0.08605008048017881 -0.9238794086938896
vn 0.37288365724550554 0.08605008048017881 -0.9238794086938896
vn 0.37288365724550554 0.08605008048017881 -0.9238794086938896
vn 0.37288362659232693 0.0860495959960774 -0.923879466190404
vn 0.37288362659232693 0.0860495959960774 -0.923879466190404
vn 0.37288362659232693 0.0860495959960774 -0.923879466190404
vn 0.9002200594224625 0.2077419810725373 -0.382684091534356
vn 0.9002200594224625 0.2077419810725373 -0.382684091534356
vn 0.9002200594224625 0.2077419810725373 -0.382684091534356
vn 0.9002200277418956 0.20774307644759388 -0.38268357142745213
vn 0.9002200277418956 0.20774307644759388 -0.38268357142745213
vn 0.9002200277418956 0.20774307644759388 -0.38268357142745213
vn 0.9743911972014787 0.22485950016903625 0
vn 0.9743911972014787 0.22485950016903625 0
vn 0.9743911972014787 0.22485950016903625 0
vn 0.9743911972014787 0.22485950016903625 0
vn 0.9743911972014787 0.22485950016903625 0
vn 0.9743911972014787 0.22485950016903625 0
vn 0.9002199781598167 0.20774306385933244 0.3826836948973351
vn 0.9002199781598167 0.20774306385933244 0.3826836948973351
vn 0.9002199781598167 0.20774306385933244 0.3826836948973351
vn 0.900220440084376 0.20774206204018042 0.3826831521161945
vn 0.900220440084376 0.20774206204018042 0.3826831521161945
vn 0.900220440084376 0.20774206204018042 0.3826831521161945
vn 0.37288293879720424 0.08604943899349375 0.9238797584117023
vn 0.37288293879720424 0.08604943899349375 0.9238797584117023
vn 0.37288293879720424 0.08604943899349375 0.9238797584117023
vn 0.3728826282347551 0.08604983843118665 0.923879846552953
vn 0.3728826282347551 0.08604983843118665 0.923879846552953
vn 0.3728826282347551 0.08604983843118665 0.923879846552953
vn 0.34838230374114904 0.15835559802821741 -0.9238794699597644
vn 0.34838230374114904 0.15835559802821741 -0.9238794699597644
vn 0.34838230374114904 0.15835559802821741 -0.9238794699597644
vn 0.34838247727555677 0.1583532114426112 -0.9238798135867878
vn 0.34838247727555677 0.1583532114426112 -0.9238798135867878
vn 0.34838247727555677 0.1583532114426112 -0.9238798135867878
vn 0.8410710241257001 0.38229913178070957 -0.38268382016471725
vn 0.8410710241257001 0.38229913178070957 -0.38268382016471725
vn 0.8410710241257001 0.38229913178070957 -0.38268382016471725
vn 0.8410699443749781 0.38230398643793884 -0.3826813434474318
vn 0.8410699443749781 0.38230398643793884 -0.3826813434474318
vn 0.8410699443749781 0.38230398643793884 -0.3826813434474318
vn 0.9103667060830191 0.41380244133590355 0
vn 0.9103667060830191 0.41380244133590355 0
vn 0.9103667060830191 0.41380244133590355 0
vn 0.9103667060830191 0.41380244133590355 0
vn 0.9103667060830191 0.41380244133590355 0
vn 0.9103667060830191 0.41380244133590355 0
vn 0.8410692265867219 0.3823036276589266 0.3826832794461211
vn 0.8410692265867219 0.3823036276589266 0.3826832794461211
vn 0.8410692265867219 0.3823036276589266 0.3826832794461211
vn 0.841072188436577 0.3822996257921947 0.38268076768718734
vn 0.841072188436577 0.3822996257921947 0.38268076768718734
vn 0.841072188436577 0.3822996257921947 0.38268076768718734
vn 0.348382260542353 0.15835311834617988 0.9238799112706373
vn 0.348382260542353 0.15835311834617988 0.9238799112706373
vn 0.348382260542353 0.15835311834617988 0.9238799112706373
vn 0.3483805599845419 0.1583548013476246 0.9238802640575299
vn 0.3483805599845419 0.1583548013476246 0.9238802640575299
vn 0.3483805599845419 0.1583548013476246 0.9238802640575299
vn 0.30207120766711815 0.23494424945039716 -0.9238799625214947
vn 0.30207120766711815 0.23494424945039716 -0.9238799625214947
vn 0.30207120766711815 0.23494424945039716 -0.9238799625214947
vn 0.30207104036678556 0.23494479484723502 -0.9238798785263799
vn 0.30207104036678556 0.23494479484723502 -0.9238798785263799
vn 0.30207104036678556 0.23494479484723502 -0.9238798785263799
vn 0.7292664183999908 0.5672087772773733 -0.38268092972286516
vn 0.7292664183999908 0.5672087772773733 -0.38268092972286516
vn 0.7292664183999908 0.5672087772773733 -0.38268092972286516
vn 0.7292671890259892 0.5672071646585182 -0.3826818513728822
vn 0.7292671890259892 0.5672071646585182 -0.3826818513728822
vn 0.7292671890259892 0.5672071646585182 -0.3826818513728822
vn 0.7893525704190804 0.6139401596025387 0
vn 0.7893525704190804 0.6139401596025387 0
vn 0.7893525704190804 0.6139401596025387 0
vn 0.7893525704190804 0.6139401596025387 0
vn 0.7893525704190804 0.6139401596025387 0
vn 0.7893525704190804 0.6139401596025387 0
vn 0.7292675937709555 0.5672074529692167 0.3826806527271719
vn 0.7292675937709555 0.5672074529692167 0.3826806527271719
vn 0.7292675937709555 0.5672074529692167 0.3826806527271719
vn 0.7292662010181873 0.5672086280707687 0.38268156513552815
vn 0.7292662010181873 0.5672086280707687 0.38268156513552815
vn 0.7292662010181873 0.5672086280707687 0.38268156513552815
vn 0.3020702360456898 0.23494418416532276 0.9238802968037538
vn 0.3020702360456898 0.23494418416532276 0.9238802968037538
vn 0.3020702360456898 0.23494418416532276 0.9238802968037538
vn 0.30207073424094316 0.234943879574354 0.9238802113724967
vn 0.30207073424094316 0.234943879574354 0.9238802113724967
vn 0.30207073424094316 0.234943879574354 0.9238802113724967
vn 0.23494424945039716 0.30207120766711815 -0.9238799625214947
vn 0.23494424945039716 0.30207120766711815 -0.9238799625214947
vn 0.23494424945039716 0.30207120766711815 -0.9238799625214947
vn 0.23494194307694713 0.30207496701095854 -0.9238793198727618
vn 0.23494194307694713 0.30207496701095854 -0.9238793198727618
vn 0.23494194307694713 0.30207496701095854 -0.9238793198727618
vn 0.5671999532529203 0.729273329277154 -0.3826808386043134
vn 0.5671999532529203 0.729273329277154 -0.3826808386043134
vn 0.5671999532529203 0.729273329277154 -0.3826808386043134
vn 0.5672030472530217 0.72926962679287 -0.38268330852582855
vn 0.5672030472530217 0.72926962679287 -0.38268330852582855
vn 0.5672030472530217 0.72926962679287 -0.38268330852582855
vn 0.6139360661288373 0.7893557542111465 0
vn 0.6139360661288373 0.7893557542111465 0
vn 0.6139360661288373 0.7893557542111465 0
vn 0.6139360661288373 0.7893557542111465 0
vn 0.6139360661288373 0.7893557542111465 0
vn 0.6139360661288373 0.7893557542111465 0
vn 0.5672036509712893 0.729270530726428 0.38268069109746555
vn 0.5672036509712893 0.729270530726428 0.38268069109746555
vn 0.5672036509712893 0.729270530726428 0.38268069109746555
vn 0.567199346726605 0.7292726005470009 0.3826831263125236
vn 0.567199346726605 0.7292726005470009 0.3826831263125236
vn 0.567199346726605 0.7292726005470009 0.3826831263125236
vn 0.23494071748353673 0.3020734125352687 0.9238801397949945
vn 0.23494071748353673 0.3020734125352687 0.9238801397949945
vn 0.23494071748353673 0.3020734125352687 0.9238801397949945
vn 0.23494493711780282 0.30207210458334943 0.923879494390528
vn 0.23494493711780282 0.30207210458334943 0.923879494390528
vn 0.23494493711780282 0.30207210458334943 0.923879494390528
vn 0.15835592013064856 0.34838303620835565 -0.9238791385467167
vn 0.15835592013064856 0.34838303620835565 -0.9238791385467167
vn 0.15835592013064856 0.34838303620835565 -0.9238791385467167
vn 0.15835722893495124 0.3483816896086102 -0.9238794219969905
vn 0.15835722893495124 0.3483816896086102 -0.9238794219969905
vn 0.15835722893495124 0.3483816896086102 -0.9238794219969905
vn 0.38230798494036705 0.8410673923557193 -0.38268295776894284
vn 0.38230798494036705 0.8410673923557193 -0.38268295776894284
vn 0.38230798494036705 0.8410673923557193 -0.38268295776894284
vn 0.3823087492759536 0.8410668327596584 -0.38268342407098427
vn 0.3823087492759536 0.8410668327596584 -0.38268342407098427
vn 0.3823087492759536 0.8410668327596584 -0.38268342407098427
vn 0.4138080255907989 0.9103641677683965 0
vn 0.4138080255907989 0.9103641677683965 0
vn 0.4138080255907989 0.9103641677683965 0
vn 0.4138080255907989 0.9103641677683965 0
vn 0.4138080255907989 0.9103641677683965 0
vn 0.4138080255907989 0.9103641677683965 0
vn 0.38230889840409543 0.8410671310392445 0.38268261952492877
vn 0.38230889840409543 0.8410671310392445 0.38268261952492877
vn 0.38230889840409543 0.8410671310392445 0.38268261952492877
vn 0.3823079122466886 0.841067363560192 0.3826830936786807
vn 0.3823079122466886 0.841067363560192 0.3826830936786807
vn 0.3823079122466886 0.841067363560192 0.3826830936786807
vn 0.15835708430514714 0.3483813714229246 0.9238795667703961
vn 0.15835708430514714 0.3483813714229246 0.9238795667703961
vn 0.15835708430514714 0.3483813714229246 0.9238795667703961
vn 0.1583552397945583 0.34838152754802826 0.9238798240533833
vn 0.1583552397945583 0.34838152754802826 0.9238798240533833
vn 0.1583552397945583 0.34838152754802826 0.9238798240533833
vn 0.0860500333243794 0.37288343800254764 -0.9238795015738109
vn 0.0860500333243794 0.37288343800254764 -0.9238795015738109
vn 0.0860500333243794 0.37288343800254764 -0.9238795015738109
vn 0.08604962914813154 0.3728837280311751 -0.9238794221612697
vn 0.08604962914813154 0.3728837280311751 -0.9238794221612697
vn 0.08604962914813154 0.3728837280311751 -0.9238794221612697
vn 0.2077420385334631 0.9002202885515429 -0.382683521341249
vn 0.2077420385334631 0.9002202885515429 -0.382683521341249
vn 0.2077420385334631 0.9002202885515429 -0.382683521341249
vn 0.2077417056307619 0.9002204453643405 -0.3826833331746369
vn 0.2077417056307619 0.9002204453643405 -0.3826833331746369
vn 0.2077417056307619 0.9002204453643405 -0.3826833331746369
vn 0.22485799180286897 0.9743915452847388 0
vn 0.22485799180286897 0.9743915452847388 0
vn 0.22485799180286897 0.9743915452847388 0
vn 0.22485799180286897 0.9743915452847388 0
vn 0.22485799180286897 0.9743915452847388 0
vn 0.22485799180286897 0.9743915452847388 0
vn 0.20774172532681562 0.9002205257470004 0.3826831333911024
vn 0.20774172532681562 0.9002205257470004 0.3826831333911024
vn 0.20774172532681562 0.9002205257470004 0.3826831333911024
vn 0.20774207936696792 0.9002205102001246 0.3826829777705246
vn 0.20774207936696792 0.9002205102001246 0.3826829777705246
vn 0.20774207936696792 0.9002205102001246 0.3826829777705246
vn 0.08604940945455286 0.3728827909269179 0.9238798208441806
vn 0.08604940945455286 0.3728827909269179 0.9238798208441806
vn 0.08604940945455286 0.3728827909269179 0.9238798208441806
vn 0.08604988558699869 0.37288284747776856 0.9238797536732449
vn 0.08604988558699869 0.37288284747776856 0.9238797536732449
vn 0.08604988558699869 0.37288284747776856 0.9238797536732449
vn 0.025455737235916764 0.3818360827531382 -0.9238794355052583
vn 0.025455737235916764 0.3818360827531382 -0.9238794355052583
vn 0.025455737235916764 0.3818360827531382 -0.9238794355052583
vn 0.02545392280343563 0.3818369437783857 -0.9238791296375835
vn 0.02545392280343563 0.3818369437783857 -0.9238791296375835
vn 0.02545392280343563 0.3818369437783857 -0.9238791296375835
vn 0.06145105992922949 0.9218337700035988 -0.3826829859224555
vn 0.06145105992922949 0.9218337700035988 -0.3826829859224555
vn 0.06145105992922949 0.9218337700035988 -0.3826829859224555
vn 0.0614573178372496 0.9218320923768849 -0.38268602214910563
vn 0.0614573178372496 0.9218320923768849 -0.38268602214910563
vn 0.0614573178372496 0.9218320923768849 -0.38268602214910563
vn 0.0665210033891015 0.9977850249969215 0
vn 0.0665210033891015 0.9977850249969215 0
vn 0.0665210033891015 0.9977850249969215 0
vn 0.0665210033891015 0.9977850249969215 0
vn 0.0665210033891015 0.9977850249969215 0
vn 0.0665210033891015 0.9977850249969215 0
vn 0.06145741132581958 0.9218334090235961 0.3826828355192644
vn 0.06145741132581958 0.9218334090235961 0.3826828355192644
vn 0.06145741132581958 0.9218334090235961 0.3826828355192644
vn 0.06145098397838294 0.9218326158381434 0.3826857783418331
vn 0.06145098397838294 0.9218326158381434 0.3826857783418331
vn 0.06145098397838294 0.9218326158381434 0.3826857783418331
vn 0.02545382304135868 0.38183543617226656 0.92387975547455
vn 0.02545382304135868 0.38183543617226656 0.92387975547455
vn 0.02545382304135868 0.38183543617226656 0.92387975547455
vn 0.025455737525592916 0.38183605729595826 0.9238794460186383
vn 0.025455737525592916 0.38183605729595826 0.9238794460186383
vn 0.025455737525592916 0.38183605729595826 0.9238794460186383
vn 0 0.38268450033849405 -0.9238790901414953
vn 0 0.38268450033849405 -0.9238790901414953
vn 0 0.38268450033849405 -0.9238790901414953
vn 0 0.38268447490064456 -0.9238791006782314
vn 0 0.38268447490064456 -0.9238791006782314
vn 0 0.38268447490064456 -0.9238791006782314
vn 0 0.9238784760140226 -0.3826859829651552
vn 0 0.9238784760140226 -0.3826859829651552
vn 0 0.9238784760140226 -0.3826859829651552
vn 0 0.9238784760140226 -0.3826859829651552
vn 0 0.9238784760140226 -0.3826859829651552
vn 0 0.9238784760140226 -0.3826859829651552
vn 0 1 0
vn 0 1 0
vn 0 1 0
vn 0 1 0
vn 0 1 0
vn 0 1 0
vn 0 0.9238786199132315 0.38268563556426155
vn 0 0.9238786199132315 0.38268563556426155
vn 0 0.9238786199132315 0.38268563556426155
vn 0 0.9238786199132315 0.38268563556426155
vn 0 0.9238786199132315 0.38268563556426155
vn 0 0.9238786199132315 0.38268563556426155
vn 0 0.38268361076199653 0.9238794586168484
vn 0 0.38268361076199653 0.9238794586168484
vn 0 0.38268361076199653 0.9238794586168484
vn 0 0.3826836361998657 0.9238794480801317
vn 0 0.3826836361998657 0.9238794480801317
vn 0 0.3826836361998657 0.9238794480801317
vn -0.025455793378822478 0.3818369211714338 -0.923879087442602
vn -0.025455793378822478 0.3818369211714338 -0.923879087442602
vn -0.025455793378822478 0.3818369211714338 -0.923879087442602
vn -0.0254538788946101 0.3818363000480414 -0.923879396899206
vn -0.0254538788946101 0.3818363000480414 -0.923879396899206
vn -0.0254538788946101 0.3818363000480414 -0.923879396899206
vn -0.061450971888339444 0.9218324829152544 -0.3826861004743647
vn -0.061450971888339444 0.9218324829152544 -0.3826861004743647
vn -0.061450971888339444 0.9218324829152544 -0.3826861004743647
vn -0.06145739482361772 0.9218332657994185 -0.38268318317777217
vn -0.06145739482361772 0.9218332657994185 -0.38268318317777217
vn -0.06145739482361772 0.9218332657994185 -0.38268318317777217
vn -0.0665210033891015 0.9977850249969215 0
vn -0.0665210033891015 0.9977850249969215 0
vn -0.0665210033891015 0.9977850249969215 0
vn -0.0665210033891015 0.9977850249969215 0
vn -0.0665210033891015 0.9977850249969215 0
vn -0.0665210033891015 0.9977850249969215 0
vn -0.0614573336386047 0.9218322250886753 0.38268569992892976
vn -0.0614573336386047 0.9218322250886753 0.38268569992892976
vn -0.0614573336386047 0.9218322250886753 0.38268569992892976
vn -0.06145106864273764 0.921833911879372 0.38268264276269387
vn -0.06145106864273764 0.921833911879372 0.38268264276269387
vn -0.06145106864273764 0.921833911879372 0.38268264276269387
vn -0.02545386479910949 0.3818361053781706 0.9238794777439421
vn -0.02545386479910949 0.3818361053781706 0.9238794777439421
vn -0.02545386479910949 0.3818361053781706 0.9238794777439421
vn -0.02545568138266603 0.38183521887734534 0.9238797940805038
vn -0.02545568138266603 0.38183521887734534 0.9238797940805038
vn -0.02545568138266603 0.38183521887734534 0.9238797940805038
vn -0.08605008048017881 0.37288365724550554 -0.9238794086938896
vn -0.08605008048017881 0.37288365724550554 -0.9238794086938896
vn -0.08605008048017881 0.37288365724550554 -0.9238794086938896
vn -0.0860495959960774 0.37288362659232693 -0.923879466190404
vn -0.0860495959960774 0.37288362659232693 -0.923879466190404
vn -0.0860495959960774 0.37288362659232693 -0.923879466190404
vn -0.20774204471338586 0.9002203699685968 -0.3826833264618466
vn -0.20774204471338586 0.9002203699685968 -0.3826833264618466
vn -0.20774204471338586 0.9002203699685968 -0.3826833264618466
vn -0.20774168830396367 0.9002203752485273 -0.3826835075202736
vn -0.20774168830396367 0.9002203752485273 -0.3826835075202736
vn -0.20774168830396367 0.9002203752485273 -0.3826835075202736
vn -0.22485799180286897 0.9743915452847388 0
vn -0.22485799180286897 0.9743915452847388 0
vn -0.22485799180286897 0.9743915452847388 0
vn -0.22485799180286897 0.9743915452847388 0
vn -0.22485799180286897 0.9743915452847388 0
vn -0.22485799180286897 0.9743915452847388 0
vn -0.20774174028433734 0.9002205855958757 0.38268298448331023
vn -0.20774174028433734 0.9002205855958757 0.38268298448331023
vn -0.20774174028433734 0.9002205855958757 0.38268298448331023
vn -0.20774206204018042 0.900220440084376 0.3826831521161945
vn -0.20774206204018042 0.900220440084376 0.3826831521161945
vn -0.20774206204018042 0.900220440084376 0.3826831521161945
vn -0.08604943899349375 0.37288293879720424 0.9238797584117023
vn -0.08604943899349375 0.37288293879720424 0.9238797584117023
vn -0.08604943899349375 0.37288293879720424 0.9238797584117023
vn -0.08604983843118665 0.3728826282347551 0.923879846552953
vn -0.08604983843118665 0.3728826282347551 0.923879846552953
vn -0.08604983843118665 0.3728826282347551 0.923879846552953
vn -0.15835559802821741 0.34838230374114904 -0.9238794699597644
vn -0.15835559802821741 0.34838230374114904 -0.9238794699597644
vn -0.15835559802821741 0.34838230374114904 -0.9238794699597644
vn -0.1583574280112224 0.34838214843788995 -0.9238792148562877
vn -0.1583574280112224 0.34838214843788995 -0.9238792148562877
vn -0.1583574280112224 0.34838214843788995 -0.9238792148562877
vn -0.38230789197530557 0.8410672057140725 -0.38268346084684696
vn -0.38230789197530557 0.8410672057140725 -0.38268346084684696
vn -0.38230789197530557 0.8410672057140725 -0.38268346084684696
vn -0.38230883352066786 0.8410670002168044 -0.38268297186884653
vn -0.38230883352066786 0.8410670002168044 -0.38268297186884653
vn -0.38230883352066786 0.8410670002168044 -0.38268297186884653
vn -0.4138080255907989 0.9103641677683965 0
vn -0.4138080255907989 0.9103641677683965 0
vn -0.4138080255907989 0.9103641677683965 0
vn -0.4138080255907989 0.9103641677683965 0
vn -0.4138080255907989 0.9103641677683965 0
vn -0.4138080255907989 0.9103641677683965 0
vn -0.3823088141594523 0.841066963582255 0.38268307172713945
vn -0.3823088141594523 0.841066963582255 0.38268307172713945
vn -0.3823088141594523 0.841066963582255 0.38268307172713945
vn -0.3823080052116654 0.841067550201654 0.3826825906007031
vn -0.3823080052116654 0.841067550201654 0.3826825906007031
vn -0.3823080052116654 0.841067550201654 0.3826825906007031
vn -0.15835687942164547 0.3483809326000509 0.9238797673618344
vn -0.15835687942164547 0.3483809326000509 0.9238797673618344
vn -0.15835687942164547 0.3483809326000509 0.9238797673618344
vn -0.15835557642462023 0.34838225919346794 0.9238794904610025
vn -0.15835557642462023 0.34838225919346794 0.9238794904610025
vn -0.15835557642462023 0.34838225919346794 0.9238794904610025
vn -0.23494547504361923 0.30207276214245965 -0.9238791425982908
vn -0.23494547504361923 0.30207276214245965 -0.9238791425982908
vn -0.23494547504361923 0.30207276214245965 -0.9238791425982908
vn -0.2349412532946443 0.30207409717777145 -0.9238797796870414
vn -0.2349412532946443 0.30207409717777145 -0.9238797796870414
vn -0.2349412532946443 0.30207409717777145 -0.9238797796870414
vn -0.5671992375529257 0.7292724942409277 -0.3826834907113132
vn -0.5671992375529257 0.7292724942409277 -0.3826834907113132
vn -0.5671992375529257 0.7292724942409277 -0.3826834907113132
vn -0.5672035822269751 0.7292703997659947 -0.382681042558987
vn -0.5672035822269751 0.7292703997659947 -0.382681042558987
vn -0.5672035822269751 0.7292703997659947 -0.382681042558987
vn -0.6139360661288373 0.7893557542111465 0
vn -0.6139360661288373 0.7893557542111465 0
vn -0.6139360661288373 0.7893557542111465 0
vn -0.6139360661288373 0.7893557542111465 0
vn -0.6139360661288373 0.7893557542111465 0
vn -0.6139360661288373 0.7893557542111465 0
vn -0.5672030913427493 0.7292697856588167 0.3826829404302893
vn -0.5672030913427493 0.7292697856588167 0.3826829404302893
vn -0.5672030913427493 0.7292697856588167 0.3826829404302893
vn -0.5671999973419608 0.7292734881420087 0.3826804705083173
vn -0.5671999973419608 0.7292734881420087 0.3826804705083173
vn -0.5671999973419608 0.7292734881420087 0.3826804705083173
vn -0.23494141922968817 0.3020743083941488 0.9238796684301136
vn -0.23494141922968817 0.3020743083941488 0.9238796684301136
vn -0.23494141922968817 0.3020743083941488 0.9238796684301136
vn -0.23494372560277244 0.30207054904990394 0.9238803110774572
vn -0.23494372560277244 0.30207054904990394 0.9238803110774572
vn -0.23494372560277244 0.30207054904990394 0.9238803110774572
vn -0.3020713928581013 0.2349444034219355 -0.9238798628163065
vn -0.3020713928581013 0.2349444034219355 -0.9238798628163065
vn -0.3020713928581013 0.2349444034219355 -0.9238798628163065
vn -0.3020709217458769 0.23494470589789881 -0.9238799399305877
vn -0.3020709217458769 0.23494470589789881 -0.9238799399305877
vn -0.3020709217458769 0.23494470589789881 -0.9238799399305877
vn -0.7292660668074964 0.567208543552988 -0.3826819461689073
vn -0.7292660668074964 0.567208543552988 -0.3826819461689073
vn -0.7292660668074964 0.567208543552988 -0.3826819461689073
vn -0.7292674628104926 0.5672073842247806 -0.3826810041886441
vn -0.7292674628104926 0.5672073842247806 -0.3826810041886441
vn -0.7292674628104926 0.5672073842247806 -0.3826810041886441
vn -0.7893525704190804 0.6139401596025387 0
vn -0.7893525704190804 0.6139401596025387 0
vn -0.7893525704190804 0.6139401596025387 0
vn -0.7893525704190804 0.6139401596025387 0
vn -0.7893525704190804 0.6139401596025387 0
vn -0.7893525704190804 0.6139401596025387 0
vn -0.7292673199867066 0.5672072334031509 0.38268149991154543
vn -0.7292673199867066 0.5672072334031509 0.38268149991154543
vn -0.7292673199867066 0.5672072334031509 0.38268149991154543
vn -0.7292665247052031 0.5672088864501307 0.38268056532361044
vn -0.7292665247052031 0.5672088864501307 0.38268056532361044
vn -0.7292665247052031 0.5672088864501307 0.38268056532361044
vn -0.30207035466664484 0.23494427311469507 0.9238802353996836
vn -0.30207035466664484 0.23494427311469507 0.9238802353996836
vn -0.30207035466664484 0.23494427311469507 0.9238802353996836
vn -0.30207054904990394 0.23494372560277244 0.9238803110774572
vn -0.30207054904990394 0.23494372560277244 0.9238803110774572
vn -0.30207054904990394 0.23494372560277244 0.9238803110774572
vn -0.34838133617799877 0.15835515958143628 -0.9238799099649099
vn -0.34838133617799877 0.15835515958143628 -0.9238799099649099
vn -0.34838133617799877 0.15835515958143628 -0.9238799099649099
vn -0.34838303673552706 0.15835347657985366 -0.9238795571772361
vn -0.34838303673552706 0.15835347657985366 -0.9238795571772361
vn -0.34838303673552706 0.15835347657985366 -0.9238795571772361
vn -0.8410720401744793 0.3822995800745339 -0.38268113921589353
vn -0.8410720401744793 0.3822995800745339 -0.38268113921589353
vn -0.8410720401744793 0.3822995800745339 -0.38268113921589353
vn -0.8410690861812493 0.3823035882219894 -0.3826836274297997
vn -0.8410690861812493 0.3823035882219894 -0.3826836274297997
vn -0.8410690861812493 0.3823035882219894 -0.3826836274297997
vn -0.9103667060830191 0.41380244133590355 0
vn -0.9103667060830191 0.41380244133590355 0
vn -0.9103667060830191 0.41380244133590355 0
vn -0.9103667060830191 0.41380244133590355 0
vn -0.9103667060830191 0.41380244133590355 0
vn -0.9103667060830191 0.41380244133590355 0
vn -0.8410700926373061 0.3823040321555098 0.3826809719187934
vn -0.8410700926373061 0.3823040321555098 0.3826809719187934
vn -0.8410700926373061 0.3823040321555098 0.3826809719187934
vn -0.8410711819714787 0.382299152052199 0.38268345299642825
vn -0.8410711819714787 0.382299152052199 0.38268345299642825
vn -0.8410711819714787 0.382299152052199 0.38268345299642825
vn -0.3483817010821537 0.15835285320883327 0.923880167679622
vn -0.3483817010821537 0.15835285320883327 0.923880167679622
vn -0.3483817010821537 0.15835285320883327 0.923880167679622
vn -0.34838152754802826 0.1583552397945583 0.9238798240533833
vn -0.34838152754802826 0.1583552397945583 0.9238798240533833
vn -0.34838152754802826 0.1583552397945583 0.9238798240533833
vn -0.37288343800254764 0.0860500333243794 -0.9238795015738109
vn -0.37288343800254764 0.0860500333243794 -0.9238795015738109
vn -0.37288343800254764 0.0860500333243794 -0.9238795015738109
vn -0.3728837280311751 0.08604962914813154 -0.9238794221612697
vn -0.3728837280311751 0.08604962914813154 -0.9238794221612697
vn -0.3728837280311751 0.08604962914813154 -0.9238794221612697
vn -0.9002202885515429 0.2077420385334631 -0.382683521341249
vn -0.9002202885515429 0.2077420385334631 -0.382683521341249
vn -0.9002202885515429 0.2077420385334631 -0.382683521341249
vn -0.9002198163598506 0.20774303798331048 -0.3826840895601769
vn -0.9002198163598506 0.20774303798331048 -0.3826840895601769
vn -0.9002198163598506 0.20774303798331048 -0.3826840895601769
vn -0.9743911972014787 0.22485950016903625 0
vn -0.9743911972014787 0.22485950016903625 0
vn -0.9743911972014787 0.22485950016903625 0
vn -0.9743911972014787 0.22485950016903625 0
vn -0.9743911972014787 0.22485950016903625 0
vn -0.9743911972014787 0.22485950016903625 0
vn -0.9002201782403805 0.20774311347049962 0.38268319729828837
vn -0.9002201782403805 0.20774311347049962 0.38268319729828837
vn -0.9002201782403805 0.20774311347049962 0.38268319729828837
vn -0.9002202006886373 0.20774200221003855 0.382683747747241
vn -0.9002202006886373 0.20774200221003855 0.382683747747241
vn -0.9002202006886373 0.20774200221003855 0.382683747747241
vn -0.3728827909269179 0.08604940945455286 0.9238798208441806
vn -0.3728827909269179 0.08604940945455286 0.9238798208441806
vn -0.3728827909269179 0.08604940945455286 0.9238798208441806
vn -0.37288284747776856 0.08604988558699869 0.9238797536732449
vn -0.37288284747776856 0.08604988558699869 0.9238797536732449
vn -0.37288284747776856 0.08604988558699869 0.9238797536732449
vn -0.3818360827531382 0.025455737235916764 -0.9238794355052583
vn -0.3818360827531382 0.025455737235916764 -0.9238794355052583
vn -0.3818360827531382 0.025455737235916764 -0.9238794355052583
vn -0.38183552620960226 0.02545674371101951 -0.9238796377904797
vn -0.38183552620960226 0.02545674371101951 -0.9238796377904797
vn -0.38183552620960226 0.02545674371101951 -0.9238796377904797
vn -0.9218331174742281 0.06145805623265868 -0.38268343425323414
vn -0.9218331174742281 0.06145805623265868 -0.38268343425323414
vn -0.9218331174742281 0.06145805623265868 -0.38268343425323414
vn -0.9218335419298246 0.06145649581753608 -0.38268266239136534
vn -0.9218335419298246 0.06145649581753608 -0.38268266239136534
vn -0.9218335419298246 0.06145649581753608 -0.38268266239136534
vn -0.9977850915261652 0.06652000547295521 0
vn -0.9977850915261652 0.06652000547295521 0
vn -0.9977850915261652 0.06652000547295521 0
vn -0.9977850915261652 0.06652000547295521 0
vn -0.9977850915261652 0.06652000547295521 0
vn -0.9977850915261652 0.06652000547295521 0
vn -0.9218333982836056 0.061456486737802296 0.382683009874682
vn -0.9218333982836056 0.061456486737802296 0.382683009874682
vn -0.9218333982836056 0.061456486737802296 0.382683009874682
vn -0.9218335869255373 0.06145808554257096 0.3826822986988555
vn -0.9218335869255373 0.06145808554257096 0.3826822986988555
vn -0.9218335869255373 0.06145808554257096 0.3826822986988555
vn -0.3818350350953349 0.025456711094205737 0.9238798416644941
vn -0.3818350350953349 0.025456711094205737 0.9238798416644941
vn -0.3818350350953349 0.025456711094205737 0.9238798416644941
vn -0.3818347487897173 0.025455650167667175 0.9238799892254592
vn -0.3818347487897173 0.025455650167667175 0.9238799892254592
vn -0.3818347487897173 0.025455650167667175 0.9238799892254592
vn -0.3826830940244355 0 -0.9238796726565017
vn -0.3826830940244355 0 -0.9238796726565017
vn -0.3826830940244355 0 -0.9238796726565017
vn -0.3826830940244355 0 -0.9238796726565017
vn -0.3826830940244355 0 -0.9238796726565017
vn -0.3826830940244355 0 -0.9238796726565017
vn -0.9238798779669956 0 -0.3826825983601677
vn -0.9238798779669956 0 -0.3826825983601677
vn -0.9238798779669956 0 -0.3826825983601677
vn -0.9238798779669956 0 -0.3826825983601677
vn -0.9238798779669956 0 -0.3826825983601677
vn -0.9238798779669956 0 -0.3826825983601677
vn -1 0 0
vn -1 0 0
vn -1 0 0
vn -1 0 0
vn -1 0 0
vn -1 0 0
vn -0.9238800305938178 0 0.3826822298852745
vn -0.9238800305938178 0 0.3826822298852745
vn -0.9238800305938178 0 0.3826822298852745
vn -0.9238800305938178 0 0.3826822298852745
vn -0.9238800305938178 0 0.3826822298852745
vn -0.9238800305938178 0 0.3826822298852745
vn -0.3826822298852745 0 0.9238800305938178
vn -0.3826822298852745 0 0.9238800305938178
vn -0.3826822298852745 0 0.9238800305938178
vn -0.3826822298852745 0 0.9238800305938178
vn -0.3826822298852745 0 0.9238800305938178
vn -0.3826822298852745 0 0.9238800305938178
vn 0 0.3826830685865544 -0.9238796831932059
vn 0 0.3826830685865544 -0.9238796831932059
vn 0 0.3826830685865544 -0.9238796831932059
vn 0 0.3826830685865544 -0.9238796831932059
vn 0 0.3826830685865544 -0.9238796831932059
vn 0 0.3826830685865544 -0.9238796831932059
vn 0 0.9238798779669956 -0.3826825983601677
vn 0 0.9238798779669956 -0.3826825983601677
vn 0 0.9238798779669956 -0.3826825983601677
vn 0 0.9238798674303019 -0.38268262379806
vn 0 0.9238798674303019 -0.38268262379806
vn 0 0.9238798674303019 -0.38268262379806
vn 0 1 0
vn 0 1 0
vn 0 1 0
vn 0 1 0
vn 0 1 0
vn 0 1 0
vn 0 0.923880020057133 0.3826822553231745
vn 0 0.923880020057133 0.3826822553231745
vn 0 0.923880020057133 0.3826822553231745
vn 0 0.9238800305938178 0.3826822298852745
vn 0 0.9238800305938178 0.3826822298852745
vn 0 0.9238800305938178 0.3826822298852745
vn 0 0.3826822298852745 0.9238800305938178
vn 0 0.3826822298852745 0.9238800305938178
vn 0 0.3826822298852745 0.9238800305938178
vn 0 0.3826822298852745 0.9238800305938178
vn 0 0.3826822298852745 0.9238800305938178
vn 0 0.3826822298852745 0.9238800305938178
vn 0.026140522283333634 0.3817892085034085 -0.9238796855462813
vn 0.026140522283333634 0.3817892085034085 -0.9238796855462813
vn 0.026140522283333634 0.3817892085034085 -0.9238796855462813
vn 0.026139712145907747 0.38178968699417437 -0.9238795107338508
vn 0.026139712145907747 0.38178968699417437 -0.9238795107338508
vn 0.026139712145907747 0.38178968699417437 -0.9238795107338508
vn 0.06310685692686156 0.9217220499049674 -0.3826826195789368
vn 0.06310685692686156 0.9217220499049674 -0.3826826195789368
vn 0.06310685692686156 0.9217220499049674 -0.3826826195789368
vn 0.06310789425271261 0.9217217766402901 -0.3826831066954168
vn 0.06310789425271261 0.9217217766402901 -0.3826831066954168
vn 0.06310789425271261 0.9217217766402901 -0.3826831066954168
vn 0.06830747319126232 0.9976643168452127 0
vn 0.06830747319126232 0.9976643168452127 0
vn 0.06830747319126232 0.9976643168452127 0
vn 0.06830747319126232 0.9976643168452127 0
vn 0.06830747319126232 0.9976643168452127 0
vn 0.06830747319126232 0.9976643168452127 0
vn 0.06310790844463472 0.921722123909375 0.38268226792958976
vn 0.06310790844463472 0.921722123909375 0.38268226792958976
vn 0.06310790844463472 0.921722123909375 0.38268226792958976
vn 0.06310685823471443 0.9217220094024746 0.38268271691677985
vn 0.06310685823471443 0.9217220094024746 0.38268271691677985
vn 0.06310685823471443 0.9217220094024746 0.38268271691677985
vn 0.026139626059494374 0.3817884293851602 0.9238800328706549
vn 0.026139626059494374 0.3817884293851602 0.9238800328706549
vn 0.026139626059494374 0.3817884293851602 0.9238800328706549
vn 0.02614049108043392 0.3817887384148721 0.9238798806910203
vn 0.02614049108043392 0.3817887384148721 0.9238798806910203
vn 0.02614049108043392 0.3817887384148721 0.9238798806910203
vn 0.08825354359270889 0.3723680411260176 -0.9238795127024423
vn 0.08825354359270889 0.3723680411260176 -0.9238795127024423
vn 0.08825354359270889 0.3723680411260176 -0.9238795127024423
vn 0.08825419910812646 0.3723675935187041 -0.9238796304913711
vn 0.08825419910812646 0.3723675935187041 -0.9238796304913711
vn 0.08825419910812646 0.3723675935187041 -0.9238796304913711
vn 0.21306462771743376 0.8989754993638623 -0.3826833102698962
vn 0.21306462771743376 0.8989754993638623 -0.3826833102698962
vn 0.21306462771743376 0.8989754993638623 -0.3826833102698962
vn 0.21306443380963036 0.898975558155429 -0.3826832801214555
vn 0.21306443380963036 0.898975558155429 -0.3826832801214555
vn 0.21306443380963036 0.898975558155429 -0.3826832801214555
vn 0.23061927289335463 0.9730440642489631 0
vn 0.23061927289335463 0.9730440642489631 0
vn 0.23061927289335463 0.9730440642489631 0
vn 0.23061927289335463 0.9730440642489631 0
vn 0.23061927289335463 0.9730440642489631 0
vn 0.23061927289335463 0.9730440642489631 0
vn 0.2130644637253886 0.8989756778433344 0.3826829823019699
vn 0.2130644637253886 0.8989756778433344 0.3826829823019699
vn 0.2130644637253886 0.8989756778433344 0.3826829823019699
vn 0.2130646535064301 0.8989756612445219 0.38268291563141366
vn 0.2130646535064301 0.8989756612445219 0.38268291563141366
vn 0.2130646535064301 0.8989756612445219 0.38268291563141366
vn 0.08825407705786734 0.3723671046947501 0.9238798391695281
vn 0.08825407705786734 0.3723671046947501 0.9238798391695281
vn 0.08825407705786734 0.3723671046947501 0.9238798391695281
vn 0.0882532950378394 0.372366986712923 0.9238799614242653
vn 0.0882532950378394 0.372366986712923 0.9238799614242653
vn 0.0882532950378394 0.372366986712923 0.9238799614242653
vn 0.1618778575924824 0.3467594128551142 -0.9238795748460102
vn 0.1618778575924824 0.3467594128551142 -0.9238795748460102
vn 0.1618778575924824 0.3467594128551142 -0.9238795748460102
vn 0.16187794800235858 0.34675935539880154 -0.9238795805698669
vn 0.16187794800235858 0.34675935539880154 -0.9238795805698669
vn 0.16187794800235858 0.34675935539880154 -0.9238795805698669
vn 0.3908080879578978 0.8371513749204522 -0.3826834381776773
vn 0.3908080879578978 0.8371513749204522 -0.3826834381776773
vn 0.3908080879578978 0.8371513749204522 -0.3826834381776773
vn 0.39080625460321977 0.8371524147877506 -0.38268303565488937
vn 0.39080625460321977 0.8371524147877506 -0.38268303565488937
vn 0.39080625460321977 0.8371524147877506 -0.38268303565488937
vn 0.4230055736749142 0.9061270797410024 0
vn 0.4230055736749142 0.9061270797410024 0
vn 0.4230055736749142 0.9061270797410024 0
vn 0.4230055736749142 0.9061270797410024 0
vn 0.4230055736749142 0.9061270797410024 0
vn 0.4230055736749142 0.9061270797410024 0
vn 0.3908062562753979 0.837152358765106 0.38268315650159906
vn 0.3908062562753979 0.837152358765106 0.38268315650159906
vn 0.3908062562753979 0.837152358765106 0.38268315650159906
vn 0.390808164263037 0.8371516448782043 0.382682769697137
vn 0.390808164263037 0.8371516448782043 0.382682769697137
vn 0.390808164263037 0.8371516448782043 0.382682769697137
vn 0.1618776025933756 0.3467586045950295 0.9238799228892948
vn 0.1618776025933756 0.3467586045950295 0.9238799228892948
vn 0.1618776025933756 0.3467586045950295 0.9238799228892948
vn 0.16187748650788544 0.3467586112865369 0.9238799407176896
vn 0.16187748650788544 0.3467586112865369 0.9238799407176896
vn 0.16187748650788544 0.3467586112865369 0.9238799407176896
vn 0.23884135122925784 0.29900064611538146 -0.923879549814567
vn 0.23884135122925784 0.29900064611538146 -0.923879549814567
vn 0.23884135122925784 0.29900064611538146 -0.923879549814567
vn 0.23884037643460207 0.299002057693388 -0.9238793449794716
vn 0.23884037643460207 0.299002057693388 -0.9238793449794716
vn 0.23884037643460207 0.299002057693388 -0.9238793449794716
vn 0.5766109945743937 0.721854046304371 -0.38268328519800227
vn 0.5766109945743937 0.721854046304371 -0.38268328519800227
vn 0.5766109945743937 0.721854046304371 -0.38268328519800227
vn 0.5766180035640579 0.7218476977182617 -0.3826846995434299
vn 0.5766180035640579 0.7218476977182617 -0.3826846995434299
vn 0.5766180035640579 0.7218476977182617 -0.3826846995434299
vn 0.6241271554711322 0.7813227846437815 0
vn 0.6241271554711322 0.7813227846437815 0
vn 0.6241271554711322 0.7813227846437815 0
vn 0.6241271554711322 0.7813227846437815 0
vn 0.6241271554711322 0.7813227846437815 0
vn 0.6241271554711322 0.7813227846437815 0
vn 0.5766185688092245 0.7218483894272666 0.38268254308978245
vn 0.5766185688092245 0.7218483894272666 0.38268254308978245
vn 0.5766185688092245 0.7218483894272666 0.38268254308978245
vn 0.5766108115405589 0.7218538622075823 0.38268390824613296
vn 0.5766108115405589 0.7218538622075823 0.38268390824613296
vn 0.5766108115405589 0.7218538622075823 0.38268390824613296
vn 0.23883941548984042 0.29900088630101146 0.923879972507079
vn 0.23883941548984042 0.29900088630101146 0.923879972507079
vn 0.23883941548984042 0.29900088630101146 0.923879972507079
vn 0.23884103244346594 0.2990002401995531 0.9238797635958634
vn 0.23884103244346594 0.2990002401995531 0.9238797635958634
vn 0.23884103244346594 0.2990002401995531 0.9238797635958634
vn 0.305073170434376 0.2310349334456116 -0.9238794402999235
vn 0.305073170434376 0.2310349334456116 -0.9238794402999235
vn 0.305073170434376 0.2310349334456116 -0.9238794402999235
vn 0.3050732662240705 0.23103472966305302 -0.9238794596292839
vn 0.3050732662240705 0.23103472966305302 -0.9238794596292839
vn 0.3050732662240705 0.23103472966305302 -0.9238794596292839
vn 0.7365114672816528 0.5577667343377485 -0.38268411076086023
vn 0.7365114672816528 0.5577667343377485 -0.38268411076086023
vn 0.7365114672816528 0.5577667343377485 -0.38268411076086023
vn 0.7365144565953425 0.5577622112621408 -0.3826849499445124
vn 0.7365144565953425 0.5577622112621408 -0.3826849499445124
vn 0.7365144565953425 0.5577622112621408 -0.3826849499445124
vn 0.7971980567186038 0.6037178632143345 0
vn 0.7971980567186038 0.6037178632143345 0
vn 0.7971980567186038 0.6037178632143345 0
vn 0.7971980567186038 0.6037178632143345 0
vn 0.7971980567186038 0.6037178632143345 0
vn 0.7971980567186038 0.6037178632143345 0
vn 0.736514906564441 0.5577626081474779 0.38268350547272856
vn 0.736514906564441 0.5577626081474779 0.38268350547272856
vn 0.736514906564441 0.5577626081474779 0.38268350547272856
vn 0.7365113616245961 0.5577666849963315 0.3826843860233739
vn 0.7365113616245961 0.5577666849963315 0.3826843860233739
vn 0.7365113616245961 0.5577666849963315 0.3826843860233739
vn 0.30507263038342264 0.2310342601601169 0.9238797869978577
vn 0.30507263038342264 0.2310342601601169 0.9238797869978577
vn 0.30507263038342264 0.2310342601601169 0.9238797869978577
vn 0.305072432780788 0.23103438771012744 0.9238798203514449
vn 0.305072432780788 0.23103438771012744 0.9238798203514449
vn 0.305072432780788 0.23103438771012744 0.9238798203514449
vn 0.3499419688870683 0.15487863122054701 -0.9238794445178938
vn 0.3499419688870683 0.15487863122054701 -0.9238794445178938
vn 0.3499419688870683 0.15487863122054701 -0.9238794445178938
vn 0.34994197696327545 0.15487848578332974 -0.9238794658398342
vn 0.34994197696327545 0.15487848578332974 -0.9238794658398342
vn 0.34994197696327545 0.15487848578332974 -0.9238794658398342
vn 0.8448338494334345 0.3739093535782622 -0.3826846771928175
vn 0.8448338494334345 0.3739093535782622 -0.3826846771928175
vn 0.8448338494334345 0.3739093535782622 -0.3826846771928175
vn 0.8448333120961508 0.3739108731003743 -0.3826843787639675
vn 0.8448333120961508 0.3739108731003743 -0.3826843787639675
vn 0.8448333120961508 0.3739108731003743 -0.3826843787639675
vn 0.9144413654775428 0.40471840717166185 0
vn 0.9144413654775428 0.40471840717166185 0
vn 0.9144413654775428 0.40471840717166185 0
vn 0.9144413654775428 0.40471840717166185 0
vn 0.9144413654775428 0.40471840717166185 0
vn 0.9144413654775428 0.40471840717166185 0
vn 0.8448333215104764 0.37391084746469455 0.3826843830283772
vn 0.8448333215104764 0.37391084746469455 0.3826843830283772
vn 0.8448333215104764 0.37391084746469455 0.3826843830283772
vn 0.8448340917790716 0.37390944472327964 0.382684053122886
vn 0.8448340917790716 0.37390944472327964 0.382684053122886
vn 0.8448340917790716 0.37390944472327964 0.382684053122886
vn 0.34994125144224464 0.15487815341453573 0.923879796366356
vn 0.34994125144224464 0.15487815341453573 0.923879796366356
vn 0.34994125144224464 0.15487815341453573 0.923879796366356
vn 0.3499411673306319 0.1548782600663008 0.9238798103466217
vn 0.3499411673306319 0.1548782600663008 0.9238798103466217
vn 0.3499411673306319 0.1548782600663008 0.9238798103466217
vn 0.37337416359096154 0.08389581728364336 -0.9238794433285437
vn 0.37337416359096154 0.08389581728364336 -0.9238794433285437
vn 0.37337416359096154 0.08389581728364336 -0.9238794433285437
vn 0.3733740185032496 0.08389504330494056 -0.923879572247161
vn 0.3733740185032496 0.08389504330494056 -0.923879572247161
vn 0.3733740185032496 0.08389504330494056 -0.923879572247161
vn 0.9014044197141605 0.20254049730350904 -0.38268449024205964
vn 0.9014044197141605 0.20254049730350904 -0.38268449024205964
vn 0.9014044197141605 0.20254049730350904 -0.38268449024205964
vn 0.9014037909457767 0.20254682143629293 -0.3826826241085907
vn 0.9014037909457767 0.20254682143629293 -0.3826826241085907
vn 0.9014037909457767 0.20254682143629293 -0.3826826241085907
vn 0.9756720789649367 0.21923502076137039 0
vn 0.9756720789649367 0.21923502076137039 0
vn 0.9756720789649367 0.21923502076137039 0
vn 0.9756720789649367 0.21923502076137039 0
vn 0.9756720789649367 0.21923502076137039 0
vn 0.9756720789649367 0.21923502076137039 0
vn 0.9014031016944062 0.20254664997348604 0.3826843383785416
vn 0.9014031016944062 0.20254664997348604 0.3826843383785416
vn 0.9014031016944062 0.20254664997348604 0.3826843383785416
vn 0.9014052389570271 0.20254070099109944 0.38268245272400336
vn 0.9014052389570271 0.20254070099109944 0.38268245272400336
vn 0.9014052389570271 0.20254070099109944 0.38268245272400336
vn 0.3733735291652943 0.0838949361879533 0.9238797797336362
vn 0.3733735291652943 0.0838949361879533 0.9238797797336362
vn 0.3733735291652943 0.0838949361879533 0.9238797797336362
vn 0.3733730834914165 0.08389556979308847 0.9238799023104707
vn 0.3733730834914165 0.08389556979308847 0.9238799023104707
vn 0.3733730834914165 0.08389556979308847 0.9238799023104707
vn 0.38187972941953374 0.024788685941930844 -0.9238795339803432
vn 0.38187972941953374 0.024788685941930844 -0.9238795339803432
vn 0.38187972941953374 0.024788685941930844 -0.9238795339803432
vn 0.3818794199337848 0.02478782279316619 -0.9238796850630556
vn 0.3818794199337848 0.02478782279316619 -0.9238796850630556
vn 0.3818794199337848 0.02478782279316619 -0.9238796850630556
vn 0.921939611091834 0.059843171365640026 -0.38268282995287456
vn 0.921939611091834 0.059843171365640026 -0.38268282995287456
vn 0.921939611091834 0.059843171365640026 -0.38268282995287456
vn 0.9219396774639574 0.05984384608246628 -0.3826825645410465
vn 0.9219396774639574 0.05984384608246628 -0.3826825645410465
vn 0.9219396774639574 0.05984384608246628 -0.3826825645410465
vn 0.9978999280866172 0.06477448204906038 0
vn 0.9978999280866172 0.06477448204906038 0
vn 0.9978999280866172 0.06477448204906038 0
vn 0.9978999280866172 0.06477448204906038 0
vn 0.9978999280866172 0.06477448204906038 0
vn 0.9978999280866172 0.06477448204906038 0
vn 0.9219397074354027 0.05984384415895157 0.38268249263613185
vn 0.9219397074354027 0.05984384415895157 0.38268249263613185
vn 0.9219397074354027 0.05984384415895157 0.38268249263613185
vn 0.9219398668448089 0.059843187391978185 0.3826822112993299
vn 0.9219398668448089 0.059843187391978185 0.3826822112993299
vn 0.9219398668448089 0.059843187391978185 0.3826822112993299
vn 0.381878975267854 0.024787795007254764 0.9238798696080849
vn 0.381878975267854 0.024787795007254764 0.9238798696080849
vn 0.381878975267854 0.024787795007254764 0.9238798696080849
vn 0.38187852266745564 0.024788604896628402 0.9238800349572451
vn 0.38187852266745564 0.024788604896628402 0.9238800349572451
vn 0.38187852266745564 0.024788604896628402 0.9238800349572451
vn 0.3826830940244355 0 -0.9238796726565017
vn 0.3826830940244355 0 -0.9238796726565017
vn 0.3826830940244355 0 -0.9238796726565017
vn 0.3826830685865544 0 -0.9238796831932059
vn 0.3826830685865544 0 -0.9238796831932059
vn 0.3826830685865544 0 -0.9238796831932059
vn 0.9238798779669956 0 -0.3826825983601677
vn 0.9238798779669956 0 -0.3826825983601677
vn 0.9238798779669956 0 -0.3826825983601677
vn 0.9238798885036886 0 -0.38268257292227453
vn 0.9238798885036886 0 -0.38268257292227453
vn 0.9238798885036886 0 -0.38268257292227453
vn 1 0 0
vn 1 0 0
vn 1 0 0
vn 1 0 0
vn 1 0 0
vn 1 0 0
vn 0.9238800305938178 0 0.3826822298852745
vn 0.9238800305938178 0 0.3826822298852745
vn 0.9238800305938178 0 0.3826822298852745
vn 0.9238800305938178 0 0.3826822298852745
vn 0.9238800305938178 0 0.3826822298852745
vn 0.9238800305938178 0 0.3826822298852745
vn 0.3826822298852745 0 0.9238800305938178
vn 0.3826822298852745 0 0.9238800305938178
vn 0.3826822298852745 0 0.9238800305938178
vn 0.3826822298852745 0 0.9238800305938178
vn 0.3826822298852745 0 0.9238800305938178
vn 0.3826822298852745 0 0.9238800305938178
vn 0.3818356126657083 0.025455706020931092 -0.9238796306506486
vn 0.3818356126657083 0.025455706020931092 -0.9238796306506486
vn 0.3818356126657083 0.025455706020931092 -0.9238796306506486
vn 0.3818358989530564 0.025456768808895726 -0.923879483045555
vn 0.3818358989530564 0.025456768808895726 -0.923879483045555
vn 0.3818358989530564 0.025456768808895726 -0.923879483045555
vn 0.9218334537928099 0.06145807716372322 -0.38268262074434134
vn 0.9218334537928099 0.06145807716372322 -0.38268262074434134
vn 0.9218334537928099 0.06145807716372322 -0.38268262074434134
vn 0.9218332550593585 0.06145647023561996 -0.3826833575331516
vn 0.9218332550593585 0.06145647023561996 -0.3826833575331516
vn 0.9218332550593585 0.06145647023561996 -0.3826833575331516
vn 0.9977850915261652 0.06652000547295521 0
vn 0.9977850915261652 0.06652000547295521 0
vn 0.9977850915261652 0.06652000547295521 0
vn 0.9977850915261652 0.06652000547295521 0
vn 0.9977850915261652 0.06652000547295521 0
vn 0.9977850915261652 0.06652000547295521 0
vn 0.9218336838054922 0.06145650453081875 0.3826823192315646
vn 0.9218336838054922 0.06145650453081875 0.3826823192315646
vn 0.9218336838054922 0.06145650453081875 0.3826823192315646
vn 0.9218332700746167 0.06145806193559808 0.3826830657432583
vn 0.9218332700746167 0.06145806193559808 0.3826830657432583
vn 0.9218332700746167 0.06145806193559808 0.3826830657432583
vn 0.3818346877908091 0.025456687568069822 0.9238799858519271
vn 0.3818346877908091 0.025456687568069822 0.9238799858519271
vn 0.3818346877908091 0.025456687568069822 0.9238799858519271
vn 0.38183521887734534 0.02545568138266603 0.9238797940805038
vn 0.38183521887734534 0.02545568138266603 0.9238797940805038
vn 0.38183521887734534 0.02545568138266603 0.9238797940805038
vn 0.37288365724550554 0.08605008048017881 -0.9238794086938896
vn 0.37288365724550554 0.08605008048017881 -0.9238794086938896
vn 0.37288365724550554 0.08605008048017881 -0.9238794086938896
vn 0.37288362659232693 0.0860495959960774 -0.923879466190404
vn 0.37288362659232693 0.0860495959960774 -0.923879466190404
vn 0.37288362659232693 0.0860495959960774 -0.923879466190404
vn 0.9002200594224625 0.2077419810725373 -0.382684091534356
vn 0.9002200594224625 0.2077419810725373 -0.382684091534356
vn 0.9002200594224625 0.2077419810725373 -0.382684091534356
vn 0.9002200277418956 0.20774307644759388 -0.38268357142745213
vn 0.9002200277418956 0.20774307644759388 -0.38268357142745213
vn 0.9002200277418956 0.20774307644759388 -0.38268357142745213
vn 0.9743911972014787 0.22485950016903625 0
vn 0.9743911972014787 0.22485950016903625 0
vn 0.9743911972014787 0.22485950016903625 0
vn 0.9743911972014787 0.22485950016903625 0
vn 0.9743911972014787 0.22485950016903625 0
vn 0.9743911972014787 0.22485950016903625 0
vn 0.9002199781598167 0.20774306385933244 0.3826836948973351
vn 0.9002199781598167 0.20774306385933244 0.3826836948973351
vn 0.9002199781598167 0.20774306385933244 0.3826836948973351
vn 0.900220440084376 0.20774206204018042 0.3826831521161945
vn 0.900220440084376 0.20774206204018042 0.3826831521161945
vn 0.900220440084376 0.20774206204018042 0.3826831521161945
vn 0.37288293879720424 0.08604943899349375 0.9238797584117023
vn 0.37288293879720424 0.08604943899349375 0.9238797584117023
vn 0.37288293879720424 0.08604943899349375 0.9238797584117023
vn 0.3728826282347551 0.08604983843118665 0.923879846552953
vn 0.3728826282347551 0.08604983843118665 0.923879846552953
vn 0.3728826282347551 0.08604983843118665 0.923879846552953
vn 0.34838230374114904 0.15835559802821741 -0.9238794699597644
vn 0.34838230374114904 0.15835559802821741 -0.9238794699597644
vn 0.34838230374114904 0.15835559802821741 -0.9238794699597644
vn 0.34838234952621 0.1583546678746058 -0.9238796121253682
vn 0.34838234952621 0.1583546678746058 -0.9238796121253682
vn 0.34838234952621 0.1583546678746058 -0.9238796121253682
vn 0.8410697109552594 0.3823021409661308 -0.3826837001053863
vn 0.8410697109552594 0.3823021409661308 -0.3826837001053863
vn 0.8410697109552594 0.3823021409661308 -0.3826837001053863
vn 0.8410693574188316 0.3823037223489867 -0.38268289730426
vn 0.8410693574188316 0.3823037223489867 -0.38268289730426
vn 0.8410693574188316 0.3823037223489867 -0.38268289730426
vn 0.9103667060830191 0.41380244133590355 0
vn 0.9103667060830191 0.41380244133590355 0
vn 0.9103667060830191 0.41380244133590355 0
vn 0.9103667060830191 0.41380244133590355 0
vn 0.9103667060830191 0.41380244133590355 0
vn 0.9103667060830191 0.41380244133590355 0
vn 0.8410692265867219 0.3823036276589266 0.3826832794461211
vn 0.8410692265867219 0.3823036276589266 0.3826832794461211
vn 0.8410692265867219 0.3823036276589266 0.3826832794461211
vn 0.8410701958575246 0.38230232344600007 0.38268245207740464
vn 0.8410701958575246 0.38230232344600007 0.38268245207740464
vn 0.8410701958575246 0.38230232344600007 0.38268245207740464
vn 0.3483818154293543 0.15835441562074432 0.9238798567625338
vn 0.3483818154293543 0.15835441562074432 0.9238798567625338
vn 0.3483818154293543 0.15835441562074432 0.9238798567625338
vn 0.3483811386292921 0.158355075205174 0.923879998919839
vn 0.3483811386292921 0.158355075205174 0.923879998919839
vn 0.3483811386292921 0.158355075205174 0.923879998919839
vn 0.3020716561252882 0.2349445932841423 -0.9238797284561853
vn 0.3020716561252882 0.2349445932841423 -0.9238797284561853
vn 0.3020716561252882 0.2349445932841423 -0.9238797284561853
vn 0.30207183188580944 0.2349439352581935 -0.9238798383266869
vn 0.30207183188580944 0.2349439352581935 -0.9238798383266869
vn 0.30207183188580944 0.2349439352581935 -0.9238798383266869
vn 0.7292676487232721 0.5672061976532176 -0.38268240862288044
vn 0.7292676487232721 0.5672061976532176 -0.38268240862288044
vn 0.7292676487232721 0.5672061976532176 -0.38268240862288044
vn 0.7292671890259892 0.5672071646585182 -0.3826818513728822
vn 0.7292671890259892 0.5672071646585182 -0.3826818513728822
vn 0.7292671890259892 0.5672071646585182 -0.3826818513728822
vn 0.7893525704190804 0.6139401596025387 0
vn 0.7893525704190804 0.6139401596025387 0
vn 0.7893525704190804 0.6139401596025387 0
vn 0.7893525704190804 0.6139401596025387 0
vn 0.7893525704190804 0.6139401596025387 0
vn 0.7893525704190804 0.6139401596025387 0
vn 0.7292671720954167 0.5672070918856661 0.3826819915002002
vn 0.7292671720954167 0.5672070918856661 0.3826819915002002
vn 0.7292671720954167 0.5672070918856661 0.3826819915002002
vn 0.7292679557767737 0.5672064430953216 0.3826814596871911
vn 0.7292679557767737 0.5672064430953216 0.3826814596871911
vn 0.7292679557767737 0.5672064430953216 0.3826814596871911
vn 0.30207130640887553 0.234943541455043 0.9238801102810894
vn 0.30207130640887553 0.234943541455043 0.9238801102810894
vn 0.30207130640887553 0.234943541455043 0.9238801102810894
vn 0.30207073424094316 0.234943879574354 0.9238802113724967
vn 0.30207073424094316 0.234943879574354 0.9238802113724967
vn 0.30207073424094316 0.234943879574354 0.9238802113724967
vn 0.23494424945039716 0.30207120766711815 -0.9238799625214947
vn 0.23494424945039716 0.30207120766711815 -0.9238799625214947
vn 0.23494424945039716 0.30207120766711815 -0.9238799625214947
vn 0.2349424550976995 0.30207413946483924 -0.9238794602431868
vn 0.2349424550976995 0.30207413946483924 -0.9238794602431868
vn 0.2349424550976995 0.30207413946483924 -0.9238794602431868
vn 0.5672016082661792 0.7292720000815858 -0.38268091862185033
vn 0.5672016082661792 0.7292720000815858 -0.38268091862185033
vn 0.5672016082661792 0.7292720000815858 -0.38268091862185033
vn 0.5672032874471032 0.7292699867035545 -0.3826822666424407
vn 0.5672032874471032 0.7292699867035545 -0.3826822666424407
vn 0.5672032874471032 0.7292699867035545 -0.3826822666424407
vn 0.6139360661288373 0.7893557542111465 0
vn 0.6139360661288373 0.7893557542111465 0
vn 0.6139360661288373 0.7893557542111465 0
vn 0.6139360661288373 0.7893557542111465 0
vn 0.6139360661288373 0.7893557542111465 0
vn 0.6139360661288373 0.7893557542111465 0
vn 0.5672036509712893 0.729270530726428 0.38268069109746555
vn 0.5672036509712893 0.729270530726428 0.38268069109746555
vn 0.5672036509712893 0.729270530726428 0.38268069109746555
vn 0.5672013862593571 0.7292716039502709 0.3826820025782016
vn 0.5672013862593571 0.7292716039502709 0.3826820025782016
vn 0.5672013862593571 0.7292716039502709 0.3826820025782016
vn 0.23494138347560584 0.30207277017998224 0.9238801804597607
vn 0.23494138347560584 0.30207277017998224 0.9238801804597607
vn 0.23494138347560584 0.30207277017998224 0.9238801804597607
vn 0.2349446843485299 0.30207174766322487 0.9238796753690682
vn 0.2349446843485299 0.30207174766322487 0.9238796753690682
vn 0.2349446843485299 0.30207174766322487 0.9238796753690682
vn 0.15835580126753893 0.34838276874905005 -0.9238792597756816
vn 0.15835580126753893 0.34838276874905005 -0.9238792597756816
vn 0.15835580126753893 0.34838276874905005 -0.9238792597756816
vn 0.1583566363264375 0.3483819057882261 -0.9238794420543949
vn 0.1583566363264375 0.3483819057882261 -0.9238794420543949
vn 0.1583566363264375 0.3483819057882261 -0.9238794420543949
vn 0.3823067229029002 0.8410683232824542 -0.3826821725584903
vn 0.3823067229029002 0.8410683232824542 -0.3826821725584903
vn 0.3823067229029002 0.8410683232824542 -0.3826821725584903
vn 0.3823087492759536 0.8410668327596584 -0.38268342407098427
vn 0.3823087492759536 0.8410668327596584 -0.38268342407098427
vn 0.3823087492759536 0.8410668327596584 -0.38268342407098427
vn 0.4138080255907989 0.9103641677683965 0
vn 0.4138080255907989 0.9103641677683965 0
vn 0.4138080255907989 0.9103641677683965 0
vn 0.4138080255907989 0.9103641677683965 0
vn 0.4138080255907989 0.9103641677683965 0
vn 0.4138080255907989 0.9103641677683965 0
vn 0.38230902817078916 0.8410673926837685 0.3826819148368971
vn 0.38230902817078916 0.8410673926837685 0.3826819148368971
vn 0.38230902817078916 0.8410673926837685 0.3826819148368971
vn 0.38230658158512715 0.8410679229762548 0.3826831935388639
vn 0.38230658158512715 0.8410679229762548 0.3826831935388639
vn 0.38230658158512715 0.8410679229762548 0.3826831935388639
vn 0.15835643144295308 0.34838146696542605 0.923879642645984
vn 0.15835643144295308 0.34838146696542605 0.923879642645984
vn 0.15835643144295308 0.34838146696542605 0.923879642645984
vn 0.1583552397945583 0.34838152754802826 0.9238798240533833
vn 0.1583552397945583 0.34838152754802826 0.9238798240533833
vn 0.1583552397945583 0.34838152754802826 0.9238798240533833
vn 0.0860500333243794 0.37288343800254764 -0.9238795015738109
vn 0.0860500333243794 0.37288343800254764 -0.9238795015738109
vn 0.0860500333243794 0.37288343800254764 -0.9238795015738109
vn 0.08604992691984549 0.372883518325077 -0.9238794790656416
vn 0.08604992691984549 0.372883518325077 -0.9238794790656416
vn 0.08604992691984549 0.372883518325077 -0.9238794790656416
vn 0.20774282528276244 0.9002200966844798 -0.38268354559468815
vn 0.20774282528276244 0.9002200966844798 -0.38268354559468815
vn 0.20774282528276244 0.9002200966844798 -0.38268354559468815
vn 0.20774174265359896 0.9002205958627488 -0.3826829590454259
vn 0.20774174265359896 0.9002205958627488 -0.3826829590454259
vn 0.20774174265359896 0.9002205958627488 -0.3826829590454259
vn 0.22485799180286897 0.9743915452847388 0
vn 0.22485799180286897 0.9743915452847388 0
vn 0.22485799180286897 0.9743915452847388 0
vn 0.22485799180286897 0.9743915452847388 0
vn 0.22485799180286897 0.9743915452847388 0
vn 0.22485799180286897 0.9743915452847388 0
vn 0.20774172532681562 0.9002205257470004 0.3826831333911024
vn 0.20774172532681562 0.9002205257470004 0.3826831333911024
vn 0.20774172532681562 0.9002205257470004 0.3826831333911024
vn 0.20774291335806258 0.9002205081464284 0.3826825298626669
vn 0.20774291335806258 0.9002205081464284 0.3826825298626669
vn 0.20774291335806258 0.9002205081464284 0.3826825298626669
vn 0.08604972558750218 0.3728826831378236 0.9238798349040059
vn 0.08604972558750218 0.3728826831378236 0.9238798349040059
vn 0.08604972558750218 0.3728826831378236 0.9238798349040059
vn 0.08604985604805931 0.37288269960748277 0.9238798161057229
vn 0.08604985604805931 0.37288269960748277 0.9238798161057229
vn 0.08604985604805931 0.37288269960748277 0.9238798161057229
vn 0.02545573409239267 0.381836031874987 -0.9238794566196291
vn 0.02545573409239267 0.381836031874987 -0.9238794566196291
vn 0.02545573409239267 0.381836031874987 -0.9238794566196291
vn 0.02545382013467355 0.381836970231236 -0.9238791215333215
vn 0.02545382013467355 0.381836970231236 -0.9238791215333215
vn 0.02545382013467355 0.381836970231236 -0.9238791215333215
vn 0.061450818126638364 0.9218338347278809 -0.38268286883848945
vn 0.061450818126638364 0.9218338347278809 -0.38268286883848945
vn 0.061450818126638364 0.9218338347278809 -0.38268286883848945
vn 0.061457090178783376 0.9218321457453522 -0.38268593015327423
vn 0.061457090178783376 0.9218321457453522 -0.38268593015327423
vn 0.061457090178783376 0.9218321457453522 -0.38268593015327423
vn 0.06652075119030751 0.9977850418106482 0
vn 0.06652075119030751 0.9977850418106482 0
vn 0.06652075119030751 0.9977850418106482 0
vn 0.06652075119030751 0.9977850418106482 0
vn 0.06652075119030751 0.9977850418106482 0
vn 0.06652075119030751 0.9977850418106482 0
vn 0.06145718436823938 0.9218334729050974 0.38268271808543347
vn 0.06145718436823938 0.9218334729050974 0.38268271808543347
vn 0.06145718436823938 0.9218334729050974 0.38268271808543347
vn 0.06145073846459776 0.9218326807737987 0.3826856613456372
vn 0.06145073846459776 0.9218326807737987 0.3826856613456372
vn 0.06145073846459776 0.9218326807737987 0.3826856613456372
vn 0.025453716939371006 0.38183543720415636 0.9238797579712855
vn 0.025453716939371006 0.38183543720415636 0.9238797579712855
vn 0.025453716939371006 0.38183543720415636 0.9238797579712855
vn 0.025455737525592916 0.38183605729595826 0.9238794460186383
vn 0.025455737525592916 0.38183605729595826 0.9238794460186383
vn 0.025455737525592916 0.38183605729595826 0.9238794460186383
vn 0 0.38268450033849405 -0.9238790901414953
vn 0 0.38268450033849405 -0.9238790901414953
vn 0 0.38268450033849405 -0.9238790901414953
vn 0 0.38268450033849405 -0.9238790901414953
vn 0 0.38268450033849405 -0.9238790901414953
vn 0 0.38268450033849405 -0.9238790901414953
vn 0 0.9238784760140226 -0.3826859829651552
vn 0 0.9238784760140226 -0.3826859829651552
vn 0 0.9238784760140226 -0.3826859829651552
vn 0 0.9238784760140226 -0.3826859829651552
vn 0 0.9238784760140226 -0.3826859829651552
vn 0 0.9238784760140226 -0.3826859829651552
vn 0 1 0
vn 0 1 0
vn 0 1 0
vn 0 1 0
vn 0 1 0
vn 0 1 0
vn 0 0.9238786199132315 0.38268563556426155
vn 0 0.9238786199132315 0.38268563556426155
vn 0 0.9238786199132315 0.38268563556426155
vn 0 0.9238786093764687 0.38268566100208445
vn 0 0.9238786093764687 0.38268566100208445
vn 0 0.9238786093764687 0.38268566100208445
vn 0 0.3826836361998657 0.9238794480801317
vn 0 0.3826836361998657 0.9238794480801317
vn 0 0.3826836361998657 0.9238794480801317
vn 0 0.3826836361998657 0.9238794480801317
vn 0 0.3826836361998657 0.9238794480801317
vn 0 0.3826836361998657 0.9238794480801317
vn -0.025455793378822478 0.3818369211714338 -0.923879087442602
vn -0.025455793378822478 0.3818369211714338 -0.923879087442602
vn -0.025455793378822478 0.3818369211714338 -0.923879087442602
vn -0.025453748593923863 0.3818363013152796 -0.9238793999653765
vn -0.025453748593923863 0.3818363013152796 -0.9238793999653765
vn -0.025453748593923863 0.3818363013152796 -0.9238793999653765
vn -0.06145066258293139 0.9218325409249777 -0.38268601040529027
vn -0.06145066258293139 0.9218325409249777 -0.38268601040529027
vn -0.06145066258293139 0.9218325409249777 -0.38268601040529027
vn -0.06145711219774724 0.9218333328467068 -0.38268306705816824
vn -0.06145711219774724 0.9218333328467068 -0.38268306705816824
vn -0.06145711219774724 0.9218333328467068 -0.38268306705816824
vn -0.06652069184941295 0.99778504576681 0
vn -0.06652069184941295 0.99778504576681 0
vn -0.06652069184941295 0.99778504576681 0
vn -0.06652069184941295 0.99778504576681 0
vn -0.06652069184941295 0.99778504576681 0
vn -0.06652069184941295 0.99778504576681 0
vn -0.06145704660061225 0.9218322818339011 0.3826856093349127
vn -0.06145704660061225 0.9218322818339011 0.3826856093349127
vn -0.06145704660061225 0.9218322818339011 0.3826856093349127
vn -0.06145076003814289 0.9218339804021148 0.38268252725559293
vn -0.06145076003814289 0.9218339804021148 0.38268252725559293
vn -0.06145076003814289 0.9218339804021148 0.38268252725559293
vn -0.0254537374718873 0.3818361531112466 0.9238794615240221
vn -0.0254537374718873 0.3818361531112466 0.9238794615240221
vn -0.0254537374718873 0.3818361531112466 0.9238794615240221
vn -0.02545567823913934 0.38183516799915457 0.9238798151948351
vn -0.02545567823913934 0.38183516799915457 0.9238798151948351
vn -0.02545567823913934 0.38183516799915457 0.9238798151948351
vn -0.08605004998499567 0.37288353503381977 -0.9238794608596197
vn -0.08605004998499567 0.37288353503381977 -0.9238794608596197
vn -0.08605004998499567 0.37288353503381977 -0.9238794608596197
vn -0.08604982529658543 0.37288347035487873 -0.923879507891873
vn -0.08604982529658543 0.37288347035487873 -0.923879507891873
vn -0.08604982529658543 0.37288347035487873 -0.923879507891873
vn -0.2077426665032631 0.9002203573472987 -0.3826830186088949
vn -0.2077426665032631 0.9002203573472987 -0.3826830186088949
vn -0.2077426665032631 0.9002203573472987 -0.3826830186088949
vn -0.20774186650867946 0.9002203726085801 -0.3826834169910675
vn -0.20774186650867946 0.9002203726085801 -0.3826834169910675
vn -0.20774186650867946 0.9002203726085801 -0.3826834169910675
vn -0.22485817572350572 0.9743915028417977 0
vn -0.22485817572350572 0.9743915028417977 0
vn -0.22485817572350572 0.9743915028417977 0
vn -0.22485817572350572 0.9743915028417977 0
vn -0.22485817572350572 0.9743915028417977 0
vn -0.22485817572350572 0.9743915028417977 0
vn -0.20774192703820699 0.9002206746396534 0.3826826736367604
vn -0.20774192703820699 0.9002206746396534 0.3826826736367604
vn -0.20774192703820699 0.9002206746396534 0.3826826736367604
vn -0.20774265939544517 0.9002203265466812 0.3826830949225412
vn -0.20774265939544517 0.9002203265466812 0.3826830949225412
vn -0.20774265939544517 0.9002203265466812 0.3826830949225412
vn -0.08604965163338 0.3728826855284495 0.9238798408271854
vn -0.08604965163338 0.3728826855284495 0.9238798408271854
vn -0.08604965163338 0.3728826855284495 0.9238798408271854
vn -0.08604983199202634 0.372882602815254 0.9238798574121343
vn -0.08604983199202634 0.372882602815254 0.9238798574121343
vn -0.08604983199202634 0.372882602815254 0.9238798574121343
vn -0.158355549013778 0.34838223465240176 -0.9238795044133971
vn -0.158355549013778 0.34838223465240176 -0.9238795044133971
vn -0.158355549013778 0.34838223465240176 -0.9238795044133971
vn -0.15835715944032352 0.3483821178655866 -0.9238792724190107
vn -0.15835715944032352 0.3483821178655866 -0.9238792724190107
vn -0.15835715944032352 0.3483821178655866 -0.9238792724190107
vn -0.3823073897184598 0.8410675133790108 -0.3826832864198608
vn -0.3823073897184598 0.8410675133790108 -0.3826832864198608
vn -0.3823073897184598 0.8410675133790108 -0.3826832864198608
vn -0.3823087520063081 0.8410671963942189 -0.38268262214130877
vn -0.3823087520063081 0.8410671963942189 -0.38268262214130877
vn -0.3823087520063081 0.8410671963942189 -0.38268262214130877
vn -0.4138078571874516 0.9103642443164877 0
vn -0.4138078571874516 0.9103642443164877 0
vn -0.4138078571874516 0.9103642443164877 0
vn -0.4138078571874516 0.9103642443164877 0
vn -0.4138078571874516 0.9103642443164877 0
vn -0.4138078571874516 0.9103642443164877 0
vn -0.3823087002033901 0.8410670943484825 0.3826828981715738
vn -0.3823087002033901 0.8410670943484825 0.3826828981715738
vn -0.3823087002033901 0.8410670943484825 0.3826828981715738
vn -0.3823075906494561 0.8410679137041268 0.38268220584343265
vn -0.3823075906494561 0.8410679137041268 0.38268220584343265
vn -0.3823075906494561 0.8410679137041268 0.38268220584343265
vn -0.15835662373404946 0.3483809273908377 0.9238798131520424
vn -0.15835662373404946 0.3483809273908377 0.9238798131520424
vn -0.15835662373404946 0.3483809273908377 0.9238798131520424
vn -0.15835550493176365 0.34838208700802203 0.9238795676438251
vn -0.15835550493176365 0.34838208700802203 0.9238795676438251
vn -0.15835550493176365 0.34838208700802203 0.9238795676438251
vn -0.23494529503000627 0.30207255198375876 -0.9238792570900608
vn -0.23494529503000627 0.30207255198375876 -0.9238792570900608
vn -0.23494529503000627 0.30207255198375876 -0.9238792570900608
vn -0.23494156024847296 0.30207375103235623 -0.9238798148056139
vn -0.23494156024847296 0.30207375103235623 -0.9238798148056139
vn -0.23494156024847296 0.30207375103235623 -0.9238798148056139
vn -0.567200244992381 0.7292720098956604 -0.38268292052732994
vn -0.567200244992381 0.7292720098956604 -0.38268292052732994
vn -0.567200244992381 0.7292720098956604 -0.38268292052732994
vn -0.5672040155986914 0.7292701820980423 -0.3826808150291934
vn -0.5672040155986914 0.7292701820980423 -0.3826808150291934
vn -0.5672040155986914 0.7292701820980423 -0.3826808150291934
vn -0.6139364705252449 0.7893554396841799 0
vn -0.6139364705252449 0.7893554396841799 0
vn -0.6139364705252449 0.7893554396841799 0
vn -0.6139364705252449 0.7893554396841799 0
vn -0.6139364705252449 0.7893554396841799 0
vn -0.6139364705252449 0.7893554396841799 0
vn -0.5672035805217269 0.7292696823177706 0.38268241231531763
vn -0.5672035805217269 0.7292696823177706 0.38268241231531763
vn -0.5672035805217269 0.7292696823177706 0.38268241231531763
vn -0.5672009020761798 0.72927290580742 0.38268023928492784
vn -0.5672009020761798 0.72927290580742 0.38268023928492784
vn -0.5672009020761798 0.72927290580742 0.38268023928492784
vn -0.23494163511914642 0.30207387071077085 0.9238797566357618
vn -0.23494163511914642 0.30207387071077085 0.9238797566357618
vn -0.23494163511914642 0.30207387071077085 0.9238797566357618
vn -0.2349436875969726 0.3020704980565681 0.9238803374150751
vn -0.2349436875969726 0.3020704980565681 0.9238803374150751
vn -0.2349436875969726 0.3020704980565681 0.9238803374150751
vn -0.3020713678902249 0.23494437737973742 -0.9238798776023731
vn -0.3020713678902249 0.23494437737973742 -0.9238798776023731
vn -0.3020713678902249 0.23494437737973742 -0.9238798776023731
vn -0.30207192448129666 0.23494401224395073 -0.9238797884740633
vn -0.30207192448129666 0.23494401224395073 -0.9238797884740633
vn -0.30207192448129666 0.23494401224395073 -0.9238797884740633
vn -0.7292679557767737 0.5672064430953216 -0.3826814596871911
vn -0.7292679557767737 0.5672064430953216 -0.3826814596871911
vn -0.7292679557767737 0.5672064430953216 -0.3826814596871911
vn -0.7292671358731894 0.567207110071969 -0.3826820335724168
vn -0.7292671358731894 0.567207110071969 -0.3826820335724168
vn -0.7292671358731894 0.567207110071969 -0.3826820335724168
vn -0.7893525704190804 0.6139401596025387 0
vn -0.7893525704190804 0.6139401596025387 0
vn -0.7893525704190804 0.6139401596025387 0
vn -0.7893525704190804 0.6139401596025387 0
vn -0.7893525704190804 0.6139401596025387 0
vn -0.7893525704190804 0.6139401596025387 0
vn -0.7292674179749687 0.5672073361072169 0.38268116095030974
vn -0.7292674179749687 0.5672073361072169 0.38268116095030974
vn -0.7292674179749687 0.5672073361072169 0.38268116095030974
vn -0.7292679106449083 0.5672063351425977 0.3826817057003291
vn -0.7292679106449083 0.5672063351425977 0.3826817057003291
vn -0.7292679106449083 0.5672063351425977 0.3826817057003291
vn -0.3020711212178399 0.23494338748348056 0.9238802099861129
vn -0.3020711212178399 0.23494338748348056 0.9238802099861129
vn -0.3020711212178399 0.23494338748348056 0.9238802099861129
vn -0.30207092048950146 0.23494401946728938 0.923880114901917
vn -0.30207092048950146 0.23494401946728938 0.923880114901917
vn -0.30207092048950146 0.23494401946728938 0.923880114901917
vn -0.3483818457338047 0.15835538442445668 -0.9238796792802026
vn -0.3483818457338047 0.15835538442445668 -0.9238796792802026
vn -0.3483818457338047 0.15835538442445668 -0.9238796792802026
vn -0.3483824963485192 0.15835472648411905 -0.9238795467148918
vn -0.3483824963485192 0.15835472648411905 -0.9238795467148918
vn -0.3483824963485192 0.15835472648411905 -0.9238795467148918
vn -0.8410701862747934 0.38230234889256226 -0.382682447717313
vn -0.8410701862747934 0.38230234889256226 -0.382682447717313
vn -0.8410701862747934 0.38230234889256226 -0.382682447717313
vn -0.8410690304763819 0.3823039178201541 -0.38268342058793137
vn -0.8410690304763819 0.3823039178201541 -0.38268342058793137
vn -0.8410690304763819 0.3823039178201541 -0.38268342058793137
vn -0.9103665519683974 0.4138027803884012 0
vn -0.9103665519683974 0.4138027803884012 0
vn -0.9103665519683974 0.4138027803884012 0
vn -0.9103665519683974 0.4138027803884012 0
vn -0.9103665519683974 0.4138027803884012 0
vn -0.9103665519683974 0.4138027803884012 0
vn -0.8410695057955702 0.3823041257464249 0.38268216819974404
vn -0.8410695057955702 0.3823041257464249 0.38268216819974404
vn -0.8410695057955702 0.3823041257464249 0.38268216819974404
vn -0.8410699342220377 0.3823022234859567 0.38268312696724793
vn -0.8410699342220377 0.3823022234859567 0.38268312696724793
vn -0.8410699342220377 0.3823022234859567 0.38268312696724793
vn -0.34838152342874096 0.15835426934666594 0.9238799919433007
vn -0.34838152342874096 0.15835426934666594 0.9238799919433007
vn -0.34838152342874096 0.15835426934666594 0.9238799919433007
vn -0.34838143145198025 0.15835520695174465 0.9238798659191244
vn -0.34838143145198025 0.15835520695174465 0.9238798659191244
vn -0.34838143145198025 0.15835520695174465 0.9238798659191244
vn -0.37288338716358177 0.08605002044606737 -0.9238795232922123
vn -0.37288338716358177 0.08605002044606737 -0.9238795232922123
vn -0.37288338716358177 0.08605002044606737 -0.9238795232922123
vn -0.3728835233454121 0.08604977161619241 -0.9238794915043371
vn -0.3728835233454121 0.08604977161619241 -0.9238794915043371
vn -0.3728835233454121 0.08604977161619241 -0.9238794915043371
vn -0.9002202768180302 0.20774248286058056 -0.38268330773707715
vn -0.9002202768180302 0.20774248286058056 -0.38268330773707715
vn -0.9002202768180302 0.20774248286058056 -0.38268330773707715
vn -0.9002193240724221 0.20774452453398784 -0.3826844406201263
vn -0.9002193240724221 0.20774452453398784 -0.3826844406201263
vn -0.9002193240724221 0.20774452453398784 -0.3826844406201263
vn -0.9743908169693385 0.2248611478353367 0
vn -0.9743908169693385 0.2248611478353367 0
vn -0.9743908169693385 0.2248611478353367 0
vn -0.9743908169693385 0.2248611478353367 0
vn -0.9743908169693385 0.2248611478353367 0
vn -0.9743908169693385 0.2248611478353367 0
vn -0.9002198973350491 0.20774463848543243 0.38268303022557804
vn -0.9002198973350491 0.20774463848543243 0.38268303022557804
vn -0.9002198973350491 0.20774463848543243 0.38268303022557804
vn -0.9002199354712042 0.20774241211192654 0.3826841491231892
vn -0.9002199354712042 0.20774241211192654 0.3826841491231892
vn -0.9002199354712042 0.20774241211192654 0.3826841491231892
vn -0.3728826627386351 0.0860495638446805 0.9238798582018581
vn -0.3728826627386351 0.0860495638446805 0.9238798582018581
vn -0.3728826627386351 0.0860495638446805 0.9238798582018581
vn -0.37288267418798243 0.0860498496088992 0.9238798269649061
vn -0.37288267418798243 0.0860498496088992 0.9238798269649061
vn -0.37288267418798243 0.0860498496088992 0.9238798269649061
vn -0.3818359090919204 0.025455726403560287 -0.9238795075772673
vn -0.3818359090919204 0.025455726403560287 -0.9238795075772673
vn -0.3818359090919204 0.025455726403560287 -0.9238795075772673
vn -0.3818359357802233 0.025455599536089425 -0.9238795000426729
vn -0.3818359357802233 0.025455599536089425 -0.9238795000426729
vn -0.3818359357802233 0.025455599536089425 -0.9238795000426729
vn -0.9218331707554989 0.06145523204099639 -0.38268375945374294
vn -0.9218331707554989 0.06145523204099639 -0.38268375945374294
vn -0.9218331707554989 0.06145523204099639 -0.38268375945374294
vn -0.9218332896927068 0.061454747735112 -0.3826835507245325
vn -0.9218332896927068 0.061454747735112 -0.3826835507245325
vn -0.9218332896927068 0.061454747735112 -0.3826835507245325
vn -0.9977852156806499 0.0665181431574811 0
vn -0.9977852156806499 0.0665181431574811 0
vn -0.9977852156806499 0.0665181431574811 0
vn -0.9977852156806499 0.0665181431574811 0
vn -0.9977852156806499 0.0665181431574811 0
vn -0.9977852156806499 0.0665181431574811 0
vn -0.9218333510025574 0.061454751574081194 0.3826834024208052
vn -0.9218333510025574 0.061454751574081194 0.3826834024208052
vn -0.9218333510025574 0.061454751574081194 0.3826834024208052
vn -0.9218334159948932 0.061455247396876266 0.3826831662388285
vn -0.9218334159948932 0.061455247396876266 0.3826831662388285
vn -0.9218334159948932 0.061455247396876266 0.3826831662388285
vn -0.3818350464833715 0.025455540249631023 0.9238798692187427
vn -0.3818350464833715 0.025455540249631023 0.9238798692187427
vn -0.3818350464833715 0.025455540249631023 0.9238798692187427
vn -0.38183509609424415 0.025455673693831313 0.923879845038029
vn -0.38183509609424415 0.025455673693831313 0.923879845038029
vn -0.38183509609424415 0.025455673693831313 0.923879845038029
vn -0.3826834159879129 0 -0.9238795392949354
vn -0.3826834159879129 0 -0.9238795392949354
vn -0.3826834159879129 0 -0.9238795392949354
vn -0.3826834370613369 0 -0.9238795305660377
vn -0.3826834370613369 0 -0.9238795305660377
vn -0.3826834370613369 0 -0.9238795305660377
vn -0.9238795305660377 0 -0.3826834370613369
vn -0.9238795305660377 0 -0.3826834370613369
vn -0.9238795305660377 0 -0.3826834370613369
vn -0.9238795392949354 0 -0.3826834159879129
vn -0.9238795392949354 0 -0.3826834159879129
vn -0.9238795392949354 0 -0.3826834159879129
vn -1 0 0
vn -1 0 0
vn -1 0 0
vn -1 0 0
vn -1 0 0
vn -1 0 0
vn -0.9238796831932059 0 0.3826830685865544
vn -0.9238796831932059 0 0.3826830685865544
vn -0.9238796831932059 0 0.3826830685865544
vn -0.9238796831932059 0 0.3826830685865544
vn -0.9238796831932059 0 0.3826830685865544
vn -0.9238796831932059 0 0.3826830685865544
vn -0.3826825983601677 0 0.9238798779669956
vn -0.3826825983601677 0 0.9238798779669956
vn -0.3826825983601677 0 0.9238798779669956
vn -0.3826825983601677 0 0.9238798779669956
vn -0.3826825983601677 0 0.9238798779669956
vn -0.3826825983601677 0 0.9238798779669956
vn -0.3823374572627601 -0.016269678517258145 -0.9238795193826911
vn -0.3823374572627601 -0.016269678517258145 -0.9238795193826911
vn -0.3823374572627601 -0.016269678517258145 -0.9238795193826911
vn -0.38233741131878257 -0.016269588423414336 -0.9238795399826671
vn -0.38233741131878257 -0.016269588423414336 -0.9238795399826671
vn -0.38233741131878257 -0.016269588423414336 -0.9238795399826671
vn -0.9230441878588423 -0.03927826809693872 -0.3826834787592944
vn -0.9230441878588423 -0.03927826809693872 -0.3826834787592944
vn -0.9230441878588423 -0.03927826809693872 -0.3826834787592944
vn -0.923044195414649 -0.03927835037484645 -0.3826834520895227
vn -0.923044195414649 -0.03927835037484645 -0.3826834520895227
vn -0.923044195414649 -0.03927835037484645 -0.3826834520895227
vn -0.9990958464637922 -0.04251458077881299 0
vn -0.9990958464637922 -0.04251458077881299 0
vn -0.9990958464637922 -0.04251458077881299 0
vn -0.9990958464637922 -0.04251458077881299 0
vn -0.9990958464637922 -0.04251458077881299 0
vn -0.9990958464637922 -0.04251458077881299 0
vn -0.9230443285852242 -0.039278358419522416 0.38268313005216215
vn -0.9230443285852242 -0.039278358419522416 0.38268313005216215
vn -0.9230443285852242 -0.039278358419522416 0.38268313005216215
vn -0.9230443422188456 -0.039278273317996125 0.3826831059021754
vn -0.9230443422188456 -0.039278273317996125 0.3826831059021754
vn -0.9230443422188456 -0.039278273317996125 0.3826831059021754
vn -0.3823365937739786 -0.016269555615807247 0.9238798788919346
vn -0.3823365937739786 -0.016269555615807247 0.9238798788919346
vn -0.3823365937739786 -0.016269555615807247 0.9238798788919346
vn -0.3823365677952171 -0.016269641460190436 0.9238798881312065
vn -0.3823365677952171 -0.016269641460190436 0.9238798881312065
vn -0.3823365677952171 -0.016269641460190436 0.9238798881312065
vn -0.3793264564671828 -0.05057686483593397 -0.9238795485166983
vn -0.3793264564671828 -0.05057686483593397 -0.9238795485166983
vn -0.3793264564671828 -0.05057686483593397 -0.9238795485166983
vn -0.3793264546089552 -0.05057696144571594 -0.923879543990838
vn -0.3793264546089552 -0.05057696144571594 -0.923879543990838
vn -0.3793264546089552 -0.05057696144571594 -0.923879543990838
vn -0.9157751170279959 -0.12210358636223363 -0.3826834843964933
vn -0.9157751170279959 -0.12210358636223363 -0.3826834843964933
vn -0.9157751170279959 -0.12210358636223363 -0.3826834843964933
vn -0.9157751221478112 -0.12210391487042395 -0.38268336732666847
vn -0.9157751221478112 -0.12210391487042395 -0.38268336732666847
vn -0.9157751221478112 -0.12210391487042395 -0.38268336732666847
vn -0.9912278211662139 -0.132164316462804 0
vn -0.9912278211662139 -0.132164316462804 0
vn -0.9912278211662139 -0.132164316462804 0
vn -0.9912278211662139 -0.132164316462804 0
vn -0.9912278211662139 -0.132164316462804 0
vn -0.9912278211662139 -0.132164316462804 0
vn -0.9157752241040263 -0.12210392002058412 0.3826831216983934
vn -0.9157752241040263 -0.12210392002058412 0.3826831216983934
vn -0.9157752241040263 -0.12210392002058412 0.3826831216983934
vn -0.915775320934025 -0.12210361205959454 0.3826829882424664
vn -0.915775320934025 -0.12210361205959454 0.3826829882424664
vn -0.915775320934025 -0.12210361205959454 0.3826829882424664
vn -0.3793255916553035 -0.050576842411586484 0.9238799048182765
vn -0.3793255916553035 -0.050576842411586484 0.9238799048182765
vn -0.3793255916553035 -0.050576842411586484 0.9238799048182765
vn -0.37932566528736517 -0.05057675487494331 0.9238798793786008
vn -0.37932566528736517 -0.05057675487494331 0.9238798793786008
vn -0.37932566528736517 -0.05057675487494331 0.9238798793786008
vn -0.3727367132583048 -0.0866829583043919 -0.923879541568594
vn -0.3727367132583048 -0.0866829583043919 -0.923879541568594
vn -0.3727367132583048 -0.0866829583043919 -0.923879541568594
vn -0.37273675390905237 -0.08668313219063609 -0.9238795088532721
vn -0.37273675390905237 -0.08668313219063609 -0.9238795088532721
vn -0.37273675390905237 -0.08668313219063609 -0.9238795088532721
vn -0.8998660624936808 -0.20927158416047442 -0.3826832549708498
vn -0.8998660624936808 -0.20927158416047442 -0.3826832549708498
vn -0.8998660624936808 -0.20927158416047442 -0.3826832549708498
vn -0.8998661078219601 -0.20927074637535262 -0.38268360652745403
vn -0.8998661078219601 -0.20927074637535262 -0.38268360652745403
vn -0.8998661078219601 -0.20927074637535262 -0.38268360652745403
vn -0.9740081359116 -0.22651302650843286 0
vn -0.9740081359116 -0.22651302650843286 0
vn -0.9740081359116 -0.22651302650843286 0
vn -0.9740081359116 -0.22651302650843286 0
vn -0.9740081359116 -0.22651302650843286 0
vn -0.9740081359116 -0.22651302650843286 0
vn -0.8998663996017647 -0.2092708045280425 0.3826828886165972
vn -0.8998663996017647 -0.2092708045280425 0.3826828886165972
vn -0.8998663996017647 -0.2092708045280425 0.3826828886165972
vn -0.899866052230843 -0.2092715817737633 0.3826832804087272
vn -0.899866052230843 -0.2092715817737633 0.3826832804087272
vn -0.899866052230843 -0.2092715817737633 0.3826832804087272
vn -0.372735867640959 -0.08668292538870337 0.9238798858184966
vn -0.372735867640959 -0.08668292538870337 0.9238798858184966
vn -0.372735867640959 -0.08668292538870337 0.9238798858184966
vn -0.3727359748620671 -0.08668278103971858 0.9238798561040525
vn -0.3727359748620671 -0.08668278103971858 0.9238798561040525
vn -0.3727359748620671 -0.08668278103971858 0.9238798561040525
vn -0.36215248545231804 -0.12366182302874118 -0.9238795001546019
vn -0.36215248545231804 -0.12366182302874118 -0.9238795001546019
vn -0.36215248545231804 -0.12366182302874118 -0.9238795001546019
vn -0.3621524492922898 -0.12366160479098445 -0.9238795435402354
vn -0.3621524492922898 -0.12366160479098445 -0.9238795435402354
vn -0.3621524492922898 -0.12366160479098445 -0.9238795435402354
vn -0.8743133403027523 -0.29854547492931094 -0.3826836583496556
vn -0.8743133403027523 -0.29854547492931094 -0.3826836583496556
vn -0.8743133403027523 -0.29854547492931094 -0.3826836583496556
vn -0.874313234217338 -0.2985460456547507 -0.3826834554776699
vn -0.874313234217338 -0.2985460456547507 -0.3826834554776699
vn -0.874313234217338 -0.2985460456547507 -0.3826834554776699
vn -0.9463498422862066 -0.32314389365245966 0
vn -0.9463498422862066 -0.32314389365245966 0
vn -0.9463498422862066 -0.32314389365245966 0
vn -0.9463498422862066 -0.32314389365245966 0
vn -0.9463498422862066 -0.32314389365245966 0
vn -0.9463498422862066 -0.32314389365245966 0
vn -0.8743132881444408 -0.2985460437160775 0.38268333378334374
vn -0.8743132881444408 -0.2985460437160775 0.38268333378334374
vn -0.8743132881444408 -0.2985460437160775 0.38268333378334374
vn -0.8743135485467243 -0.2985455743855414 0.3826831049869357
vn -0.8743135485467243 -0.2985455743855414 0.3826831049869357
vn -0.8743135485467243 -0.2985455743855414 0.3826831049869357
vn -0.36215173914229254 -0.12366136066524529 0.9238798545885895
vn -0.36215173914229254 -0.12366136066524529 0.9238798545885895
vn -0.36215173914229254 -0.12366136066524529 0.9238798545885895
vn -0.3621516026670896 -0.12366152140816117 0.923879886570044
vn -0.3621516026670896 -0.12366152140816117 0.923879886570044
vn -0.3621516026670896 -0.12366152140816117 0.923879886570044
vn -0.3474609792504715 -0.16036660695415306 -0.9238795480322722
vn -0.3474609792504715 -0.16036660695415306 -0.9238795480322722
vn -0.3474609792504715 -0.16036660695415306 -0.9238795480322722
vn -0.3474610187764274 -0.16036671575011327 -0.9238795142822303
vn -0.3474610187764274 -0.16036671575011327 -0.9238795142822303
vn -0.3474610187764274 -0.16036671575011327 -0.9238795142822303
vn -0.8388450079430841 -0.38715946368390153 -0.38268342311754355
vn -0.8388450079430841 -0.38715946368390153 -0.38268342311754355
vn -0.8388450079430841 -0.38715946368390153 -0.38268342311754355
vn -0.8388449416620604 -0.387159669218747 -0.38268336046711665
vn -0.8388449416620604 -0.387159669218747 -0.38268336046711665
vn -0.8388449416620604 -0.387159669218747 -0.38268336046711665
vn -0.9079591987083283 -0.41905858001111307 0
vn -0.9079591987083283 -0.41905858001111307 0
vn -0.9079591987083283 -0.41905858001111307 0
vn -0.9079591987083283 -0.41905858001111307 0
vn -0.9079591987083283 -0.41905858001111307 0
vn -0.9079591987083283 -0.41905858001111307 0
vn -0.838845053299808 -0.38715972532882964 0.38268305898974336
vn -0.838845053299808 -0.38715972532882964 0.38268305898974336
vn -0.838845053299808 -0.38715972532882964 0.38268305898974336
vn -0.8388451658328048 -0.38715954343353337 0.3826829963393621
vn -0.8388451658328048 -0.38715954343353337 0.3826829963393621
vn -0.8388451658328048 -0.38715954343353337 0.3826829963393621
vn -0.34746017187657335 -0.16036633748192886 0.9238798984511647
vn -0.34746017187657335 -0.16036633748192886 0.9238798984511647
vn -0.34746017187657335 -0.16036633748192886 0.9238798984511647
vn -0.34746024757054056 -0.16036627040196663 0.9238798816272502
vn -0.34746024757054056 -0.16036627040196663 0.9238798816272502
vn -0.34746024757054056 -0.16036627040196663 0.9238798816272502
vn -0.32893017457832585 -0.19558009816505156 -0.9238795189058047
vn -0.32893017457832585 -0.19558009816505156 -0.9238795189058047
vn -0.32893017457832585 -0.19558009816505156 -0.9238795189058047
vn -0.32893017649557454 -0.19558006950271423 -0.9238795242908588
vn -0.32893017649557454 -0.19558006950271423 -0.9238795242908588
vn -0.32893017649557454 -0.19558006950271423 -0.9238795242908588
vn -0.7941076801994406 -0.47217208423361334 -0.38268330917189003
vn -0.7941076801994406 -0.47217208423361334 -0.38268330917189003
vn -0.7941076801994406 -0.47217208423361334 -0.38268330917189003
vn -0.7941077420941861 -0.4721719067813585 -0.3826833996824654
vn -0.7941077420941861 -0.4721719067813585 -0.3826833996824654
vn -0.7941077420941861 -0.4721719067813585 -0.3826833996824654
vn -0.8595360422914657 -0.5110751334216169 0
vn -0.8595360422914657 -0.5110751334216169 0
vn -0.8595360422914657 -0.5110751334216169 0
vn -0.8595360422914657 -0.5110751334216169 0
vn -0.8595360422914657 -0.5110751334216169 0
vn -0.8595360422914657 -0.5110751334216169 0
vn -0.7941078992987631 -0.47217201314184803 0.38268294223401184
vn -0.7941078992987631 -0.47217201314184803 0.38268294223401184
vn -0.7941078992987631 -0.47217201314184803 0.38268294223401184
vn -0.7941077924521865 -0.4721721397019354 0.38268300779628417
vn -0.7941077924521865 -0.4721721397019354 0.38268300779628417
vn -0.7941077924521865 -0.4721721397019354 0.38268300779628417
vn -0.32892945678811925 -0.1955796496232339 0.9238798694150261
vn -0.32892945678811925 -0.1955796496232339 0.9238798694150261
vn -0.32892945678811925 -0.1955796496232339 0.9238798694150261
vn -0.32892942925162616 -0.19557966587164524 0.9238798757791703
vn -0.32892942925162616 -0.19557966587164524 0.9238798757791703
vn -0.32892942925162616 -0.19557966587164524 0.9238798757791703
vn -0.3071968008658395 -0.22820333012259775 -0.92387951901682
vn -0.3071968008658395 -0.22820333012259775 -0.92387951901682
vn -0.3071968008658395 -0.22820333012259775 -0.92387951901682
vn -0.3071968868559453 -0.22820301465997103 -0.9238795683454184
vn -0.3071968868559453 -0.22820301465997103 -0.9238795683454184
vn -0.3071968868559453 -0.22820301465997103 -0.9238795683454184
vn -0.7416390611160848 -0.5509309645753887 -0.38268338780104355
vn -0.7416390611160848 -0.5509309645753887 -0.38268338780104355
vn -0.7416390611160848 -0.5509309645753887 -0.38268338780104355
vn -0.7416389756839056 -0.5509311088762093 -0.3826833456252799
vn -0.7416389756839056 -0.5509311088762093 -0.3826833456252799
vn -0.7416389756839056 -0.5509311088762093 -0.3826833456252799
vn -0.8027442213220599 -0.5963234987270245 0
vn -0.8027442213220599 -0.5963234987270245 0
vn -0.8027442213220599 -0.5963234987270245 0
vn -0.8027442213220599 -0.5963234987270245 0
vn -0.8027442213220599 -0.5963234987270245 0
vn -0.8027442213220599 -0.5963234987270245 0
vn -0.7416390567412532 -0.5509311997440915 0.38268305771810734
vn -0.7416390567412532 -0.5509311997440915 0.38268305771810734
vn -0.7416390567412532 -0.5509311997440915 0.38268305771810734
vn -0.7416392088188133 -0.5509310453465527 0.3826829852710459
vn -0.7416392088188133 -0.5509310453465527 0.3826829852710459
vn -0.7416392088188133 -0.5509310453465527 0.3826829852710459
vn -0.30719625095218844 -0.22820254525456787 0.9238798957333454
vn -0.30719625095218844 -0.22820254525456787 0.9238798957333454
vn -0.30719625095218844 -0.22820254525456787 0.9238798957333454
vn -0.307195994463147 -0.22820274768474888 0.923879931016433
vn -0.307195994463147 -0.22820274768474888 0.923879931016433
vn -0.307195994463147 -0.22820274768474888 0.923879931016433
vn -0.2831627178364657 -0.2574206634158135 -0.923879579422572
vn -0.2831627178364657 -0.2574206634158135 -0.923879579422572
vn -0.2831627178364657 -0.2574206634158135 -0.923879579422572
vn -0.28316259988271947 -0.25742099238277216 -0.9238795239144159
vn -0.28316259988271947 -0.25742099238277216 -0.9238795239144159
vn -0.28316259988271947 -0.25742099238277216 -0.9238795239144159
vn -0.6836149683615108 -0.6214692584511479 -0.3826833362354194
vn -0.6836149683615108 -0.6214692584511479 -0.3826833362354194
vn -0.6836149683615108 -0.6214692584511479 -0.3826833362354194
vn -0.683614793277821 -0.6214695598655111 -0.3826831595096521
vn -0.683614793277821 -0.6214695598655111 -0.3826831595096521
vn -0.683614793277821 -0.6214695598655111 -0.3826831595096521
vn -0.7399392319180051 -0.672673719620882 0
vn -0.7399392319180051 -0.672673719620882 0
vn -0.7399392319180051 -0.672673719620882 0
vn -0.7399392319180051 -0.672673719620882 0
vn -0.7399392319180051 -0.672673719620882 0
vn -0.7399392319180051 -0.672673719620882 0
vn -0.6836147972078915 -0.6214696826476022 0.38268295309342143
vn -0.6836147972078915 -0.6214696826476022 0.38268295309342143
vn -0.6836147972078915 -0.6214696826476022 0.38268295309342143
vn -0.6836151610987833 -0.6214693903180392 0.382682777785478
vn -0.6836151610987833 -0.6214693903180392 0.382682777785478
vn -0.6836151610987833 -0.6214693903180392 0.382682777785478
vn -0.28316185537666794 -0.2574203074311835 0.9238799429480422
vn -0.28316185537666794 -0.2574203074311835 0.9238799429480422
vn -0.28316185537666794 -0.2574203074311835 0.9238799429480422
vn -0.2831621833716645 -0.2574201585736069 0.9238798838962405
vn -0.2831621833716645 -0.2574201585736069 0.9238798838962405
vn -0.2831621833716645 -0.2574201585736069 0.9238798838962405
vn -0.2705980604439119 -0.2705980604439119 -0.9238795264362049
vn -0.2705980604439119 -0.2705980604439119 -0.9238795264362049
vn -0.2705980604439119 -0.2705980604439119 -0.9238795264362049
vn -0.2705981494764663 -0.2705981792787894 -0.9238794655532268
vn -0.2705981494764663 -0.2705981792787894 -0.9238794655532268
vn -0.2705981494764663 -0.2705981792787894 -0.9238794655532268
vn -0.6532815637963305 -0.6532815637963305 -0.3826831545908989
vn -0.6532815637963305 -0.6532815637963305 -0.3826831545908989
vn -0.6532815637963305 -0.6532815637963305 -0.3826831545908989
vn -0.6532812848191872 -0.6532812252145412 -0.38268420882913357
vn -0.6532812848191872 -0.6532812252145412 -0.38268420882913357
vn -0.6532812848191872 -0.6532812252145412 -0.38268420882913357
vn -0.7071068109888685 -0.7071067513842252 0
vn -0.7071068109888685 -0.7071067513842252 0
vn -0.7071068109888685 -0.7071067513842252 0
vn -0.7071068109888685 -0.7071067513842252 0
vn -0.7071068109888685 -0.7071067513842252 0
vn -0.7071068109888685 -0.7071067513842252 0
vn -0.6532816960988486 -0.6532816364942031 0.38268280463285453
vn -0.6532816960988486 -0.6532816364942031 0.38268280463285453
vn -0.6532816960988486 -0.6532816364942031 0.38268280463285453
vn -0.6532813662462568 -0.6532813662462568 0.38268382906891724
vn -0.6532813662462568 -0.6532813662462568 0.38268382906891724
vn -0.6532813662462568 -0.6532813662462568 0.38268382906891724
vn -0.27059742194033276 -0.27059742194033276 0.9238799004624416
vn -0.27059742194033276 -0.27059742194033276 0.9238799004624416
vn -0.27059742194033276 -0.27059742194033276 0.9238799004624416
vn -0.27059755349416964 -0.27059755349416964 0.9238798234001756
vn -0.27059755349416964 -0.27059755349416964 0.9238798234001756
vn -0.27059755349416964 -0.27059755349416964 0.9238798234001756
vn -0.25868054630802434 -0.28201254555135274 -0.9238794830027498
vn -0.25868054630802434 -0.28201254555135274 -0.9238794830027498
vn -0.25868054630802434 -0.28201254555135274 -0.9238794830027498
vn -0.25868096365822885 -0.2820117708193047 -0.9238796026324048
vn -0.25868096365822885 -0.2820117708193047 -0.9238796026324048
vn -0.25868096365822885 -0.2820117708193047 -0.9238796026324048
vn -0.6245111906723034 -0.6808366866697458 -0.38268417632510493
vn -0.6245111906723034 -0.6808366866697458 -0.38268417632510493
vn -0.6245111906723034 -0.6808366866697458 -0.38268417632510493
vn -0.6245091053235737 -0.6808393697660722 -0.3826828059169721
vn -0.6245091053235737 -0.6808393697660722 -0.3826828059169721
vn -0.6245091053235737 -0.6808393697660722 -0.3826828059169721
vn -0.6759636179584901 -0.7369349952312404 0
vn -0.6759636179584901 -0.7369349952312404 0
vn -0.6759636179584901 -0.7369349952312404 0
vn -0.6759636179584901 -0.7369349952312404 0
vn -0.6759636179584901 -0.7369349952312404 0
vn -0.6759636179584901 -0.7369349952312404 0
vn -0.62450884444484 -0.6808390472568049 0.38268380543291475
vn -0.62450884444484 -0.6808390472568049 0.38268380543291475
vn -0.62450884444484 -0.6808390472568049 0.38268380543291475
vn -0.6245116483278973 -0.680837261804617 0.382682406234157
vn -0.6245116483278973 -0.680837261804617 0.382682406234157
vn -0.6245116483278973 -0.680837261804617 0.382682406234157
vn -0.25868057561110436 -0.28201135291421553 0.9238798388475643
vn -0.25868057561110436 -0.28201135291421553 0.9238798388475643
vn -0.25868057561110436 -0.28201135291421553 0.9238798388475643
vn -0.2586797445797871 -0.2820116844831483 0.9238799703203404
vn -0.2586797445797871 -0.2820116844831483 0.9238799703203404
vn -0.2586797445797871 -0.2820116844831483 0.9238799703203404
vn -0.23195421274437733 -0.3043743018660308 -0.9238796066337338
vn -0.23195421274437733 -0.3043743018660308 -0.9238796066337338
vn -0.23195421274437733 -0.3043743018660308 -0.9238796066337338
vn -0.23195410220165774 -0.30437446225007053 -0.9238795815482684
vn -0.23195410220165774 -0.30437446225007053 -0.9238795815482684
vn -0.23195410220165774 -0.30437446225007053 -0.9238795815482684
vn -0.5599870636566777 -0.734825366765231 -0.38268285680902375
vn -0.5599870636566777 -0.734825366765231 -0.38268285680902375
vn -0.5599870636566777 -0.734825366765231 -0.38268285680902375
vn -0.5599876005079054 -0.7348247712560475 -0.3826832147166843
vn -0.5599876005079054 -0.7348247712560475 -0.3826832147166843
vn -0.5599876005079054 -0.7348247712560475 -0.3826832147166843
vn -0.6061261903535695 -0.7953684940752107 0
vn -0.6061261903535695 -0.7953684940752107 0
vn -0.6061261903535695 -0.7953684940752107 0
vn -0.6061261903535695 -0.7953684940752107 0
vn -0.6061261903535695 -0.7953684940752107 0
vn -0.6061261903535695 -0.7953684940752107 0
vn -0.5599877784183547 -0.7348250084890589 0.38268249884353267
vn -0.5599877784183547 -0.7348250084890589 0.38268249884353267
vn -0.5599877784183547 -0.7348250084890589 0.38268249884353267
vn -0.5599870636566777 -0.734825366765231 0.38268285680902375
vn -0.5599870636566777 -0.734825366765231 0.38268285680902375
vn -0.5599870636566777 -0.734825366765231 0.38268285680902375
vn -0.2319535416080853 -0.30437373485551383 0.9238799619353001
vn -0.2319535416080853 -0.30437373485551383 0.9238799619353001
vn -0.2319535416080853 -0.30437373485551383 0.9238799619353001
vn -0.23195374188206325 -0.3043736838575537 0.9238799284549324
vn -0.23195374188206325 -0.3043736838575537 0.9238799284549324
vn -0.23195374188206325 -0.3043736838575537 0.9238799284549324
vn -0.20146423681367864 -0.32535934614754863 -0.9238795685366797
vn -0.20146423681367864 -0.32535934614754863 -0.9238795685366797
vn -0.20146423681367864 -0.32535934614754863 -0.9238795685366797
vn -0.20146423876716932 -0.325359319500061 -0.9238795774950446
vn -0.20146423876716932 -0.325359319500061 -0.9238795774950446
vn -0.20146423876716932 -0.325359319500061 -0.9238795774950446
vn -0.48637786013901163 -0.7854871670145844 -0.38268327324564144
vn -0.48637786013901163 -0.7854871670145844 -0.38268327324564144
vn -0.48637786013901163 -0.7854871670145844 -0.38268327324564144
vn -0.4863784646559714 -0.7854866442524198 -0.38268357793348334
vn -0.4863784646559714 -0.7854866442524198 -0.38268357793348334
vn -0.4863784646559714 -0.7854866442524198 -0.38268357793348334
vn -0.5264523112659681 -0.850204660045286 0
vn -0.5264523112659681 -0.850204660045286 0
vn -0.5264523112659681 -0.850204660045286 0
vn -0.5264523112659681 -0.850204660045286 0
vn -0.5264523112659681 -0.850204660045286 0
vn -0.5264523112659681 -0.850204660045286 0
vn -0.4863786149131233 -0.7854868846825085 0.3826828934600539
vn -0.4863786149131233 -0.7854868846825085 0.3826828934600539
vn -0.4863786149131233 -0.7854868846825085 0.3826828934600539
vn -0.4863778373868284 -0.7854871784003699 0.38268327879270797
vn -0.4863778373868284 -0.7854871784003699 0.38268327879270797
vn -0.4863778373868284 -0.7854871784003699 0.38268327879270797
vn -0.20146379019538965 -0.3253586017622007 0.9238799280747761
vn -0.20146379019538965 -0.3253586017622007 0.9238799280747761
vn -0.20146379019538965 -0.3253586017622007 0.9238799280747761
vn -0.20146377394554968 -0.3253586293864432 0.9238799218899563
vn -0.20146377394554968 -0.3253586293864432 0.9238799218899563
vn -0.20146377394554968 -0.3253586293864432 0.9238799218899563
vn -0.16762630732015063 -0.34401738829490414 -0.9238795687993991
vn -0.16762630732015063 -0.34401738829490414 -0.9238795687993991
vn -0.16762630732015063 -0.34401738829490414 -0.9238795687993991
vn -0.16762594834876102 -0.3440177431654785 -0.923879501789876
vn -0.16762594834876102 -0.3440177431654785 -0.923879501789876
vn -0.16762594834876102 -0.3440177431654785 -0.923879501789876
vn -0.40468475358625705 -0.8305320767665115 -0.38268357643977324
vn -0.40468475358625705 -0.8305320767665115 -0.38268357643977324
vn -0.40468475358625705 -0.8305320767665115 -0.38268357643977324
vn -0.40468525591510524 -0.8305317102919682 -0.38268384058439664
vn -0.40468525591510524 -0.8305317102919682 -0.38268384058439664
vn -0.40468525591510524 -0.8305317102919682 -0.38268384058439664
vn -0.4380282551203216 -0.8989612047893093 0
vn -0.4380282551203216 -0.8989612047893093 0
vn -0.4380282551203216 -0.8989612047893093 0
vn -0.4380282551203216 -0.8989612047893093 0
vn -0.4380282551203216 -0.8989612047893093 0
vn -0.4380282551203216 -0.8989612047893093 0
vn -0.404685417345922 -0.8305319145937158 0.3826832264796218
vn -0.404685417345922 -0.8305319145937158 0.3826832264796218
vn -0.404685417345922 -0.8305319145937158 0.3826832264796218
vn -0.404684772320636 -0.8305321136564828 0.38268347656658763
vn -0.404684772320636 -0.8305321136564828 0.38268347656658763
vn -0.404684772320636 -0.8305321136564828 0.38268347656658763
vn -0.16762551529976855 -0.3440168472173055 0.923879913977543
vn -0.16762551529976855 -0.3440168472173055 0.923879913977543
vn -0.16762551529976855 -0.3440168472173055 0.923879913977543
vn -0.16762600588892765 -0.34401678525426194 0.9238798480392612
vn -0.16762600588892765 -0.34401678525426194 0.9238798480392612
vn -0.16762600588892765 -0.34401678525426194 0.9238798480392612
vn -0.13122203718315162 -0.3594822225154226 -0.923879488165462
vn -0.13122203718315162 -0.3594822225154226 -0.923879488165462
vn -0.13122203718315162 -0.3594822225154226 -0.923879488165462
vn -0.13122236760189573 -0.3594819017939281 -0.9238795660277229
vn -0.13122236760189573 -0.3594819017939281 -0.9238795660277229
vn -0.13122236760189573 -0.3594819017939281 -0.9238795660277229
vn -0.3167988317031792 -0.8678661467340181 -0.38268374878553246
vn -0.3167988317031792 -0.8678661467340181 -0.38268374878553246
vn -0.3167988317031792 -0.8678661467340181 -0.38268374878553246
vn -0.31679790725911905 -0.8678666816086065 -0.3826833010596472
vn -0.31679790725911905 -0.8678666816086065 -0.3826833010596472
vn -0.31679790725911905 -0.8678666816086065 -0.3826833010596472
vn -0.3428995641799989 -0.9393720715909999 0
vn -0.3428995641799989 -0.9393720715909999 0
vn -0.3428995641799989 -0.9393720715909999 0
vn -0.3428995641799989 -0.9393720715909999 0
vn -0.3428995641799989 -0.9393720715909999 0
vn -0.3428995641799989 -0.9393720715909999 0
vn -0.31679788599628655 -0.8678666453978625 0.38268340078208857
vn -0.31679788599628655 -0.8678666453978625 0.38268340078208857
vn -0.31679788599628655 -0.8678666453978625 0.38268340078208857
vn -0.3167989581754552 -0.8678664646540957 0.38268292309397234
vn -0.3167989581754552 -0.8678664646540957 0.38268292309397234
vn -0.3167989581754552 -0.8678664646540957 0.38268292309397234
vn -0.13122212808665304 -0.35948124313854046 0.9238798563298041
vn -0.13122212808665304 -0.35948124313854046 0.9238798563298041
vn -0.13122212808665304 -0.35948124313854046 0.9238798563298041
vn -0.13122168152332958 -0.3594812444302393 0.9238799192541617
vn -0.13122168152332958 -0.3594812444302393 0.9238799192541617
vn -0.13122168152332958 -0.3594812444302393 0.9238799192541617
vn -0.09333097108724497 -0.3711278704405649 -0.9238795557961889
vn -0.09333097108724497 -0.3711278704405649 -0.9238795557961889
vn -0.09333097108724497 -0.3711278704405649 -0.9238795557961889
vn -0.09333080222694155 -0.37112799960317516 -0.9238795209691689
vn -0.09333080222694155 -0.37112799960317516 -0.9238795209691689
vn -0.09333080222694155 -0.37112799960317516 -0.9238795209691689
vn -0.2253204888155294 -0.8959822082577767 -0.3826833675578921
vn -0.2253204888155294 -0.8959822082577767 -0.3826833675578921
vn -0.2253204888155294 -0.8959822082577767 -0.3826833675578921
vn -0.22532059729143167 -0.8959821652261878 -0.38268340443874105
vn -0.22532059729143167 -0.8959821652261878 -0.38268340443874105
vn -0.22532059729143167 -0.8959821652261878 -0.38268340443874105
vn -0.24388524611898443 -0.969804097086356 0
vn -0.24388524611898443 -0.969804097086356 0
vn -0.24388524611898443 -0.969804097086356 0
vn -0.24388524611898443 -0.969804097086356 0
vn -0.24388524611898443 -0.969804097086356 0
vn -0.24388524611898443 -0.969804097086356 0
vn -0.22532062545762996 -0.895982337534113 0.3826829844274359
vn -0.22532062545762996 -0.895982337534113 0.3826829844274359
vn -0.22532062545762996 -0.895982337534113 0.3826829844274359
vn -0.22532052130566577 -0.8959823381551023 0.38268304429731226
vn -0.22532052130566577 -0.8959823381551023 0.38268304429731226
vn -0.22532052130566577 -0.8959823381551023 0.38268304429731226
vn -0.09333057564848786 -0.37112709336135824 0.9238799079005191
vn -0.09333057564848786 -0.37112709336135824 0.9238799079005191
vn -0.09333057564848786 -0.37112709336135824 0.9238799079005191
vn -0.09333078655477896 -0.37112713226994687 0.923879870964917
vn -0.09333078655477896 -0.37112713226994687 0.923879870964917
vn -0.09333078655477896 -0.37112713226994687 0.923879870964917
vn -0.0551797172807142 -0.378684301117024 -0.9238795370005397
vn -0.0551797172807142 -0.378684301117024 -0.9238795370005397
vn -0.0551797172807142 -0.378684301117024 -0.9238795370005397
vn -0.05517976247082374 -0.37868427465429805 -0.9238795451481822
vn -0.05517976247082374 -0.37868427465429805 -0.9238795451481822
vn -0.05517976247082374 -0.37868427465429805 -0.9238795451481822
vn -0.1332157368486577 -0.9142247796037625 -0.38268344596326737
vn -0.1332157368486577 -0.9142247796037625 -0.38268344596326737
vn -0.1332157368486577 -0.9142247796037625 -0.38268344596326737
vn -0.133215751485376 -0.9142247777889632 -0.38268344520361425
vn -0.133215751485376 -0.9142247777889632 -0.38268344520361425
vn -0.133215751485376 -0.9142247777889632 -0.38268344520361425
vn -0.14419169974508056 -0.9895497732426723 0
vn -0.14419169974508056 -0.9895497732426723 0
vn -0.14419169974508056 -0.9895497732426723 0
vn -0.14419169974508056 -0.9895497732426723 0
vn -0.14419169974508056 -0.9895497732426723 0
vn -0.14419169974508056 -0.9895497732426723 0
vn -0.1332157698353649 -0.9142249206666528 0.3826830974830528
vn -0.1332157698353649 -0.9142249206666528 0.3826830974830528
vn -0.1332157698353649 -0.9142249206666528 0.3826830974830528
vn -0.13321575519864626 -0.9142249224814527 0.38268309824270536
vn -0.13321575519864626 -0.9142249224814527 0.38268309824270536
vn -0.13321575519864626 -0.9142249224814527 0.38268309824270536
vn -0.055179645245416846 -0.3786834836064614 0.9238798763877613
vn -0.055179645245416846 -0.3786834836064614 0.9238798763877613
vn -0.055179645245416846 -0.3786834836064614 0.9238798763877613
vn -0.05517959387288738 -0.37868345916761736 0.9238798894731234
vn -0.05517959387288738 -0.37868345916761736 0.9238798894731234
vn -0.05517959387288738 -0.37868345916761736 0.9238798894731234
vn -0.017951536473332915 -0.38226213092342687 -0.9238795406329374
vn -0.017951536473332915 -0.38226213092342687 -0.9238795406329374
vn -0.017951536473332915 -0.38226213092342687 -0.9238795406329374
vn -0.017951506680615275 -0.38226213112793594 -0.92387954112721
vn -0.017951506680615275 -0.38226213112793594 -0.92387954112721
vn -0.017951506680615275 -0.38226213112793594 -0.92387954112721
vn -0.04333877206970853 -0.9228624735620242 -0.38268342755660567
vn -0.04333877206970853 -0.9228624735620242 -0.38268342755660567
vn -0.04333877206970853 -0.9228624735620242 -0.38268342755660567
vn -0.04333885288361373 -0.92286244923389 -0.38268347707310046
vn -0.04333885288361373 -0.92286244923389 -0.38268347707310046
vn -0.04333885288361373 -0.92286244923389 -0.38268347707310046
vn -0.04690964030316906 -0.9988991368735021 0
vn -0.04690964030316906 -0.9988991368735021 0
vn -0.04690964030316906 -0.9988991368735021 0
vn -0.04690964030316906 -0.9988991368735021 0
vn -0.04690964030316906 -0.9988991368735021 0
vn -0.04690964030316906 -0.9988991368735021 0
vn -0.04333886619044639 -0.922862613820118 0.38268307865703494
vn -0.04333886619044639 -0.922862613820118 0.38268307865703494
vn -0.04333886619044639 -0.922862613820118 0.38268307865703494
vn -0.043338780175426944 -0.9228626067219184 0.38268310551595025
vn -0.043338780175426944 -0.9228626067219184 0.38268310551595025
vn -0.043338780175426944 -0.9228626067219184 0.38268310551595025
vn -0.017951466499145835 -0.3822613136284692 0.9238798801541072
vn -0.017951466499145835 -0.3822613136284692 0.9238798801541072
vn -0.017951466499145835 -0.3822613136284692 0.9238798801541072
vn -0.01795149815390977 -0.3822613134111792 0.923879879628943
vn -0.01795149815390977 -0.3822613134111792 0.923879879628943
vn -0.01795149815390977 -0.3822613134111792 0.923879879628943
vn 0 -0.3826834159879129 -0.9238795392949354
vn 0 -0.3826834159879129 -0.9238795392949354
vn 0 -0.3826834159879129 -0.9238795392949354
vn 0 -0.3826834370613369 -0.9238795305660377
vn 0 -0.3826834370613369 -0.9238795305660377
vn 0 -0.3826834370613369 -0.9238795305660377
vn 0 -0.9238795305660377 -0.3826834370613369
vn 0 -0.9238795305660377 -0.3826834370613369
vn 0 -0.9238795305660377 -0.3826834370613369
vn 0 -0.9238795392949354 -0.3826834159879129
vn 0 -0.9238795392949354 -0.3826834159879129
vn 0 -0.9238795392949354 -0.3826834159879129
vn 0 -1 0
vn 0 -1 0
vn 0 -1 0
vn 0 -1 0
vn 0 -1 0
vn 0 -1 0
vn 0 -0.9238796726565017 0.3826830940244355
vn 0 -0.9238796726565017 0.3826830940244355
vn 0 -0.9238796726565017 0.3826830940244355
vn 0 -0.9238796831932059 0.3826830685865544
vn 0 -0.9238796831932059 0.3826830685865544
vn 0 -0.9238796831932059 0.3826830685865544
vn 0 -0.38268257292227453 0.9238798885036886
vn 0 -0.38268257292227453 0.9238798885036886
vn 0 -0.38268257292227453 0.9238798885036886
vn 0 -0.38268257292227453 0.9238798885036886
vn 0 -0.38268257292227453 0.9238798885036886
vn 0 -0.38268257292227453 0.9238798885036886
f 1/1/1 2/2/2 3/3/3
f 4/4/4 5/5/5 6/6/6
f 7/7/7 8/8/8 9/9/9
f 10/10/10 11/11/11 12/12/12
f 13/13/13 14/14/14 15/15/15
f 16/16/16 17/17/17 18/18/18
f 19/19/19 20/20/20 21/21/21
f 22/22/22 23/23/23 24/24/24
f 25/25/25 26/26/26 27/27/27
f 28/28/28 29/29/29 30/30/30
f 31/31/31 32/32/32 33/33/33
f 34/34/34 35/35/35 36/36/36
f 37/37/37 38/38/38 39/39/39
f 40/40/40 41/41/41 42/42/42
f 43/43/43 44/44/44 45/45/45
f 46/46/46 47/47/47 48/48/48
f 49/49/49 50/50/50 51/51/51
f 52/52/52 53/53/53 54/54/54
f 55/55/55 56/56/56 57/57/57
f 58/58/58 59/59/59 60/60/60
f 61/61/61 62/62/62 63/63/63
f 64/64/64 65/65/65 66/66/66
f 67/67/67 68/68/68 69/69/69
f 70/70/70 71/71/71 72/72/72
f 73/73/73 74/74/74 75/75/75
f 76/76/76 77/77/77 78/78/78
f 79/79/79 80/80/80 81/81/81
f 82/82/82 83/83/83 84/84/84
f 85/85/85 86/86/86 87/87/87
f 88/88/88 89/89/89 90/90/90
f 91/91/91 92/92/92 93/93/93
f 94/94/94 95/95/95 96/96/96
f 97/97/97 98/98/98 99/99/99
f 100/100/100 101/101/101 102/102/102
f 103/103/103 104/104/104 105/105/105
f 106/106/106 107/107/107 108/108/108
f 109/109/109 110/110/110 111/111/111
f 112/112/112 113/113/113 114/114/114
f 115/115/115 116/116/116 117/117/117
f 118/118/118 119/119/119 120/120/120
f 121/121/121 122/122/122 123/123/123
f 124/124/124 125/125/125 126/126/126
f 127/127/127 128/128/128 129/129/129
f 130/130/130 131/131/131 132/132/132
f 133/133/133 134/134/134 135/135/135
f 136/136/136 137/137/137 138/138/138
f 139/139/139 140/140/140 141/141/141
f 142/142/142 143/143/143 144/144/144
f 145/145/145 146/146/146 147/147/147
f 148/148/148 149/149/149 150/150/150
f 151/151/151 152/152/152 153/153/153
f 154/154/154 155/155/155 156/156/156
f 157/157/157 158/158/158 159/159/159
f 160/160/160 161/161/161 162/162/162
f 163/163/163 164/164/164 165/165/165
f 166/166/166 167/167/167 168/168/168
f 169/169/169 170/170/170 171/171/171
f 172/172/172 173/173/173 174/174/174
f 175/175/175 176/176/176 177/177/177
f 178/178/178 179/179/179 180/180/180
f 181/181/181 182/182/182 183/183/183
f 184/184/184 185/185/185 186/186/186
f 187/187/187 188/188/188 189/189/189
f 190/190/190 191/191/191 192/192/192
f 193/193/193 194/194/194 195/195/195
f 196/196/196 197/197/197 198/198/198
f 199/199/199 200/200/200 201/201/201
f 202/202/202 203/203/203 204/204/204
f 205/205/205 206/206/206 207/207/207
f 208/208/208 209/209/209 210/210/210
f 211/211/211 212/212/212 213/213/213
f 214/214/214 215/215/215 216/216/216
f 217/217/217 218/218/218 219/219/219
f 220/220/220 221/221/221 222/222/222
f 223/223/223 224/224/224 225/225/225
f 226/226/226 227/227/227 228/228/228
f 229/229/229 230/230/230 231/231/231
f 232/232/232 233/233/233 234/234/234
f 235/235/235 236/236/236 237/237/237
f 238/238/238 239/239/239 240/240/240
f 241/241/241 242/242/242 243/243/243
f 244/244/244 245/245/245 246/246/246
f 247/247/247 248/248/248 249/249/249
f 250/250/250 251/251/251 252/252/252
f 253/253/253 254/254/254 255/255/255
f 256/256/256 257/257/257 258/258/258
f 259/259/259 260/260/260 261/261/261
f 262/262/262 263/263/263 264/264/264
f 265/265/265 266/266/266 267/267/267
f 268/268/268 269/269/269 270/270/270
f 271/271/271 272/272/272 273/273/273
f 274/274/274 275/275/275 276/276/276
f 277/277/277 278/278/278 279/279/279
f 280/280/280 281/281/281 282/282/282
f 283/283/283 284/284/284 285/285/285
f 286/286/286 287/287/287 288/288/288
f 289/289/289 290/290/290 291/291/291
f 292/292/292 293/293/293 294/294/294
f 295/295/295 296/296/296 297/297/297
f 298/298/298 299/299/299 300/300/300
f 301/301/301 302/302/302 303/303/303
f 304/304/304 305/305/305 306/306/306
f 307/307/307 308/308/308 309/309/309
f 310/310/310 311/311/311 312/312/312
f 313/313/313 314/314/314 315/315/315
f 316/316/316 317/317/317 318/318/318
f 319/319/319 320/320/320 321/321/321
f 322/322/322 323/323/323 324/324/324
f 325/325/325 326/326/326 327/327/327
f 328/328/328 329/329/329 330/330/330
f 331/331/331 332/332/332 333/333/333
f 334/334/334 335/335/335 336/336/336
f 337/337/337 338/338/338 339/339/339
f 340/340/340 341/341/341 342/342/342
f 343/343/343 344/344/344 345/345/345
f 346/346/346 347/347/347 348/348/348
f 349/349/349 350/350/350 351/351/351
f 352/352/352 353/353/353 354/354/354
f 355/355/355 356/356/356 357/357/357
f 358/358/358 359/359/359 360/360/360
f 361/361/361 362/362/362 363/363/363
f 364/364/364 365/365/365 366/366/366
f 367/367/367 368/368/368 369/369/369
f 370/370/370 371/371/371 372/372/372
f 373/373/373 374/374/374 375/375/375
f 376/376/376 377/377/377 378/378/378
f 379/379/379 380/380/380 381/381/381
f 382/382/382 383/383/383 384/384/384
f 385/385/385 386/386/386 387/387/387
f 388/388/388 389/389/389 390/390/390
f 391/391/391 392/392/392 393/393/393
f 394/394/394 395/395/395 396/396/396
f 397/397/397 398/398/398 399/399/399
f 400/400/400 401/401/401 402/402/402
f 403/403/403 404/404/404 405/405/405
f 406/406/406 407/407/407 408/408/408
f 409/409/409 410/410/410 411/411/411
f 412/412/412 413/413/413 414/414/414
f 415/415/415 416/416/416 417/417/417
f 418/418/418 419/419/419 420/420/420
f 421/421/421 422/422/422 423/423/423
f 424/424/424 425/425/425 426/426/426
f 427/427/427 428/428/428 429/429/429
f 430/430/430 431/431/431 432/432/432
f 433/433/433 434/434/434 435/435/435
f 436/436/436 437/437/437 438/438/438
f 439/439/439 440/440/440 441/441/441
f 442/442/442 443/443/443 444/444/444
f 445/445/445 446/446/446 447/447/447
f 448/448/448 449/449/449 450/450/450
f 451/451/451 452/452/452 453/453/453
f 454/454/454 455/455/455 456/456/456
f 457/457/457 458/458/458 459/459/459
f 460/460/460 461/461/461 462/462/462
f 463/463/463 464/464/464 465/465/465
f 466/466/466 467/467/467 468/468/468
f 469/469/469 470/470/470 471/471/471
f 472/472/472 473/473/473 474/474/474
f 475/475/475 476/476/476 477/477/477
f 478/478/478 479/479/479 480/480/480
f 481/481/481 482/482/482 483/483/483
f 484/484/484 485/485/485 486/486/486
f 487/487/487 488/488/488 489/489/489
f 490/490/490 491/491/491 492/492/492
f 493/493/493 494/494/494 495/495/495
f 496/496/496 497/497/497 498/498/498
f 499/499/499 500/500/500 501/501/501
f 502/502/502 503/503/503 504/504/504
f 505/505/505 506/506/506 507/507/507
f 508/508/508 509/509/509 510/510/510
f 511/511/511 512/512/512 513/513/513
f 514/514/514 515/515/515 516/516/516
f 517/517/517 518/518/518 519/519/519
f 520/520/520 521/521/521 522/522/522
f 523/523/523 524/524/524 525/525/525
f 526/526/526 527/527/527 528/528/528
f 529/529/529 530/530/530 531/531/531
f 532/532/532 533/533/533 534/534/534
f 535/535/535 536/536/536 537/537/537
f 538/538/538 539/539/539 540/540/540
f 541/541/541 542/542/542 543/543/543
f 544/544/544 545/545/545 546/546/546
f 547/547/547 548/548/548 549/549/549
f 550/550/550 551/551/551 552/552/552
f 553/553/553 554/554/554 555/555/555
f 556/556/556 557/557/557 558/558/558
f 559/559/559 560/560/560 561/561/561
f 562/562/562 563/563/563 564/564/564
f 565/565/565 566/566/566 567/567/567
f 568/568/568 569/569/569 570/570/570
f 571/571/571 572/572/572 573/573/573
f 574/574/574 575/575/575 576/576/576
f 577/577/577 578/578/578 579/579/579
f 580/580/580 581/581/581 582/582/582
f 583/583/583 584/584/584 585/585/585
f 586/586/586 587/587/587 588/588/588
f 589/589/589 590/590/590 591/591/591
f 592/592/592 593/593/593 594/594/594
f 595/595/595 596/596/596 597/597/597
f 598/598/598 599/599/599 600/600/600
f 601/601/601 602/602/602 603/603/603
f 604/604/604 605/605/605 606/606/606
f 607/607/607 608/608/608 609/609/609
f 610/610/610 611/611/611 612/612/612
f 613/613/613 614/614/614 615/615/615
f 616/616/616 617/617/617 618/618/618
f 619/619/619 620/620/620 621/621/621
f 622/622/622 623/623/623 624/624/624
f 625/625/625 626/626/626 627/627/627
f 628/628/628 629/629/629 630/630/630
f 631/631/631 632/632/632 633/633/633
f 634/634/634 635/635/635 636/636/636
f 637/637/637 638/638/638 639/639/639
f 640/640/640 641/641/641 642/642/642
f 643/643/643 644/644/644 645/645/645
f 646/646/646 647/647/647 648/648/648
f 649/649/649 650/650/650 651/651/651
f 652/652/652 653/653/653 654/654/654
f 655/655/655 656/656/656 657/657/657
f 658/658/658 659/659/659 660/660/660
f 661/661/661 662/662/662 663/663/663
f 664/664/664 665/665/665 666/666/666
f 667/667/667 668/668/668 669/669/669
f 670/670/670 671/671/671 672/672/672
f 673/673/673 674/674/674 675/675/675
f 676/676/676 677/677/677 678/678/678
f 679/679/679 680/680/680 681/681/681
f 682/682/682 683/683/683 684/684/684
f 685/685/685 686/686/686 687/687/687
f 688/688/688 689/689/689 690/690/690
f 691/691/691 692/692/692 693/693/693
f 694/694/694 695/695/695 696/696/696
f 697/697/697 698/698/698 699/699/699
f 700/700/700 701/701/701 702/702/702
f 703/703/703 704/704/704 705/705/705
f 706/706/706 707/707/707 708/708/708
f 709/709/709 710/710/710 711/711/711
f 712/712/712 713/713/713 714/714/714
f 715/715/715 716/716/716 717/717/717
f 718/718/718 719/719/719 720/720/720
f 721/721/721 722/722/722 723/723/723
f 724/724/724 725/725/725 726/726/726
f 727/727/727 728/728/728 729/729/729
f 730/730/730 731/731/731 732/732/732
f 733/733/733 734/734/734 735/735/735
f 736/736/736 737/737/737 738/738/738
f 739/739/739 740/740/740 741/741/741
f 742/742/742 743/743/743 744/744/744
f 745/745/745 746/746/746 747/747/747
f 748/748/748 749/749/749 750/750/750
f 751/751/751 752/752/752 753/753/753
f 754/754/754 755/755/755 756/756/756
f 757/757/757 758/758/758 759/759/759
f 760/760/760 761/761/761 762/762/762
f 763/763/763 764/764/764 765/765/765
f 766/766/766 767/767/767 768/768/768
f 769/769/769 770/770/770 771/771/771
f 772/772/772 773/773/773 774/774/774
f 775/775/775 776/776/776 777/777/777
f 778/778/778 779/779/779 780/780/780
f 781/781/781 782/782/782 783/783/783
f 784/784/784 785/785/785 786/786/786
f 787/787/787 788/788/788 789/789/789
f 790/790/790 791/791/791 792/792/792
f 793/793/793 794/794/794 795/795/795
f 796/796/796 797/797/797 798/798/798
f 799/799/799 800/800/800 801/801/801
f 802/802/802 803/803/803 804/804/804
f 805/805/805 806/806/806 807/807/807
f 808/808/808 809/809/809 810/810/810
f 811/811/811 812/812/812 813/813/813
f 814/814/814 815/815/815 816/816/816
f 817/817/817 818/818/818 819/819/819
f 820/820/820 821/821/821 822/822/822
f 823/823/823 824/824/824 825/825/825
f 826/826/826 827/827/827 828/828/828
f 829/829/829 830/830/830 831/831/831
f 832/832/832 833/833/833 834/834/834
f 835/835/835 836/836/836 837/837/837
f 838/838/838 839/839/839 840/840/840
f 841/841/841 842/842/842 843/843/843
f 844/844/844 845/845/845 846/846/846
f 847/847/847 848/848/848 849/849/849
f 850/850/850 851/851/851 852/852/852
f 853/853/853 854/854/854 855/855/855
f 856/856/856 857/857/857 858/858/858
f 859/859/859 860/860/860 861/861/861
f 862/862/862 863/863/863 864/864/864
f 865/865/865 866/866/866 867/867/867
f 868/868/868 869/869/869 870/870/870
f 871/871/871 872/872/872 873/873/873
f 874/874/874 875/875/875 876/876/876
f 877/877/877 878/878/878 879/879/879
f 880/880/880 881/881/881 882/882/882
f 883/883/883 884/884/884 885/885/885
f 886/886/886 887/887/887 888/888/888
f 889/889/889 890/890/890 891/891/891
f 892/892/892 893/893/893 894/894/894
f 895/895/895 896/896/896 897/897/897
f 898/898/898 899/899/899 900/900/900
f 901/901/901 902/902/902 903/903/903
f 904/904/904 905/905/905 906/906/906
f 907/907/907 908/908/908 909/909/909
f 910/910/910 911/911/911 912/912/912
f 913/913/913 914/914/914 915/915/915
f 916/916/916 917/917/917 918/918/918
f 919/919/919 920/920/920 921/921/921
f 922/922/922 923/923/923 924/924/924
f 925/925/925 926/926/926 927/927/927
f 928/928/928 929/929/929 930/930/930
f 931/931/931 932/932/932 933/933/933
f 934/934/934 935/935/935 936/936/936
f 937/937/937 938/938/938 939/939/939
f 940/940/940 941/941/941 942/942/942
f 943/943/943 944/944/944 945/945/945
f 946/946/946 947/947/947 948/948/948
f 949/949/949 950/950/950 951/951/951
f 952/952/952 953/953/953 954/954/954
f 955/955/955 956/956/956 957/957/957
f 958/958/958 959/959/959 960/960/960
f 961/961/961 962/962/962 963/963/963
f 964/964/964 965/965/965 966/966/966
f 967/967/967 968/968/968 969/969/969
f 970/970/970 971/971/971 972/972/972
f 973/973/973 974/974/974 975/975/975
f 976/976/976 977/977/977 978/978/978
f 979/979/979 980/980/980 981/981/981
f 982/982/982 983/983/983 984/984/984
f 985/985/985 986/986/986 987/987/987
f 988/988/988 989/989/989 990/990/990
f 991/991/991 992/992/992 993/993/993
f 994/994/994 995/995/995 996/996/996
f 997/997/997 998/998/998 999/999/999
f 1000/1000/1000 1001/1001/1001 1002/1002/1002
f 1003/1003/1003 1004/1004/1004 1005/1005/1005
f 1006/1006/1006 1007/1007/1007 1008/1008/1008
f 1009/1009/1009 1010/1010/1010 1011/1011/1011
f 1012/1012/1012 1013/1013/1013 1014/1014/1014
f 1015/1015/1015 1016/1016/1016 1017/1017/1017
f 1018/1018/1018 1019/1019/1019 1020/1020/1020
f 1021/1021/1021 1022/1022/1022 1023/1023/1023
f 1024/1024/1024 1025/1025/1025 1026/1026/1026
f 1027/1027/1027 1028/1028/1028 1029/1029/1029
f 1030/1030/1030 1031/1031/1031 1032/1032/1032
f 1033/1033/1033 1034/1034/1034 1035/1035/1035
f 1036/1036/1036 1037/1037/1037 1038/1038/1038
f 1039/1039/1039 1040/1040/1040 1041/1041/1041
f 1042/1042/1042 1043/1043/1043 1044/1044/1044
f 1045/1045/1045 1046/1046/1046 1047/1047/1047
f 1048/1048/1048 1049/1049/1049 1050/1050/1050
f 1051/1051/1051 1052/1052/1052 1053/1053/1053
f 1054/1054/1054 1055/1055/1055 1056/1056/1056
f 1057/1057/1057 1058/1058/1058 1059/1059/1059
f 1060/1060/1060 1061/1061/1061 1062/1062/1062
f 1063/1063/1063 1064/1064/1064 1065/1065/1065
f 1066/1066/1066 1067/1067/1067 1068/1068/1068
f 1069/1069/1069 1070/1070/1070 1071/1071/1071
f 1072/1072/1072 1073/1073/1073 1074/1074/1074
f 1075/1075/1075 1076/1076/1076 1077/1077/1077
f 1078/1078/1078 1079/1079/1079 1080/1080/1080
f 1081/1081/1081 1082/1082/1082 1083/1083/1083
f 1084/1084/1084 1085/1085/1085 1086/1086/1086
f 1087/1087/1087 1088/1088/1088 1089/1089/1089
f 1090/1090/1090 1091/1091/1091 1092/1092/1092
f 1093/1093/1093 1094/1094/1094 1095/1095/1095
f 1096/1096/1096 1097/1097/1097 1098/1098/1098
f 1099/1099/1099 1100/1100/1100 1101/1101/1101
f 1102/1102/1102 1103/1103/1103 1104/1104/1104
f 1105/1105/1105 1106/1106/1106 1107/1107/1107
f 1108/1108/1108 1109/1109/1109 1110/1110/1110
f 1111/1111/1111 1112/1112/1112 1113/1113/1113
f 1114/1114/1114 1115/1115/1115 1116/1116/1116
f 1117/1117/1117 1118/1118/1118 1119/1119/1119
f 1120/1120/1120 1121/1121/1121 1122/1122/1122
f 1123/1123/1123 1124/1124/1124 1125/1125/1125
f 1126/1126/1126 1127/1127/1127 1128/1128/1128
f 1129/1129/1129 1130/1130/1130 1131/1131/1131
f 1132/1132/1132 1133/1133/1133 1134/1134/1134
f 1135/1135/1135 1136/1136/1136 1137/1137/1137
f 1138/1138/1138 1139/1139/1139 1140/1140/1140
f 1141/1141/1141 1142/1142/1142 1143/1143/1143
f 1144/1144/1144 1145/1145/1145 1146/1146/1146
f 1147/1147/1147 1148/1148/1148 1149/1149/1149
f 1150/1150/1150 1151/1151/1151 1152/1152/1152
f 1153/1153/1153 1154/1154/1154 1155/1155/1155
f 1156/1156/1156 1157/1157/1157 1158/1158/1158
f 1159/1159/1159 1160/1160/1160 1161/1161/1161
f 1162/1162/1162 1163/1163/1163 1164/1164/1164
f 1165/1165/1165 1166/1166/1166 1167/1167/1167
f 1168/1168/1168 1169/1169/1169 1170/1170/1170
f 1171/1171/1171 1172/1172/1172 1173/1173/1173
f 1174/1174/1174 1175/1175/1175 1176/1176/1176
f 1177/1177/1177 1178/1178/1178 1179/1179/1179
f 1180/1180/1180 1181/1181/1181 1182/1182/1182
f 1183/1183/1183 1184/1184/1184 1185/1185/1185
f 1186/1186/1186 1187/1187/1187 1188/1188/1188
f 1189/1189/1189 1190/1190/1190 1191/1191/1191
f 1192/1192/1192 1193/1193/1193 1194/1194/1194
f 1195/1195/1195 1196/1196/1196 1197/1197/1197
f 1198/1198/1198 1199/1199/1199 1200/1200/1200
f 1201/1201/1201 1202/1202/1202 1203/1203/1203
f 1204/1204/1204 1205/1205/1205 1206/1206/1206
f 1207/1207/1207 1208/1208/1208 1209/1209/1209
f 1210/1210/1210 1211/1211/1211 1212/1212/1212
f 1213/1213/1213 1214/1214/1214 1215/1215/1215
f 1216/1216/1216 1217/1217/1217 1218/1218/1218
f 1219/1219/1219 1220/1220/1220 1221/1221/1221
f 1222/1222/1222 1223/1223/1223 1224/1224/1224
f 1225/1225/1225 1226/1226/1226 1227/1227/1227
f 1228/1228/1228 1229/1229/1229 1230/1230/1230
f 1231/1231/1231 1232/1232/1232 1233/1233/1233
f 1234/1234/1234 1235/1235/1235 1236/1236/1236
f 1237/1237/1237 1238/1238/1238 1239/1239/1239
f 1240/1240/1240 1241/1241/1241 1242/1242/1242
f 1243/1243/1243 1244/1244/1244 1245/1245/1245
f 1246/1246/1246 1247/1247/1247 1248/1248/1248
f 1249/1249/1249 1250/1250/1250 1251/1251/1251
f 1252/1252/1252 1253/1253/1253 1254/1254/1254
f 1255/1255/1255 1256/1256/1256 1257/1257/1257
f 1258/1258/1258 1259/1259/1259 1260/1260/1260
f 1261/1261/1261 1262/1262/1262 1263/1263/1263
f 1264/1264/1264 1265/1265/1265 1266/1266/1266
f 1267/1267/1267 1268/1268/1268 1269/1269/1269
f 1270/1270/1270 1271/1271/1271 1272/1272/1272
f 1273/1273/1273 1274/1274/1274 1275/1275/1275
f 1276/1276/1276 1277/1277/1277 1278/1278/1278
f 1279/1279/1279 1280/1280/1280 1281/1281/1281
f 1282/1282/1282 1283/1283/1283 1284/1284/1284
f 1285/1285/1285 1286/1286/1286 1287/1287/1287
f 1288/1288/1288 1289/1289/1289 1290/1290/1290
f 1291/1291/1291 1292/1292/1292 1293/1293/1293
f 1294/1294/1294 1295/1295/1295 1296/1296/1296
f 1297/1297/1297 1298/1298/1298 1299/1299/1299
f 1300/1300/1300 1301/1301/1301 1302/1302/1302
f 1303/1303/1303 1304/1304/1304 1305/1305/1305
f 1306/1306/1306 1307/1307/1307 1308/1308/1308
f 1309/1309/1309 1310/1310/1310 1311/1311/1311
f 1312/1312/1312 1313/1313/1313 1314/1314/1314
f 1315/1315/1315 1316/1316/1316 1317/1317/1317
f 1318/1318/1318 1319/1319/1319 1320/1320/1320
f 1321/1321/1321 1322/1322/1322 1323/1323/1323
f 1324/1324/1324 1325/1325/1325 1326/1326/1326
f 1327/1327/1327 1328/1328/1328 1329/1329/1329
f 1330/1330/1330 1331/1331/1331 1332/1332/1332
f 1333/1333/1333 1334/1334/1334 1335/1335/1335
f 1336/1336/1336 1337/1337/1337 1338/1338/1338
f 1339/1339/1339 1340/1340/1340 1341/1341/1341
f 1342/1342/1342 1343/1343/1343 1344/1344/1344
f 1345/1345/1345 1346/1346/1346 1347/1347/1347
f 1348/1348/1348 1349/1349/1349 1350/1350/1350
f 1351/1351/1351 1352/1352/1352 1353/1353/1353
f 1354/1354/1354 1355/1355/1355 1356/1356/1356
f 1357/1357/1357 1358/1358/1358 1359/1359/1359
f 1360/1360/1360 1361/1361/1361 1362/1362/1362
f 1363/1363/1363 1364/1364/1364 1365/1365/1365
f 1366/1366/1366 1367/1367/1367 1368/1368/1368
f 1369/1369/1369 1370/1370/1370 1371/1371/1371
f 1372/1372/1372 1373/1373/1373 1374/1374/1374
f 1375/1375/1375 1376/1376/1376 1377/1377/1377
f 1378/1378/1378 1379/1379/1379 1380/1380/1380
f 1381/1381/1381 1382/1382/1382 1383/1383/1383
f 1384/1384/1384 1385/1385/1385 1386/1386/1386
f 1387/1387/1387 1388/1388/1388 1389/1389/1389
f 1390/1390/1390 1391/1391/1391 1392/1392/1392
f 1393/1393/1393 1394/1394/1394 1395/1395/1395
f 1396/1396/1396 1397/1397/1397 1398/1398/1398
f 1399/1399/1399 1400/1400/1400 1401/1401/1401
f 1402/1402/1402 1403/1403/1403 1404/1404/1404
f 1405/1405/1405 1406/1406/1406 1407/1407/1407
f 1408/1408/1408 1409/1409/1409 1410/1410/1410
f 1411/1411/1411 1412/1412/1412 1413/1413/1413
f 1414/1414/1414 1415/1415/1415 1416/1416/1416
f 1417/1417/1417 1418/1418/1418 1419/1419/1419
f 1420/1420/1420 1421/1421/1421 1422/1422/1422
f 1423/1423/1423 1424/1424/1424 1425/1425/1425
f 1426/1426/1426 1427/1427/1427 1428/1428/1428
f 1429/1429/1429 1430/1430/1430 1431/1431/1431
f 1432/1432/1432 1433/1433/1433 1434/1434/1434
f 1435/1435/1435 1436/1436/1436 1437/1437/1437
f 1438/1438/1438 1439/1439/1439 1440/1440/1440
f 1441/1441/1441 1442/1442/1442 1443/1443/1443
f 1444/1444/1444 1445/1445/1445 1446/1446/1446
f 1447/1447/1447 1448/1448/1448 1449/1449/1449
f 1450/1450/1450 1451/1451/1451 1452/1452/1452
f 1453/1453/1453 1454/1454/1454 1455/1455/1455
f 1456/1456/1456 1457/1457/1457 1458/1458/1458
f 1459/1459/1459 1460/1460/1460 1461/1461/1461
f 1462/1462/1462 1463/1463/1463 1464/1464/1464
f 1465/1465/1465 1466/1466/1466 1467/1467/1467
f 1468/1468/1468 1469/1469/1469 1470/1470/1470
f 1471/1471/1471 1472/1472/1472 1473/1473/1473
f 1474/1474/1474 1475/1475/1475 1476/1476/1476
f 1477/1477/1477 1478/1478/1478 1479/1479/1479
f 1480/1480/1480 1481/1481/1481 1482/1482/1482
f 1483/1483/1483 1484/1484/1484 1485/1485/1485
f 1486/1486/1486 1487/1487/1487 1488/1488/1488
f 1489/1489/1489 1490/1490/1490 1491/1491/1491
f 1492/1492/1492 1493/1493/1493 1494/1494/1494
f 1495/1495/1495 1496/1496/1496 1497/1497/1497
f 1498/1498/1498 1499/1499/1499 1500/1500/1500
f 1501/1501/1501 1502/1502/1502 1503/1503/1503
f 1504/1504/1504 1505/1505/1505 1506/1506/1506
f 1507/1507/1507 1508/1508/1508 1509/1509/1509
f 1510/1510/1510 1511/1511/1511 1512/1512/1512
f 1513/1513/1513 1514/1514/1514 1515/1515/1515
f 1516/1516/1516 1517/1517/1517 1518/1518/1518
f 1519/1519/1519 1520/1520/1520 1521/1521/1521
f 1522/1522/1522 1523/1523/1523 1524/1524/1524
f 1525/1525/1525 1526/1526/1526 1527/1527/1527
f 1528/1528/1528 1529/1529/1529 1530/1530/1530
f 1531/1531/1531 1532/1532/1532 1533/1533/1533
f 1534/1534/1534 1535/1535/1535 1536/1536/1536
f 1537/1537/1537 1538/1538/1538 1539/1539/1539
f 1540/1540/1540 1541/1541/1541 1542/1542/1542
f 1543/1543/1543 1544/1544/1544 1545/1545/1545
f 1546/1546/1546 1547/1547/1547 1548/1548/1548
f 1549/1549/1549 1550/1550/1550 1551/1551/1551
f 1552/1552/1552 1553/1553/1553 1554/1554/1554
f 1555/1555/1555 1556/1556/1556 1557/1557/1557
f 1558/1558/1558 1559/1559/1559 1560/1560/1560
f 1561/1561/1561 1562/1562/1562 1563/1563/1563
f 1564/1564/1564 1565/1565/1565 1566/1566/1566
f 1567/1567/1567 1568/1568/1568 1569/1569/1569
f 1570/1570/1570 1571/1571/1571 1572/1572/1572
f 1573/1573/1573 1574/1574/1574 1575/1575/1575
f 1576/1576/1576 1577/1577/1577 1578/1578/1578
f 1579/1579/1579 1580/1580/1580 1581/1581/1581
f 1582/1582/1582 1583/1583/1583 1584/1584/1584
f 1585/1585/1585 1586/1586/1586 1587/1587/1587
f 1588/1588/1588 1589/1589/1589 1590/1590/1590
f 1591/1591/1591 1592/1592/1592 1593/1593/1593
f 1594/1594/1594 1595/1595/1595 1596/1596/1596
f 1597/1597/1597 1598/1598/1598 1599/1599/1599
f 1600/1600/1600 1601/1601/1601 1602/1602/1602
f 1603/1603/1603 1604/1604/1604 1605/1605/1605
f 1606/1606/1606 1607/1607/1607 1608/1608/1608
f 1609/1609/1609 1610/1610/1610 1611/1611/1611
f 1612/1612/1612 1613/1613/1613 1614/1614/1614
f 1615/1615/1615 1616/1616/1616 1617/1617/1617
f 1618/1618/1618 1619/1619/1619 1620/1620/1620
f 1621/1621/1621 1622/1622/1622 1623/1623/1623
f 1624/1624/1624 1625/1625/1625 1626/1626/1626
f 1627/1627/1627 1628/1628/1628 1629/1629/1629
f 1630/1630/1630 1631/1631/1631 1632/1632/1632
f 1633/1633/1633 1634/1634/1634 1635/1635/1635
f 1636/1636/1636 1637/1637/1637 1638/1638/1638
f 1639/1639/1639 1640/1640/1640 1641/1641/1641
f 1642/1642/1642 1643/1643/1643 1644/1644/1644
f 1645/1645/1645 1646/1646/1646 1647/1647/1647
f 1648/1648/1648 1649/1649/1649 1650/1650/1650
f 1651/1651/1651 1652/1652/1652 1653/1653/1653
f 1654/1654/1654 1655/1655/1655 1656/1656/1656
f 1657/1657/1657 1658/1658/1658 1659/1659/1659
f 1660/1660/1660 1661/1661/1661 1662/1662/1662
f 1663/1663/1663 1664/1664/1664 1665/1665/1665
f 1666/1666/1666 1667/1667/1667 1668/1668/1668
f 1669/1669/1669 1670/1670/1670 1671/1671/1671
f 1672/1672/1672 1673/1673/1673 1674/1674/1674
f 1675/1675/1675 1676/1676/1676 1677/1677/1677
f 1678/1678/1678 1679/1679/1679 1680/1680/1680
f 1681/1681/1681 1682/1682/1682 1683/1683/1683
f 1684/1684/1684 1685/1685/1685 1686/1686/1686
f 1687/1687/1687 1688/1688/1688 1689/1689/1689
f 1690/1690/1690 1691/1691/1691 1692/1692/1692
f 1693/1693/1693 1694/1694/1694 1695/1695/1695
f 1696/1696/1696 1697/1697/1697 1698/1698/1698
f 1699/1699/1699 1700/1700/1700 1701/1701/1701
f 1702/1702/1702 1703/1703/1703 1704/1704/1704
f 1705/1705/1705 1706/1706/1706 1707/1707/1707
f 1708/1708/1708 1709/1709/1709 1710/1710/1710
f 1711/1711/1711 1712/1712/1712 1713/1713/1713
f 1714/1714/1714 1715/1715/1715 1716/1716/1716
f 1717/1717/1717 1718/1718/1718 1719/1719/1719
f 1720/1720/1720 1721/1721/1721 1722/1722/1722
f 1723/1723/1723 1724/1724/1724 1725/1725/1725
f 1726/1726/1726 1727/1727/1727 1728/1728/1728
f 1729/1729/1729 1730/1730/1730 1731/1731/1731
f 1732/1732/1732 1733/1733/1733 1734/1734/1734
f 1735/1735/1735 1736/1736/1736 1737/1737/1737
f 1738/1738/1738 1739/1739/1739 1740/1740/1740
f 1741/1741/1741 1742/1742/1742 1743/1743/1743
f 1744/1744/1744 1745/1745/1745 1746/1746/1746
f 1747/1747/1747 1748/1748/1748 1749/1749/1749
f 1750/1750/1750 1751/1751/1751 1752/1752/1752
f 1753/1753/1753 1754/1754/1754 1755/1755/1755
f 1756/1756/1756 1757/1757/1757 1758/1758/1758
f 1759/1759/1759 1760/1760/1760 1761/1761/1761
f 1762/1762/1762 1763/1763/1763 1764/1764/1764
f 1765/1765/1765 1766/1766/1766 1767/1767/1767
f 1768/1768/1768 1769/1769/1769 1770/1770/1770
f 1771/1771/1771 1772/1772/1772 1773/1773/1773
f 1774/1774/1774 1775/1775/1775 1776/1776/1776
f 1777/1777/1777 1778/1778/1778 1779/1779/1779
f 1780/1780/1780 1781/1781/1781 1782/1782/1782
f 1783/1783/1783 1784/1784/1784 1785/1785/1785
f 1786/1786/1786 1787/1787/1787 1788/1788/1788
f 1789/1789/1789 1790/1790/1790 1791/1791/1791
f 1792/1792/1792 1793/1793/1793 1794/1794/1794
f 1795/1795/1795 1796/1796/1796 1797/1797/1797
f 1798/1798/1798 1799/1799/1799 1800/1800/1800
f 1801/1801/1801 1802/1802/1802 1803/1803/1803
f 1804/1804/1804 1805/1805/1805 1806/1806/1806
f 1807/1807/1807 1808/1808/1808 1809/1809/1809
f 1810/1810/1810 1811/1811/1811 1812/1812/1812
f 1813/1813/1813 1814/1814/1814 1815/1815/1815
f 1816/1816/1816 1817/1817/1817 1818/1818/1818
f 1819/1819/1819 1820/1820/1820 1821/1821/1821
f 1822/1822/1822 1823/1823/1823 1824/1824/1824
f 1825/1825/1825 1826/1826/1826 1827/1827/1827
f 1828/1828/1828 1829/1829/1829 1830/1830/1830
f 1831/1831/1831 1832/1832/1832 1833/1833/1833
f 1834/1834/1834 1835/1835/1835 1836/1836/1836
f 1837/1837/1837 1838/1838/1838 1839/1839/1839
f 1840/1840/1840 1841/1841/1841 1842/1842/1842
f 1843/1843/1843 1844/1844/1844 1845/1845/1845
f 1846/1846/1846 1847/1847/1847 1848/1848/1848
f 1849/1849/1849 1850/1850/1850 1851/1851/1851
f 1852/1852/1852 1853/1853/1853 1854/1854/1854
f 1855/1855/1855 1856/1856/1856 1857/1857/1857
f 1858/1858/1858 1859/1859/1859 1860/1860/1860
f 1861/1861/1861 1862/1862/1862 1863/1863/1863
f 1864/1864/1864 1865/1865/1865 1866/1866/1866
f 1867/1867/1867 1868/1868/1868 1869/1869/1869
f 1870/1870/1870 1871/1871/1871 1872/1872/1872
f 1873/1873/1873 1874/1874/1874 1875/1875/1875
f 1876/1876/1876 1877/1877/1877 1878/1878/1878
f 1879/1879/1879 1880/1880/1880 1881/1881/1881
f 1882/1882/1882 1883/1883/1883 1884/1884/1884
f 1885/1885/1885 1886/1886/1886 1887/1887/1887
f 1888/1888/1888 1889/1889/1889 1890/1890/1890
f 1891/1891/1891 1892/1892/1892 1893/1893/1893
f 1894/1894/1894 1895/1895/1895 1896/1896/1896
f 1897/1897/1897 1898/1898/1898 1899/1899/1899
f 1900/1900/1900 1901/1901/1901 1902/1902/1902
f 1903/1903/1903 1904/1904/1904 1905/1905/1905
f 1906/1906/1906 1907/1907/1907 1908/1908/1908
f 1909/1909/1909 1910/1910/1910 1911/1911/1911
f 1912/1912/1912 1913/1913/1913 1914/1914/1914
f 1915/1915/1915 1916/1916/1916 1917/1917/1917
f 1918/1918/1918 1919/1919/1919 1920/1920/1920
f 1921/1921/1921 1922/1922/1922 1923/1923/1923
f 1924/1924/1924 1925/1925/1925 1926/1926/1926
f 1927/1927/1927 1928/1928/1928 1929/1929/1929
f 1930/1930/1930 1931/1931/1931 1932/1932/1932
f 1933/1933/1933 1934/1934/1934 1935/1935/1935
f 1936/1936/1936 1937/1937/1937 1938/1938/1938
f 1939/1939/1939 1940/1940/1940 1941/1941/1941
f 1942/1942/1942 1943/1943/1943 1944/1944/1944
f 1945/1945/1945 1946/1946/1946 1947/1947/1947
f 1948/1948/1948 1949/1949/1949 1950/1950/1950
f 1951/1951/1951 1952/1952/1952 1953/1953/1953
f 1954/1954/1954 1955/1955/1955 1956/1956/1956
f 1957/1957/1957 1958/1958/1958 1959/1959/1959
f 1960/1960/1960 1961/1961/1961 1962/1962/1962
f 1963/1963/1963 1964/1964/1964 1965/1965/1965
f 1966/1966/1966 1967/1967/1967 1968/1968/1968
f 1969/1969/1969 1970/1970/1970 1971/1971/1971
f 1972/1972/1972 1973/1973/1973 1974/1974/1974
f 1975/1975/1975 1976/1976/1976 1977/1977/1977
f 1978/1978/1978 1979/1979/1979 1980/1980/1980
f 1981/1981/1981 1982/1982/1982 1983/1983/1983
f 1984/1984/1984 1985/1985/1985 1986/1986/1986
f 1987/1987/1987 1988/1988/1988 1989/1989/1989
f 1990/1990/1990 1991/1991/1991 1992/1992/1992
f 1993/1993/1993 1994/1994/1994 1995/1995/1995
f 1996/1996/1996 1997/1997/1997 1998/1998/1998
f 1999/1999/1999 2000/2000/2000 2001/2001/2001
f 2002/2002/2002 2003/2003/2003 2004/2004/2004
f 2005/2005/2005 2006/2006/2006 2007/2007/2007
f 2008/2008/2008 2009/2009/2009 2010/2010/2010
f 2011/2011/2011 2012/2012/2012 2013/2013/2013
f 2014/2014/2014 2015/2015/2015 2016/2016/2016
f 2017/2017/2017 2018/2018/2018 2019/2019/2019
f 2020/2020/2020 2021/2021/2021 2022/2022/2022
f 2023/2023/2023 2024/2024/2024 2025/2025/2025
f 2026/2026/2026 2027/2027/2027 2028/2028/2028
f 2029/2029/2029 2030/2030/2030 2031/2031/2031
f 2032/2032/2032 2033/2033/2033 2034/2034/2034
f 2035/2035/2035 2036/2036/2036 2037/2037/2037
f 2038/2038/2038 2039/2039/2039 2040/2040/2040
f 2041/2041/2041 2042/2042/2042 2043/2043/2043
f 2044/2044/2044 2045/2045/2045 2046/2046/2046
f 2047/2047/2047 2048/2048/2048 2049/2049/2049
f 2050/2050/2050 2051/2051/2051 2052/2052/2052
f 2053/2053/2053 2054/2054/2054 2055/2055/2055
f 2056/2056/2056 2057/2057/2057 2058/2058/2058
f 2059/2059/2059 2060/2060/2060 2061/2061/2061
f 2062/2062/2062 2063/2063/2063 2064/2064/2064
f 2065/2065/2065 2066/2066/2066 2067/2067/2067
f 2068/2068/2068 2069/2069/2069 2070/2070/2070
f 2071/2071/2071 2072/2072/2072 2073/2073/2073
f 2074/2074/2074 2075/2075/2075 2076/2076/2076
f 2077/2077/2077 2078/2078/2078 2079/2079/2079
f 2080/2080/2080 2081/2081/2081 2082/2082/2082
f 2083/2083/2083 2084/2084/2084 2085/2085/2085
f 2086/2086/2086 2087/2087/2087 2088/2088/2088
f 2089/2089/2089 2090/2090/2090 2091/2091/2091
f 2092/2092/2092 2093/2093/2093 2094/2094/2094
f 2095/2095/2095 2096/2096/2096 2097/2097/2097
f 2098/2098/2098 2099/2099/2099 2100/2100/2100
f 2101/2101/2101 2102/2102/2102 2103/2103/2103
f 2104/2104/2104 2105/2105/2105 2106/2106/2106
f 2107/2107/2107 2108/2108/2108 2109/2109/2109
f 2110/2110/2110 2111/2111/2111 2112/2112/2112
f 2113/2113/2113 2114/2114/2114 2115/2115/2115
f 2116/2116/2116 2117/2117/2117 2118/2118/2118
f 2119/2119/2119 2120/2120/2120 2121/2121/2121
f 2122/2122/2122 2123/2123/2123 2124/2124/2124
f 2125/2125/2125 2126/2126/2126 2127/2127/2127
f 2128/2128/2128 2129/2129/2129 2130/2130/2130
f 2131/2131/2131 2132/2132/2132 2133/2133/2133
f 2134/2134/2134 2135/2135/2135 2136/2136/2136
f 2137/2137/2137 2138/2138/2138 2139/2139/2139
f 2140/2140/2140 2141/2141/2141 2142/2142/2142
f 2143/2143/2143 2144/2144/2144 2145/2145/2145
f 2146/2146/2146 2147/2147/2147 2148/2148/2148
f 2149/2149/2149 2150/2150/2150 2151/2151/2151
f 2152/2152/2152 2153/2153/2153 2154/2154/2154
f 2155/2155/2155 2156/2156/2156 2157/2157/2157
f 2158/2158/2158 2159/2159/2159 2160/2160/2160
f 2161/2161/2161 2162/2162/2162 2163/2163/2163
f 2164/2164/2164 2165/2165/2165 2166/2166/2166
f 2167/2167/2167 2168/2168/2168 2169/2169/2169
f 2170/2170/2170 2171/2171/2171 2172/2172/2172
f 2173/2173/2173 2174/2174/2174 2175/2175/2175
f 2176/2176/2176 2177/2177/2177 2178/2178/2178
f 2179/2179/2179 2180/2180/2180 2181/2181/2181
f 2182/2182/2182 2183/2183/2183 2184/2184/2184
f 2185/2185/2185 2186/2186/2186 2187/2187/2187
f 2188/2188/2188 2189/2189/2189 2190/2190/2190
f 2191/2191/2191 2192/2192/2192 2193/2193/2193
f 2194/2194/2194 2195/2195/2195 2196/2196/2196
f 2197/2197/2197 2198/2198/2198 2199/2199/2199
f 2200/2200/2200 2201/2201/2201 2202/2202/2202
f 2203/2203/2203 2204/2204/2204 2205/2205/2205
f 2206/2206/2206 2207/2207/2207 2208/2208/2208
f 2209/2209/2209 2210/2210/2210 2211/2211/2211
f 2212/2212/2212 2213/2213/2213 2214/2214/2214
f 2215/2215/2215 2216/2216/2216 2217/2217/2217
f 2218/2218/2218 2219/2219/2219 2220/2220/2220
f 2221/2221/2221 2222/2222/2222 2223/2223/2223
f 2224/2224/2224 2225/2225/2225 2226/2226/2226
f 2227/2227/2227 2228/2228/2228 2229/2229/2229
f 2230/2230/2230 2231/2231/2231 2232/2232/2232
f 2233/2233/2233 2234/2234/2234 2235/2235/2235
f 2236/2236/2236 2237/2237/2237 2238/2238/2238
f 2239/2239/2239 2240/2240/2240 2241/2241/2241
f 2242/2242/2242 2243/2243/2243 2244/2244/2244
f 2245/2245/2245 2246/2246/2246 2247/2247/2247
f 2248/2248/2248 2249/2249/2249 2250/2250/2250
f 2251/2251/2251 2252/2252/2252 2253/2253/2253
f 2254/2254/2254 2255/2255/2255 2256/2256/2256
f 2257/2257/2257 2258/2258/2258 2259/2259/2259
f 2260/2260/2260 2261/2261/2261 2262/2262/2262
f 2263/2263/2263 2264/2264/2264 2265/2265/2265
f 2266/2266/2266 2267/2267/2267 2268/2268/2268
f 2269/2269/2269 2270/2270/2270 2271/2271/2271
f 2272/2272/2272 2273/2273/2273 2274/2274/2274
f 2275/2275/2275 2276/2276/2276 2277/2277/2277
f 2278/2278/2278 2279/2279/2279 2280/2280/2280
f 2281/2281/2281 2282/2282/2282 2283/2283/2283
f 2284/2284/2284 2285/2285/2285 2286/2286/2286
f 2287/2287/2287 2288/2288/2288 2289/2289/2289
f 2290/2290/2290 2291/2291/2291 2292/2292/2292
f 2293/2293/2293 2294/2294/2294 2295/2295/2295
f 2296/2296/2296 2297/2297/2297 2298/2298/2298
f 2299/2299/2299 2300/2300/2300 2301/2301/2301
f 2302/2302/2302 2303/2303/2303 2304/2304/2304
f 2305/2305/2305 2306/2306/2306 2307/2307/2307
f 2308/2308/2308 2309/2309/2309 2310/2310/2310
f 2311/2311/2311 2312/2312/2312 2313/2313/2313
f 2314/2314/2314 2315/2315/2315 2316/2316/2316
f 2317/2317/2317 2318/2318/2318 2319/2319/2319
f 2320/2320/2320 2321/2321/2321 2322/2322/2322
f 2323/2323/2323 2324/2324/2324 2325/2325/2325
f 2326/2326/2326 2327/2327/2327 2328/2328/2328
f 2329/2329/2329 2330/2330/2330 2331/2331/2331
f 2332/2332/2332 2333/2333/2333 2334/2334/2334
f 2335/2335/2335 2336/2336/2336 2337/2337/2337
f 2338/2338/2338 2339/2339/2339 2340/2340/2340
f 2341/2341/2341 2342/2342/2342 2343/2343/2343
f 2344/2344/2344 2345/2345/2345 2346/2346/2346
f 2347/2347/2347 2348/2348/2348 2349/2349/2349
f 2350/2350/2350 2351/2351/2351 2352/2352/2352
f 2353/2353/2353 2354/2354/2354 2355/2355/2355
f 2356/2356/2356 2357/2357/2357 2358/2358/2358
f 2359/2359/2359 2360/2360/2360 2361/2361/2361
f 2362/2362/2362 2363/2363/2363 2364/2364/2364
f 2365/2365/2365 2366/2366/2366 2367/2367/2367
f 2368/2368/2368 2369/2369/2369 2370/2370/2370
f 2371/2371/2371 2372/2372/2372 2373/2373/2373
f 2374/2374/2374 2375/2375/2375 2376/2376/2376
f 2377/2377/2377 2378/2378/2378 2379/2379/2379
f 2380/2380/2380 2381/2381/2381 2382/2382/2382
f 2383/2383/2383 2384/2384/2384 2385/2385/2385
f 2386/2386/2386 2387/2387/2387 2388/2388/2388
f 2389/2389/2389 2390/2390/2390 2391/2391/2391
f 2392/2392/2392 2393/2393/2393 2394/2394/2394
f 2395/2395/2395 2396/2396/2396 2397/2397/2397
f 2398/2398/2398 2399/2399/2399 2400/2400/2400
f 2401/2401/2401 2402/2402/2402 2403/2403/2403
f 2404/2404/2404 2405/2405/2405 2406/2406/2406
f 2407/2407/2407 2408/2408/2408 2409/2409/2409
f 2410/2410/2410 2411/2411/2411 2412/2412/2412
f 2413/2413/2413 2414/2414/2414 2415/2415/2415
f 2416/2416/2416 2417/2417/2417 2418/2418/2418
f 2419/2419/2419 2420/2420/2420 2421/2421/2421
f 2422/2422/2422 2423/2423/2423 2424/2424/2424
f 2425/2425/2425 2426/2426/2426 2427/2427/2427
f 2428/2428/2428 2429/2429/2429 2430/2430/2430
f 2431/2431/2431 2432/2432/2432 2433/2433/2433
f 2434/2434/2434 2435/2435/2435 2436/2436/2436
f 2437/2437/2437 2438/2438/2438 2439/2439/2439
f 2440/2440/2440 2441/2441/2441 2442/2442/2442
f 2443/2443/2443 2444/2444/2444 2445/2445/2445
f 2446/2446/2446 2447/2447/2447 2448/2448/2448
f 2449/2449/2449 2450/2450/2450 2451/2451/2451
f 2452/2452/2452 2453/2453/2453 2454/2454/2454
f 2455/2455/2455 2456/2456/2456 2457/2457/2457
f 2458/2458/2458 2459/2459/2459 2460/2460/2460
f 2461/2461/2461 2462/2462/2462 2463/2463/2463
f 2464/2464/2464 2465/2465/2465 2466/2466/2466
f 2467/2467/2467 2468/2468/2468 2469/2469/2469
f 2470/2470/2470 2471/2471/2471 2472/2472/2472
f 2473/2473/2473 2474/2474/2474 2475/2475/2475
f 2476/2476/2476 2477/2477/2477 2478/2478/2478
f 2479/2479/2479 2480/2480/2480 2481/2481/2481
f 2482/2482/2482 2483/2483/2483 2484/2484/2484
f 2485/2485/2485 2486/2486/2486 2487/2487/2487
f 2488/2488/2488 2489/2489/2489 2490/2490/2490
f 2491/2491/2491 2492/2492/2492 2493/2493/2493
f 2494/2494/2494 2495/2495/2495 2496/2496/2496
f 2497/2497/2497 2498/2498/2498 2499/2499/2499
f 2500/2500/2500 2501/2501/2501 2502/2502/2502
f 2503/2503/2503 2504/2504/2504 2505/2505/2505
f 2506/2506/2506 2507/2507/2507 2508/2508/2508
f 2509/2509/2509 2510/2510/2510 2511/2511/2511
f 2512/2512/2512 2513/2513/2513 2514/2514/2514
f 2515/2515/2515 2516/2516/2516 2517/2517/2517
f 2518/2518/2518 2519/2519/2519 2520/2520/2520
f 2521/2521/2521 2522/2522/2522 2523/2523/2523
f 2524/2524/2524 2525/2525/2525 2526/2526/2526
f 2527/2527/2527 2528/2528/2528 2529/2529/2529
f 2530/2530/2530 2531/2531/2531 2532/2532/2532
f 2533/2533/2533 2534/2534/2534 2535/2535/2535
f 2536/2536/2536 2537/2537/2537 2538/2538/2538
f 2539/2539/2539 2540/2540/2540 2541/2541/2541
f 2542/2542/2542 2543/2543/2543 2544/2544/2544
f 2545/2545/2545 2546/2546/2546 2547/2547/2547
f 2548/2548/2548 2549/2549/2549 2550/2550/2550
f 2551/2551/2551 2552/2552/2552 2553/2553/2553
f 2554/2554/2554 2555/2555/2555 2556/2556/2556
f 2557/2557/2557 2558/2558/2558 2559/2559/2559
f 2560/2560/2560 2561/2561/2561 2562/2562/2562
f 2563/2563/2563 2564/2564/2564 2565/2565/2565
f 2566/2566/2566 2567/2567/2567 2568/2568/2568
f 2569/2569/2569 2570/2570/2570 2571/2571/2571
f 2572/2572/2572 2573/2573/2573 2574/2574/2574
f 2575/2575/2575 2576/2576/2576 2577/2577/2577
f 2578/2578/2578 2579/2579/2579 2580/2580/2580
f 2581/2581/2581 2582/2582/2582 2583/2583/2583
f 2584/2584/2584 2585/2585/2585 2586/2586/2586
f 2587/2587/2587 2588/2588/2588 2589/2589/2589
f 2590/2590/2590 2591/2591/2591 2592/2592/2592
f 2593/2593/2593 2594/2594/2594 2595/2595/2595
f 2596/2596/2596 2597/2597/2597 2598/2598/2598
f 2599/2599/2599 2600/2600/2600 2601/2601/2601
f 2602/2602/2602 2603/2603/2603 2604/2604/2604
f 2605/2605/2605 2606/2606/2606 2607/2607/2607
f 2608/2608/2608 2609/2609/2609 2610/2610/2610
f 2611/2611/2611 2612/2612/2612 2613/2613/2613
f 2614/2614/2614 2615/2615/2615 2616/2616/2616
